frame, face_id, timestamp, confidence, success, AU01_r, AU02_r, AU04_r, AU05_r, AU06_r, AU07_r, AU09_r, AU10_r, AU12_r, AU14_r, AU15_r, AU17_r, AU20_r, AU23_r, AU25_r, AU26_r, AU45_r, AU01_c, AU02_c, AU04_c, AU05_c, AU06_c, AU07_c, AU09_c, AU10_c, AU12_c, AU14_c, AU15_c, AU17_c, AU20_c, AU23_c, AU25_c, AU26_c, AU28_c, AU45_c
1,  0,  0.000,  0.98,  1, 0.41, 0.90, 1.48, 0.46, 0.00, 0.00, 0.00, 1.19, 0.44, 1.58, 0.00, 0.09, 0.00, 0.10, 0.77, 0.88, 0.00, 0.00, 1.00, 1.00, 0.00, 0.00, 0.00, 0.00, 1.00, 0.00, 1.00, 0.00, 0.00, 0.00, 0.00, 1.00, 1.00, 0.00, 0.00
2,  0,  0.034,  0.98,  1, 0.28, 0.79, 1.49, 0.33, 0.00, 0.00, 0.00, 1.30, 0.45, 1.46, 0.09, 0.05, 0.00, 0.11, 0.78, 0.89, 0.00, 0.00, 1.00, 1.00, 0.00, 0.00, 0.00, 0.00, 1.00, 0.00, 1.00, 0.00, 0.00, 0.00, 0.00, 1.00, 1.00, 0.00, 0.00
3,  0,  0.067,  0.98,  1, 0.25, 0.87, 1.53, 0.31, 0.00, 0.00, 0.00, 1.36, 0.47, 1.40, 0.09, 0.03, 0.00, 0.08, 0.72, 0.91, 0.00, 0.00, 1.00, 1.00, 0.00, 0.00, 0.00, 0.00, 0.00, 0.00, 1.00, 0.00, 0.00, 0.00, 0.00, 0.00, 1.00, 0.00, 0.00
4,  0,  0.101,  0.98,  1, 0.24, 0.72, 1.49, 0.21, 0.00, 0.00, 0.00, 1.30, 0.49, 1.35, 0.09, 0.02, 0.00, 0.02, 0.61, 1.02, 0.00, 0.00, 1.00, 1.00, 0.00, 0.00, 0.00, 0.00, 1.00, 0.00, 1.00, 0.00, 0.00, 0.00, 0.00, 1.00, 1.00, 0.00, 0.00
5,  0,  0.134,  0.98,  1, 0.23, 0.77, 1.53, 0.13, 0.00, 0.00, 0.00, 1.26, 0.41, 1.33, 0.00, 0.00, 0.00, 0.00, 0.51, 0.93, 0.00, 0.00, 1.00, 1.00, 0.00, 0.00, 0.00, 0.00, 1.00, 0.00, 1.00, 0.00, 0.00, 0.00, 0.00, 1.00, 1.00, 0.00, 0.00
6,  0,  0.168,  0.98,  1, 0.17, 0.57, 1.61, 0.00, 0.00, 0.00, 0.00, 1.22, 0.41, 1.33, 0.00, 0.05, 0.00, 0.00, 0.53, 0.98, 0.00, 0.00, 1.00, 1.00, 0.00, 0.00, 0.00, 0.00, 1.00, 0.00, 1.00, 0.00, 0.00, 0.00, 0.00, 1.00, 1.00, 0.00, 0.00
7,  0,  0.202,  0.98,  1, 0.22, 0.64, 1.70, 0.00, 0.00, 0.00, 0.00, 1.23, 0.39, 1.27, 0.00, 0.14, 0.00, 0.00, 0.61, 0.97, 0.00, 0.00, 1.00, 1.00, 0.00, 0.00, 0.00, 0.00, 1.00, 0.00, 1.00, 0.00, 0.00, 0.00, 0.00, 1.00, 1.00, 0.00, 0.00
8,  0,  0.235,  0.98,  1, 0.23, 0.56, 1.70, 0.00, 0.00, 0.00, 0.00, 1.18, 0.37, 1.29, 0.01, 0.22, 0.00, 0.00, 0.71, 1.02, 0.00, 0.00, 1.00, 1.00, 0.00, 0.00, 0.00, 0.00, 1.00, 0.00, 1.00, 0.00, 0.00, 0.00, 0.00, 1.00, 1.00, 0.00, 0.00
9,  0,  0.269,  0.98,  1, 0.28, 0.57, 1.61, 0.00, 0.00, 0.00, 0.00, 1.14, 0.34, 1.19, 0.01, 0.18, 0.00, 0.00, 0.69, 1.03, 0.00, 0.00, 1.00, 1.00, 0.00, 0.00, 0.00, 0.00, 1.00, 0.00, 1.00, 0.00, 0.00, 0.00, 0.00, 1.00, 1.00, 0.00, 0.00
10,  0,  0.302,  0.98,  1, 0.21, 0.53, 1.63, 0.00, 0.00, 0.00, 0.00, 1.17, 0.32, 1.11, 0.01, 0.08, 0.00, 0.00, 0.71, 0.83, 0.00, 0.00, 1.00, 1.00, 0.00, 0.00, 0.00, 0.00, 1.00, 0.00, 1.00, 0.00, 0.00, 0.00, 0.00, 1.00, 1.00, 0.00, 0.00
11,  0,  0.336,  0.98,  1, 0.17, 0.48, 1.71, 0.00, 0.00, 0.00, 0.00, 1.13, 0.40, 1.11, 0.00, 0.07, 0.00, 0.00, 0.80, 0.82, 0.00, 0.00, 1.00, 1.00, 0.00, 0.00, 0.00, 0.00, 1.00, 0.00, 1.00, 0.00, 0.00, 0.00, 0.00, 1.00, 1.00, 0.00, 0.00
12,  0,  0.370,  0.98,  1, 0.07, 0.42, 1.70, 0.01, 0.00, 0.00, 0.00, 1.15, 0.37, 1.14, 0.00, 0.13, 0.00, 0.00, 0.98, 0.77, 0.00, 0.00, 1.00, 1.00, 0.00, 0.00, 0.00, 0.00, 1.00, 0.00, 1.00, 0.00, 0.00, 0.00, 0.00, 1.00, 1.00, 0.00, 0.00
13,  0,  0.403,  0.98,  1, 0.10, 0.56, 1.63, 0.01, 0.00, 0.00, 0.00, 1.15, 0.42, 1.23, 0.03, 0.13, 0.00, 0.00, 0.96, 0.92, 0.00, 0.00, 1.00, 1.00, 0.00, 0.00, 0.00, 0.00, 1.00, 0.00, 1.00, 0.00, 0.00, 0.00, 0.00, 1.00, 1.00, 0.00, 0.00
14,  0,  0.437,  0.98,  1, 0.09, 0.40, 1.57, 0.01, 0.00, 0.00, 0.00, 1.12, 0.37, 1.19, 0.03, 0.07, 0.00, 0.00, 1.07, 0.94, 0.07, 0.00, 1.00, 1.00, 0.00, 0.00, 0.00, 0.00, 1.00, 0.00, 1.00, 0.00, 0.00, 0.00, 0.00, 1.00, 1.00, 0.00, 0.00
15,  0,  0.470,  0.98,  1, 0.20, 0.44, 1.66, 0.00, 0.00, 0.00, 0.00, 1.18, 0.45, 1.22, 0.03, 0.01, 0.07, 0.00, 1.03, 1.02, 0.07, 0.00, 1.00, 1.00, 0.00, 0.00, 0.00, 0.00, 1.00, 0.00, 1.00, 0.00, 0.00, 0.00, 0.00, 1.00, 1.00, 0.00, 0.00
16,  0,  0.504,  0.98,  1, 0.24, 0.48, 1.80, 0.00, 0.00, 0.00, 0.00, 1.17, 0.43, 1.18, 0.00, 0.01, 0.11, 0.00, 1.14, 1.29, 0.15, 0.00, 1.00, 1.00, 0.00, 0.00, 0.00, 0.00, 1.00, 0.00, 1.00, 0.00, 0.00, 0.00, 0.00, 1.00, 1.00, 0.00, 0.00
17,  0,  0.538,  0.98,  1, 0.36, 0.69, 1.89, 0.02, 0.00, 0.00, 0.00, 1.30, 0.40, 1.05, 0.00, 0.01, 0.14, 0.00, 1.10, 1.41, 0.08, 0.00, 1.00, 1.00, 0.00, 0.00, 0.00, 0.00, 1.00, 0.00, 1.00, 0.00, 0.00, 0.00, 0.00, 1.00, 1.00, 0.00, 0.00
18,  0,  0.571,  0.98,  1, 0.42, 0.78, 1.93, 0.02, 0.00, 0.01, 0.00, 1.26, 0.34, 0.97, 0.00, 0.01, 0.15, 0.00, 1.16, 1.52, 0.08, 1.00, 1.00, 1.00, 0.00, 0.00, 0.00, 0.00, 1.00, 0.00, 1.00, 0.00, 0.00, 0.00, 0.00, 1.00, 1.00, 0.00, 1.00
19,  0,  0.605,  0.98,  1, 0.51, 0.73, 1.87, 0.02, 0.00, 0.01, 0.00, 1.28, 0.32, 0.77, 0.00, 0.00, 0.27, 0.00, 1.26, 1.47, 0.07, 1.00, 1.00, 1.00, 0.00, 0.00, 0.00, 0.00, 1.00, 0.00, 1.00, 0.00, 0.00, 0.00, 0.00, 1.00, 1.00, 0.00, 1.00
20,  0,  0.638,  0.98,  1, 0.52, 0.69, 1.80, 0.00, 0.00, 0.01, 0.00, 1.25, 0.33, 0.81, 0.00, 0.03, 0.37, 0.00, 1.26, 1.53, 0.19, 1.00, 1.00, 1.00, 0.00, 0.00, 0.00, 0.00, 1.00, 0.00, 1.00, 0.00, 0.00, 0.00, 0.00, 1.00, 1.00, 0.00, 1.00
21,  0,  0.672,  0.98,  1, 0.50, 0.68, 1.70, 0.01, 0.00, 0.00, 0.00, 1.25, 0.37, 0.72, 0.04, 0.03, 0.38, 0.00, 1.26, 1.57, 0.24, 1.00, 1.00, 1.00, 0.00, 0.00, 0.00, 0.00, 1.00, 0.00, 1.00, 0.00, 0.00, 0.00, 0.00, 1.00, 1.00, 0.00, 1.00
22,  0,  0.706,  0.98,  1, 0.47, 0.71, 1.64, 0.01, 0.00, 0.00, 0.00, 1.18, 0.39, 0.78, 0.04, 0.03, 0.23, 0.00, 1.23, 1.50, 0.32, 1.00, 1.00, 1.00, 0.00, 0.00, 0.00, 0.00, 1.00, 0.00, 1.00, 0.00, 0.00, 0.00, 0.00, 1.00, 1.00, 0.00, 1.00
23,  0,  0.739,  0.98,  1, 0.47, 0.83, 1.57, 0.01, 0.00, 0.00, 0.00, 1.18, 0.47, 0.78, 0.04, 0.00, 0.14, 0.00, 1.20, 1.45, 0.34, 1.00, 1.00, 1.00, 0.00, 0.00, 0.00, 0.00, 1.00, 0.00, 1.00, 0.00, 0.00, 0.00, 0.00, 1.00, 1.00, 0.00, 1.00
24,  0,  0.773,  0.98,  1, 0.51, 0.75, 1.50, 0.00, 0.00, 0.00, 0.00, 1.17, 0.49, 0.78, 0.01, 0.00, 0.09, 0.00, 1.24, 1.27, 0.28, 1.00, 1.00, 1.00, 0.00, 0.00, 0.00, 0.00, 1.00, 0.00, 1.00, 0.00, 0.00, 0.00, 0.00, 1.00, 1.00, 0.00, 1.00
25,  0,  0.807,  0.98,  1, 0.51, 0.61, 1.52, 0.00, 0.00, 0.00, 0.00, 1.14, 0.51, 0.80, 0.01, 0.00, 0.09, 0.00, 1.13, 1.19, 0.18, 1.00, 1.00, 1.00, 0.00, 0.00, 0.00, 0.00, 1.00, 0.00, 1.00, 0.00, 0.00, 0.00, 0.00, 1.00, 1.00, 0.00, 1.00
26,  0,  0.840,  0.98,  1, 0.50, 0.51, 1.60, 0.00, 0.00, 0.00, 0.00, 1.08, 0.52, 0.85, 0.02, 0.00, 0.04, 0.00, 1.06, 1.04, 0.18, 1.00, 1.00, 1.00, 0.00, 0.00, 0.00, 0.00, 1.00, 0.00, 1.00, 0.00, 0.00, 0.00, 0.00, 1.00, 1.00, 0.00, 1.00
27,  0,  0.874,  0.98,  1, 0.43, 0.51, 1.65, 0.00, 0.00, 0.00, 0.00, 1.03, 0.54, 0.92, 0.01, 0.00, 0.00, 0.00, 0.93, 0.95, 0.36, 1.00, 1.00, 1.00, 0.00, 0.00, 0.00, 0.00, 1.00, 0.00, 1.00, 0.00, 0.00, 0.00, 0.00, 1.00, 1.00, 0.00, 1.00
28,  0,  0.907,  0.98,  1, 0.41, 0.56, 1.64, 0.00, 0.00, 0.00, 0.00, 1.04, 0.55, 0.89, 0.01, 0.00, 0.00, 0.00, 0.95, 0.85, 0.48, 1.00, 1.00, 1.00, 0.00, 0.00, 0.00, 0.00, 1.00, 0.00, 1.00, 0.00, 0.00, 0.00, 0.00, 1.00, 1.00, 0.00, 1.00
29,  0,  0.941,  0.98,  1, 0.44, 0.61, 1.58, 0.06, 0.00, 0.00, 0.00, 1.04, 0.55, 0.88, 0.00, 0.00, 0.00, 0.00, 1.00, 0.83, 0.56, 1.00, 1.00, 1.00, 0.00, 0.00, 0.00, 0.00, 1.00, 0.00, 1.00, 0.00, 0.00, 0.00, 0.00, 1.00, 1.00, 0.00, 1.00
30,  0,  0.975,  0.98,  1, 0.47, 0.76, 1.57, 0.06, 0.00, 0.00, 0.00, 1.02, 0.50, 0.81, 0.07, 0.00, 0.00, 0.00, 1.17, 0.81, 0.60, 1.00, 1.00, 1.00, 0.00, 0.00, 0.00, 0.00, 1.00, 0.00, 1.00, 0.00, 0.00, 0.00, 0.00, 1.00, 1.00, 0.00, 1.00
31,  0,  1.008,  0.98,  1, 0.46, 0.81, 1.52, 0.06, 0.00, 0.00, 0.00, 1.02, 0.47, 0.85, 0.21, 0.00, 0.10, 0.00, 1.26, 0.86, 0.53, 1.00, 1.00, 1.00, 0.00, 0.00, 0.00, 0.00, 1.00, 0.00, 1.00, 0.00, 0.00, 0.00, 0.00, 1.00, 1.00, 0.00, 1.00
32,  0,  1.042,  0.98,  1, 0.40, 0.85, 1.48, 0.00, 0.00, 0.00, 0.00, 1.10, 0.46, 0.83, 0.25, 0.07, 0.10, 0.00, 1.25, 0.84, 0.49, 1.00, 1.00, 1.00, 0.00, 0.00, 0.00, 0.00, 1.00, 0.00, 1.00, 0.00, 0.00, 0.00, 0.00, 1.00, 1.00, 0.00, 1.00
33,  0,  1.075,  0.98,  1, 0.42, 0.66, 1.59, 0.00, 0.00, 0.00, 0.00, 1.20, 0.52, 0.91, 0.17, 0.07, 0.10, 0.00, 1.13, 0.87, 0.36, 1.00, 1.00, 1.00, 0.00, 0.00, 0.00, 0.00, 1.00, 0.00, 1.00, 0.00, 0.00, 0.00, 0.00, 1.00, 1.00, 0.00, 1.00
34,  0,  1.109,  0.98,  1, 0.46, 0.72, 1.69, 0.00, 0.00, 0.00, 0.00, 1.28, 0.55, 1.00, 0.03, 0.07, 0.05, 0.00, 1.13, 0.80, 0.44, 1.00, 1.00, 1.00, 0.00, 0.00, 0.00, 0.00, 1.00, 0.00, 1.00, 0.00, 0.00, 0.00, 0.00, 1.00, 1.00, 0.00, 1.00
35,  0,  1.143,  0.98,  1, 0.43, 0.64, 1.75, 0.00, 0.00, 0.00, 0.00, 1.23, 0.53, 1.02, 0.00, 0.00, 0.07, 0.00, 1.26, 0.83, 0.43, 1.00, 1.00, 1.00, 0.00, 0.00, 0.00, 0.00, 1.00, 0.00, 1.00, 0.00, 0.00, 0.00, 0.00, 1.00, 1.00, 0.00, 1.00
36,  0,  1.176,  0.98,  1, 0.43, 0.79, 1.73, 0.00, 0.00, 0.02, 0.00, 1.23, 0.52, 1.07, 0.00, 0.00, 0.15, 0.00, 1.25, 0.88, 0.57, 1.00, 1.00, 1.00, 0.00, 0.00, 0.00, 0.00, 1.00, 0.00, 1.00, 0.00, 0.00, 0.00, 0.00, 1.00, 1.00, 0.00, 1.00
37,  0,  1.210,  0.98,  1, 0.42, 0.75, 1.72, 0.00, 0.00, 0.05, 0.00, 1.19, 0.50, 1.02, 0.04, 0.00, 0.19, 0.00, 1.11, 0.93, 0.54, 1.00, 1.00, 1.00, 0.00, 0.00, 0.00, 0.00, 1.00, 0.00, 1.00, 0.00, 0.00, 0.00, 0.00, 1.00, 1.00, 0.00, 1.00
38,  0,  1.243,  0.98,  1, 0.41, 0.70, 1.63, 0.00, 0.00, 0.05, 0.00, 1.25, 0.54, 0.97, 0.04, 0.01, 0.16, 0.00, 0.98, 0.98, 0.49, 1.00, 1.00, 1.00, 0.00, 0.00, 0.00, 0.00, 1.00, 0.00, 1.00, 0.00, 0.00, 0.00, 0.00, 1.00, 1.00, 0.00, 1.00
39,  0,  1.277,  0.98,  1, 0.34, 0.69, 1.51, 0.00, 0.00, 0.03, 0.00, 1.22, 0.54, 0.89, 0.04, 0.01, 0.09, 0.00, 0.94, 1.02, 0.52, 1.00, 1.00, 1.00, 0.00, 0.00, 0.00, 0.00, 1.00, 0.00, 1.00, 0.00, 0.00, 0.00, 0.00, 1.00, 1.00, 0.00, 1.00
40,  0,  1.311,  0.98,  1, 0.33, 0.83, 1.41, 0.00, 0.00, 0.04, 0.00, 1.17, 0.54, 0.87, 0.00, 0.01, 0.07, 0.00, 1.01, 1.06, 0.54, 1.00, 1.00, 1.00, 0.00, 0.00, 0.00, 0.00, 1.00, 0.00, 1.00, 0.00, 0.00, 0.00, 0.00, 1.00, 1.00, 0.00, 1.00
41,  0,  1.344,  0.98,  1, 0.38, 0.90, 1.49, 0.00, 0.00, 0.04, 0.00, 1.05, 0.53, 0.96, 0.01, 0.00, 0.07, 0.00, 1.07, 1.10, 0.60, 1.00, 1.00, 1.00, 0.00, 0.00, 0.00, 0.00, 1.00, 0.00, 1.00, 0.00, 0.00, 0.00, 0.00, 1.00, 1.00, 0.00, 1.00
42,  0,  1.378,  0.98,  1, 0.40, 0.86, 1.52, 0.00, 0.00, 0.09, 0.00, 1.14, 0.52, 0.95, 0.03, 0.00, 0.06, 0.00, 0.99, 1.06, 0.52, 1.00, 1.00, 1.00, 0.00, 0.00, 0.00, 0.00, 1.00, 0.00, 1.00, 0.00, 0.00, 0.00, 0.00, 1.00, 1.00, 0.00, 1.00
43,  0,  1.411,  0.98,  1, 0.41, 0.70, 1.58, 0.06, 0.00, 0.09, 0.00, 1.28, 0.54, 1.01, 0.03, 0.00, 0.15, 0.00, 0.90, 1.13, 0.49, 1.00, 1.00, 1.00, 0.00, 0.00, 0.00, 0.00, 1.00, 0.00, 1.00, 0.00, 0.00, 0.00, 0.00, 1.00, 1.00, 0.00, 1.00
44,  0,  1.445,  0.98,  1, 0.34, 0.55, 1.56, 0.11, 0.00, 0.09, 0.00, 1.42, 0.54, 1.00, 0.02, 0.06, 0.18, 0.00, 0.95, 1.17, 0.42, 1.00, 1.00, 1.00, 0.00, 0.00, 0.00, 0.00, 1.00, 0.00, 1.00, 0.00, 0.00, 0.00, 0.00, 1.00, 1.00, 0.00, 1.00
45,  0,  1.479,  0.98,  1, 0.36, 0.45, 1.60, 0.11, 0.00, 0.04, 0.00, 1.37, 0.58, 1.10, 0.00, 0.08, 0.21, 0.00, 1.08, 1.24, 0.38, 1.00, 1.00, 1.00, 0.00, 0.00, 0.00, 0.00, 1.00, 0.00, 1.00, 0.00, 0.00, 0.00, 0.00, 1.00, 1.00, 0.00, 1.00
46,  0,  1.512,  0.98,  1, 0.30, 0.37, 1.55, 0.15, 0.00, 0.00, 0.00, 1.28, 0.62, 1.10, 0.00, 0.14, 0.13, 0.00, 1.18, 1.28, 0.38, 1.00, 1.00, 1.00, 0.00, 0.00, 0.00, 0.00, 1.00, 0.00, 1.00, 0.00, 0.00, 0.00, 0.00, 1.00, 1.00, 0.00, 1.00
47,  0,  1.546,  0.98,  1, 0.35, 0.51, 1.58, 0.11, 0.00, 0.00, 0.00, 1.23, 0.60, 1.02, 0.00, 0.11, 0.19, 0.00, 1.17, 1.24, 0.36, 1.00, 1.00, 1.00, 0.00, 0.00, 0.00, 0.00, 1.00, 0.00, 1.00, 0.00, 0.00, 0.00, 0.00, 1.00, 1.00, 0.00, 1.00
48,  0,  1.579,  0.98,  1, 0.27, 0.58, 1.48, 0.18, 0.00, 0.00, 0.00, 1.27, 0.58, 0.92, 0.00, 0.14, 0.26, 0.00, 1.17, 1.16, 0.40, 0.00, 1.00, 1.00, 0.00, 0.00, 0.00, 0.00, 1.00, 0.00, 1.00, 0.00, 0.00, 0.00, 0.00, 1.00, 1.00, 0.00, 1.00
49,  0,  1.613,  0.98,  1, 0.17, 0.45, 1.45, 0.12, 0.00, 0.00, 0.00, 1.37, 0.56, 0.93, 0.00, 0.11, 0.25, 0.00, 1.17, 1.03, 0.43, 1.00, 1.00, 1.00, 0.00, 0.00, 0.00, 0.00, 1.00, 0.00, 1.00, 0.00, 0.00, 0.00, 0.00, 1.00, 1.00, 0.00, 1.00
50,  0,  1.647,  0.98,  1, 0.15, 0.34, 1.42, 0.15, 0.00, 0.00, 0.00, 1.37, 0.54, 1.02, 0.00, 0.06, 0.23, 0.00, 1.11, 1.02, 0.50, 0.00, 1.00, 1.00, 0.00, 0.00, 0.00, 0.00, 1.00, 0.00, 1.00, 0.00, 0.00, 0.00, 0.00, 1.00, 1.00, 0.00, 1.00
51,  0,  1.680,  0.98,  1, 0.13, 0.23, 1.47, 0.11, 0.00, 0.00, 0.00, 1.31, 0.51, 1.16, 0.00, 0.06, 0.17, 0.00, 1.08, 1.04, 0.39, 0.00, 1.00, 1.00, 0.00, 0.00, 0.00, 0.00, 1.00, 0.00, 1.00, 0.00, 0.00, 0.00, 0.00, 1.00, 1.00, 0.00, 1.00
52,  0,  1.714,  0.98,  1, 0.20, 0.40, 1.56, 0.07, 0.00, 0.00, 0.00, 1.21, 0.48, 1.20, 0.00, 0.19, 0.28, 0.00, 0.95, 1.02, 0.42, 0.00, 1.00, 1.00, 0.00, 0.00, 0.00, 0.00, 1.00, 0.00, 1.00, 0.00, 0.00, 0.00, 0.00, 1.00, 1.00, 0.00, 1.00
53,  0,  1.747,  0.98,  1, 0.17, 0.45, 1.69, 0.06, 0.00, 0.00, 0.00, 1.27, 0.47, 1.29, 0.00, 0.26, 0.32, 0.00, 0.81, 1.00, 0.35, 0.00, 1.00, 1.00, 0.00, 0.00, 0.00, 0.00, 1.00, 0.00, 1.00, 0.00, 0.00, 0.00, 0.00, 1.00, 1.00, 0.00, 1.00
54,  0,  1.781,  0.98,  1, 0.26, 0.57, 1.82, 0.08, 0.00, 0.00, 0.00, 1.29, 0.47, 1.33, 0.00, 0.23, 0.35, 0.00, 0.78, 0.97, 0.38, 0.00, 1.00, 1.00, 0.00, 0.00, 0.00, 0.00, 1.00, 0.00, 1.00, 0.00, 0.00, 0.00, 0.00, 1.00, 1.00, 0.00, 1.00
55,  0,  1.815,  0.98,  1, 0.27, 0.57, 1.86, 0.10, 0.00, 0.00, 0.00, 1.31, 0.48, 1.45, 0.00, 0.08, 0.31, 0.00, 0.86, 1.05, 0.27, 0.00, 1.00, 1.00, 0.00, 0.00, 0.00, 0.00, 1.00, 0.00, 1.00, 0.00, 0.00, 0.00, 0.00, 1.00, 1.00, 0.00, 1.00
56,  0,  1.848,  0.98,  1, 0.21, 0.50, 1.70, 0.08, 0.00, 0.00, 0.00, 1.27, 0.51, 1.49, 0.00, 0.01, 0.26, 0.00, 0.91, 1.04, 0.28, 0.00, 1.00, 1.00, 0.00, 0.00, 0.00, 0.00, 1.00, 0.00, 1.00, 0.00, 0.00, 0.00, 0.00, 1.00, 1.00, 0.00, 1.00
57,  0,  1.882,  0.98,  1, 0.13, 0.52, 1.67, 0.03, 0.00, 0.00, 0.00, 1.25, 0.49, 1.45, 0.00, 0.07, 0.18, 0.00, 0.89, 1.06, 0.20, 0.00, 1.00, 1.00, 0.00, 0.00, 0.00, 0.00, 1.00, 0.00, 1.00, 0.00, 0.00, 0.00, 0.00, 1.00, 1.00, 0.00, 1.00
58,  0,  1.915,  0.98,  1, 0.05, 0.34, 1.67, 0.00, 0.00, 0.00, 0.00, 1.24, 0.53, 1.30, 0.00, 0.06, 0.05, 0.00, 0.93, 1.09, 0.14, 0.00, 1.00, 1.00, 0.00, 0.00, 0.00, 0.00, 1.00, 0.00, 1.00, 0.00, 0.00, 0.00, 0.00, 1.00, 1.00, 0.00, 1.00
59,  0,  1.949,  0.98,  1, 0.06, 0.23, 1.67, 0.00, 0.00, 0.00, 0.00, 1.15, 0.55, 1.17, 0.00, 0.06, 0.00, 0.00, 0.96, 1.02, 0.00, 0.00, 1.00, 1.00, 0.00, 0.00, 0.00, 0.00, 1.00, 0.00, 1.00, 0.00, 0.00, 0.00, 0.00, 1.00, 1.00, 0.00, 0.00
60,  0,  1.983,  0.98,  1, 0.07, 0.15, 1.68, 0.00, 0.00, 0.00, 0.00, 1.07, 0.59, 1.13, 0.00, 0.00, 0.00, 0.00, 0.93, 0.85, 0.02, 0.00, 1.00, 1.00, 0.00, 0.00, 0.00, 0.00, 1.00, 0.00, 1.00, 0.00, 0.00, 0.00, 0.00, 1.00, 1.00, 0.00, 0.00
61,  0,  2.016,  0.98,  1, 0.09, 0.25, 1.63, 0.04, 0.00, 0.00, 0.00, 1.05, 0.54, 1.25, 0.00, 0.00, 0.00, 0.00, 0.86, 0.68, 0.02, 0.00, 1.00, 1.00, 0.00, 0.00, 0.00, 0.00, 1.00, 0.00, 1.00, 0.00, 0.00, 0.00, 0.00, 1.00, 1.00, 0.00, 0.00
62,  0,  2.050,  0.98,  1, 0.11, 0.36, 1.62, 0.04, 0.00, 0.00, 0.00, 1.08, 0.51, 1.25, 0.00, 0.00, 0.00, 0.00, 0.83, 0.65, 0.02, 0.00, 1.00, 1.00, 0.00, 0.00, 0.00, 0.00, 0.00, 0.00, 1.00, 0.00, 0.00, 0.00, 0.00, 1.00, 1.00, 0.00, 0.00
63,  0,  2.084,  0.98,  1, 0.07, 0.28, 1.47, 0.04, 0.00, 0.00, 0.00, 1.01, 0.46, 1.18, 0.00, 0.00, 0.00, 0.00, 0.85, 0.73, 0.00, 0.00, 1.00, 1.00, 0.00, 0.00, 0.00, 0.00, 0.00, 0.00, 1.00, 0.00, 0.00, 0.00, 0.00, 1.00, 1.00, 0.00, 0.00
64,  0,  2.117,  0.98,  1, 0.04, 0.22, 1.30, 0.00, 0.00, 0.00, 0.00, 0.89, 0.46, 0.99, 0.00, 0.00, 0.00, 0.00, 0.73, 0.78, 0.00, 0.00, 1.00, 1.00, 0.00, 0.00, 0.00, 0.00, 1.00, 0.00, 1.00, 0.00, 0.00, 0.00, 0.00, 1.00, 1.00, 0.00, 0.00
65,  0,  2.151,  0.98,  1, 0.03, 0.11, 1.31, 0.00, 0.00, 0.00, 0.00, 0.82, 0.40, 0.94, 0.00, 0.00, 0.00, 0.00, 0.71, 0.90, 0.00, 0.00, 1.00, 1.00, 0.00, 0.00, 0.00, 0.00, 1.00, 0.00, 1.00, 0.00, 0.00, 0.00, 0.00, 1.00, 1.00, 0.00, 0.00
66,  0,  2.184,  0.98,  1, 0.07, 0.06, 1.37, 0.05, 0.00, 0.00, 0.00, 0.89, 0.39, 0.93, 0.00, 0.00, 0.00, 0.00, 0.72, 0.94, 0.00, 0.00, 1.00, 1.00, 0.00, 0.00, 0.00, 0.00, 0.00, 0.00, 1.00, 0.00, 0.00, 0.00, 0.00, 1.00, 1.00, 0.00, 0.00
67,  0,  2.218,  0.98,  1, 0.12, 0.09, 1.51, 0.05, 0.00, 0.00, 0.00, 0.89, 0.37, 0.91, 0.00, 0.00, 0.00, 0.00, 0.89, 0.91, 0.00, 0.00, 1.00, 1.00, 0.00, 0.00, 0.00, 0.00, 0.00, 0.00, 1.00, 0.00, 0.00, 0.00, 0.00, 1.00, 1.00, 0.00, 0.00
68,  0,  2.252,  0.98,  1, 0.19, 0.19, 1.47, 0.10, 0.00, 0.00, 0.00, 0.84, 0.38, 0.94, 0.00, 0.00, 0.00, 0.00, 1.02, 0.81, 0.02, 0.00, 1.00, 1.00, 0.00, 0.00, 0.00, 0.00, 0.00, 0.00, 1.00, 0.00, 0.00, 0.00, 0.00, 1.00, 1.00, 0.00, 0.00
69,  0,  2.285,  0.98,  1, 0.12, 0.20, 1.36, 0.12, 0.00, 0.00, 0.00, 0.73, 0.38, 0.97, 0.00, 0.00, 0.00, 0.00, 1.10, 0.74, 0.07, 0.00, 1.00, 1.00, 0.00, 0.00, 0.00, 0.00, 0.00, 0.00, 1.00, 0.00, 0.00, 0.00, 0.00, 1.00, 1.00, 0.00, 0.00
70,  0,  2.319,  0.98,  1, 0.07, 0.23, 1.21, 0.12, 0.00, 0.00, 0.00, 0.71, 0.38, 1.01, 0.00, 0.00, 0.00, 0.00, 1.08, 0.66, 0.07, 0.00, 1.00, 1.00, 0.00, 0.00, 0.00, 0.00, 0.00, 0.00, 1.00, 0.00, 0.00, 0.00, 0.00, 1.00, 1.00, 0.00, 0.00
71,  0,  2.352,  0.98,  1, 0.00, 0.30, 1.13, 0.08, 0.00, 0.00, 0.00, 0.72, 0.43, 1.03, 0.00, 0.00, 0.00, 0.00, 0.99, 0.64, 0.10, 0.00, 1.00, 1.00, 0.00, 0.00, 0.00, 0.00, 0.00, 0.00, 1.00, 0.00, 0.00, 0.00, 0.00, 1.00, 1.00, 0.00, 0.00
72,  0,  2.386,  0.98,  1, 0.00, 0.31, 1.16, 0.01, 0.00, 0.09, 0.00, 0.76, 0.46, 0.99, 0.00, 0.00, 0.00, 0.00, 0.89, 0.68, 0.04, 0.00, 1.00, 1.00, 0.00, 0.00, 0.00, 0.00, 0.00, 0.00, 1.00, 0.00, 0.00, 0.00, 0.00, 1.00, 1.00, 0.00, 0.00
73,  0,  2.420,  0.98,  1, 0.00, 0.18, 1.21, 0.01, 0.00, 0.09, 0.00, 0.78, 0.50, 0.99, 0.00, 0.00, 0.00, 0.00, 0.80, 0.76, 0.05, 0.00, 1.00, 1.00, 0.00, 0.00, 0.00, 0.00, 0.00, 0.00, 1.00, 0.00, 0.00, 0.00, 0.00, 1.00, 1.00, 0.00, 0.00
74,  0,  2.453,  0.98,  1, 0.00, 0.04, 1.31, 0.04, 0.00, 0.09, 0.00, 0.78, 0.48, 0.94, 0.00, 0.00, 0.00, 0.00, 0.75, 0.81, 0.01, 0.00, 1.00, 1.00, 0.00, 0.00, 0.00, 0.00, 0.00, 0.00, 1.00, 0.00, 0.00, 0.00, 0.00, 1.00, 1.00, 0.00, 0.00
75,  0,  2.487,  0.98,  1, 0.00, 0.05, 1.32, 0.12, 0.00, 0.00, 0.00, 0.78, 0.47, 0.98, 0.00, 0.00, 0.00, 0.00, 0.71, 0.80, 0.01, 0.00, 1.00, 1.00, 0.00, 0.00, 0.00, 0.00, 0.00, 0.00, 1.00, 0.00, 0.00, 0.00, 0.00, 1.00, 1.00, 0.00, 0.00
76,  0,  2.520,  0.98,  1, 0.00, 0.05, 1.38, 0.21, 0.00, 0.00, 0.00, 0.74, 0.47, 1.04, 0.00, 0.00, 0.00, 0.00, 0.76, 0.71, 0.00, 0.00, 1.00, 1.00, 0.00, 0.00, 0.00, 0.00, 0.00, 0.00, 1.00, 0.00, 0.00, 0.00, 0.00, 1.00, 1.00, 0.00, 0.00
77,  0,  2.554,  0.98,  1, 0.04, 0.10, 1.40, 0.28, 0.00, 0.02, 0.00, 0.72, 0.48, 1.05, 0.00, 0.00, 0.00, 0.00, 0.79, 0.63, 0.00, 0.00, 1.00, 1.00, 1.00, 0.00, 0.00, 0.00, 0.00, 0.00, 1.00, 0.00, 0.00, 0.00, 0.00, 1.00, 1.00, 0.00, 0.00
78,  0,  2.588,  0.98,  1, 0.04, 0.13, 1.41, 0.36, 0.00, 0.02, 0.00, 0.72, 0.52, 0.95, 0.00, 0.00, 0.00, 0.00, 0.85, 0.62, 0.00, 0.00, 1.00, 1.00, 1.00, 0.00, 0.00, 0.00, 0.00, 0.00, 1.00, 0.00, 0.00, 0.00, 0.00, 1.00, 1.00, 0.00, 0.00
79,  0,  2.621,  0.98,  1, 0.04, 0.13, 1.40, 0.39, 0.00, 0.02, 0.00, 0.80, 0.54, 0.86, 0.00, 0.00, 0.00, 0.00, 0.86, 0.68, 0.00, 0.00, 1.00, 1.00, 1.00, 0.00, 0.00, 0.00, 0.00, 0.00, 1.00, 0.00, 0.00, 0.00, 0.00, 1.00, 1.00, 0.00, 0.00
80,  0,  2.655,  0.98,  1, 0.00, 0.07, 1.34, 0.28, 0.00, 0.00, 0.00, 0.85, 0.55, 0.80, 0.00, 0.00, 0.00, 0.00, 0.88, 0.72, 0.00, 0.00, 1.00, 1.00, 1.00, 0.00, 0.00, 0.00, 0.00, 0.00, 1.00, 0.00, 0.00, 0.00, 0.00, 1.00, 1.00, 0.00, 0.00
81,  0,  2.688,  0.98,  1, 0.00, 0.03, 1.34, 0.18, 0.00, 0.00, 0.00, 0.83, 0.55, 0.86, 0.00, 0.00, 0.00, 0.00, 0.89, 0.71, 0.00, 0.00, 1.00, 1.00, 1.00, 0.00, 0.00, 0.00, 0.00, 0.00, 1.00, 0.00, 0.00, 0.00, 0.00, 1.00, 1.00, 0.00, 0.00
82,  0,  2.722,  0.98,  1, 0.00, 0.04, 1.41, 0.15, 0.00, 0.00, 0.00, 0.74, 0.55, 0.89, 0.00, 0.00, 0.00, 0.00, 0.82, 0.70, 0.00, 0.00, 1.00, 1.00, 1.00, 0.00, 0.00, 0.00, 0.00, 0.00, 1.00, 0.00, 0.00, 0.00, 0.00, 1.00, 1.00, 0.00, 0.00
83,  0,  2.756,  0.98,  1, 0.00, 0.01, 1.46, 0.32, 0.00, 0.00, 0.00, 0.78, 0.56, 0.95, 0.00, 0.00, 0.00, 0.00, 0.65, 0.67, 0.00, 0.00, 1.00, 1.00, 1.00, 0.00, 0.00, 0.00, 0.00, 0.00, 1.00, 0.00, 0.00, 0.00, 0.00, 1.00, 1.00, 0.00, 0.00
84,  0,  2.789,  0.98,  1, 0.01, 0.00, 1.51, 0.46, 0.00, 0.06, 0.00, 0.82, 0.55, 0.93, 0.00, 0.00, 0.00, 0.00, 0.48, 0.70, 0.00, 0.00, 1.00, 1.00, 1.00, 0.00, 0.00, 0.00, 0.00, 0.00, 1.00, 0.00, 0.00, 0.00, 0.00, 1.00, 1.00, 0.00, 0.00
85,  0,  2.823,  0.98,  1, 0.02, 0.00, 1.45, 0.46, 0.00, 0.06, 0.00, 0.90, 0.50, 0.89, 0.00, 0.00, 0.00, 0.00, 0.42, 0.77, 0.00, 0.00, 1.00, 1.00, 1.00, 0.00, 0.00, 0.00, 0.00, 0.00, 1.00, 0.00, 0.00, 0.00, 0.00, 1.00, 1.00, 0.00, 0.00
86,  0,  2.856,  0.98,  1, 0.06, 0.09, 1.46, 0.40, 0.00, 0.13, 0.00, 0.94, 0.49, 0.95, 0.00, 0.00, 0.00, 0.00, 0.36, 0.90, 0.00, 0.00, 1.00, 1.00, 0.00, 0.00, 0.00, 0.00, 0.00, 0.00, 1.00, 0.00, 0.00, 0.00, 0.00, 1.00, 1.00, 0.00, 0.00
87,  0,  2.890,  0.98,  1, 0.05, 0.10, 1.47, 0.22, 0.00, 0.07, 0.00, 1.02, 0.52, 0.94, 0.00, 0.00, 0.00, 0.00, 0.34, 0.91, 0.00, 0.00, 1.00, 1.00, 0.00, 0.00, 0.00, 0.00, 0.00, 0.00, 1.00, 0.00, 0.00, 0.00, 0.00, 1.00, 1.00, 0.00, 0.00
88,  0,  2.924,  0.98,  1, 0.05, 0.10, 1.49, 0.12, 0.00, 0.17, 0.00, 1.12, 0.60, 1.04, 0.00, 0.00, 0.00, 0.00, 0.20, 0.87, 0.00, 0.00, 1.00, 1.00, 0.00, 0.00, 0.00, 0.00, 0.00, 0.00, 1.00, 0.00, 0.00, 0.00, 0.00, 0.00, 1.00, 0.00, 0.00
89,  0,  2.957,  0.98,  1, 0.00, 0.01, 1.43, 0.00, 0.00, 0.12, 0.00, 1.11, 0.65, 1.08, 0.00, 0.00, 0.00, 0.01, 0.13, 0.90, 0.02, 0.00, 1.00, 1.00, 0.00, 0.00, 0.00, 0.00, 0.00, 0.00, 1.00, 0.00, 0.00, 0.00, 0.00, 0.00, 1.00, 0.00, 0.00
90,  0,  2.991,  0.98,  1, 0.00, 0.04, 1.39, 0.00, 0.00, 0.15, 0.00, 1.11, 0.69, 1.18, 0.06, 0.00, 0.00, 0.04, 0.03, 0.99, 0.14, 0.00, 1.00, 1.00, 0.00, 0.00, 0.00, 0.00, 0.00, 0.00, 1.00, 0.00, 0.00, 0.00, 0.00, 0.00, 1.00, 0.00, 0.00
91,  0,  3.024,  0.98,  1, 0.00, 0.05, 1.36, 0.08, 0.00, 0.07, 0.00, 1.10, 0.77, 1.19, 0.06, 0.00, 0.08, 0.11, 0.00, 1.06, 0.18, 0.00, 1.00, 1.00, 0.00, 0.00, 0.00, 0.00, 0.00, 0.00, 1.00, 0.00, 0.00, 0.00, 0.00, 0.00, 1.00, 0.00, 0.00
92,  0,  3.058,  0.98,  1, 0.00, 0.07, 1.39, 0.17, 0.00, 0.21, 0.00, 1.11, 0.78, 1.17, 0.07, 0.00, 0.17, 0.20, 0.00, 0.98, 0.23, 0.00, 1.00, 1.00, 0.00, 0.00, 0.00, 0.00, 0.00, 0.00, 1.00, 0.00, 0.00, 0.00, 0.00, 0.00, 1.00, 0.00, 0.00
93,  0,  3.092,  0.98,  1, 0.01, 0.09, 1.33, 0.24, 0.00, 0.18, 0.00, 1.15, 0.80, 1.33, 0.03, 0.00, 0.29, 0.32, 0.00, 1.00, 0.20, 0.00, 1.00, 1.00, 0.00, 0.00, 0.00, 0.00, 0.00, 0.00, 1.00, 0.00, 0.00, 0.00, 0.00, 0.00, 1.00, 0.00, 0.00
94,  0,  3.125,  0.98,  1, 0.01, 0.11, 1.29, 0.16, 0.00, 0.27, 0.00, 1.16, 0.79, 1.47, 0.16, 0.07, 0.36, 0.56, 0.00, 1.04, 0.15, 0.00, 1.00, 1.00, 0.00, 0.00, 0.00, 0.00, 0.00, 0.00, 1.00, 0.00, 0.00, 0.00, 0.00, 0.00, 1.00, 0.00, 0.00
95,  0,  3.159,  0.98,  1, 0.01, 0.08, 1.24, 0.08, 0.00, 0.20, 0.00, 1.36, 0.89, 1.76, 0.23, 0.25, 0.43, 0.84, 0.00, 1.15, 0.10, 0.00, 1.00, 1.00, 0.00, 0.00, 0.00, 0.00, 0.00, 0.00, 1.00, 0.00, 1.00, 0.00, 0.00, 0.00, 1.00, 0.00, 0.00
96,  0,  3.192,  0.98,  1, 0.00, 0.08, 1.28, 0.04, 0.00, 0.20, 0.00, 1.44, 0.92, 2.09, 0.29, 0.57, 0.57, 1.27, 0.00, 1.05, 0.06, 0.00, 1.00, 1.00, 0.00, 0.00, 0.00, 0.00, 1.00, 0.00, 1.00, 1.00, 1.00, 1.00, 0.00, 0.00, 1.00, 0.00, 0.00
97,  0,  3.226,  0.98,  1, 0.00, 0.05, 1.22, 0.04, 0.00, 0.09, 0.00, 1.60, 0.98, 2.44, 0.36, 0.80, 0.74, 1.58, 0.00, 1.03, 0.14, 0.00, 1.00, 1.00, 0.00, 0.00, 0.00, 0.00, 1.00, 0.00, 1.00, 1.00, 1.00, 1.00, 0.00, 0.00, 1.00, 0.00, 0.00
98,  0,  3.260,  0.98,  1, 0.00, 0.05, 1.15, 0.04, 0.02, 0.00, 0.00, 1.50, 1.01, 2.55, 0.58, 0.97, 0.90, 1.87, 0.00, 0.90, 0.35, 0.00, 1.00, 1.00, 0.00, 0.00, 0.00, 0.00, 1.00, 0.00, 1.00, 1.00, 1.00, 1.00, 0.00, 0.00, 1.00, 0.00, 0.00
99,  0,  3.293,  0.98,  1, 0.00, 0.01, 1.12, 0.00, 0.05, 0.00, 0.00, 1.45, 1.04, 2.60, 0.72, 0.97, 1.04, 1.88, 0.00, 0.82, 0.52, 0.00, 1.00, 1.00, 0.00, 0.00, 0.00, 0.00, 1.00, 0.00, 1.00, 1.00, 1.00, 1.00, 0.00, 0.00, 0.00, 0.00, 0.00
100,  0,  3.327,  0.98,  1, 0.00, 0.03, 1.09, 0.00, 0.10, 0.00, 0.00, 1.28, 1.05, 2.44, 0.72, 0.99, 1.05, 1.76, 0.00, 0.60, 0.54, 0.00, 1.00, 1.00, 0.00, 0.00, 0.00, 0.00, 1.00, 0.00, 1.00, 1.00, 1.00, 1.00, 0.00, 0.00, 0.00, 0.00, 0.00
101,  0,  3.361,  0.98,  1, 0.00, 0.03, 1.08, 0.00, 0.13, 0.00, 0.00, 1.20, 1.01, 2.46, 0.69, 0.83, 1.07, 1.61, 0.00, 0.51, 0.44, 0.00, 1.00, 1.00, 0.00, 0.00, 0.00, 0.00, 1.00, 0.00, 1.00, 1.00, 1.00, 1.00, 0.00, 0.00, 0.00, 0.00, 0.00
102,  0,  3.394,  0.98,  1, 0.00, 0.03, 1.11, 0.00, 0.13, 0.00, 0.00, 1.27, 1.05, 2.48, 0.74, 0.85, 0.93, 1.47, 0.00, 0.61, 0.33, 0.00, 1.00, 1.00, 0.00, 0.00, 0.00, 0.00, 1.00, 0.00, 1.00, 1.00, 1.00, 1.00, 0.00, 0.00, 0.00, 0.00, 0.00
103,  0,  3.428,  0.98,  1, 0.00, 0.00, 1.21, 0.00, 0.11, 0.00, 0.00, 1.26, 1.02, 2.71, 0.81, 0.92, 0.91, 1.45, 0.00, 0.64, 0.43, 0.00, 1.00, 1.00, 0.00, 0.00, 0.00, 0.00, 1.00, 0.00, 1.00, 1.00, 1.00, 1.00, 0.00, 0.00, 0.00, 0.00, 0.00
104,  0,  3.461,  0.98,  1, 0.00, 0.03, 1.32, 0.00, 0.08, 0.00, 0.00, 1.25, 1.00, 2.75, 0.77, 1.09, 0.83, 1.40, 0.00, 0.68, 0.49, 0.00, 1.00, 1.00, 0.00, 0.00, 0.00, 0.00, 1.00, 0.00, 1.00, 1.00, 1.00, 1.00, 0.00, 0.00, 0.00, 0.00, 0.00
105,  0,  3.495,  0.98,  1, 0.00, 0.03, 1.38, 0.00, 0.05, 0.00, 0.00, 1.06, 0.99, 2.73, 0.78, 1.11, 0.87, 1.37, 0.00, 0.58, 0.60, 0.00, 1.00, 1.00, 0.00, 0.00, 0.00, 0.00, 1.00, 0.00, 1.00, 1.00, 1.00, 1.00, 0.00, 0.00, 0.00, 0.00, 0.00
106,  0,  3.529,  0.98,  1, 0.00, 0.03, 1.46, 0.00, 0.02, 0.00, 0.00, 0.98, 0.97, 2.75, 0.86, 1.03, 0.76, 1.25, 0.00, 0.60, 0.58, 0.00, 1.00, 1.00, 0.00, 0.00, 0.00, 0.00, 0.00, 0.00, 1.00, 1.00, 1.00, 1.00, 0.00, 0.00, 0.00, 0.00, 0.00
107,  0,  3.562,  0.98,  1, 0.00, 0.00, 1.39, 0.00, 0.00, 0.00, 0.00, 0.86, 0.96, 2.77, 0.89, 0.93, 0.77, 1.16, 0.00, 0.68, 0.55, 0.00, 1.00, 1.00, 0.00, 0.00, 0.00, 0.00, 0.00, 0.00, 1.00, 1.00, 1.00, 1.00, 0.00, 0.00, 0.00, 0.00, 0.00
108,  0,  3.596,  0.98,  1, 0.00, 0.00, 1.32, 0.00, 0.02, 0.00, 0.00, 0.74, 0.89, 2.76, 0.91, 0.91, 0.76, 1.11, 0.00, 0.72, 0.52, 0.00, 1.00, 1.00, 0.00, 0.00, 0.00, 0.00, 0.00, 0.00, 1.00, 1.00, 1.00, 1.00, 0.00, 0.00, 0.00, 0.00, 0.00
109,  0,  3.629,  0.98,  1, 0.00, 0.01, 1.20, 0.01, 0.02, 0.00, 0.00, 0.62, 0.83, 2.70, 0.86, 0.90, 0.88, 1.13, 0.00, 0.78, 0.55, 0.00, 1.00, 1.00, 0.00, 0.00, 0.00, 0.00, 0.00, 0.00, 1.00, 1.00, 1.00, 1.00, 0.00, 0.00, 0.00, 0.00, 0.00
110,  0,  3.663,  0.98,  1, 0.00, 0.03, 1.24, 0.01, 0.02, 0.00, 0.00, 0.57, 0.72, 2.66, 0.90, 0.91, 1.04, 1.14, 0.00, 0.77, 0.62, 0.00, 1.00, 1.00, 0.00, 0.00, 0.00, 0.00, 0.00, 0.00, 1.00, 1.00, 1.00, 1.00, 0.00, 0.00, 0.00, 0.00, 0.00
111,  0,  3.697,  0.98,  1, 0.00, 0.08, 1.26, 0.03, 0.00, 0.00, 0.00, 0.59, 0.70, 2.57, 0.84, 0.89, 1.23, 1.10, 0.00, 0.77, 0.61, 0.00, 1.00, 1.00, 0.00, 0.00, 0.00, 0.00, 0.00, 0.00, 1.00, 1.00, 1.00, 1.00, 0.00, 0.00, 0.00, 0.00, 0.00
112,  0,  3.730,  0.98,  1, 0.00, 0.07, 1.30, 0.02, 0.00, 0.00, 0.00, 0.61, 0.64, 2.42, 0.82, 0.85, 1.35, 1.07, 0.00, 0.78, 0.56, 0.00, 1.00, 1.00, 0.00, 0.00, 0.00, 0.00, 0.00, 0.00, 1.00, 1.00, 1.00, 1.00, 0.00, 0.00, 0.00, 1.00, 0.00
113,  0,  3.764,  0.98,  1, 0.00, 0.06, 1.30, 0.02, 0.00, 0.00, 0.00, 0.66, 0.63, 2.32, 0.70, 0.81, 1.37, 1.04, 0.00, 0.76, 0.50, 0.00, 1.00, 1.00, 0.00, 0.00, 0.00, 0.00, 0.00, 0.00, 1.00, 1.00, 1.00, 1.00, 0.00, 0.00, 0.00, 1.00, 0.00
114,  0,  3.797,  0.98,  1, 0.00, 0.01, 1.29, 0.07, 0.00, 0.00, 0.00, 0.70, 0.59, 2.24, 0.67, 0.74, 1.27, 1.06, 0.00, 0.73, 0.44, 0.00, 1.00, 1.00, 0.00, 0.00, 0.00, 0.00, 0.00, 0.00, 1.00, 1.00, 1.00, 1.00, 0.00, 0.00, 0.00, 1.00, 0.00
115,  0,  3.831,  0.98,  1, 0.00, 0.01, 1.21, 0.09, 0.03, 0.00, 0.00, 0.69, 0.64, 2.29, 0.56, 0.77, 1.13, 1.02, 0.00, 0.65, 0.47, 0.00, 1.00, 1.00, 0.00, 0.00, 0.00, 0.00, 0.00, 0.00, 1.00, 1.00, 1.00, 1.00, 0.00, 0.00, 0.00, 1.00, 0.00
116,  0,  3.865,  0.98,  1, 0.00, 0.12, 1.20, 0.09, 0.03, 0.00, 0.00, 0.67, 0.68, 2.30, 0.57, 0.84, 1.13, 0.96, 0.00, 0.63, 0.59, 0.00, 1.00, 1.00, 0.00, 0.00, 0.00, 0.00, 0.00, 0.00, 1.00, 1.00, 1.00, 1.00, 0.00, 0.00, 0.00, 1.00, 0.00
117,  0,  3.898,  0.98,  1, 0.00, 0.15, 1.12, 0.05, 0.02, 0.00, 0.00, 0.59, 0.65, 2.26, 0.54, 0.87, 1.16, 0.94, 0.00, 0.64, 0.72, 0.00, 1.00, 1.00, 0.00, 0.00, 0.00, 0.00, 0.00, 0.00, 1.00, 1.00, 1.00, 1.00, 0.00, 0.00, 0.00, 1.00, 1.00
118,  0,  3.932,  0.98,  1, 0.00, 0.23, 1.20, 0.02, 0.00, 0.00, 0.00, 0.63, 0.58, 2.15, 0.59, 0.92, 1.22, 0.98, 0.00, 0.65, 0.78, 0.00, 1.00, 1.00, 0.00, 0.00, 0.00, 0.00, 0.00, 0.00, 1.00, 1.00, 1.00, 1.00, 0.00, 0.00, 0.00, 1.00, 1.00
119,  0,  3.965,  0.98,  1, 0.00, 0.12, 1.26, 0.02, 0.00, 0.00, 0.00, 0.65, 0.54, 2.11, 0.56, 0.93, 1.12, 1.06, 0.00, 0.71, 0.71, 0.00, 1.00, 1.00, 0.00, 0.00, 0.00, 0.00, 0.00, 0.00, 1.00, 1.00, 1.00, 1.00, 0.00, 0.00, 0.00, 1.00, 1.00
120,  0,  3.999,  0.98,  1, 0.00, 0.09, 1.31, 0.00, 0.00, 0.00, 0.00, 0.70, 0.60, 2.21, 0.72, 1.14, 1.09, 1.05, 0.00, 0.88, 0.64, 0.00, 1.00, 1.00, 0.00, 0.00, 0.00, 0.00, 0.00, 0.00, 1.00, 1.00, 1.00, 1.00, 0.00, 0.00, 0.00, 1.00, 1.00
121,  0,  4.033,  0.98,  1, 0.00, 0.00, 1.38, 0.00, 0.00, 0.00, 0.00, 0.73, 0.69, 2.33, 0.82, 1.32, 1.10, 1.00, 0.00, 0.99, 0.46, 0.00, 1.00, 1.00, 0.00, 0.00, 0.00, 0.00, 0.00, 0.00, 1.00, 1.00, 1.00, 1.00, 0.00, 0.00, 0.00, 1.00, 1.00
122,  0,  4.066,  0.98,  1, 0.00, 0.00, 1.34, 0.00, 0.05, 0.00, 0.00, 0.81, 0.77, 2.42, 0.95, 1.53, 1.09, 0.95, 0.00, 1.03, 0.25, 0.00, 1.00, 1.00, 0.00, 0.00, 0.00, 0.00, 0.00, 0.00, 1.00, 1.00, 1.00, 1.00, 0.00, 0.00, 0.00, 1.00, 1.00
123,  0,  4.100,  0.98,  1, 0.00, 0.00, 1.46, 0.00, 0.07, 0.00, 0.00, 0.90, 0.76, 2.44, 0.97, 1.49, 1.02, 0.90, 0.00, 0.92, 0.18, 0.00, 1.00, 1.00, 0.00, 0.00, 0.00, 0.00, 0.00, 0.00, 1.00, 1.00, 1.00, 1.00, 0.00, 0.00, 0.00, 1.00, 1.00
124,  0,  4.133,  0.98,  1, 0.00, 0.00, 1.42, 0.00, 0.07, 0.00, 0.00, 0.91, 0.71, 2.50, 1.03, 1.40, 0.94, 0.87, 0.00, 0.86, 0.29, 0.00, 1.00, 1.00, 0.00, 0.00, 0.00, 0.00, 0.00, 0.00, 1.00, 1.00, 1.00, 1.00, 0.00, 0.00, 0.00, 1.00, 1.00
125,  0,  4.167,  0.98,  1, 0.00, 0.00, 1.48, 0.00, 0.02, 0.00, 0.00, 0.86, 0.65, 2.50, 1.04, 1.26, 0.95, 0.90, 0.00, 0.78, 0.54, 0.00, 1.00, 1.00, 0.00, 0.00, 0.00, 0.00, 0.00, 0.00, 1.00, 1.00, 1.00, 1.00, 0.00, 0.00, 0.00, 1.00, 1.00
126,  0,  4.201,  0.98,  1, 0.00, 0.00, 1.38, 0.00, 0.00, 0.00, 0.00, 0.79, 0.59, 2.55, 1.04, 1.28, 0.95, 0.97, 0.00, 0.72, 0.63, 0.00, 1.00, 1.00, 0.00, 0.00, 0.00, 0.00, 0.00, 0.00, 1.00, 1.00, 1.00, 1.00, 0.00, 0.00, 0.00, 1.00, 1.00
127,  0,  4.234,  0.98,  1, 0.00, 0.00, 1.37, 0.00, 0.00, 0.00, 0.00, 0.74, 0.59, 2.45, 0.95, 1.28, 0.88, 0.97, 0.00, 0.61, 0.67, 0.00, 1.00, 1.00, 0.00, 0.00, 0.00, 0.00, 0.00, 0.00, 1.00, 1.00, 1.00, 1.00, 0.00, 0.00, 0.00, 1.00, 1.00
128,  0,  4.268,  0.98,  1, 0.00, 0.02, 1.34, 0.00, 0.00, 0.00, 0.00, 0.70, 0.60, 2.36, 0.91, 1.36, 0.87, 0.94, 0.00, 0.48, 0.71, 0.00, 1.00, 1.00, 0.00, 0.00, 0.00, 0.00, 0.00, 0.00, 1.00, 1.00, 1.00, 1.00, 0.00, 0.00, 0.00, 1.00, 1.00
129,  0,  4.301,  0.98,  1, 0.00, 0.02, 1.36, 0.00, 0.00, 0.00, 0.00, 0.73, 0.60, 2.24, 0.85, 1.35, 0.91, 0.91, 0.00, 0.32, 0.80, 0.00, 1.00, 1.00, 0.00, 0.00, 0.00, 0.00, 0.00, 0.00, 1.00, 1.00, 1.00, 1.00, 0.00, 0.00, 0.00, 1.00, 1.00
130,  0,  4.335,  0.98,  1, 0.01, 0.18, 1.39, 0.00, 0.00, 0.00, 0.00, 0.79, 0.57, 2.24, 0.84, 1.30, 1.03, 0.90, 0.00, 0.27, 0.87, 0.00, 1.00, 1.00, 0.00, 0.00, 0.00, 0.00, 0.00, 0.00, 1.00, 1.00, 1.00, 1.00, 0.00, 0.00, 0.00, 1.00, 1.00
131,  0,  4.369,  0.98,  1, 0.01, 0.28, 1.45, 0.00, 0.00, 0.00, 0.00, 0.85, 0.56, 2.22, 0.77, 1.15, 1.02, 0.85, 0.00, 0.35, 0.82, 0.00, 1.00, 1.00, 0.00, 0.00, 0.00, 0.00, 0.00, 0.00, 1.00, 1.00, 1.00, 1.00, 0.00, 0.00, 0.00, 1.00, 1.00
132,  0,  4.402,  0.98,  1, 0.01, 0.32, 1.41, 0.01, 0.01, 0.00, 0.00, 0.86, 0.57, 2.21, 0.69, 1.06, 1.04, 0.82, 0.00, 0.44, 0.82, 0.00, 1.00, 1.00, 0.00, 0.00, 0.00, 0.00, 0.00, 0.00, 1.00, 1.00, 1.00, 1.00, 0.00, 0.00, 0.00, 1.00, 1.00
133,  0,  4.436,  0.98,  1, 0.00, 0.15, 1.32, 0.01, 0.01, 0.00, 0.00, 0.93, 0.59, 2.18, 0.59, 0.91, 1.08, 0.79, 0.00, 0.47, 0.80, 0.00, 1.00, 1.00, 0.00, 0.00, 0.00, 0.00, 0.00, 0.00, 1.00, 1.00, 1.00, 1.00, 0.00, 0.00, 0.00, 1.00, 1.00
134,  0,  4.469,  0.98,  1, 0.00, 0.09, 1.27, 0.01, 0.01, 0.00, 0.00, 0.92, 0.59, 2.15, 0.64, 0.89, 1.07, 0.78, 0.00, 0.37, 0.74, 0.00, 1.00, 1.00, 0.00, 0.00, 0.00, 0.00, 0.00, 0.00, 1.00, 1.00, 1.00, 1.00, 0.00, 0.00, 0.00, 1.00, 1.00
135,  0,  4.503,  0.98,  1, 0.00, 0.05, 1.25, 0.00, 0.02, 0.00, 0.00, 0.89, 0.59, 2.19, 0.69, 0.83, 1.14, 0.74, 0.00, 0.32, 0.67, 0.00, 1.00, 1.00, 0.00, 0.00, 0.00, 0.00, 0.00, 0.00, 1.00, 1.00, 1.00, 1.00, 0.00, 0.00, 0.00, 1.00, 1.00
136,  0,  4.537,  0.98,  1, 0.00, 0.14, 1.24, 0.00, 0.01, 0.00, 0.00, 0.82, 0.59, 2.18, 0.81, 0.90, 1.07, 0.84, 0.00, 0.35, 0.63, 0.00, 1.00, 1.00, 0.00, 0.00, 0.00, 0.00, 0.00, 0.00, 1.00, 0.00, 1.00, 1.00, 0.00, 0.00, 0.00, 1.00, 1.00
137,  0,  4.570,  0.98,  1, 0.00, 0.11, 1.11, 0.00, 0.01, 0.00, 0.00, 0.83, 0.59, 2.18, 0.90, 0.91, 1.09, 0.93, 0.00, 0.50, 0.57, 0.00, 1.00, 1.00, 0.00, 0.00, 0.00, 0.00, 0.00, 0.00, 1.00, 0.00, 1.00, 1.00, 0.00, 0.00, 0.00, 1.00, 1.00
138,  0,  4.604,  0.98,  1, 0.00, 0.23, 1.11, 0.00, 0.00, 0.00, 0.00, 0.85, 0.56, 2.14, 0.83, 0.86, 0.99, 0.97, 0.00, 0.59, 0.54, 0.00, 1.00, 1.00, 0.00, 0.00, 0.00, 0.00, 0.00, 0.00, 1.00, 0.00, 1.00, 1.00, 0.00, 0.00, 0.00, 1.00, 1.00
139,  0,  4.638,  0.98,  1, 0.00, 0.14, 1.12, 0.00, 0.00, 0.00, 0.00, 0.82, 0.56, 2.14, 0.74, 0.84, 0.94, 0.86, 0.00, 0.57, 0.46, 0.00, 1.00, 1.00, 0.00, 0.00, 0.00, 0.00, 0.00, 0.00, 1.00, 0.00, 1.00, 1.00, 0.00, 0.00, 0.00, 1.00, 1.00
140,  0,  4.671,  0.98,  1, 0.00, 0.12, 1.27, 0.00, 0.00, 0.00, 0.00, 0.77, 0.56, 2.20, 0.67, 0.78, 0.79, 0.79, 0.00, 0.41, 0.51, 0.00, 1.00, 1.00, 0.00, 0.00, 0.00, 0.00, 0.00, 0.00, 1.00, 0.00, 1.00, 1.00, 0.00, 0.00, 0.00, 1.00, 0.00
141,  0,  4.705,  0.98,  1, 0.00, 0.00, 1.31, 0.00, 0.02, 0.00, 0.00, 0.77, 0.56, 2.24, 0.76, 0.77, 0.76, 0.75, 0.00, 0.40, 0.48, 0.00, 1.00, 1.00, 0.00, 0.00, 0.00, 0.00, 0.00, 0.00, 1.00, 0.00, 1.00, 1.00, 0.00, 0.00, 0.00, 1.00, 0.00
142,  0,  4.738,  0.98,  1, 0.00, 0.13, 1.40, 0.00, 0.02, 0.00, 0.00, 0.78, 0.51, 2.24, 0.72, 0.80, 0.60, 0.77, 0.00, 0.40, 0.49, 0.00, 1.00, 1.00, 0.00, 0.00, 0.00, 0.00, 0.00, 0.00, 1.00, 0.00, 1.00, 1.00, 0.00, 0.00, 0.00, 1.00, 0.00
143,  0,  4.772,  0.98,  1, 0.00, 0.25, 1.41, 0.00, 0.04, 0.00, 0.00, 0.78, 0.51, 2.22, 0.57, 0.78, 0.69, 0.73, 0.00, 0.44, 0.54, 0.00, 1.00, 1.00, 0.00, 0.00, 0.00, 0.00, 0.00, 0.00, 1.00, 0.00, 1.00, 1.00, 0.00, 0.00, 0.00, 1.00, 0.00
144,  0,  4.806,  0.98,  1, 0.00, 0.35, 1.41, 0.00, 0.01, 0.00, 0.00, 0.80, 0.51, 2.16, 0.51, 0.75, 0.67, 0.71, 0.00, 0.39, 0.61, 0.00, 1.00, 1.00, 0.00, 0.00, 0.00, 0.00, 0.00, 0.00, 1.00, 0.00, 1.00, 1.00, 0.00, 0.00, 0.00, 1.00, 1.00
145,  0,  4.839,  0.98,  1, 0.00, 0.28, 1.35, 0.00, 0.01, 0.00, 0.00, 0.87, 0.52, 2.07, 0.59, 0.76, 0.71, 0.71, 0.00, 0.38, 0.60, 0.00, 1.00, 1.00, 0.00, 0.00, 0.00, 0.00, 0.00, 0.00, 1.00, 0.00, 1.00, 1.00, 0.00, 0.00, 0.00, 1.00, 1.00
146,  0,  4.873,  0.98,  1, 0.00, 0.23, 1.30, 0.00, 0.00, 0.00, 0.00, 0.92, 0.52, 1.99, 0.63, 0.84, 0.44, 0.74, 0.00, 0.37, 0.52, 0.00, 1.00, 1.00, 0.00, 0.00, 0.00, 0.00, 0.00, 0.00, 1.00, 0.00, 1.00, 1.00, 0.00, 0.00, 0.00, 1.00, 1.00
147,  0,  4.906,  0.98,  1, 0.00, 0.18, 1.34, 0.00, 0.00, 0.00, 0.00, 0.93, 0.57, 2.04, 0.49, 0.92, 0.38, 0.80, 0.00, 0.46, 0.54, 0.00, 1.00, 1.00, 0.00, 0.00, 0.00, 0.00, 0.00, 0.00, 1.00, 1.00, 1.00, 1.00, 0.00, 0.00, 0.00, 1.00, 1.00
148,  0,  4.940,  0.98,  1, 0.00, 0.13, 1.37, 0.00, 0.03, 0.00, 0.00, 0.94, 0.66, 2.12, 0.47, 0.96, 0.34, 0.87, 0.00, 0.48, 0.67, 0.00, 1.00, 1.00, 0.00, 0.00, 0.00, 0.00, 0.00, 0.00, 1.00, 1.00, 1.00, 1.00, 0.00, 0.00, 0.00, 1.00, 1.00
149,  0,  4.974,  0.98,  1, 0.00, 0.05, 1.37, 0.00, 0.06, 0.00, 0.00, 0.97, 0.72, 2.33, 0.47, 1.07, 0.41, 0.89, 0.00, 0.53, 0.75, 0.00, 1.00, 1.00, 0.00, 0.00, 0.00, 0.00, 0.00, 0.00, 1.00, 1.00, 1.00, 1.00, 0.00, 0.00, 0.00, 1.00, 1.00
150,  0,  5.007,  0.98,  1, 0.06, 0.09, 1.43, 0.00, 0.06, 0.00, 0.00, 0.94, 0.73, 2.29, 0.55, 1.30, 0.25, 0.87, 0.00, 0.43, 0.70, 0.00, 1.00, 1.00, 0.00, 0.00, 0.00, 0.00, 0.00, 0.00, 1.00, 1.00, 1.00, 1.00, 0.00, 0.00, 0.00, 1.00, 1.00
151,  0,  5.041,  0.98,  1, 0.10, 0.16, 1.45, 0.00, 0.04, 0.00, 0.00, 0.97, 0.70, 2.35, 0.50, 1.47, 0.13, 0.80, 0.00, 0.37, 0.64, 0.00, 1.00, 1.00, 0.00, 0.00, 0.00, 0.00, 0.00, 0.00, 1.00, 1.00, 1.00, 1.00, 0.00, 0.00, 0.00, 1.00, 1.00
152,  0,  5.074,  0.98,  1, 0.10, 0.19, 1.47, 0.00, 0.02, 0.00, 0.00, 0.94, 0.62, 2.27, 0.58, 1.56, 0.05, 0.78, 0.00, 0.36, 0.62, 0.00, 1.00, 1.00, 0.00, 0.00, 0.00, 0.00, 0.00, 0.00, 1.00, 1.00, 1.00, 1.00, 0.00, 0.00, 0.00, 1.00, 1.00
153,  0,  5.108,  0.98,  1, 0.04, 0.14, 1.35, 0.00, 0.02, 0.00, 0.00, 0.99, 0.60, 2.27, 0.62, 1.47, 0.11, 0.80, 0.00, 0.47, 0.43, 0.00, 1.00, 1.00, 0.00, 0.00, 0.00, 0.00, 0.00, 0.00, 1.00, 1.00, 1.00, 1.00, 0.00, 0.00, 0.00, 1.00, 0.00
154,  0,  5.142,  0.98,  1, 0.00, 0.11, 1.34, 0.00, 0.00, 0.00, 0.00, 0.95, 0.60, 2.24, 0.75, 1.40, 0.18, 0.84, 0.00, 0.57, 0.24, 0.00, 1.00, 1.00, 0.00, 0.00, 0.00, 0.00, 0.00, 0.00, 1.00, 1.00, 1.00, 1.00, 0.00, 0.00, 0.00, 1.00, 0.00
155,  0,  5.175,  0.98,  1, 0.00, 0.08, 1.29, 0.00, 0.00, 0.00, 0.00, 1.00, 0.68, 2.26, 0.75, 1.38, 0.23, 0.88, 0.00, 0.49, 0.12, 0.00, 1.00, 1.00, 0.00, 0.00, 0.00, 0.00, 0.00, 0.00, 1.00, 1.00, 1.00, 1.00, 0.00, 0.00, 0.00, 1.00, 0.00
156,  0,  5.209,  0.98,  1, 0.00, 0.09, 1.36, 0.00, 0.00, 0.00, 0.00, 1.00, 0.67, 2.34, 0.79, 1.37, 0.20, 0.94, 0.00, 0.45, 0.14, 0.00, 1.00, 1.00, 0.00, 0.00, 0.00, 0.00, 0.00, 0.00, 1.00, 1.00, 1.00, 1.00, 0.00, 0.00, 0.00, 1.00, 0.00
157,  0,  5.242,  0.98,  1, 0.00, 0.13, 1.32, 0.00, 0.00, 0.00, 0.00, 0.93, 0.70, 2.37, 0.73, 1.30, 0.18, 0.99, 0.00, 0.37, 0.12, 0.00, 1.00, 1.00, 0.00, 0.00, 0.00, 0.00, 0.00, 0.00, 1.00, 1.00, 1.00, 1.00, 0.00, 0.00, 0.00, 1.00, 0.00
158,  0,  5.276,  0.98,  1, 0.00, 0.12, 1.42, 0.00, 0.00, 0.00, 0.00, 0.85, 0.68, 2.40, 0.69, 1.19, 0.19, 1.02, 0.00, 0.40, 0.12, 0.00, 1.00, 1.00, 0.00, 0.00, 0.00, 0.00, 0.00, 0.00, 1.00, 1.00, 1.00, 1.00, 0.00, 0.00, 0.00, 1.00, 0.00
159,  0,  5.310,  0.98,  1, 0.00, 0.13, 1.37, 0.00, 0.00, 0.00, 0.00, 0.80, 0.70, 2.33, 0.65, 1.12, 0.18, 0.97, 0.00, 0.29, 0.12, 0.00, 1.00, 1.00, 0.00, 0.00, 0.00, 0.00, 0.00, 0.00, 1.00, 1.00, 1.00, 1.00, 0.00, 0.00, 0.00, 1.00, 0.00
160,  0,  5.343,  0.98,  1, 0.00, 0.10, 1.30, 0.00, 0.00, 0.00, 0.00, 0.80, 0.66, 2.35, 0.62, 1.14, 0.18, 0.94, 0.00, 0.34, 0.24, 0.00, 1.00, 1.00, 0.00, 0.00, 0.00, 0.00, 0.00, 0.00, 1.00, 1.00, 1.00, 1.00, 0.00, 0.00, 0.00, 1.00, 0.00
161,  0,  5.377,  0.98,  1, 0.00, 0.10, 1.18, 0.00, 0.00, 0.00, 0.00, 0.77, 0.64, 2.30, 0.56, 1.14, 0.23, 0.90, 0.00, 0.28, 0.33, 0.00, 1.00, 1.00, 0.00, 0.00, 0.00, 0.00, 0.00, 0.00, 1.00, 0.00, 1.00, 1.00, 0.00, 0.00, 0.00, 1.00, 0.00
162,  0,  5.410,  0.98,  1, 0.00, 0.08, 1.14, 0.00, 0.00, 0.00, 0.00, 0.70, 0.62, 2.35, 0.44, 1.15, 0.18, 0.93, 0.00, 0.26, 0.48, 0.00, 1.00, 1.00, 0.00, 0.00, 0.00, 0.00, 0.00, 0.00, 1.00, 0.00, 1.00, 1.00, 0.00, 0.00, 0.00, 1.00, 0.00
163,  0,  5.444,  0.98,  1, 0.00, 0.15, 1.18, 0.00, 0.01, 0.00, 0.00, 0.72, 0.62, 2.28, 0.39, 1.11, 0.22, 0.92, 0.00, 0.10, 0.44, 0.00, 1.00, 1.00, 0.00, 0.00, 0.00, 0.00, 0.00, 0.00, 1.00, 0.00, 1.00, 1.00, 0.00, 0.00, 0.00, 1.00, 0.00
164,  0,  5.478,  0.98,  1, 0.00, 0.26, 1.16, 0.00, 0.01, 0.00, 0.00, 0.73, 0.62, 2.23, 0.42, 1.09, 0.24, 0.93, 0.00, 0.06, 0.34, 0.00, 1.00, 1.00, 0.00, 0.00, 0.00, 0.00, 0.00, 0.00, 1.00, 0.00, 1.00, 1.00, 0.00, 0.00, 0.00, 1.00, 0.00
165,  0,  5.511,  0.98,  1, 0.00, 0.35, 1.15, 0.00, 0.01, 0.00, 0.00, 0.80, 0.62, 2.13, 0.40, 1.08, 0.31, 0.91, 0.00, 0.03, 0.18, 0.00, 1.00, 1.00, 0.00, 0.00, 0.00, 0.00, 0.00, 0.00, 1.00, 0.00, 1.00, 1.00, 0.00, 0.00, 0.00, 1.00, 0.00
166,  0,  5.545,  0.98,  1, 0.00, 0.28, 1.15, 0.00, 0.00, 0.00, 0.00, 0.82, 0.60, 2.13, 0.43, 1.14, 0.35, 0.94, 0.00, 0.03, 0.26, 0.00, 1.00, 1.00, 0.00, 0.00, 0.00, 0.00, 0.00, 0.00, 1.00, 0.00, 1.00, 1.00, 0.00, 0.00, 0.00, 1.00, 0.00
167,  0,  5.578,  0.98,  1, 0.00, 0.21, 1.16, 0.00, 0.00, 0.00, 0.00, 0.88, 0.57, 2.13, 0.44, 1.09, 0.30, 0.93, 0.00, 0.07, 0.34, 0.00, 1.00, 1.00, 0.00, 0.00, 0.00, 0.00, 0.00, 0.00, 1.00, 0.00, 1.00, 1.00, 0.00, 0.00, 0.00, 1.00, 0.00
168,  0,  5.612,  0.98,  1, 0.00, 0.19, 1.17, 0.00, 0.00, 0.00, 0.00, 0.93, 0.56, 2.10, 0.48, 0.95, 0.38, 0.89, 0.00, 0.08, 0.47, 0.00, 1.00, 1.00, 0.00, 0.00, 0.00, 0.00, 0.00, 0.00, 1.00, 0.00, 1.00, 1.00, 0.00, 0.00, 0.00, 1.00, 0.00
169,  0,  5.646,  0.98,  1, 0.00, 0.27, 1.25, 0.00, 0.00, 0.00, 0.00, 0.95, 0.55, 2.06, 0.57, 0.83, 0.39, 0.84, 0.00, 0.10, 0.44, 0.00, 1.00, 1.00, 0.00, 0.00, 0.00, 0.00, 0.00, 0.00, 1.00, 0.00, 1.00, 1.00, 0.00, 0.00, 0.00, 1.00, 0.00
170,  0,  5.679,  0.98,  1, 0.00, 0.23, 1.25, 0.00, 0.00, 0.00, 0.00, 0.89, 0.54, 2.07, 0.65, 0.85, 0.50, 0.81, 0.00, 0.14, 0.34, 0.00, 1.00, 1.00, 0.00, 0.00, 0.00, 0.00, 0.00, 0.00, 1.00, 0.00, 1.00, 1.00, 0.00, 0.00, 0.00, 1.00, 0.00
171,  0,  5.713,  0.98,  1, 0.00, 0.15, 1.24, 0.00, 0.00, 0.00, 0.00, 0.87, 0.55, 2.17, 0.79, 0.89, 0.48, 0.83, 0.00, 0.14, 0.39, 0.00, 1.00, 1.00, 0.00, 0.00, 0.00, 0.00, 0.00, 0.00, 1.00, 0.00, 1.00, 1.00, 0.00, 0.00, 0.00, 1.00, 0.00
172,  0,  5.746,  0.98,  1, 0.00, 0.12, 1.19, 0.00, 0.00, 0.00, 0.00, 0.85, 0.57, 2.12, 0.85, 0.87, 0.46, 0.80, 0.00, 0.21, 0.40, 0.00, 1.00, 1.00, 0.00, 0.00, 0.00, 0.00, 0.00, 0.00, 1.00, 0.00, 1.00, 1.00, 0.00, 0.00, 0.00, 1.00, 1.00
173,  0,  5.780,  0.98,  1, 0.00, 0.15, 1.34, 0.00, 0.00, 0.00, 0.00, 0.92, 0.60, 2.04, 0.87, 0.82, 0.36, 0.81, 0.00, 0.13, 0.57, 0.00, 1.00, 1.00, 0.00, 0.00, 0.00, 0.00, 0.00, 0.00, 1.00, 0.00, 1.00, 1.00, 0.00, 0.00, 0.00, 1.00, 1.00
174,  0,  5.814,  0.98,  1, 0.00, 0.21, 1.42, 0.00, 0.00, 0.00, 0.00, 0.95, 0.62, 1.98, 0.83, 0.76, 0.36, 0.77, 0.00, 0.16, 0.70, 0.00, 1.00, 1.00, 0.00, 0.00, 0.00, 0.00, 0.00, 0.00, 1.00, 0.00, 1.00, 1.00, 0.00, 0.00, 0.00, 1.00, 1.00
175,  0,  5.847,  0.98,  1, 0.00, 0.16, 1.45, 0.00, 0.00, 0.00, 0.00, 0.92, 0.58, 2.07, 0.75, 0.81, 0.35, 0.80, 0.00, 0.18, 0.88, 0.00, 1.00, 1.00, 0.00, 0.00, 0.00, 0.00, 0.00, 0.00, 1.00, 0.00, 1.00, 1.00, 0.00, 0.00, 0.00, 1.00, 1.00
176,  0,  5.881,  0.98,  1, 0.00, 0.12, 1.34, 0.00, 0.00, 0.00, 0.00, 0.85, 0.53, 2.16, 0.78, 0.82, 0.43, 0.79, 0.00, 0.30, 0.95, 0.00, 1.00, 1.00, 0.00, 0.00, 0.00, 0.00, 0.00, 0.00, 1.00, 0.00, 1.00, 1.00, 0.00, 0.00, 0.00, 1.00, 1.00
177,  0,  5.915,  0.98,  1, 0.00, 0.05, 1.29, 0.00, 0.00, 0.00, 0.00, 0.77, 0.46, 2.14, 0.77, 0.97, 0.38, 0.85, 0.00, 0.40, 0.87, 0.00, 1.00, 1.00, 0.00, 0.00, 0.00, 0.00, 0.00, 0.00, 1.00, 0.00, 1.00, 1.00, 0.00, 0.00, 0.00, 1.00, 1.00
178,  0,  5.948,  0.98,  1, 0.00, 0.05, 1.28, 0.00, 0.00, 0.00, 0.00, 0.75, 0.48, 2.00, 0.82, 0.95, 0.41, 0.80, 0.00, 0.42, 0.77, 0.00, 1.00, 1.00, 0.00, 0.00, 0.00, 0.00, 0.00, 0.00, 1.00, 1.00, 1.00, 1.00, 0.00, 0.00, 0.00, 1.00, 1.00
179,  0,  5.982,  0.98,  1, 0.00, 0.13, 1.29, 0.00, 0.00, 0.00, 0.00, 0.85, 0.50, 1.95, 0.74, 0.90, 0.40, 0.74, 0.00, 0.38, 0.60, 0.00, 1.00, 1.00, 0.00, 0.00, 0.00, 0.00, 0.00, 0.00, 1.00, 1.00, 1.00, 1.00, 0.00, 0.00, 0.00, 1.00, 1.00
180,  0,  6.015,  0.98,  1, 0.00, 0.28, 1.27, 0.00, 0.00, 0.00, 0.00, 0.80, 0.53, 1.88, 0.74, 0.78, 0.30, 0.66, 0.00, 0.30, 0.50, 0.00, 1.00, 1.00, 0.00, 0.00, 0.00, 0.00, 0.00, 0.00, 1.00, 0.00, 1.00, 1.00, 0.00, 0.00, 0.00, 1.00, 1.00
181,  0,  6.049,  0.98,  1, 0.00, 0.49, 1.19, 0.00, 0.00, 0.00, 0.00, 0.82, 0.52, 1.93, 0.66, 0.78, 0.17, 0.66, 0.00, 0.38, 0.48, 0.00, 1.00, 1.00, 0.00, 0.00, 0.00, 0.00, 0.00, 0.00, 1.00, 1.00, 1.00, 1.00, 0.00, 0.00, 0.00, 1.00, 1.00
182,  0,  6.083,  0.98,  1, 0.00, 0.52, 1.27, 0.00, 0.00, 0.00, 0.00, 0.79, 0.51, 1.84, 0.58, 0.80, 0.13, 0.66, 0.00, 0.49, 0.55, 0.00, 1.00, 1.00, 0.00, 0.00, 0.00, 0.00, 0.00, 0.00, 1.00, 1.00, 1.00, 1.00, 0.00, 0.00, 0.00, 1.00, 1.00
183,  0,  6.116,  0.98,  1, 0.00, 0.44, 1.32, 0.00, 0.00, 0.00, 0.00, 0.91, 0.54, 1.87, 0.63, 0.80, 0.34, 0.61, 0.00, 0.56, 0.71, 0.00, 1.00, 1.00, 0.00, 0.00, 0.00, 0.00, 0.00, 0.00, 1.00, 1.00, 1.00, 1.00, 0.00, 0.00, 0.00, 1.00, 1.00
184,  0,  6.150,  0.98,  1, 0.00, 0.25, 1.37, 0.00, 0.00, 0.00, 0.00, 0.95, 0.55, 1.81, 0.68, 0.81, 0.53, 0.58, 0.00, 0.53, 0.83, 0.00, 1.00, 1.00, 0.00, 0.00, 0.00, 0.00, 0.00, 0.00, 1.00, 1.00, 1.00, 1.00, 0.00, 0.00, 0.00, 0.00, 1.00
185,  0,  6.183,  0.98,  1, 0.00, 0.17, 1.35, 0.00, 0.00, 0.00, 0.00, 0.92, 0.56, 1.86, 0.78, 0.73, 0.49, 0.57, 0.00, 0.54, 0.88, 0.00, 1.00, 1.00, 0.00, 0.00, 0.00, 0.00, 0.00, 0.00, 1.00, 0.00, 1.00, 1.00, 0.00, 0.00, 0.00, 0.00, 1.00
186,  0,  6.217,  0.98,  1, 0.01, 0.23, 1.37, 0.00, 0.00, 0.00, 0.00, 0.90, 0.54, 1.74, 0.59, 0.64, 0.30, 0.65, 0.00, 0.51, 0.89, 0.00, 1.00, 1.00, 0.00, 0.00, 0.00, 0.00, 0.00, 0.00, 1.00, 1.00, 1.00, 1.00, 0.00, 0.00, 0.00, 0.00, 1.00
187,  0,  6.251,  0.98,  1, 0.01, 0.23, 1.44, 0.00, 0.00, 0.01, 0.00, 0.91, 0.55, 1.71, 0.43, 0.51, 0.23, 0.65, 0.00, 0.50, 0.71, 0.00, 1.00, 1.00, 0.00, 0.00, 0.00, 0.00, 0.00, 0.00, 1.00, 1.00, 1.00, 1.00, 0.00, 0.00, 0.00, 0.00, 1.00
188,  0,  6.284,  0.98,  1, 0.01, 0.19, 1.32, 0.00, 0.00, 0.01, 0.00, 0.91, 0.55, 1.61, 0.39, 0.49, 0.24, 0.63, 0.00, 0.48, 0.58, 0.00, 1.00, 1.00, 0.00, 0.00, 0.00, 0.00, 0.00, 0.00, 1.00, 0.00, 1.00, 1.00, 0.00, 0.00, 0.00, 0.00, 1.00
189,  0,  6.318,  0.98,  1, 0.00, 0.11, 1.30, 0.00, 0.00, 0.01, 0.00, 0.91, 0.54, 1.58, 0.44, 0.46, 0.34, 0.51, 0.00, 0.35, 0.41, 0.00, 1.00, 1.00, 0.00, 0.00, 0.00, 0.00, 0.00, 0.00, 1.00, 0.00, 1.00, 1.00, 0.00, 0.00, 0.00, 0.00, 1.00
190,  0,  6.351,  0.98,  1, 0.00, 0.13, 1.30, 0.00, 0.00, 0.00, 0.00, 0.83, 0.47, 1.44, 0.49, 0.48, 0.30, 0.49, 0.00, 0.17, 0.43, 0.00, 1.00, 1.00, 0.00, 0.00, 0.00, 0.00, 0.00, 0.00, 1.00, 0.00, 1.00, 1.00, 0.00, 0.00, 0.00, 0.00, 1.00
191,  0,  6.385,  0.98,  1, 0.00, 0.24, 1.36, 0.00, 0.00, 0.00, 0.00, 0.87, 0.45, 1.35, 0.40, 0.48, 0.20, 0.45, 0.00, 0.04, 0.28, 0.00, 1.00, 1.00, 0.00, 0.00, 0.00, 0.00, 0.00, 0.00, 1.00, 0.00, 1.00, 0.00, 0.00, 0.00, 0.00, 0.00, 1.00
192,  0,  6.419,  0.98,  1, 0.00, 0.28, 1.27, 0.00, 0.00, 0.00, 0.00, 0.82, 0.44, 1.30, 0.32, 0.48, 0.08, 0.49, 0.00, 0.06, 0.29, 0.00, 1.00, 1.00, 0.00, 0.00, 0.00, 0.00, 0.00, 0.00, 1.00, 0.00, 1.00, 0.00, 0.00, 0.00, 0.00, 0.00, 1.00
193,  0,  6.452,  0.98,  1, 0.00, 0.21, 1.08, 0.00, 0.00, 0.00, 0.00, 0.77, 0.45, 1.33, 0.26, 0.42, 0.02, 0.41, 0.00, 0.10, 0.27, 0.00, 1.00, 1.00, 0.00, 0.00, 0.00, 0.00, 0.00, 0.00, 1.00, 0.00, 1.00, 0.00, 0.00, 0.00, 0.00, 0.00, 1.00
194,  0,  6.486,  0.98,  1, 0.00, 0.09, 1.07, 0.00, 0.00, 0.00, 0.00, 0.64, 0.48, 1.28, 0.29, 0.41, 0.02, 0.43, 0.00, 0.21, 0.39, 0.00, 1.00, 1.00, 0.00, 0.00, 0.00, 0.00, 0.00, 0.00, 1.00, 0.00, 1.00, 0.00, 0.00, 0.00, 0.00, 0.00, 1.00
195,  0,  6.519,  0.98,  1, 0.00, 0.04, 1.16, 0.00, 0.00, 0.00, 0.00, 0.63, 0.44, 1.14, 0.46, 0.39, 0.00, 0.35, 0.00, 0.24, 0.71, 0.00, 1.00, 1.00, 0.00, 0.00, 0.00, 0.00, 0.00, 0.00, 1.00, 0.00, 1.00, 0.00, 0.00, 0.00, 0.00, 0.00, 1.00
196,  0,  6.553,  0.98,  1, 0.00, 0.05, 1.34, 0.00, 0.00, 0.00, 0.00, 0.70, 0.40, 1.12, 0.50, 0.30, 0.02, 0.29, 0.00, 0.31, 1.15, 0.00, 1.00, 1.00, 0.00, 0.00, 0.00, 0.00, 0.00, 0.00, 1.00, 0.00, 1.00, 0.00, 0.00, 0.00, 0.00, 0.00, 1.00
197,  0,  6.587,  0.98,  1, 0.00, 0.18, 1.32, 0.00, 0.00, 0.00, 0.00, 0.70, 0.33, 1.06, 0.49, 0.31, 0.07, 0.27, 0.00, 0.25, 1.41, 0.00, 1.00, 1.00, 0.00, 0.00, 0.00, 0.00, 0.00, 0.00, 1.00, 0.00, 1.00, 0.00, 0.00, 0.00, 0.00, 0.00, 1.00
198,  0,  6.620,  0.98,  1, 0.00, 0.16, 1.22, 0.00, 0.00, 0.00, 0.00, 0.75, 0.35, 1.02, 0.35, 0.18, 0.07, 0.24, 0.00, 0.25, 1.11, 0.00, 1.00, 1.00, 0.00, 0.00, 0.00, 0.00, 0.00, 0.00, 1.00, 0.00, 1.00, 0.00, 0.00, 0.00, 0.00, 0.00, 1.00
199,  0,  6.654,  0.98,  1, 0.00, 0.24, 1.17, 0.00, 0.00, 0.00, 0.00, 0.78, 0.36, 0.84, 0.39, 0.20, 0.09, 0.29, 0.01, 0.20, 0.70, 0.00, 1.00, 1.00, 0.00, 0.00, 0.00, 0.00, 0.00, 0.00, 1.00, 0.00, 1.00, 0.00, 0.00, 0.00, 0.00, 0.00, 1.00
200,  0,  6.687,  0.98,  1, 0.00, 0.23, 1.24, 0.00, 0.00, 0.00, 0.00, 0.83, 0.41, 0.67, 0.40, 0.14, 0.07, 0.28, 0.02, 0.20, 0.49, 0.00, 1.00, 1.00, 0.00, 0.00, 0.00, 0.00, 0.00, 0.00, 1.00, 0.00, 0.00, 0.00, 0.00, 0.00, 0.00, 0.00, 1.00
201,  0,  6.721,  0.98,  1, 0.00, 0.34, 1.33, 0.00, 0.00, 0.00, 0.00, 0.83, 0.41, 0.56, 0.44, 0.19, 0.07, 0.31, 0.02, 0.16, 0.37, 0.00, 1.00, 1.00, 0.00, 0.00, 0.00, 0.00, 0.00, 0.00, 1.00, 0.00, 0.00, 0.00, 0.00, 0.00, 0.00, 0.00, 1.00
202,  0,  6.755,  0.98,  1, 0.00, 0.25, 1.29, 0.00, 0.00, 0.00, 0.00, 0.89, 0.44, 0.58, 0.38, 0.15, 0.02, 0.27, 0.06, 0.17, 0.20, 0.00, 1.00, 1.00, 0.00, 0.00, 0.00, 0.00, 0.00, 0.00, 1.00, 0.00, 0.00, 0.00, 0.00, 0.00, 0.00, 0.00, 1.00
203,  0,  6.788,  0.98,  1, 0.00, 0.17, 1.29, 0.00, 0.00, 0.00, 0.00, 0.95, 0.37, 0.53, 0.39, 0.11, 0.12, 0.22, 0.09, 0.09, 0.14, 0.00, 1.00, 1.00, 0.00, 0.00, 0.00, 0.00, 0.00, 0.00, 1.00, 0.00, 0.00, 0.00, 0.00, 0.00, 0.00, 0.00, 1.00
204,  0,  6.822,  0.98,  1, 0.00, 0.07, 1.27, 0.00, 0.00, 0.00, 0.00, 0.96, 0.37, 0.56, 0.46, 0.11, 0.12, 0.19, 0.13, 0.08, 0.24, 0.00, 1.00, 1.00, 0.00, 0.00, 0.00, 0.00, 0.00, 0.00, 1.00, 0.00, 0.00, 0.00, 0.00, 0.00, 0.00, 0.00, 1.00
205,  0,  6.855,  0.98,  1, 0.00, 0.17, 1.31, 0.00, 0.00, 0.00, 0.00, 0.85, 0.34, 0.56, 0.53, 0.11, 0.12, 0.15, 0.08, 0.00, 0.24, 0.00, 1.00, 1.00, 0.00, 0.00, 0.00, 0.00, 0.00, 0.00, 1.00, 0.00, 0.00, 0.00, 0.00, 0.00, 0.00, 0.00, 1.00
206,  0,  6.889,  0.98,  1, 0.00, 0.17, 1.30, 0.00, 0.00, 0.00, 0.00, 0.75, 0.37, 0.61, 0.60, 0.05, 0.00, 0.06, 0.15, 0.00, 0.26, 0.00, 1.00, 1.00, 0.00, 0.00, 0.00, 0.00, 0.00, 0.00, 1.00, 0.00, 0.00, 0.00, 0.00, 0.00, 0.00, 0.00, 0.00
207,  0,  6.923,  0.98,  1, 0.00, 0.14, 1.27, 0.00, 0.00, 0.00, 0.00, 0.70, 0.36, 0.61, 0.56, 0.00, 0.00, 0.01, 0.24, 0.00, 0.15, 0.00, 1.00, 1.00, 0.00, 0.00, 0.00, 0.00, 0.00, 0.00, 1.00, 0.00, 0.00, 0.00, 0.00, 0.00, 0.00, 0.00, 0.00
208,  0,  6.956,  0.98,  1, 0.00, 0.05, 1.32, 0.00, 0.00, 0.00, 0.00, 0.81, 0.42, 0.66, 0.55, 0.00, 0.00, 0.00, 0.31, 0.00, 0.15, 0.00, 1.00, 1.00, 0.00, 0.00, 0.00, 0.00, 0.00, 0.00, 1.00, 0.00, 0.00, 0.00, 0.00, 0.00, 0.00, 0.00, 0.00
209,  0,  6.990,  0.98,  1, 0.00, 0.03, 1.26, 0.00, 0.01, 0.00, 0.00, 0.86, 0.46, 0.68, 0.48, 0.00, 0.00, 0.00, 0.33, 0.00, 0.08, 0.00, 1.00, 1.00, 0.00, 0.00, 0.00, 0.00, 0.00, 0.00, 1.00, 0.00, 0.00, 0.00, 0.00, 0.00, 0.00, 0.00, 0.00
210,  0,  7.023,  0.98,  1, 0.00, 0.12, 1.31, 0.00, 0.01, 0.00, 0.00, 0.87, 0.49, 0.60, 0.49, 0.00, 0.00, 0.01, 0.22, 0.00, 0.08, 0.00, 1.00, 1.00, 0.00, 0.00, 0.00, 0.00, 0.00, 0.00, 1.00, 0.00, 0.00, 0.00, 0.00, 0.00, 0.00, 0.00, 0.00
211,  0,  7.057,  0.98,  1, 0.00, 0.16, 1.28, 0.00, 0.01, 0.00, 0.00, 0.84, 0.47, 0.51, 0.53, 0.00, 0.00, 0.01, 0.16, 0.00, 0.09, 0.00, 1.00, 1.00, 0.00, 0.00, 0.00, 0.00, 0.00, 0.00, 1.00, 0.00, 0.00, 0.00, 0.00, 0.00, 0.00, 0.00, 0.00
212,  0,  7.091,  0.98,  1, 0.00, 0.17, 1.36, 0.00, 0.02, 0.00, 0.00, 0.77, 0.49, 0.51, 0.43, 0.07, 0.00, 0.01, 0.03, 0.00, 0.03, 0.00, 1.00, 1.00, 0.00, 0.00, 0.00, 0.00, 0.00, 0.00, 1.00, 0.00, 0.00, 0.00, 0.00, 0.00, 0.00, 0.00, 0.00
213,  0,  7.124,  0.98,  1, 0.04, 0.19, 1.34, 0.00, 0.02, 0.00, 0.00, 0.72, 0.48, 0.52, 0.27, 0.13, 0.00, 0.00, 0.02, 0.00, 0.01, 0.00, 1.00, 1.00, 0.00, 0.00, 0.00, 0.00, 0.00, 0.00, 1.00, 0.00, 0.00, 0.00, 0.00, 0.00, 0.00, 0.00, 0.00
214,  0,  7.158,  0.98,  1, 0.14, 0.29, 1.32, 0.00, 0.01, 0.00, 0.00, 0.72, 0.45, 0.44, 0.15, 0.12, 0.00, 0.00, 0.00, 0.00, 0.00, 0.00, 1.00, 1.00, 0.00, 0.00, 0.00, 0.00, 0.00, 0.00, 1.00, 0.00, 0.00, 0.00, 0.00, 0.00, 0.00, 0.00, 0.00
215,  0,  7.192,  0.98,  1, 0.20, 0.46, 1.27, 0.00, 0.00, 0.00, 0.00, 0.75, 0.42, 0.26, 0.23, 0.06, 0.00, 0.00, 0.00, 0.00, 0.00, 0.00, 1.00, 1.00, 0.00, 0.00, 0.00, 0.00, 0.00, 0.00, 1.00, 0.00, 0.00, 0.00, 0.00, 0.00, 0.00, 0.00, 0.00
216,  0,  7.225,  0.98,  1, 0.22, 0.51, 1.20, 0.00, 0.00, 0.00, 0.00, 0.79, 0.43, 0.20, 0.40, 0.00, 0.00, 0.00, 0.00, 0.00, 0.03, 0.00, 1.00, 1.00, 0.00, 0.00, 0.00, 0.00, 0.00, 0.00, 1.00, 0.00, 0.00, 0.00, 0.00, 0.00, 0.00, 0.00, 0.00
217,  0,  7.259,  0.98,  1, 0.13, 0.45, 1.11, 0.00, 0.00, 0.00, 0.00, 0.73, 0.42, 0.07, 0.54, 0.02, 0.00, 0.00, 0.02, 0.00, 0.03, 0.00, 1.00, 1.00, 0.00, 0.00, 0.00, 0.00, 0.00, 0.00, 1.00, 0.00, 0.00, 0.00, 0.00, 0.00, 0.00, 0.00, 0.00
218,  0,  7.292,  0.98,  1, 0.14, 0.38, 1.10, 0.00, 0.00, 0.00, 0.00, 0.68, 0.37, 0.20, 0.63, 0.04, 0.00, 0.00, 0.03, 0.00, 0.03, 0.00, 1.00, 1.00, 0.00, 0.00, 0.00, 0.00, 0.00, 0.00, 1.00, 0.00, 0.00, 0.00, 0.00, 0.00, 0.00, 0.00, 0.00
219,  0,  7.326,  0.98,  1, 0.08, 0.22, 1.05, 0.00, 0.00, 0.00, 0.00, 0.64, 0.39, 0.30, 0.58, 0.04, 0.00, 0.00, 0.03, 0.00, 0.05, 0.00, 1.00, 1.00, 0.00, 0.00, 0.00, 0.00, 0.00, 0.00, 1.00, 0.00, 0.00, 0.00, 0.00, 0.00, 0.00, 0.00, 0.00
220,  0,  7.360,  0.98,  1, 0.16, 0.31, 1.05, 0.00, 0.00, 0.00, 0.00, 0.67, 0.43, 0.43, 0.44, 0.02, 0.00, 0.00, 0.07, 0.00, 0.07, 0.00, 1.00, 1.00, 0.00, 0.00, 0.00, 0.00, 0.00, 0.00, 1.00, 0.00, 0.00, 0.00, 0.00, 0.00, 0.00, 0.00, 0.00
221,  0,  7.393,  0.98,  1, 0.09, 0.37, 0.93, 0.00, 0.00, 0.00, 0.00, 0.68, 0.49, 0.41, 0.23, 0.00, 0.00, 0.00, 0.07, 0.00, 0.07, 0.00, 1.00, 1.00, 0.00, 0.00, 0.00, 0.00, 0.00, 0.00, 1.00, 0.00, 0.00, 0.00, 0.00, 0.00, 0.00, 0.00, 0.00
222,  0,  7.427,  0.98,  1, 0.09, 0.48, 1.01, 0.00, 0.00, 0.00, 0.00, 0.71, 0.52, 0.47, 0.21, 0.00, 0.00, 0.00, 0.14, 0.00, 0.03, 0.00, 1.00, 1.00, 0.00, 0.00, 0.00, 0.00, 0.00, 0.00, 1.00, 0.00, 0.00, 0.00, 0.00, 0.00, 0.00, 0.00, 0.00
223,  0,  7.460,  0.98,  1, 0.01, 0.32, 1.00, 0.00, 0.00, 0.00, 0.00, 0.69, 0.53, 0.48, 0.17, 0.00, 0.00, 0.00, 0.08, 0.00, 0.01, 0.00, 1.00, 1.00, 0.00, 0.00, 0.00, 0.00, 0.00, 0.00, 1.00, 0.00, 0.00, 0.00, 0.00, 0.00, 0.00, 0.00, 0.00
224,  0,  7.494,  0.98,  1, 0.00, 0.13, 1.06, 0.00, 0.00, 0.00, 0.00, 0.76, 0.53, 0.52, 0.22, 0.04, 0.00, 0.00, 0.06, 0.00, 0.00, 0.00, 1.00, 1.00, 0.00, 0.00, 0.00, 0.00, 0.00, 0.00, 1.00, 0.00, 0.00, 0.00, 0.00, 0.00, 0.00, 0.00, 0.00
225,  0,  7.528,  0.98,  1, 0.00, 0.01, 0.92, 0.00, 0.00, 0.00, 0.00, 0.72, 0.47, 0.40, 0.19, 0.04, 0.00, 0.00, 0.00, 0.00, 0.00, 0.00, 1.00, 1.00, 0.00, 0.00, 0.00, 0.00, 0.00, 0.00, 1.00, 0.00, 0.00, 0.00, 0.00, 0.00, 0.00, 0.00, 0.00
226,  0,  7.561,  0.98,  1, 0.08, 0.05, 0.88, 0.00, 0.00, 0.00, 0.00, 0.75, 0.44, 0.34, 0.23, 0.04, 0.00, 0.00, 0.01, 0.00, 0.00, 0.00, 1.00, 1.00, 0.00, 0.00, 0.00, 0.00, 0.00, 0.00, 1.00, 0.00, 0.00, 0.00, 0.00, 0.00, 0.00, 0.00, 0.00
227,  0,  7.595,  0.98,  1, 0.10, 0.04, 0.90, 0.02, 0.00, 0.00, 0.00, 0.71, 0.40, 0.25, 0.19, 0.02, 0.00, 0.00, 0.06, 0.00, 0.00, 0.00, 1.00, 1.00, 0.00, 0.00, 0.00, 0.00, 0.00, 0.00, 1.00, 0.00, 0.00, 0.00, 0.00, 0.00, 0.00, 0.00, 0.00
228,  0,  7.628,  0.98,  1, 0.14, 0.04, 1.03, 0.02, 0.00, 0.00, 0.00, 0.73, 0.38, 0.32, 0.17, 0.06, 0.00, 0.00, 0.06, 0.00, 0.00, 0.00, 1.00, 1.00, 0.00, 0.00, 0.00, 0.00, 0.00, 0.00, 1.00, 0.00, 0.00, 0.00, 0.00, 0.00, 0.00, 0.00, 0.00
229,  0,  7.662,  0.98,  1, 0.06, 0.00, 1.09, 0.02, 0.00, 0.00, 0.00, 0.63, 0.39, 0.41, 0.12, 0.06, 0.00, 0.00, 0.06, 0.00, 0.00, 0.00, 1.00, 1.00, 0.00, 0.00, 0.00, 0.00, 0.00, 0.00, 1.00, 0.00, 0.00, 0.00, 0.00, 0.00, 0.00, 0.00, 0.00
230,  0,  7.696,  0.98,  1, 0.04, 0.00, 1.04, 0.04, 0.00, 0.00, 0.00, 0.65, 0.41, 0.39, 0.10, 0.11, 0.00, 0.00, 0.01, 0.00, 0.00, 0.00, 1.00, 1.00, 0.00, 0.00, 0.00, 0.00, 0.00, 0.00, 1.00, 0.00, 0.00, 0.00, 0.00, 0.00, 0.00, 0.00, 0.00
231,  0,  7.729,  0.98,  1, 0.01, 0.00, 0.96, 0.05, 0.00, 0.00, 0.00, 0.72, 0.43, 0.40, 0.06, 0.09, 0.00, 0.00, 0.01, 0.00, 0.00, 0.00, 1.00, 1.00, 0.00, 0.00, 0.00, 0.00, 0.00, 0.00, 1.00, 0.00, 0.00, 0.00, 0.00, 0.00, 0.00, 0.00, 0.00
232,  0,  7.763,  0.98,  1, 0.05, 0.05, 0.92, 0.07, 0.00, 0.00, 0.00, 0.75, 0.40, 0.46, 0.08, 0.12, 0.00, 0.00, 0.01, 0.00, 0.00, 0.00, 1.00, 1.00, 1.00, 0.00, 0.00, 0.00, 0.00, 0.00, 1.00, 0.00, 0.00, 0.00, 0.00, 0.00, 0.00, 0.00, 0.00
233,  0,  7.796,  0.98,  1, 0.05, 0.05, 0.87, 0.03, 0.00, 0.00, 0.00, 0.76, 0.42, 0.50, 0.11, 0.08, 0.04, 0.00, 0.03, 0.00, 0.00, 0.00, 1.00, 1.00, 1.00, 0.00, 0.00, 0.00, 0.00, 0.00, 1.00, 0.00, 0.00, 0.00, 0.00, 0.00, 0.00, 0.00, 0.00
234,  0,  7.830,  0.98,  1, 0.05, 0.05, 0.96, 0.01, 0.00, 0.05, 0.00, 0.68, 0.41, 0.42, 0.26, 0.05, 0.04, 0.00, 0.03, 0.00, 0.00, 0.00, 1.00, 1.00, 1.00, 0.00, 0.00, 0.00, 0.00, 0.00, 1.00, 0.00, 0.00, 0.00, 0.00, 0.00, 0.00, 0.00, 0.00
235,  0,  7.864,  0.98,  1, 0.00, 0.00, 0.88, 0.00, 0.00, 0.05, 0.00, 0.70, 0.47, 0.32, 0.30, 0.04, 0.04, 0.00, 0.02, 0.00, 0.00, 0.00, 1.00, 1.00, 1.00, 0.00, 0.00, 0.00, 0.00, 0.00, 1.00, 0.00, 0.00, 0.00, 0.00, 0.00, 0.00, 0.00, 0.00
236,  0,  7.897,  0.98,  1, 0.00, 0.00, 0.81, 0.00, 0.00, 0.09, 0.00, 0.55, 0.44, 0.31, 0.32, 0.02, 0.00, 0.05, 0.10, 0.00, 0.00, 0.00, 1.00, 1.00, 1.00, 0.00, 0.00, 0.00, 0.00, 0.00, 1.00, 0.00, 0.00, 0.00, 0.00, 0.00, 0.00, 0.00, 0.00
237,  0,  7.931,  0.98,  1, 0.00, 0.00, 0.63, 0.06, 0.00, 0.04, 0.00, 0.51, 0.49, 0.40, 0.17, 0.02, 0.00, 0.06, 0.10, 0.00, 0.00, 0.00, 1.00, 1.00, 1.00, 0.00, 0.00, 0.00, 0.00, 0.00, 1.00, 0.00, 0.00, 0.00, 0.00, 0.00, 0.00, 0.00, 0.00
238,  0,  7.964,  0.98,  1, 0.00, 0.01, 0.65, 0.06, 0.00, 0.04, 0.00, 0.40, 0.49, 0.42, 0.13, 0.00, 0.00, 0.08, 0.10, 0.00, 0.00, 0.00, 1.00, 1.00, 1.00, 0.00, 0.00, 0.00, 0.00, 0.00, 1.00, 0.00, 0.00, 0.00, 0.00, 0.00, 0.00, 0.00, 0.00
239,  0,  7.998,  0.98,  1, 0.00, 0.01, 0.75, 0.16, 0.00, 0.01, 0.00, 0.47, 0.52, 0.55, 0.08, 0.00, 0.00, 0.04, 0.00, 0.00, 0.00, 0.00, 1.00, 1.00, 1.00, 0.00, 0.00, 0.00, 0.00, 0.00, 1.00, 0.00, 0.00, 0.00, 0.00, 0.00, 0.00, 0.00, 0.00
240,  0,  8.032,  0.98,  1, 0.06, 0.08, 0.76, 0.10, 0.00, 0.01, 0.00, 0.55, 0.51, 0.51, 0.10, 0.03, 0.00, 0.03, 0.01, 0.00, 0.00, 0.00, 1.00, 1.00, 1.00, 0.00, 0.00, 0.00, 0.00, 0.00, 1.00, 0.00, 0.00, 0.00, 0.00, 0.00, 0.00, 0.00, 0.00
241,  0,  8.065,  0.98,  1, 0.16, 0.12, 0.84, 0.10, 0.00, 0.01, 0.00, 0.62, 0.51, 0.55, 0.18, 0.03, 0.04, 0.02, 0.09, 0.00, 0.00, 0.00, 1.00, 1.00, 1.00, 0.00, 0.00, 0.00, 0.00, 0.00, 1.00, 0.00, 0.00, 0.00, 0.00, 0.00, 0.00, 0.00, 0.00
242,  0,  8.099,  0.98,  1, 0.19, 0.24, 0.78, 0.00, 0.00, 0.00, 0.00, 0.66, 0.52, 0.47, 0.18, 0.03, 0.04, 0.03, 0.13, 0.00, 0.00, 0.00, 1.00, 1.00, 1.00, 0.00, 0.00, 0.00, 0.00, 0.00, 1.00, 0.00, 0.00, 0.00, 0.00, 0.00, 0.00, 0.00, 0.00
243,  0,  8.132,  0.98,  1, 0.20, 0.26, 0.95, 0.00, 0.00, 0.00, 0.00, 0.67, 0.54, 0.55, 0.15, 0.00, 0.04, 0.04, 0.17, 0.00, 0.00, 0.00, 1.00, 1.00, 1.00, 0.00, 0.00, 0.00, 0.00, 0.00, 1.00, 0.00, 0.00, 0.00, 0.00, 0.00, 0.00, 0.00, 0.00
244,  0,  8.166,  0.98,  1, 0.23, 0.30, 0.93, 0.00, 0.00, 0.06, 0.00, 0.69, 0.53, 0.58, 0.03, 0.08, 0.01, 0.03, 0.21, 0.00, 0.00, 0.00, 1.00, 1.00, 1.00, 0.00, 0.00, 0.00, 0.00, 0.00, 1.00, 0.00, 0.00, 0.00, 0.00, 0.00, 0.00, 0.00, 0.00
245,  0,  8.200,  0.98,  1, 0.35, 0.29, 1.05, 0.00, 0.00, 0.06, 0.00, 0.68, 0.51, 0.65, 0.03, 0.08, 0.02, 0.01, 0.24, 0.00, 0.00, 0.00, 1.00, 1.00, 1.00, 0.00, 0.00, 0.00, 0.00, 0.00, 1.00, 0.00, 0.00, 0.00, 0.00, 0.00, 0.00, 0.00, 0.00
246,  0,  8.233,  0.98,  1, 0.37, 0.37, 0.97, 0.00, 0.00, 0.06, 0.00, 0.71, 0.47, 0.55, 0.16, 0.09, 0.03, 0.00, 0.30, 0.00, 0.00, 0.00, 1.00, 1.00, 1.00, 0.00, 0.00, 0.00, 0.00, 0.00, 1.00, 0.00, 0.00, 0.00, 0.00, 0.00, 0.00, 0.00, 0.00
247,  0,  8.267,  0.98,  1, 0.23, 0.36, 1.03, 0.00, 0.00, 0.00, 0.00, 0.72, 0.48, 0.49, 0.17, 0.01, 0.16, 0.03, 0.22, 0.00, 0.00, 0.00, 1.00, 1.00, 0.00, 0.00, 0.00, 0.00, 0.00, 0.00, 1.00, 0.00, 0.00, 0.00, 0.00, 0.00, 0.00, 0.00, 0.00
248,  0,  8.300,  0.98,  1, 0.16, 0.41, 1.01, 0.00, 0.00, 0.00, 0.00, 0.80, 0.50, 0.51, 0.30, 0.04, 0.15, 0.03, 0.26, 0.00, 0.00, 0.00, 1.00, 1.00, 0.00, 0.00, 0.00, 0.00, 0.00, 0.00, 1.00, 0.00, 0.00, 0.00, 0.00, 0.00, 0.00, 0.00, 0.00
249,  0,  8.334,  0.98,  1, 0.22, 0.35, 1.19, 0.00, 0.00, 0.00, 0.00, 0.82, 0.51, 0.56, 0.32, 0.03, 0.29, 0.03, 0.22, 0.00, 0.00, 0.00, 1.00, 1.00, 0.00, 0.00, 0.00, 0.00, 0.00, 0.00, 1.00, 0.00, 0.00, 0.00, 0.00, 0.00, 0.00, 0.00, 0.00
250,  0,  8.368,  0.98,  1, 0.37, 0.44, 1.27, 0.03, 0.00, 0.05, 0.00, 0.88, 0.49, 0.60, 0.39, 0.10, 0.18, 0.00, 0.21, 0.04, 0.00, 0.00, 1.00, 1.00, 0.00, 0.00, 0.00, 0.00, 0.00, 0.00, 1.00, 0.00, 0.00, 0.00, 0.00, 0.00, 0.00, 0.00, 0.00
251,  0,  8.401,  0.98,  1, 0.39, 0.48, 1.39, 0.04, 0.00, 0.05, 0.00, 0.90, 0.48, 0.50, 0.34, 0.08, 0.18, 0.00, 0.23, 0.04, 0.00, 0.00, 1.00, 1.00, 0.00, 0.00, 0.00, 0.00, 0.00, 0.00, 1.00, 0.00, 0.00, 0.00, 0.00, 0.00, 0.00, 0.00, 0.00
252,  0,  8.435,  0.98,  1, 0.36, 0.50, 1.40, 0.04, 0.00, 0.05, 0.00, 0.92, 0.48, 0.49, 0.31, 0.08, 0.11, 0.00, 0.29, 0.04, 0.00, 0.00, 1.00, 1.00, 0.00, 0.00, 0.00, 0.00, 0.00, 0.00, 1.00, 0.00, 0.00, 0.00, 0.00, 0.00, 0.00, 0.00, 0.00
253,  0,  8.469,  0.98,  1, 0.25, 0.43, 1.36, 0.01, 0.00, 0.00, 0.00, 0.87, 0.47, 0.42, 0.41, 0.05, 0.14, 0.00, 0.37, 0.02, 0.00, 0.00, 1.00, 1.00, 0.00, 0.00, 0.00, 0.00, 0.00, 0.00, 1.00, 0.00, 0.00, 0.00, 0.00, 0.00, 0.00, 0.00, 0.00
254,  0,  8.502,  0.98,  1, 0.23, 0.31, 1.31, 0.00, 0.00, 0.00, 0.00, 0.84, 0.47, 0.46, 0.47, 0.06, 0.15, 0.00, 0.39, 0.02, 0.00, 0.00, 1.00, 1.00, 0.00, 0.00, 0.00, 0.00, 0.00, 0.00, 1.00, 0.00, 0.00, 0.00, 0.00, 0.00, 0.00, 0.00, 0.00
255,  0,  8.536,  0.98,  1, 0.20, 0.27, 1.25, 0.00, 0.00, 0.07, 0.00, 0.68, 0.46, 0.44, 0.49, 0.06, 0.20, 0.00, 0.39, 0.03, 0.00, 0.00, 1.00, 1.00, 0.00, 0.00, 0.00, 0.00, 0.00, 0.00, 1.00, 0.00, 0.00, 0.00, 0.00, 0.00, 0.00, 0.00, 0.00
256,  0,  8.569,  0.98,  1, 0.25, 0.32, 1.22, 0.00, 0.00, 0.07, 0.00, 0.64, 0.45, 0.46, 0.45, 0.02, 0.23, 0.00, 0.39, 0.08, 0.00, 0.00, 1.00, 1.00, 0.00, 0.00, 0.00, 0.00, 0.00, 0.00, 1.00, 0.00, 0.00, 0.00, 0.00, 0.00, 0.00, 0.00, 0.00
257,  0,  8.603,  0.98,  1, 0.28, 0.37, 1.21, 0.00, 0.00, 0.07, 0.00, 0.60, 0.39, 0.41, 0.40, 0.05, 0.35, 0.00, 0.35, 0.09, 0.00, 0.00, 1.00, 1.00, 0.00, 0.00, 0.00, 0.00, 0.00, 0.00, 1.00, 0.00, 0.00, 0.00, 0.00, 0.00, 0.00, 0.00, 0.00
258,  0,  8.637,  0.98,  1, 0.32, 0.49, 1.26, 0.00, 0.00, 0.00, 0.00, 0.62, 0.39, 0.46, 0.30, 0.09, 0.35, 0.00, 0.27, 0.08, 0.00, 0.00, 1.00, 1.00, 0.00, 0.00, 0.00, 0.00, 0.00, 0.00, 1.00, 0.00, 0.00, 0.00, 0.00, 0.00, 0.00, 0.00, 0.00
259,  0,  8.670,  0.98,  1, 0.29, 0.52, 1.37, 0.00, 0.00, 0.09, 0.00, 0.64, 0.44, 0.44, 0.14, 0.10, 0.25, 0.00, 0.23, 0.01, 0.03, 0.00, 1.00, 1.00, 0.00, 0.00, 0.00, 0.00, 0.00, 0.00, 1.00, 0.00, 0.00, 0.00, 0.00, 0.00, 0.00, 0.00, 0.00
260,  0,  8.704,  0.98,  1, 0.23, 0.52, 1.36, 0.00, 0.00, 0.20, 0.00, 0.65, 0.50, 0.44, 0.04, 0.05, 0.13, 0.00, 0.19, 0.00, 0.03, 0.00, 1.00, 1.00, 0.00, 0.00, 0.00, 0.00, 0.00, 0.00, 1.00, 0.00, 0.00, 0.00, 0.00, 0.00, 0.00, 0.00, 0.00
261,  0,  8.737,  0.98,  1, 0.17, 0.43, 1.30, 0.00, 0.00, 0.31, 0.00, 0.72, 0.55, 0.42, 0.07, 0.01, 0.00, 0.00, 0.24, 0.00, 0.03, 0.00, 1.00, 1.00, 0.00, 0.00, 0.00, 0.00, 0.00, 0.00, 1.00, 0.00, 0.00, 0.00, 0.00, 0.00, 0.00, 0.00, 0.00
262,  0,  8.771,  0.98,  1, 0.17, 0.41, 1.22, 0.00, 0.00, 0.22, 0.00, 0.80, 0.57, 0.46, 0.12, 0.00, 0.02, 0.00, 0.30, 0.04, 0.00, 0.00, 1.00, 1.00, 0.00, 0.00, 0.00, 0.00, 0.00, 0.00, 1.00, 0.00, 0.00, 0.00, 0.00, 0.00, 0.00, 0.00, 0.00
263,  0,  8.805,  0.98,  1, 0.13, 0.49, 1.23, 0.00, 0.00, 0.11, 0.00, 0.80, 0.56, 0.52, 0.12, 0.00, 0.18, 0.00, 0.27, 0.04, 0.01, 0.00, 1.00, 1.00, 0.00, 0.00, 0.00, 0.00, 0.00, 0.00, 1.00, 0.00, 0.00, 0.00, 0.00, 0.00, 0.00, 0.00, 0.00
264,  0,  8.838,  0.98,  1, 0.09, 0.45, 1.22, 0.00, 0.00, 0.11, 0.00, 0.80, 0.51, 0.50, 0.13, 0.00, 0.32, 0.00, 0.29, 0.04, 0.01, 0.00, 1.00, 1.00, 0.00, 0.00, 0.00, 0.00, 0.00, 0.00, 1.00, 0.00, 0.00, 0.00, 0.00, 0.00, 0.00, 0.00, 0.00
265,  0,  8.872,  0.98,  1, 0.05, 0.31, 1.15, 0.00, 0.00, 0.11, 0.00, 0.77, 0.47, 0.46, 0.10, 0.00, 0.47, 0.00, 0.19, 0.00, 0.02, 0.00, 1.00, 1.00, 0.00, 0.00, 0.00, 0.00, 0.00, 0.00, 1.00, 0.00, 0.00, 0.00, 0.00, 0.00, 0.00, 0.00, 0.00
266,  0,  8.905,  0.98,  1, 0.13, 0.18, 1.09, 0.00, 0.00, 0.11, 0.00, 0.79, 0.46, 0.39, 0.16, 0.00, 0.44, 0.00, 0.28, 0.02, 0.01, 0.00, 1.00, 1.00, 0.00, 0.00, 0.00, 0.00, 0.00, 0.00, 1.00, 0.00, 0.00, 0.00, 0.00, 0.00, 0.00, 0.00, 0.00
267,  0,  8.939,  0.98,  1, 0.15, 0.19, 1.12, 0.00, 0.00, 0.00, 0.00, 0.85, 0.51, 0.35, 0.17, 0.00, 0.45, 0.00, 0.23, 0.02, 0.05, 0.00, 1.00, 1.00, 0.00, 0.00, 0.00, 0.00, 0.00, 0.00, 1.00, 0.00, 0.00, 0.00, 0.00, 0.00, 0.00, 0.00, 0.00
268,  0,  8.973,  0.98,  1, 0.20, 0.32, 1.23, 0.00, 0.00, 0.03, 0.00, 0.86, 0.51, 0.29, 0.18, 0.00, 0.47, 0.00, 0.26, 0.02, 0.04, 0.00, 1.00, 1.00, 0.00, 0.00, 0.00, 0.00, 0.00, 0.00, 1.00, 0.00, 0.00, 0.00, 0.00, 0.00, 0.00, 0.00, 0.00
269,  0,  9.006,  0.98,  1, 0.19, 0.34, 1.37, 0.00, 0.00, 0.03, 0.00, 0.87, 0.53, 0.31, 0.16, 0.00, 0.44, 0.00, 0.25, 0.00, 0.08, 0.00, 1.00, 1.00, 0.00, 0.00, 0.00, 0.00, 0.00, 0.00, 1.00, 0.00, 0.00, 0.00, 0.00, 0.00, 0.00, 0.00, 0.00
270,  0,  9.040,  0.98,  1, 0.24, 0.39, 1.40, 0.00, 0.00, 0.05, 0.00, 0.90, 0.58, 0.34, 0.18, 0.00, 0.28, 0.00, 0.29, 0.02, 0.19, 0.00, 1.00, 1.00, 0.00, 0.00, 0.00, 0.00, 0.00, 0.00, 1.00, 0.00, 0.00, 0.00, 0.00, 0.00, 0.00, 0.00, 0.00
271,  0,  9.073,  0.98,  1, 0.17, 0.35, 1.47, 0.00, 0.00, 0.02, 0.00, 0.96, 0.70, 0.49, 0.16, 0.00, 0.10, 0.00, 0.36, 0.02, 0.27, 0.00, 1.00, 1.00, 0.00, 0.00, 0.00, 0.00, 0.00, 0.00, 1.00, 0.00, 0.00, 0.00, 0.00, 0.00, 0.00, 0.00, 0.00
272,  0,  9.107,  0.98,  1, 0.11, 0.34, 1.58, 0.00, 0.06, 0.06, 0.00, 1.15, 0.79, 0.61, 0.11, 0.00, 0.00, 0.00, 0.48, 0.06, 0.35, 0.00, 0.00, 1.00, 0.00, 0.00, 0.00, 0.00, 1.00, 0.00, 1.00, 0.00, 0.00, 0.00, 0.00, 0.00, 0.00, 0.00, 0.00
273,  0,  9.141,  0.98,  1, 0.01, 0.30, 1.69, 0.00, 0.14, 0.13, 0.00, 1.28, 0.86, 0.82, 0.02, 0.01, 0.00, 0.00, 0.54, 0.05, 0.22, 0.00, 0.00, 1.00, 0.00, 0.00, 0.00, 0.00, 1.00, 0.00, 1.00, 0.00, 0.00, 0.00, 0.00, 0.00, 0.00, 0.00, 0.00
274,  0,  9.174,  0.98,  1, 0.01, 0.28, 1.79, 0.00, 0.27, 0.14, 0.00, 1.43, 0.87, 1.03, 0.00, 0.01, 0.00, 0.00, 0.47, 0.09, 0.23, 0.00, 0.00, 1.00, 0.00, 0.00, 0.00, 0.00, 1.00, 0.00, 1.00, 0.00, 0.00, 0.00, 0.00, 0.00, 0.00, 0.00, 0.00
275,  0,  9.208,  0.98,  1, 0.00, 0.19, 1.79, 0.00, 0.35, 0.09, 0.00, 1.51, 0.89, 1.18, 0.00, 0.08, 0.00, 0.00, 0.44, 0.08, 0.21, 0.00, 0.00, 1.00, 0.00, 0.00, 0.00, 0.00, 1.00, 0.00, 1.00, 0.00, 0.00, 0.00, 0.00, 0.00, 0.00, 0.00, 0.00
276,  0,  9.241,  0.98,  1, 0.00, 0.07, 1.81, 0.00, 0.42, 0.05, 0.00, 1.79, 0.90, 1.16, 0.00, 0.07, 0.12, 0.00, 0.39, 0.18, 0.19, 0.00, 0.00, 1.00, 0.00, 0.00, 0.00, 0.00, 1.00, 0.00, 1.00, 0.00, 0.00, 0.00, 0.00, 0.00, 0.00, 0.00, 0.00
277,  0,  9.275,  0.98,  1, 0.00, 0.00, 1.83, 0.00, 0.44, 0.04, 0.00, 2.05, 0.95, 1.16, 0.00, 0.07, 0.12, 0.00, 0.43, 0.31, 0.10, 0.00, 0.00, 1.00, 0.00, 0.00, 0.00, 0.00, 1.00, 0.00, 1.00, 0.00, 0.00, 0.00, 0.00, 0.00, 0.00, 0.00, 0.00
278,  0,  9.309,  0.98,  1, 0.00, 0.01, 1.92, 0.00, 0.50, 0.13, 0.00, 2.21, 0.99, 1.13, 0.00, 0.02, 0.12, 0.00, 0.24, 0.30, 0.06, 0.00, 0.00, 1.00, 0.00, 0.00, 0.00, 0.00, 1.00, 0.00, 1.00, 0.00, 0.00, 0.00, 0.00, 0.00, 0.00, 0.00, 0.00
279,  0,  9.342,  0.98,  1, 0.00, 0.03, 1.99, 0.00, 0.54, 0.19, 0.00, 2.18, 1.02, 1.24, 0.00, 0.12, 0.00, 0.00, 0.13, 0.23, 0.08, 0.00, 0.00, 1.00, 0.00, 0.00, 0.00, 0.00, 1.00, 0.00, 1.00, 0.00, 0.00, 0.00, 0.00, 0.00, 0.00, 0.00, 0.00
280,  0,  9.376,  0.98,  1, 0.00, 0.03, 1.96, 0.00, 0.60, 0.30, 0.00, 2.23, 1.02, 1.17, 0.00, 0.18, 0.00, 0.00, 0.08, 0.07, 0.11, 0.00, 0.00, 1.00, 0.00, 0.00, 0.00, 0.00, 1.00, 0.00, 1.00, 0.00, 0.00, 0.00, 0.00, 0.00, 0.00, 0.00, 0.00
281,  0,  9.409,  0.98,  1, 0.00, 0.03, 1.90, 0.00, 0.59, 0.24, 0.00, 2.32, 1.03, 1.17, 0.00, 0.21, 0.00, 0.00, 0.14, 0.04, 0.05, 0.00, 0.00, 1.00, 0.00, 0.00, 0.00, 0.00, 1.00, 0.00, 1.00, 0.00, 0.00, 0.00, 0.00, 0.00, 0.00, 0.00, 0.00
282,  0,  9.443,  0.98,  1, 0.01, 0.06, 1.85, 0.00, 0.58, 0.22, 0.00, 2.38, 1.02, 1.07, 0.00, 0.21, 0.00, 0.00, 0.20, 0.04, 0.07, 0.00, 0.00, 1.00, 0.00, 0.00, 0.00, 0.00, 1.00, 0.00, 1.00, 0.00, 0.00, 0.00, 0.00, 0.00, 0.00, 0.00, 0.00
283,  0,  9.477,  0.98,  1, 0.02, 0.15, 1.92, 0.02, 0.58, 0.29, 0.00, 2.36, 1.00, 1.16, 0.00, 0.24, 0.00, 0.00, 0.14, 0.17, 0.04, 0.00, 0.00, 1.00, 0.00, 0.00, 0.00, 0.00, 1.00, 0.00, 1.00, 0.00, 0.00, 0.00, 0.00, 0.00, 0.00, 0.00, 0.00
284,  0,  9.510,  0.98,  1, 0.02, 0.23, 1.93, 0.03, 0.59, 0.26, 0.03, 2.35, 0.98, 1.16, 0.00, 0.24, 0.00, 0.00, 0.13, 0.27, 0.08, 0.00, 0.00, 1.00, 0.00, 0.00, 0.00, 0.00, 1.00, 0.00, 1.00, 0.00, 0.00, 0.00, 0.00, 0.00, 0.00, 0.00, 0.00
285,  0,  9.544,  0.98,  1, 0.01, 0.18, 2.01, 0.03, 0.57, 0.32, 0.06, 2.34, 0.95, 1.24, 0.00, 0.26, 0.00, 0.00, 0.08, 0.38, 0.05, 0.00, 0.00, 1.00, 0.00, 0.00, 0.00, 0.00, 1.00, 0.00, 1.00, 0.00, 0.00, 0.00, 0.00, 0.00, 0.00, 0.00, 0.00
286,  0,  9.577,  0.98,  1, 0.06, 0.15, 2.02, 0.01, 0.54, 0.21, 0.12, 2.35, 0.94, 1.24, 0.04, 0.31, 0.00, 0.00, 0.12, 0.44, 0.04, 0.00, 0.00, 1.00, 0.00, 0.00, 0.00, 0.00, 1.00, 0.00, 1.00, 0.00, 0.00, 0.00, 0.00, 0.00, 0.00, 0.00, 0.00
287,  0,  9.611,  0.98,  1, 0.06, 0.06, 2.11, 0.00, 0.52, 0.41, 0.10, 2.29, 0.91, 1.27, 0.16, 0.40, 0.00, 0.00, 0.13, 0.54, 0.05, 0.00, 0.00, 1.00, 0.00, 0.00, 0.00, 0.00, 1.00, 0.00, 1.00, 0.00, 0.00, 0.00, 0.00, 0.00, 0.00, 0.00, 0.00
288,  0,  9.645,  0.98,  1, 0.07, 0.12, 2.08, 0.00, 0.50, 0.34, 0.11, 2.31, 0.88, 1.24, 0.30, 0.40, 0.01, 0.00, 0.24, 0.56, 0.08, 0.00, 0.00, 1.00, 0.00, 0.00, 0.00, 0.00, 1.00, 0.00, 1.00, 0.00, 0.00, 0.00, 0.00, 0.00, 0.00, 0.00, 0.00
289,  0,  9.678,  0.98,  1, 0.02, 0.05, 2.06, 0.00, 0.46, 0.35, 0.09, 2.22, 0.83, 1.14, 0.32, 0.35, 0.07, 0.00, 0.22, 0.49, 0.13, 0.00, 0.00, 1.00, 0.00, 0.00, 0.00, 0.00, 1.00, 0.00, 1.00, 0.00, 0.00, 0.00, 0.00, 0.00, 0.00, 0.00, 0.00
290,  0,  9.712,  0.98,  1, 0.02, 0.05, 1.94, 0.00, 0.46, 0.23, 0.07, 2.25, 0.79, 1.03, 0.26, 0.27, 0.13, 0.00, 0.19, 0.37, 0.28, 0.00, 0.00, 1.00, 0.00, 0.00, 0.00, 0.00, 1.00, 0.00, 1.00, 0.00, 0.00, 0.00, 0.00, 0.00, 0.00, 0.00, 0.00
291,  0,  9.746,  0.98,  1, 0.00, 0.00, 1.94, 0.00, 0.48, 0.21, 0.07, 2.13, 0.77, 1.00, 0.18, 0.23, 0.20, 0.00, 0.08, 0.31, 0.41, 0.00, 0.00, 1.00, 0.00, 0.00, 0.00, 0.00, 1.00, 0.00, 1.00, 0.00, 0.00, 0.00, 0.00, 0.00, 0.00, 0.00, 0.00
292,  0,  9.779,  0.98,  1, 0.04, 0.06, 1.93, 0.00, 0.48, 0.26, 0.04, 2.08, 0.76, 0.97, 0.13, 0.15, 0.20, 0.00, 0.07, 0.29, 0.51, 0.00, 0.00, 1.00, 0.00, 0.00, 0.00, 0.00, 1.00, 0.00, 1.00, 0.00, 0.00, 0.00, 0.00, 0.00, 0.00, 0.00, 0.00
293,  0,  9.813,  0.98,  1, 0.04, 0.06, 1.99, 0.00, 0.46, 0.24, 0.04, 1.88, 0.74, 0.96, 0.07, 0.12, 0.14, 0.00, 0.02, 0.32, 0.46, 0.00, 0.00, 1.00, 0.00, 0.00, 0.00, 0.00, 1.00, 0.00, 1.00, 0.00, 0.00, 0.00, 0.00, 0.00, 0.00, 0.00, 0.00
294,  0,  9.846,  0.98,  1, 0.04, 0.06, 1.90, 0.00, 0.39, 0.24, 0.00, 1.86, 0.71, 0.89, 0.01, 0.13, 0.07, 0.00, 0.04, 0.27, 0.41, 0.00, 0.00, 1.00, 0.00, 0.00, 0.00, 0.00, 1.00, 0.00, 1.00, 0.00, 0.00, 0.00, 0.00, 0.00, 0.00, 0.00, 0.00
295,  0,  9.880,  0.98,  1, 0.00, 0.00, 1.83, 0.00, 0.35, 0.33, 0.00, 1.83, 0.70, 0.98, 0.00, 0.24, 0.00, 0.00, 0.04, 0.17, 0.31, 0.00, 0.00, 1.00, 0.00, 0.00, 0.00, 0.00, 1.00, 0.00, 1.00, 0.00, 0.00, 0.00, 0.00, 0.00, 0.00, 0.00, 0.00
296,  0,  9.914,  0.98,  1, 0.00, 0.00, 1.71, 0.00, 0.31, 0.38, 0.00, 1.87, 0.71, 0.96, 0.00, 0.27, 0.00, 0.00, 0.08, 0.14, 0.27, 0.00, 0.00, 1.00, 0.00, 0.00, 0.00, 0.00, 1.00, 0.00, 1.00, 0.00, 0.00, 0.00, 0.00, 0.00, 0.00, 0.00, 0.00
297,  0,  9.947,  0.98,  1, 0.00, 0.00, 1.69, 0.00, 0.26, 0.37, 0.00, 1.75, 0.70, 0.98, 0.00, 0.23, 0.00, 0.00, 0.16, 0.07, 0.19, 0.00, 0.00, 1.00, 0.00, 0.00, 0.00, 0.00, 1.00, 0.00, 1.00, 0.00, 0.00, 0.00, 0.00, 0.00, 0.00, 0.00, 0.00
298,  0,  9.981,  0.98,  1, 0.00, 0.00, 1.65, 0.00, 0.24, 0.28, 0.00, 1.71, 0.65, 0.83, 0.00, 0.14, 0.00, 0.00, 0.22, 0.07, 0.21, 0.00, 0.00, 1.00, 0.00, 0.00, 0.00, 0.00, 1.00, 0.00, 1.00, 0.00, 0.00, 0.00, 0.00, 0.00, 0.00, 0.00, 0.00
299,  0,  10.014,  0.98,  1, 0.00, 0.00, 1.62, 0.00, 0.25, 0.29, 0.00, 1.70, 0.61, 0.78, 0.00, 0.14, 0.00, 0.00, 0.23, 0.00, 0.15, 0.00, 0.00, 1.00, 0.00, 0.00, 0.00, 0.00, 1.00, 0.00, 1.00, 0.00, 0.00, 0.00, 0.00, 0.00, 0.00, 0.00, 0.00
300,  0,  10.048,  0.98,  1, 0.00, 0.00, 1.58, 0.00, 0.25, 0.27, 0.00, 1.70, 0.61, 0.68, 0.00, 0.13, 0.00, 0.00, 0.14, 0.00, 0.12, 0.00, 0.00, 1.00, 0.00, 0.00, 0.00, 0.00, 1.00, 0.00, 1.00, 0.00, 0.00, 0.00, 0.00, 0.00, 0.00, 0.00, 0.00
301,  0,  10.082,  0.98,  1, 0.00, 0.00, 1.62, 0.00, 0.25, 0.30, 0.00, 1.62, 0.64, 0.72, 0.05, 0.29, 0.00, 0.00, 0.09, 0.00, 0.14, 0.00, 0.00, 1.00, 0.00, 0.00, 0.00, 0.00, 1.00, 0.00, 1.00, 0.00, 0.00, 0.00, 0.00, 0.00, 0.00, 0.00, 0.00
302,  0,  10.115,  0.98,  1, 0.00, 0.01, 1.62, 0.00, 0.19, 0.19, 0.00, 1.57, 0.62, 0.69, 0.05, 0.38, 0.00, 0.00, 0.12, 0.00, 0.18, 0.00, 0.00, 1.00, 0.00, 0.00, 0.00, 0.00, 1.00, 0.00, 1.00, 0.00, 0.00, 0.00, 0.00, 0.00, 0.00, 0.00, 0.00
303,  0,  10.149,  0.98,  1, 0.00, 0.01, 1.54, 0.00, 0.13, 0.17, 0.00, 1.48, 0.55, 0.72, 0.05, 0.44, 0.00, 0.00, 0.29, 0.00, 0.23, 0.00, 0.00, 1.00, 0.00, 0.00, 0.00, 0.00, 1.00, 0.00, 1.00, 0.00, 0.00, 0.00, 0.00, 0.00, 0.00, 0.00, 0.00
304,  0,  10.182,  0.98,  1, 0.00, 0.01, 1.50, 0.00, 0.14, 0.12, 0.00, 1.45, 0.52, 0.74, 0.01, 0.26, 0.00, 0.00, 0.29, 0.09, 0.15, 0.00, 0.00, 1.00, 0.00, 0.00, 0.00, 0.00, 1.00, 0.00, 1.00, 0.00, 0.00, 0.00, 0.00, 0.00, 0.00, 0.00, 0.00
305,  0,  10.216,  0.98,  1, 0.00, 0.00, 1.57, 0.00, 0.16, 0.21, 0.00, 1.33, 0.50, 0.71, 0.01, 0.12, 0.00, 0.00, 0.37, 0.09, 0.10, 0.00, 0.00, 1.00, 0.00, 0.00, 0.00, 0.00, 1.00, 0.00, 1.00, 0.00, 0.00, 0.00, 0.00, 0.00, 0.00, 0.00, 0.00
306,  0,  10.250,  0.98,  1, 0.00, 0.02, 1.71, 0.00, 0.24, 0.40, 0.00, 1.34, 0.49, 0.73, 0.09, 0.03, 0.00, 0.00, 0.34, 0.09, 0.08, 0.00, 0.00, 1.00, 0.00, 0.00, 0.00, 0.00, 1.00, 0.00, 1.00, 0.00, 0.00, 0.00, 0.00, 0.00, 0.00, 0.00, 0.00
307,  0,  10.283,  0.98,  1, 0.00, 0.02, 1.70, 0.00, 0.20, 0.28, 0.00, 1.34, 0.44, 0.67, 0.08, 0.04, 0.00, 0.00, 0.44, 0.03, 0.08, 0.00, 0.00, 1.00, 0.00, 0.00, 0.00, 0.00, 1.00, 0.00, 1.00, 0.00, 0.00, 0.00, 0.00, 0.00, 0.00, 0.00, 0.00
308,  0,  10.317,  0.98,  1, 0.00, 0.02, 1.70, 0.00, 0.22, 0.25, 0.00, 1.41, 0.43, 0.70, 0.07, 0.01, 0.00, 0.00, 0.34, 0.03, 0.04, 0.00, 0.00, 1.00, 0.00, 0.00, 0.00, 0.00, 1.00, 0.00, 1.00, 0.00, 0.00, 0.00, 0.00, 0.00, 0.00, 0.00, 0.00
309,  0,  10.350,  0.98,  1, 0.02, 0.00, 1.63, 0.00, 0.15, 0.15, 0.00, 1.45, 0.48, 0.60, 0.00, 0.09, 0.00, 0.00, 0.23, 0.03, 0.06, 0.00, 0.00, 1.00, 0.00, 0.00, 0.00, 0.00, 1.00, 0.00, 1.00, 0.00, 0.00, 0.00, 0.00, 0.00, 0.00, 0.00, 0.00
310,  0,  10.384,  0.98,  1, 0.03, 0.00, 1.65, 0.00, 0.11, 0.25, 0.00, 1.39, 0.51, 0.47, 0.00, 0.15, 0.00, 0.00, 0.22, 0.00, 0.09, 0.00, 0.00, 1.00, 0.00, 0.00, 0.00, 0.00, 1.00, 0.00, 1.00, 0.00, 0.00, 0.00, 0.00, 0.00, 0.00, 0.00, 0.00
311,  0,  10.418,  0.98,  1, 0.05, 0.00, 1.65, 0.00, 0.05, 0.36, 0.00, 1.33, 0.45, 0.29, 0.00, 0.20, 0.00, 0.00, 0.23, 0.03, 0.09, 0.00, 0.00, 1.00, 0.00, 0.00, 0.00, 0.00, 1.00, 0.00, 1.00, 0.00, 0.00, 0.00, 0.00, 0.00, 0.00, 0.00, 0.00
312,  0,  10.451,  0.98,  1, 0.05, 0.00, 1.73, 0.00, 0.03, 0.45, 0.00, 1.32, 0.42, 0.15, 0.00, 0.14, 0.00, 0.00, 0.41, 0.06, 0.02, 0.00, 0.00, 1.00, 0.00, 0.00, 0.00, 0.00, 1.00, 0.00, 1.00, 0.00, 0.00, 0.00, 0.00, 0.00, 0.00, 0.00, 0.00
313,  0,  10.485,  0.98,  1, 0.09, 0.01, 1.75, 0.00, 0.04, 0.62, 0.00, 1.45, 0.38, 0.25, 0.00, 0.19, 0.00, 0.00, 0.40, 0.20, 0.00, 0.00, 0.00, 1.00, 0.00, 0.00, 0.00, 0.00, 1.00, 0.00, 1.00, 0.00, 0.00, 0.00, 0.00, 0.00, 0.00, 0.00, 0.00
314,  0,  10.518,  0.98,  1, 0.15, 0.01, 1.74, 0.00, 0.06, 0.55, 0.00, 1.48, 0.44, 0.31, 0.00, 0.17, 0.00, 0.00, 0.32, 0.27, 0.00, 0.00, 0.00, 1.00, 0.00, 0.00, 0.00, 0.00, 1.00, 0.00, 1.00, 0.00, 0.00, 0.00, 0.00, 0.00, 0.00, 0.00, 0.00
315,  0,  10.552,  0.98,  1, 0.14, 0.01, 1.75, 0.00, 0.07, 0.60, 0.00, 1.44, 0.41, 0.33, 0.00, 0.21, 0.00, 0.00, 0.20, 0.24, 0.05, 0.00, 0.00, 1.00, 0.00, 0.00, 0.00, 0.00, 1.00, 0.00, 1.00, 0.00, 0.00, 0.00, 0.00, 0.00, 0.00, 0.00, 0.00
316,  0,  10.586,  0.98,  1, 0.09, 0.00, 1.78, 0.00, 0.05, 0.40, 0.00, 1.39, 0.41, 0.16, 0.09, 0.26, 0.05, 0.00, 0.11, 0.17, 0.05, 0.00, 0.00, 1.00, 0.00, 0.00, 0.00, 0.00, 1.00, 0.00, 1.00, 0.00, 0.00, 0.00, 0.00, 0.00, 0.00, 0.00, 0.00
317,  0,  10.619,  0.98,  1, 0.06, 0.00, 1.80, 0.00, 0.03, 0.50, 0.00, 1.40, 0.42, 0.06, 0.09, 0.24, 0.05, 0.00, 0.19, 0.07, 0.05, 0.00, 0.00, 1.00, 1.00, 0.00, 0.00, 0.00, 1.00, 0.00, 1.00, 0.00, 0.00, 0.00, 0.00, 0.00, 0.00, 0.00, 0.00
318,  0,  10.653,  0.98,  1, 0.08, 0.00, 1.80, 0.01, 0.04, 0.46, 0.00, 1.42, 0.44, 0.05, 0.13, 0.23, 0.05, 0.00, 0.09, 0.07, 0.00, 0.00, 0.00, 1.00, 1.00, 0.00, 0.00, 0.00, 1.00, 0.00, 1.00, 0.00, 0.00, 0.00, 0.00, 0.00, 0.00, 0.00, 0.00
319,  0,  10.686,  0.98,  1, 0.11, 0.00, 1.84, 0.01, 0.08, 0.55, 0.00, 1.38, 0.44, 0.00, 0.14, 0.07, 0.10, 0.00, 0.20, 0.01, 0.00, 0.00, 0.00, 1.00, 1.00, 0.00, 0.00, 0.00, 1.00, 0.00, 0.00, 0.00, 0.00, 0.00, 0.00, 0.00, 0.00, 0.00, 0.00
320,  0,  10.720,  0.98,  1, 0.07, 0.00, 1.84, 0.01, 0.06, 0.56, 0.00, 1.28, 0.40, 0.00, 0.14, 0.08, 0.10, 0.00, 0.24, 0.01, 0.00, 0.00, 0.00, 1.00, 1.00, 0.00, 0.00, 0.00, 1.00, 0.00, 0.00, 0.00, 0.00, 0.00, 0.00, 0.00, 0.00, 0.00, 0.00
321,  0,  10.754,  0.98,  1, 0.05, 0.00, 1.83, 0.00, 0.07, 0.54, 0.00, 1.26, 0.43, 0.00, 0.09, 0.08, 0.10, 0.00, 0.27, 0.01, 0.03, 0.00, 0.00, 1.00, 1.00, 0.00, 0.00, 0.00, 1.00, 0.00, 0.00, 0.00, 0.00, 0.00, 0.00, 0.00, 0.00, 0.00, 0.00
322,  0,  10.787,  0.98,  1, 0.02, 0.00, 1.68, 0.00, 0.06, 0.47, 0.00, 1.21, 0.46, 0.00, 0.00, 0.15, 0.00, 0.00, 0.20, 0.01, 0.04, 0.00, 0.00, 1.00, 1.00, 0.00, 0.00, 0.00, 1.00, 0.00, 0.00, 0.00, 0.00, 0.00, 0.00, 0.00, 0.00, 0.00, 0.00
323,  0,  10.821,  0.98,  1, 0.02, 0.00, 1.60, 0.00, 0.12, 0.50, 0.00, 1.22, 0.48, 0.00, 0.00, 0.17, 0.00, 0.00, 0.10, 0.01, 0.04, 0.00, 0.00, 1.00, 1.00, 0.00, 0.00, 0.00, 1.00, 0.00, 0.00, 0.00, 0.00, 0.00, 0.00, 0.00, 0.00, 0.00, 0.00
324,  0,  10.854,  0.98,  1, 0.04, 0.00, 1.51, 0.00, 0.10, 0.39, 0.00, 1.17, 0.48, 0.00, 0.00, 0.17, 0.00, 0.00, 0.19, 0.02, 0.01, 0.00, 0.00, 1.00, 1.00, 0.00, 0.00, 0.00, 1.00, 0.00, 0.00, 0.00, 0.00, 0.00, 0.00, 0.00, 0.00, 0.00, 0.00
325,  0,  10.888,  0.98,  1, 0.04, 0.00, 1.50, 0.00, 0.07, 0.36, 0.00, 1.12, 0.47, 0.10, 0.08, 0.10, 0.00, 0.00, 0.25, 0.02, 0.00, 0.00, 0.00, 1.00, 1.00, 0.00, 0.00, 0.00, 1.00, 0.00, 1.00, 0.00, 0.00, 0.00, 0.00, 0.00, 0.00, 0.00, 0.00
326,  0,  10.922,  0.98,  1, 0.02, 0.00, 1.42, 0.00, 0.01, 0.19, 0.00, 1.11, 0.48, 0.17, 0.19, 0.04, 0.00, 0.00, 0.38, 0.07, 0.00, 0.00, 0.00, 1.00, 1.00, 0.00, 0.00, 0.00, 1.00, 0.00, 1.00, 0.00, 0.00, 0.00, 0.00, 0.00, 0.00, 0.00, 0.00
327,  0,  10.955,  0.98,  1, 0.03, 0.00, 1.44, 0.00, 0.00, 0.13, 0.00, 1.06, 0.45, 0.27, 0.30, 0.00, 0.06, 0.00, 0.41, 0.05, 0.00, 0.00, 0.00, 1.00, 1.00, 0.00, 0.00, 0.00, 1.00, 0.00, 1.00, 0.00, 0.00, 0.00, 0.00, 0.00, 0.00, 0.00, 0.00
328,  0,  10.989,  0.98,  1, 0.03, 0.00, 1.43, 0.00, 0.02, 0.07, 0.00, 1.09, 0.42, 0.17, 0.38, 0.00, 0.11, 0.00, 0.48, 0.08, 0.00, 0.00, 0.00, 1.00, 1.00, 0.00, 0.00, 0.00, 1.00, 0.00, 1.00, 0.00, 0.00, 0.00, 0.00, 0.00, 0.00, 0.00, 0.00
329,  0,  11.023,  0.98,  1, 0.02, 0.00, 1.50, 0.00, 0.02, 0.05, 0.00, 1.01, 0.43, 0.19, 0.33, 0.00, 0.15, 0.00, 0.47, 0.03, 0.00, 0.00, 0.00, 1.00, 0.00, 0.00, 0.00, 0.00, 1.00, 0.00, 1.00, 0.00, 0.00, 0.00, 0.00, 0.00, 0.00, 0.00, 0.00
330,  0,  11.056,  0.98,  1, 0.00, 0.00, 1.43, 0.00, 0.02, 0.05, 0.00, 1.03, 0.46, 0.22, 0.22, 0.00, 0.09, 0.00, 0.38, 0.03, 0.00, 0.00, 0.00, 1.00, 0.00, 0.00, 0.00, 0.00, 1.00, 0.00, 1.00, 0.00, 0.00, 0.00, 0.00, 0.00, 0.00, 0.00, 0.00
331,  0,  11.090,  0.98,  1, 0.00, 0.00, 1.47, 0.00, 0.00, 0.05, 0.00, 1.05, 0.48, 0.22, 0.09, 0.00, 0.05, 0.00, 0.35, 0.00, 0.00, 0.00, 0.00, 1.00, 0.00, 0.00, 0.00, 0.00, 1.00, 0.00, 1.00, 0.00, 0.00, 0.00, 0.00, 0.00, 0.00, 0.00, 0.00
332,  0,  11.123,  0.98,  1, 0.00, 0.00, 1.42, 0.00, 0.03, 0.00, 0.00, 1.16, 0.46, 0.19, 0.03, 0.00, 0.00, 0.00, 0.30, 0.00, 0.00, 0.00, 0.00, 1.00, 0.00, 0.00, 0.00, 0.00, 1.00, 0.00, 1.00, 0.00, 0.00, 0.00, 0.00, 0.00, 0.00, 0.00, 0.00
333,  0,  11.157,  0.98,  1, 0.00, 0.00, 1.40, 0.00, 0.03, 0.00, 0.00, 1.19, 0.44, 0.11, 0.03, 0.00, 0.00, 0.00, 0.36, 0.00, 0.00, 0.00, 0.00, 1.00, 0.00, 0.00, 0.00, 0.00, 1.00, 0.00, 1.00, 0.00, 0.00, 0.00, 0.00, 0.00, 0.00, 0.00, 0.00
334,  0,  11.191,  0.98,  1, 0.01, 0.00, 1.33, 0.00, 0.04, 0.00, 0.00, 1.10, 0.36, 0.11, 0.00, 0.00, 0.00, 0.00, 0.38, 0.00, 0.00, 0.00, 0.00, 1.00, 0.00, 0.00, 0.00, 0.00, 1.00, 0.00, 1.00, 0.00, 0.00, 0.00, 0.00, 0.00, 0.00, 0.00, 0.00
335,  0,  11.224,  0.98,  1, 0.04, 0.00, 1.38, 0.00, 0.01, 0.00, 0.00, 1.06, 0.34, 0.08, 0.00, 0.01, 0.00, 0.00, 0.46, 0.00, 0.00, 0.00, 0.00, 1.00, 0.00, 0.00, 0.00, 0.00, 1.00, 0.00, 1.00, 0.00, 0.00, 0.00, 0.00, 0.00, 0.00, 0.00, 0.00
336,  0,  11.258,  0.98,  1, 0.07, 0.00, 1.48, 0.00, 0.04, 0.07, 0.00, 1.01, 0.31, 0.04, 0.06, 0.06, 0.00, 0.00, 0.37, 0.00, 0.00, 0.00, 0.00, 1.00, 0.00, 0.00, 0.00, 0.00, 1.00, 0.00, 1.00, 0.00, 0.00, 0.00, 0.00, 0.00, 0.00, 0.00, 0.00
337,  0,  11.291,  0.98,  1, 0.07, 0.00, 1.55, 0.00, 0.03, 0.10, 0.00, 1.06, 0.35, 0.04, 0.08, 0.06, 0.00, 0.00, 0.27, 0.00, 0.00, 0.00, 0.00, 1.00, 0.00, 0.00, 0.00, 0.00, 1.00, 0.00, 1.00, 0.00, 0.00, 0.00, 0.00, 0.00, 0.00, 0.00, 0.00
338,  0,  11.325,  0.98,  1, 0.05, 0.00, 1.58, 0.00, 0.03, 0.10, 0.00, 1.00, 0.36, 0.02, 0.08, 0.05, 0.00, 0.00, 0.17, 0.00, 0.00, 0.00, 0.00, 1.00, 0.00, 0.00, 0.00, 0.00, 1.00, 0.00, 1.00, 0.00, 0.00, 0.00, 0.00, 0.00, 0.00, 0.00, 0.00
339,  0,  11.359,  0.98,  1, 0.03, 0.00, 1.56, 0.00, 0.00, 0.03, 0.00, 1.02, 0.40, 0.07, 0.02, 0.00, 0.00, 0.00, 0.15, 0.00, 0.00, 0.00, 0.00, 1.00, 0.00, 0.00, 0.00, 0.00, 1.00, 0.00, 1.00, 0.00, 0.00, 0.00, 0.00, 0.00, 0.00, 0.00, 0.00
340,  0,  11.392,  0.98,  1, 0.04, 0.00, 1.58, 0.00, 0.00, 0.00, 0.00, 1.02, 0.44, 0.16, 0.00, 0.00, 0.00, 0.00, 0.19, 0.00, 0.00, 0.00, 0.00, 1.00, 0.00, 0.00, 0.00, 0.00, 1.00, 0.00, 1.00, 0.00, 0.00, 0.00, 0.00, 0.00, 0.00, 0.00, 0.00
341,  0,  11.426,  0.98,  1, 0.03, 0.09, 1.55, 0.00, 0.03, 0.00, 0.00, 1.06, 0.46, 0.17, 0.00, 0.00, 0.00, 0.00, 0.30, 0.00, 0.00, 0.00, 0.00, 1.00, 0.00, 0.00, 0.00, 0.00, 1.00, 0.00, 1.00, 0.00, 0.00, 0.00, 0.00, 0.00, 0.00, 0.00, 0.00
342,  0,  11.459,  0.98,  1, 0.06, 0.14, 1.51, 0.00, 0.03, 0.02, 0.00, 1.06, 0.47, 0.19, 0.00, 0.00, 0.00, 0.00, 0.34, 0.00, 0.00, 0.00, 0.00, 1.00, 0.00, 0.00, 0.00, 0.00, 1.00, 0.00, 1.00, 0.00, 0.00, 0.00, 0.00, 0.00, 0.00, 0.00, 0.00
343,  0,  11.493,  0.98,  1, 0.07, 0.14, 1.47, 0.00, 0.03, 0.03, 0.00, 1.08, 0.47, 0.13, 0.00, 0.00, 0.00, 0.00, 0.31, 0.00, 0.00, 0.00, 0.00, 1.00, 0.00, 0.00, 0.00, 0.00, 1.00, 0.00, 1.00, 0.00, 0.00, 0.00, 0.00, 0.00, 0.00, 0.00, 0.00
344,  0,  11.527,  0.98,  1, 0.15, 0.11, 1.48, 0.00, 0.01, 0.08, 0.00, 1.05, 0.46, 0.12, 0.00, 0.00, 0.00, 0.00, 0.21, 0.00, 0.00, 0.00, 0.00, 1.00, 0.00, 0.00, 0.00, 0.00, 1.00, 0.00, 1.00, 0.00, 0.00, 0.00, 0.00, 0.00, 0.00, 0.00, 0.00
345,  0,  11.560,  0.98,  1, 0.16, 0.06, 1.53, 0.00, 0.05, 0.12, 0.00, 1.07, 0.50, 0.07, 0.00, 0.00, 0.00, 0.00, 0.25, 0.00, 0.00, 0.00, 0.00, 1.00, 0.00, 0.00, 0.00, 0.00, 1.00, 0.00, 1.00, 0.00, 0.00, 0.00, 0.00, 0.00, 0.00, 0.00, 0.00
346,  0,  11.594,  0.98,  1, 0.15, 0.10, 1.53, 0.00, 0.08, 0.37, 0.00, 1.03, 0.51, 0.06, 0.00, 0.00, 0.00, 0.00, 0.34, 0.00, 0.00, 0.00, 0.00, 1.00, 0.00, 0.00, 0.00, 0.00, 1.00, 0.00, 1.00, 0.00, 0.00, 0.00, 0.00, 0.00, 0.00, 0.00, 0.00
347,  0,  11.627,  0.98,  1, 0.08, 0.03, 1.54, 0.00, 0.08, 0.50, 0.00, 1.03, 0.50, 0.13, 0.00, 0.00, 0.03, 0.00, 0.37, 0.00, 0.00, 0.00, 0.00, 1.00, 0.00, 0.00, 0.00, 0.00, 1.00, 0.00, 1.00, 0.00, 0.00, 0.00, 0.00, 0.00, 0.00, 0.00, 0.00
348,  0,  11.661,  0.98,  1, 0.08, 0.03, 1.56, 0.00, 0.04, 0.55, 0.00, 1.00, 0.46, 0.11, 0.00, 0.00, 0.03, 0.00, 0.39, 0.00, 0.00, 0.00, 0.00, 1.00, 0.00, 0.00, 0.00, 0.00, 1.00, 0.00, 1.00, 0.00, 0.00, 0.00, 0.00, 0.00, 0.00, 0.00, 0.00
349,  0,  11.695,  0.98,  1, 0.11, 0.00, 1.65, 0.00, 0.01, 0.37, 0.00, 0.99, 0.45, 0.10, 0.00, 0.00, 0.03, 0.00, 0.37, 0.00, 0.00, 0.00, 0.00, 1.00, 0.00, 0.00, 0.00, 0.00, 1.00, 0.00, 1.00, 0.00, 0.00, 0.00, 0.00, 0.00, 0.00, 0.00, 0.00
350,  0,  11.728,  0.98,  1, 0.16, 0.00, 1.67, 0.00, 0.04, 0.25, 0.00, 1.03, 0.42, 0.03, 0.00, 0.00, 0.06, 0.00, 0.45, 0.00, 0.00, 0.00, 0.00, 1.00, 0.00, 0.00, 0.00, 0.00, 1.00, 0.00, 1.00, 0.00, 0.00, 0.00, 0.00, 0.00, 0.00, 0.00, 0.00
351,  0,  11.762,  0.98,  1, 0.18, 0.04, 1.60, 0.00, 0.06, 0.14, 0.00, 1.08, 0.40, 0.01, 0.00, 0.00, 0.06, 0.00, 0.41, 0.00, 0.05, 0.00, 0.00, 1.00, 0.00, 0.00, 0.00, 0.00, 1.00, 0.00, 1.00, 0.00, 0.00, 0.00, 0.00, 0.00, 0.00, 0.00, 0.00
352,  0,  11.795,  0.98,  1, 0.14, 0.04, 1.53, 0.00, 0.09, 0.06, 0.00, 1.14, 0.37, 0.01, 0.00, 0.00, 0.06, 0.00, 0.39, 0.00, 0.07, 0.00, 0.00, 1.00, 0.00, 0.00, 0.00, 0.00, 1.00, 0.00, 1.00, 0.00, 0.00, 0.00, 0.00, 0.00, 0.00, 0.00, 0.00
353,  0,  11.829,  0.98,  1, 0.08, 0.04, 1.43, 0.00, 0.07, 0.00, 0.00, 1.12, 0.39, 0.11, 0.00, 0.02, 0.00, 0.00, 0.38, 0.00, 0.07, 0.00, 0.00, 1.00, 0.00, 0.00, 0.00, 0.00, 1.00, 0.00, 1.00, 0.00, 0.00, 0.00, 0.00, 0.00, 0.00, 0.00, 0.00
354,  0,  11.863,  0.98,  1, 0.01, 0.00, 1.46, 0.00, 0.09, 0.07, 0.00, 1.05, 0.42, 0.15, 0.08, 0.02, 0.02, 0.00, 0.39, 0.02, 0.02, 0.00, 0.00, 1.00, 0.00, 0.00, 0.00, 0.00, 1.00, 0.00, 1.00, 0.00, 0.00, 0.00, 0.00, 0.00, 0.00, 0.00, 0.00
355,  0,  11.896,  0.98,  1, 0.00, 0.00, 1.45, 0.00, 0.07, 0.07, 0.00, 0.97, 0.42, 0.15, 0.08, 0.02, 0.02, 0.00, 0.44, 0.02, 0.00, 0.00, 0.00, 1.00, 0.00, 0.00, 0.00, 0.00, 1.00, 0.00, 1.00, 0.00, 0.00, 0.00, 0.00, 0.00, 0.00, 0.00, 0.00
356,  0,  11.930,  0.98,  1, 0.09, 0.00, 1.54, 0.00, 0.10, 0.07, 0.00, 1.05, 0.40, 0.05, 0.08, 0.00, 0.02, 0.00, 0.34, 0.02, 0.00, 0.00, 0.00, 1.00, 0.00, 0.00, 0.00, 0.00, 1.00, 0.00, 1.00, 0.00, 0.00, 0.00, 0.00, 0.00, 0.00, 0.00, 0.00
357,  0,  11.963,  0.98,  1, 0.10, 0.00, 1.52, 0.00, 0.05, 0.02, 0.00, 1.09, 0.42, 0.01, 0.08, 0.00, 0.00, 0.00, 0.31, 0.00, 0.00, 0.00, 0.00, 1.00, 0.00, 0.00, 0.00, 0.00, 1.00, 0.00, 1.00, 0.00, 0.00, 0.00, 0.00, 0.00, 0.00, 0.00, 0.00
358,  0,  11.997,  0.98,  1, 0.15, 0.00, 1.62, 0.00, 0.09, 0.12, 0.00, 1.11, 0.42, 0.04, 0.08, 0.00, 0.12, 0.00, 0.33, 0.00, 0.03, 0.00, 0.00, 1.00, 0.00, 0.00, 0.00, 0.00, 1.00, 0.00, 1.00, 0.00, 0.00, 0.00, 0.00, 0.00, 0.00, 0.00, 0.00
359,  0,  12.031,  0.98,  1, 0.06, 0.00, 1.72, 0.00, 0.15, 0.26, 0.00, 1.05, 0.40, 0.04, 0.08, 0.00, 0.12, 0.00, 0.40, 0.00, 0.03, 0.00, 0.00, 1.00, 0.00, 0.00, 0.00, 0.00, 1.00, 0.00, 1.00, 0.00, 0.00, 0.00, 0.00, 0.00, 0.00, 0.00, 0.00
360,  0,  12.064,  0.98,  1, 0.13, 0.00, 1.79, 0.00, 0.21, 0.24, 0.00, 0.99, 0.32, 0.04, 0.00, 0.00, 0.12, 0.00, 0.50, 0.00, 0.03, 0.00, 0.00, 1.00, 0.00, 0.00, 0.00, 0.00, 1.00, 0.00, 0.00, 0.00, 0.00, 0.00, 0.00, 0.00, 0.00, 0.00, 0.00
361,  0,  12.098,  0.98,  1, 0.18, 0.01, 1.87, 0.00, 0.23, 0.22, 0.00, 1.07, 0.36, 0.03, 0.00, 0.00, 0.00, 0.00, 0.47, 0.00, 0.00, 0.00, 0.00, 1.00, 0.00, 0.00, 0.00, 0.00, 1.00, 0.00, 0.00, 0.00, 0.00, 0.00, 0.00, 0.00, 0.00, 0.00, 0.00
362,  0,  12.131,  0.98,  1, 0.24, 0.01, 1.95, 0.00, 0.22, 0.16, 0.00, 1.18, 0.42, 0.03, 0.00, 0.00, 0.00, 0.00, 0.40, 0.00, 0.00, 0.00, 0.00, 1.00, 0.00, 0.00, 0.00, 0.00, 1.00, 0.00, 1.00, 0.00, 0.00, 0.00, 0.00, 0.00, 0.00, 0.00, 0.00
363,  0,  12.165,  0.98,  1, 0.25, 0.03, 2.15, 0.00, 0.22, 0.27, 0.00, 1.27, 0.46, 0.07, 0.06, 0.00, 0.14, 0.00, 0.27, 0.00, 0.00, 0.00, 0.00, 1.00, 0.00, 0.00, 0.00, 0.00, 1.00, 0.00, 1.00, 0.00, 0.00, 0.00, 0.00, 0.00, 0.00, 0.00, 0.00
364,  0,  12.199,  0.98,  1, 0.19, 0.02, 2.24, 0.00, 0.18, 0.19, 0.00, 1.27, 0.43, 0.05, 0.07, 0.00, 0.18, 0.00, 0.23, 0.00, 0.00, 0.00, 0.00, 1.00, 0.00, 0.00, 0.00, 0.00, 1.00, 0.00, 1.00, 0.00, 0.00, 0.00, 0.00, 0.00, 0.00, 0.00, 0.00
365,  0,  12.232,  0.98,  1, 0.20, 0.02, 2.21, 0.00, 0.19, 0.11, 0.00, 1.18, 0.46, 0.06, 0.07, 0.00, 0.18, 0.00, 0.29, 0.03, 0.00, 0.00, 0.00, 1.00, 0.00, 0.00, 0.00, 0.00, 1.00, 0.00, 1.00, 0.00, 0.00, 0.00, 0.00, 0.00, 0.00, 0.00, 0.00
366,  0,  12.266,  0.98,  1, 0.14, 0.00, 2.28, 0.00, 0.23, 0.08, 0.00, 1.27, 0.47, 0.08, 0.02, 0.00, 0.18, 0.00, 0.36, 0.03, 0.02, 0.00, 0.00, 1.00, 0.00, 0.00, 0.00, 0.00, 1.00, 0.00, 1.00, 0.00, 0.00, 0.00, 0.00, 0.00, 0.00, 0.00, 0.00
367,  0,  12.300,  0.98,  1, 0.21, 0.00, 2.33, 0.00, 0.25, 0.08, 0.00, 1.34, 0.53, 0.13, 0.00, 0.00, 0.24, 0.00, 0.29, 0.03, 0.05, 0.00, 0.00, 1.00, 0.00, 0.00, 0.00, 0.00, 1.00, 0.00, 1.00, 0.00, 0.00, 0.00, 0.00, 0.00, 0.00, 0.00, 0.00
368,  0,  12.333,  0.98,  1, 0.25, 0.06, 2.37, 0.00, 0.29, 0.12, 0.00, 1.44, 0.50, 0.20, 0.00, 0.02, 0.31, 0.00, 0.30, 0.00, 0.05, 0.00, 0.00, 1.00, 0.00, 0.00, 0.00, 0.00, 1.00, 0.00, 1.00, 0.00, 0.00, 0.00, 0.00, 0.00, 0.00, 0.00, 0.00
369,  0,  12.367,  0.98,  1, 0.23, 0.06, 2.38, 0.00, 0.36, 0.15, 0.00, 1.49, 0.55, 0.20, 0.00, 0.02, 0.17, 0.00, 0.36, 0.00, 0.12, 0.00, 0.00, 1.00, 0.00, 0.00, 0.00, 0.00, 1.00, 0.00, 1.00, 0.00, 0.00, 0.00, 0.00, 0.00, 0.00, 0.00, 0.00
370,  0,  12.400,  0.98,  1, 0.26, 0.19, 2.47, 0.00, 0.39, 0.25, 0.00, 1.53, 0.53, 0.31, 0.00, 0.03, 0.06, 0.00, 0.37, 0.00, 0.22, 0.00, 0.00, 1.00, 0.00, 0.00, 0.00, 0.00, 1.00, 0.00, 1.00, 0.00, 0.00, 0.00, 0.00, 0.00, 0.00, 0.00, 0.00
371,  0,  12.434,  0.98,  1, 0.22, 0.13, 2.60, 0.04, 0.40, 0.34, 0.02, 1.60, 0.55, 0.39, 0.00, 0.04, 0.00, 0.00, 0.38, 0.00, 0.27, 0.00, 0.00, 1.00, 0.00, 0.00, 0.00, 0.00, 1.00, 0.00, 1.00, 0.00, 0.00, 0.00, 0.00, 0.00, 0.00, 0.00, 0.00
372,  0,  12.468,  0.98,  1, 0.31, 0.18, 2.68, 0.04, 0.36, 0.25, 0.02, 1.64, 0.52, 0.44, 0.00, 0.04, 0.03, 0.00, 0.41, 0.00, 0.27, 0.00, 0.00, 1.00, 0.00, 0.00, 0.00, 0.00, 1.00, 0.00, 1.00, 0.00, 0.00, 0.00, 0.00, 0.00, 0.00, 0.00, 0.00
373,  0,  12.501,  0.98,  1, 0.23, 0.05, 2.69, 0.04, 0.39, 0.23, 0.02, 1.62, 0.51, 0.33, 0.00, 0.03, 0.03, 0.00, 0.53, 0.00, 0.13, 0.00, 0.00, 1.00, 0.00, 0.00, 0.00, 0.00, 1.00, 0.00, 1.00, 0.00, 0.00, 0.00, 0.00, 0.00, 0.00, 0.00, 0.00
374,  0,  12.535,  0.98,  1, 0.26, 0.05, 2.73, 0.00, 0.38, 0.21, 0.00, 1.60, 0.48, 0.22, 0.00, 0.00, 0.03, 0.00, 0.46, 0.00, 0.14, 0.00, 0.00, 1.00, 0.00, 0.00, 0.00, 0.00, 1.00, 0.00, 1.00, 0.00, 0.00, 0.00, 0.00, 0.00, 0.00, 0.00, 0.00
375,  0,  12.568,  0.98,  1, 0.22, 0.02, 2.63, 0.00, 0.40, 0.32, 0.01, 1.50, 0.52, 0.24, 0.00, 0.00, 0.00, 0.00, 0.44, 0.00, 0.05, 0.00, 0.00, 1.00, 0.00, 0.00, 0.00, 0.00, 1.00, 0.00, 1.00, 0.00, 0.00, 0.00, 0.00, 0.00, 0.00, 0.00, 0.00
376,  0,  12.602,  0.98,  1, 0.23, 0.01, 2.51, 0.00, 0.42, 0.31, 0.01, 1.54, 0.56, 0.26, 0.00, 0.00, 0.00, 0.00, 0.41, 0.02, 0.05, 0.00, 0.00, 1.00, 0.00, 0.00, 0.00, 0.00, 1.00, 0.00, 1.00, 0.00, 0.00, 0.00, 0.00, 0.00, 0.00, 0.00, 0.00
377,  0,  12.636,  0.98,  1, 0.23, 0.01, 2.44, 0.00, 0.43, 0.34, 0.01, 1.57, 0.61, 0.34, 0.00, 0.07, 0.00, 0.00, 0.45, 0.08, 0.05, 0.00, 0.00, 1.00, 0.00, 0.00, 0.00, 0.00, 1.00, 0.00, 1.00, 0.00, 0.00, 0.00, 0.00, 0.00, 0.00, 0.00, 0.00
378,  0,  12.669,  0.98,  1, 0.26, 0.00, 2.47, 0.00, 0.42, 0.39, 0.00, 1.75, 0.60, 0.21, 0.00, 0.19, 0.00, 0.00, 0.31, 0.08, 0.06, 0.00, 0.00, 1.00, 0.00, 0.00, 0.00, 0.00, 1.00, 0.00, 1.00, 0.00, 0.00, 0.00, 0.00, 0.00, 0.00, 0.00, 0.00
379,  0,  12.703,  0.98,  1, 0.25, 0.00, 2.59, 0.04, 0.45, 0.52, 0.00, 1.86, 0.57, 0.14, 0.00, 0.29, 0.00, 0.00, 0.21, 0.06, 0.07, 0.00, 0.00, 1.00, 0.00, 0.00, 0.00, 0.00, 1.00, 0.00, 1.00, 0.00, 0.00, 0.00, 0.00, 0.00, 0.00, 0.00, 0.00
380,  0,  12.736,  0.98,  1, 0.23, 0.00, 2.70, 0.04, 0.46, 0.65, 0.00, 1.97, 0.56, 0.07, 0.00, 0.39, 0.00, 0.00, 0.14, 0.01, 0.09, 0.00, 0.00, 1.00, 0.00, 0.00, 0.00, 0.00, 1.00, 0.00, 1.00, 0.00, 0.00, 0.00, 0.00, 0.00, 0.00, 0.00, 0.00
381,  0,  12.770,  0.98,  1, 0.14, 0.00, 2.70, 0.04, 0.49, 0.73, 0.00, 1.95, 0.54, 0.07, 0.00, 0.43, 0.00, 0.00, 0.26, 0.01, 0.08, 0.00, 0.00, 1.00, 0.00, 0.00, 0.00, 0.00, 1.00, 0.00, 1.00, 0.00, 0.00, 0.00, 0.00, 0.00, 0.00, 0.00, 0.00
382,  0,  12.804,  0.98,  1, 0.10, 0.00, 2.72, 0.01, 0.46, 0.73, 0.02, 1.99, 0.52, 0.05, 0.00, 0.45, 0.00, 0.00, 0.35, 0.02, 0.14, 0.00, 0.00, 1.00, 0.00, 0.00, 0.00, 0.00, 1.00, 0.00, 0.00, 0.00, 0.00, 0.00, 0.00, 0.00, 0.00, 0.00, 0.00
383,  0,  12.837,  0.98,  1, 0.07, 0.00, 2.73, 0.01, 0.48, 0.61, 0.02, 1.96, 0.50, 0.00, 0.00, 0.54, 0.00, 0.00, 0.42, 0.09, 0.17, 0.00, 0.00, 1.00, 0.00, 0.00, 0.00, 0.00, 1.00, 0.00, 0.00, 0.00, 0.00, 0.00, 0.00, 0.00, 0.00, 0.00, 0.00
384,  0,  12.871,  0.98,  1, 0.14, 0.00, 2.93, 0.05, 0.47, 0.52, 0.02, 2.00, 0.50, 0.00, 0.00, 0.54, 0.00, 0.00, 0.42, 0.15, 0.21, 0.00, 0.00, 1.00, 0.00, 0.00, 0.00, 0.00, 1.00, 0.00, 0.00, 0.00, 0.00, 0.00, 0.00, 0.00, 0.00, 0.00, 0.00
385,  0,  12.904,  0.98,  1, 0.20, 0.00, 2.93, 0.04, 0.51, 0.44, 0.00, 1.95, 0.50, 0.00, 0.00, 0.58, 0.00, 0.00, 0.38, 0.14, 0.19, 0.00, 0.00, 1.00, 0.00, 0.00, 0.00, 0.00, 1.00, 0.00, 0.00, 0.00, 0.00, 0.00, 0.00, 0.00, 0.00, 0.00, 0.00
386,  0,  12.938,  0.98,  1, 0.24, 0.00, 2.90, 0.04, 0.53, 0.40, 0.00, 1.97, 0.51, 0.00, 0.00, 0.47, 0.00, 0.00, 0.46, 0.06, 0.18, 0.00, 0.00, 1.00, 0.00, 0.00, 0.00, 0.00, 1.00, 0.00, 0.00, 0.00, 0.00, 0.00, 0.00, 0.00, 0.00, 0.00, 0.00
387,  0,  12.972,  0.98,  1, 0.25, 0.00, 2.87, 0.00, 0.62, 0.34, 0.05, 1.88, 0.47, 0.05, 0.00, 0.49, 0.00, 0.00, 0.42, 0.00, 0.23, 0.00, 0.00, 1.00, 0.00, 0.00, 0.00, 0.00, 1.00, 0.00, 1.00, 0.00, 0.00, 0.00, 0.00, 0.00, 0.00, 0.00, 0.00
388,  0,  13.005,  0.98,  1, 0.27, 0.00, 3.00, 0.00, 0.68, 0.40, 0.09, 1.84, 0.51, 0.16, 0.00, 0.40, 0.00, 0.00, 0.32, 0.08, 0.19, 0.00, 0.00, 1.00, 0.00, 0.00, 0.00, 0.00, 1.00, 0.00, 1.00, 0.00, 0.00, 0.00, 0.00, 0.00, 0.00, 0.00, 0.00
389,  0,  13.039,  0.98,  1, 0.27, 0.00, 3.05, 0.00, 0.69, 0.39, 0.09, 1.80, 0.52, 0.21, 0.00, 0.47, 0.00, 0.00, 0.14, 0.17, 0.15, 0.00, 0.00, 1.00, 0.00, 0.00, 0.00, 0.00, 1.00, 0.00, 1.00, 0.00, 0.00, 0.00, 0.00, 0.00, 0.00, 0.00, 0.00
390,  0,  13.072,  0.98,  1, 0.22, 0.00, 3.10, 0.00, 0.68, 0.51, 0.04, 1.86, 0.60, 0.30, 0.00, 0.44, 0.00, 0.00, 0.06, 0.17, 0.15, 0.00, 0.00, 1.00, 0.00, 0.00, 0.00, 0.00, 1.00, 0.00, 1.00, 0.00, 0.00, 0.00, 0.00, 0.00, 0.00, 0.00, 0.00
391,  0,  13.106,  0.98,  1, 0.11, 0.00, 3.11, 0.00, 0.64, 0.46, 0.01, 1.82, 0.60, 0.32, 0.00, 0.43, 0.00, 0.00, 0.06, 0.10, 0.13, 0.00, 0.00, 1.00, 1.00, 0.00, 0.00, 0.00, 1.00, 0.00, 1.00, 0.00, 0.00, 0.00, 0.00, 0.00, 0.00, 0.00, 0.00
392,  0,  13.140,  0.98,  1, 0.09, 0.00, 3.26, 0.00, 0.68, 0.66, 0.07, 1.85, 0.58, 0.41, 0.00, 0.22, 0.00, 0.00, 0.21, 0.00, 0.09, 0.00, 0.00, 1.00, 1.00, 0.00, 0.00, 0.00, 1.00, 0.00, 1.00, 0.00, 0.00, 0.00, 0.00, 0.00, 0.00, 0.00, 0.00
393,  0,  13.173,  0.98,  1, 0.07, 0.00, 3.38, 0.00, 0.75, 0.66, 0.11, 1.93, 0.60, 0.50, 0.00, 0.18, 0.00, 0.00, 0.36, 0.00, 0.02, 0.00, 0.00, 1.00, 1.00, 0.00, 1.00, 0.00, 1.00, 0.00, 1.00, 0.00, 0.00, 0.00, 0.00, 0.00, 0.00, 0.00, 0.00
394,  0,  13.207,  0.98,  1, 0.07, 0.00, 3.47, 0.00, 0.85, 0.72, 0.17, 2.08, 0.66, 0.68, 0.00, 0.26, 0.00, 0.00, 0.36, 0.06, 0.02, 0.00, 0.00, 1.00, 0.00, 1.00, 1.00, 0.00, 1.00, 0.00, 1.00, 0.00, 0.00, 0.00, 0.00, 0.00, 0.00, 0.00, 0.00
395,  0,  13.240,  0.98,  1, 0.00, 0.00, 3.51, 0.00, 0.92, 0.71, 0.19, 2.25, 0.73, 0.76, 0.00, 0.41, 0.00, 0.01, 0.24, 0.07, 0.02, 0.00, 0.00, 1.00, 0.00, 1.00, 1.00, 0.00, 1.00, 0.00, 1.00, 0.00, 0.00, 0.00, 0.00, 0.00, 0.00, 0.00, 0.00
396,  0,  13.274,  0.98,  1, 0.00, 0.00, 3.57, 0.00, 0.97, 0.86, 0.23, 2.41, 0.75, 0.74, 0.00, 0.45, 0.00, 0.01, 0.02, 0.07, 0.01, 0.00, 0.00, 1.00, 0.00, 1.00, 1.00, 0.00, 1.00, 0.00, 1.00, 0.00, 0.00, 0.00, 0.00, 0.00, 0.00, 0.00, 0.00
397,  0,  13.308,  0.98,  1, 0.03, 0.00, 3.70, 0.00, 0.99, 0.91, 0.27, 2.49, 0.75, 0.64, 0.00, 0.44, 0.00, 0.01, 0.02, 0.12, 0.07, 0.00, 0.00, 1.00, 0.00, 1.00, 1.00, 0.00, 1.00, 0.00, 1.00, 0.00, 0.00, 0.00, 0.00, 0.00, 0.00, 0.00, 0.00
398,  0,  13.341,  0.98,  1, 0.07, 0.00, 3.77, 0.00, 1.00, 0.87, 0.26, 2.39, 0.74, 0.68, 0.00, 0.46, 0.00, 0.00, 0.00, 0.10, 0.19, 0.00, 0.00, 1.00, 0.00, 1.00, 1.00, 0.00, 1.00, 0.00, 1.00, 0.00, 0.00, 0.00, 0.00, 0.00, 0.00, 0.00, 0.00
399,  0,  13.375,  0.98,  1, 0.07, 0.00, 3.68, 0.00, 0.97, 0.73, 0.23, 2.27, 0.74, 0.75, 0.00, 0.51, 0.00, 0.02, 0.06, 0.14, 0.18, 0.00, 0.00, 1.00, 0.00, 1.00, 1.00, 0.00, 1.00, 0.00, 1.00, 0.00, 0.00, 0.00, 0.00, 0.00, 0.00, 0.00, 0.00
400,  0,  13.408,  0.98,  1, 0.09, 0.00, 3.57, 0.00, 0.94, 0.85, 0.15, 2.23, 0.76, 0.88, 0.00, 0.58, 0.00, 0.07, 0.18, 0.09, 0.12, 0.00, 0.00, 1.00, 0.00, 1.00, 1.00, 0.00, 1.00, 0.00, 1.00, 0.00, 0.00, 0.00, 0.00, 0.00, 0.00, 0.00, 0.00
401,  0,  13.442,  0.98,  1, 0.08, 0.00, 3.51, 0.02, 0.97, 0.91, 0.19, 2.19, 0.74, 0.84, 0.00, 0.54, 0.03, 0.08, 0.33, 0.11, 0.02, 0.00, 0.00, 1.00, 1.00, 1.00, 1.00, 0.00, 1.00, 0.00, 1.00, 0.00, 0.00, 0.00, 0.00, 0.00, 0.00, 0.00, 0.00
402,  0,  13.476,  0.98,  1, 0.09, 0.00, 3.62, 0.02, 1.02, 1.08, 0.23, 2.07, 0.72, 0.91, 0.00, 0.46, 0.03, 0.12, 0.40, 0.14, 0.02, 0.00, 0.00, 1.00, 1.00, 1.00, 1.00, 0.00, 1.00, 0.00, 1.00, 0.00, 0.00, 0.00, 0.00, 0.00, 0.00, 0.00, 0.00
403,  0,  13.509,  0.98,  1, 0.10, 0.00, 3.73, 0.11, 1.05, 1.01, 0.30, 2.01, 0.70, 0.93, 0.00, 0.40, 0.03, 0.07, 0.30, 0.25, 0.02, 0.00, 0.00, 1.00, 0.00, 1.00, 1.00, 1.00, 1.00, 0.00, 1.00, 0.00, 0.00, 0.00, 0.00, 0.00, 0.00, 0.00, 0.00
404,  0,  13.543,  0.98,  1, 0.10, 0.00, 3.87, 0.15, 1.05, 1.17, 0.26, 2.05, 0.76, 1.13, 0.00, 0.43, 0.00, 0.10, 0.28, 0.43, 0.00, 0.00, 0.00, 1.00, 0.00, 1.00, 1.00, 1.00, 1.00, 0.00, 1.00, 0.00, 0.00, 0.00, 0.00, 0.00, 0.00, 0.00, 0.00
405,  0,  13.577,  0.98,  1, 0.15, 0.00, 4.04, 0.15, 1.07, 1.19, 0.31, 2.14, 0.80, 1.11, 0.00, 0.52, 0.11, 0.08, 0.26, 0.37, 0.00, 0.00, 0.00, 1.00, 0.00, 1.00, 1.00, 1.00, 1.00, 0.00, 1.00, 0.00, 0.00, 0.00, 0.00, 0.00, 0.00, 0.00, 0.00
406,  0,  13.610,  0.98,  1, 0.16, 0.00, 4.23, 0.13, 1.17, 1.32, 0.35, 2.10, 0.82, 1.03, 0.00, 0.56, 0.14, 0.13, 0.38, 0.35, 0.00, 0.00, 0.00, 1.00, 0.00, 1.00, 1.00, 1.00, 1.00, 0.00, 1.00, 0.00, 0.00, 0.00, 0.00, 0.00, 0.00, 0.00, 0.00
407,  0,  13.644,  0.98,  1, 0.23, 0.00, 4.43, 0.18, 1.26, 1.32, 0.41, 2.10, 0.80, 0.81, 0.00, 0.60, 0.15, 0.11, 0.36, 0.18, 0.00, 0.00, 0.00, 1.00, 0.00, 1.00, 1.00, 1.00, 1.00, 0.00, 1.00, 0.00, 0.00, 0.00, 0.00, 0.00, 0.00, 0.00, 0.00
408,  0,  13.677,  0.98,  1, 0.24, 0.00, 4.56, 0.23, 1.27, 1.42, 0.43, 2.03, 0.76, 0.70, 0.00, 0.57, 0.04, 0.09, 0.29, 0.33, 0.00, 0.00, 0.00, 1.00, 0.00, 1.00, 1.00, 1.00, 1.00, 0.00, 1.00, 0.00, 0.00, 0.00, 0.00, 0.00, 0.00, 0.00, 0.00
409,  0,  13.711,  0.98,  1, 0.26, 0.00, 4.58, 0.25, 1.23, 1.31, 0.41, 2.09, 0.69, 0.61, 0.00, 0.56, 0.01, 0.10, 0.15, 0.24, 0.00, 0.00, 0.00, 1.00, 0.00, 1.00, 1.00, 1.00, 1.00, 0.00, 1.00, 0.00, 0.00, 0.00, 0.00, 0.00, 0.00, 0.00, 0.00
410,  0,  13.745,  0.98,  1, 0.30, 0.00, 4.56, 0.13, 1.16, 1.11, 0.46, 1.97, 0.62, 0.73, 0.00, 0.40, 0.00, 0.09, 0.09, 0.21, 0.00, 0.00, 0.00, 1.00, 0.00, 1.00, 1.00, 1.00, 1.00, 0.00, 1.00, 0.00, 0.00, 0.00, 0.00, 0.00, 0.00, 0.00, 0.00
411,  0,  13.778,  0.98,  1, 0.40, 0.00, 4.53, 0.13, 1.12, 1.09, 0.47, 2.05, 0.60, 0.86, 0.00, 0.27, 0.00, 0.07, 0.12, 0.06, 0.00, 0.00, 0.00, 1.00, 0.00, 1.00, 1.00, 1.00, 1.00, 0.00, 1.00, 0.00, 0.00, 0.00, 0.00, 0.00, 0.00, 0.00, 0.00
412,  0,  13.812,  0.98,  1, 0.37, 0.00, 4.51, 0.05, 1.10, 1.16, 0.47, 1.99, 0.60, 0.81, 0.00, 0.22, 0.00, 0.02, 0.21, 0.03, 0.00, 0.00, 0.00, 1.00, 0.00, 1.00, 1.00, 1.00, 1.00, 0.00, 1.00, 0.00, 0.00, 0.00, 0.00, 0.00, 0.00, 0.00, 0.00
413,  0,  13.845,  0.98,  1, 0.34, 0.00, 4.45, 0.07, 1.09, 1.33, 0.33, 2.09, 0.65, 0.71, 0.00, 0.28, 0.00, 0.00, 0.27, 0.11, 0.00, 0.00, 0.00, 1.00, 0.00, 1.00, 1.00, 0.00, 1.00, 0.00, 1.00, 0.00, 0.00, 0.00, 0.00, 0.00, 0.00, 0.00, 0.00
414,  0,  13.879,  0.98,  1, 0.18, 0.00, 4.36, 0.02, 1.05, 1.18, 0.21, 2.00, 0.66, 0.55, 0.00, 0.39, 0.00, 0.00, 0.32, 0.21, 0.02, 0.00, 0.00, 1.00, 0.00, 1.00, 1.00, 0.00, 1.00, 0.00, 1.00, 0.00, 0.00, 0.00, 0.00, 0.00, 0.00, 0.00, 0.00
415,  0,  13.913,  0.98,  1, 0.19, 0.00, 4.30, 0.02, 0.99, 1.11, 0.13, 2.00, 0.65, 0.62, 0.00, 0.36, 0.00, 0.00, 0.34, 0.24, 0.07, 0.00, 0.00, 1.00, 0.00, 1.00, 1.00, 0.00, 1.00, 0.00, 1.00, 0.00, 0.00, 0.00, 0.00, 0.00, 0.00, 0.00, 0.00
416,  0,  13.946,  0.98,  1, 0.15, 0.00, 4.19, 0.00, 0.92, 1.01, 0.10, 1.93, 0.61, 0.48, 0.00, 0.42, 0.00, 0.00, 0.34, 0.23, 0.07, 0.00, 0.00, 1.00, 0.00, 1.00, 1.00, 0.00, 1.00, 0.00, 1.00, 0.00, 0.00, 0.00, 0.00, 0.00, 0.00, 0.00, 0.00
417,  0,  13.980,  0.98,  1, 0.18, 0.00, 4.10, 0.00, 0.90, 1.03, 0.07, 1.81, 0.55, 0.40, 0.00, 0.39, 0.00, 0.00, 0.32, 0.17, 0.05, 0.00, 0.00, 1.00, 0.00, 1.00, 1.00, 0.00, 1.00, 0.00, 1.00, 0.00, 0.00, 0.00, 0.00, 0.00, 0.00, 0.00, 0.00
418,  0,  14.013,  0.98,  1, 0.17, 0.00, 3.99, 0.00, 0.88, 1.13, 0.08, 1.74, 0.49, 0.39, 0.00, 0.47, 0.00, 0.02, 0.21, 0.15, 0.00, 0.00, 0.00, 1.00, 0.00, 1.00, 1.00, 0.00, 1.00, 0.00, 1.00, 0.00, 0.00, 0.00, 0.00, 0.00, 0.00, 0.00, 0.00
419,  0,  14.047,  0.98,  1, 0.20, 0.00, 3.89, 0.03, 0.85, 1.21, 0.06, 1.70, 0.48, 0.38, 0.00, 0.45, 0.00, 0.02, 0.11, 0.07, 0.00, 0.00, 0.00, 1.00, 0.00, 1.00, 1.00, 0.00, 1.00, 0.00, 1.00, 0.00, 0.00, 0.00, 0.00, 0.00, 0.00, 0.00, 0.00
420,  0,  14.081,  0.98,  1, 0.14, 0.00, 3.78, 0.04, 0.80, 1.13, 0.07, 1.77, 0.51, 0.36, 0.00, 0.42, 0.00, 0.02, 0.00, 0.08, 0.00, 0.00, 0.00, 1.00, 1.00, 1.00, 1.00, 0.00, 1.00, 0.00, 1.00, 0.00, 0.00, 0.00, 0.00, 0.00, 0.00, 0.00, 0.00
421,  0,  14.114,  0.98,  1, 0.11, 0.00, 3.74, 0.04, 0.77, 1.00, 0.03, 1.72, 0.54, 0.15, 0.00, 0.45, 0.00, 0.03, 0.00, 0.07, 0.00, 0.00, 0.00, 1.00, 1.00, 1.00, 1.00, 0.00, 1.00, 0.00, 1.00, 0.00, 0.00, 0.00, 0.00, 0.00, 0.00, 0.00, 0.00
422,  0,  14.148,  0.98,  1, 0.09, 0.00, 3.71, 0.01, 0.74, 0.92, 0.03, 1.70, 0.55, 0.10, 0.00, 0.52, 0.00, 0.03, 0.00, 0.12, 0.00, 0.00, 0.00, 1.00, 1.00, 1.00, 1.00, 0.00, 1.00, 0.00, 0.00, 0.00, 0.00, 0.00, 0.00, 0.00, 0.00, 0.00, 0.00
423,  0,  14.181,  0.98,  1, 0.14, 0.00, 3.67, 0.00, 0.74, 0.87, 0.01, 1.63, 0.53, 0.00, 0.00, 0.64, 0.00, 0.03, 0.00, 0.15, 0.00, 0.00, 0.00, 1.00, 1.00, 0.00, 1.00, 0.00, 1.00, 0.00, 0.00, 0.00, 0.00, 0.00, 0.00, 0.00, 0.00, 0.00, 0.00
424,  0,  14.215,  0.98,  1, 0.16, 0.00, 3.60, 0.00, 0.69, 0.81, 0.01, 1.64, 0.54, 0.00, 0.00, 0.56, 0.00, 0.00, 0.01, 0.13, 0.00, 0.00, 0.00, 1.00, 1.00, 0.00, 1.00, 0.00, 1.00, 0.00, 0.00, 0.00, 0.00, 0.00, 0.00, 0.00, 0.00, 0.00, 0.00
425,  0,  14.249,  0.98,  1, 0.13, 0.00, 3.53, 0.00, 0.63, 0.61, 0.01, 1.56, 0.57, 0.03, 0.00, 0.42, 0.00, 0.03, 0.04, 0.09, 0.00, 0.00, 0.00, 1.00, 1.00, 0.00, 1.00, 0.00, 1.00, 0.00, 0.00, 0.00, 0.00, 0.00, 0.00, 0.00, 0.00, 0.00, 0.00
426,  0,  14.282,  0.98,  1, 0.19, 0.00, 3.41, 0.05, 0.59, 0.59, 0.00, 1.57, 0.58, 0.07, 0.00, 0.34, 0.00, 0.05, 0.08, 0.03, 0.00, 0.00, 0.00, 1.00, 1.00, 0.00, 1.00, 0.00, 1.00, 0.00, 0.00, 0.00, 0.00, 0.00, 0.00, 0.00, 0.00, 0.00, 0.00
427,  0,  14.316,  0.98,  1, 0.15, 0.00, 3.23, 0.05, 0.54, 0.44, 0.00, 1.50, 0.56, 0.14, 0.00, 0.30, 0.00, 0.05, 0.18, 0.04, 0.00, 0.00, 0.00, 1.00, 1.00, 0.00, 1.00, 0.00, 1.00, 0.00, 0.00, 0.00, 0.00, 0.00, 0.00, 0.00, 0.00, 0.00, 0.00
428,  0,  14.349,  0.98,  1, 0.11, 0.00, 3.09, 0.05, 0.53, 0.45, 0.00, 1.56, 0.55, 0.12, 0.00, 0.33, 0.00, 0.02, 0.17, 0.04, 0.00, 0.00, 0.00, 1.00, 1.00, 0.00, 1.00, 0.00, 1.00, 0.00, 1.00, 0.00, 0.00, 0.00, 0.00, 0.00, 0.00, 0.00, 0.00
429,  0,  14.383,  0.98,  1, 0.03, 0.00, 2.99, 0.00, 0.51, 0.41, 0.00, 1.58, 0.56, 0.07, 0.00, 0.27, 0.00, 0.00, 0.13, 0.03, 0.00, 0.00, 0.00, 1.00, 1.00, 0.00, 0.00, 0.00, 1.00, 0.00, 1.00, 0.00, 0.00, 0.00, 0.00, 0.00, 0.00, 0.00, 0.00
430,  0,  14.417,  0.98,  1, 0.07, 0.00, 2.98, 0.00, 0.50, 0.45, 0.00, 1.60, 0.55, 0.05, 0.00, 0.30, 0.00, 0.00, 0.02, 0.09, 0.00, 0.00, 0.00, 1.00, 1.00, 0.00, 0.00, 0.00, 1.00, 0.00, 1.00, 0.00, 0.00, 0.00, 0.00, 0.00, 0.00, 0.00, 0.00
431,  0,  14.450,  0.98,  1, 0.10, 0.00, 2.97, 0.00, 0.50, 0.58, 0.00, 1.66, 0.50, 0.12, 0.00, 0.35, 0.00, 0.00, 0.01, 0.21, 0.00, 0.00, 0.00, 1.00, 1.00, 0.00, 0.00, 0.00, 1.00, 0.00, 1.00, 0.00, 0.00, 0.00, 0.00, 0.00, 0.00, 0.00, 0.00
432,  0,  14.484,  0.98,  1, 0.12, 0.00, 2.96, 0.00, 0.47, 0.59, 0.00, 1.67, 0.48, 0.14, 0.00, 0.44, 0.00, 0.00, 0.05, 0.31, 0.00, 0.00, 0.00, 1.00, 1.00, 0.00, 0.00, 0.00, 1.00, 0.00, 1.00, 0.00, 0.00, 0.00, 0.00, 0.00, 0.00, 0.00, 0.00
433,  0,  14.517,  0.98,  1, 0.11, 0.00, 2.94, 0.00, 0.43, 0.69, 0.00, 1.68, 0.49, 0.22, 0.00, 0.52, 0.00, 0.00, 0.05, 0.35, 0.00, 0.00, 0.00, 1.00, 1.00, 0.00, 0.00, 0.00, 1.00, 0.00, 1.00, 0.00, 0.00, 0.00, 0.00, 0.00, 0.00, 0.00, 0.00
434,  0,  14.551,  0.98,  1, 0.13, 0.00, 2.94, 0.00, 0.37, 0.64, 0.00, 1.63, 0.50, 0.24, 0.00, 0.51, 0.00, 0.00, 0.04, 0.25, 0.03, 0.00, 0.00, 1.00, 1.00, 0.00, 0.00, 0.00, 1.00, 0.00, 1.00, 0.00, 0.00, 0.00, 0.00, 0.00, 0.00, 0.00, 0.00
435,  0,  14.585,  0.98,  1, 0.18, 0.00, 2.87, 0.00, 0.35, 0.60, 0.00, 1.63, 0.51, 0.39, 0.00, 0.43, 0.00, 0.00, 0.01, 0.24, 0.04, 0.00, 0.00, 1.00, 1.00, 0.00, 0.00, 0.00, 1.00, 0.00, 1.00, 0.00, 0.00, 0.00, 0.00, 0.00, 0.00, 0.00, 0.00
436,  0,  14.618,  0.98,  1, 0.18, 0.00, 2.79, 0.00, 0.35, 0.55, 0.00, 1.64, 0.50, 0.44, 0.00, 0.43, 0.00, 0.00, 0.01, 0.26, 0.04, 0.00, 0.00, 1.00, 1.00, 0.00, 0.00, 0.00, 1.00, 0.00, 1.00, 0.00, 0.00, 0.00, 0.00, 0.00, 0.00, 0.00, 0.00
437,  0,  14.652,  0.98,  1, 0.17, 0.00, 2.77, 0.00, 0.38, 0.55, 0.00, 1.67, 0.49, 0.49, 0.00, 0.42, 0.00, 0.00, 0.01, 0.32, 0.01, 0.00, 0.00, 1.00, 1.00, 0.00, 0.00, 0.00, 1.00, 0.00, 1.00, 0.00, 0.00, 0.00, 0.00, 0.00, 0.00, 0.00, 0.00
438,  0,  14.685,  0.98,  1, 0.11, 0.00, 2.76, 0.00, 0.39, 0.61, 0.00, 1.66, 0.48, 0.37, 0.00, 0.45, 0.00, 0.00, 0.00, 0.28, 0.00, 0.00, 0.00, 1.00, 1.00, 0.00, 0.00, 0.00, 1.00, 0.00, 1.00, 0.00, 0.00, 0.00, 0.00, 0.00, 0.00, 0.00, 0.00
439,  0,  14.719,  0.98,  1, 0.11, 0.00, 2.80, 0.00, 0.39, 0.66, 0.00, 1.66, 0.46, 0.27, 0.00, 0.42, 0.00, 0.00, 0.00, 0.20, 0.00, 0.00, 0.00, 1.00, 1.00, 0.00, 0.00, 0.00, 1.00, 0.00, 1.00, 0.00, 0.00, 0.00, 0.00, 0.00, 0.00, 0.00, 0.00
440,  0,  14.753,  0.98,  1, 0.10, 0.00, 2.75, 0.02, 0.37, 0.71, 0.00, 1.56, 0.48, 0.21, 0.00, 0.33, 0.03, 0.00, 0.08, 0.21, 0.00, 0.00, 0.00, 1.00, 1.00, 0.00, 0.00, 0.00, 1.00, 0.00, 1.00, 0.00, 0.00, 0.00, 0.00, 0.00, 0.00, 0.00, 0.00
441,  0,  14.786,  0.98,  1, 0.08, 0.00, 2.76, 0.02, 0.37, 0.73, 0.01, 1.55, 0.53, 0.28, 0.00, 0.26, 0.04, 0.00, 0.08, 0.16, 0.00, 0.00, 0.00, 1.00, 1.00, 0.00, 0.00, 0.00, 1.00, 0.00, 1.00, 0.00, 0.00, 0.00, 0.00, 0.00, 0.00, 0.00, 0.00
442,  0,  14.820,  0.98,  1, 0.09, 0.00, 2.73, 0.02, 0.35, 0.73, 0.03, 1.56, 0.57, 0.33, 0.03, 0.15, 0.05, 0.00, 0.08, 0.14, 0.00, 0.00, 0.00, 1.00, 1.00, 0.00, 0.00, 0.00, 1.00, 0.00, 1.00, 0.00, 0.00, 0.00, 0.00, 0.00, 0.00, 0.00, 0.00
443,  0,  14.854,  0.98,  1, 0.06, 0.00, 2.69, 0.00, 0.35, 0.60, 0.03, 1.60, 0.58, 0.41, 0.08, 0.13, 0.10, 0.00, 0.01, 0.06, 0.00, 0.00, 0.00, 1.00, 1.00, 0.00, 0.00, 0.00, 1.00, 0.00, 1.00, 0.00, 0.00, 0.00, 0.00, 0.00, 0.00, 0.00, 0.00
444,  0,  14.887,  0.98,  1, 0.10, 0.00, 2.71, 0.00, 0.33, 0.54, 0.02, 1.59, 0.54, 0.41, 0.13, 0.10, 0.10, 0.00, 0.02, 0.06, 0.00, 0.00, 0.00, 1.00, 1.00, 0.00, 0.00, 0.00, 1.00, 0.00, 1.00, 0.00, 0.00, 0.00, 0.00, 0.00, 0.00, 0.00, 0.00
445,  0,  14.921,  0.98,  1, 0.12, 0.00, 2.81, 0.00, 0.33, 0.48, 0.00, 1.63, 0.51, 0.40, 0.13, 0.20, 0.14, 0.00, 0.02, 0.04, 0.00, 0.00, 0.00, 1.00, 1.00, 0.00, 0.00, 0.00, 1.00, 0.00, 1.00, 0.00, 0.00, 0.00, 0.00, 0.00, 0.00, 0.00, 0.00
446,  0,  14.954,  0.98,  1, 0.21, 0.00, 2.91, 0.06, 0.37, 0.47, 0.01, 1.61, 0.50, 0.39, 0.08, 0.25, 0.08, 0.00, 0.05, 0.01, 0.00, 0.00, 0.00, 1.00, 1.00, 0.00, 0.00, 0.00, 1.00, 0.00, 1.00, 0.00, 0.00, 0.00, 0.00, 0.00, 0.00, 0.00, 0.00
447,  0,  14.988,  0.98,  1, 0.19, 0.00, 2.90, 0.17, 0.41, 0.48, 0.01, 1.63, 0.51, 0.35, 0.13, 0.28, 0.14, 0.00, 0.08, 0.09, 0.00, 0.00, 0.00, 1.00, 1.00, 0.00, 0.00, 0.00, 1.00, 0.00, 1.00, 0.00, 0.00, 0.00, 0.00, 0.00, 0.00, 0.00, 0.00
448,  0,  15.022,  0.98,  1, 0.19, 0.00, 2.84, 0.23, 0.45, 0.45, 0.01, 1.55, 0.47, 0.38, 0.10, 0.19, 0.15, 0.00, 0.17, 0.08, 0.00, 0.00, 0.00, 1.00, 1.00, 0.00, 0.00, 0.00, 1.00, 0.00, 1.00, 0.00, 0.00, 0.00, 0.00, 0.00, 0.00, 0.00, 0.00
449,  0,  15.055,  0.98,  1, 0.17, 0.00, 2.83, 0.21, 0.42, 0.46, 0.00, 1.50, 0.48, 0.28, 0.10, 0.15, 0.13, 0.00, 0.23, 0.12, 0.00, 0.00, 0.00, 1.00, 1.00, 0.00, 0.00, 0.00, 1.00, 0.00, 1.00, 0.00, 0.00, 0.00, 0.00, 0.00, 0.00, 0.00, 0.00
450,  0,  15.089,  0.98,  1, 0.13, 0.00, 2.86, 0.13, 0.40, 0.52, 0.00, 1.47, 0.49, 0.25, 0.04, 0.09, 0.05, 0.00, 0.29, 0.11, 0.00, 0.00, 0.00, 1.00, 1.00, 0.00, 0.00, 0.00, 1.00, 0.00, 1.00, 0.00, 0.00, 0.00, 0.00, 0.00, 0.00, 0.00, 0.00
451,  0,  15.122,  0.98,  1, 0.12, 0.00, 2.91, 0.11, 0.39, 0.49, 0.00, 1.49, 0.53, 0.17, 0.10, 0.09, 0.01, 0.00, 0.22, 0.19, 0.00, 0.00, 0.00, 1.00, 1.00, 0.00, 0.00, 0.00, 1.00, 0.00, 1.00, 0.00, 0.00, 0.00, 0.00, 0.00, 0.00, 0.00, 0.00
452,  0,  15.156,  0.98,  1, 0.08, 0.00, 2.93, 0.16, 0.41, 0.37, 0.00, 1.63, 0.54, 0.23, 0.12, 0.08, 0.10, 0.00, 0.17, 0.16, 0.00, 0.00, 0.00, 1.00, 1.00, 0.00, 0.00, 0.00, 1.00, 0.00, 1.00, 0.00, 0.00, 0.00, 0.00, 0.00, 0.00, 0.00, 0.00
453,  0,  15.190,  0.98,  1, 0.10, 0.00, 2.92, 0.16, 0.41, 0.25, 0.00, 1.69, 0.50, 0.23, 0.08, 0.11, 0.10, 0.00, 0.17, 0.08, 0.06, 0.00, 0.00, 1.00, 1.00, 0.00, 0.00, 0.00, 1.00, 0.00, 1.00, 0.00, 0.00, 0.00, 0.00, 0.00, 0.00, 0.00, 0.00
454,  0,  15.223,  0.98,  1, 0.11, 0.00, 2.91, 0.13, 0.41, 0.26, 0.00, 1.71, 0.52, 0.25, 0.03, 0.07, 0.08, 0.00, 0.29, 0.02, 0.13, 0.00, 0.00, 1.00, 1.00, 0.00, 0.00, 0.00, 1.00, 0.00, 1.00, 0.00, 0.00, 0.00, 0.00, 0.00, 0.00, 0.00, 0.00
455,  0,  15.257,  0.98,  1, 0.17, 0.00, 2.93, 0.08, 0.41, 0.50, 0.01, 1.70, 0.54, 0.27, 0.00, 0.09, 0.00, 0.00, 0.40, 0.04, 0.17, 0.00, 0.00, 1.00, 1.00, 0.00, 0.00, 0.00, 1.00, 0.00, 1.00, 0.00, 0.00, 0.00, 0.00, 0.00, 0.00, 0.00, 0.00
456,  0,  15.290,  0.98,  1, 0.17, 0.00, 2.93, 0.04, 0.43, 0.72, 0.02, 1.71, 0.59, 0.39, 0.00, 0.09, 0.00, 0.00, 0.41, 0.04, 0.19, 0.00, 0.00, 1.00, 1.00, 0.00, 0.00, 0.00, 1.00, 0.00, 1.00, 0.00, 0.00, 0.00, 0.00, 0.00, 0.00, 0.00, 0.00
457,  0,  15.324,  0.98,  1, 0.11, 0.00, 2.85, 0.03, 0.43, 0.81, 0.02, 1.66, 0.58, 0.41, 0.00, 0.13, 0.00, 0.00, 0.43, 0.02, 0.13, 0.00, 0.00, 1.00, 0.00, 0.00, 0.00, 0.00, 1.00, 0.00, 1.00, 0.00, 0.00, 0.00, 0.00, 0.00, 0.00, 0.00, 0.00
458,  0,  15.358,  0.98,  1, 0.03, 0.00, 2.75, 0.00, 0.42, 0.76, 0.01, 1.53, 0.58, 0.47, 0.00, 0.15, 0.00, 0.00, 0.43, 0.07, 0.09, 0.00, 0.00, 1.00, 0.00, 0.00, 0.00, 0.00, 1.00, 0.00, 1.00, 0.00, 0.00, 0.00, 0.00, 0.00, 0.00, 0.00, 0.00
459,  0,  15.391,  0.98,  1, 0.00, 0.00, 2.67, 0.00, 0.40, 0.61, 0.00, 1.45, 0.54, 0.51, 0.00, 0.22, 0.00, 0.00, 0.38, 0.08, 0.08, 0.00, 0.00, 1.00, 0.00, 0.00, 0.00, 0.00, 1.00, 0.00, 1.00, 0.00, 0.00, 0.00, 0.00, 0.00, 0.00, 0.00, 0.00
460,  0,  15.425,  0.98,  1, 0.00, 0.00, 2.63, 0.02, 0.42, 0.59, 0.00, 1.52, 0.55, 0.62, 0.00, 0.32, 0.00, 0.00, 0.30, 0.20, 0.16, 0.00, 0.00, 1.00, 1.00, 0.00, 0.00, 0.00, 1.00, 0.00, 1.00, 0.00, 0.00, 0.00, 0.00, 0.00, 0.00, 0.00, 0.00
461,  0,  15.458,  0.98,  1, 0.00, 0.00, 2.60, 0.02, 0.42, 0.50, 0.00, 1.53, 0.52, 0.63, 0.00, 0.38, 0.00, 0.03, 0.24, 0.18, 0.23, 0.00, 0.00, 1.00, 1.00, 0.00, 0.00, 0.00, 1.00, 0.00, 1.00, 0.00, 0.00, 0.00, 0.00, 0.00, 0.00, 0.00, 0.00
462,  0,  15.492,  0.98,  1, 0.00, 0.00, 2.61, 0.09, 0.43, 0.44, 0.00, 1.53, 0.55, 0.73, 0.00, 0.34, 0.00, 0.03, 0.30, 0.18, 0.24, 0.00, 0.00, 1.00, 1.00, 0.00, 0.00, 0.00, 1.00, 0.00, 1.00, 0.00, 0.00, 0.00, 0.00, 0.00, 0.00, 0.00, 0.00
463,  0,  15.526,  0.98,  1, 0.00, 0.00, 2.61, 0.07, 0.40, 0.56, 0.00, 1.47, 0.50, 0.77, 0.00, 0.26, 0.12, 0.03, 0.31, 0.13, 0.17, 0.00, 0.00, 1.00, 1.00, 0.00, 0.00, 0.00, 1.00, 0.00, 1.00, 0.00, 0.00, 0.00, 0.00, 0.00, 0.00, 0.00, 0.00
464,  0,  15.559,  0.98,  1, 0.00, 0.00, 2.61, 0.07, 0.42, 0.62, 0.00, 1.43, 0.50, 0.78, 0.01, 0.19, 0.12, 0.00, 0.31, 0.15, 0.16, 0.00, 0.00, 1.00, 1.00, 0.00, 0.00, 0.00, 1.00, 0.00, 1.00, 0.00, 0.00, 0.00, 0.00, 0.00, 0.00, 0.00, 0.00
465,  0,  15.593,  0.98,  1, 0.00, 0.00, 2.57, 0.00, 0.44, 0.75, 0.00, 1.46, 0.45, 0.76, 0.01, 0.13, 0.12, 0.00, 0.30, 0.21, 0.09, 0.00, 0.00, 1.00, 1.00, 0.00, 0.00, 0.00, 1.00, 0.00, 1.00, 0.00, 0.00, 0.00, 0.00, 0.00, 0.00, 0.00, 0.00
466,  0,  15.626,  0.98,  1, 0.00, 0.00, 2.61, 0.02, 0.43, 0.76, 0.00, 1.35, 0.44, 0.81, 0.01, 0.09, 0.00, 0.00, 0.23, 0.24, 0.07, 0.00, 0.00, 1.00, 1.00, 0.00, 0.00, 0.00, 1.00, 0.00, 1.00, 0.00, 0.00, 0.00, 0.00, 0.00, 0.00, 0.00, 0.00
467,  0,  15.660,  0.98,  1, 0.00, 0.00, 2.65, 0.02, 0.39, 0.76, 0.00, 1.33, 0.45, 0.85, 0.00, 0.05, 0.05, 0.00, 0.24, 0.27, 0.03, 0.00, 0.00, 1.00, 1.00, 0.00, 0.00, 0.00, 1.00, 0.00, 1.00, 0.00, 0.00, 0.00, 0.00, 0.00, 0.00, 0.00, 0.00
468,  0,  15.694,  0.98,  1, 0.00, 0.00, 2.68, 0.02, 0.33, 0.61, 0.01, 1.24, 0.48, 0.85, 0.00, 0.04, 0.08, 0.00, 0.26, 0.32, 0.10, 0.00, 0.00, 1.00, 1.00, 0.00, 0.00, 0.00, 1.00, 0.00, 1.00, 0.00, 0.00, 0.00, 0.00, 0.00, 0.00, 0.00, 0.00
469,  0,  15.727,  0.98,  1, 0.00, 0.00, 2.67, 0.00, 0.27, 0.37, 0.02, 1.30, 0.49, 0.81, 0.00, 0.02, 0.15, 0.00, 0.28, 0.29, 0.18, 0.00, 0.00, 1.00, 1.00, 0.00, 0.00, 0.00, 1.00, 0.00, 1.00, 0.00, 0.00, 0.00, 0.00, 0.00, 0.00, 0.00, 0.00
470,  0,  15.761,  0.98,  1, 0.00, 0.00, 2.60, 0.00, 0.26, 0.21, 0.02, 1.27, 0.48, 0.86, 0.00, 0.01, 0.15, 0.00, 0.30, 0.23, 0.27, 0.00, 0.00, 1.00, 1.00, 0.00, 0.00, 0.00, 1.00, 0.00, 1.00, 0.00, 0.00, 0.00, 0.00, 0.00, 0.00, 0.00, 0.00
471,  0,  15.794,  0.98,  1, 0.00, 0.00, 2.65, 0.00, 0.28, 0.20, 0.01, 1.23, 0.45, 0.83, 0.00, 0.00, 0.20, 0.00, 0.25, 0.11, 0.23, 0.00, 0.00, 1.00, 1.00, 0.00, 0.00, 0.00, 1.00, 0.00, 1.00, 0.00, 0.00, 0.00, 0.00, 0.00, 0.00, 0.00, 0.00
472,  0,  15.828,  0.98,  1, 0.00, 0.00, 2.71, 0.00, 0.32, 0.36, 0.04, 1.22, 0.46, 0.84, 0.00, 0.01, 0.19, 0.00, 0.35, 0.07, 0.22, 0.00, 0.00, 1.00, 1.00, 0.00, 0.00, 0.00, 1.00, 0.00, 1.00, 0.00, 0.00, 0.00, 0.00, 0.00, 0.00, 0.00, 0.00
473,  0,  15.862,  0.98,  1, 0.01, 0.00, 2.76, 0.00, 0.35, 0.54, 0.04, 1.26, 0.46, 0.84, 0.00, 0.06, 0.19, 0.00, 0.41, 0.07, 0.10, 0.00, 0.00, 1.00, 0.00, 0.00, 0.00, 0.00, 1.00, 0.00, 1.00, 0.00, 0.00, 0.00, 0.00, 0.00, 0.00, 0.00, 0.00
474,  0,  15.895,  0.98,  1, 0.01, 0.00, 2.77, 0.00, 0.36, 0.70, 0.04, 1.28, 0.46, 0.93, 0.00, 0.06, 0.17, 0.00, 0.43, 0.11, 0.12, 0.00, 0.00, 1.00, 0.00, 0.00, 0.00, 0.00, 1.00, 0.00, 1.00, 0.00, 0.00, 0.00, 0.00, 0.00, 0.00, 0.00, 0.00
475,  0,  15.929,  0.98,  1, 0.01, 0.00, 2.76, 0.00, 0.37, 0.62, 0.00, 1.27, 0.47, 0.97, 0.00, 0.05, 0.14, 0.00, 0.39, 0.11, 0.18, 0.00, 0.00, 1.00, 0.00, 0.00, 0.00, 0.00, 1.00, 0.00, 1.00, 0.00, 0.00, 0.00, 0.00, 0.00, 0.00, 0.00, 0.00
476,  0,  15.962,  0.98,  1, 0.01, 0.00, 2.83, 0.00, 0.39, 0.60, 0.00, 1.33, 0.47, 0.97, 0.00, 0.04, 0.10, 0.00, 0.33, 0.10, 0.28, 0.00, 0.00, 1.00, 0.00, 0.00, 0.00, 0.00, 1.00, 0.00, 1.00, 0.00, 0.00, 0.00, 0.00, 0.00, 0.00, 0.00, 0.00
477,  0,  15.996,  0.98,  1, 0.03, 0.00, 2.84, 0.00, 0.39, 0.59, 0.00, 1.40, 0.49, 0.97, 0.00, 0.06, 0.03, 0.00, 0.40, 0.07, 0.28, 0.00, 0.00, 1.00, 0.00, 0.00, 0.00, 0.00, 1.00, 0.00, 1.00, 0.00, 0.00, 0.00, 0.00, 0.00, 0.00, 0.00, 0.00
478,  0,  16.030,  0.98,  1, 0.05, 0.00, 2.86, 0.00, 0.39, 0.70, 0.00, 1.48, 0.48, 0.90, 0.00, 0.07, 0.00, 0.00, 0.48, 0.12, 0.28, 0.00, 0.00, 1.00, 0.00, 0.00, 0.00, 0.00, 1.00, 0.00, 1.00, 0.00, 0.00, 0.00, 0.00, 0.00, 0.00, 0.00, 0.00
479,  0,  16.063,  0.98,  1, 0.05, 0.00, 2.85, 0.00, 0.36, 0.71, 0.00, 1.48, 0.47, 0.89, 0.00, 0.05, 0.00, 0.00, 0.44, 0.13, 0.24, 0.00, 0.00, 1.00, 1.00, 0.00, 0.00, 0.00, 1.00, 0.00, 1.00, 0.00, 0.00, 0.00, 0.00, 0.00, 0.00, 0.00, 0.00
480,  0,  16.097,  0.98,  1, 0.07, 0.00, 2.87, 0.09, 0.32, 0.68, 0.00, 1.44, 0.46, 0.94, 0.00, 0.03, 0.00, 0.00, 0.35, 0.14, 0.21, 0.00, 0.00, 1.00, 1.00, 0.00, 0.00, 0.00, 1.00, 0.00, 1.00, 0.00, 0.00, 0.00, 0.00, 0.00, 0.00, 0.00, 0.00
481,  0,  16.131,  0.98,  1, 0.06, 0.00, 2.88, 0.15, 0.29, 0.62, 0.00, 1.41, 0.45, 0.98, 0.00, 0.02, 0.00, 0.00, 0.24, 0.14, 0.11, 0.00, 0.00, 1.00, 1.00, 0.00, 0.00, 0.00, 1.00, 0.00, 1.00, 0.00, 0.00, 0.00, 0.00, 0.00, 0.00, 0.00, 0.00
482,  0,  16.164,  0.98,  1, 0.10, 0.00, 2.89, 0.16, 0.28, 0.59, 0.00, 1.43, 0.42, 1.02, 0.00, 0.02, 0.00, 0.00, 0.25, 0.19, 0.11, 0.00, 0.00, 1.00, 1.00, 0.00, 0.00, 0.00, 1.00, 0.00, 1.00, 0.00, 0.00, 0.00, 0.00, 0.00, 0.00, 0.00, 0.00
483,  0,  16.198,  0.98,  1, 0.12, 0.00, 2.85, 0.08, 0.29, 0.59, 0.00, 1.49, 0.42, 1.02, 0.00, 0.02, 0.00, 0.00, 0.28, 0.25, 0.15, 0.00, 0.00, 1.00, 1.00, 0.00, 0.00, 0.00, 1.00, 0.00, 1.00, 0.00, 0.00, 0.00, 0.00, 0.00, 0.00, 0.00, 0.00
484,  0,  16.231,  0.98,  1, 0.18, 0.00, 2.82, 0.04, 0.30, 0.66, 0.00, 1.47, 0.41, 1.12, 0.00, 0.02, 0.02, 0.00, 0.28, 0.24, 0.12, 0.00, 0.00, 1.00, 1.00, 0.00, 0.00, 0.00, 1.00, 0.00, 1.00, 0.00, 0.00, 0.00, 0.00, 0.00, 0.00, 0.00, 0.00
485,  0,  16.265,  0.98,  1, 0.19, 0.00, 2.87, 0.05, 0.32, 0.58, 0.02, 1.44, 0.40, 1.25, 0.00, 0.07, 0.03, 0.00, 0.26, 0.23, 0.10, 0.00, 0.00, 1.00, 1.00, 0.00, 0.00, 0.00, 1.00, 0.00, 1.00, 0.00, 0.00, 0.00, 0.00, 0.00, 0.00, 0.00, 0.00
486,  0,  16.299,  0.98,  1, 0.15, 0.00, 2.90, 0.05, 0.37, 0.54, 0.02, 1.43, 0.40, 1.28, 0.01, 0.17, 0.03, 0.00, 0.18, 0.26, 0.07, 0.00, 0.00, 1.00, 1.00, 0.00, 0.00, 0.00, 1.00, 0.00, 1.00, 0.00, 0.00, 0.00, 0.00, 0.00, 0.00, 0.00, 0.00
487,  0,  16.332,  0.98,  1, 0.13, 0.00, 2.90, 0.06, 0.39, 0.45, 0.04, 1.43, 0.39, 1.28, 0.01, 0.25, 0.02, 0.00, 0.18, 0.27, 0.07, 0.00, 0.00, 1.00, 1.00, 0.00, 0.00, 0.00, 1.00, 0.00, 1.00, 0.00, 0.00, 0.00, 0.00, 0.00, 0.00, 0.00, 0.00
488,  0,  16.366,  0.98,  1, 0.08, 0.00, 2.92, 0.05, 0.41, 0.55, 0.08, 1.41, 0.39, 1.22, 0.01, 0.20, 0.00, 0.00, 0.16, 0.28, 0.03, 0.00, 0.00, 1.00, 1.00, 0.00, 0.00, 0.00, 1.00, 0.00, 1.00, 0.00, 0.00, 0.00, 0.00, 0.00, 0.00, 0.00, 0.00
489,  0,  16.399,  0.98,  1, 0.05, 0.00, 2.97, 0.15, 0.42, 0.70, 0.11, 1.40, 0.39, 1.16, 0.00, 0.10, 0.00, 0.00, 0.20, 0.22, 0.00, 0.00, 0.00, 1.00, 1.00, 0.00, 0.00, 0.00, 1.00, 0.00, 1.00, 0.00, 0.00, 0.00, 0.00, 0.00, 0.00, 0.00, 0.00
490,  0,  16.433,  0.98,  1, 0.01, 0.00, 2.99, 0.19, 0.44, 0.84, 0.13, 1.40, 0.38, 1.10, 0.00, 0.05, 0.00, 0.01, 0.24, 0.20, 0.00, 0.00, 0.00, 1.00, 1.00, 0.00, 0.00, 0.00, 1.00, 0.00, 1.00, 0.00, 0.00, 0.00, 0.00, 0.00, 0.00, 0.00, 0.00
491,  0,  16.467,  0.98,  1, 0.00, 0.00, 2.98, 0.22, 0.47, 1.01, 0.09, 1.42, 0.42, 1.04, 0.00, 0.06, 0.00, 0.01, 0.22, 0.17, 0.00, 0.00, 0.00, 1.00, 1.00, 0.00, 0.00, 0.00, 1.00, 0.00, 1.00, 0.00, 0.00, 0.00, 0.00, 0.00, 0.00, 0.00, 0.00
492,  0,  16.500,  0.98,  1, 0.00, 0.00, 2.97, 0.13, 0.48, 1.07, 0.06, 1.47, 0.40, 0.99, 0.00, 0.10, 0.00, 0.02, 0.23, 0.19, 0.00, 0.00, 0.00, 1.00, 1.00, 0.00, 1.00, 0.00, 1.00, 0.00, 1.00, 0.00, 0.00, 0.00, 0.00, 0.00, 0.00, 0.00, 0.00
493,  0,  16.534,  0.98,  1, 0.04, 0.00, 3.00, 0.10, 0.50, 1.24, 0.04, 1.53, 0.42, 0.90, 0.00, 0.07, 0.00, 0.01, 0.27, 0.19, 0.00, 0.00, 0.00, 1.00, 1.00, 0.00, 1.00, 0.00, 1.00, 0.00, 1.00, 0.00, 0.00, 0.00, 0.00, 0.00, 0.00, 0.00, 0.00
494,  0,  16.567,  0.98,  1, 0.07, 0.00, 3.03, 0.08, 0.50, 1.28, 0.05, 1.54, 0.39, 0.77, 0.00, 0.04, 0.00, 0.01, 0.29, 0.21, 0.00, 0.00, 0.00, 1.00, 1.00, 0.00, 1.00, 0.00, 1.00, 0.00, 1.00, 0.00, 0.00, 0.00, 0.00, 0.00, 0.00, 0.00, 0.00
495,  0,  16.601,  0.98,  1, 0.10, 0.00, 3.02, 0.08, 0.51, 1.11, 0.05, 1.58, 0.44, 0.76, 0.00, 0.04, 0.00, 0.00, 0.29, 0.25, 0.00, 0.00, 0.00, 1.00, 1.00, 0.00, 1.00, 0.00, 1.00, 0.00, 1.00, 0.00, 0.00, 0.00, 0.00, 0.00, 0.00, 0.00, 0.00
496,  0,  16.635,  0.98,  1, 0.11, 0.00, 3.02, 0.04, 0.51, 0.92, 0.04, 1.59, 0.44, 0.81, 0.00, 0.07, 0.01, 0.00, 0.30, 0.25, 0.00, 0.00, 0.00, 1.00, 1.00, 0.00, 1.00, 0.00, 1.00, 0.00, 1.00, 0.00, 0.00, 0.00, 0.00, 0.00, 0.00, 0.00, 0.00
497,  0,  16.668,  0.98,  1, 0.11, 0.00, 3.02, 0.03, 0.54, 0.83, 0.01, 1.62, 0.46, 0.92, 0.00, 0.08, 0.01, 0.00, 0.34, 0.19, 0.00, 0.00, 0.00, 1.00, 1.00, 0.00, 1.00, 0.00, 1.00, 0.00, 1.00, 0.00, 0.00, 0.00, 0.00, 0.00, 0.00, 0.00, 0.00
498,  0,  16.702,  0.98,  1, 0.08, 0.00, 3.03, 0.03, 0.56, 0.93, 0.01, 1.60, 0.46, 0.88, 0.00, 0.05, 0.01, 0.00, 0.34, 0.13, 0.02, 0.00, 0.00, 1.00, 1.00, 0.00, 1.00, 0.00, 1.00, 0.00, 1.00, 0.00, 0.00, 0.00, 0.00, 0.00, 0.00, 0.00, 0.00
499,  0,  16.735,  0.98,  1, 0.05, 0.00, 3.02, 0.05, 0.60, 0.97, 0.01, 1.60, 0.52, 0.86, 0.00, 0.05, 0.02, 0.00, 0.25, 0.16, 0.03, 0.00, 0.00, 1.00, 1.00, 0.00, 1.00, 0.00, 1.00, 0.00, 1.00, 0.00, 0.00, 0.00, 0.00, 0.00, 0.00, 0.00, 0.00
500,  0,  16.769,  0.98,  1, 0.08, 0.00, 2.98, 0.03, 0.59, 0.98, 0.02, 1.64, 0.58, 0.82, 0.00, 0.06, 0.02, 0.00, 0.30, 0.19, 0.03, 0.00, 0.00, 1.00, 1.00, 0.00, 1.00, 0.00, 1.00, 0.00, 1.00, 0.00, 0.00, 0.00, 0.00, 0.00, 0.00, 0.00, 0.00
501,  0,  16.803,  0.98,  1, 0.08, 0.00, 2.94, 0.03, 0.58, 1.02, 0.03, 1.63, 0.61, 0.84, 0.00, 0.10, 0.02, 0.00, 0.31, 0.22, 0.02, 0.00, 0.00, 1.00, 1.00, 0.00, 1.00, 0.00, 1.00, 0.00, 1.00, 0.00, 0.00, 0.00, 0.00, 0.00, 0.00, 0.00, 0.00
502,  0,  16.836,  0.98,  1, 0.06, 0.00, 2.91, 0.00, 0.58, 1.09, 0.03, 1.59, 0.61, 0.86, 0.00, 0.10, 0.00, 0.05, 0.31, 0.21, 0.05, 0.00, 0.00, 1.00, 0.00, 0.00, 1.00, 0.00, 1.00, 0.00, 1.00, 0.00, 0.00, 0.00, 0.00, 0.00, 0.00, 0.00, 0.00
503,  0,  16.870,  0.98,  1, 0.00, 0.00, 2.90, 0.00, 0.65, 1.14, 0.03, 1.66, 0.69, 1.03, 0.00, 0.15, 0.00, 0.11, 0.26, 0.24, 0.05, 0.00, 0.00, 1.00, 0.00, 0.00, 1.00, 0.00, 1.00, 0.00, 1.00, 0.00, 0.00, 0.00, 0.00, 0.00, 0.00, 0.00, 0.00
504,  0,  16.903,  0.98,  1, 0.00, 0.00, 2.91, 0.05, 0.74, 1.12, 0.08, 1.78, 0.82, 1.18, 0.00, 0.15, 0.00, 0.15, 0.27, 0.25, 0.05, 0.00, 0.00, 1.00, 0.00, 1.00, 1.00, 0.00, 1.00, 0.00, 1.00, 0.00, 0.00, 0.00, 0.00, 0.00, 0.00, 0.00, 0.00
505,  0,  16.937,  0.98,  1, 0.00, 0.00, 2.87, 0.09, 0.85, 1.03, 0.20, 2.00, 0.97, 1.35, 0.00, 0.12, 0.00, 0.12, 0.22, 0.27, 0.00, 0.00, 0.00, 1.00, 0.00, 1.00, 1.00, 0.00, 1.00, 0.00, 1.00, 0.00, 0.00, 0.00, 0.00, 0.00, 0.00, 0.00, 0.00
506,  0,  16.971,  0.98,  1, 0.00, 0.00, 2.86, 0.09, 0.93, 0.86, 0.26, 2.14, 1.05, 1.40, 0.00, 0.10, 0.00, 0.11, 0.19, 0.35, 0.00, 0.00, 0.00, 1.00, 0.00, 1.00, 1.00, 0.00, 1.00, 0.00, 1.00, 0.00, 0.00, 0.00, 0.00, 0.00, 0.00, 0.00, 0.00
507,  0,  17.004,  0.98,  1, 0.00, 0.00, 2.83, 0.04, 0.95, 0.84, 0.27, 2.21, 1.08, 1.40, 0.00, 0.13, 0.00, 0.16, 0.17, 0.34, 0.00, 0.00, 0.00, 1.00, 0.00, 1.00, 1.00, 0.00, 1.00, 0.00, 1.00, 0.00, 0.00, 0.00, 0.00, 0.00, 0.00, 0.00, 0.00
508,  0,  17.038,  0.98,  1, 0.00, 0.00, 2.89, 0.00, 0.97, 0.88, 0.23, 2.20, 1.07, 1.36, 0.00, 0.21, 0.00, 0.23, 0.14, 0.37, 0.00, 0.00, 0.00, 1.00, 0.00, 1.00, 1.00, 0.00, 1.00, 0.00, 1.00, 0.00, 0.00, 0.00, 0.00, 0.00, 0.00, 0.00, 0.00
509,  0,  17.071,  0.98,  1, 0.00, 0.00, 2.96, 0.00, 0.97, 0.96, 0.29, 2.16, 1.06, 1.35, 0.00, 0.25, 0.00, 0.25, 0.09, 0.35, 0.00, 0.00, 0.00, 1.00, 0.00, 1.00, 1.00, 0.00, 1.00, 0.00, 1.00, 0.00, 0.00, 0.00, 0.00, 0.00, 0.00, 0.00, 0.00
510,  0,  17.105,  0.98,  1, 0.00, 0.00, 2.98, 0.00, 0.98, 1.02, 0.29, 2.20, 1.02, 1.24, 0.00, 0.24, 0.00, 0.17, 0.01, 0.44, 0.00, 0.00, 0.00, 1.00, 0.00, 1.00, 1.00, 0.00, 1.00, 0.00, 1.00, 0.00, 0.00, 0.00, 0.00, 0.00, 0.00, 0.00, 0.00
511,  0,  17.139,  0.98,  1, 0.00, 0.00, 3.03, 0.03, 0.96, 1.09, 0.27, 2.31, 0.99, 1.10, 0.00, 0.36, 0.00, 0.10, 0.00, 0.39, 0.00, 0.00, 0.00, 1.00, 1.00, 1.00, 1.00, 0.00, 1.00, 0.00, 1.00, 0.00, 0.00, 0.00, 0.00, 0.00, 0.00, 0.00, 0.00
512,  0,  17.172,  0.98,  1, 0.00, 0.00, 2.98, 0.03, 0.95, 1.19, 0.21, 2.38, 0.97, 0.88, 0.00, 0.47, 0.00, 0.11, 0.00, 0.43, 0.00, 0.00, 0.00, 1.00, 0.00, 1.00, 1.00, 0.00, 1.00, 0.00, 1.00, 0.00, 0.00, 0.00, 0.00, 0.00, 0.00, 0.00, 0.00
513,  0,  17.206,  0.98,  1, 0.00, 0.00, 3.04, 0.03, 0.96, 1.31, 0.24, 2.37, 0.95, 0.76, 0.00, 0.72, 0.00, 0.18, 0.00, 0.51, 0.00, 0.00, 0.00, 1.00, 1.00, 1.00, 1.00, 0.00, 1.00, 0.00, 1.00, 0.00, 1.00, 0.00, 0.00, 0.00, 0.00, 0.00, 0.00
514,  0,  17.239,  0.98,  1, 0.00, 0.00, 2.97, 0.00, 0.92, 1.37, 0.23, 2.37, 0.99, 0.70, 0.00, 0.71, 0.00, 0.22, 0.00, 0.69, 0.00, 0.00, 0.00, 1.00, 1.00, 1.00, 1.00, 0.00, 1.00, 0.00, 1.00, 0.00, 1.00, 0.00, 0.00, 0.00, 0.00, 0.00, 0.00
515,  0,  17.273,  0.98,  1, 0.00, 0.00, 2.99, 0.00, 0.92, 1.40, 0.26, 2.39, 0.99, 0.57, 0.00, 0.76, 0.00, 0.23, 0.00, 0.56, 0.00, 0.00, 0.00, 1.00, 1.00, 1.00, 1.00, 0.00, 1.00, 0.00, 1.00, 0.00, 1.00, 0.00, 0.00, 0.00, 0.00, 0.00, 0.00
516,  0,  17.307,  0.98,  1, 0.00, 0.00, 2.99, 0.00, 0.91, 1.41, 0.23, 2.39, 1.00, 0.50, 0.00, 0.69, 0.00, 0.24, 0.00, 0.37, 0.00, 0.00, 0.00, 1.00, 1.00, 1.00, 1.00, 0.00, 1.00, 0.00, 0.00, 0.00, 1.00, 0.00, 0.00, 0.00, 0.00, 0.00, 0.00
517,  0,  17.340,  0.98,  1, 0.00, 0.00, 3.01, 0.00, 0.95, 1.45, 0.21, 2.31, 0.96, 0.38, 0.00, 0.83, 0.00, 0.25, 0.00, 0.27, 0.00, 0.00, 0.00, 1.00, 0.00, 1.00, 1.00, 0.00, 1.00, 0.00, 0.00, 0.00, 1.00, 0.00, 0.00, 0.00, 0.00, 0.00, 0.00
518,  0,  17.374,  0.98,  1, 0.00, 0.00, 3.03, 0.00, 0.97, 1.45, 0.15, 2.27, 0.94, 0.40, 0.00, 0.91, 0.00, 0.23, 0.00, 0.32, 0.00, 0.00, 0.00, 1.00, 0.00, 1.00, 1.00, 0.00, 1.00, 0.00, 0.00, 0.00, 1.00, 0.00, 0.00, 0.00, 0.00, 0.00, 0.00
519,  0,  17.408,  0.98,  1, 0.00, 0.00, 3.01, 0.00, 0.98, 1.36, 0.13, 2.35, 0.93, 0.36, 0.00, 0.99, 0.00, 0.21, 0.00, 0.36, 0.00, 0.00, 0.00, 1.00, 0.00, 1.00, 1.00, 0.00, 1.00, 0.00, 0.00, 0.00, 1.00, 0.00, 0.00, 0.00, 0.00, 0.00, 0.00
520,  0,  17.441,  0.98,  1, 0.00, 0.00, 3.03, 0.00, 0.99, 1.23, 0.22, 2.55, 0.94, 0.42, 0.03, 0.93, 0.00, 0.14, 0.00, 0.32, 0.00, 0.00, 0.00, 1.00, 0.00, 1.00, 1.00, 0.00, 1.00, 0.00, 0.00, 0.00, 1.00, 0.00, 0.00, 0.00, 0.00, 0.00, 0.00
521,  0,  17.475,  0.98,  1, 0.00, 0.00, 2.99, 0.00, 0.94, 1.15, 0.33, 2.68, 0.88, 0.38, 0.03, 1.01, 0.00, 0.06, 0.00, 0.40, 0.00, 0.00, 0.00, 1.00, 0.00, 1.00, 1.00, 1.00, 1.00, 0.00, 0.00, 0.00, 1.00, 0.00, 0.00, 0.00, 0.00, 0.00, 0.00
522,  0,  17.508,  0.98,  1, 0.00, 0.00, 3.02, 0.04, 0.88, 1.23, 0.43, 2.79, 0.84, 0.44, 0.11, 1.00, 0.00, 0.00, 0.00, 0.44, 0.00, 0.00, 0.00, 1.00, 0.00, 1.00, 1.00, 1.00, 1.00, 0.00, 0.00, 1.00, 1.00, 0.00, 0.00, 0.00, 0.00, 0.00, 0.00
523,  0,  17.542,  0.98,  1, 0.00, 0.00, 3.04, 0.05, 0.84, 1.24, 0.38, 2.77, 0.74, 0.44, 0.08, 1.11, 0.00, 0.00, 0.00, 0.53, 0.00, 0.00, 0.00, 1.00, 0.00, 1.00, 1.00, 1.00, 1.00, 0.00, 0.00, 1.00, 1.00, 0.00, 0.00, 0.00, 0.00, 0.00, 0.00
524,  0,  17.576,  0.98,  1, 0.00, 0.00, 3.11, 0.10, 0.84, 1.12, 0.37, 2.81, 0.72, 0.46, 0.08, 1.01, 0.00, 0.00, 0.00, 0.45, 0.00, 0.00, 0.00, 1.00, 0.00, 1.00, 1.00, 1.00, 1.00, 0.00, 0.00, 1.00, 1.00, 0.00, 0.00, 0.00, 0.00, 0.00, 0.00
525,  0,  17.609,  0.98,  1, 0.00, 0.00, 3.11, 0.05, 0.83, 0.92, 0.32, 2.73, 0.66, 0.41, 0.00, 1.01, 0.00, 0.00, 0.00, 0.45, 0.00, 0.00, 0.00, 1.00, 1.00, 1.00, 1.00, 1.00, 1.00, 0.00, 0.00, 1.00, 1.00, 0.00, 0.00, 0.00, 0.00, 0.00, 0.00
526,  0,  17.643,  0.98,  1, 0.00, 0.00, 3.11, 0.09, 0.79, 0.90, 0.32, 2.73, 0.65, 0.37, 0.00, 1.01, 0.00, 0.00, 0.00, 0.35, 0.00, 0.00, 0.00, 1.00, 1.00, 1.00, 1.00, 1.00, 1.00, 0.00, 0.00, 1.00, 1.00, 0.00, 0.00, 0.00, 0.00, 0.00, 0.00
527,  0,  17.676,  0.98,  1, 0.03, 0.00, 3.11, 0.16, 0.76, 0.96, 0.22, 2.70, 0.62, 0.23, 0.00, 1.12, 0.00, 0.00, 0.00, 0.37, 0.00, 0.00, 0.00, 1.00, 1.00, 1.00, 1.00, 1.00, 1.00, 0.00, 0.00, 1.00, 1.00, 0.00, 0.00, 0.00, 0.00, 0.00, 0.00
528,  0,  17.710,  0.98,  1, 0.07, 0.00, 3.06, 0.18, 0.76, 0.82, 0.17, 2.72, 0.61, 0.11, 0.00, 1.16, 0.00, 0.03, 0.00, 0.26, 0.00, 0.00, 0.00, 1.00, 1.00, 1.00, 1.00, 0.00, 1.00, 0.00, 0.00, 1.00, 1.00, 0.00, 0.00, 0.00, 0.00, 0.00, 0.00
529,  0,  17.744,  0.98,  1, 0.17, 0.00, 3.01, 0.13, 0.73, 0.64, 0.11, 2.71, 0.59, 0.00, 0.00, 1.18, 0.00, 0.03, 0.00, 0.27, 0.00, 0.00, 0.00, 1.00, 1.00, 1.00, 0.00, 0.00, 1.00, 0.00, 0.00, 1.00, 1.00, 0.00, 0.00, 0.00, 0.00, 0.00, 0.00
530,  0,  17.777,  0.98,  1, 0.22, 0.00, 2.90, 0.02, 0.69, 0.45, 0.12, 2.68, 0.62, 0.00, 0.00, 1.06, 0.00, 0.07, 0.00, 0.28, 0.00, 0.00, 0.00, 1.00, 1.00, 1.00, 0.00, 0.00, 1.00, 0.00, 0.00, 0.00, 1.00, 0.00, 0.00, 0.00, 0.00, 0.00, 0.00
531,  0,  17.811,  0.98,  1, 0.23, 0.00, 2.81, 0.00, 0.65, 0.37, 0.15, 2.65, 0.65, 0.04, 0.00, 1.14, 0.00, 0.05, 0.00, 0.34, 0.00, 0.00, 0.00, 1.00, 1.00, 1.00, 0.00, 0.00, 1.00, 0.00, 0.00, 0.00, 1.00, 0.00, 0.00, 0.00, 0.00, 0.00, 0.00
532,  0,  17.844,  0.98,  1, 0.23, 0.00, 2.71, 0.00, 0.64, 0.31, 0.14, 2.58, 0.68, 0.05, 0.00, 1.09, 0.00, 0.10, 0.00, 0.35, 0.00, 0.00, 0.00, 1.00, 1.00, 1.00, 0.00, 0.00, 1.00, 0.00, 0.00, 0.00, 1.00, 0.00, 0.00, 0.00, 0.00, 0.00, 0.00
533,  0,  17.878,  0.98,  1, 0.20, 0.00, 2.65, 0.00, 0.66, 0.33, 0.16, 2.54, 0.70, 0.06, 0.00, 1.10, 0.00, 0.08, 0.00, 0.27, 0.00, 0.00, 0.00, 1.00, 1.00, 1.00, 0.00, 0.00, 1.00, 0.00, 0.00, 0.00, 1.00, 0.00, 0.00, 0.00, 0.00, 0.00, 0.00
534,  0,  17.912,  0.98,  1, 0.22, 0.00, 2.66, 0.00, 0.64, 0.45, 0.19, 2.49, 0.71, 0.02, 0.00, 0.97, 0.00, 0.09, 0.00, 0.26, 0.00, 0.00, 0.00, 1.00, 1.00, 1.00, 0.00, 0.00, 1.00, 0.00, 0.00, 0.00, 1.00, 0.00, 0.00, 0.00, 0.00, 0.00, 0.00
535,  0,  17.945,  0.98,  1, 0.18, 0.00, 2.78, 0.00, 0.69, 0.56, 0.27, 2.44, 0.72, 0.16, 0.00, 0.90, 0.00, 0.12, 0.00, 0.22, 0.00, 0.00, 0.00, 1.00, 1.00, 1.00, 0.00, 0.00, 1.00, 0.00, 0.00, 0.00, 1.00, 0.00, 0.00, 0.00, 0.00, 0.00, 0.00
536,  0,  17.979,  0.98,  1, 0.14, 0.00, 2.72, 0.00, 0.72, 0.69, 0.27, 2.38, 0.73, 0.18, 0.00, 0.85, 0.00, 0.14, 0.00, 0.19, 0.00, 0.00, 0.00, 1.00, 1.00, 1.00, 0.00, 0.00, 1.00, 0.00, 0.00, 0.00, 1.00, 0.00, 0.00, 0.00, 0.00, 0.00, 0.00
537,  0,  18.012,  0.98,  1, 0.10, 0.00, 2.64, 0.04, 0.78, 0.79, 0.24, 2.32, 0.74, 0.24, 0.00, 0.87, 0.00, 0.21, 0.00, 0.12, 0.00, 0.00, 0.00, 1.00, 1.00, 1.00, 0.00, 0.00, 1.00, 0.00, 0.00, 0.00, 1.00, 0.00, 0.00, 0.00, 0.00, 0.00, 0.00
538,  0,  18.046,  0.98,  1, 0.15, 0.00, 2.44, 0.04, 0.74, 0.75, 0.21, 2.30, 0.76, 0.26, 0.00, 0.87, 0.00, 0.13, 0.00, 0.10, 0.00, 0.00, 0.00, 1.00, 1.00, 1.00, 0.00, 0.00, 1.00, 0.00, 0.00, 0.00, 1.00, 0.00, 0.00, 0.00, 0.00, 0.00, 0.00
539,  0,  18.080,  0.98,  1, 0.14, 0.00, 2.46, 0.04, 0.72, 0.61, 0.15, 2.20, 0.74, 0.28, 0.00, 0.97, 0.00, 0.12, 0.00, 0.18, 0.00, 0.00, 0.00, 1.00, 1.00, 0.00, 0.00, 0.00, 1.00, 0.00, 0.00, 0.00, 1.00, 0.00, 0.00, 0.00, 0.00, 0.00, 0.00
540,  0,  18.113,  0.98,  1, 0.20, 0.00, 2.45, 0.00, 0.64, 0.52, 0.07, 2.07, 0.74, 0.22, 0.00, 0.93, 0.00, 0.12, 0.00, 0.24, 0.00, 0.00, 0.00, 1.00, 1.00, 0.00, 0.00, 0.00, 1.00, 0.00, 0.00, 0.00, 1.00, 0.00, 0.00, 0.00, 0.00, 0.00, 0.00
541,  0,  18.147,  0.98,  1, 0.10, 0.00, 2.52, 0.02, 0.60, 0.64, 0.00, 1.94, 0.76, 0.06, 0.00, 0.95, 0.00, 0.14, 0.00, 0.20, 0.00, 0.00, 0.00, 1.00, 1.00, 0.00, 0.00, 0.00, 1.00, 0.00, 0.00, 0.00, 1.00, 0.00, 0.00, 0.00, 0.00, 0.00, 0.00
542,  0,  18.180,  0.98,  1, 0.10, 0.00, 2.49, 0.02, 0.55, 0.84, 0.00, 1.82, 0.80, 0.00, 0.00, 0.78, 0.00, 0.20, 0.00, 0.08, 0.00, 0.00, 0.00, 1.00, 1.00, 0.00, 0.00, 0.00, 1.00, 0.00, 0.00, 0.00, 1.00, 0.00, 0.00, 0.00, 0.00, 0.00, 0.00
543,  0,  18.214,  0.98,  1, 0.06, 0.00, 2.52, 0.02, 0.53, 0.86, 0.02, 1.82, 0.77, 0.10, 0.00, 0.64, 0.00, 0.23, 0.00, 0.01, 0.00, 0.00, 0.00, 1.00, 1.00, 0.00, 0.00, 0.00, 1.00, 0.00, 0.00, 0.00, 0.00, 0.00, 0.00, 0.00, 0.00, 0.00, 0.00
544,  0,  18.248,  0.98,  1, 0.16, 0.00, 2.44, 0.00, 0.55, 0.85, 0.02, 1.93, 0.69, 0.10, 0.00, 0.56, 0.00, 0.22, 0.00, 0.02, 0.00, 0.00, 0.00, 1.00, 1.00, 0.00, 0.00, 0.00, 1.00, 0.00, 0.00, 0.00, 0.00, 0.00, 0.00, 0.00, 0.00, 0.00, 0.00
545,  0,  18.281,  0.98,  1, 0.20, 0.00, 2.43, 0.00, 0.57, 0.85, 0.02, 2.06, 0.64, 0.10, 0.01, 0.53, 0.00, 0.17, 0.00, 0.17, 0.00, 0.00, 0.00, 1.00, 0.00, 0.00, 0.00, 0.00, 1.00, 0.00, 0.00, 0.00, 0.00, 0.00, 0.00, 0.00, 0.00, 0.00, 0.00
546,  0,  18.315,  0.98,  1, 0.14, 0.00, 2.31, 0.00, 0.57, 0.98, 0.01, 2.00, 0.60, 0.00, 0.01, 0.70, 0.00, 0.10, 0.00, 0.17, 0.00, 0.00, 0.00, 1.00, 0.00, 0.00, 0.00, 0.00, 1.00, 0.00, 0.00, 0.00, 0.00, 0.00, 0.00, 0.00, 0.00, 0.00, 0.00
547,  0,  18.348,  0.98,  1, 0.04, 0.00, 2.31, 0.00, 0.54, 0.89, 0.03, 1.84, 0.57, 0.00, 0.01, 0.77, 0.00, 0.17, 0.00, 0.22, 0.00, 0.00, 0.00, 1.00, 1.00, 0.00, 0.00, 0.00, 1.00, 0.00, 0.00, 0.00, 1.00, 0.00, 0.00, 0.00, 0.00, 0.00, 0.00
548,  0,  18.382,  0.98,  1, 0.00, 0.00, 2.21, 0.00, 0.51, 0.79, 0.03, 1.71, 0.55, 0.09, 0.00, 0.84, 0.00, 0.26, 0.00, 0.21, 0.00, 0.00, 0.00, 1.00, 1.00, 0.00, 0.00, 0.00, 1.00, 0.00, 0.00, 0.00, 1.00, 0.00, 0.00, 0.00, 0.00, 0.00, 0.00
549,  0,  18.416,  0.98,  1, 0.00, 0.00, 2.19, 0.00, 0.50, 0.61, 0.02, 1.73, 0.56, 0.22, 0.00, 0.79, 0.00, 0.34, 0.00, 0.31, 0.00, 0.00, 0.00, 1.00, 0.00, 0.00, 0.00, 0.00, 1.00, 0.00, 1.00, 0.00, 1.00, 0.00, 0.00, 0.00, 0.00, 0.00, 0.00
550,  0,  18.449,  0.98,  1, 0.01, 0.00, 2.18, 0.00, 0.52, 0.53, 0.00, 1.80, 0.60, 0.26, 0.00, 0.71, 0.00, 0.37, 0.00, 0.28, 0.00, 0.00, 0.00, 1.00, 0.00, 0.00, 0.00, 0.00, 1.00, 0.00, 1.00, 0.00, 1.00, 0.00, 0.00, 0.00, 0.00, 0.00, 0.00
551,  0,  18.483,  0.98,  1, 0.01, 0.00, 2.29, 0.00, 0.53, 0.47, 0.02, 1.85, 0.61, 0.26, 0.00, 0.76, 0.00, 0.36, 0.00, 0.24, 0.00, 0.00, 0.00, 1.00, 1.00, 0.00, 0.00, 0.00, 1.00, 0.00, 1.00, 0.00, 1.00, 0.00, 0.00, 0.00, 0.00, 0.00, 0.00
552,  0,  18.516,  0.98,  1, 0.03, 0.00, 2.39, 0.00, 0.60, 0.54, 0.04, 1.91, 0.62, 0.16, 0.00, 0.69, 0.00, 0.32, 0.00, 0.14, 0.00, 0.00, 0.00, 1.00, 1.00, 0.00, 0.00, 0.00, 1.00, 0.00, 1.00, 0.00, 0.00, 0.00, 0.00, 0.00, 0.00, 0.00, 0.00
553,  0,  18.550,  0.98,  1, 0.03, 0.00, 2.36, 0.00, 0.63, 0.60, 0.04, 1.91, 0.64, 0.23, 0.00, 0.67, 0.00, 0.32, 0.00, 0.15, 0.00, 0.00, 0.00, 1.00, 1.00, 0.00, 0.00, 0.00, 1.00, 0.00, 1.00, 0.00, 0.00, 0.00, 0.00, 0.00, 0.00, 0.00, 0.00
554,  0,  18.584,  0.98,  1, 0.03, 0.00, 2.22, 0.00, 0.65, 0.56, 0.04, 1.86, 0.66, 0.30, 0.00, 0.40, 0.00, 0.26, 0.09, 0.04, 0.00, 0.00, 0.00, 1.00, 1.00, 0.00, 0.00, 0.00, 1.00, 0.00, 1.00, 0.00, 0.00, 0.00, 0.00, 0.00, 0.00, 0.00, 0.00
555,  0,  18.617,  0.98,  1, 0.05, 0.00, 2.07, 0.00, 0.58, 0.53, 0.05, 1.75, 0.65, 0.40, 0.00, 0.26, 0.01, 0.20, 0.20, 0.07, 0.00, 0.00, 0.00, 1.00, 1.00, 0.00, 0.00, 0.00, 1.00, 0.00, 1.00, 0.00, 0.00, 0.00, 0.00, 0.00, 0.00, 0.00, 0.00
556,  0,  18.651,  0.98,  1, 0.05, 0.00, 2.02, 0.00, 0.55, 0.53, 0.07, 1.74, 0.63, 0.43, 0.00, 0.19, 0.01, 0.12, 0.20, 0.10, 0.00, 0.00, 0.00, 1.00, 1.00, 0.00, 0.00, 0.00, 1.00, 0.00, 1.00, 0.00, 0.00, 0.00, 0.00, 0.00, 0.00, 0.00, 0.00
557,  0,  18.685,  0.98,  1, 0.12, 0.01, 2.11, 0.08, 0.57, 0.51, 0.05, 1.74, 0.59, 0.42, 0.00, 0.44, 0.01, 0.10, 0.10, 0.23, 0.49, 0.00, 0.00, 1.00, 0.00, 0.00, 0.00, 0.00, 1.00, 0.00, 1.00, 0.00, 0.00, 0.00, 0.00, 0.00, 0.00, 0.00, 0.00
558,  0,  18.718,  0.98,  1, 0.18, 0.01, 2.20, 0.21, 0.59, 0.34, 0.04, 1.80, 0.57, 0.35, 0.00, 0.68, 0.00, 0.07, 0.00, 0.20, 1.05, 0.00, 0.00, 1.00, 0.00, 0.00, 0.00, 0.00, 1.00, 0.00, 1.00, 0.00, 1.00, 0.00, 0.00, 0.00, 0.00, 0.00, 1.00
559,  0,  18.752,  0.98,  1, 0.25, 0.01, 2.28, 0.27, 0.58, 0.25, 0.07, 1.75, 0.50, 0.30, 0.00, 0.78, 0.00, 0.05, 0.00, 0.13, 1.54, 0.00, 0.00, 1.00, 0.00, 0.00, 0.00, 0.00, 1.00, 0.00, 1.00, 0.00, 1.00, 0.00, 0.00, 0.00, 0.00, 0.00, 1.00
560,  0,  18.785,  0.98,  1, 0.25, 0.00, 2.43, 0.22, 0.64, 0.40, 0.10, 1.88, 0.50, 0.29, 0.00, 0.82, 0.00, 0.02, 0.00, 0.00, 1.49, 0.00, 0.00, 1.00, 0.00, 0.00, 0.00, 0.00, 1.00, 0.00, 1.00, 0.00, 1.00, 0.00, 0.00, 0.00, 0.00, 0.00, 1.00
561,  0,  18.819,  0.98,  1, 0.21, 0.00, 2.57, 0.12, 0.69, 0.52, 0.11, 1.90, 0.50, 0.31, 0.00, 0.78, 0.00, 0.01, 0.00, 0.00, 1.18, 0.00, 0.00, 1.00, 0.00, 0.00, 0.00, 0.00, 1.00, 0.00, 1.00, 0.00, 1.00, 0.00, 0.00, 0.00, 0.00, 0.00, 1.00
562,  0,  18.853,  0.98,  1, 0.22, 0.00, 2.55, 0.06, 0.73, 0.52, 0.10, 1.98, 0.58, 0.48, 0.00, 0.57, 0.00, 0.00, 0.00, 0.00, 0.85, 0.00, 0.00, 1.00, 0.00, 0.00, 0.00, 0.00, 1.00, 0.00, 1.00, 0.00, 1.00, 0.00, 0.00, 0.00, 0.00, 0.00, 1.00
563,  0,  18.886,  0.98,  1, 0.23, 0.00, 2.45, 0.03, 0.69, 0.51, 0.08, 1.89, 0.60, 0.43, 0.00, 0.51, 0.00, 0.05, 0.00, 0.00, 0.56, 0.00, 0.00, 1.00, 0.00, 0.00, 0.00, 0.00, 1.00, 0.00, 1.00, 0.00, 1.00, 0.00, 0.00, 0.00, 0.00, 0.00, 1.00
564,  0,  18.920,  0.98,  1, 0.23, 0.00, 2.41, 0.00, 0.67, 0.63, 0.09, 1.85, 0.61, 0.51, 0.00, 0.44, 0.00, 0.12, 0.00, 0.19, 0.38, 0.00, 0.00, 1.00, 0.00, 0.00, 0.00, 0.00, 1.00, 0.00, 1.00, 0.00, 1.00, 0.00, 0.00, 0.00, 0.00, 0.00, 1.00
565,  0,  18.953,  0.98,  1, 0.20, 0.00, 2.42, 0.00, 0.65, 0.79, 0.04, 1.93, 0.66, 0.45, 0.00, 0.60, 0.00, 0.13, 0.00, 0.35, 0.22, 0.00, 0.00, 1.00, 0.00, 0.00, 0.00, 0.00, 1.00, 0.00, 1.00, 0.00, 1.00, 0.00, 0.00, 0.00, 0.00, 0.00, 1.00
566,  0,  18.987,  0.98,  1, 0.18, 0.00, 2.55, 0.00, 0.62, 0.78, 0.05, 1.98, 0.73, 0.66, 0.00, 0.51, 0.00, 0.08, 0.09, 0.45, 0.07, 0.00, 0.00, 1.00, 0.00, 0.00, 0.00, 0.00, 1.00, 0.00, 1.00, 0.00, 0.00, 0.00, 0.00, 0.00, 0.00, 0.00, 0.00
567,  0,  19.021,  0.98,  1, 0.18, 0.00, 2.56, 0.00, 0.61, 0.80, 0.02, 1.95, 0.74, 0.72, 0.00, 0.42, 0.00, 0.03, 0.13, 0.27, 0.00, 0.00, 0.00, 1.00, 0.00, 0.00, 0.00, 0.00, 1.00, 0.00, 1.00, 0.00, 0.00, 0.00, 0.00, 0.00, 0.00, 0.00, 0.00
568,  0,  19.054,  0.98,  1, 0.14, 0.00, 2.66, 0.00, 0.63, 0.74, 0.03, 1.84, 0.65, 0.60, 0.00, 0.46, 0.00, 0.05, 0.13, 0.11, 0.01, 0.00, 0.00, 1.00, 0.00, 0.00, 0.00, 0.00, 1.00, 0.00, 1.00, 0.00, 0.00, 0.00, 0.00, 0.00, 0.00, 0.00, 0.00
569,  0,  19.088,  0.98,  1, 0.12, 0.00, 2.65, 0.00, 0.67, 0.75, 0.02, 1.80, 0.57, 0.47, 0.00, 0.50, 0.00, 0.07, 0.05, 0.00, 0.01, 0.00, 0.00, 1.00, 0.00, 0.00, 0.00, 0.00, 1.00, 0.00, 1.00, 0.00, 0.00, 0.00, 0.00, 0.00, 0.00, 0.00, 0.00
570,  0,  19.121,  0.98,  1, 0.11, 0.02, 2.71, 0.00, 0.64, 0.60, 0.02, 1.83, 0.57, 0.31, 0.00, 0.61, 0.00, 0.06, 0.00, 0.00, 0.01, 0.00, 0.00, 1.00, 0.00, 0.00, 0.00, 0.00, 1.00, 0.00, 1.00, 0.00, 0.00, 0.00, 0.00, 0.00, 0.00, 0.00, 0.00
571,  0,  19.155,  0.98,  1, 0.12, 0.02, 2.66, 0.00, 0.57, 0.56, 0.01, 1.80, 0.61, 0.49, 0.00, 0.58, 0.00, 0.04, 0.00, 0.06, 0.00, 0.00, 0.00, 1.00, 0.00, 0.00, 0.00, 0.00, 1.00, 0.00, 1.00, 0.00, 0.00, 0.00, 0.00, 0.00, 0.00, 0.00, 0.00
572,  0,  19.189,  0.98,  1, 0.07, 0.02, 2.57, 0.00, 0.50, 0.49, 0.00, 1.79, 0.62, 0.39, 0.00, 0.48, 0.00, 0.01, 0.00, 0.11, 0.00, 0.00, 0.00, 1.00, 0.00, 0.00, 0.00, 0.00, 1.00, 0.00, 1.00, 0.00, 0.00, 0.00, 0.00, 0.00, 0.00, 0.00, 0.00
573,  0,  19.222,  0.98,  1, 0.05, 0.00, 2.49, 0.01, 0.50, 0.54, 0.00, 1.77, 0.65, 0.35, 0.00, 0.38, 0.00, 0.04, 0.02, 0.19, 0.00, 0.00, 0.00, 1.00, 0.00, 0.00, 0.00, 0.00, 1.00, 0.00, 1.00, 0.00, 0.00, 0.00, 0.00, 0.00, 0.00, 0.00, 0.00
574,  0,  19.256,  0.98,  1, 0.04, 0.00, 2.45, 0.01, 0.50, 0.60, 0.00, 1.73, 0.67, 0.20, 0.00, 0.34, 0.00, 0.06, 0.02, 0.17, 0.00, 0.00, 0.00, 1.00, 1.00, 0.00, 0.00, 0.00, 1.00, 0.00, 1.00, 0.00, 0.00, 0.00, 0.00, 0.00, 0.00, 0.00, 0.00
575,  0,  19.289,  0.98,  1, 0.04, 0.00, 2.50, 0.01, 0.49, 0.62, 0.00, 1.72, 0.68, 0.20, 0.00, 0.40, 0.00, 0.11, 0.02, 0.15, 0.00, 0.00, 0.00, 1.00, 1.00, 0.00, 0.00, 0.00, 1.00, 0.00, 1.00, 0.00, 0.00, 0.00, 0.00, 0.00, 0.00, 0.00, 0.00
576,  0,  19.323,  0.98,  1, 0.05, 0.00, 2.48, 0.00, 0.46, 0.57, 0.00, 1.73, 0.70, 0.34, 0.00, 0.36, 0.00, 0.09, 0.00, 0.11, 0.00, 0.00, 0.00, 1.00, 1.00, 0.00, 0.00, 0.00, 1.00, 0.00, 1.00, 0.00, 0.00, 0.00, 0.00, 0.00, 0.00, 0.00, 0.00
577,  0,  19.357,  0.98,  1, 0.14, 0.00, 2.52, 0.01, 0.46, 0.45, 0.01, 1.75, 0.72, 0.35, 0.00, 0.22, 0.00, 0.06, 0.00, 0.07, 0.00, 0.00, 0.00, 1.00, 1.00, 0.00, 0.00, 0.00, 1.00, 0.00, 1.00, 0.00, 0.00, 0.00, 0.00, 0.00, 0.00, 0.00, 0.00
578,  0,  19.390,  0.98,  1, 0.22, 0.00, 2.50, 0.01, 0.44, 0.56, 0.01, 1.74, 0.75, 0.44, 0.00, 0.16, 0.00, 0.02, 0.00, 0.04, 0.00, 0.00, 0.00, 1.00, 1.00, 0.00, 0.00, 0.00, 1.00, 0.00, 1.00, 0.00, 0.00, 0.00, 0.00, 0.00, 0.00, 0.00, 0.00
579,  0,  19.424,  0.98,  1, 0.32, 0.00, 2.51, 0.01, 0.45, 0.74, 0.01, 1.75, 0.75, 0.41, 0.00, 0.21, 0.00, 0.02, 0.00, 0.04, 0.00, 0.00, 0.00, 1.00, 1.00, 0.00, 0.00, 0.00, 1.00, 0.00, 1.00, 0.00, 0.00, 0.00, 0.00, 0.00, 0.00, 0.00, 0.00
580,  0,  19.457,  0.98,  1, 0.32, 0.00, 2.51, 0.08, 0.46, 0.82, 0.00, 1.77, 0.75, 0.37, 0.00, 0.31, 0.00, 0.02, 0.00, 0.07, 0.00, 0.00, 0.00, 1.00, 1.00, 0.00, 0.00, 0.00, 1.00, 0.00, 1.00, 0.00, 0.00, 0.00, 0.00, 0.00, 0.00, 0.00, 0.00
581,  0,  19.491,  0.98,  1, 0.34, 0.00, 2.47, 0.13, 0.48, 0.77, 0.00, 1.76, 0.74, 0.31, 0.00, 0.35, 0.00, 0.00, 0.00, 0.07, 0.00, 0.00, 0.00, 1.00, 1.00, 0.00, 0.00, 0.00, 1.00, 0.00, 1.00, 0.00, 0.00, 0.00, 0.00, 0.00, 0.00, 0.00, 0.00
582,  0,  19.525,  0.98,  1, 0.32, 0.00, 2.50, 0.21, 0.48, 0.57, 0.00, 1.80, 0.73, 0.33, 0.00, 0.35, 0.00, 0.00, 0.00, 0.04, 0.00, 0.00, 0.00, 1.00, 1.00, 0.00, 0.00, 0.00, 1.00, 0.00, 1.00, 0.00, 0.00, 0.00, 0.00, 0.00, 0.00, 0.00, 0.00
583,  0,  19.558,  0.98,  1, 0.31, 0.00, 2.53, 0.15, 0.45, 0.48, 0.00, 1.81, 0.70, 0.45, 0.00, 0.34, 0.00, 0.00, 0.00, 0.09, 0.00, 0.00, 0.00, 1.00, 1.00, 0.00, 0.00, 0.00, 1.00, 0.00, 1.00, 0.00, 0.00, 0.00, 0.00, 0.00, 0.00, 0.00, 0.00
584,  0,  19.592,  0.98,  1, 0.29, 0.00, 2.55, 0.11, 0.42, 0.43, 0.00, 1.84, 0.69, 0.39, 0.00, 0.41, 0.00, 0.00, 0.00, 0.08, 0.00, 0.00, 0.00, 1.00, 1.00, 0.00, 0.00, 0.00, 1.00, 0.00, 1.00, 0.00, 0.00, 0.00, 0.00, 0.00, 0.00, 0.00, 0.00
585,  0,  19.625,  0.98,  1, 0.23, 0.00, 2.51, 0.02, 0.40, 0.37, 0.00, 1.80, 0.71, 0.32, 0.00, 0.39, 0.00, 0.00, 0.00, 0.16, 0.00, 0.00, 0.00, 1.00, 1.00, 0.00, 0.00, 0.00, 1.00, 0.00, 1.00, 0.00, 0.00, 0.00, 0.00, 0.00, 0.00, 0.00, 0.00
586,  0,  19.659,  0.98,  1, 0.19, 0.00, 2.42, 0.01, 0.41, 0.47, 0.00, 1.78, 0.70, 0.34, 0.00, 0.34, 0.00, 0.00, 0.04, 0.07, 0.00, 0.00, 0.00, 1.00, 1.00, 0.00, 0.00, 0.00, 1.00, 0.00, 1.00, 0.00, 0.00, 0.00, 0.00, 0.00, 0.00, 0.00, 0.00
587,  0,  19.693,  0.98,  1, 0.12, 0.00, 2.41, 0.00, 0.38, 0.41, 0.00, 1.72, 0.73, 0.39, 0.00, 0.27, 0.00, 0.00, 0.04, 0.07, 0.00, 0.00, 0.00, 1.00, 1.00, 0.00, 0.00, 0.00, 1.00, 0.00, 1.00, 0.00, 0.00, 0.00, 0.00, 0.00, 0.00, 0.00, 0.00
588,  0,  19.726,  0.98,  1, 0.15, 0.00, 2.34, 0.00, 0.37, 0.39, 0.00, 1.68, 0.69, 0.30, 0.00, 0.29, 0.00, 0.04, 0.04, 0.00, 0.00, 0.00, 0.00, 1.00, 1.00, 0.00, 0.00, 0.00, 1.00, 0.00, 1.00, 0.00, 0.00, 0.00, 0.00, 0.00, 0.00, 0.00, 0.00
589,  0,  19.760,  0.98,  1, 0.16, 0.00, 2.37, 0.01, 0.34, 0.32, 0.00, 1.69, 0.70, 0.30, 0.00, 0.43, 0.00, 0.05, 0.00, 0.00, 0.00, 0.00, 0.00, 1.00, 1.00, 0.00, 0.00, 0.00, 1.00, 0.00, 1.00, 0.00, 0.00, 0.00, 0.00, 0.00, 0.00, 0.00, 0.00
590,  0,  19.793,  0.98,  1, 0.19, 0.00, 2.37, 0.04, 0.37, 0.34, 0.00, 1.74, 0.69, 0.39, 0.00, 0.50, 0.00, 0.05, 0.00, 0.04, 0.00, 0.00, 0.00, 1.00, 1.00, 0.00, 0.00, 0.00, 1.00, 0.00, 1.00, 0.00, 0.00, 0.00, 0.00, 0.00, 0.00, 0.00, 0.00
591,  0,  19.827,  0.98,  1, 0.21, 0.00, 2.45, 0.09, 0.37, 0.39, 0.00, 1.84, 0.68, 0.55, 0.00, 0.54, 0.00, 0.00, 0.00, 0.05, 0.00, 0.00, 0.00, 1.00, 1.00, 0.00, 0.00, 0.00, 1.00, 0.00, 1.00, 0.00, 0.00, 0.00, 0.00, 0.00, 0.00, 0.00, 0.00
592,  0,  19.861,  0.98,  1, 0.25, 0.00, 2.48, 0.08, 0.41, 0.35, 0.01, 1.87, 0.60, 0.54, 0.00, 0.48, 0.00, 0.00, 0.05, 0.05, 0.00, 0.00, 0.00, 1.00, 1.00, 0.00, 0.00, 0.00, 1.00, 0.00, 1.00, 0.00, 0.00, 0.00, 0.00, 0.00, 0.00, 0.00, 0.00
593,  0,  19.894,  0.98,  1, 0.31, 0.00, 2.50, 0.09, 0.40, 0.33, 0.01, 1.93, 0.57, 0.53, 0.00, 0.46, 0.00, 0.00, 0.05, 0.00, 0.00, 0.00, 0.00, 1.00, 1.00, 0.00, 0.00, 0.00, 1.00, 0.00, 1.00, 0.00, 0.00, 0.00, 0.00, 0.00, 0.00, 0.00, 0.00
594,  0,  19.928,  0.98,  1, 0.32, 0.00, 2.58, 0.18, 0.43, 0.35, 0.01, 1.94, 0.56, 0.43, 0.00, 0.46, 0.00, 0.00, 0.14, 0.01, 0.00, 0.00, 0.00, 1.00, 1.00, 0.00, 0.00, 0.00, 1.00, 0.00, 1.00, 0.00, 0.00, 0.00, 0.00, 0.00, 0.00, 0.00, 0.00
595,  0,  19.962,  0.98,  1, 0.33, 0.01, 2.63, 0.18, 0.44, 0.47, 0.03, 1.96, 0.59, 0.44, 0.00, 0.50, 0.00, 0.00, 0.12, 0.01, 0.00, 0.00, 0.00, 1.00, 1.00, 0.00, 0.00, 0.00, 1.00, 0.00, 1.00, 0.00, 0.00, 0.00, 0.00, 0.00, 0.00, 0.00, 0.00
596,  0,  19.995,  0.98,  1, 0.27, 0.01, 2.56, 0.19, 0.46, 0.40, 0.04, 1.85, 0.62, 0.54, 0.00, 0.43, 0.01, 0.00, 0.16, 0.04, 0.00, 0.00, 0.00, 1.00, 1.00, 0.00, 0.00, 0.00, 1.00, 0.00, 1.00, 0.00, 0.00, 0.00, 0.00, 0.00, 0.00, 0.00, 0.00
597,  0,  20.029,  0.98,  1, 0.25, 0.01, 2.48, 0.17, 0.47, 0.33, 0.04, 1.82, 0.68, 0.64, 0.00, 0.33, 0.01, 0.00, 0.07, 0.03, 0.00, 0.00, 0.00, 1.00, 1.00, 0.00, 0.00, 0.00, 1.00, 0.00, 1.00, 0.00, 0.00, 0.00, 0.00, 0.00, 0.00, 0.00, 0.00
598,  0,  20.062,  0.98,  1, 0.20, 0.00, 2.39, 0.17, 0.46, 0.19, 0.01, 1.84, 0.71, 0.59, 0.00, 0.27, 0.01, 0.00, 0.03, 0.03, 0.00, 0.00, 0.00, 1.00, 1.00, 0.00, 0.00, 0.00, 1.00, 0.00, 1.00, 0.00, 0.00, 0.00, 0.00, 0.00, 0.00, 0.00, 0.00
599,  0,  20.096,  0.98,  1, 0.27, 0.00, 2.48, 0.11, 0.46, 0.23, 0.02, 1.94, 0.69, 0.49, 0.00, 0.23, 0.00, 0.00, 0.00, 0.00, 0.00, 0.00, 0.00, 1.00, 1.00, 0.00, 0.00, 0.00, 1.00, 0.00, 1.00, 0.00, 0.00, 0.00, 0.00, 0.00, 0.00, 0.00, 0.00
600,  0,  20.130,  0.98,  1, 0.24, 0.00, 2.56, 0.00, 0.42, 0.37, 0.03, 1.97, 0.64, 0.57, 0.00, 0.21, 0.00, 0.00, 0.00, 0.01, 0.00, 0.00, 0.00, 1.00, 1.00, 0.00, 0.00, 0.00, 1.00, 0.00, 1.00, 0.00, 0.00, 0.00, 0.00, 0.00, 0.00, 0.00, 0.00
601,  0,  20.163,  0.98,  1, 0.22, 0.00, 2.66, 0.00, 0.45, 0.43, 0.07, 1.93, 0.66, 0.63, 0.00, 0.11, 0.00, 0.00, 0.00, 0.01, 0.00, 0.00, 0.00, 1.00, 1.00, 0.00, 0.00, 0.00, 1.00, 0.00, 1.00, 0.00, 0.00, 0.00, 0.00, 0.00, 0.00, 0.00, 0.00
602,  0,  20.197,  0.98,  1, 0.14, 0.00, 2.66, 0.00, 0.49, 0.60, 0.12, 1.88, 0.66, 0.62, 0.00, 0.10, 0.00, 0.00, 0.06, 0.01, 0.00, 0.00, 0.00, 1.00, 1.00, 0.00, 0.00, 0.00, 1.00, 0.00, 1.00, 0.00, 0.00, 0.00, 0.00, 0.00, 0.00, 0.00, 0.00
603,  0,  20.230,  0.98,  1, 0.15, 0.00, 2.59, 0.04, 0.54, 0.53, 0.12, 1.83, 0.66, 0.45, 0.00, 0.13, 0.00, 0.00, 0.09, 0.00, 0.00, 0.00, 0.00, 1.00, 1.00, 0.00, 0.00, 0.00, 1.00, 0.00, 1.00, 0.00, 0.00, 0.00, 0.00, 0.00, 0.00, 0.00, 0.00
604,  0,  20.264,  0.98,  1, 0.20, 0.00, 2.55, 0.09, 0.53, 0.50, 0.13, 1.92, 0.62, 0.36, 0.00, 0.20, 0.00, 0.00, 0.14, 0.00, 0.00, 0.00, 0.00, 1.00, 1.00, 0.00, 0.00, 0.00, 1.00, 0.00, 1.00, 0.00, 0.00, 0.00, 0.00, 0.00, 0.00, 0.00, 0.00
605,  0,  20.298,  0.98,  1, 0.20, 0.00, 2.55, 0.10, 0.50, 0.39, 0.06, 2.01, 0.66, 0.41, 0.00, 0.22, 0.00, 0.00, 0.08, 0.03, 0.00, 0.00, 0.00, 1.00, 1.00, 0.00, 0.00, 0.00, 1.00, 0.00, 1.00, 0.00, 0.00, 0.00, 0.00, 0.00, 0.00, 0.00, 0.00
606,  0,  20.331,  0.98,  1, 0.21, 0.00, 2.56, 0.06, 0.51, 0.39, 0.08, 2.02, 0.67, 0.55, 0.00, 0.26, 0.00, 0.00, 0.05, 0.04, 0.00, 0.00, 0.00, 1.00, 1.00, 0.00, 0.00, 0.00, 1.00, 0.00, 1.00, 0.00, 0.00, 0.00, 0.00, 0.00, 0.00, 0.00, 0.00
607,  0,  20.365,  0.98,  1, 0.23, 0.00, 2.54, 0.06, 0.51, 0.49, 0.05, 1.94, 0.67, 0.67, 0.00, 0.29, 0.00, 0.00, 0.03, 0.08, 0.01, 0.00, 0.00, 1.00, 1.00, 0.00, 0.00, 0.00, 1.00, 0.00, 1.00, 0.00, 0.00, 0.00, 0.00, 0.00, 0.00, 0.00, 0.00
608,  0,  20.398,  0.98,  1, 0.28, 0.00, 2.51, 0.05, 0.51, 0.42, 0.07, 1.92, 0.64, 0.71, 0.00, 0.28, 0.00, 0.00, 0.03, 0.10, 0.01, 0.00, 0.00, 1.00, 1.00, 0.00, 0.00, 0.00, 1.00, 0.00, 1.00, 0.00, 0.00, 0.00, 0.00, 0.00, 0.00, 0.00, 0.00
609,  0,  20.432,  0.98,  1, 0.25, 0.00, 2.52, 0.07, 0.52, 0.51, 0.04, 1.97, 0.62, 0.72, 0.00, 0.24, 0.00, 0.00, 0.07, 0.22, 0.01, 0.00, 0.00, 1.00, 1.00, 0.00, 0.00, 0.00, 1.00, 0.00, 1.00, 0.00, 0.00, 0.00, 0.00, 0.00, 0.00, 0.00, 0.00
610,  0,  20.466,  0.98,  1, 0.19, 0.00, 2.57, 0.02, 0.52, 0.46, 0.10, 1.98, 0.64, 0.70, 0.00, 0.19, 0.00, 0.00, 0.09, 0.24, 0.00, 0.00, 0.00, 1.00, 1.00, 0.00, 0.00, 0.00, 1.00, 0.00, 1.00, 0.00, 0.00, 0.00, 0.00, 0.00, 0.00, 0.00, 0.00
611,  0,  20.499,  0.98,  1, 0.16, 0.00, 2.61, 0.02, 0.52, 0.53, 0.09, 1.94, 0.67, 0.71, 0.00, 0.22, 0.00, 0.00, 0.09, 0.29, 0.00, 0.00, 0.00, 1.00, 1.00, 0.00, 0.00, 0.00, 1.00, 0.00, 1.00, 0.00, 0.00, 0.00, 0.00, 0.00, 0.00, 0.00, 0.00
612,  0,  20.533,  0.98,  1, 0.18, 0.00, 2.68, 0.01, 0.52, 0.56, 0.15, 1.89, 0.70, 0.67, 0.00, 0.19, 0.00, 0.00, 0.10, 0.19, 0.00, 0.00, 0.00, 1.00, 1.00, 0.00, 0.00, 0.00, 1.00, 0.00, 1.00, 0.00, 0.00, 0.00, 0.00, 0.00, 0.00, 0.00, 0.00
613,  0,  20.566,  0.98,  1, 0.23, 0.00, 2.73, 0.02, 0.54, 0.65, 0.13, 1.83, 0.70, 0.64, 0.00, 0.22, 0.00, 0.00, 0.05, 0.13, 0.03, 0.00, 0.00, 1.00, 1.00, 0.00, 0.00, 0.00, 1.00, 0.00, 1.00, 0.00, 0.00, 0.00, 0.00, 0.00, 0.00, 0.00, 0.00
614,  0,  20.600,  0.98,  1, 0.27, 0.00, 2.81, 0.02, 0.55, 0.65, 0.16, 1.76, 0.67, 0.52, 0.00, 0.27, 0.00, 0.00, 0.06, 0.04, 0.03, 0.00, 0.00, 1.00, 1.00, 0.00, 0.00, 0.00, 1.00, 0.00, 1.00, 0.00, 0.00, 0.00, 0.00, 0.00, 0.00, 0.00, 0.00
615,  0,  20.634,  0.98,  1, 0.30, 0.00, 2.91, 0.02, 0.57, 0.58, 0.15, 1.69, 0.63, 0.42, 0.00, 0.33, 0.00, 0.00, 0.03, 0.04, 0.03, 0.00, 0.00, 1.00, 1.00, 0.00, 0.00, 0.00, 1.00, 0.00, 1.00, 0.00, 0.00, 0.00, 0.00, 0.00, 0.00, 0.00, 0.00
616,  0,  20.667,  0.98,  1, 0.31, 0.00, 2.96, 0.03, 0.58, 0.66, 0.14, 1.70, 0.59, 0.32, 0.00, 0.37, 0.00, 0.00, 0.03, 0.10, 0.00, 0.00, 0.00, 1.00, 1.00, 0.00, 0.00, 0.00, 1.00, 0.00, 1.00, 0.00, 0.00, 0.00, 0.00, 0.00, 0.00, 0.00, 0.00
617,  0,  20.701,  0.98,  1, 0.28, 0.00, 2.97, 0.10, 0.62, 0.76, 0.18, 1.77, 0.56, 0.44, 0.00, 0.26, 0.00, 0.00, 0.05, 0.10, 0.00, 0.00, 0.00, 1.00, 1.00, 0.00, 0.00, 0.00, 1.00, 0.00, 1.00, 0.00, 0.00, 0.00, 0.00, 0.00, 0.00, 0.00, 0.00
618,  0,  20.734,  0.98,  1, 0.24, 0.00, 2.95, 0.10, 0.61, 0.87, 0.16, 1.90, 0.52, 0.49, 0.00, 0.27, 0.01, 0.00, 0.06, 0.06, 0.00, 0.00, 0.00, 1.00, 1.00, 0.00, 0.00, 0.00, 1.00, 0.00, 1.00, 0.00, 0.00, 0.00, 0.00, 0.00, 0.00, 0.00, 0.00
619,  0,  20.768,  0.98,  1, 0.23, 0.00, 2.91, 0.07, 0.60, 0.85, 0.17, 1.97, 0.50, 0.46, 0.00, 0.17, 0.13, 0.00, 0.14, 0.00, 0.00, 0.00, 0.00, 1.00, 1.00, 0.00, 0.00, 0.00, 1.00, 0.00, 1.00, 0.00, 0.00, 0.00, 0.00, 0.00, 0.00, 0.00, 0.00
620,  0,  20.802,  0.98,  1, 0.21, 0.00, 2.86, 0.00, 0.56, 0.93, 0.13, 1.97, 0.47, 0.32, 0.00, 0.13, 0.14, 0.00, 0.13, 0.00, 0.00, 0.00, 0.00, 1.00, 1.00, 0.00, 0.00, 0.00, 1.00, 0.00, 1.00, 0.00, 0.00, 0.00, 0.00, 0.00, 0.00, 0.00, 0.00
621,  0,  20.835,  0.98,  1, 0.21, 0.00, 2.82, 0.00, 0.58, 0.99, 0.14, 1.95, 0.49, 0.21, 0.00, 0.04, 0.15, 0.00, 0.14, 0.00, 0.00, 0.00, 0.00, 1.00, 1.00, 0.00, 0.00, 0.00, 1.00, 0.00, 1.00, 0.00, 0.00, 0.00, 0.00, 0.00, 0.00, 0.00, 0.00
622,  0,  20.869,  0.98,  1, 0.16, 0.00, 2.83, 0.04, 0.56, 0.95, 0.10, 1.94, 0.48, 0.23, 0.00, 0.15, 0.07, 0.00, 0.12, 0.02, 0.00, 0.00, 0.00, 1.00, 1.00, 0.00, 0.00, 0.00, 1.00, 0.00, 1.00, 0.00, 0.00, 0.00, 0.00, 0.00, 0.00, 0.00, 0.00
623,  0,  20.902,  0.98,  1, 0.14, 0.00, 2.79, 0.04, 0.54, 0.82, 0.09, 1.94, 0.47, 0.16, 0.00, 0.26, 0.05, 0.00, 0.17, 0.02, 0.00, 0.00, 0.00, 1.00, 1.00, 0.00, 0.00, 0.00, 1.00, 0.00, 1.00, 0.00, 0.00, 0.00, 0.00, 0.00, 0.00, 0.00, 0.00
624,  0,  20.936,  0.98,  1, 0.18, 0.00, 2.77, 0.04, 0.49, 0.79, 0.06, 1.96, 0.45, 0.20, 0.00, 0.36, 0.04, 0.00, 0.18, 0.02, 0.00, 0.00, 0.00, 1.00, 1.00, 0.00, 0.00, 0.00, 1.00, 0.00, 1.00, 0.00, 0.00, 0.00, 0.00, 0.00, 0.00, 0.00, 0.00
625,  0,  20.970,  0.98,  1, 0.25, 0.00, 2.69, 0.00, 0.50, 0.81, 0.09, 1.98, 0.47, 0.12, 0.00, 0.34, 0.00, 0.00, 0.18, 0.05, 0.00, 0.00, 0.00, 1.00, 1.00, 0.00, 0.00, 0.00, 1.00, 0.00, 1.00, 0.00, 0.00, 0.00, 0.00, 0.00, 0.00, 0.00, 0.00
626,  0,  21.003,  0.98,  1, 0.32, 0.00, 2.73, 0.00, 0.45, 0.85, 0.08, 2.01, 0.49, 0.19, 0.00, 0.31, 0.00, 0.00, 0.20, 0.05, 0.00, 0.00, 0.00, 1.00, 1.00, 0.00, 0.00, 0.00, 1.00, 0.00, 1.00, 0.00, 0.00, 0.00, 0.00, 0.00, 0.00, 0.00, 0.00
627,  0,  21.037,  0.98,  1, 0.31, 0.00, 2.70, 0.00, 0.43, 0.79, 0.06, 1.98, 0.52, 0.20, 0.00, 0.23, 0.00, 0.00, 0.27, 0.07, 0.00, 0.00, 0.00, 1.00, 1.00, 0.00, 0.00, 0.00, 1.00, 0.00, 1.00, 0.00, 0.00, 0.00, 0.00, 0.00, 0.00, 0.00, 0.00
628,  0,  21.070,  0.98,  1, 0.25, 0.00, 2.68, 0.00, 0.42, 0.80, 0.01, 2.04, 0.52, 0.20, 0.00, 0.20, 0.00, 0.00, 0.27, 0.05, 0.00, 0.00, 0.00, 1.00, 1.00, 0.00, 0.00, 0.00, 1.00, 0.00, 1.00, 0.00, 0.00, 0.00, 0.00, 0.00, 0.00, 0.00, 0.00
629,  0,  21.104,  0.98,  1, 0.17, 0.00, 2.62, 0.00, 0.41, 0.73, 0.00, 2.02, 0.54, 0.19, 0.00, 0.16, 0.00, 0.00, 0.29, 0.10, 0.00, 0.00, 0.00, 1.00, 1.00, 0.00, 0.00, 0.00, 1.00, 0.00, 1.00, 0.00, 0.00, 0.00, 0.00, 0.00, 0.00, 0.00, 0.00
630,  0,  21.138,  0.98,  1, 0.07, 0.00, 2.64, 0.02, 0.43, 0.88, 0.02, 1.94, 0.51, 0.24, 0.00, 0.13, 0.00, 0.00, 0.28, 0.08, 0.00, 0.00, 0.00, 1.00, 1.00, 0.00, 0.00, 0.00, 1.00, 0.00, 1.00, 0.00, 0.00, 0.00, 0.00, 0.00, 0.00, 0.00, 0.00
631,  0,  21.171,  0.98,  1, 0.02, 0.00, 2.64, 0.02, 0.45, 0.86, 0.06, 1.77, 0.51, 0.40, 0.00, 0.05, 0.01, 0.00, 0.30, 0.09, 0.00, 0.00, 0.00, 1.00, 1.00, 0.00, 0.00, 0.00, 1.00, 0.00, 1.00, 0.00, 0.00, 0.00, 0.00, 0.00, 0.00, 0.00, 0.00
632,  0,  21.205,  0.98,  1, 0.00, 0.00, 2.68, 0.02, 0.48, 0.89, 0.06, 1.66, 0.45, 0.44, 0.00, 0.01, 0.01, 0.00, 0.21, 0.05, 0.02, 0.00, 0.00, 1.00, 1.00, 0.00, 0.00, 0.00, 1.00, 0.00, 1.00, 0.00, 0.00, 0.00, 0.00, 0.00, 0.00, 0.00, 0.00
633,  0,  21.239,  0.98,  1, 0.01, 0.00, 2.67, 0.00, 0.45, 0.68, 0.04, 1.64, 0.42, 0.41, 0.00, 0.00, 0.01, 0.00, 0.17, 0.05, 0.02, 0.00, 0.00, 1.00, 1.00, 0.00, 0.00, 0.00, 1.00, 0.00, 1.00, 0.00, 0.00, 0.00, 0.00, 0.00, 0.00, 0.00, 0.00
634,  0,  21.272,  0.98,  1, 0.01, 0.00, 2.65, 0.00, 0.42, 0.62, 0.00, 1.63, 0.44, 0.32, 0.02, 0.00, 0.06, 0.00, 0.27, 0.00, 0.02, 0.00, 0.00, 1.00, 1.00, 0.00, 0.00, 0.00, 1.00, 0.00, 1.00, 0.00, 0.00, 0.00, 0.00, 0.00, 0.00, 0.00, 0.00
635,  0,  21.306,  0.98,  1, 0.06, 0.00, 2.61, 0.00, 0.40, 0.56, 0.00, 1.70, 0.47, 0.31, 0.02, 0.07, 0.09, 0.00, 0.28, 0.00, 0.01, 0.00, 0.00, 1.00, 1.00, 0.00, 0.00, 0.00, 1.00, 0.00, 1.00, 0.00, 0.00, 0.00, 0.00, 0.00, 0.00, 0.00, 0.00
636,  0,  21.339,  0.98,  1, 0.08, 0.00, 2.62, 0.00, 0.43, 0.64, 0.03, 1.77, 0.52, 0.43, 0.02, 0.07, 0.09, 0.00, 0.24, 0.00, 0.01, 0.00, 0.00, 1.00, 1.00, 0.00, 0.00, 0.00, 1.00, 0.00, 1.00, 0.00, 0.00, 0.00, 0.00, 0.00, 0.00, 0.00, 0.00
637,  0,  21.373,  0.98,  1, 0.11, 0.04, 2.64, 0.00, 0.42, 0.68, 0.07, 1.80, 0.51, 0.49, 0.00, 0.07, 0.03, 0.00, 0.12, 0.00, 0.00, 0.00, 0.00, 1.00, 1.00, 0.00, 0.00, 0.00, 1.00, 0.00, 1.00, 0.00, 0.00, 0.00, 0.00, 0.00, 0.00, 0.00, 0.00
638,  0,  21.407,  0.98,  1, 0.08, 0.05, 2.66, 0.00, 0.44, 0.76, 0.14, 1.77, 0.53, 0.68, 0.00, 0.01, 0.05, 0.00, 0.16, 0.05, 0.00, 0.00, 0.00, 1.00, 1.00, 0.00, 0.00, 0.00, 1.00, 0.00, 1.00, 0.00, 0.00, 0.00, 0.00, 0.00, 0.00, 0.00, 0.00
639,  0,  21.440,  0.98,  1, 0.06, 0.05, 2.62, 0.00, 0.41, 0.75, 0.16, 1.77, 0.55, 0.77, 0.00, 0.00, 0.07, 0.00, 0.24, 0.05, 0.00, 0.00, 0.00, 1.00, 1.00, 0.00, 0.00, 0.00, 1.00, 0.00, 1.00, 0.00, 0.00, 0.00, 0.00, 0.00, 0.00, 0.00, 0.00
640,  0,  21.474,  0.98,  1, 0.04, 0.00, 2.57, 0.00, 0.42, 0.72, 0.19, 1.79, 0.53, 0.89, 0.00, 0.00, 0.11, 0.00, 0.24, 0.05, 0.00, 0.00, 0.00, 1.00, 1.00, 0.00, 0.00, 0.00, 1.00, 0.00, 1.00, 0.00, 0.00, 0.00, 0.00, 0.00, 0.00, 0.00, 0.00
641,  0,  21.507,  0.98,  1, 0.01, 0.00, 2.53, 0.00, 0.41, 0.76, 0.15, 1.80, 0.51, 0.83, 0.02, 0.00, 0.16, 0.00, 0.21, 0.00, 0.01, 0.00, 0.00, 1.00, 1.00, 0.00, 0.00, 0.00, 1.00, 0.00, 1.00, 0.00, 0.00, 0.00, 0.00, 0.00, 0.00, 0.00, 0.00
642,  0,  21.541,  0.98,  1, 0.01, 0.03, 2.51, 0.00, 0.37, 0.80, 0.17, 1.70, 0.46, 0.85, 0.02, 0.00, 0.25, 0.00, 0.17, 0.01, 0.01, 0.00, 0.00, 1.00, 1.00, 0.00, 0.00, 0.00, 1.00, 0.00, 1.00, 0.00, 0.00, 0.00, 0.00, 0.00, 0.00, 0.00, 0.00
643,  0,  21.575,  0.98,  1, 0.00, 0.04, 2.48, 0.00, 0.36, 0.80, 0.12, 1.70, 0.43, 0.83, 0.05, 0.04, 0.29, 0.00, 0.21, 0.01, 0.01, 0.00, 0.00, 1.00, 1.00, 0.00, 0.00, 0.00, 1.00, 0.00, 1.00, 0.00, 0.00, 0.00, 0.00, 0.00, 0.00, 0.00, 0.00
644,  0,  21.608,  0.98,  1, 0.00, 0.04, 2.40, 0.00, 0.33, 0.66, 0.09, 1.64, 0.41, 0.85, 0.06, 0.08, 0.20, 0.00, 0.22, 0.01, 0.00, 0.00, 0.00, 1.00, 1.00, 0.00, 0.00, 0.00, 1.00, 0.00, 1.00, 0.00, 0.00, 0.00, 0.00, 0.00, 0.00, 0.00, 0.00
645,  0,  21.642,  0.98,  1, 0.00, 0.01, 2.31, 0.00, 0.34, 0.51, 0.02, 1.59, 0.39, 0.80, 0.06, 0.08, 0.10, 0.00, 0.23, 0.00, 0.00, 0.00, 0.00, 1.00, 0.00, 0.00, 0.00, 0.00, 1.00, 0.00, 1.00, 0.00, 0.00, 0.00, 0.00, 0.00, 0.00, 0.00, 0.00
646,  0,  21.675,  0.98,  1, 0.01, 0.00, 2.24, 0.00, 0.32, 0.38, 0.01, 1.45, 0.38, 0.81, 0.03, 0.09, 0.07, 0.01, 0.26, 0.11, 0.00, 0.00, 0.00, 1.00, 0.00, 0.00, 0.00, 0.00, 1.00, 0.00, 1.00, 0.00, 0.00, 0.00, 0.00, 0.00, 0.00, 0.00, 0.00
647,  0,  21.709,  0.98,  1, 0.01, 0.00, 2.20, 0.00, 0.31, 0.32, 0.01, 1.38, 0.41, 0.79, 0.08, 0.18, 0.18, 0.03, 0.37, 0.22, 0.01, 0.00, 0.00, 1.00, 0.00, 0.00, 0.00, 0.00, 1.00, 0.00, 1.00, 0.00, 0.00, 0.00, 0.00, 0.00, 0.00, 0.00, 0.00
648,  0,  21.743,  0.98,  1, 0.01, 0.00, 2.24, 0.00, 0.29, 0.31, 0.01, 1.36, 0.45, 0.87, 0.08, 0.29, 0.23, 0.10, 0.43, 0.35, 0.03, 0.00, 0.00, 1.00, 0.00, 0.00, 0.00, 0.00, 1.00, 0.00, 1.00, 0.00, 0.00, 0.00, 0.00, 0.00, 0.00, 0.00, 0.00
649,  0,  21.776,  0.98,  1, 0.00, 0.00, 2.28, 0.00, 0.31, 0.44, 0.00, 1.33, 0.45, 0.90, 0.08, 0.34, 0.32, 0.14, 0.34, 0.25, 0.03, 0.00, 0.00, 1.00, 0.00, 0.00, 0.00, 0.00, 1.00, 0.00, 1.00, 0.00, 0.00, 0.00, 0.00, 0.00, 0.00, 0.00, 0.00
650,  0,  21.810,  0.98,  1, 0.00, 0.00, 2.27, 0.00, 0.33, 0.56, 0.00, 1.41, 0.41, 0.92, 0.06, 0.32, 0.33, 0.13, 0.22, 0.22, 0.03, 0.00, 0.00, 1.00, 0.00, 0.00, 0.00, 0.00, 1.00, 0.00, 1.00, 0.00, 0.00, 0.00, 0.00, 0.00, 0.00, 0.00, 0.00
651,  0,  21.843,  0.98,  1, 0.00, 0.00, 2.24, 0.00, 0.37, 0.65, 0.00, 1.47, 0.38, 0.86, 0.08, 0.34, 0.32, 0.08, 0.24, 0.17, 0.01, 0.00, 0.00, 1.00, 0.00, 0.00, 0.00, 0.00, 1.00, 0.00, 1.00, 0.00, 0.00, 0.00, 0.00, 0.00, 0.00, 0.00, 0.00
652,  0,  21.877,  0.98,  1, 0.00, 0.00, 2.24, 0.00, 0.37, 0.61, 0.00, 1.57, 0.40, 0.87, 0.08, 0.34, 0.39, 0.04, 0.30, 0.23, 0.04, 0.00, 0.00, 1.00, 0.00, 0.00, 0.00, 0.00, 1.00, 0.00, 1.00, 0.00, 0.00, 0.00, 0.00, 0.00, 0.00, 0.00, 0.00
653,  0,  21.911,  0.98,  1, 0.01, 0.00, 2.28, 0.00, 0.37, 0.57, 0.00, 1.56, 0.43, 0.86, 0.02, 0.32, 0.25, 0.03, 0.35, 0.25, 0.04, 0.00, 0.00, 1.00, 0.00, 0.00, 0.00, 0.00, 1.00, 0.00, 1.00, 0.00, 0.00, 0.00, 0.00, 0.00, 0.00, 0.00, 0.00
654,  0,  21.944,  0.98,  1, 0.01, 0.00, 2.36, 0.00, 0.39, 0.70, 0.00, 1.52, 0.39, 0.78, 0.04, 0.28, 0.19, 0.06, 0.32, 0.31, 0.04, 0.00, 0.00, 1.00, 0.00, 0.00, 0.00, 0.00, 1.00, 0.00, 1.00, 0.00, 0.00, 0.00, 0.00, 0.00, 0.00, 0.00, 0.00
655,  0,  21.978,  0.98,  1, 0.03, 0.00, 2.40, 0.00, 0.40, 0.80, 0.00, 1.52, 0.37, 0.68, 0.08, 0.24, 0.02, 0.06, 0.32, 0.38, 0.00, 0.00, 0.00, 1.00, 0.00, 0.00, 0.00, 0.00, 1.00, 0.00, 1.00, 0.00, 0.00, 0.00, 0.00, 0.00, 0.00, 0.00, 0.00
656,  0,  22.011,  0.98,  1, 0.02, 0.00, 2.42, 0.00, 0.37, 0.75, 0.00, 1.51, 0.33, 0.70, 0.11, 0.35, 0.12, 0.12, 0.30, 0.51, 0.01, 0.00, 0.00, 1.00, 0.00, 0.00, 0.00, 0.00, 1.00, 0.00, 1.00, 0.00, 0.00, 0.00, 0.00, 0.00, 0.00, 0.00, 0.00
657,  0,  22.045,  0.98,  1, 0.02, 0.00, 2.36, 0.00, 0.36, 0.69, 0.00, 1.48, 0.36, 0.71, 0.07, 0.36, 0.13, 0.09, 0.23, 0.62, 0.12, 0.00, 0.00, 1.00, 0.00, 0.00, 0.00, 0.00, 1.00, 0.00, 1.00, 0.00, 0.00, 0.00, 0.00, 0.00, 0.00, 0.00, 0.00
658,  0,  22.079,  0.98,  1, 0.00, 0.00, 2.36, 0.00, 0.30, 0.69, 0.00, 1.34, 0.33, 0.77, 0.06, 0.49, 0.19, 0.07, 0.15, 0.66, 0.12, 0.00, 0.00, 1.00, 0.00, 0.00, 0.00, 0.00, 1.00, 0.00, 1.00, 0.00, 0.00, 0.00, 0.00, 0.00, 0.00, 0.00, 0.00
659,  0,  22.112,  0.98,  1, 0.00, 0.00, 2.35, 0.00, 0.29, 0.59, 0.00, 1.32, 0.33, 0.77, 0.12, 0.56, 0.15, 0.08, 0.15, 0.63, 0.15, 0.00, 0.00, 1.00, 0.00, 0.00, 0.00, 0.00, 1.00, 0.00, 1.00, 0.00, 1.00, 0.00, 0.00, 0.00, 0.00, 0.00, 0.00
660,  0,  22.146,  0.98,  1, 0.03, 0.00, 2.38, 0.00, 0.23, 0.46, 0.00, 1.27, 0.28, 0.72, 0.22, 0.60, 0.13, 0.12, 0.15, 0.48, 0.04, 0.00, 0.00, 1.00, 0.00, 0.00, 0.00, 0.00, 1.00, 0.00, 1.00, 0.00, 1.00, 0.00, 0.00, 0.00, 0.00, 0.00, 0.00
661,  0,  22.179,  0.98,  1, 0.03, 0.00, 2.33, 0.00, 0.23, 0.25, 0.01, 1.30, 0.34, 0.70, 0.20, 0.52, 0.08, 0.17, 0.15, 0.44, 0.04, 0.00, 0.00, 1.00, 0.00, 0.00, 0.00, 0.00, 1.00, 0.00, 1.00, 0.00, 0.00, 0.00, 0.00, 0.00, 0.00, 0.00, 0.00
662,  0,  22.213,  0.98,  1, 0.03, 0.01, 2.36, 0.00, 0.20, 0.49, 0.01, 1.24, 0.34, 0.71, 0.10, 0.38, 0.03, 0.16, 0.19, 0.39, 0.00, 0.00, 0.00, 1.00, 0.00, 0.00, 0.00, 0.00, 1.00, 0.00, 1.00, 0.00, 0.00, 0.00, 0.00, 0.00, 0.00, 0.00, 0.00
663,  0,  22.247,  0.98,  1, 0.00, 0.01, 2.36, 0.00, 0.23, 0.52, 0.01, 1.29, 0.35, 0.70, 0.00, 0.35, 0.17, 0.15, 0.20, 0.45, 0.00, 0.00, 0.00, 1.00, 1.00, 0.00, 0.00, 0.00, 1.00, 0.00, 1.00, 0.00, 0.00, 0.00, 0.00, 0.00, 0.00, 0.00, 0.00
664,  0,  22.280,  0.98,  1, 0.00, 0.01, 2.40, 0.02, 0.24, 0.58, 0.00, 1.30, 0.36, 0.63, 0.00, 0.30, 0.24, 0.13, 0.24, 0.48, 0.00, 0.00, 0.00, 1.00, 1.00, 0.00, 0.00, 0.00, 1.00, 0.00, 1.00, 0.00, 0.00, 0.00, 0.00, 0.00, 0.00, 0.00, 0.00
665,  0,  22.314,  0.98,  1, 0.00, 0.00, 2.39, 0.02, 0.27, 0.47, 0.00, 1.34, 0.32, 0.48, 0.00, 0.28, 0.32, 0.12, 0.19, 0.32, 0.15, 0.00, 0.00, 1.00, 1.00, 0.00, 0.00, 0.00, 1.00, 0.00, 1.00, 0.00, 0.00, 0.00, 0.00, 0.00, 0.00, 0.00, 0.00
666,  0,  22.347,  0.98,  1, 0.00, 0.00, 2.38, 0.02, 0.25, 0.42, 0.00, 1.33, 0.33, 0.47, 0.00, 0.27, 0.24, 0.18, 0.18, 0.18, 0.18, 0.00, 0.00, 1.00, 1.00, 0.00, 0.00, 0.00, 1.00, 0.00, 1.00, 0.00, 0.00, 0.00, 0.00, 0.00, 0.00, 0.00, 0.00
667,  0,  22.381,  0.98,  1, 0.00, 0.00, 2.39, 0.00, 0.24, 0.36, 0.00, 1.38, 0.32, 0.47, 0.00, 0.32, 0.15, 0.25, 0.13, 0.08, 0.18, 0.00, 0.00, 1.00, 1.00, 0.00, 0.00, 0.00, 1.00, 0.00, 1.00, 0.00, 0.00, 0.00, 0.00, 0.00, 0.00, 0.00, 0.00
668,  0,  22.415,  0.98,  1, 0.00, 0.00, 2.34, 0.00, 0.24, 0.34, 0.00, 1.34, 0.37, 0.51, 0.00, 0.38, 0.13, 0.29, 0.09, 0.18, 0.05, 0.00, 0.00, 1.00, 0.00, 0.00, 1.00, 0.00, 1.00, 0.00, 1.00, 0.00, 0.00, 0.00, 0.00, 0.00, 0.00, 0.00, 0.00
669,  0,  22.448,  0.98,  1, 0.00, 0.00, 2.36, 0.00, 0.28, 0.37, 0.00, 1.35, 0.45, 0.48, 0.00, 0.35, 0.07, 0.28, 0.02, 0.27, 0.03, 0.00, 0.00, 1.00, 0.00, 0.00, 1.00, 0.00, 1.00, 0.00, 1.00, 0.00, 0.00, 0.00, 0.00, 0.00, 0.00, 0.00, 0.00
670,  0,  22.482,  0.98,  1, 0.00, 0.00, 2.38, 0.00, 0.31, 0.50, 0.00, 1.35, 0.47, 0.41, 0.00, 0.34, 0.07, 0.25, 0.00, 0.31, 0.03, 0.00, 0.00, 1.00, 0.00, 0.00, 1.00, 0.00, 1.00, 0.00, 1.00, 0.00, 0.00, 0.00, 0.00, 0.00, 0.00, 0.00, 0.00
671,  0,  22.516,  0.98,  1, 0.00, 0.00, 2.42, 0.00, 0.35, 0.54, 0.00, 1.38, 0.46, 0.36, 0.02, 0.33, 0.02, 0.22, 0.02, 0.27, 0.01, 0.00, 0.00, 1.00, 0.00, 0.00, 1.00, 0.00, 1.00, 0.00, 1.00, 0.00, 0.00, 0.00, 0.00, 0.00, 0.00, 0.00, 0.00
672,  0,  22.549,  0.98,  1, 0.00, 0.00, 2.41, 0.00, 0.34, 0.51, 0.00, 1.37, 0.39, 0.31, 0.02, 0.37, 0.01, 0.15, 0.02, 0.24, 0.00, 0.00, 0.00, 1.00, 0.00, 0.00, 0.00, 0.00, 1.00, 0.00, 1.00, 0.00, 0.00, 0.00, 0.00, 0.00, 0.00, 0.00, 0.00
673,  0,  22.583,  0.98,  1, 0.00, 0.00, 2.36, 0.00, 0.29, 0.41, 0.00, 1.32, 0.36, 0.34, 0.02, 0.34, 0.00, 0.11, 0.02, 0.29, 0.04, 0.00, 0.00, 1.00, 0.00, 0.00, 0.00, 0.00, 1.00, 0.00, 1.00, 0.00, 0.00, 0.00, 0.00, 0.00, 0.00, 0.00, 0.00
674,  0,  22.616,  0.98,  1, 0.00, 0.00, 2.36, 0.00, 0.23, 0.46, 0.00, 1.26, 0.37, 0.31, 0.00, 0.28, 0.00, 0.08, 0.00, 0.30, 0.04, 0.00, 0.00, 1.00, 0.00, 0.00, 0.00, 0.00, 1.00, 0.00, 1.00, 0.00, 0.00, 0.00, 0.00, 0.00, 0.00, 0.00, 0.00
675,  0,  22.650,  0.98,  1, 0.00, 0.00, 2.33, 0.00, 0.19, 0.41, 0.00, 1.22, 0.39, 0.39, 0.00, 0.26, 0.00, 0.08, 0.03, 0.37, 0.04, 0.00, 0.00, 1.00, 0.00, 0.00, 0.00, 0.00, 1.00, 0.00, 1.00, 0.00, 0.00, 0.00, 0.00, 0.00, 0.00, 0.00, 0.00
676,  0,  22.684,  0.98,  1, 0.00, 0.00, 2.31, 0.00, 0.19, 0.39, 0.00, 1.17, 0.39, 0.40, 0.00, 0.31, 0.00, 0.11, 0.06, 0.36, 0.00, 0.00, 0.00, 1.00, 0.00, 0.00, 0.00, 0.00, 1.00, 0.00, 1.00, 0.00, 0.00, 0.00, 0.00, 0.00, 0.00, 0.00, 0.00
677,  0,  22.717,  0.98,  1, 0.00, 0.00, 2.30, 0.00, 0.20, 0.31, 0.00, 1.23, 0.38, 0.37, 0.00, 0.28, 0.03, 0.13, 0.08, 0.40, 0.00, 0.00, 0.00, 1.00, 0.00, 0.00, 0.00, 0.00, 1.00, 0.00, 1.00, 0.00, 0.00, 0.00, 0.00, 0.00, 0.00, 0.00, 0.00
678,  0,  22.751,  0.98,  1, 0.00, 0.00, 2.37, 0.00, 0.21, 0.31, 0.00, 1.30, 0.39, 0.26, 0.00, 0.28, 0.07, 0.11, 0.05, 0.46, 0.03, 0.00, 0.00, 1.00, 0.00, 0.00, 0.00, 0.00, 1.00, 0.00, 1.00, 0.00, 0.00, 0.00, 0.00, 0.00, 0.00, 0.00, 0.00
679,  0,  22.784,  0.98,  1, 0.00, 0.00, 2.42, 0.00, 0.25, 0.39, 0.00, 1.32, 0.37, 0.19, 0.00, 0.28, 0.07, 0.10, 0.06, 0.51, 0.11, 0.00, 0.00, 1.00, 0.00, 0.00, 0.00, 0.00, 1.00, 0.00, 1.00, 0.00, 0.00, 0.00, 0.00, 0.00, 0.00, 0.00, 0.00
680,  0,  22.818,  0.98,  1, 0.00, 0.00, 2.50, 0.00, 0.28, 0.55, 0.00, 1.31, 0.41, 0.22, 0.00, 0.31, 0.04, 0.07, 0.08, 0.54, 0.11, 0.00, 0.00, 1.00, 0.00, 0.00, 0.00, 0.00, 1.00, 0.00, 1.00, 0.00, 0.00, 0.00, 0.00, 0.00, 0.00, 0.00, 0.00
681,  0,  22.852,  0.98,  1, 0.00, 0.00, 2.53, 0.00, 0.31, 0.48, 0.00, 1.35, 0.38, 0.18, 0.00, 0.26, 0.00, 0.05, 0.09, 0.45, 0.08, 0.00, 0.00, 1.00, 0.00, 0.00, 0.00, 0.00, 1.00, 0.00, 1.00, 0.00, 0.00, 0.00, 0.00, 0.00, 0.00, 0.00, 0.00
682,  0,  22.885,  0.98,  1, 0.00, 0.00, 2.53, 0.00, 0.26, 0.43, 0.00, 1.44, 0.38, 0.16, 0.00, 0.25, 0.00, 0.05, 0.15, 0.42, 0.00, 0.00, 0.00, 1.00, 0.00, 0.00, 0.00, 0.00, 1.00, 0.00, 1.00, 0.00, 0.00, 0.00, 0.00, 0.00, 0.00, 0.00, 0.00
683,  0,  22.919,  0.98,  1, 0.03, 0.02, 2.47, 0.00, 0.24, 0.29, 0.00, 1.60, 0.37, 0.19, 0.00, 0.26, 0.00, 0.04, 0.20, 0.38, 0.00, 0.00, 0.00, 1.00, 0.00, 0.00, 0.00, 0.00, 1.00, 0.00, 1.00, 0.00, 0.00, 0.00, 0.00, 0.00, 0.00, 0.00, 0.00
684,  0,  22.952,  0.98,  1, 0.05, 0.02, 2.38, 0.00, 0.21, 0.38, 0.00, 1.53, 0.36, 0.22, 0.00, 0.30, 0.00, 0.04, 0.34, 0.37, 0.00, 0.00, 0.00, 1.00, 0.00, 0.00, 0.00, 0.00, 1.00, 0.00, 1.00, 0.00, 0.00, 0.00, 0.00, 0.00, 0.00, 0.00, 0.00
685,  0,  22.986,  0.98,  1, 0.05, 0.02, 2.40, 0.00, 0.23, 0.38, 0.00, 1.56, 0.33, 0.23, 0.00, 0.28, 0.00, 0.00, 0.41, 0.43, 0.00, 0.00, 0.00, 1.00, 0.00, 0.00, 0.00, 0.00, 1.00, 0.00, 1.00, 0.00, 0.00, 0.00, 0.00, 0.00, 0.00, 0.00, 0.00
686,  0,  23.020,  0.98,  1, 0.02, 0.00, 2.45, 0.00, 0.19, 0.39, 0.00, 1.52, 0.29, 0.18, 0.00, 0.28, 0.00, 0.00, 0.44, 0.52, 0.00, 0.00, 0.00, 1.00, 0.00, 0.00, 0.00, 0.00, 1.00, 0.00, 1.00, 0.00, 0.00, 0.00, 0.00, 0.00, 0.00, 0.00, 0.00
687,  0,  23.053,  0.98,  1, 0.00, 0.00, 2.46, 0.00, 0.21, 0.30, 0.00, 1.53, 0.28, 0.19, 0.00, 0.28, 0.00, 0.00, 0.44, 0.59, 0.00, 0.00, 0.00, 1.00, 0.00, 0.00, 0.00, 0.00, 1.00, 0.00, 1.00, 0.00, 0.00, 0.00, 0.00, 0.00, 0.00, 0.00, 0.00
688,  0,  23.087,  0.98,  1, 0.00, 0.00, 2.46, 0.00, 0.20, 0.32, 0.00, 1.45, 0.26, 0.18, 0.00, 0.30, 0.11, 0.00, 0.37, 0.59, 0.00, 0.00, 0.00, 1.00, 0.00, 0.00, 0.00, 0.00, 1.00, 0.00, 1.00, 0.00, 0.00, 0.00, 0.00, 0.00, 0.00, 0.00, 0.00
689,  0,  23.120,  0.98,  1, 0.00, 0.00, 2.42, 0.00, 0.24, 0.30, 0.00, 1.35, 0.23, 0.13, 0.00, 0.38, 0.18, 0.01, 0.29, 0.65, 0.00, 0.00, 0.00, 1.00, 0.00, 0.00, 0.00, 0.00, 1.00, 0.00, 1.00, 0.00, 0.00, 0.00, 0.00, 0.00, 0.00, 0.00, 0.00
690,  0,  23.154,  0.98,  1, 0.00, 0.00, 2.43, 0.00, 0.25, 0.39, 0.00, 1.40, 0.22, 0.10, 0.01, 0.42, 0.25, 0.03, 0.15, 0.67, 0.00, 0.00, 0.00, 1.00, 0.00, 0.00, 0.00, 0.00, 1.00, 0.00, 1.00, 0.00, 0.00, 0.00, 0.00, 0.00, 0.00, 0.00, 0.00
691,  0,  23.188,  0.98,  1, 0.00, 0.00, 2.37, 0.00, 0.23, 0.40, 0.00, 1.43, 0.23, 0.04, 0.01, 0.42, 0.16, 0.05, 0.14, 0.59, 0.04, 0.00, 0.00, 1.00, 0.00, 0.00, 0.00, 0.00, 1.00, 0.00, 1.00, 0.00, 0.00, 0.00, 0.00, 0.00, 0.00, 0.00, 0.00
692,  0,  23.221,  0.98,  1, 0.00, 0.00, 2.36, 0.00, 0.22, 0.39, 0.00, 1.51, 0.27, 0.03, 0.01, 0.39, 0.08, 0.09, 0.16, 0.47, 0.04, 0.00, 0.00, 1.00, 0.00, 0.00, 0.00, 0.00, 1.00, 0.00, 1.00, 0.00, 0.00, 0.00, 0.00, 0.00, 0.00, 0.00, 0.00
693,  0,  23.255,  0.98,  1, 0.00, 0.00, 2.38, 0.00, 0.19, 0.28, 0.00, 1.53, 0.30, 0.03, 0.06, 0.34, 0.03, 0.12, 0.18, 0.51, 0.07, 0.00, 0.00, 1.00, 0.00, 0.00, 0.00, 0.00, 1.00, 0.00, 1.00, 0.00, 0.00, 0.00, 0.00, 0.00, 0.00, 0.00, 0.00
694,  0,  23.288,  0.98,  1, 0.00, 0.00, 2.40, 0.00, 0.18, 0.26, 0.00, 1.56, 0.31, 0.05, 0.14, 0.41, 0.02, 0.15, 0.10, 0.60, 0.03, 0.00, 0.00, 1.00, 0.00, 0.00, 0.00, 0.00, 1.00, 0.00, 1.00, 0.00, 0.00, 0.00, 0.00, 0.00, 0.00, 0.00, 0.00
695,  0,  23.322,  0.98,  1, 0.00, 0.00, 2.38, 0.00, 0.17, 0.24, 0.00, 1.53, 0.28, 0.05, 0.22, 0.38, 0.05, 0.16, 0.12, 0.69, 0.03, 0.00, 0.00, 1.00, 0.00, 0.00, 0.00, 0.00, 1.00, 0.00, 1.00, 0.00, 0.00, 0.00, 0.00, 0.00, 0.00, 0.00, 0.00
696,  0,  23.356,  0.98,  1, 0.00, 0.00, 2.37, 0.02, 0.15, 0.36, 0.00, 1.50, 0.27, 0.09, 0.20, 0.41, 0.03, 0.11, 0.14, 0.75, 0.00, 0.00, 0.00, 1.00, 0.00, 0.00, 0.00, 0.00, 1.00, 0.00, 1.00, 0.00, 0.00, 0.00, 0.00, 0.00, 0.00, 0.00, 0.00
697,  0,  23.389,  0.98,  1, 0.00, 0.00, 2.36, 0.02, 0.17, 0.25, 0.01, 1.55, 0.28, 0.15, 0.12, 0.33, 0.03, 0.06, 0.17, 0.78, 0.00, 0.00, 0.00, 1.00, 0.00, 0.00, 0.00, 0.00, 1.00, 0.00, 1.00, 0.00, 0.00, 0.00, 0.00, 0.00, 1.00, 0.00, 0.00
698,  0,  23.423,  0.98,  1, 0.00, 0.00, 2.36, 0.02, 0.19, 0.33, 0.01, 1.46, 0.26, 0.22, 0.09, 0.35, 0.00, 0.01, 0.12, 0.82, 0.01, 0.00, 0.00, 1.00, 0.00, 0.00, 0.00, 0.00, 1.00, 0.00, 1.00, 0.00, 0.00, 0.00, 0.00, 0.00, 1.00, 0.00, 0.00
699,  0,  23.456,  0.98,  1, 0.00, 0.01, 2.35, 0.00, 0.16, 0.29, 0.01, 1.43, 0.22, 0.15, 0.20, 0.37, 0.08, 0.01, 0.08, 0.79, 0.01, 0.00, 0.00, 1.00, 0.00, 0.00, 0.00, 0.00, 1.00, 0.00, 1.00, 0.00, 0.00, 0.00, 0.00, 0.00, 1.00, 0.00, 0.00
700,  0,  23.490,  0.98,  1, 0.00, 0.01, 2.29, 0.00, 0.10, 0.39, 0.00, 1.35, 0.20, 0.07, 0.29, 0.48, 0.10, 0.02, 0.13, 0.85, 0.00, 0.00, 0.00, 1.00, 0.00, 0.00, 0.00, 0.00, 1.00, 0.00, 1.00, 0.00, 0.00, 0.00, 0.00, 0.00, 1.00, 0.00, 0.00
701,  0,  23.524,  0.98,  1, 0.00, 0.01, 2.29, 0.00, 0.07, 0.23, 0.00, 1.33, 0.19, 0.00, 0.28, 0.53, 0.12, 0.05, 0.18, 0.85, 0.00, 0.00, 0.00, 1.00, 0.00, 0.00, 0.00, 0.00, 1.00, 0.00, 0.00, 0.00, 0.00, 0.00, 0.00, 0.00, 1.00, 0.00, 0.00
702,  0,  23.557,  0.98,  1, 0.00, 0.00, 2.23, 0.00, 0.08, 0.16, 0.00, 1.27, 0.16, 0.00, 0.14, 0.57, 0.03, 0.11, 0.27, 0.82, 0.00, 0.00, 0.00, 1.00, 0.00, 0.00, 0.00, 0.00, 1.00, 0.00, 0.00, 0.00, 0.00, 0.00, 0.00, 0.00, 1.00, 0.00, 0.00
703,  0,  23.591,  0.98,  1, 0.00, 0.00, 2.20, 0.00, 0.06, 0.08, 0.00, 1.25, 0.12, 0.00, 0.04, 0.53, 0.02, 0.12, 0.35, 0.87, 0.00, 0.00, 0.00, 1.00, 0.00, 0.00, 0.00, 0.00, 1.00, 0.00, 0.00, 0.00, 0.00, 0.00, 0.00, 0.00, 1.00, 0.00, 0.00
704,  0,  23.624,  0.98,  1, 0.00, 0.00, 2.12, 0.00, 0.06, 0.10, 0.00, 1.31, 0.14, 0.00, 0.00, 0.59, 0.00, 0.13, 0.28, 0.98, 0.00, 0.00, 0.00, 1.00, 0.00, 0.00, 0.00, 0.00, 1.00, 0.00, 0.00, 0.00, 0.00, 0.00, 0.00, 0.00, 1.00, 0.00, 0.00
705,  0,  23.658,  0.98,  1, 0.00, 0.00, 2.09, 0.00, 0.05, 0.05, 0.00, 1.32, 0.15, 0.00, 0.00, 0.58, 0.00, 0.13, 0.25, 1.09, 0.00, 0.00, 0.00, 1.00, 0.00, 0.00, 0.00, 0.00, 1.00, 0.00, 0.00, 0.00, 0.00, 0.00, 0.00, 0.00, 1.00, 0.00, 0.00
706,  0,  23.692,  0.98,  1, 0.00, 0.00, 2.10, 0.00, 0.05, 0.08, 0.00, 1.34, 0.16, 0.00, 0.00, 0.51, 0.00, 0.12, 0.19, 1.08, 0.00, 0.00, 0.00, 1.00, 0.00, 0.00, 0.00, 0.00, 1.00, 0.00, 0.00, 0.00, 0.00, 0.00, 0.00, 0.00, 1.00, 0.00, 0.00
707,  0,  23.725,  0.98,  1, 0.00, 0.00, 2.17, 0.00, 0.06, 0.13, 0.00, 1.28, 0.14, 0.00, 0.00, 0.36, 0.00, 0.08, 0.21, 1.07, 0.00, 0.00, 0.00, 1.00, 0.00, 0.00, 0.00, 0.00, 1.00, 0.00, 0.00, 0.00, 0.00, 0.00, 0.00, 0.00, 1.00, 0.00, 0.00
708,  0,  23.759,  0.98,  1, 0.00, 0.00, 2.28, 0.00, 0.08, 0.12, 0.00, 1.22, 0.15, 0.00, 0.00, 0.24, 0.00, 0.01, 0.19, 1.06, 0.00, 0.00, 0.00, 1.00, 0.00, 0.00, 0.00, 0.00, 1.00, 0.00, 0.00, 0.00, 0.00, 0.00, 0.00, 0.00, 1.00, 0.00, 0.00
709,  0,  23.793,  0.98,  1, 0.00, 0.00, 2.33, 0.00, 0.10, 0.07, 0.00, 1.13, 0.19, 0.00, 0.00, 0.27, 0.00, 0.00, 0.14, 1.03, 0.00, 0.00, 0.00, 1.00, 0.00, 0.00, 0.00, 0.00, 1.00, 0.00, 0.00, 0.00, 0.00, 0.00, 0.00, 0.00, 1.00, 0.00, 0.00
710,  0,  23.826,  0.98,  1, 0.00, 0.00, 2.32, 0.00, 0.09, 0.00, 0.00, 1.17, 0.24, 0.00, 0.12, 0.31, 0.00, 0.00, 0.11, 1.03, 0.00, 0.00, 0.00, 1.00, 0.00, 0.00, 0.00, 0.00, 1.00, 0.00, 0.00, 0.00, 0.00, 0.00, 0.00, 0.00, 1.00, 0.00, 0.00
711,  0,  23.860,  0.98,  1, 0.00, 0.00, 2.28, 0.00, 0.12, 0.09, 0.00, 1.25, 0.24, 0.00, 0.21, 0.43, 0.00, 0.00, 0.10, 1.03, 0.09, 0.00, 0.00, 1.00, 0.00, 0.00, 0.00, 0.00, 1.00, 0.00, 0.00, 0.00, 0.00, 0.00, 0.00, 0.00, 1.00, 0.00, 0.00
712,  0,  23.893,  0.98,  1, 0.00, 0.00, 2.26, 0.01, 0.18, 0.09, 0.00, 1.29, 0.24, 0.05, 0.24, 0.49, 0.00, 0.00, 0.06, 0.95, 0.51, 0.00, 0.00, 1.00, 0.00, 0.00, 0.00, 0.00, 1.00, 0.00, 0.00, 0.00, 0.00, 0.00, 0.00, 0.00, 1.00, 0.00, 1.00
713,  0,  23.927,  0.98,  1, 0.00, 0.11, 2.16, 0.01, 0.14, 0.14, 0.00, 1.30, 0.16, 0.05, 0.11, 0.54, 0.00, 0.00, 0.04, 0.76, 1.20, 0.00, 0.00, 1.00, 0.00, 0.00, 0.00, 0.00, 1.00, 0.00, 0.00, 0.00, 0.00, 0.00, 0.00, 0.00, 0.00, 0.00, 1.00
714,  0,  23.961,  0.98,  1, 0.00, 0.11, 2.10, 0.01, 0.15, 0.20, 0.00, 1.46, 0.10, 0.05, 0.03, 0.59, 0.00, 0.00, 0.01, 0.59, 1.67, 0.00, 0.00, 1.00, 0.00, 0.00, 0.00, 0.00, 1.00, 0.00, 0.00, 0.00, 0.00, 0.00, 0.00, 0.00, 0.00, 0.00, 1.00
715,  0,  23.994,  0.98,  1, 0.00, 0.11, 2.06, 0.05, 0.15, 0.29, 0.00, 1.54, 0.08, 0.00, 0.00, 0.65, 0.00, 0.00, 0.01, 0.48, 1.77, 0.00, 0.00, 1.00, 0.00, 0.00, 0.00, 0.00, 1.00, 0.00, 0.00, 0.00, 1.00, 0.00, 0.00, 0.00, 0.00, 0.00, 1.00
716,  0,  24.028,  0.98,  1, 0.00, 0.00, 2.10, 0.05, 0.28, 0.45, 0.07, 1.70, 0.12, 0.12, 0.04, 0.72, 0.00, 0.02, 0.00, 0.43, 1.54, 0.00, 0.00, 1.00, 0.00, 0.00, 0.00, 0.00, 1.00, 0.00, 0.00, 0.00, 1.00, 0.00, 0.00, 0.00, 0.00, 0.00, 1.00
717,  0,  24.061,  0.98,  1, 0.00, 0.00, 2.11, 0.05, 0.30, 0.31, 0.10, 1.66, 0.15, 0.19, 0.22, 0.79, 0.00, 0.02, 0.00, 0.46, 1.33, 0.00, 0.00, 1.00, 0.00, 0.00, 0.00, 0.00, 1.00, 0.00, 0.00, 0.00, 1.00, 0.00, 0.00, 0.00, 0.00, 0.00, 1.00
718,  0,  24.095,  0.98,  1, 0.00, 0.00, 2.12, 0.00, 0.35, 0.33, 0.11, 1.73, 0.15, 0.19, 0.32, 0.85, 0.00, 0.02, 0.00, 0.33, 1.04, 0.00, 0.00, 1.00, 0.00, 0.00, 0.00, 0.00, 1.00, 0.00, 0.00, 0.00, 1.00, 0.00, 0.00, 0.00, 0.00, 0.00, 1.00
719,  0,  24.129,  0.98,  1, 0.00, 0.00, 2.09, 0.00, 0.35, 0.15, 0.08, 1.73, 0.16, 0.08, 0.39, 0.79, 0.00, 0.00, 0.00, 0.20, 0.79, 0.00, 0.00, 1.00, 0.00, 0.00, 0.00, 0.00, 1.00, 0.00, 0.00, 0.00, 1.00, 0.00, 0.00, 0.00, 0.00, 0.00, 1.00
720,  0,  24.162,  0.98,  1, 0.00, 0.00, 2.04, 0.00, 0.42, 0.18, 0.07, 1.88, 0.21, 0.01, 0.25, 0.80, 0.00, 0.00, 0.00, 0.00, 0.57, 0.00, 0.00, 1.00, 0.00, 0.00, 0.00, 0.00, 1.00, 0.00, 0.00, 0.00, 1.00, 0.00, 0.00, 0.00, 0.00, 0.00, 1.00
721,  0,  24.196,  0.98,  1, 0.00, 0.00, 2.04, 0.00, 0.43, 0.22, 0.08, 2.05, 0.19, 0.01, 0.25, 0.77, 0.00, 0.00, 0.00, 0.00, 0.49, 0.00, 0.00, 1.00, 0.00, 0.00, 0.00, 0.00, 1.00, 0.00, 0.00, 0.00, 1.00, 0.00, 0.00, 0.00, 0.00, 0.00, 1.00
722,  0,  24.229,  0.98,  1, 0.00, 0.00, 2.03, 0.00, 0.43, 0.22, 0.06, 2.16, 0.19, 0.00, 0.33, 0.93, 0.00, 0.00, 0.00, 0.17, 0.37, 0.00, 0.00, 1.00, 0.00, 0.00, 0.00, 0.00, 1.00, 0.00, 0.00, 0.00, 1.00, 0.00, 0.00, 0.00, 0.00, 0.00, 1.00
723,  0,  24.263,  0.98,  1, 0.00, 0.00, 2.07, 0.00, 0.36, 0.24, 0.05, 2.14, 0.11, 0.00, 0.29, 0.82, 0.00, 0.00, 0.00, 0.25, 0.38, 0.00, 0.00, 1.00, 0.00, 0.00, 0.00, 0.00, 1.00, 0.00, 0.00, 0.00, 1.00, 0.00, 0.00, 0.00, 0.00, 0.00, 1.00
724,  0,  24.297,  0.98,  1, 0.00, 0.00, 2.05, 0.00, 0.31, 0.21, 0.02, 2.10, 0.12, 0.00, 0.33, 0.89, 0.00, 0.00, 0.00, 0.24, 0.31, 0.00, 0.00, 1.00, 0.00, 0.00, 0.00, 0.00, 1.00, 0.00, 0.00, 0.00, 1.00, 0.00, 0.00, 0.00, 0.00, 0.00, 1.00
725,  0,  24.330,  0.98,  1, 0.00, 0.00, 2.05, 0.00, 0.31, 0.29, 0.01, 2.10, 0.09, 0.00, 0.14, 0.90, 0.00, 0.04, 0.00, 0.13, 0.33, 0.00, 0.00, 1.00, 0.00, 0.00, 0.00, 0.00, 1.00, 0.00, 0.00, 0.00, 1.00, 0.00, 0.00, 0.00, 0.00, 0.00, 0.00
726,  0,  24.364,  0.98,  1, 0.00, 0.00, 1.96, 0.00, 0.31, 0.23, 0.00, 2.16, 0.08, 0.00, 0.28, 1.09, 0.00, 0.05, 0.00, 0.16, 0.24, 0.00, 0.00, 1.00, 0.00, 0.00, 0.00, 0.00, 1.00, 0.00, 0.00, 0.00, 1.00, 0.00, 0.00, 0.00, 0.00, 0.00, 0.00
727,  0,  24.397,  0.98,  1, 0.00, 0.00, 1.85, 0.00, 0.32, 0.12, 0.00, 2.20, 0.03, 0.00, 0.35, 1.16, 0.07, 0.06, 0.00, 0.34, 0.16, 0.00, 0.00, 1.00, 0.00, 0.00, 0.00, 0.00, 1.00, 0.00, 0.00, 0.00, 1.00, 0.00, 1.00, 0.00, 0.00, 0.00, 0.00
728,  0,  24.431,  0.98,  1, 0.00, 0.00, 1.81, 0.00, 0.33, 0.10, 0.00, 2.23, 0.05, 0.00, 0.44, 1.32, 0.07, 0.03, 0.00, 0.34, 0.09, 0.00, 0.00, 1.00, 0.00, 0.00, 0.00, 0.00, 1.00, 0.00, 0.00, 0.00, 1.00, 0.00, 1.00, 0.00, 0.00, 0.00, 0.00
729,  0,  24.465,  0.98,  1, 0.00, 0.00, 1.84, 0.00, 0.39, 0.13, 0.00, 2.23, 0.10, 0.00, 0.45, 1.43, 0.07, 0.02, 0.00, 0.39, 0.04, 0.00, 0.00, 1.00, 0.00, 0.00, 0.00, 0.00, 1.00, 0.00, 0.00, 0.00, 1.00, 0.00, 1.00, 0.00, 0.00, 0.00, 0.00
730,  0,  24.498,  0.98,  1, 0.00, 0.00, 1.88, 0.00, 0.42, 0.13, 0.00, 2.26, 0.10, 0.00, 0.36, 1.38, 0.00, 0.01, 0.00, 0.29, 0.04, 0.00, 0.00, 1.00, 0.00, 0.00, 0.00, 0.00, 1.00, 0.00, 0.00, 0.00, 1.00, 0.00, 1.00, 0.00, 0.00, 0.00, 0.00
731,  0,  24.532,  0.98,  1, 0.00, 0.00, 1.91, 0.00, 0.43, 0.06, 0.00, 2.31, 0.06, 0.00, 0.28, 1.37, 0.00, 0.01, 0.00, 0.41, 0.01, 0.00, 0.00, 1.00, 0.00, 0.00, 0.00, 0.00, 1.00, 0.00, 0.00, 0.00, 1.00, 0.00, 1.00, 0.00, 0.00, 0.00, 0.00
732,  0,  24.565,  0.98,  1, 0.00, 0.00, 1.89, 0.00, 0.39, 0.04, 0.00, 2.29, 0.01, 0.00, 0.32, 1.27, 0.00, 0.03, 0.00, 0.25, 0.00, 0.00, 0.00, 1.00, 0.00, 0.00, 0.00, 0.00, 1.00, 0.00, 0.00, 0.00, 1.00, 0.00, 1.00, 0.00, 0.00, 0.00, 0.00
733,  0,  24.599,  0.98,  1, 0.00, 0.00, 1.92, 0.00, 0.36, 0.04, 0.00, 2.32, 0.03, 0.00, 0.34, 1.26, 0.00, 0.03, 0.00, 0.17, 0.00, 0.00, 0.00, 1.00, 0.00, 0.00, 0.00, 0.00, 1.00, 0.00, 0.00, 0.00, 1.00, 0.00, 0.00, 0.00, 0.00, 0.00, 0.00
734,  0,  24.633,  0.98,  1, 0.00, 0.00, 1.90, 0.00, 0.36, 0.17, 0.00, 2.23, 0.05, 0.00, 0.42, 1.09, 0.00, 0.06, 0.00, 0.00, 0.00, 0.00, 0.00, 1.00, 0.00, 0.00, 0.00, 0.00, 1.00, 0.00, 0.00, 0.00, 1.00, 0.00, 0.00, 0.00, 0.00, 0.00, 0.00
735,  0,  24.666,  0.98,  1, 0.02, 0.00, 1.95, 0.00, 0.35, 0.27, 0.00, 2.28, 0.10, 0.00, 0.30, 0.98, 0.00, 0.03, 0.00, 0.00, 0.00, 0.00, 0.00, 1.00, 0.00, 0.00, 0.00, 0.00, 1.00, 0.00, 0.00, 0.00, 0.00, 0.00, 0.00, 0.00, 0.00, 0.00, 0.00
736,  0,  24.700,  0.98,  1, 0.01, 0.00, 1.97, 0.00, 0.34, 0.38, 0.00, 2.26, 0.14, 0.00, 0.19, 1.01, 0.00, 0.03, 0.00, 0.00, 0.03, 0.00, 0.00, 1.00, 0.00, 0.00, 0.00, 0.00, 1.00, 0.00, 0.00, 0.00, 0.00, 0.00, 0.00, 0.00, 0.00, 0.00, 0.00
737,  0,  24.733,  0.98,  1, 0.02, 0.00, 2.05, 0.00, 0.32, 0.27, 0.00, 2.32, 0.19, 0.00, 0.10, 0.99, 0.00, 0.01, 0.00, 0.00, 0.04, 0.00, 0.00, 1.00, 0.00, 0.00, 0.00, 0.00, 1.00, 0.00, 0.00, 0.00, 0.00, 0.00, 0.00, 0.00, 0.00, 0.00, 0.00
738,  0,  24.767,  0.98,  1, 0.01, 0.00, 2.07, 0.00, 0.31, 0.23, 0.00, 2.23, 0.20, 0.00, 0.04, 0.98, 0.00, 0.00, 0.00, 0.00, 0.08, 0.00, 0.00, 1.00, 0.00, 0.00, 0.00, 0.00, 1.00, 0.00, 0.00, 0.00, 0.00, 0.00, 0.00, 0.00, 0.00, 0.00, 0.00
739,  0,  24.801,  0.98,  1, 0.02, 0.00, 2.09, 0.00, 0.30, 0.11, 0.00, 2.09, 0.23, 0.00, 0.00, 0.97, 0.00, 0.00, 0.00, 0.00, 0.08, 0.00, 0.00, 1.00, 0.00, 0.00, 0.00, 0.00, 1.00, 0.00, 0.00, 0.00, 1.00, 0.00, 0.00, 0.00, 0.00, 0.00, 0.00
740,  0,  24.834,  0.98,  1, 0.02, 0.00, 2.06, 0.00, 0.31, 0.06, 0.00, 2.02, 0.25, 0.00, 0.00, 0.95, 0.00, 0.00, 0.00, 0.00, 0.08, 0.00, 0.00, 1.00, 0.00, 0.00, 0.00, 0.00, 1.00, 0.00, 0.00, 0.00, 1.00, 0.00, 0.00, 0.00, 0.00, 0.00, 0.00
741,  0,  24.868,  0.98,  1, 0.06, 0.00, 2.06, 0.00, 0.32, 0.00, 0.00, 1.90, 0.25, 0.00, 0.00, 0.91, 0.00, 0.00, 0.00, 0.00, 0.03, 0.00, 0.00, 1.00, 0.00, 0.00, 0.00, 0.00, 1.00, 0.00, 0.00, 0.00, 1.00, 0.00, 0.00, 0.00, 0.00, 0.00, 0.00
742,  0,  24.901,  0.98,  1, 0.05, 0.00, 2.08, 0.00, 0.28, 0.00, 0.00, 1.82, 0.23, 0.02, 0.00, 0.75, 0.00, 0.00, 0.00, 0.00, 0.03, 0.00, 0.00, 1.00, 0.00, 0.00, 0.00, 0.00, 1.00, 0.00, 0.00, 0.00, 1.00, 0.00, 0.00, 0.00, 0.00, 0.00, 0.00
743,  0,  24.935,  0.98,  1, 0.08, 0.00, 2.07, 0.00, 0.21, 0.05, 0.00, 1.66, 0.25, 0.08, 0.08, 0.65, 0.09, 0.00, 0.00, 0.00, 0.03, 0.00, 0.00, 1.00, 0.00, 0.00, 0.00, 0.00, 1.00, 0.00, 0.00, 0.00, 1.00, 0.00, 0.00, 0.00, 0.00, 0.00, 0.00
744,  0,  24.969,  0.98,  1, 0.04, 0.00, 2.07, 0.00, 0.19, 0.05, 0.00, 1.58, 0.27, 0.08, 0.09, 0.50, 0.13, 0.00, 0.03, 0.00, 0.03, 0.00, 0.00, 1.00, 0.00, 0.00, 0.00, 0.00, 1.00, 0.00, 1.00, 0.00, 1.00, 0.00, 0.00, 0.00, 0.00, 0.00, 0.00
745,  0,  25.002,  0.98,  1, 0.03, 0.00, 2.01, 0.00, 0.20, 0.12, 0.00, 1.49, 0.24, 0.09, 0.09, 0.40, 0.17, 0.00, 0.03, 0.00, 0.00, 0.00, 0.00, 1.00, 0.00, 0.00, 0.00, 0.00, 1.00, 0.00, 1.00, 0.00, 1.00, 0.00, 0.00, 0.00, 0.00, 0.00, 0.00
746,  0,  25.036,  0.98,  1, 0.01, 0.00, 2.05, 0.00, 0.25, 0.06, 0.01, 1.48, 0.22, 0.09, 0.01, 0.42, 0.08, 0.00, 0.07, 0.00, 0.02, 0.00, 0.00, 1.00, 0.00, 0.00, 0.00, 0.00, 1.00, 0.00, 1.00, 0.00, 0.00, 0.00, 0.00, 0.00, 0.00, 0.00, 0.00
747,  0,  25.070,  0.98,  1, 0.03, 0.00, 2.02, 0.00, 0.27, 0.13, 0.01, 1.55, 0.24, 0.10, 0.00, 0.47, 0.04, 0.00, 0.03, 0.00, 0.02, 0.00, 0.00, 1.00, 0.00, 0.00, 0.00, 0.00, 1.00, 0.00, 1.00, 0.00, 0.00, 0.00, 0.00, 0.00, 0.00, 0.00, 0.00
748,  0,  25.103,  0.98,  1, 0.06, 0.00, 2.06, 0.00, 0.25, 0.07, 0.01, 1.52, 0.29, 0.18, 0.00, 0.46, 0.00, 0.00, 0.03, 0.00, 0.02, 0.00, 0.00, 1.00, 0.00, 0.00, 0.00, 0.00, 1.00, 0.00, 1.00, 0.00, 0.00, 0.00, 0.00, 0.00, 0.00, 0.00, 0.00
749,  0,  25.137,  0.98,  1, 0.09, 0.05, 2.04, 0.00, 0.24, 0.07, 0.00, 1.50, 0.29, 0.22, 0.01, 0.39, 0.00, 0.00, 0.00, 0.00, 0.00, 0.00, 0.00, 1.00, 0.00, 0.00, 0.00, 0.00, 1.00, 0.00, 1.00, 0.00, 0.00, 0.00, 0.00, 0.00, 0.00, 0.00, 0.00
750,  0,  25.170,  0.98,  1, 0.12, 0.05, 2.10, 0.00, 0.25, 0.01, 0.01, 1.53, 0.34, 0.41, 0.01, 0.30, 0.00, 0.00, 0.04, 0.00, 0.00, 0.00, 0.00, 1.00, 0.00, 0.00, 0.00, 0.00, 1.00, 0.00, 1.00, 0.00, 0.00, 0.00, 0.00, 0.00, 0.00, 0.00, 0.00
751,  0,  25.204,  0.98,  1, 0.10, 0.05, 2.06, 0.00, 0.29, 0.01, 0.01, 1.70, 0.39, 0.39, 0.03, 0.26, 0.00, 0.00, 0.14, 0.00, 0.00, 0.00, 0.00, 1.00, 0.00, 0.00, 0.00, 0.00, 1.00, 0.00, 1.00, 0.00, 0.00, 0.00, 0.00, 0.00, 0.00, 0.00, 0.00
752,  0,  25.238,  0.98,  1, 0.10, 0.00, 2.00, 0.00, 0.26, 0.01, 0.01, 1.79, 0.43, 0.51, 0.02, 0.31, 0.00, 0.00, 0.14, 0.00, 0.00, 0.00, 0.00, 1.00, 0.00, 0.00, 0.00, 0.00, 1.00, 0.00, 1.00, 0.00, 0.00, 0.00, 0.00, 0.00, 0.00, 0.00, 0.00
753,  0,  25.271,  0.98,  1, 0.05, 0.00, 1.96, 0.00, 0.23, 0.04, 0.00, 1.82, 0.40, 0.50, 0.02, 0.37, 0.00, 0.00, 0.10, 0.00, 0.00, 0.00, 0.00, 1.00, 0.00, 0.00, 0.00, 0.00, 1.00, 0.00, 1.00, 0.00, 0.00, 0.00, 0.00, 0.00, 0.00, 0.00, 0.00
754,  0,  25.305,  0.98,  1, 0.04, 0.00, 2.01, 0.00, 0.21, 0.04, 0.00, 1.70, 0.38, 0.54, 0.00, 0.40, 0.00, 0.00, 0.07, 0.00, 0.00, 0.00, 0.00, 1.00, 0.00, 0.00, 0.00, 0.00, 1.00, 0.00, 1.00, 0.00, 0.00, 0.00, 0.00, 0.00, 0.00, 0.00, 0.00
755,  0,  25.338,  0.98,  1, 0.00, 0.00, 2.04, 0.00, 0.22, 0.04, 0.01, 1.62, 0.38, 0.46, 0.08, 0.28, 0.00, 0.00, 0.08, 0.00, 0.00, 0.00, 0.00, 1.00, 0.00, 0.00, 0.00, 0.00, 1.00, 0.00, 1.00, 0.00, 0.00, 0.00, 0.00, 0.00, 0.00, 0.00, 0.00
756,  0,  25.372,  0.98,  1, 0.04, 0.00, 2.10, 0.00, 0.22, 0.06, 0.01, 1.54, 0.36, 0.50, 0.08, 0.26, 0.00, 0.00, 0.13, 0.00, 0.00, 0.00, 0.00, 1.00, 1.00, 0.00, 0.00, 0.00, 1.00, 0.00, 1.00, 0.00, 0.00, 0.00, 0.00, 0.00, 0.00, 0.00, 0.00
757,  0,  25.406,  0.98,  1, 0.10, 0.00, 2.08, 0.03, 0.27, 0.20, 0.02, 1.62, 0.37, 0.57, 0.08, 0.22, 0.00, 0.00, 0.06, 0.00, 0.00, 0.00, 0.00, 1.00, 1.00, 0.00, 0.00, 0.00, 1.00, 0.00, 1.00, 0.00, 0.00, 0.00, 0.00, 0.00, 0.00, 0.00, 0.00
758,  0,  25.439,  0.98,  1, 0.17, 0.00, 2.11, 0.03, 0.27, 0.24, 0.02, 1.64, 0.38, 0.67, 0.01, 0.23, 0.00, 0.00, 0.13, 0.00, 0.00, 0.00, 0.00, 1.00, 1.00, 0.00, 0.00, 0.00, 1.00, 0.00, 1.00, 0.00, 0.00, 0.00, 0.00, 0.00, 0.00, 0.00, 0.00
759,  0,  25.473,  0.98,  1, 0.25, 0.00, 2.15, 0.03, 0.28, 0.23, 0.09, 1.66, 0.40, 0.71, 0.01, 0.17, 0.00, 0.00, 0.11, 0.00, 0.00, 0.00, 0.00, 1.00, 1.00, 0.00, 0.00, 0.00, 1.00, 0.00, 1.00, 0.00, 0.00, 0.00, 0.00, 0.00, 0.00, 0.00, 0.00
760,  0,  25.506,  0.98,  1, 0.23, 0.00, 2.23, 0.01, 0.23, 0.15, 0.07, 1.67, 0.42, 0.84, 0.07, 0.16, 0.00, 0.00, 0.16, 0.00, 0.00, 0.00, 0.00, 1.00, 0.00, 0.00, 0.00, 0.00, 1.00, 0.00, 1.00, 0.00, 0.00, 0.00, 0.00, 0.00, 0.00, 0.00, 0.00
761,  0,  25.540,  0.98,  1, 0.16, 0.00, 2.26, 0.00, 0.23, 0.18, 0.07, 1.73, 0.47, 0.94, 0.06, 0.11, 0.00, 0.00, 0.08, 0.00, 0.00, 0.00, 0.00, 1.00, 0.00, 0.00, 0.00, 0.00, 1.00, 0.00, 1.00, 0.00, 0.00, 0.00, 0.00, 0.00, 0.00, 0.00, 0.00
762,  0,  25.574,  0.98,  1, 0.09, 0.00, 2.28, 0.00, 0.20, 0.28, 0.00, 1.75, 0.51, 0.90, 0.06, 0.11, 0.00, 0.00, 0.10, 0.00, 0.00, 0.00, 0.00, 1.00, 0.00, 0.00, 0.00, 0.00, 1.00, 0.00, 1.00, 0.00, 0.00, 0.00, 0.00, 0.00, 0.00, 0.00, 0.00
763,  0,  25.607,  0.98,  1, 0.08, 0.00, 2.28, 0.00, 0.20, 0.27, 0.00, 1.69, 0.47, 0.80, 0.04, 0.07, 0.00, 0.00, 0.08, 0.00, 0.00, 0.00, 0.00, 1.00, 0.00, 0.00, 0.00, 0.00, 1.00, 0.00, 1.00, 0.00, 0.00, 0.00, 0.00, 0.00, 0.00, 0.00, 0.00
764,  0,  25.641,  0.98,  1, 0.11, 0.00, 2.30, 0.00, 0.19, 0.30, 0.00, 1.65, 0.41, 0.65, 0.04, 0.05, 0.00, 0.00, 0.09, 0.00, 0.00, 0.00, 0.00, 1.00, 0.00, 0.00, 0.00, 0.00, 1.00, 0.00, 1.00, 0.00, 0.00, 0.00, 0.00, 0.00, 0.00, 0.00, 0.00
765,  0,  25.674,  0.98,  1, 0.06, 0.00, 2.31, 0.03, 0.25, 0.25, 0.00, 1.66, 0.38, 0.59, 0.03, 0.11, 0.00, 0.00, 0.04, 0.00, 0.00, 0.00, 0.00, 1.00, 0.00, 0.00, 0.00, 0.00, 1.00, 0.00, 1.00, 0.00, 0.00, 0.00, 0.00, 0.00, 0.00, 0.00, 0.00
766,  0,  25.708,  0.98,  1, 0.04, 0.00, 2.22, 0.06, 0.30, 0.34, 0.00, 1.67, 0.38, 0.43, 0.07, 0.29, 0.00, 0.00, 0.01, 0.00, 0.37, 0.00, 0.00, 1.00, 0.00, 0.00, 0.00, 0.00, 1.00, 0.00, 1.00, 0.00, 0.00, 0.00, 0.00, 0.00, 0.00, 0.00, 0.00
767,  0,  25.742,  0.98,  1, 0.00, 0.00, 2.24, 0.09, 0.35, 0.29, 0.00, 1.73, 0.35, 0.34, 0.07, 0.44, 0.00, 0.00, 0.10, 0.00, 0.80, 0.00, 0.00, 1.00, 0.00, 0.00, 1.00, 0.00, 1.00, 0.00, 1.00, 0.00, 0.00, 0.00, 0.00, 0.00, 0.00, 0.00, 1.00
768,  0,  25.775,  0.98,  1, 0.00, 0.00, 2.27, 0.05, 0.43, 0.21, 0.00, 1.72, 0.33, 0.27, 0.07, 0.42, 0.00, 0.00, 0.10, 0.00, 1.22, 0.00, 0.00, 1.00, 0.00, 0.00, 1.00, 0.00, 1.00, 0.00, 1.00, 0.00, 0.00, 0.00, 0.00, 0.00, 0.00, 0.00, 1.00
769,  0,  25.809,  0.98,  1, 0.00, 0.00, 2.35, 0.03, 0.46, 0.20, 0.00, 1.81, 0.33, 0.22, 0.00, 0.38, 0.00, 0.00, 0.14, 0.00, 1.03, 0.00, 0.00, 1.00, 0.00, 0.00, 1.00, 0.00, 1.00, 0.00, 1.00, 0.00, 0.00, 0.00, 0.00, 0.00, 0.00, 0.00, 1.00
770,  0,  25.842,  0.98,  1, 0.00, 0.00, 2.39, 0.00, 0.47, 0.25, 0.00, 1.81, 0.33, 0.13, 0.00, 0.39, 0.00, 0.00, 0.04, 0.00, 0.66, 0.00, 0.00, 1.00, 0.00, 0.00, 1.00, 0.00, 1.00, 0.00, 1.00, 0.00, 0.00, 0.00, 0.00, 0.00, 0.00, 0.00, 1.00
771,  0,  25.876,  0.98,  1, 0.02, 0.00, 2.31, 0.00, 0.43, 0.43, 0.00, 1.77, 0.30, 0.01, 0.00, 0.50, 0.00, 0.00, 0.04, 0.04, 0.31, 0.00, 0.00, 1.00, 0.00, 0.00, 1.00, 0.00, 1.00, 0.00, 0.00, 0.00, 0.00, 0.00, 0.00, 0.00, 0.00, 0.00, 1.00
772,  0,  25.910,  0.98,  1, 0.02, 0.00, 2.27, 0.00, 0.33, 0.40, 0.00, 1.75, 0.36, 0.00, 0.00, 0.37, 0.00, 0.00, 0.00, 0.04, 0.13, 0.00, 0.00, 1.00, 0.00, 0.00, 0.00, 0.00, 1.00, 0.00, 0.00, 0.00, 0.00, 0.00, 0.00, 0.00, 0.00, 0.00, 0.00
773,  0,  25.943,  0.98,  1, 0.02, 0.00, 2.16, 0.00, 0.30, 0.47, 0.00, 1.66, 0.36, 0.00, 0.00, 0.24, 0.00, 0.00, 0.00, 0.04, 0.06, 0.00, 0.00, 1.00, 0.00, 0.00, 0.00, 0.00, 1.00, 0.00, 0.00, 0.00, 0.00, 0.00, 0.00, 0.00, 0.00, 0.00, 0.00
774,  0,  25.977,  0.98,  1, 0.01, 0.00, 2.26, 0.00, 0.24, 0.37, 0.00, 1.57, 0.40, 0.00, 0.07, 0.11, 0.00, 0.00, 0.00, 0.05, 0.00, 0.00, 0.00, 1.00, 0.00, 0.00, 0.00, 0.00, 1.00, 0.00, 0.00, 0.00, 0.00, 0.00, 0.00, 0.00, 0.00, 0.00, 0.00
775,  0,  26.010,  0.98,  1, 0.01, 0.00, 2.29, 0.00, 0.25, 0.31, 0.00, 1.49, 0.32, 0.00, 0.07, 0.25, 0.00, 0.01, 0.00, 0.05, 0.00, 0.00, 0.00, 1.00, 0.00, 0.00, 0.00, 0.00, 1.00, 0.00, 0.00, 0.00, 0.00, 0.00, 0.00, 0.00, 0.00, 0.00, 0.00
776,  0,  26.044,  0.98,  1, 0.01, 0.00, 2.36, 0.00, 0.23, 0.15, 0.00, 1.64, 0.36, 0.00, 0.13, 0.28, 0.00, 0.01, 0.01, 0.05, 0.00, 0.00, 0.00, 1.00, 1.00, 0.00, 0.00, 0.00, 1.00, 0.00, 0.00, 0.00, 0.00, 0.00, 0.00, 0.00, 0.00, 0.00, 0.00
777,  0,  26.078,  0.98,  1, 0.00, 0.00, 2.45, 0.00, 0.28, 0.30, 0.02, 1.86, 0.38, 0.00, 0.06, 0.23, 0.00, 0.01, 0.07, 0.02, 0.00, 0.00, 0.00, 1.00, 1.00, 0.00, 0.00, 0.00, 1.00, 0.00, 0.00, 0.00, 0.00, 0.00, 0.00, 0.00, 0.00, 0.00, 0.00
778,  0,  26.111,  0.98,  1, 0.00, 0.00, 2.71, 0.00, 0.35, 0.58, 0.04, 1.89, 0.37, 0.18, 0.06, 0.30, 0.00, 0.03, 0.07, 0.17, 0.00, 0.00, 0.00, 1.00, 1.00, 0.00, 1.00, 0.00, 1.00, 0.00, 0.00, 0.00, 0.00, 0.00, 0.00, 0.00, 0.00, 0.00, 0.00
779,  0,  26.145,  0.98,  1, 0.00, 0.00, 2.91, 0.00, 0.45, 0.86, 0.04, 1.82, 0.31, 0.18, 0.06, 0.49, 0.00, 0.12, 0.06, 0.17, 0.00, 0.00, 0.00, 1.00, 1.00, 0.00, 1.00, 0.00, 1.00, 0.00, 0.00, 0.00, 0.00, 0.00, 0.00, 0.00, 0.00, 0.00, 0.00
780,  0,  26.178,  0.98,  1, 0.00, 0.00, 3.06, 0.00, 0.50, 0.89, 0.02, 1.71, 0.28, 0.18, 0.13, 0.62, 0.00, 0.12, 0.00, 0.21, 0.00, 0.00, 0.00, 1.00, 1.00, 0.00, 1.00, 0.00, 1.00, 0.00, 0.00, 0.00, 0.00, 0.00, 0.00, 0.00, 0.00, 0.00, 0.00
781,  0,  26.212,  0.98,  1, 0.00, 0.00, 3.13, 0.00, 0.49, 0.75, 0.03, 1.77, 0.32, 0.09, 0.14, 0.65, 0.00, 0.10, 0.00, 0.16, 0.00, 0.00, 0.00, 1.00, 1.00, 0.00, 1.00, 0.00, 1.00, 0.00, 0.00, 0.00, 0.00, 0.00, 0.00, 0.00, 0.00, 0.00, 0.00
782,  0,  26.246,  0.98,  1, 0.00, 0.00, 3.18, 0.00, 0.45, 0.71, 0.11, 1.71, 0.34, 0.12, 0.12, 0.57, 0.00, 0.05, 0.00, 0.26, 0.00, 0.00, 0.00, 1.00, 1.00, 0.00, 1.00, 0.00, 1.00, 0.00, 0.00, 0.00, 0.00, 0.00, 0.00, 0.00, 0.00, 0.00, 0.00
783,  0,  26.279,  0.98,  1, 0.00, 0.00, 3.08, 0.03, 0.40, 0.76, 0.19, 1.69, 0.29, 0.11, 0.13, 0.56, 0.00, 0.07, 0.00, 0.20, 0.00, 0.00, 0.00, 1.00, 1.00, 0.00, 1.00, 0.00, 1.00, 0.00, 0.00, 0.00, 0.00, 0.00, 0.00, 0.00, 0.00, 0.00, 0.00
784,  0,  26.313,  0.98,  1, 0.02, 0.00, 2.99, 0.03, 0.37, 0.79, 0.30, 1.61, 0.25, 0.05, 0.17, 0.47, 0.00, 0.07, 0.00, 0.13, 0.00, 0.00, 0.00, 1.00, 1.00, 0.00, 1.00, 0.00, 1.00, 0.00, 0.00, 0.00, 0.00, 0.00, 0.00, 0.00, 0.00, 0.00, 0.00
785,  0,  26.347,  0.98,  1, 0.04, 0.00, 2.89, 0.03, 0.36, 0.68, 0.29, 1.51, 0.21, 0.03, 0.12, 0.39, 0.00, 0.09, 0.04, 0.03, 0.00, 0.00, 0.00, 1.00, 1.00, 0.00, 1.00, 0.00, 1.00, 0.00, 0.00, 0.00, 0.00, 0.00, 0.00, 0.00, 0.00, 0.00, 0.00
786,  0,  26.380,  0.98,  1, 0.10, 0.00, 2.89, 0.09, 0.37, 0.47, 0.27, 1.55, 0.24, 0.03, 0.15, 0.41, 0.00, 0.14, 0.05, 0.05, 0.00, 0.00, 0.00, 1.00, 1.00, 0.00, 1.00, 0.00, 1.00, 0.00, 1.00, 0.00, 0.00, 0.00, 0.00, 0.00, 0.00, 0.00, 0.00
787,  0,  26.414,  0.98,  1, 0.15, 0.00, 2.87, 0.09, 0.45, 0.53, 0.25, 1.54, 0.22, 0.04, 0.11, 0.39, 0.00, 0.21, 0.08, 0.02, 0.00, 0.00, 0.00, 1.00, 1.00, 0.00, 1.00, 0.00, 1.00, 0.00, 1.00, 0.00, 0.00, 0.00, 0.00, 0.00, 0.00, 0.00, 0.00
788,  0,  26.447,  0.98,  1, 0.35, 0.00, 2.97, 0.23, 0.50, 0.56, 0.30, 1.68, 0.22, 0.22, 0.18, 0.53, 0.00, 0.16, 0.12, 0.02, 0.40, 0.00, 0.00, 1.00, 1.00, 0.00, 1.00, 0.00, 1.00, 0.00, 1.00, 0.00, 0.00, 0.00, 0.00, 0.00, 0.00, 0.00, 0.00
789,  0,  26.481,  0.98,  1, 0.38, 0.00, 2.95, 0.16, 0.49, 0.46, 0.42, 1.76, 0.22, 0.50, 0.08, 0.52, 0.00, 0.09, 0.16, 0.00, 0.85, 0.00, 0.00, 1.00, 0.00, 0.00, 1.00, 0.00, 1.00, 0.00, 1.00, 0.00, 0.00, 0.00, 0.00, 0.00, 0.00, 0.00, 1.00
790,  0,  26.515,  0.98,  1, 0.37, 0.00, 3.03, 0.16, 0.53, 0.34, 0.48, 1.83, 0.26, 0.68, 0.17, 0.43, 0.00, 0.01, 0.14, 0.01, 1.31, 0.00, 0.00, 1.00, 0.00, 0.00, 1.00, 0.00, 1.00, 0.00, 1.00, 0.00, 0.00, 0.00, 0.00, 0.00, 0.00, 0.00, 1.00
791,  0,  26.548,  0.98,  1, 0.16, 0.00, 2.96, 0.01, 0.55, 0.26, 0.50, 1.81, 0.37, 0.75, 0.09, 0.27, 0.00, 0.00, 0.05, 0.01, 1.08, 0.00, 0.00, 1.00, 0.00, 0.00, 1.00, 0.00, 1.00, 0.00, 1.00, 0.00, 0.00, 0.00, 0.00, 0.00, 0.00, 0.00, 1.00
792,  0,  26.582,  0.98,  1, 0.06, 0.00, 2.98, 0.00, 0.63, 0.44, 0.40, 1.69, 0.38, 0.73, 0.09, 0.23, 0.00, 0.01, 0.01, 0.04, 0.71, 0.00, 0.00, 1.00, 0.00, 0.00, 1.00, 0.00, 1.00, 0.00, 1.00, 0.00, 0.00, 0.00, 0.00, 0.00, 0.00, 0.00, 1.00
793,  0,  26.615,  0.98,  1, 0.00, 0.00, 2.87, 0.00, 0.62, 0.49, 0.35, 1.56, 0.38, 0.61, 0.06, 0.32, 0.00, 0.01, 0.02, 0.04, 0.28, 0.00, 0.00, 1.00, 0.00, 0.00, 1.00, 0.00, 1.00, 0.00, 1.00, 0.00, 0.00, 0.00, 0.00, 0.00, 0.00, 0.00, 1.00
794,  0,  26.649,  0.98,  1, 0.00, 0.00, 2.89, 0.02, 0.62, 0.70, 0.25, 1.64, 0.40, 0.42, 0.17, 0.28, 0.00, 0.01, 0.10, 0.04, 0.10, 0.00, 0.00, 1.00, 0.00, 0.00, 1.00, 0.00, 1.00, 0.00, 1.00, 0.00, 0.00, 0.00, 0.00, 0.00, 0.00, 0.00, 1.00
795,  0,  26.683,  0.98,  1, 0.00, 0.00, 2.91, 0.02, 0.59, 0.60, 0.28, 1.65, 0.43, 0.21, 0.17, 0.17, 0.00, 0.00, 0.17, 0.00, 0.02, 0.00, 0.00, 1.00, 0.00, 0.00, 1.00, 0.00, 1.00, 0.00, 1.00, 0.00, 0.00, 0.00, 0.00, 0.00, 0.00, 0.00, 1.00
796,  0,  26.716,  0.98,  1, 0.03, 0.00, 2.95, 0.02, 0.53, 0.61, 0.30, 1.74, 0.51, 0.37, 0.13, 0.04, 0.00, 0.00, 0.17, 0.00, 0.00, 0.00, 0.00, 1.00, 0.00, 0.00, 1.00, 0.00, 1.00, 0.00, 1.00, 0.00, 0.00, 0.00, 0.00, 0.00, 0.00, 0.00, 0.00
797,  0,  26.750,  0.98,  1, 0.03, 0.00, 3.00, 0.00, 0.49, 0.54, 0.41, 1.68, 0.52, 0.52, 0.01, 0.01, 0.00, 0.00, 0.15, 0.00, 0.00, 0.00, 0.00, 1.00, 1.00, 0.00, 1.00, 0.00, 1.00, 0.00, 1.00, 0.00, 0.00, 0.00, 0.00, 0.00, 0.00, 0.00, 0.00
798,  0,  26.783,  0.98,  1, 0.07, 0.00, 3.02, 0.05, 0.46, 0.60, 0.44, 1.73, 0.52, 0.70, 0.01, 0.08, 0.00, 0.00, 0.17, 0.00, 0.00, 0.00, 0.00, 1.00, 1.00, 0.00, 1.00, 0.00, 1.00, 0.00, 1.00, 0.00, 0.00, 0.00, 0.00, 0.00, 0.00, 0.00, 0.00
799,  0,  26.817,  0.98,  1, 0.04, 0.00, 3.02, 0.05, 0.49, 0.59, 0.39, 1.72, 0.47, 0.48, 0.08, 0.20, 0.00, 0.00, 0.16, 0.00, 0.00, 0.00, 0.00, 1.00, 1.00, 0.00, 1.00, 0.00, 1.00, 0.00, 1.00, 0.00, 0.00, 0.00, 0.00, 0.00, 0.00, 0.00, 0.00
800,  0,  26.851,  0.98,  1, 0.13, 0.00, 2.99, 0.07, 0.49, 0.61, 0.42, 1.75, 0.43, 0.40, 0.08, 0.36, 0.00, 0.00, 0.15, 0.00, 0.00, 0.00, 0.00, 1.00, 1.00, 0.00, 1.00, 0.00, 1.00, 0.00, 1.00, 0.00, 0.00, 0.00, 0.00, 0.00, 0.00, 0.00, 0.00
801,  0,  26.884,  0.98,  1, 0.18, 0.00, 2.95, 0.02, 0.50, 0.48, 0.35, 1.68, 0.40, 0.38, 0.22, 0.34, 0.00, 0.00, 0.09, 0.00, 0.00, 0.00, 0.00, 1.00, 1.00, 0.00, 1.00, 0.00, 1.00, 0.00, 1.00, 0.00, 0.00, 0.00, 0.00, 0.00, 0.00, 0.00, 0.00
802,  0,  26.918,  0.98,  1, 0.21, 0.00, 2.88, 0.09, 0.45, 0.50, 0.31, 1.79, 0.38, 0.49, 0.22, 0.33, 0.00, 0.00, 0.09, 0.00, 0.00, 0.00, 0.00, 1.00, 1.00, 0.00, 1.00, 0.00, 1.00, 0.00, 1.00, 0.00, 0.00, 0.00, 0.00, 0.00, 0.00, 0.00, 0.00
803,  0,  26.951,  0.98,  1, 0.12, 0.00, 2.97, 0.07, 0.45, 0.43, 0.24, 1.74, 0.40, 0.61, 0.22, 0.20, 0.00, 0.00, 0.15, 0.00, 0.00, 0.00, 0.00, 1.00, 1.00, 0.00, 1.00, 0.00, 1.00, 0.00, 1.00, 0.00, 0.00, 0.00, 0.00, 0.00, 0.00, 0.00, 0.00
804,  0,  26.985,  0.98,  1, 0.04, 0.00, 3.07, 0.09, 0.44, 0.60, 0.31, 1.76, 0.42, 0.62, 0.11, 0.24, 0.00, 0.00, 0.21, 0.07, 0.00, 0.00, 0.00, 1.00, 1.00, 0.00, 1.00, 0.00, 1.00, 0.00, 1.00, 0.00, 0.00, 0.00, 0.00, 0.00, 0.00, 0.00, 0.00
805,  0,  27.019,  0.98,  1, 0.01, 0.00, 3.21, 0.02, 0.50, 0.54, 0.35, 1.65, 0.44, 0.75, 0.02, 0.22, 0.00, 0.00, 0.22, 0.07, 0.00, 0.00, 0.00, 1.00, 1.00, 0.00, 1.00, 0.00, 1.00, 0.00, 1.00, 0.00, 0.00, 0.00, 0.00, 0.00, 0.00, 0.00, 0.00
806,  0,  27.052,  0.98,  1, 0.02, 0.00, 3.19, 0.02, 0.50, 0.67, 0.32, 1.64, 0.44, 0.78, 0.02, 0.20, 0.00, 0.00, 0.12, 0.07, 0.00, 0.00, 0.00, 1.00, 1.00, 0.00, 1.00, 0.00, 1.00, 0.00, 1.00, 0.00, 0.00, 0.00, 0.00, 0.00, 0.00, 0.00, 0.00
807,  0,  27.086,  0.98,  1, 0.04, 0.00, 3.19, 0.00, 0.53, 0.74, 0.24, 1.69, 0.49, 0.87, 0.00, 0.19, 0.00, 0.00, 0.08, 0.01, 0.00, 0.00, 0.00, 1.00, 1.00, 0.00, 1.00, 0.00, 1.00, 0.00, 1.00, 0.00, 0.00, 0.00, 0.00, 0.00, 0.00, 0.00, 0.00
808,  0,  27.119,  0.98,  1, 0.03, 0.00, 3.25, 0.00, 0.51, 0.76, 0.18, 1.71, 0.48, 0.83, 0.00, 0.16, 0.00, 0.00, 0.10, 0.03, 0.00, 0.00, 0.00, 1.00, 1.00, 0.00, 1.00, 0.00, 1.00, 0.00, 1.00, 0.00, 0.00, 0.00, 0.00, 0.00, 0.00, 0.00, 0.00
809,  0,  27.153,  0.98,  1, 0.02, 0.00, 3.26, 0.00, 0.55, 0.65, 0.22, 1.73, 0.48, 0.75, 0.00, 0.17, 0.00, 0.00, 0.11, 0.14, 0.00, 0.00, 0.00, 1.00, 1.00, 0.00, 1.00, 0.00, 1.00, 0.00, 1.00, 0.00, 0.00, 0.00, 0.00, 0.00, 0.00, 0.00, 0.00
810,  0,  27.187,  0.98,  1, 0.00, 0.00, 3.34, 0.00, 0.51, 0.62, 0.21, 1.67, 0.41, 0.52, 0.00, 0.12, 0.00, 0.00, 0.13, 0.13, 0.00, 0.00, 0.00, 1.00, 1.00, 0.00, 1.00, 0.00, 1.00, 0.00, 1.00, 0.00, 0.00, 0.00, 0.00, 0.00, 0.00, 0.00, 0.00
811,  0,  27.220,  0.98,  1, 0.01, 0.00, 3.36, 0.00, 0.50, 0.64, 0.23, 1.61, 0.42, 0.46, 0.00, 0.08, 0.00, 0.00, 0.14, 0.11, 0.00, 0.00, 0.00, 1.00, 1.00, 0.00, 1.00, 0.00, 1.00, 0.00, 1.00, 0.00, 0.00, 0.00, 0.00, 0.00, 0.00, 0.00, 0.00
812,  0,  27.254,  0.98,  1, 0.02, 0.00, 3.42, 0.00, 0.50, 0.67, 0.13, 1.63, 0.41, 0.46, 0.00, 0.12, 0.00, 0.00, 0.10, 0.08, 0.00, 0.00, 0.00, 1.00, 1.00, 0.00, 1.00, 0.00, 1.00, 0.00, 1.00, 0.00, 0.00, 0.00, 0.00, 0.00, 0.00, 0.00, 0.00
813,  0,  27.287,  0.98,  1, 0.02, 0.00, 3.31, 0.00, 0.53, 0.62, 0.14, 1.67, 0.43, 0.49, 0.00, 0.11, 0.00, 0.00, 0.14, 0.08, 0.00, 0.00, 0.00, 1.00, 1.00, 0.00, 1.00, 0.00, 1.00, 0.00, 1.00, 0.00, 0.00, 0.00, 0.00, 0.00, 0.00, 0.00, 0.00
814,  0,  27.321,  0.98,  1, 0.00, 0.00, 3.31, 0.00, 0.51, 0.69, 0.15, 1.73, 0.33, 0.35, 0.00, 0.19, 0.00, 0.00, 0.13, 0.08, 0.00, 0.00, 0.00, 1.00, 1.00, 0.00, 1.00, 0.00, 1.00, 0.00, 1.00, 0.00, 0.00, 0.00, 0.00, 0.00, 0.00, 0.00, 0.00
815,  0,  27.355,  0.98,  1, 0.00, 0.00, 3.24, 0.00, 0.48, 0.67, 0.19, 1.75, 0.30, 0.25, 0.00, 0.22, 0.00, 0.00, 0.20, 0.06, 0.00, 0.00, 0.00, 1.00, 1.00, 0.00, 1.00, 0.00, 1.00, 0.00, 1.00, 0.00, 0.00, 0.00, 0.00, 0.00, 0.00, 0.00, 0.00
816,  0,  27.388,  0.98,  1, 0.00, 0.00, 3.26, 0.00, 0.49, 0.77, 0.17, 1.83, 0.29, 0.36, 0.00, 0.24, 0.00, 0.00, 0.16, 0.14, 0.00, 0.00, 0.00, 1.00, 1.00, 0.00, 1.00, 0.00, 1.00, 0.00, 1.00, 0.00, 0.00, 0.00, 0.00, 0.00, 0.00, 0.00, 0.00
817,  0,  27.422,  0.98,  1, 0.00, 0.00, 3.25, 0.00, 0.54, 0.73, 0.20, 1.92, 0.36, 0.55, 0.04, 0.13, 0.00, 0.00, 0.20, 0.14, 0.00, 0.00, 0.00, 1.00, 1.00, 0.00, 1.00, 0.00, 1.00, 0.00, 1.00, 0.00, 0.00, 0.00, 0.00, 0.00, 0.00, 0.00, 0.00
818,  0,  27.455,  0.98,  1, 0.02, 0.00, 3.26, 0.00, 0.54, 0.75, 0.20, 1.97, 0.34, 0.70, 0.04, 0.06, 0.00, 0.00, 0.26, 0.08, 0.00, 0.00, 0.00, 1.00, 1.00, 0.00, 1.00, 0.00, 1.00, 0.00, 1.00, 0.00, 0.00, 0.00, 0.00, 0.00, 0.00, 0.00, 0.00
819,  0,  27.489,  0.98,  1, 0.02, 0.00, 3.26, 0.00, 0.55, 0.73, 0.23, 1.90, 0.36, 0.69, 0.04, 0.07, 0.00, 0.00, 0.27, 0.00, 0.00, 0.00, 0.00, 1.00, 1.00, 0.00, 1.00, 0.00, 1.00, 0.00, 1.00, 0.00, 0.00, 0.00, 0.00, 0.00, 0.00, 0.00, 0.00
820,  0,  27.523,  0.98,  1, 0.02, 0.00, 3.18, 0.00, 0.55, 0.74, 0.19, 1.78, 0.38, 0.67, 0.00, 0.10, 0.00, 0.00, 0.29, 0.02, 0.00, 0.00, 0.00, 1.00, 1.00, 0.00, 1.00, 0.00, 1.00, 0.00, 1.00, 0.00, 0.00, 0.00, 0.00, 0.00, 0.00, 0.00, 0.00
821,  0,  27.556,  0.98,  1, 0.00, 0.00, 3.16, 0.05, 0.55, 0.77, 0.18, 1.70, 0.39, 0.42, 0.00, 0.12, 0.00, 0.00, 0.18, 0.02, 0.00, 0.00, 0.00, 1.00, 1.00, 0.00, 1.00, 0.00, 1.00, 0.00, 1.00, 0.00, 0.00, 0.00, 0.00, 0.00, 0.00, 0.00, 0.00
822,  0,  27.590,  0.98,  1, 0.00, 0.00, 3.13, 0.05, 0.48, 0.65, 0.14, 1.73, 0.38, 0.37, 0.00, 0.23, 0.00, 0.00, 0.15, 0.07, 0.00, 0.00, 0.00, 1.00, 1.00, 0.00, 1.00, 0.00, 1.00, 0.00, 1.00, 0.00, 0.00, 0.00, 0.00, 0.00, 0.00, 0.00, 0.00
823,  0,  27.624,  0.98,  1, 0.03, 0.00, 3.18, 0.06, 0.41, 0.65, 0.14, 1.75, 0.39, 0.32, 0.10, 0.40, 0.00, 0.02, 0.11, 0.05, 0.00, 0.00, 0.00, 1.00, 1.00, 0.00, 1.00, 0.00, 1.00, 0.00, 1.00, 0.00, 0.00, 0.00, 0.00, 0.00, 0.00, 0.00, 0.00
824,  0,  27.657,  0.98,  1, 0.03, 0.00, 3.13, 0.09, 0.38, 0.57, 0.13, 1.71, 0.41, 0.49, 0.18, 0.48, 0.00, 0.04, 0.24, 0.09, 0.00, 0.00, 0.00, 1.00, 1.00, 0.00, 1.00, 0.00, 1.00, 0.00, 1.00, 0.00, 0.00, 0.00, 0.00, 0.00, 0.00, 0.00, 0.00
825,  0,  27.691,  0.98,  1, 0.03, 0.00, 3.15, 0.09, 0.43, 0.51, 0.11, 1.75, 0.37, 0.45, 0.34, 0.52, 0.00, 0.05, 0.29, 0.07, 0.00, 0.00, 0.00, 1.00, 1.00, 0.00, 1.00, 0.00, 1.00, 0.00, 1.00, 0.00, 0.00, 0.00, 0.00, 0.00, 0.00, 0.00, 0.00
826,  0,  27.724,  0.98,  1, 0.00, 0.00, 3.11, 0.08, 0.45, 0.48, 0.05, 1.80, 0.37, 0.39, 0.25, 0.45, 0.00, 0.06, 0.33, 0.09, 0.00, 0.00, 0.00, 1.00, 1.00, 0.00, 1.00, 0.00, 1.00, 0.00, 1.00, 0.00, 0.00, 0.00, 0.00, 0.00, 0.00, 0.00, 0.00
827,  0,  27.758,  0.98,  1, 0.00, 0.00, 3.15, 0.07, 0.48, 0.60, 0.03, 1.83, 0.41, 0.45, 0.26, 0.46, 0.00, 0.09, 0.29, 0.04, 0.00, 0.00, 0.00, 1.00, 1.00, 0.00, 1.00, 0.00, 1.00, 0.00, 1.00, 0.00, 0.00, 0.00, 0.00, 0.00, 0.00, 0.00, 0.00
828,  0,  27.792,  0.98,  1, 0.00, 0.00, 3.15, 0.12, 0.47, 0.79, 0.02, 1.77, 0.43, 0.32, 0.09, 0.44, 0.00, 0.14, 0.20, 0.15, 0.00, 0.00, 0.00, 1.00, 1.00, 0.00, 1.00, 0.00, 1.00, 0.00, 1.00, 0.00, 0.00, 0.00, 0.00, 0.00, 0.00, 0.00, 0.00
829,  0,  27.825,  0.98,  1, 0.00, 0.00, 3.16, 0.12, 0.47, 0.82, 0.04, 1.79, 0.42, 0.27, 0.09, 0.37, 0.00, 0.14, 0.20, 0.16, 0.00, 0.00, 0.00, 1.00, 1.00, 0.00, 1.00, 0.00, 1.00, 0.00, 1.00, 0.00, 0.00, 0.00, 0.00, 0.00, 0.00, 0.00, 0.00
830,  0,  27.859,  0.98,  1, 0.00, 0.00, 3.10, 0.06, 0.45, 0.69, 0.03, 1.82, 0.39, 0.03, 0.00, 0.26, 0.00, 0.11, 0.21, 0.16, 0.00, 0.00, 0.00, 1.00, 0.00, 0.00, 1.00, 0.00, 1.00, 0.00, 1.00, 0.00, 0.00, 0.00, 0.00, 0.00, 0.00, 0.00, 0.00
831,  0,  27.892,  0.98,  1, 0.00, 0.00, 3.16, 0.00, 0.49, 0.61, 0.03, 1.87, 0.40, 0.06, 0.00, 0.15, 0.00, 0.10, 0.34, 0.02, 0.00, 0.00, 0.00, 1.00, 0.00, 0.00, 1.00, 0.00, 1.00, 0.00, 1.00, 0.00, 0.00, 0.00, 0.00, 0.00, 0.00, 0.00, 0.00
832,  0,  27.926,  0.98,  1, 0.00, 0.00, 3.26, 0.00, 0.52, 0.62, 0.02, 1.89, 0.41, 0.04, 0.00, 0.14, 0.00, 0.06, 0.33, 0.01, 0.00, 0.00, 0.00, 1.00, 0.00, 0.00, 1.00, 0.00, 1.00, 0.00, 1.00, 0.00, 0.00, 0.00, 0.00, 0.00, 0.00, 0.00, 0.00
833,  0,  27.960,  0.98,  1, 0.00, 0.00, 3.39, 0.00, 0.55, 0.73, 0.01, 1.89, 0.39, 0.14, 0.00, 0.31, 0.00, 0.10, 0.26, 0.02, 0.00, 0.00, 0.00, 1.00, 0.00, 0.00, 1.00, 0.00, 1.00, 0.00, 1.00, 0.00, 0.00, 0.00, 0.00, 0.00, 0.00, 0.00, 0.00
834,  0,  27.993,  0.98,  1, 0.00, 0.00, 3.41, 0.00, 0.57, 0.85, 0.01, 1.86, 0.36, 0.11, 0.00, 0.39, 0.00, 0.06, 0.11, 0.02, 0.00, 0.00, 0.00, 1.00, 0.00, 0.00, 1.00, 0.00, 1.00, 0.00, 0.00, 0.00, 0.00, 0.00, 0.00, 0.00, 0.00, 0.00, 0.00
835,  0,  28.027,  0.98,  1, 0.00, 0.00, 3.40, 0.00, 0.56, 0.83, 0.01, 1.80, 0.28, 0.10, 0.00, 0.43, 0.00, 0.07, 0.08, 0.01, 0.00, 0.00, 0.00, 1.00, 0.00, 0.00, 1.00, 0.00, 1.00, 0.00, 0.00, 0.00, 0.00, 0.00, 0.00, 0.00, 0.00, 0.00, 0.00
836,  0,  28.060,  0.98,  1, 0.00, 0.00, 3.36, 0.00, 0.58, 0.81, 0.01, 1.76, 0.26, 0.00, 0.00, 0.39, 0.00, 0.02, 0.07, 0.00, 0.00, 0.00, 0.00, 1.00, 0.00, 0.00, 1.00, 0.00, 1.00, 0.00, 0.00, 0.00, 0.00, 0.00, 0.00, 0.00, 0.00, 0.00, 0.00
837,  0,  28.094,  0.98,  1, 0.00, 0.00, 3.33, 0.00, 0.56, 0.80, 0.01, 1.72, 0.23, 0.00, 0.00, 0.30, 0.00, 0.04, 0.15, 0.00, 0.00, 0.00, 0.00, 1.00, 0.00, 0.00, 1.00, 0.00, 1.00, 0.00, 0.00, 0.00, 0.00, 0.00, 0.00, 0.00, 0.00, 0.00, 0.00
838,  0,  28.128,  0.98,  1, 0.00, 0.00, 3.31, 0.00, 0.56, 0.80, 0.00, 1.81, 0.30, 0.00, 0.02, 0.25, 0.00, 0.03, 0.13, 0.09, 0.00, 0.00, 0.00, 1.00, 0.00, 0.00, 1.00, 0.00, 1.00, 0.00, 0.00, 0.00, 0.00, 0.00, 0.00, 0.00, 0.00, 0.00, 0.00
839,  0,  28.161,  0.98,  1, 0.00, 0.00, 3.34, 0.00, 0.55, 0.72, 0.02, 1.89, 0.34, 0.05, 0.02, 0.12, 0.00, 0.04, 0.21, 0.09, 0.00, 0.00, 0.00, 1.00, 0.00, 0.00, 1.00, 0.00, 1.00, 0.00, 0.00, 0.00, 0.00, 0.00, 0.00, 0.00, 0.00, 0.00, 0.00
840,  0,  28.195,  0.98,  1, 0.00, 0.00, 3.33, 0.00, 0.53, 0.73, 0.02, 1.93, 0.44, 0.10, 0.02, 0.24, 0.00, 0.04, 0.19, 0.20, 0.00, 0.00, 0.00, 1.00, 1.00, 0.00, 1.00, 0.00, 1.00, 0.00, 1.00, 0.00, 0.00, 0.00, 0.00, 0.00, 0.00, 0.00, 0.00
841,  0,  28.228,  0.98,  1, 0.00, 0.00, 3.33, 0.00, 0.53, 0.85, 0.07, 1.87, 0.46, 0.29, 0.00, 0.32, 0.00, 0.04, 0.21, 0.18, 0.00, 0.00, 0.00, 1.00, 1.00, 0.00, 1.00, 0.00, 1.00, 0.00, 1.00, 0.00, 0.00, 0.00, 0.00, 0.00, 0.00, 0.00, 0.00
842,  0,  28.262,  0.98,  1, 0.02, 0.00, 3.29, 0.00, 0.55, 1.06, 0.13, 1.86, 0.50, 0.47, 0.00, 0.42, 0.00, 0.03, 0.22, 0.23, 0.00, 0.00, 0.00, 1.00, 1.00, 0.00, 1.00, 0.00, 1.00, 0.00, 1.00, 0.00, 0.00, 0.00, 0.00, 0.00, 0.00, 0.00, 0.00
843,  0,  28.296,  0.98,  1, 0.02, 0.00, 3.26, 0.08, 0.58, 1.07, 0.15, 1.88, 0.44, 0.53, 0.00, 0.35, 0.00, 0.01, 0.24, 0.12, 0.01, 0.00, 0.00, 1.00, 1.00, 0.00, 1.00, 0.00, 1.00, 0.00, 1.00, 0.00, 0.00, 0.00, 0.00, 0.00, 0.00, 0.00, 0.00
844,  0,  28.329,  0.98,  1, 0.04, 0.00, 3.20, 0.10, 0.55, 1.03, 0.12, 1.88, 0.43, 0.46, 0.00, 0.26, 0.00, 0.01, 0.37, 0.09, 0.01, 0.00, 0.00, 1.00, 0.00, 0.00, 1.00, 0.00, 1.00, 0.00, 1.00, 0.00, 0.00, 0.00, 0.00, 0.00, 0.00, 0.00, 0.00
845,  0,  28.363,  0.98,  1, 0.04, 0.00, 3.12, 0.09, 0.51, 0.94, 0.05, 1.80, 0.42, 0.45, 0.00, 0.29, 0.00, 0.00, 0.40, 0.10, 0.05, 0.00, 0.00, 1.00, 0.00, 0.00, 1.00, 0.00, 1.00, 0.00, 1.00, 0.00, 0.00, 0.00, 0.00, 0.00, 0.00, 0.00, 0.00
846,  0,  28.396,  0.98,  1, 0.04, 0.00, 3.07, 0.01, 0.49, 0.89, 0.03, 1.72, 0.42, 0.63, 0.00, 0.33, 0.00, 0.04, 0.52, 0.10, 0.11, 0.00, 0.00, 1.00, 0.00, 0.00, 1.00, 0.00, 1.00, 0.00, 1.00, 0.00, 0.00, 0.00, 0.00, 0.00, 0.00, 0.00, 0.00
847,  0,  28.430,  0.98,  1, 0.02, 0.00, 3.06, 0.00, 0.52, 0.86, 0.03, 1.72, 0.45, 0.82, 0.00, 0.38, 0.00, 0.06, 0.56, 0.16, 0.16, 0.00, 0.00, 1.00, 0.00, 0.00, 1.00, 0.00, 1.00, 0.00, 1.00, 0.00, 0.00, 0.00, 0.00, 0.00, 0.00, 0.00, 0.00
848,  0,  28.464,  0.98,  1, 0.00, 0.00, 3.09, 0.00, 0.55, 0.81, 0.02, 1.84, 0.48, 0.81, 0.01, 0.36, 0.00, 0.06, 0.50, 0.10, 0.25, 0.00, 0.00, 1.00, 0.00, 0.00, 1.00, 0.00, 1.00, 0.00, 1.00, 0.00, 0.00, 0.00, 0.00, 0.00, 0.00, 0.00, 0.00
849,  0,  28.497,  0.98,  1, 0.00, 0.00, 3.16, 0.00, 0.62, 1.04, 0.09, 1.93, 0.48, 0.76, 0.01, 0.30, 0.00, 0.02, 0.50, 0.22, 0.23, 0.00, 0.00, 1.00, 0.00, 0.00, 1.00, 0.00, 1.00, 0.00, 1.00, 0.00, 0.00, 0.00, 0.00, 0.00, 0.00, 0.00, 0.00
850,  0,  28.531,  0.98,  1, 0.02, 0.00, 3.22, 0.00, 0.57, 1.19, 0.17, 1.99, 0.45, 0.72, 0.01, 0.24, 0.00, 0.00, 0.43, 0.30, 0.18, 0.00, 0.00, 1.00, 0.00, 0.00, 1.00, 0.00, 1.00, 0.00, 1.00, 0.00, 0.00, 0.00, 0.00, 0.00, 0.00, 0.00, 0.00
851,  0,  28.564,  0.98,  1, 0.05, 0.00, 3.17, 0.00, 0.53, 1.41, 0.21, 1.91, 0.39, 0.73, 0.00, 0.22, 0.00, 0.00, 0.49, 0.49, 0.05, 0.00, 0.00, 1.00, 0.00, 0.00, 1.00, 0.00, 1.00, 0.00, 1.00, 0.00, 0.00, 0.00, 0.00, 0.00, 0.00, 0.00, 0.00
852,  0,  28.598,  0.98,  1, 0.05, 0.00, 3.10, 0.00, 0.43, 1.35, 0.18, 1.91, 0.35, 0.69, 0.00, 0.32, 0.00, 0.00, 0.43, 0.56, 0.00, 0.00, 0.00, 1.00, 0.00, 0.00, 1.00, 0.00, 1.00, 0.00, 1.00, 0.00, 0.00, 0.00, 0.00, 0.00, 0.00, 0.00, 0.00
853,  0,  28.632,  0.98,  1, 0.05, 0.00, 3.02, 0.00, 0.46, 1.30, 0.16, 1.90, 0.32, 0.61, 0.00, 0.46, 0.00, 0.00, 0.41, 0.54, 0.03, 0.00, 0.00, 1.00, 0.00, 0.00, 1.00, 0.00, 1.00, 0.00, 1.00, 0.00, 0.00, 0.00, 0.00, 0.00, 0.00, 0.00, 0.00
854,  0,  28.665,  0.98,  1, 0.02, 0.00, 2.99, 0.00, 0.44, 1.24, 0.17, 1.90, 0.28, 0.44, 0.00, 0.50, 0.00, 0.00, 0.39, 0.49, 0.05, 0.00, 0.00, 1.00, 0.00, 0.00, 1.00, 0.00, 1.00, 0.00, 1.00, 0.00, 0.00, 0.00, 0.00, 0.00, 0.00, 0.00, 0.00
855,  0,  28.699,  0.98,  1, 0.02, 0.00, 3.02, 0.00, 0.44, 1.26, 0.19, 1.84, 0.25, 0.26, 0.00, 0.47, 0.00, 0.00, 0.44, 0.44, 0.07, 0.00, 0.00, 1.00, 0.00, 0.00, 1.00, 0.00, 1.00, 0.00, 1.00, 0.00, 0.00, 0.00, 0.00, 0.00, 0.00, 0.00, 0.00
856,  0,  28.732,  0.98,  1, 0.00, 0.00, 3.04, 0.00, 0.37, 1.25, 0.19, 1.79, 0.20, 0.26, 0.00, 0.51, 0.00, 0.00, 0.47, 0.49, 0.05, 0.00, 0.00, 1.00, 0.00, 0.00, 1.00, 0.00, 1.00, 0.00, 1.00, 0.00, 0.00, 0.00, 0.00, 0.00, 0.00, 0.00, 0.00
857,  0,  28.766,  0.98,  1, 0.00, 0.00, 3.14, 0.00, 0.38, 1.25, 0.20, 1.82, 0.22, 0.41, 0.00, 0.61, 0.00, 0.01, 0.54, 0.55, 0.02, 0.00, 0.00, 1.00, 0.00, 0.00, 1.00, 0.00, 1.00, 0.00, 1.00, 0.00, 0.00, 0.00, 0.00, 0.00, 0.00, 0.00, 0.00
858,  0,  28.800,  0.98,  1, 0.00, 0.00, 3.13, 0.00, 0.38, 1.38, 0.16, 1.82, 0.24, 0.60, 0.00, 0.67, 0.00, 0.04, 0.41, 0.56, 0.00, 0.00, 0.00, 1.00, 0.00, 0.00, 1.00, 0.00, 1.00, 0.00, 1.00, 0.00, 0.00, 0.00, 0.00, 0.00, 0.00, 0.00, 0.00
859,  0,  28.833,  0.98,  1, 0.00, 0.00, 3.12, 0.00, 0.40, 1.48, 0.11, 1.80, 0.24, 0.46, 0.00, 0.64, 0.00, 0.04, 0.37, 0.51, 0.02, 0.00, 0.00, 1.00, 0.00, 0.00, 1.00, 0.00, 1.00, 0.00, 1.00, 0.00, 0.00, 0.00, 0.00, 0.00, 0.00, 0.00, 0.00
860,  0,  28.867,  0.98,  1, 0.00, 0.00, 3.09, 0.00, 0.37, 1.51, 0.06, 1.74, 0.24, 0.35, 0.00, 0.65, 0.00, 0.03, 0.24, 0.59, 0.02, 0.00, 0.00, 1.00, 0.00, 0.00, 1.00, 0.00, 1.00, 0.00, 1.00, 0.00, 0.00, 0.00, 0.00, 0.00, 0.00, 0.00, 0.00
861,  0,  28.901,  0.98,  1, 0.00, 0.00, 3.09, 0.00, 0.37, 1.35, 0.04, 1.78, 0.23, 0.14, 0.00, 0.69, 0.00, 0.00, 0.34, 0.77, 0.06, 0.00, 0.00, 1.00, 0.00, 0.00, 1.00, 0.00, 1.00, 0.00, 1.00, 0.00, 0.00, 0.00, 0.00, 0.00, 0.00, 0.00, 0.00
862,  0,  28.934,  0.98,  1, 0.00, 0.00, 3.05, 0.00, 0.37, 1.26, 0.00, 1.77, 0.24, 0.11, 0.00, 0.72, 0.00, 0.00, 0.34, 0.86, 0.06, 0.00, 0.00, 1.00, 0.00, 0.00, 1.00, 0.00, 1.00, 0.00, 1.00, 0.00, 0.00, 0.00, 0.00, 0.00, 0.00, 0.00, 0.00
863,  0,  28.968,  0.98,  1, 0.04, 0.00, 3.05, 0.03, 0.36, 1.19, 0.03, 1.76, 0.27, 0.16, 0.00, 0.58, 0.00, 0.00, 0.45, 0.90, 0.11, 0.00, 0.00, 1.00, 0.00, 0.00, 1.00, 0.00, 1.00, 0.00, 1.00, 0.00, 1.00, 0.00, 0.00, 0.00, 0.00, 0.00, 0.00
864,  0,  29.001,  0.98,  1, 0.05, 0.00, 3.02, 0.03, 0.35, 0.91, 0.03, 1.70, 0.33, 0.46, 0.05, 0.58, 0.00, 0.00, 0.48, 0.86, 0.08, 0.00, 0.00, 1.00, 0.00, 0.00, 1.00, 0.00, 1.00, 0.00, 1.00, 0.00, 1.00, 0.00, 0.00, 0.00, 0.00, 0.00, 0.00
865,  0,  29.035,  0.98,  1, 0.08, 0.00, 3.04, 0.03, 0.36, 0.77, 0.03, 1.69, 0.39, 0.54, 0.07, 0.58, 0.03, 0.00, 0.42, 0.89, 0.07, 0.00, 0.00, 1.00, 0.00, 0.00, 1.00, 0.00, 1.00, 0.00, 1.00, 0.00, 1.00, 0.00, 0.00, 0.00, 0.00, 0.00, 0.00
866,  0,  29.069,  0.98,  1, 0.06, 0.00, 3.04, 0.00, 0.40, 0.64, 0.04, 1.65, 0.39, 0.58, 0.07, 0.65, 0.03, 0.00, 0.38, 0.83, 0.01, 0.00, 0.00, 1.00, 0.00, 0.00, 1.00, 0.00, 1.00, 0.00, 1.00, 0.00, 1.00, 0.00, 0.00, 0.00, 0.00, 0.00, 0.00
867,  0,  29.102,  0.98,  1, 0.08, 0.00, 3.06, 0.00, 0.44, 0.92, 0.06, 1.58, 0.36, 0.46, 0.10, 0.65, 0.03, 0.00, 0.25, 0.85, 0.01, 0.00, 0.00, 1.00, 0.00, 0.00, 1.00, 0.00, 1.00, 0.00, 1.00, 0.00, 1.00, 0.00, 0.00, 0.00, 0.00, 0.00, 0.00
868,  0,  29.136,  0.98,  1, 0.06, 0.00, 3.03, 0.00, 0.47, 1.06, 0.06, 1.58, 0.35, 0.58, 0.08, 0.62, 0.00, 0.02, 0.25, 0.85, 0.12, 0.00, 0.00, 1.00, 0.00, 0.00, 1.00, 0.00, 1.00, 0.00, 1.00, 0.00, 1.00, 0.00, 0.00, 0.00, 0.00, 0.00, 0.00
869,  0,  29.169,  0.98,  1, 0.04, 0.00, 2.94, 0.01, 0.46, 1.08, 0.02, 1.64, 0.37, 0.65, 0.12, 0.63, 0.00, 0.02, 0.14, 0.77, 0.19, 0.00, 0.00, 1.00, 0.00, 0.00, 1.00, 0.00, 1.00, 0.00, 1.00, 0.00, 1.00, 0.00, 0.00, 0.00, 0.00, 0.00, 0.00
870,  0,  29.203,  0.98,  1, 0.01, 0.00, 2.88, 0.01, 0.41, 0.90, 0.00, 1.67, 0.38, 0.65, 0.09, 0.60, 0.00, 0.03, 0.11, 0.55, 0.31, 0.00, 0.00, 1.00, 0.00, 0.00, 1.00, 0.00, 1.00, 0.00, 1.00, 0.00, 1.00, 0.00, 0.00, 0.00, 0.00, 0.00, 0.00
871,  0,  29.237,  0.98,  1, 0.00, 0.00, 2.83, 0.01, 0.36, 0.80, 0.00, 1.60, 0.38, 0.62, 0.20, 0.66, 0.00, 0.02, 0.10, 0.57, 0.28, 0.00, 0.00, 1.00, 0.00, 0.00, 1.00, 0.00, 1.00, 0.00, 1.00, 0.00, 1.00, 0.00, 0.00, 0.00, 0.00, 0.00, 0.00
872,  0,  29.270,  0.98,  1, 0.00, 0.00, 2.91, 0.00, 0.33, 0.83, 0.01, 1.46, 0.37, 0.56, 0.27, 0.66, 0.00, 0.07, 0.17, 0.71, 0.20, 0.00, 0.00, 1.00, 0.00, 0.00, 1.00, 0.00, 1.00, 0.00, 1.00, 0.00, 1.00, 0.00, 0.00, 0.00, 0.00, 0.00, 0.00
873,  0,  29.304,  0.98,  1, 0.00, 0.00, 2.91, 0.00, 0.34, 0.89, 0.03, 1.45, 0.35, 0.54, 0.26, 0.69, 0.06, 0.14, 0.20, 0.86, 0.16, 0.00, 0.00, 1.00, 0.00, 0.00, 1.00, 0.00, 1.00, 0.00, 1.00, 0.00, 1.00, 0.00, 0.00, 0.00, 0.00, 0.00, 0.00
874,  0,  29.337,  0.98,  1, 0.00, 0.00, 2.95, 0.00, 0.34, 0.88, 0.03, 1.48, 0.36, 0.59, 0.18, 0.72, 0.06, 0.21, 0.26, 0.81, 0.09, 0.00, 0.00, 1.00, 0.00, 0.00, 1.00, 0.00, 1.00, 0.00, 1.00, 0.00, 1.00, 0.00, 0.00, 0.00, 0.00, 0.00, 0.00
875,  0,  29.371,  0.98,  1, 0.00, 0.00, 2.91, 0.00, 0.33, 0.85, 0.02, 1.56, 0.32, 0.73, 0.10, 0.72, 0.18, 0.23, 0.28, 0.76, 0.20, 0.00, 0.00, 1.00, 0.00, 0.00, 1.00, 0.00, 1.00, 0.00, 1.00, 0.00, 1.00, 0.00, 0.00, 0.00, 0.00, 0.00, 0.00
876,  0,  29.405,  0.98,  1, 0.00, 0.00, 2.87, 0.00, 0.31, 0.60, 0.00, 1.58, 0.34, 0.75, 0.05, 0.76, 0.28, 0.28, 0.36, 0.78, 0.19, 0.00, 0.00, 1.00, 0.00, 0.00, 1.00, 0.00, 1.00, 0.00, 1.00, 0.00, 1.00, 0.00, 0.00, 0.00, 0.00, 0.00, 0.00
877,  0,  29.438,  0.98,  1, 0.00, 0.00, 2.74, 0.00, 0.33, 0.34, 0.00, 1.56, 0.31, 0.63, 0.03, 0.80, 0.28, 0.34, 0.33, 0.86, 0.19, 0.00, 0.00, 1.00, 0.00, 0.00, 0.00, 0.00, 1.00, 0.00, 1.00, 0.00, 1.00, 0.00, 0.00, 0.00, 0.00, 0.00, 0.00
878,  0,  29.472,  0.98,  1, 0.03, 0.00, 2.73, 0.02, 0.37, 0.33, 0.00, 1.60, 0.35, 0.52, 0.03, 0.89, 0.16, 0.36, 0.37, 0.90, 0.14, 0.00, 0.00, 1.00, 0.00, 0.00, 0.00, 0.00, 1.00, 0.00, 1.00, 0.00, 1.00, 0.00, 0.00, 0.00, 1.00, 0.00, 0.00
879,  0,  29.505,  0.98,  1, 0.03, 0.00, 2.74, 0.02, 0.37, 0.44, 0.00, 1.60, 0.37, 0.52, 0.08, 0.83, 0.00, 0.27, 0.34, 0.87, 0.08, 0.00, 0.00, 1.00, 0.00, 0.00, 0.00, 0.00, 1.00, 0.00, 1.00, 0.00, 1.00, 0.00, 0.00, 0.00, 1.00, 0.00, 0.00
880,  0,  29.539,  0.98,  1, 0.03, 0.00, 2.82, 0.02, 0.37, 0.71, 0.00, 1.60, 0.40, 0.66, 0.16, 0.89, 0.00, 0.25, 0.33, 0.94, 0.20, 0.00, 0.00, 1.00, 0.00, 0.00, 0.00, 0.00, 1.00, 0.00, 1.00, 0.00, 1.00, 0.00, 0.00, 0.00, 1.00, 0.00, 0.00
881,  0,  29.573,  0.98,  1, 0.00, 0.00, 2.75, 0.00, 0.37, 0.77, 0.00, 1.60, 0.39, 0.58, 0.17, 0.92, 0.00, 0.28, 0.26, 0.92, 0.14, 0.00, 0.00, 1.00, 0.00, 0.00, 0.00, 0.00, 1.00, 0.00, 1.00, 0.00, 1.00, 0.00, 0.00, 0.00, 1.00, 0.00, 0.00
882,  0,  29.606,  0.98,  1, 0.00, 0.00, 2.73, 0.00, 0.37, 0.78, 0.00, 1.62, 0.35, 0.56, 0.18, 1.01, 0.00, 0.35, 0.22, 0.96, 0.12, 0.00, 0.00, 1.00, 0.00, 0.00, 1.00, 0.00, 1.00, 0.00, 1.00, 0.00, 1.00, 0.00, 0.00, 0.00, 1.00, 0.00, 0.00
883,  0,  29.640,  0.98,  1, 0.00, 0.00, 2.72, 0.00, 0.33, 0.65, 0.00, 1.64, 0.33, 0.53, 0.27, 1.00, 0.00, 0.39, 0.17, 0.97, 0.01, 0.00, 0.00, 1.00, 0.00, 0.00, 1.00, 0.00, 1.00, 0.00, 1.00, 0.00, 1.00, 0.00, 0.00, 0.00, 1.00, 0.00, 0.00
884,  0,  29.673,  0.98,  1, 0.05, 0.00, 2.77, 0.00, 0.31, 0.60, 0.00, 1.57, 0.32, 0.60, 0.24, 1.01, 0.00, 0.43, 0.11, 0.96, 0.01, 0.00, 0.00, 1.00, 0.00, 0.00, 1.00, 0.00, 1.00, 0.00, 1.00, 0.00, 1.00, 0.00, 0.00, 0.00, 1.00, 0.00, 0.00
885,  0,  29.707,  0.98,  1, 0.10, 0.00, 2.81, 0.00, 0.31, 0.74, 0.00, 1.51, 0.39, 0.67, 0.34, 0.99, 0.00, 0.42, 0.17, 1.08, 0.01, 0.00, 0.00, 1.00, 0.00, 0.00, 1.00, 0.00, 1.00, 0.00, 1.00, 0.00, 1.00, 0.00, 0.00, 0.00, 1.00, 0.00, 0.00
886,  0,  29.741,  0.98,  1, 0.11, 0.00, 2.83, 0.00, 0.32, 0.77, 0.00, 1.55, 0.42, 0.67, 0.31, 0.97, 0.00, 0.37, 0.23, 1.10, 0.00, 0.00, 0.00, 1.00, 0.00, 0.00, 0.00, 0.00, 1.00, 0.00, 1.00, 0.00, 1.00, 0.00, 0.00, 0.00, 1.00, 0.00, 0.00
887,  0,  29.774,  0.98,  1, 0.06, 0.00, 2.83, 0.00, 0.29, 0.64, 0.00, 1.65, 0.49, 0.75, 0.39, 0.96, 0.00, 0.29, 0.21, 1.20, 0.00, 0.00, 0.00, 1.00, 0.00, 0.00, 0.00, 0.00, 1.00, 0.00, 1.00, 0.00, 1.00, 0.00, 0.00, 0.00, 1.00, 0.00, 0.00
888,  0,  29.808,  0.98,  1, 0.01, 0.00, 2.89, 0.00, 0.27, 0.48, 0.00, 1.68, 0.48, 0.79, 0.25, 0.97, 0.00, 0.27, 0.11, 1.20, 0.00, 0.00, 0.00, 1.00, 0.00, 0.00, 0.00, 0.00, 1.00, 0.00, 1.00, 0.00, 1.00, 0.00, 0.00, 0.00, 1.00, 0.00, 0.00
889,  0,  29.841,  0.98,  1, 0.00, 0.00, 2.90, 0.06, 0.27, 0.44, 0.00, 1.66, 0.48, 0.84, 0.10, 0.99, 0.00, 0.27, 0.02, 1.14, 0.12, 0.00, 0.00, 1.00, 0.00, 0.00, 0.00, 0.00, 1.00, 0.00, 1.00, 0.00, 1.00, 0.00, 0.00, 0.00, 1.00, 0.00, 0.00
890,  0,  29.875,  0.98,  1, 0.00, 0.00, 2.97, 0.10, 0.30, 0.54, 0.00, 1.55, 0.46, 0.83, 0.10, 1.03, 0.00, 0.28, 0.02, 1.13, 0.25, 0.00, 0.00, 1.00, 0.00, 0.00, 0.00, 0.00, 1.00, 0.00, 1.00, 0.00, 1.00, 0.00, 0.00, 0.00, 1.00, 0.00, 0.00
891,  0,  29.909,  0.98,  1, 0.00, 0.00, 2.99, 0.10, 0.33, 0.68, 0.05, 1.56, 0.44, 0.79, 0.18, 1.03, 0.00, 0.27, 0.00, 1.11, 0.34, 0.00, 0.00, 1.00, 0.00, 0.00, 1.00, 0.00, 1.00, 0.00, 1.00, 0.00, 1.00, 0.00, 0.00, 0.00, 1.00, 0.00, 0.00
892,  0,  29.942,  0.98,  1, 0.00, 0.00, 3.05, 0.04, 0.34, 0.76, 0.05, 1.55, 0.40, 0.71, 0.30, 1.03, 0.00, 0.24, 0.00, 1.12, 0.22, 0.00, 0.00, 1.00, 0.00, 0.00, 1.00, 0.00, 1.00, 0.00, 1.00, 0.00, 1.00, 0.00, 0.00, 0.00, 1.00, 0.00, 0.00
893,  0,  29.976,  0.98,  1, 0.00, 0.00, 3.01, 0.00, 0.33, 0.70, 0.05, 1.59, 0.34, 0.65, 0.28, 1.05, 0.00, 0.23, 0.00, 1.09, 0.09, 0.00, 0.00, 1.00, 0.00, 0.00, 1.00, 0.00, 1.00, 0.00, 1.00, 0.00, 1.00, 0.00, 0.00, 0.00, 1.00, 0.00, 0.00
894,  0,  30.009,  0.98,  1, 0.00, 0.00, 2.96, 0.00, 0.27, 0.53, 0.00, 1.63, 0.31, 0.56, 0.25, 1.17, 0.00, 0.25, 0.00, 0.94, 0.00, 0.00, 0.00, 1.00, 0.00, 0.00, 1.00, 0.00, 1.00, 0.00, 1.00, 0.00, 1.00, 0.00, 0.00, 0.00, 1.00, 0.00, 0.00
895,  0,  30.043,  0.98,  1, 0.00, 0.00, 2.94, 0.00, 0.26, 0.57, 0.00, 1.68, 0.27, 0.53, 0.14, 1.21, 0.02, 0.28, 0.00, 0.84, 0.00, 0.00, 0.00, 1.00, 0.00, 0.00, 1.00, 0.00, 1.00, 0.00, 1.00, 0.00, 1.00, 0.00, 0.00, 0.00, 1.00, 0.00, 0.00
896,  0,  30.077,  0.98,  1, 0.00, 0.00, 2.97, 0.00, 0.23, 0.53, 0.00, 1.65, 0.24, 0.52, 0.17, 1.18, 0.02, 0.29, 0.00, 0.83, 0.00, 0.00, 0.00, 1.00, 0.00, 0.00, 1.00, 0.00, 1.00, 0.00, 1.00, 0.00, 1.00, 0.00, 0.00, 0.00, 1.00, 0.00, 0.00
897,  0,  30.110,  0.98,  1, 0.00, 0.00, 2.93, 0.00, 0.27, 0.74, 0.00, 1.63, 0.20, 0.52, 0.20, 1.13, 0.02, 0.25, 0.00, 0.81, 0.00, 0.00, 0.00, 1.00, 0.00, 0.00, 1.00, 0.00, 1.00, 0.00, 1.00, 0.00, 1.00, 0.00, 0.00, 0.00, 1.00, 0.00, 0.00
898,  0,  30.144,  0.98,  1, 0.00, 0.00, 2.86, 0.00, 0.25, 0.69, 0.00, 1.65, 0.20, 0.45, 0.32, 1.16, 0.00, 0.19, 0.01, 0.84, 0.00, 0.00, 0.00, 1.00, 0.00, 0.00, 1.00, 0.00, 1.00, 0.00, 1.00, 0.00, 1.00, 0.00, 0.00, 0.00, 1.00, 0.00, 0.00
899,  0,  30.178,  0.98,  1, 0.00, 0.00, 2.79, 0.00, 0.26, 0.76, 0.03, 1.76, 0.18, 0.39, 0.23, 1.28, 0.00, 0.15, 0.01, 0.76, 0.00, 0.00, 0.00, 1.00, 0.00, 0.00, 1.00, 0.00, 1.00, 0.00, 1.00, 0.00, 1.00, 0.00, 0.00, 0.00, 1.00, 0.00, 0.00
900,  0,  30.211,  0.98,  1, 0.00, 0.00, 2.77, 0.00, 0.22, 0.48, 0.03, 1.83, 0.18, 0.36, 0.19, 1.21, 0.00, 0.18, 0.01, 0.74, 0.00, 0.00, 0.00, 1.00, 1.00, 0.00, 1.00, 0.00, 1.00, 0.00, 1.00, 0.00, 1.00, 0.00, 0.00, 0.00, 1.00, 0.00, 0.00
901,  0,  30.245,  0.98,  1, 0.00, 0.00, 2.67, 0.00, 0.21, 0.27, 0.03, 1.81, 0.18, 0.45, 0.05, 1.15, 0.00, 0.24, 0.18, 0.81, 0.00, 0.00, 0.00, 1.00, 1.00, 0.00, 1.00, 0.00, 1.00, 0.00, 1.00, 0.00, 1.00, 0.00, 0.00, 0.00, 1.00, 0.00, 0.00
902,  0,  30.278,  0.98,  1, 0.00, 0.00, 2.68, 0.00, 0.23, 0.25, 0.00, 1.75, 0.17, 0.43, 0.06, 1.04, 0.04, 0.21, 0.31, 0.81, 0.00, 0.00, 0.00, 1.00, 1.00, 0.00, 0.00, 0.00, 1.00, 0.00, 1.00, 0.00, 1.00, 0.00, 0.00, 0.00, 1.00, 0.00, 0.00
903,  0,  30.312,  0.98,  1, 0.00, 0.00, 2.62, 0.00, 0.24, 0.40, 0.00, 1.71, 0.12, 0.45, 0.17, 1.08, 0.07, 0.12, 0.52, 1.01, 0.00, 0.00, 0.00, 1.00, 1.00, 0.00, 0.00, 0.00, 1.00, 0.00, 1.00, 0.00, 1.00, 0.00, 0.00, 0.00, 1.00, 0.00, 0.00
904,  0,  30.346,  0.98,  1, 0.00, 0.00, 2.66, 0.00, 0.25, 0.45, 0.00, 1.68, 0.08, 0.36, 0.34, 1.11, 0.20, 0.03, 0.49, 1.05, 0.00, 0.00, 0.00, 1.00, 1.00, 0.00, 0.00, 0.00, 1.00, 0.00, 1.00, 0.00, 1.00, 0.00, 0.00, 0.00, 1.00, 0.00, 0.00
905,  0,  30.379,  0.98,  1, 0.00, 0.00, 2.56, 0.00, 0.21, 0.41, 0.00, 1.63, 0.10, 0.36, 0.33, 1.03, 0.24, 0.03, 0.52, 1.08, 0.00, 0.00, 0.00, 1.00, 1.00, 0.00, 0.00, 0.00, 1.00, 0.00, 1.00, 0.00, 1.00, 0.00, 0.00, 1.00, 1.00, 0.00, 0.00
906,  0,  30.413,  0.98,  1, 0.00, 0.00, 2.59, 0.04, 0.15, 0.28, 0.00, 1.59, 0.12, 0.32, 0.17, 0.90, 0.21, 0.04, 0.54, 0.89, 0.00, 0.00, 0.00, 1.00, 1.00, 0.00, 0.00, 0.00, 1.00, 0.00, 1.00, 0.00, 1.00, 0.00, 0.00, 1.00, 1.00, 0.00, 0.00
907,  0,  30.446,  0.98,  1, 0.00, 0.00, 2.59, 0.07, 0.12, 0.27, 0.00, 1.59, 0.15, 0.34, 0.01, 0.82, 0.08, 0.04, 0.63, 0.74, 0.00, 0.00, 0.00, 1.00, 1.00, 0.00, 0.00, 0.00, 1.00, 0.00, 1.00, 0.00, 1.00, 0.00, 0.00, 1.00, 1.00, 0.00, 0.00
908,  0,  30.480,  0.98,  1, 0.00, 0.00, 2.63, 0.07, 0.06, 0.20, 0.00, 1.55, 0.12, 0.38, 0.01, 0.83, 0.00, 0.08, 0.69, 0.71, 0.00, 0.00, 0.00, 1.00, 1.00, 0.00, 0.00, 0.00, 1.00, 0.00, 1.00, 0.00, 1.00, 0.00, 0.00, 1.00, 1.00, 0.00, 0.00
909,  0,  30.514,  0.98,  1, 0.00, 0.00, 2.64, 0.03, 0.09, 0.14, 0.00, 1.49, 0.10, 0.38, 0.01, 0.76, 0.00, 0.07, 0.74, 0.74, 0.00, 0.00, 0.00, 1.00, 1.00, 0.00, 0.00, 0.00, 1.00, 0.00, 1.00, 0.00, 1.00, 0.00, 0.00, 1.00, 1.00, 0.00, 0.00
910,  0,  30.547,  0.98,  1, 0.00, 0.00, 2.63, 0.02, 0.05, 0.10, 0.00, 1.43, 0.14, 0.44, 0.19, 0.67, 0.00, 0.08, 0.81, 0.71, 0.00, 0.00, 0.00, 1.00, 1.00, 0.00, 0.00, 0.00, 1.00, 0.00, 1.00, 0.00, 1.00, 0.00, 0.00, 1.00, 1.00, 0.00, 0.00
911,  0,  30.581,  0.98,  1, 0.00, 0.00, 2.63, 0.02, 0.04, 0.12, 0.00, 1.43, 0.19, 0.45, 0.31, 0.66, 0.00, 0.06, 0.80, 0.62, 0.00, 0.00, 0.00, 1.00, 1.00, 0.00, 0.00, 0.00, 1.00, 0.00, 1.00, 0.00, 1.00, 0.00, 0.00, 1.00, 1.00, 0.00, 0.00
912,  0,  30.614,  0.98,  1, 0.00, 0.00, 2.66, 0.02, 0.02, 0.26, 0.00, 1.30, 0.23, 0.48, 0.48, 0.73, 0.00, 0.07, 0.71, 0.51, 0.05, 0.00, 0.00, 1.00, 1.00, 0.00, 0.00, 0.00, 1.00, 0.00, 1.00, 0.00, 1.00, 0.00, 0.00, 1.00, 1.00, 0.00, 0.00
913,  0,  30.648,  0.98,  1, 0.00, 0.00, 2.72, 0.00, 0.04, 0.41, 0.00, 1.20, 0.17, 0.45, 0.35, 0.83, 0.00, 0.15, 0.60, 0.36, 0.10, 0.00, 0.00, 1.00, 0.00, 0.00, 0.00, 0.00, 1.00, 0.00, 1.00, 0.00, 1.00, 0.00, 0.00, 1.00, 1.00, 0.00, 0.00
914,  0,  30.682,  0.98,  1, 0.00, 0.00, 2.70, 0.00, 0.04, 0.55, 0.00, 1.20, 0.15, 0.46, 0.27, 0.80, 0.00, 0.18, 0.58, 0.32, 0.10, 0.00, 0.00, 1.00, 0.00, 0.00, 0.00, 0.00, 1.00, 0.00, 1.00, 0.00, 1.00, 0.00, 0.00, 0.00, 0.00, 0.00, 0.00
915,  0,  30.715,  0.98,  1, 0.00, 0.00, 2.65, 0.00, 0.03, 0.54, 0.00, 1.27, 0.14, 0.58, 0.11, 0.77, 0.00, 0.20, 0.58, 0.25, 0.06, 0.00, 0.00, 1.00, 0.00, 0.00, 0.00, 0.00, 1.00, 0.00, 1.00, 0.00, 1.00, 0.00, 0.00, 0.00, 0.00, 0.00, 0.00
916,  0,  30.749,  0.98,  1, 0.00, 0.00, 2.64, 0.00, 0.06, 0.71, 0.00, 1.24, 0.18, 0.73, 0.14, 0.63, 0.00, 0.16, 0.50, 0.33, 0.00, 0.00, 0.00, 1.00, 0.00, 0.00, 0.00, 0.00, 1.00, 0.00, 1.00, 0.00, 1.00, 0.00, 0.00, 0.00, 0.00, 0.00, 0.00
917,  0,  30.782,  0.98,  1, 0.00, 0.00, 2.67, 0.00, 0.12, 0.74, 0.00, 1.25, 0.24, 0.90, 0.16, 0.50, 0.00, 0.15, 0.40, 0.34, 0.00, 0.00, 0.00, 1.00, 0.00, 0.00, 0.00, 0.00, 1.00, 0.00, 1.00, 0.00, 0.00, 0.00, 0.00, 0.00, 0.00, 0.00, 0.00
918,  0,  30.816,  0.98,  1, 0.00, 0.00, 2.74, 0.03, 0.20, 0.89, 0.00, 1.30, 0.26, 0.89, 0.14, 0.38, 0.00, 0.16, 0.36, 0.46, 0.00, 0.00, 0.00, 1.00, 0.00, 0.00, 0.00, 0.00, 1.00, 0.00, 1.00, 0.00, 0.00, 0.00, 0.00, 0.00, 0.00, 0.00, 0.00
919,  0,  30.850,  0.98,  1, 0.00, 0.00, 2.72, 0.03, 0.23, 0.79, 0.00, 1.46, 0.28, 0.86, 0.18, 0.34, 0.10, 0.18, 0.42, 0.48, 0.00, 0.00, 0.00, 1.00, 0.00, 0.00, 1.00, 0.00, 1.00, 0.00, 1.00, 0.00, 0.00, 0.00, 0.00, 0.00, 0.00, 0.00, 0.00
920,  0,  30.883,  0.98,  1, 0.00, 0.00, 2.70, 0.03, 0.23, 0.86, 0.00, 1.61, 0.20, 0.70, 0.13, 0.29, 0.10, 0.23, 0.49, 0.39, 0.00, 0.00, 0.00, 1.00, 0.00, 0.00, 1.00, 0.00, 1.00, 0.00, 1.00, 0.00, 0.00, 0.00, 0.00, 0.00, 0.00, 0.00, 0.00
921,  0,  30.917,  0.98,  1, 0.00, 0.00, 2.74, 0.00, 0.21, 0.89, 0.00, 1.70, 0.21, 0.75, 0.17, 0.34, 0.10, 0.20, 0.48, 0.32, 0.00, 0.00, 0.00, 1.00, 0.00, 0.00, 1.00, 0.00, 1.00, 0.00, 1.00, 0.00, 0.00, 0.00, 0.00, 0.00, 0.00, 0.00, 0.00
922,  0,  30.950,  0.98,  1, 0.00, 0.00, 2.78, 0.00, 0.22, 1.06, 0.00, 1.74, 0.19, 0.78, 0.05, 0.38, 0.06, 0.21, 0.48, 0.29, 0.00, 0.00, 0.00, 1.00, 0.00, 0.00, 1.00, 0.00, 1.00, 0.00, 1.00, 0.00, 0.00, 0.00, 0.00, 0.00, 0.00, 0.00, 0.00
923,  0,  30.984,  0.98,  1, 0.00, 0.00, 2.77, 0.00, 0.24, 1.11, 0.01, 1.63, 0.26, 0.80, 0.19, 0.40, 0.15, 0.13, 0.44, 0.38, 0.00, 0.00, 0.00, 1.00, 0.00, 0.00, 1.00, 0.00, 1.00, 0.00, 1.00, 0.00, 0.00, 0.00, 0.00, 0.00, 0.00, 0.00, 0.00
924,  0,  31.018,  0.98,  1, 0.00, 0.00, 2.66, 0.00, 0.22, 1.02, 0.01, 1.57, 0.25, 0.76, 0.28, 0.31, 0.22, 0.14, 0.57, 0.41, 0.00, 0.00, 0.00, 1.00, 0.00, 0.00, 1.00, 0.00, 1.00, 0.00, 1.00, 0.00, 0.00, 0.00, 0.00, 0.00, 0.00, 0.00, 0.00
925,  0,  31.051,  0.98,  1, 0.00, 0.00, 2.52, 0.00, 0.20, 0.84, 0.01, 1.56, 0.28, 0.64, 0.38, 0.32, 0.18, 0.14, 0.54, 0.34, 0.00, 0.00, 0.00, 1.00, 0.00, 0.00, 1.00, 0.00, 1.00, 0.00, 1.00, 0.00, 0.00, 0.00, 0.00, 0.00, 0.00, 0.00, 0.00
926,  0,  31.085,  0.98,  1, 0.00, 0.00, 2.47, 0.00, 0.21, 0.81, 0.00, 1.65, 0.28, 0.69, 0.25, 0.37, 0.09, 0.19, 0.55, 0.28, 0.00, 0.00, 0.00, 1.00, 0.00, 0.00, 1.00, 0.00, 1.00, 0.00, 1.00, 0.00, 0.00, 0.00, 0.00, 0.00, 0.00, 0.00, 0.00
927,  0,  31.118,  0.98,  1, 0.00, 0.00, 2.49, 0.00, 0.25, 0.84, 0.00, 1.67, 0.29, 0.74, 0.15, 0.45, 0.02, 0.21, 0.37, 0.23, 0.00, 0.00, 0.00, 1.00, 0.00, 0.00, 1.00, 0.00, 1.00, 0.00, 1.00, 0.00, 0.00, 0.00, 0.00, 0.00, 0.00, 0.00, 0.00
928,  0,  31.152,  0.98,  1, 0.00, 0.00, 2.61, 0.00, 0.25, 0.99, 0.04, 1.57, 0.30, 0.78, 0.10, 0.37, 0.00, 0.14, 0.30, 0.31, 0.00, 0.00, 0.00, 1.00, 0.00, 0.00, 1.00, 0.00, 1.00, 0.00, 1.00, 0.00, 0.00, 0.00, 0.00, 0.00, 0.00, 0.00, 0.00
929,  0,  31.186,  0.98,  1, 0.00, 0.00, 2.73, 0.00, 0.25, 1.04, 0.04, 1.56, 0.30, 0.75, 0.16, 0.35, 0.00, 0.06, 0.23, 0.37, 0.00, 0.00, 0.00, 1.00, 0.00, 0.00, 1.00, 0.00, 1.00, 0.00, 1.00, 0.00, 1.00, 0.00, 0.00, 0.00, 0.00, 0.00, 0.00
930,  0,  31.219,  0.98,  1, 0.00, 0.00, 2.80, 0.05, 0.23, 1.19, 0.04, 1.47, 0.27, 0.63, 0.27, 0.36, 0.00, 0.01, 0.16, 0.36, 0.00, 0.00, 0.00, 1.00, 0.00, 0.00, 1.00, 0.00, 1.00, 0.00, 1.00, 0.00, 0.00, 0.00, 0.00, 0.00, 0.00, 0.00, 0.00
931,  0,  31.253,  0.98,  1, 0.00, 0.00, 2.83, 0.05, 0.24, 1.17, 0.03, 1.42, 0.20, 0.58, 0.35, 0.44, 0.03, 0.05, 0.12, 0.31, 0.00, 0.00, 0.00, 1.00, 0.00, 0.00, 1.00, 0.00, 1.00, 0.00, 1.00, 0.00, 0.00, 0.00, 0.00, 0.00, 0.00, 0.00, 0.00
932,  0,  31.286,  0.98,  1, 0.00, 0.00, 2.82, 0.05, 0.25, 1.17, 0.03, 1.34, 0.17, 0.54, 0.37, 0.45, 0.13, 0.06, 0.12, 0.27, 0.00, 0.00, 0.00, 1.00, 0.00, 0.00, 1.00, 0.00, 1.00, 0.00, 1.00, 0.00, 0.00, 0.00, 0.00, 0.00, 0.00, 0.00, 0.00
933,  0,  31.320,  0.98,  1, 0.00, 0.00, 2.84, 0.00, 0.27, 1.22, 0.05, 1.34, 0.16, 0.59, 0.27, 0.39, 0.19, 0.07, 0.19, 0.27, 0.00, 0.00, 0.00, 1.00, 0.00, 0.00, 1.00, 0.00, 1.00, 0.00, 1.00, 0.00, 0.00, 0.00, 0.00, 0.00, 0.00, 0.00, 0.00
934,  0,  31.354,  0.98,  1, 0.00, 0.00, 2.88, 0.00, 0.28, 1.22, 0.05, 1.39, 0.18, 0.70, 0.14, 0.29, 0.21, 0.05, 0.28, 0.25, 0.00, 0.00, 0.00, 1.00, 0.00, 0.00, 1.00, 0.00, 1.00, 0.00, 1.00, 0.00, 0.00, 0.00, 0.00, 0.00, 0.00, 0.00, 0.00
935,  0,  31.387,  0.98,  1, 0.00, 0.00, 2.86, 0.00, 0.26, 1.22, 0.05, 1.37, 0.17, 0.83, 0.04, 0.27, 0.13, 0.06, 0.31, 0.23, 0.00, 0.00, 0.00, 1.00, 0.00, 0.00, 1.00, 0.00, 1.00, 0.00, 1.00, 0.00, 0.00, 0.00, 0.00, 0.00, 0.00, 0.00, 0.00
936,  0,  31.421,  0.98,  1, 0.00, 0.00, 2.81, 0.00, 0.26, 1.10, 0.03, 1.37, 0.19, 0.88, 0.05, 0.30, 0.13, 0.09, 0.32, 0.22, 0.00, 0.00, 0.00, 1.00, 0.00, 0.00, 1.00, 0.00, 1.00, 0.00, 1.00, 0.00, 0.00, 0.00, 0.00, 0.00, 0.00, 0.00, 0.00
937,  0,  31.455,  0.98,  1, 0.00, 0.00, 2.84, 0.00, 0.27, 1.16, 0.00, 1.43, 0.20, 0.83, 0.05, 0.36, 0.16, 0.06, 0.26, 0.27, 0.00, 0.00, 0.00, 1.00, 0.00, 0.00, 1.00, 0.00, 1.00, 0.00, 1.00, 0.00, 0.00, 0.00, 0.00, 0.00, 0.00, 0.00, 0.00
938,  0,  31.488,  0.98,  1, 0.00, 0.04, 2.85, 0.00, 0.29, 1.16, 0.00, 1.47, 0.27, 0.89, 0.05, 0.39, 0.16, 0.04, 0.34, 0.28, 0.00, 0.00, 0.00, 1.00, 0.00, 0.00, 1.00, 0.00, 1.00, 0.00, 1.00, 0.00, 0.00, 0.00, 0.00, 0.00, 0.00, 0.00, 0.00
939,  0,  31.522,  0.98,  1, 0.01, 0.04, 2.88, 0.00, 0.28, 1.00, 0.08, 1.52, 0.27, 0.90, 0.01, 0.37, 0.12, 0.00, 0.31, 0.30, 0.00, 0.00, 0.00, 1.00, 0.00, 0.00, 1.00, 0.00, 1.00, 0.00, 1.00, 0.00, 0.00, 0.00, 0.00, 0.00, 0.00, 0.00, 0.00
940,  0,  31.555,  0.98,  1, 0.01, 0.04, 2.75, 0.04, 0.29, 0.75, 0.08, 1.57, 0.30, 0.73, 0.01, 0.37, 0.03, 0.00, 0.28, 0.21, 0.00, 0.00, 0.00, 1.00, 0.00, 0.00, 0.00, 0.00, 1.00, 0.00, 1.00, 0.00, 0.00, 0.00, 0.00, 0.00, 0.00, 0.00, 0.00
941,  0,  31.589,  0.98,  1, 0.01, 0.00, 2.63, 0.04, 0.33, 0.45, 0.08, 1.56, 0.24, 0.65, 0.01, 0.34, 0.03, 0.01, 0.30, 0.12, 0.00, 0.00, 0.00, 1.00, 0.00, 0.00, 0.00, 0.00, 1.00, 0.00, 1.00, 0.00, 0.00, 0.00, 0.00, 0.00, 0.00, 0.00, 0.00
942,  0,  31.623,  0.98,  1, 0.00, 0.00, 2.45, 0.04, 0.40, 0.26, 0.01, 1.65, 0.29, 0.58, 0.00, 0.32, 0.09, 0.04, 0.37, 0.03, 0.00, 0.00, 0.00, 1.00, 0.00, 0.00, 0.00, 0.00, 1.00, 0.00, 1.00, 0.00, 0.00, 0.00, 0.00, 0.00, 0.00, 0.00, 0.00
943,  0,  31.656,  0.98,  1, 0.00, 0.00, 2.42, 0.00, 0.42, 0.15, 0.05, 1.66, 0.34, 0.76, 0.00, 0.22, 0.16, 0.04, 0.42, 0.15, 0.00, 0.00, 0.00, 1.00, 1.00, 0.00, 0.00, 0.00, 1.00, 0.00, 1.00, 0.00, 0.00, 0.00, 0.00, 0.00, 0.00, 0.00, 0.00
944,  0,  31.690,  0.98,  1, 0.00, 0.00, 2.42, 0.00, 0.44, 0.35, 0.10, 1.63, 0.44, 0.62, 0.13, 0.19, 0.22, 0.02, 0.35, 0.29, 0.00, 0.00, 0.00, 1.00, 1.00, 0.00, 0.00, 0.00, 1.00, 0.00, 1.00, 0.00, 0.00, 0.00, 0.00, 0.00, 0.00, 0.00, 0.00
945,  0,  31.723,  0.98,  1, 0.03, 0.00, 2.55, 0.11, 0.41, 0.66, 0.10, 1.51, 0.44, 0.54, 0.26, 0.12, 0.19, 0.00, 0.36, 0.35, 0.00, 0.00, 0.00, 1.00, 1.00, 0.00, 0.00, 0.00, 1.00, 0.00, 1.00, 0.00, 0.00, 0.00, 0.00, 0.00, 0.00, 0.00, 0.00
946,  0,  31.757,  0.98,  1, 0.05, 0.00, 2.64, 0.11, 0.39, 0.86, 0.08, 1.46, 0.39, 0.36, 0.33, 0.17, 0.20, 0.00, 0.29, 0.21, 0.00, 0.00, 0.00, 1.00, 1.00, 0.00, 0.00, 0.00, 1.00, 0.00, 1.00, 0.00, 0.00, 0.00, 0.00, 0.00, 0.00, 0.00, 0.00
947,  0,  31.791,  0.98,  1, 0.05, 0.00, 2.72, 0.11, 0.34, 0.80, 0.03, 1.43, 0.34, 0.36, 0.20, 0.16, 0.18, 0.00, 0.38, 0.13, 0.00, 0.00, 0.00, 1.00, 1.00, 0.00, 0.00, 0.00, 1.00, 0.00, 1.00, 0.00, 0.00, 0.00, 0.00, 0.00, 0.00, 0.00, 0.00
948,  0,  31.824,  0.98,  1, 0.07, 0.00, 2.74, 0.06, 0.31, 0.66, 0.03, 1.42, 0.31, 0.44, 0.10, 0.17, 0.24, 0.00, 0.32, 0.07, 0.00, 0.00, 0.00, 1.00, 1.00, 0.00, 0.00, 0.00, 1.00, 0.00, 1.00, 0.00, 0.00, 0.00, 0.00, 0.00, 0.00, 0.00, 0.00
949,  0,  31.858,  0.98,  1, 0.04, 0.00, 2.76, 0.06, 0.26, 0.55, 0.00, 1.40, 0.33, 0.54, 0.03, 0.15, 0.16, 0.01, 0.37, 0.27, 0.00, 0.00, 0.00, 1.00, 0.00, 0.00, 0.00, 0.00, 1.00, 0.00, 1.00, 0.00, 0.00, 0.00, 0.00, 0.00, 0.00, 0.00, 0.00
950,  0,  31.891,  0.98,  1, 0.04, 0.00, 2.78, 0.06, 0.26, 0.58, 0.00, 1.48, 0.33, 0.56, 0.03, 0.15, 0.10, 0.02, 0.29, 0.36, 0.00, 0.00, 0.00, 1.00, 0.00, 0.00, 0.00, 0.00, 1.00, 0.00, 1.00, 0.00, 0.00, 0.00, 0.00, 0.00, 0.00, 0.00, 0.00
951,  0,  31.925,  0.98,  1, 0.00, 0.00, 2.76, 0.00, 0.30, 0.57, 0.00, 1.41, 0.32, 0.53, 0.00, 0.19, 0.00, 0.02, 0.34, 0.46, 0.00, 0.00, 0.00, 1.00, 0.00, 0.00, 0.00, 0.00, 1.00, 0.00, 1.00, 0.00, 0.00, 0.00, 0.00, 0.00, 0.00, 0.00, 0.00
952,  0,  31.959,  0.98,  1, 0.00, 0.00, 2.77, 0.00, 0.35, 0.66, 0.00, 1.46, 0.32, 0.52, 0.00, 0.14, 0.00, 0.01, 0.35, 0.38, 0.00, 0.00, 0.00, 1.00, 0.00, 0.00, 0.00, 0.00, 1.00, 0.00, 1.00, 0.00, 0.00, 0.00, 0.00, 0.00, 0.00, 0.00, 0.00
953,  0,  31.992,  0.98,  1, 0.00, 0.00, 2.76, 0.00, 0.37, 0.55, 0.01, 1.36, 0.31, 0.52, 0.00, 0.09, 0.00, 0.00, 0.39, 0.37, 0.00, 0.00, 0.00, 1.00, 0.00, 0.00, 1.00, 0.00, 1.00, 0.00, 1.00, 0.00, 0.00, 0.00, 0.00, 0.00, 0.00, 0.00, 0.00
954,  0,  32.026,  0.98,  1, 0.00, 0.00, 2.70, 0.00, 0.39, 0.50, 0.03, 1.44, 0.34, 0.51, 0.00, 0.03, 0.00, 0.00, 0.42, 0.44, 0.00, 0.00, 0.00, 1.00, 0.00, 0.00, 1.00, 0.00, 1.00, 0.00, 1.00, 0.00, 0.00, 0.00, 0.00, 0.00, 0.00, 0.00, 0.00
955,  0,  32.059,  0.98,  1, 0.00, 0.00, 2.62, 0.00, 0.40, 0.25, 0.03, 1.39, 0.32, 0.55, 0.00, 0.05, 0.00, 0.00, 0.49, 0.52, 0.00, 0.00, 0.00, 1.00, 0.00, 0.00, 1.00, 0.00, 1.00, 0.00, 1.00, 0.00, 0.00, 0.00, 0.00, 0.00, 0.00, 0.00, 0.00
956,  0,  32.093,  0.98,  1, 0.00, 0.00, 2.56, 0.00, 0.43, 0.20, 0.02, 1.47, 0.32, 0.63, 0.00, 0.11, 0.01, 0.00, 0.46, 0.56, 0.00, 0.00, 0.00, 1.00, 0.00, 0.00, 1.00, 0.00, 1.00, 0.00, 1.00, 0.00, 0.00, 0.00, 0.00, 0.00, 0.00, 0.00, 0.00
957,  0,  32.127,  0.98,  1, 0.00, 0.00, 2.62, 0.00, 0.42, 0.32, 0.00, 1.42, 0.29, 0.62, 0.00, 0.26, 0.03, 0.00, 0.45, 0.58, 0.00, 0.00, 0.00, 1.00, 0.00, 0.00, 1.00, 0.00, 1.00, 0.00, 1.00, 0.00, 0.00, 0.00, 0.00, 0.00, 0.00, 0.00, 0.00
958,  0,  32.160,  0.98,  1, 0.00, 0.00, 2.74, 0.00, 0.44, 0.53, 0.00, 1.50, 0.30, 0.48, 0.00, 0.37, 0.03, 0.00, 0.35, 0.57, 0.00, 0.00, 0.00, 1.00, 0.00, 0.00, 1.00, 0.00, 1.00, 0.00, 1.00, 0.00, 0.00, 0.00, 0.00, 0.00, 0.00, 0.00, 0.00
959,  0,  32.194,  0.98,  1, 0.00, 0.00, 2.88, 0.01, 0.40, 0.56, 0.00, 1.57, 0.28, 0.42, 0.00, 0.44, 0.02, 0.00, 0.32, 0.61, 0.00, 0.00, 0.00, 1.00, 0.00, 0.00, 1.00, 0.00, 1.00, 0.00, 1.00, 0.00, 0.00, 0.00, 0.00, 0.00, 0.00, 0.00, 0.00
960,  0,  32.227,  0.98,  1, 0.00, 0.00, 2.93, 0.01, 0.39, 0.55, 0.02, 1.66, 0.29, 0.49, 0.00, 0.44, 0.00, 0.02, 0.19, 0.49, 0.00, 0.00, 0.00, 1.00, 0.00, 0.00, 1.00, 0.00, 1.00, 0.00, 1.00, 0.00, 0.00, 0.00, 0.00, 0.00, 0.00, 0.00, 0.00
961,  0,  32.261,  0.98,  1, 0.00, 0.00, 2.86, 0.01, 0.35, 0.46, 0.02, 1.65, 0.30, 0.63, 0.00, 0.47, 0.00, 0.04, 0.15, 0.45, 0.00, 0.00, 0.00, 1.00, 0.00, 0.00, 1.00, 0.00, 1.00, 0.00, 1.00, 0.00, 0.00, 0.00, 0.00, 0.00, 0.00, 0.00, 0.00
962,  0,  32.295,  0.98,  1, 0.00, 0.00, 2.80, 0.00, 0.34, 0.54, 0.04, 1.66, 0.25, 0.58, 0.00, 0.57, 0.00, 0.08, 0.12, 0.29, 0.00, 0.00, 0.00, 1.00, 0.00, 0.00, 1.00, 0.00, 1.00, 0.00, 1.00, 0.00, 0.00, 0.00, 0.00, 0.00, 0.00, 0.00, 0.00
963,  0,  32.328,  0.98,  1, 0.00, 0.00, 2.75, 0.00, 0.37, 0.52, 0.02, 1.76, 0.23, 0.56, 0.00, 0.58, 0.00, 0.05, 0.11, 0.29, 0.00, 0.00, 0.00, 1.00, 0.00, 0.00, 1.00, 0.00, 1.00, 0.00, 1.00, 0.00, 0.00, 0.00, 0.00, 0.00, 0.00, 0.00, 0.00
964,  0,  32.362,  0.98,  1, 0.00, 0.00, 2.71, 0.00, 0.38, 0.68, 0.07, 1.80, 0.14, 0.42, 0.00, 0.59, 0.00, 0.03, 0.09, 0.17, 0.00, 0.00, 0.00, 1.00, 0.00, 0.00, 1.00, 0.00, 1.00, 0.00, 1.00, 0.00, 0.00, 0.00, 0.00, 0.00, 0.00, 0.00, 0.00
965,  0,  32.395,  0.98,  1, 0.00, 0.00, 2.64, 0.00, 0.39, 0.76, 0.07, 1.80, 0.15, 0.40, 0.10, 0.49, 0.04, 0.00, 0.03, 0.10, 0.00, 0.00, 0.00, 1.00, 0.00, 0.00, 1.00, 0.00, 1.00, 0.00, 1.00, 0.00, 1.00, 0.00, 0.00, 0.00, 0.00, 0.00, 0.00
966,  0,  32.429,  0.98,  1, 0.01, 0.00, 2.64, 0.00, 0.38, 0.81, 0.07, 1.79, 0.15, 0.29, 0.16, 0.57, 0.07, 0.00, 0.09, 0.11, 0.00, 0.00, 0.00, 1.00, 1.00, 0.00, 1.00, 0.00, 1.00, 0.00, 1.00, 0.00, 0.00, 0.00, 0.00, 0.00, 0.00, 0.00, 0.00
967,  0,  32.463,  0.98,  1, 0.03, 0.00, 2.71, 0.00, 0.42, 0.79, 0.02, 1.79, 0.20, 0.35, 0.16, 0.67, 0.06, 0.04, 0.07, 0.14, 0.00, 0.00, 0.00, 1.00, 1.00, 0.00, 1.00, 0.00, 1.00, 0.00, 1.00, 0.00, 0.00, 0.00, 0.00, 0.00, 0.00, 0.00, 0.00
968,  0,  32.496,  0.98,  1, 0.03, 0.00, 2.80, 0.00, 0.48, 0.84, 0.00, 1.80, 0.19, 0.35, 0.06, 0.71, 0.03, 0.08, 0.07, 0.17, 0.00, 0.00, 0.00, 1.00, 1.00, 0.00, 1.00, 0.00, 1.00, 0.00, 1.00, 0.00, 0.00, 0.00, 0.00, 0.00, 0.00, 0.00, 0.00
969,  0,  32.530,  0.98,  1, 0.02, 0.01, 2.84, 0.05, 0.51, 0.79, 0.00, 1.75, 0.15, 0.24, 0.04, 0.67, 0.00, 0.09, 0.10, 0.28, 0.00, 0.00, 0.00, 1.00, 1.00, 0.00, 1.00, 0.00, 1.00, 0.00, 1.00, 0.00, 0.00, 0.00, 0.00, 0.00, 0.00, 0.00, 0.00
970,  0,  32.563,  0.98,  1, 0.00, 0.01, 2.85, 0.06, 0.51, 0.77, 0.07, 1.74, 0.14, 0.18, 0.04, 0.55, 0.00, 0.05, 0.10, 0.28, 0.00, 0.00, 0.00, 1.00, 1.00, 0.00, 1.00, 0.00, 1.00, 0.00, 1.00, 0.00, 0.00, 0.00, 0.00, 0.00, 0.00, 0.00, 0.00
971,  0,  32.597,  0.98,  1, 0.02, 0.01, 2.83, 0.10, 0.51, 0.80, 0.10, 1.68, 0.16, 0.24, 0.04, 0.43, 0.00, 0.02, 0.10, 0.25, 0.00, 0.00, 0.00, 1.00, 1.00, 0.00, 1.00, 0.00, 1.00, 0.00, 1.00, 0.00, 0.00, 0.00, 0.00, 0.00, 0.00, 0.00, 0.00
972,  0,  32.631,  0.98,  1, 0.04, 0.00, 2.82, 0.08, 0.49, 0.84, 0.16, 1.62, 0.17, 0.53, 0.00, 0.34, 0.00, 0.00, 0.05, 0.09, 0.00, 0.00, 0.00, 1.00, 1.00, 0.00, 1.00, 0.00, 1.00, 0.00, 1.00, 0.00, 0.00, 0.00, 0.00, 0.00, 0.00, 0.00, 0.00
973,  0,  32.664,  0.98,  1, 0.04, 0.00, 2.77, 0.07, 0.49, 0.80, 0.09, 1.60, 0.20, 0.60, 0.00, 0.22, 0.02, 0.00, 0.12, 0.04, 0.00, 0.00, 0.00, 1.00, 1.00, 0.00, 1.00, 0.00, 1.00, 0.00, 1.00, 0.00, 0.00, 0.00, 0.00, 0.00, 0.00, 0.00, 0.00
974,  0,  32.698,  0.98,  1, 0.04, 0.00, 2.83, 0.03, 0.47, 0.66, 0.13, 1.61, 0.18, 0.55, 0.00, 0.22, 0.02, 0.00, 0.22, 0.04, 0.00, 0.00, 0.00, 1.00, 1.00, 0.00, 1.00, 0.00, 1.00, 0.00, 1.00, 0.00, 0.00, 0.00, 0.00, 0.00, 0.00, 0.00, 0.00
975,  0,  32.732,  0.98,  1, 0.02, 0.00, 2.86, 0.00, 0.49, 0.68, 0.11, 1.62, 0.20, 0.44, 0.00, 0.20, 0.02, 0.00, 0.20, 0.09, 0.00, 0.00, 0.00, 1.00, 1.00, 0.00, 1.00, 0.00, 1.00, 0.00, 1.00, 0.00, 0.00, 0.00, 0.00, 0.00, 0.00, 0.00, 0.00
976,  0,  32.765,  0.98,  1, 0.02, 0.00, 2.88, 0.00, 0.46, 0.68, 0.15, 1.64, 0.21, 0.58, 0.00, 0.23, 0.01, 0.00, 0.16, 0.23, 0.00, 0.00, 0.00, 1.00, 1.00, 0.00, 1.00, 0.00, 1.00, 0.00, 1.00, 0.00, 0.00, 0.00, 0.00, 0.00, 0.00, 0.00, 0.00
977,  0,  32.799,  0.98,  1, 0.00, 0.00, 2.80, 0.00, 0.48, 0.55, 0.10, 1.72, 0.29, 0.64, 0.00, 0.27, 0.01, 0.00, 0.13, 0.29, 0.00, 0.00, 0.00, 1.00, 1.00, 0.00, 1.00, 0.00, 1.00, 0.00, 1.00, 0.00, 0.00, 0.00, 0.00, 0.00, 0.00, 0.00, 0.00
978,  0,  32.832,  0.98,  1, 0.00, 0.00, 2.81, 0.00, 0.44, 0.46, 0.06, 1.83, 0.33, 0.58, 0.00, 0.33, 0.01, 0.00, 0.13, 0.21, 0.00, 0.00, 0.00, 1.00, 1.00, 0.00, 1.00, 0.00, 1.00, 0.00, 1.00, 0.00, 0.00, 0.00, 0.00, 0.00, 0.00, 0.00, 0.00
979,  0,  32.866,  0.98,  1, 0.00, 0.00, 2.84, 0.06, 0.47, 0.53, 0.02, 1.83, 0.35, 0.40, 0.03, 0.30, 0.00, 0.00, 0.15, 0.08, 0.00, 0.00, 0.00, 1.00, 1.00, 0.00, 1.00, 0.00, 1.00, 0.00, 1.00, 0.00, 0.00, 0.00, 0.00, 0.00, 0.00, 0.00, 0.00
980,  0,  32.900,  0.98,  1, 0.00, 0.00, 2.90, 0.06, 0.46, 0.77, 0.02, 1.79, 0.27, 0.36, 0.06, 0.29, 0.13, 0.00, 0.10, 0.05, 0.00, 0.00, 0.00, 1.00, 1.00, 0.00, 1.00, 0.00, 1.00, 0.00, 1.00, 0.00, 0.00, 0.00, 0.00, 0.00, 0.00, 0.00, 0.00
981,  0,  32.933,  0.98,  1, 0.00, 0.00, 2.92, 0.06, 0.47, 0.88, 0.02, 1.76, 0.23, 0.43, 0.09, 0.27, 0.30, 0.00, 0.15, 0.12, 0.00, 0.00, 0.00, 1.00, 1.00, 0.00, 1.00, 0.00, 1.00, 0.00, 1.00, 0.00, 0.00, 0.00, 0.00, 0.00, 0.00, 0.00, 0.00
982,  0,  32.967,  0.98,  1, 0.00, 0.00, 2.91, 0.05, 0.43, 0.80, 0.02, 1.81, 0.20, 0.42, 0.12, 0.36, 0.51, 0.00, 0.12, 0.19, 0.00, 0.00, 0.00, 1.00, 1.00, 0.00, 1.00, 0.00, 1.00, 0.00, 1.00, 0.00, 0.00, 0.00, 0.00, 0.00, 0.00, 0.00, 0.00
983,  0,  33.000,  0.98,  1, 0.00, 0.00, 2.86, 0.12, 0.39, 0.64, 0.03, 1.87, 0.21, 0.33, 0.29, 0.41, 0.58, 0.00, 0.10, 0.30, 0.00, 0.00, 0.00, 1.00, 1.00, 0.00, 1.00, 0.00, 1.00, 0.00, 1.00, 0.00, 0.00, 0.00, 0.00, 0.00, 0.00, 0.00, 0.00
984,  0,  33.034,  0.98,  1, 0.00, 0.00, 2.78, 0.18, 0.39, 0.50, 0.10, 1.92, 0.19, 0.15, 0.48, 0.40, 0.61, 0.00, 0.02, 0.32, 0.00, 0.00, 0.00, 1.00, 1.00, 0.00, 1.00, 0.00, 1.00, 0.00, 1.00, 0.00, 0.00, 0.00, 0.00, 0.00, 0.00, 0.00, 0.00
985,  0,  33.068,  0.98,  1, 0.00, 0.00, 2.74, 0.16, 0.39, 0.44, 0.14, 1.92, 0.14, 0.08, 0.55, 0.40, 0.55, 0.00, 0.00, 0.29, 0.00, 0.00, 0.00, 1.00, 1.00, 0.00, 1.00, 0.00, 1.00, 0.00, 1.00, 1.00, 0.00, 0.00, 0.00, 0.00, 0.00, 0.00, 0.00
986,  0,  33.101,  0.98,  1, 0.00, 0.00, 2.69, 0.09, 0.42, 0.41, 0.15, 1.97, 0.14, 0.09, 0.41, 0.41, 0.36, 0.00, 0.00, 0.20, 0.00, 0.00, 0.00, 1.00, 1.00, 0.00, 1.00, 0.00, 1.00, 0.00, 1.00, 1.00, 0.00, 0.00, 0.00, 0.00, 0.00, 0.00, 0.00
987,  0,  33.135,  0.98,  1, 0.00, 0.00, 2.67, 0.03, 0.41, 0.48, 0.17, 2.04, 0.11, 0.16, 0.35, 0.44, 0.27, 0.00, 0.00, 0.12, 0.00, 0.00, 0.00, 1.00, 1.00, 0.00, 1.00, 0.00, 1.00, 0.00, 1.00, 1.00, 0.00, 0.00, 0.00, 0.00, 0.00, 0.00, 0.00
988,  0,  33.168,  0.98,  1, 0.00, 0.00, 2.68, 0.00, 0.42, 0.50, 0.20, 2.23, 0.14, 0.13, 0.45, 0.48, 0.15, 0.00, 0.00, 0.14, 0.00, 0.00, 0.00, 1.00, 1.00, 0.00, 1.00, 0.00, 1.00, 0.00, 1.00, 1.00, 0.00, 0.00, 0.00, 0.00, 0.00, 0.00, 0.00
989,  0,  33.202,  0.98,  1, 0.00, 0.00, 2.75, 0.05, 0.37, 0.48, 0.22, 2.32, 0.10, 0.07, 0.57, 0.53, 0.22, 0.00, 0.00, 0.19, 0.00, 0.00, 0.00, 1.00, 1.00, 0.00, 1.00, 0.00, 1.00, 0.00, 0.00, 1.00, 0.00, 0.00, 0.00, 0.00, 0.00, 0.00, 0.00
990,  0,  33.236,  0.98,  1, 0.00, 0.00, 2.83, 0.07, 0.36, 0.33, 0.25, 2.36, 0.07, 0.00, 0.63, 0.57, 0.16, 0.00, 0.00, 0.26, 0.00, 0.00, 0.00, 1.00, 1.00, 0.00, 1.00, 0.00, 1.00, 0.00, 0.00, 1.00, 0.00, 0.00, 0.00, 0.00, 0.00, 0.00, 0.00
991,  0,  33.269,  0.98,  1, 0.04, 0.04, 2.94, 0.14, 0.37, 0.36, 0.29, 2.29, 0.08, 0.00, 0.62, 0.59, 0.26, 0.00, 0.00, 0.25, 0.00, 0.00, 0.00, 1.00, 1.00, 0.00, 1.00, 0.00, 1.00, 0.00, 0.00, 1.00, 0.00, 0.00, 0.00, 0.00, 0.00, 0.00, 0.00
992,  0,  33.303,  0.98,  1, 0.04, 0.07, 3.01, 0.25, 0.39, 0.32, 0.37, 2.29, 0.10, 0.00, 0.80, 0.61, 0.36, 0.00, 0.00, 0.25, 0.00, 0.00, 0.00, 1.00, 1.00, 0.00, 1.00, 0.00, 1.00, 0.00, 0.00, 1.00, 0.00, 0.00, 0.00, 0.00, 0.00, 0.00, 0.00
993,  0,  33.336,  0.98,  1, 0.06, 0.07, 3.11, 0.30, 0.43, 0.46, 0.39, 2.32, 0.11, 0.00, 1.03, 0.68, 0.50, 0.00, 0.00, 0.29, 0.00, 0.00, 0.00, 1.00, 1.00, 0.00, 1.00, 0.00, 1.00, 0.00, 0.00, 1.00, 0.00, 0.00, 0.00, 0.00, 0.00, 0.00, 0.00
994,  0,  33.370,  0.98,  1, 0.08, 0.10, 3.09, 0.27, 0.43, 0.42, 0.37, 2.40, 0.07, 0.01, 1.20, 0.74, 0.54, 0.00, 0.00, 0.31, 0.00, 0.00, 0.00, 1.00, 1.00, 0.00, 1.00, 0.00, 1.00, 0.00, 0.00, 1.00, 0.00, 0.00, 0.00, 0.00, 0.00, 0.00, 0.00
995,  0,  33.404,  0.98,  1, 0.10, 0.07, 3.01, 0.12, 0.46, 0.46, 0.36, 2.41, 0.07, 0.01, 1.11, 0.72, 0.52, 0.00, 0.00, 0.23, 0.00, 0.00, 0.00, 1.00, 1.00, 0.00, 1.00, 0.00, 1.00, 0.00, 0.00, 1.00, 0.00, 0.00, 0.00, 0.00, 0.00, 0.00, 0.00
996,  0,  33.437,  0.98,  1, 0.07, 0.07, 2.91, 0.12, 0.45, 0.47, 0.35, 2.44, 0.11, 0.17, 1.10, 0.66, 0.57, 0.00, 0.00, 0.20, 0.00, 0.00, 0.00, 1.00, 1.00, 0.00, 1.00, 0.00, 1.00, 0.00, 0.00, 1.00, 0.00, 0.00, 0.00, 0.00, 0.00, 0.00, 0.00
997,  0,  33.471,  0.98,  1, 0.05, 0.00, 2.85, 0.13, 0.41, 0.49, 0.36, 2.38, 0.16, 0.32, 1.04, 0.54, 0.43, 0.00, 0.00, 0.15, 0.00, 0.00, 0.00, 1.00, 0.00, 0.00, 1.00, 0.00, 1.00, 0.00, 1.00, 1.00, 0.00, 0.00, 0.00, 0.00, 0.00, 0.00, 0.00
998,  0,  33.504,  0.98,  1, 0.09, 0.00, 2.89, 0.13, 0.40, 0.52, 0.38, 2.38, 0.16, 0.44, 0.97, 0.52, 0.38, 0.00, 0.05, 0.19, 0.00, 0.00, 0.00, 1.00, 0.00, 0.00, 1.00, 0.00, 1.00, 0.00, 1.00, 1.00, 0.00, 0.00, 0.00, 0.00, 0.00, 0.00, 0.00
999,  0,  33.538,  0.98,  1, 0.12, 0.00, 3.00, 0.06, 0.40, 0.55, 0.36, 2.30, 0.19, 0.48, 0.84, 0.55, 0.25, 0.00, 0.07, 0.17, 0.00, 0.00, 0.00, 1.00, 0.00, 0.00, 1.00, 0.00, 1.00, 0.00, 1.00, 1.00, 0.00, 0.00, 0.00, 0.00, 0.00, 0.00, 0.00
1000,  0,  33.572,  0.98,  1, 0.09, 0.00, 3.05, 0.00, 0.45, 0.47, 0.40, 2.32, 0.23, 0.42, 0.85, 0.68, 0.27, 0.00, 0.10, 0.33, 0.00, 0.00, 0.00, 1.00, 1.00, 0.00, 1.00, 0.00, 1.00, 0.00, 1.00, 1.00, 0.00, 0.00, 0.00, 0.00, 0.00, 0.00, 0.00
1001,  0,  33.605,  0.98,  1, 0.10, 0.00, 3.05, 0.00, 0.46, 0.33, 0.41, 2.30, 0.29, 0.45, 0.90, 0.66, 0.29, 0.00, 0.14, 0.43, 0.00, 0.00, 0.00, 1.00, 1.00, 0.00, 1.00, 0.00, 1.00, 0.00, 1.00, 1.00, 0.00, 0.00, 0.00, 0.00, 0.00, 0.00, 0.00
1002,  0,  33.639,  0.98,  1, 0.08, 0.00, 3.02, 0.00, 0.48, 0.35, 0.49, 2.30, 0.26, 0.35, 0.78, 0.56, 0.38, 0.00, 0.16, 0.53, 0.00, 0.00, 0.00, 1.00, 1.00, 0.00, 1.00, 0.00, 1.00, 0.00, 1.00, 1.00, 0.00, 0.00, 0.00, 0.00, 0.00, 0.00, 0.00
1003,  0,  33.672,  0.98,  1, 0.10, 0.01, 3.07, 0.02, 0.46, 0.37, 0.48, 2.27, 0.24, 0.47, 0.70, 0.49, 0.44, 0.00, 0.12, 0.51, 0.00, 0.00, 0.00, 1.00, 1.00, 0.00, 1.00, 0.00, 1.00, 0.00, 1.00, 1.00, 0.00, 0.00, 0.00, 0.00, 0.00, 0.00, 0.00
1004,  0,  33.706,  0.98,  1, 0.03, 0.01, 3.14, 0.02, 0.49, 0.50, 0.49, 2.20, 0.19, 0.49, 0.69, 0.53, 0.49, 0.00, 0.08, 0.56, 0.00, 0.00, 0.00, 1.00, 1.00, 0.00, 1.00, 0.00, 1.00, 0.00, 1.00, 1.00, 0.00, 0.00, 0.00, 0.00, 0.00, 0.00, 0.00
1005,  0,  33.740,  0.98,  1, 0.03, 0.01, 3.14, 0.02, 0.52, 0.49, 0.43, 2.20, 0.24, 0.65, 0.69, 0.54, 0.37, 0.00, 0.05, 0.60, 0.00, 0.00, 0.00, 1.00, 1.00, 0.00, 1.00, 0.00, 1.00, 0.00, 1.00, 1.00, 0.00, 0.00, 0.00, 0.00, 0.00, 0.00, 0.00
1006,  0,  33.773,  0.98,  1, 0.04, 0.00, 3.17, 0.00, 0.53, 0.53, 0.48, 2.19, 0.24, 0.65, 0.65, 0.43, 0.46, 0.00, 0.05, 0.68, 0.00, 0.00, 0.00, 1.00, 0.00, 0.00, 1.00, 0.00, 1.00, 0.00, 1.00, 1.00, 0.00, 0.00, 0.00, 0.00, 0.00, 0.00, 0.00
1007,  0,  33.807,  0.98,  1, 0.12, 0.00, 3.37, 0.00, 0.57, 0.52, 0.58, 2.33, 0.34, 0.78, 0.54, 0.36, 0.51, 0.00, 0.01, 0.64, 0.00, 0.00, 0.00, 1.00, 0.00, 0.00, 1.00, 0.00, 1.00, 0.00, 1.00, 1.00, 0.00, 0.00, 0.00, 0.00, 0.00, 0.00, 0.00
1008,  0,  33.840,  0.98,  1, 0.13, 0.03, 3.54, 0.09, 0.62, 0.44, 0.65, 2.45, 0.41, 0.78, 0.52, 0.36, 0.58, 0.00, 0.09, 0.62, 0.00, 0.00, 0.00, 1.00, 0.00, 0.00, 1.00, 1.00, 1.00, 0.00, 1.00, 1.00, 0.00, 0.00, 0.00, 0.00, 0.00, 0.00, 0.00
1009,  0,  33.874,  0.98,  1, 0.21, 0.08, 3.72, 0.14, 0.71, 0.46, 0.73, 2.53, 0.48, 0.95, 0.48, 0.45, 0.57, 0.01, 0.09, 0.55, 0.00, 0.00, 0.00, 1.00, 0.00, 0.00, 1.00, 1.00, 1.00, 0.00, 1.00, 1.00, 0.00, 0.00, 0.00, 0.00, 0.00, 0.00, 0.00
1010,  0,  33.908,  0.98,  1, 0.21, 0.08, 3.69, 0.21, 0.75, 0.52, 0.69, 2.51, 0.50, 0.97, 0.47, 0.43, 0.47, 0.01, 0.11, 0.44, 0.00, 0.00, 0.00, 1.00, 0.00, 0.00, 1.00, 1.00, 1.00, 0.00, 1.00, 1.00, 0.00, 0.00, 0.00, 0.00, 0.00, 0.00, 0.00
1011,  0,  33.941,  0.98,  1, 0.27, 0.05, 3.71, 0.12, 0.74, 0.49, 0.71, 2.49, 0.46, 0.93, 0.42, 0.32, 0.44, 0.01, 0.10, 0.41, 0.00, 0.00, 0.00, 1.00, 0.00, 0.00, 1.00, 1.00, 1.00, 0.00, 1.00, 1.00, 0.00, 0.00, 0.00, 0.00, 0.00, 0.00, 0.00
1012,  0,  33.975,  0.98,  1, 0.21, 0.00, 3.69, 0.12, 0.69, 0.43, 0.66, 2.53, 0.40, 0.89, 0.24, 0.25, 0.24, 0.00, 0.17, 0.29, 0.00, 0.00, 0.00, 1.00, 0.00, 0.00, 1.00, 1.00, 1.00, 0.00, 1.00, 1.00, 0.00, 0.00, 0.00, 0.00, 0.00, 0.00, 0.00
1013,  0,  34.009,  0.98,  1, 0.23, 0.00, 3.67, 0.06, 0.61, 0.41, 0.66, 2.58, 0.37, 0.91, 0.25, 0.25, 0.25, 0.00, 0.20, 0.33, 0.00, 0.00, 0.00, 1.00, 0.00, 0.00, 1.00, 1.00, 1.00, 0.00, 1.00, 1.00, 0.00, 0.00, 0.00, 0.00, 0.00, 0.00, 0.00
1014,  0,  34.042,  0.98,  1, 0.22, 0.07, 3.67, 0.10, 0.56, 0.41, 0.64, 2.55, 0.35, 0.92, 0.14, 0.33, 0.16, 0.00, 0.20, 0.29, 0.00, 0.00, 0.00, 1.00, 0.00, 0.00, 1.00, 1.00, 1.00, 0.00, 1.00, 1.00, 0.00, 0.00, 0.00, 0.00, 0.00, 0.00, 0.00
1015,  0,  34.076,  0.98,  1, 0.24, 0.07, 3.63, 0.12, 0.56, 0.47, 0.67, 2.48, 0.38, 0.89, 0.21, 0.35, 0.18, 0.00, 0.24, 0.34, 0.00, 0.00, 0.00, 1.00, 0.00, 0.00, 1.00, 1.00, 1.00, 0.00, 1.00, 1.00, 0.00, 0.00, 0.00, 0.00, 0.00, 0.00, 0.00
1016,  0,  34.109,  0.98,  1, 0.16, 0.07, 3.60, 0.12, 0.57, 0.47, 0.67, 2.52, 0.39, 0.80, 0.08, 0.32, 0.25, 0.00, 0.22, 0.36, 0.00, 0.00, 0.00, 1.00, 0.00, 0.00, 1.00, 1.00, 1.00, 0.00, 1.00, 1.00, 0.00, 0.00, 0.00, 0.00, 0.00, 0.00, 0.00
1017,  0,  34.143,  0.98,  1, 0.08, 0.00, 3.53, 0.07, 0.58, 0.61, 0.65, 2.61, 0.43, 0.87, 0.15, 0.20, 0.41, 0.00, 0.19, 0.46, 0.00, 0.00, 0.00, 1.00, 0.00, 0.00, 1.00, 1.00, 1.00, 0.00, 1.00, 1.00, 0.00, 0.00, 0.00, 0.00, 0.00, 0.00, 0.00
1018,  0,  34.177,  0.98,  1, 0.02, 0.00, 3.43, 0.00, 0.61, 0.62, 0.60, 2.73, 0.43, 0.80, 0.21, 0.23, 0.54, 0.00, 0.16, 0.50, 0.00, 0.00, 0.00, 1.00, 0.00, 0.00, 1.00, 1.00, 1.00, 0.00, 1.00, 1.00, 0.00, 0.00, 0.00, 0.00, 0.00, 0.00, 0.00
1019,  0,  34.210,  0.98,  1, 0.02, 0.00, 3.36, 0.00, 0.59, 0.70, 0.57, 2.75, 0.41, 0.69, 0.21, 0.25, 0.35, 0.00, 0.19, 0.46, 0.00, 0.00, 0.00, 1.00, 0.00, 0.00, 1.00, 1.00, 1.00, 0.00, 1.00, 1.00, 0.00, 0.00, 0.00, 0.00, 0.00, 0.00, 0.00
1020,  0,  34.244,  0.98,  1, 0.02, 0.00, 3.29, 0.00, 0.57, 0.56, 0.52, 2.79, 0.39, 0.69, 0.32, 0.34, 0.22, 0.00, 0.19, 0.31, 0.00, 0.00, 0.00, 1.00, 0.00, 0.00, 1.00, 1.00, 1.00, 0.00, 1.00, 1.00, 0.00, 0.00, 0.00, 0.00, 0.00, 0.00, 0.00
1021,  0,  34.277,  0.98,  1, 0.04, 0.00, 3.28, 0.00, 0.49, 0.45, 0.52, 2.73, 0.30, 0.77, 0.31, 0.29, 0.17, 0.00, 0.13, 0.26, 0.00, 0.00, 0.00, 1.00, 0.00, 0.00, 1.00, 1.00, 1.00, 0.00, 1.00, 1.00, 0.00, 0.00, 0.00, 0.00, 0.00, 0.00, 0.00
1022,  0,  34.311,  0.98,  1, 0.04, 0.00, 3.33, 0.00, 0.49, 0.34, 0.52, 2.68, 0.25, 0.98, 0.53, 0.30, 0.27, 0.00, 0.07, 0.36, 0.00, 0.00, 0.00, 1.00, 0.00, 0.00, 1.00, 1.00, 1.00, 0.00, 1.00, 1.00, 0.00, 0.00, 0.00, 0.00, 0.00, 0.00, 0.00
1023,  0,  34.345,  0.98,  1, 0.07, 0.00, 3.34, 0.00, 0.48, 0.36, 0.54, 2.60, 0.19, 1.05, 0.56, 0.41, 0.30, 0.00, 0.04, 0.45, 0.07, 0.00, 0.00, 1.00, 0.00, 0.00, 1.00, 1.00, 1.00, 0.00, 1.00, 1.00, 0.00, 0.00, 0.00, 0.00, 0.00, 0.00, 0.00
1024,  0,  34.378,  0.98,  1, 0.04, 0.00, 3.34, 0.00, 0.49, 0.48, 0.48, 2.54, 0.22, 1.06, 0.53, 0.50, 0.19, 0.00, 0.09, 0.42, 0.14, 0.00, 0.00, 1.00, 0.00, 0.00, 1.00, 1.00, 1.00, 0.00, 1.00, 1.00, 0.00, 0.00, 0.00, 0.00, 0.00, 0.00, 0.00
1025,  0,  34.412,  0.98,  1, 0.03, 0.00, 3.17, 0.00, 0.40, 0.42, 0.40, 2.43, 0.20, 1.01, 0.38, 0.51, 0.09, 0.00, 0.15, 0.33, 0.30, 0.00, 0.00, 1.00, 0.00, 0.00, 1.00, 0.00, 1.00, 0.00, 1.00, 1.00, 0.00, 0.00, 0.00, 0.00, 0.00, 0.00, 0.00
1026,  0,  34.445,  0.98,  1, 0.00, 0.00, 3.09, 0.00, 0.34, 0.43, 0.31, 2.35, 0.20, 0.87, 0.21, 0.46, 0.03, 0.00, 0.17, 0.24, 0.26, 0.00, 0.00, 1.00, 0.00, 0.00, 1.00, 0.00, 1.00, 0.00, 1.00, 1.00, 0.00, 0.00, 0.00, 0.00, 0.00, 0.00, 0.00
1027,  0,  34.479,  0.98,  1, 0.00, 0.00, 2.94, 0.00, 0.33, 0.47, 0.27, 2.32, 0.19, 0.87, 0.17, 0.52, 0.11, 0.00, 0.09, 0.32, 0.22, 0.00, 0.00, 1.00, 0.00, 0.00, 1.00, 0.00, 1.00, 0.00, 1.00, 1.00, 0.00, 0.00, 0.00, 0.00, 0.00, 0.00, 0.00
1028,  0,  34.513,  0.98,  1, 0.00, 0.00, 2.95, 0.01, 0.32, 0.53, 0.20, 2.23, 0.17, 0.86, 0.14, 0.60, 0.20, 0.00, 0.03, 0.33, 0.06, 0.00, 0.00, 1.00, 0.00, 0.00, 1.00, 0.00, 1.00, 0.00, 1.00, 1.00, 0.00, 0.00, 0.00, 0.00, 0.00, 0.00, 0.00
1029,  0,  34.546,  0.98,  1, 0.00, 0.00, 2.89, 0.01, 0.32, 0.70, 0.12, 2.12, 0.17, 0.96, 0.13, 0.58, 0.20, 0.01, 0.12, 0.46, 0.03, 0.00, 0.00, 1.00, 0.00, 0.00, 1.00, 0.00, 1.00, 0.00, 1.00, 1.00, 0.00, 0.00, 0.00, 0.00, 0.00, 0.00, 0.00
1030,  0,  34.580,  0.98,  1, 0.00, 0.00, 2.94, 0.01, 0.27, 0.64, 0.02, 1.96, 0.17, 0.98, 0.19, 0.47, 0.27, 0.01, 0.24, 0.49, 0.03, 0.00, 0.00, 1.00, 0.00, 0.00, 1.00, 0.00, 1.00, 0.00, 1.00, 1.00, 0.00, 0.00, 0.00, 0.00, 0.00, 0.00, 0.00
1031,  0,  34.613,  0.98,  1, 0.00, 0.00, 2.95, 0.00, 0.24, 0.60, 0.00, 1.90, 0.17, 0.99, 0.28, 0.44, 0.35, 0.01, 0.33, 0.40, 0.14, 0.00, 0.00, 1.00, 0.00, 0.00, 0.00, 0.00, 1.00, 0.00, 1.00, 1.00, 0.00, 0.00, 0.00, 0.00, 0.00, 0.00, 0.00
1032,  0,  34.647,  0.98,  1, 0.00, 0.00, 2.98, 0.00, 0.18, 0.47, 0.00, 1.83, 0.15, 0.97, 0.30, 0.48, 0.46, 0.04, 0.25, 0.30, 0.18, 0.00, 0.00, 1.00, 0.00, 0.00, 0.00, 0.00, 1.00, 0.00, 1.00, 1.00, 0.00, 0.00, 0.00, 0.00, 0.00, 0.00, 0.00
1033,  0,  34.681,  0.98,  1, 0.00, 0.00, 2.93, 0.00, 0.18, 0.39, 0.00, 1.84, 0.14, 0.87, 0.17, 0.56, 0.47, 0.12, 0.23, 0.21, 0.15, 0.00, 0.00, 1.00, 0.00, 0.00, 0.00, 0.00, 1.00, 0.00, 1.00, 0.00, 0.00, 0.00, 0.00, 0.00, 0.00, 0.00, 0.00
1034,  0,  34.714,  0.98,  1, 0.00, 0.00, 2.90, 0.00, 0.17, 0.43, 0.00, 1.70, 0.14, 0.88, 0.08, 0.57, 0.46, 0.23, 0.25, 0.27, 0.07, 0.00, 0.00, 1.00, 0.00, 0.00, 0.00, 0.00, 1.00, 0.00, 1.00, 0.00, 0.00, 0.00, 0.00, 0.00, 0.00, 0.00, 0.00
1035,  0,  34.748,  0.98,  1, 0.01, 0.00, 2.87, 0.00, 0.14, 0.51, 0.00, 1.59, 0.20, 0.84, 0.11, 0.62, 0.41, 0.25, 0.34, 0.34, 0.03, 0.00, 0.00, 1.00, 0.00, 0.00, 0.00, 0.00, 1.00, 0.00, 1.00, 0.00, 0.00, 0.00, 0.00, 0.00, 0.00, 0.00, 0.00
1036,  0,  34.781,  0.98,  1, 0.06, 0.00, 2.87, 0.00, 0.10, 0.62, 0.00, 1.44, 0.18, 0.81, 0.14, 0.60, 0.41, 0.20, 0.46, 0.50, 0.03, 0.00, 0.00, 1.00, 0.00, 0.00, 0.00, 0.00, 1.00, 0.00, 1.00, 0.00, 1.00, 0.00, 0.00, 0.00, 0.00, 0.00, 0.00
1037,  0,  34.815,  0.98,  1, 0.18, 0.00, 2.83, 0.00, 0.05, 0.70, 0.00, 1.49, 0.16, 0.71, 0.12, 0.65, 0.26, 0.08, 0.56, 0.70, 0.00, 0.00, 0.00, 1.00, 0.00, 0.00, 0.00, 0.00, 1.00, 0.00, 1.00, 0.00, 1.00, 0.00, 0.00, 1.00, 0.00, 0.00, 0.00
1038,  0,  34.849,  0.98,  1, 0.30, 0.00, 2.77, 0.00, 0.03, 0.72, 0.00, 1.47, 0.06, 0.74, 0.03, 0.69, 0.26, 0.04, 0.76, 0.76, 0.00, 0.00, 0.00, 1.00, 0.00, 0.00, 0.00, 0.00, 1.00, 0.00, 1.00, 0.00, 1.00, 0.00, 0.00, 1.00, 1.00, 0.00, 0.00
1039,  0,  34.882,  0.98,  1, 0.34, 0.00, 2.73, 0.00, 0.00, 0.74, 0.00, 1.44, 0.04, 0.68, 0.00, 0.62, 0.14, 0.00, 0.87, 0.79, 0.00, 0.00, 0.00, 1.00, 0.00, 0.00, 0.00, 0.00, 1.00, 0.00, 1.00, 0.00, 1.00, 0.00, 0.00, 1.00, 1.00, 0.00, 0.00
1040,  0,  34.916,  0.98,  1, 0.31, 0.00, 2.69, 0.00, 0.00, 0.64, 0.00, 1.33, 0.01, 0.54, 0.00, 0.46, 0.12, 0.00, 1.04, 0.88, 0.00, 0.00, 0.00, 1.00, 0.00, 0.00, 0.00, 0.00, 1.00, 0.00, 1.00, 0.00, 0.00, 0.00, 0.00, 1.00, 1.00, 0.00, 1.00
1041,  0,  34.949,  0.98,  1, 0.22, 0.00, 2.72, 0.00, 0.00, 0.57, 0.00, 1.29, 0.01, 0.40, 0.05, 0.29, 0.12, 0.00, 1.02, 1.07, 0.01, 0.00, 0.00, 1.00, 0.00, 0.00, 0.00, 0.00, 1.00, 0.00, 1.00, 0.00, 0.00, 0.00, 0.00, 1.00, 1.00, 0.00, 1.00
1042,  0,  34.983,  0.98,  1, 0.24, 0.00, 2.78, 0.00, 0.00, 0.51, 0.00, 1.28, 0.01, 0.44, 0.09, 0.29, 0.09, 0.00, 0.95, 1.15, 0.02, 0.00, 0.00, 1.00, 0.00, 0.00, 0.00, 0.00, 1.00, 0.00, 1.00, 0.00, 0.00, 0.00, 0.00, 1.00, 1.00, 0.00, 1.00
1043,  0,  35.017,  0.98,  1, 0.20, 0.00, 2.84, 0.00, 0.00, 0.49, 0.00, 1.28, 0.00, 0.54, 0.09, 0.38, 0.11, 0.00, 0.84, 1.16, 0.02, 0.00, 0.00, 1.00, 0.00, 0.00, 0.00, 0.00, 1.00, 0.00, 1.00, 0.00, 0.00, 0.00, 0.00, 1.00, 1.00, 0.00, 1.00
1044,  0,  35.050,  0.98,  1, 0.17, 0.00, 2.80, 0.00, 0.00, 0.38, 0.00, 1.28, 0.00, 0.61, 0.09, 0.47, 0.10, 0.00, 0.81, 1.12, 0.01, 0.00, 0.00, 1.00, 0.00, 0.00, 0.00, 0.00, 1.00, 0.00, 1.00, 0.00, 1.00, 0.00, 0.00, 1.00, 1.00, 0.00, 1.00
1045,  0,  35.084,  0.98,  1, 0.16, 0.00, 2.84, 0.00, 0.00, 0.32, 0.00, 1.26, 0.02, 0.68, 0.11, 0.54, 0.17, 0.00, 0.79, 1.13, 0.02, 0.00, 0.00, 1.00, 0.00, 0.00, 0.00, 0.00, 1.00, 0.00, 1.00, 0.00, 1.00, 0.00, 0.00, 1.00, 1.00, 0.00, 1.00
1046,  0,  35.117,  0.98,  1, 0.15, 0.00, 2.82, 0.00, 0.00, 0.30, 0.00, 1.28, 0.02, 0.77, 0.24, 0.59, 0.27, 0.00, 0.78, 1.19, 0.02, 0.00, 0.00, 1.00, 0.00, 0.00, 0.00, 0.00, 1.00, 0.00, 1.00, 0.00, 1.00, 0.00, 0.00, 1.00, 1.00, 0.00, 1.00
1047,  0,  35.151,  0.98,  1, 0.13, 0.00, 2.86, 0.00, 0.06, 0.31, 0.00, 1.30, 0.02, 0.81, 0.20, 0.56, 0.19, 0.00, 0.78, 1.34, 0.02, 0.00, 0.00, 1.00, 0.00, 0.00, 0.00, 0.00, 1.00, 0.00, 1.00, 0.00, 1.00, 0.00, 0.00, 1.00, 1.00, 0.00, 1.00
1048,  0,  35.185,  0.98,  1, 0.05, 0.00, 2.81, 0.00, 0.08, 0.20, 0.00, 1.37, 0.00, 0.86, 0.18, 0.63, 0.28, 0.00, 0.84, 1.39, 0.00, 0.00, 0.00, 1.00, 0.00, 0.00, 0.00, 0.00, 1.00, 0.00, 1.00, 0.00, 1.00, 0.00, 0.00, 1.00, 1.00, 0.00, 1.00
1049,  0,  35.218,  0.98,  1, 0.00, 0.00, 2.74, 0.00, 0.10, 0.08, 0.00, 1.40, 0.04, 0.99, 0.16, 0.56, 0.41, 0.00, 0.93, 1.27, 0.10, 0.00, 0.00, 1.00, 0.00, 0.00, 0.00, 0.00, 1.00, 0.00, 1.00, 0.00, 1.00, 0.00, 0.00, 1.00, 1.00, 0.00, 1.00
1050,  0,  35.252,  0.98,  1, 0.00, 0.00, 2.66, 0.00, 0.04, 0.00, 0.00, 1.35, 0.05, 0.95, 0.21, 0.56, 0.50, 0.00, 1.02, 1.13, 0.17, 0.00, 0.00, 1.00, 0.00, 0.00, 0.00, 0.00, 1.00, 0.00, 1.00, 0.00, 1.00, 0.00, 0.00, 1.00, 1.00, 0.00, 1.00
1051,  0,  35.286,  0.98,  1, 0.02, 0.00, 2.58, 0.00, 0.02, 0.09, 0.00, 1.38, 0.06, 0.83, 0.17, 0.44, 0.45, 0.00, 1.05, 1.08, 0.17, 0.00, 0.00, 1.00, 0.00, 0.00, 0.00, 0.00, 1.00, 0.00, 1.00, 0.00, 1.00, 0.00, 0.00, 1.00, 1.00, 0.00, 1.00
1052,  0,  35.319,  0.98,  1, 0.02, 0.00, 2.57, 0.00, 0.02, 0.27, 0.00, 1.38, 0.02, 0.72, 0.06, 0.47, 0.30, 0.00, 1.12, 1.16, 0.08, 0.00, 0.00, 1.00, 0.00, 0.00, 0.00, 0.00, 1.00, 0.00, 1.00, 0.00, 1.00, 0.00, 0.00, 1.00, 1.00, 0.00, 1.00
1053,  0,  35.353,  0.98,  1, 0.02, 0.00, 2.54, 0.00, 0.02, 0.27, 0.00, 1.46, 0.02, 0.72, 0.00, 0.52, 0.29, 0.00, 1.20, 1.12, 0.00, 0.00, 0.00, 1.00, 0.00, 0.00, 0.00, 0.00, 1.00, 0.00, 1.00, 0.00, 0.00, 0.00, 0.00, 1.00, 1.00, 0.00, 0.00
1054,  0,  35.386,  0.98,  1, 0.00, 0.00, 2.51, 0.00, 0.02, 0.41, 0.00, 1.39, 0.02, 0.70, 0.08, 0.53, 0.33, 0.00, 1.23, 1.01, 0.03, 0.00, 0.00, 1.00, 0.00, 0.00, 0.00, 0.00, 1.00, 0.00, 1.00, 0.00, 0.00, 0.00, 0.00, 1.00, 1.00, 0.00, 0.00
1055,  0,  35.420,  0.98,  1, 0.00, 0.00, 2.44, 0.00, 0.01, 0.59, 0.00, 1.28, 0.03, 0.63, 0.08, 0.48, 0.42, 0.00, 1.15, 0.76, 0.03, 0.00, 0.00, 1.00, 0.00, 0.00, 0.00, 0.00, 1.00, 0.00, 1.00, 0.00, 0.00, 0.00, 0.00, 1.00, 1.00, 0.00, 0.00
1056,  0,  35.454,  0.98,  1, 0.00, 0.00, 2.41, 0.00, 0.01, 0.76, 0.00, 1.28, 0.05, 0.53, 0.08, 0.49, 0.41, 0.00, 1.08, 0.69, 0.03, 0.00, 0.00, 1.00, 0.00, 0.00, 0.00, 0.00, 1.00, 0.00, 1.00, 0.00, 0.00, 0.00, 0.00, 1.00, 0.00, 0.00, 0.00
1057,  0,  35.487,  0.98,  1, 0.00, 0.00, 2.40, 0.00, 0.02, 0.83, 0.00, 1.29, 0.04, 0.46, 0.00, 0.46, 0.32, 0.00, 1.08, 0.63, 0.00, 0.00, 0.00, 1.00, 0.00, 0.00, 0.00, 0.00, 1.00, 0.00, 1.00, 0.00, 0.00, 0.00, 0.00, 1.00, 0.00, 0.00, 0.00
1058,  0,  35.521,  0.98,  1, 0.00, 0.00, 2.34, 0.00, 0.02, 0.69, 0.00, 1.33, 0.03, 0.33, 0.00, 0.48, 0.15, 0.00, 1.11, 0.54, 0.00, 0.00, 0.00, 1.00, 0.00, 0.00, 0.00, 0.00, 1.00, 0.00, 1.00, 0.00, 0.00, 0.00, 0.00, 1.00, 0.00, 0.00, 0.00
1059,  0,  35.554,  0.98,  1, 0.00, 0.00, 2.37, 0.00, 0.02, 0.81, 0.00, 1.27, 0.00, 0.29, 0.00, 0.37, 0.07, 0.00, 1.06, 0.37, 0.04, 0.00, 0.00, 1.00, 0.00, 0.00, 0.00, 0.00, 1.00, 0.00, 1.00, 0.00, 0.00, 0.00, 0.00, 1.00, 0.00, 0.00, 0.00
1060,  0,  35.588,  0.98,  1, 0.00, 0.00, 2.39, 0.00, 0.00, 0.74, 0.00, 1.21, 0.03, 0.31, 0.00, 0.35, 0.02, 0.00, 0.98, 0.27, 0.04, 0.00, 0.00, 1.00, 0.00, 0.00, 0.00, 0.00, 1.00, 0.00, 1.00, 0.00, 0.00, 0.00, 0.00, 1.00, 0.00, 0.00, 0.00
1061,  0,  35.622,  0.98,  1, 0.00, 0.00, 2.37, 0.00, 0.00, 0.75, 0.00, 1.20, 0.07, 0.28, 0.06, 0.26, 0.00, 0.00, 0.77, 0.31, 0.04, 0.00, 0.00, 1.00, 0.00, 0.00, 0.00, 0.00, 1.00, 0.00, 1.00, 0.00, 0.00, 0.00, 0.00, 1.00, 0.00, 0.00, 0.00
1062,  0,  35.655,  0.98,  1, 0.00, 0.00, 2.33, 0.00, 0.00, 0.77, 0.00, 1.23, 0.11, 0.38, 0.08, 0.25, 0.00, 0.00, 0.65, 0.27, 0.00, 0.00, 0.00, 1.00, 0.00, 0.00, 0.00, 0.00, 1.00, 0.00, 1.00, 0.00, 0.00, 0.00, 0.00, 1.00, 0.00, 0.00, 0.00
1063,  0,  35.689,  0.98,  1, 0.00, 0.02, 2.28, 0.00, 0.00, 0.81, 0.00, 1.24, 0.08, 0.39, 0.21, 0.18, 0.00, 0.00, 0.52, 0.25, 0.00, 0.00, 0.00, 1.00, 0.00, 0.00, 0.00, 0.00, 1.00, 0.00, 1.00, 0.00, 0.00, 0.00, 0.00, 1.00, 0.00, 0.00, 1.00
1064,  0,  35.722,  0.98,  1, 0.00, 0.02, 2.25, 0.00, 0.00, 0.81, 0.00, 1.15, 0.04, 0.47, 0.18, 0.18, 0.00, 0.00, 0.61, 0.22, 0.00, 0.00, 0.00, 1.00, 0.00, 0.00, 0.00, 0.00, 1.00, 0.00, 1.00, 0.00, 0.00, 0.00, 0.00, 1.00, 0.00, 0.00, 1.00
1065,  0,  35.756,  0.98,  1, 0.00, 0.02, 2.21, 0.00, 0.00, 0.67, 0.00, 1.05, 0.00, 0.44, 0.20, 0.10, 0.00, 0.01, 0.64, 0.16, 0.00, 0.00, 0.00, 1.00, 0.00, 0.00, 0.00, 0.00, 1.00, 0.00, 1.00, 0.00, 0.00, 0.00, 0.00, 0.00, 0.00, 0.00, 1.00
1066,  0,  35.790,  0.98,  1, 0.00, 0.00, 2.13, 0.00, 0.00, 0.60, 0.00, 0.96, 0.01, 0.46, 0.21, 0.27, 0.00, 0.01, 0.68, 0.08, 0.00, 0.00, 0.00, 1.00, 0.00, 0.00, 0.00, 0.00, 1.00, 0.00, 1.00, 0.00, 0.00, 0.00, 0.00, 0.00, 0.00, 0.00, 1.00
1067,  0,  35.823,  0.98,  1, 0.00, 0.00, 2.14, 0.00, 0.00, 0.67, 0.00, 1.01, 0.01, 0.42, 0.20, 0.32, 0.00, 0.03, 0.49, 0.03, 0.00, 0.00, 0.00, 1.00, 0.00, 0.00, 0.00, 0.00, 1.00, 0.00, 1.00, 0.00, 0.00, 0.00, 0.00, 0.00, 0.00, 0.00, 1.00
1068,  0,  35.857,  0.98,  1, 0.00, 0.00, 2.06, 0.00, 0.00, 0.83, 0.00, 1.01, 0.06, 0.40, 0.15, 0.34, 0.00, 0.02, 0.37, 0.08, 0.00, 0.00, 0.00, 1.00, 0.00, 0.00, 0.00, 0.00, 1.00, 0.00, 1.00, 0.00, 0.00, 0.00, 0.00, 0.00, 0.00, 0.00, 1.00
1069,  0,  35.890,  0.98,  1, 0.00, 0.00, 2.05, 0.00, 0.00, 0.88, 0.00, 1.07, 0.05, 0.25, 0.01, 0.21, 0.00, 0.02, 0.19, 0.08, 0.04, 0.00, 0.00, 1.00, 0.00, 0.00, 0.00, 0.00, 1.00, 0.00, 1.00, 0.00, 0.00, 0.00, 0.00, 0.00, 0.00, 0.00, 1.00
1070,  0,  35.924,  0.98,  1, 0.00, 0.00, 2.04, 0.00, 0.00, 0.77, 0.00, 0.97, 0.05, 0.25, 0.06, 0.24, 0.00, 0.00, 0.28, 0.06, 0.04, 0.00, 0.00, 1.00, 0.00, 0.00, 0.00, 0.00, 1.00, 0.00, 1.00, 0.00, 1.00, 0.00, 0.00, 0.00, 0.00, 0.00, 1.00
1071,  0,  35.958,  0.98,  1, 0.00, 0.00, 2.12, 0.00, 0.00, 0.71, 0.00, 0.96, 0.00, 0.20, 0.12, 0.34, 0.00, 0.00, 0.24, 0.00, 0.04, 0.00, 0.00, 1.00, 0.00, 0.00, 0.00, 0.00, 1.00, 0.00, 1.00, 0.00, 0.00, 0.00, 0.00, 0.00, 0.00, 0.00, 1.00
1072,  0,  35.991,  0.98,  1, 0.00, 0.02, 2.11, 0.00, 0.00, 0.78, 0.00, 0.88, 0.01, 0.29, 0.27, 0.43, 0.00, 0.00, 0.34, 0.02, 0.00, 0.00, 0.00, 1.00, 0.00, 0.00, 0.00, 0.00, 1.00, 0.00, 1.00, 0.00, 0.00, 0.00, 0.00, 0.00, 0.00, 0.00, 1.00
1073,  0,  36.025,  0.98,  1, 0.00, 0.02, 2.14, 0.00, 0.00, 0.86, 0.00, 0.96, 0.04, 0.19, 0.49, 0.31, 0.01, 0.00, 0.25, 0.03, 0.00, 0.00, 0.00, 1.00, 0.00, 0.00, 0.00, 0.00, 1.00, 0.00, 1.00, 0.00, 0.00, 0.00, 0.00, 0.00, 0.00, 0.00, 1.00
1074,  0,  36.058,  0.98,  1, 0.00, 0.02, 2.14, 0.00, 0.00, 0.82, 0.00, 0.98, 0.05, 0.28, 0.49, 0.29, 0.01, 0.00, 0.32, 0.03, 0.00, 0.00, 0.00, 1.00, 0.00, 0.00, 0.00, 0.00, 1.00, 0.00, 1.00, 0.00, 0.00, 0.00, 0.00, 0.00, 0.00, 0.00, 1.00
1075,  0,  36.092,  0.98,  1, 0.00, 0.00, 2.31, 0.00, 0.00, 0.84, 0.00, 1.05, 0.06, 0.40, 0.46, 0.24, 0.03, 0.00, 0.35, 0.01, 0.00, 0.00, 0.00, 1.00, 0.00, 0.00, 0.00, 0.00, 1.00, 0.00, 1.00, 0.00, 0.00, 0.00, 0.00, 0.00, 0.00, 0.00, 1.00
1076,  0,  36.126,  0.98,  1, 0.00, 0.00, 2.36, 0.00, 0.00, 0.79, 0.00, 1.01, 0.04, 0.56, 0.33, 0.25, 0.02, 0.00, 0.33, 0.00, 0.02, 0.00, 0.00, 1.00, 0.00, 0.00, 0.00, 0.00, 1.00, 0.00, 1.00, 0.00, 1.00, 0.00, 0.00, 0.00, 0.00, 0.00, 1.00
1077,  0,  36.159,  0.98,  1, 0.02, 0.00, 2.43, 0.00, 0.00, 0.77, 0.00, 0.97, 0.03, 0.52, 0.33, 0.27, 0.02, 0.00, 0.33, 0.00, 0.05, 0.00, 0.00, 1.00, 0.00, 0.00, 0.00, 0.00, 1.00, 0.00, 1.00, 0.00, 0.00, 0.00, 0.00, 0.00, 0.00, 0.00, 1.00
1078,  0,  36.193,  0.98,  1, 0.02, 0.00, 2.39, 0.00, 0.01, 0.65, 0.00, 0.97, 0.01, 0.45, 0.36, 0.34, 0.00, 0.00, 0.33, 0.00, 0.17, 0.00, 0.00, 1.00, 0.00, 0.00, 0.00, 0.00, 1.00, 0.00, 1.00, 0.00, 0.00, 0.00, 0.00, 0.00, 0.00, 0.00, 1.00
1079,  0,  36.226,  0.98,  1, 0.02, 0.00, 2.36, 0.00, 0.01, 0.58, 0.00, 1.00, 0.00, 0.33, 0.32, 0.43, 0.14, 0.00, 0.39, 0.00, 0.24, 0.00, 0.00, 1.00, 0.00, 0.00, 0.00, 0.00, 1.00, 0.00, 1.00, 0.00, 0.00, 0.00, 0.00, 0.00, 0.00, 0.00, 1.00
1080,  0,  36.260,  0.98,  1, 0.00, 0.00, 2.31, 0.00, 0.02, 0.52, 0.00, 1.01, 0.00, 0.28, 0.25, 0.34, 0.14, 0.00, 0.42, 0.00, 0.28, 0.00, 0.00, 1.00, 0.00, 0.00, 0.00, 0.00, 1.00, 0.00, 1.00, 0.00, 0.00, 0.00, 0.00, 0.00, 0.00, 0.00, 1.00
1081,  0,  36.294,  0.98,  1, 0.00, 0.00, 2.23, 0.00, 0.03, 0.36, 0.00, 0.87, 0.01, 0.32, 0.27, 0.18, 0.14, 0.00, 0.44, 0.06, 0.21, 0.00, 0.00, 1.00, 0.00, 0.00, 0.00, 0.00, 1.00, 0.00, 1.00, 0.00, 0.00, 0.00, 0.00, 0.00, 0.00, 0.00, 1.00
1082,  0,  36.327,  0.98,  1, 0.00, 0.00, 2.32, 0.00, 0.13, 0.47, 0.00, 0.86, 0.07, 0.47, 0.33, 0.06, 0.09, 0.00, 0.46, 0.11, 0.11, 0.00, 0.00, 1.00, 0.00, 0.00, 0.00, 0.00, 1.00, 0.00, 1.00, 0.00, 0.00, 0.00, 0.00, 0.00, 0.00, 0.00, 1.00
1083,  0,  36.361,  0.98,  1, 0.00, 0.00, 2.31, 0.00, 0.17, 0.50, 0.00, 0.87, 0.14, 0.60, 0.38, 0.08, 0.10, 0.00, 0.46, 0.17, 0.08, 0.00, 0.00, 1.00, 0.00, 0.00, 0.00, 0.00, 1.00, 0.00, 1.00, 0.00, 0.00, 0.00, 0.00, 0.00, 0.00, 0.00, 1.00
1084,  0,  36.394,  0.98,  1, 0.00, 0.00, 2.43, 0.00, 0.26, 0.59, 0.00, 1.01, 0.22, 0.71, 0.28, 0.04, 0.10, 0.00, 0.38, 0.10, 0.20, 0.00, 0.00, 1.00, 0.00, 0.00, 0.00, 0.00, 1.00, 0.00, 1.00, 0.00, 0.00, 0.00, 0.00, 0.00, 0.00, 0.00, 1.00
1085,  0,  36.428,  0.98,  1, 0.00, 0.00, 2.41, 0.00, 0.28, 0.34, 0.00, 1.12, 0.24, 0.75, 0.12, 0.04, 0.02, 0.00, 0.50, 0.05, 0.23, 0.00, 0.00, 1.00, 0.00, 0.00, 0.00, 0.00, 1.00, 0.00, 1.00, 0.00, 0.00, 0.00, 0.00, 0.00, 0.00, 0.00, 1.00
1086,  0,  36.462,  0.98,  1, 0.00, 0.00, 2.49, 0.00, 0.28, 0.21, 0.00, 1.13, 0.25, 0.83, 0.11, 0.05, 0.06, 0.00, 0.44, 0.00, 0.35, 0.00, 0.00, 1.00, 0.00, 0.00, 0.00, 0.00, 1.00, 0.00, 1.00, 0.00, 0.00, 0.00, 0.00, 0.00, 0.00, 0.00, 1.00
1087,  0,  36.495,  0.98,  1, 0.00, 0.00, 2.45, 0.00, 0.22, 0.07, 0.00, 1.21, 0.20, 0.75, 0.20, 0.09, 0.06, 0.00, 0.45, 0.00, 0.33, 0.00, 0.00, 1.00, 0.00, 0.00, 0.00, 0.00, 1.00, 0.00, 1.00, 0.00, 0.00, 0.00, 0.00, 0.00, 0.00, 0.00, 1.00
1088,  0,  36.529,  0.98,  1, 0.00, 0.00, 2.46, 0.00, 0.17, 0.13, 0.00, 1.19, 0.17, 0.66, 0.35, 0.09, 0.06, 0.00, 0.29, 0.00, 0.49, 0.00, 0.00, 1.00, 0.00, 0.00, 0.00, 0.00, 1.00, 0.00, 1.00, 0.00, 0.00, 0.00, 0.00, 0.00, 0.00, 0.00, 1.00
1089,  0,  36.563,  0.98,  1, 0.02, 0.00, 2.45, 0.00, 0.15, 0.14, 0.00, 1.27, 0.18, 0.64, 0.44, 0.08, 0.00, 0.00, 0.28, 0.01, 0.56, 0.00, 0.00, 1.00, 0.00, 0.00, 0.00, 0.00, 1.00, 0.00, 1.00, 0.00, 0.00, 0.00, 0.00, 0.00, 0.00, 0.00, 1.00
1090,  0,  36.596,  0.98,  1, 0.02, 0.00, 2.42, 0.00, 0.13, 0.15, 0.00, 1.23, 0.23, 0.69, 0.41, 0.09, 0.00, 0.00, 0.31, 0.02, 0.73, 0.00, 0.00, 1.00, 0.00, 0.00, 0.00, 0.00, 1.00, 0.00, 1.00, 0.00, 0.00, 0.00, 0.00, 0.00, 0.00, 0.00, 1.00
1091,  0,  36.630,  0.98,  1, 0.02, 0.00, 2.39, 0.00, 0.09, 0.10, 0.00, 1.21, 0.27, 0.74, 0.39, 0.11, 0.00, 0.00, 0.38, 0.05, 0.78, 0.00, 0.00, 1.00, 0.00, 0.00, 0.00, 0.00, 1.00, 0.00, 1.00, 0.00, 0.00, 0.00, 0.00, 0.00, 0.00, 0.00, 1.00
1092,  0,  36.663,  0.98,  1, 0.00, 0.00, 2.47, 0.00, 0.09, 0.02, 0.00, 1.20, 0.26, 0.71, 0.39, 0.08, 0.00, 0.00, 0.53, 0.05, 0.72, 0.00, 0.00, 1.00, 0.00, 0.00, 0.00, 0.00, 1.00, 0.00, 1.00, 0.00, 0.00, 0.00, 0.00, 0.00, 0.00, 0.00, 1.00
1093,  0,  36.697,  0.98,  1, 0.01, 0.00, 2.46, 0.00, 0.07, 0.00, 0.00, 1.20, 0.25, 0.72, 0.35, 0.09, 0.00, 0.00, 0.56, 0.05, 0.57, 0.00, 0.00, 1.00, 0.00, 0.00, 0.00, 0.00, 1.00, 0.00, 1.00, 0.00, 0.00, 0.00, 0.00, 0.00, 0.00, 0.00, 1.00
1094,  0,  36.731,  0.98,  1, 0.01, 0.00, 2.51, 0.01, 0.06, 0.00, 0.00, 1.20, 0.23, 0.68, 0.37, 0.14, 0.00, 0.00, 0.55, 0.01, 0.63, 0.00, 0.00, 1.00, 0.00, 0.00, 0.00, 0.00, 1.00, 0.00, 1.00, 0.00, 0.00, 0.00, 0.00, 0.00, 0.00, 0.00, 1.00
1095,  0,  36.764,  0.98,  1, 0.03, 0.00, 2.50, 0.01, 0.02, 0.00, 0.00, 1.14, 0.23, 0.65, 0.29, 0.15, 0.00, 0.00, 0.51, 0.00, 0.77, 0.00, 0.00, 1.00, 0.00, 0.00, 0.00, 0.00, 1.00, 0.00, 1.00, 0.00, 0.00, 0.00, 0.00, 0.00, 0.00, 0.00, 1.00
1096,  0,  36.798,  0.98,  1, 0.03, 0.00, 2.57, 0.01, 0.05, 0.00, 0.00, 1.08, 0.24, 0.58, 0.29, 0.09, 0.00, 0.00, 0.51, 0.00, 0.86, 0.00, 0.00, 1.00, 0.00, 0.00, 0.00, 0.00, 1.00, 0.00, 1.00, 0.00, 0.00, 0.00, 0.00, 0.00, 0.00, 0.00, 1.00
1097,  0,  36.831,  0.98,  1, 0.03, 0.00, 2.62, 0.00, 0.08, 0.00, 0.00, 1.01, 0.27, 0.72, 0.17, 0.04, 0.00, 0.00, 0.59, 0.00, 0.76, 0.00, 0.00, 1.00, 0.00, 0.00, 0.00, 0.00, 1.00, 0.00, 1.00, 0.00, 0.00, 0.00, 0.00, 0.00, 0.00, 0.00, 1.00
1098,  0,  36.865,  0.98,  1, 0.00, 0.00, 2.63, 0.00, 0.09, 0.00, 0.00, 1.04, 0.30, 0.74, 0.18, 0.05, 0.00, 0.00, 0.60, 0.00, 0.67, 0.00, 0.00, 1.00, 0.00, 0.00, 0.00, 0.00, 1.00, 0.00, 1.00, 0.00, 0.00, 0.00, 0.00, 0.00, 0.00, 0.00, 1.00
1099,  0,  36.899,  0.98,  1, 0.00, 0.00, 2.65, 0.00, 0.07, 0.00, 0.00, 1.12, 0.31, 0.69, 0.11, 0.05, 0.00, 0.00, 0.65, 0.00, 0.53, 0.00, 0.00, 1.00, 0.00, 0.00, 0.00, 0.00, 1.00, 0.00, 1.00, 0.00, 0.00, 0.00, 0.00, 0.00, 0.00, 0.00, 1.00
1100,  0,  36.932,  0.98,  1, 0.00, 0.00, 2.58, 0.00, 0.03, 0.00, 0.00, 1.25, 0.30, 0.60, 0.19, 0.03, 0.00, 0.00, 0.63, 0.00, 0.39, 0.00, 0.00, 1.00, 0.00, 0.00, 0.00, 0.00, 1.00, 0.00, 1.00, 0.00, 0.00, 0.00, 0.00, 0.00, 0.00, 0.00, 1.00
1101,  0,  36.966,  0.98,  1, 0.00, 0.01, 2.55, 0.00, 0.08, 0.00, 0.00, 1.29, 0.27, 0.52, 0.18, 0.00, 0.00, 0.00, 0.59, 0.00, 0.32, 0.00, 0.00, 1.00, 0.00, 0.00, 0.00, 0.00, 1.00, 0.00, 1.00, 0.00, 0.00, 0.00, 0.00, 0.00, 0.00, 0.00, 1.00
1102,  0,  36.999,  0.98,  1, 0.00, 0.01, 2.58, 0.00, 0.12, 0.00, 0.00, 1.30, 0.26, 0.47, 0.23, 0.00, 0.00, 0.00, 0.57, 0.00, 0.35, 0.00, 0.00, 1.00, 0.00, 0.00, 0.00, 0.00, 1.00, 0.00, 1.00, 0.00, 0.00, 0.00, 0.00, 0.00, 0.00, 0.00, 1.00
1103,  0,  37.033,  0.98,  1, 0.00, 0.01, 2.59, 0.00, 0.14, 0.06, 0.00, 1.28, 0.27, 0.47, 0.26, 0.02, 0.01, 0.00, 0.40, 0.00, 0.54, 0.00, 0.00, 1.00, 0.00, 0.00, 0.00, 0.00, 1.00, 0.00, 1.00, 0.00, 0.00, 0.00, 0.00, 0.00, 0.00, 0.00, 1.00
1104,  0,  37.067,  0.98,  1, 0.00, 0.00, 2.56, 0.00, 0.09, 0.06, 0.00, 1.20, 0.25, 0.43, 0.35, 0.04, 0.07, 0.00, 0.34, 0.00, 0.57, 0.00, 0.00, 1.00, 0.00, 0.00, 0.00, 0.00, 1.00, 0.00, 1.00, 0.00, 0.00, 0.00, 0.00, 0.00, 0.00, 0.00, 1.00
1105,  0,  37.100,  0.98,  1, 0.00, 0.00, 2.56, 0.00, 0.08, 0.06, 0.00, 1.17, 0.24, 0.40, 0.44, 0.05, 0.08, 0.00, 0.26, 0.00, 0.47, 0.00, 0.00, 1.00, 0.00, 0.00, 0.00, 0.00, 1.00, 0.00, 1.00, 0.00, 0.00, 0.00, 0.00, 0.00, 0.00, 0.00, 1.00
1106,  0,  37.134,  0.98,  1, 0.00, 0.00, 2.52, 0.00, 0.06, 0.00, 0.00, 1.12, 0.22, 0.31, 0.42, 0.04, 0.09, 0.00, 0.40, 0.00, 0.30, 0.00, 0.00, 1.00, 0.00, 0.00, 0.00, 0.00, 1.00, 0.00, 1.00, 0.00, 0.00, 0.00, 0.00, 0.00, 0.00, 0.00, 1.00
1107,  0,  37.167,  0.98,  1, 0.00, 0.00, 2.50, 0.00, 0.08, 0.00, 0.00, 1.15, 0.21, 0.37, 0.44, 0.08, 0.02, 0.00, 0.50, 0.00, 0.27, 0.00, 0.00, 1.00, 0.00, 0.00, 0.00, 0.00, 1.00, 0.00, 1.00, 0.00, 0.00, 0.00, 0.00, 0.00, 0.00, 0.00, 1.00
1108,  0,  37.201,  0.98,  1, 0.00, 0.00, 2.42, 0.00, 0.06, 0.02, 0.00, 1.19, 0.18, 0.49, 0.39, 0.12, 0.03, 0.00, 0.55, 0.01, 0.44, 0.00, 0.00, 1.00, 0.00, 0.00, 0.00, 0.00, 1.00, 0.00, 1.00, 0.00, 0.00, 0.00, 0.00, 0.00, 0.00, 0.00, 1.00
1109,  0,  37.235,  0.98,  1, 0.02, 0.00, 2.58, 0.00, 0.14, 0.02, 0.00, 1.22, 0.18, 0.57, 0.32, 0.15, 0.01, 0.00, 0.48, 0.01, 0.49, 0.00, 0.00, 1.00, 0.00, 0.00, 0.00, 0.00, 1.00, 0.00, 1.00, 0.00, 0.00, 0.00, 0.00, 0.00, 0.00, 0.00, 1.00
1110,  0,  37.268,  0.98,  1, 0.02, 0.00, 2.59, 0.00, 0.14, 0.02, 0.00, 1.17, 0.22, 0.64, 0.22, 0.09, 0.01, 0.00, 0.45, 0.01, 0.56, 0.00, 0.00, 1.00, 0.00, 0.00, 0.00, 0.00, 1.00, 0.00, 1.00, 0.00, 0.00, 0.00, 0.00, 0.00, 0.00, 0.00, 1.00
1111,  0,  37.302,  0.98,  1, 0.02, 0.00, 2.65, 0.00, 0.15, 0.00, 0.00, 1.11, 0.24, 0.60, 0.21, 0.04, 0.00, 0.00, 0.49, 0.05, 0.41, 0.00, 0.00, 1.00, 0.00, 0.00, 0.00, 0.00, 1.00, 0.00, 1.00, 0.00, 0.00, 0.00, 0.00, 0.00, 0.00, 0.00, 1.00
1112,  0,  37.335,  0.98,  1, 0.00, 0.00, 2.51, 0.00, 0.07, 0.00, 0.00, 1.09, 0.21, 0.60, 0.16, 0.02, 0.00, 0.00, 0.46, 0.05, 0.41, 0.00, 0.00, 1.00, 0.00, 0.00, 0.00, 0.00, 1.00, 0.00, 1.00, 0.00, 0.00, 0.00, 0.00, 0.00, 0.00, 0.00, 1.00
1113,  0,  37.369,  0.98,  1, 0.00, 0.00, 2.57, 0.00, 0.09, 0.00, 0.00, 1.16, 0.18, 0.53, 0.15, 0.02, 0.07, 0.00, 0.38, 0.05, 0.31, 0.00, 0.00, 1.00, 0.00, 0.00, 0.00, 0.00, 1.00, 0.00, 1.00, 0.00, 0.00, 0.00, 0.00, 0.00, 0.00, 0.00, 1.00
1114,  0,  37.403,  0.98,  1, 0.00, 0.00, 2.51, 0.00, 0.12, 0.00, 0.00, 1.21, 0.20, 0.55, 0.20, 0.02, 0.07, 0.00, 0.38, 0.00, 0.47, 0.00, 0.00, 1.00, 0.00, 0.00, 0.00, 0.00, 1.00, 0.00, 1.00, 0.00, 0.00, 0.00, 0.00, 0.00, 0.00, 0.00, 1.00
1115,  0,  37.436,  0.98,  1, 0.00, 0.00, 2.52, 0.00, 0.15, 0.00, 0.00, 1.20, 0.22, 0.52, 0.34, 0.07, 0.07, 0.00, 0.44, 0.00, 0.55, 0.00, 0.00, 1.00, 0.00, 0.00, 0.00, 0.00, 1.00, 0.00, 1.00, 0.00, 0.00, 0.00, 0.00, 0.00, 0.00, 0.00, 1.00
1116,  0,  37.470,  0.98,  1, 0.00, 0.00, 2.47, 0.00, 0.17, 0.00, 0.00, 1.18, 0.23, 0.52, 0.42, 0.07, 0.03, 0.00, 0.45, 0.00, 0.61, 0.00, 0.00, 1.00, 0.00, 0.00, 0.00, 0.00, 1.00, 0.00, 1.00, 0.00, 0.00, 0.00, 0.00, 0.00, 0.00, 0.00, 1.00
1117,  0,  37.503,  0.98,  1, 0.00, 0.00, 2.52, 0.00, 0.15, 0.00, 0.00, 1.14, 0.22, 0.60, 0.35, 0.07, 0.03, 0.00, 0.51, 0.00, 0.64, 0.00, 0.00, 1.00, 0.00, 0.00, 0.00, 0.00, 1.00, 0.00, 1.00, 0.00, 0.00, 0.00, 0.00, 0.00, 0.00, 0.00, 1.00
1118,  0,  37.537,  0.98,  1, 0.01, 0.00, 2.56, 0.00, 0.14, 0.00, 0.00, 1.16, 0.21, 0.69, 0.29, 0.04, 0.03, 0.00, 0.55, 0.00, 0.71, 0.00, 0.00, 1.00, 0.00, 0.00, 0.00, 0.00, 1.00, 0.00, 1.00, 0.00, 0.00, 0.00, 0.00, 0.00, 0.00, 0.00, 1.00
1119,  0,  37.571,  0.98,  1, 0.01, 0.00, 2.57, 0.00, 0.09, 0.00, 0.00, 1.19, 0.17, 0.69, 0.22, 0.04, 0.01, 0.00, 0.59, 0.00, 0.72, 0.00, 0.00, 1.00, 0.00, 0.00, 0.00, 0.00, 1.00, 0.00, 1.00, 0.00, 0.00, 0.00, 0.00, 0.00, 0.00, 0.00, 1.00
1120,  0,  37.604,  0.98,  1, 0.01, 0.00, 2.52, 0.00, 0.08, 0.00, 0.00, 1.20, 0.13, 0.66, 0.19, 0.04, 0.01, 0.00, 0.52, 0.00, 0.61, 0.00, 0.00, 1.00, 0.00, 0.00, 0.00, 0.00, 1.00, 0.00, 1.00, 0.00, 0.00, 0.00, 0.00, 0.00, 0.00, 0.00, 1.00
1121,  0,  37.638,  0.98,  1, 0.01, 0.00, 2.47, 0.00, 0.10, 0.00, 0.00, 1.16, 0.17, 0.60, 0.23, 0.00, 0.02, 0.00, 0.50, 0.05, 0.62, 0.00, 0.00, 1.00, 0.00, 0.00, 0.00, 0.00, 1.00, 0.00, 1.00, 0.00, 0.00, 0.00, 0.00, 0.00, 0.00, 0.00, 1.00
1122,  0,  37.671,  0.98,  1, 0.01, 0.00, 2.52, 0.02, 0.15, 0.08, 0.00, 1.22, 0.21, 0.70, 0.19, 0.04, 0.06, 0.00, 0.54, 0.07, 0.67, 0.00, 0.00, 1.00, 0.00, 0.00, 0.00, 0.00, 1.00, 0.00, 1.00, 0.00, 0.00, 0.00, 0.00, 0.00, 0.00, 0.00, 1.00
1123,  0,  37.705,  0.98,  1, 0.00, 0.00, 2.56, 0.02, 0.13, 0.08, 0.00, 1.17, 0.20, 0.73, 0.23, 0.08, 0.08, 0.00, 0.53, 0.07, 0.68, 0.00, 0.00, 1.00, 0.00, 0.00, 0.00, 0.00, 1.00, 0.00, 1.00, 0.00, 0.00, 0.00, 0.00, 0.00, 0.00, 0.00, 1.00
1124,  0,  37.739,  0.98,  1, 0.02, 0.00, 2.63, 0.02, 0.15, 0.21, 0.00, 1.20, 0.21, 0.78, 0.22, 0.10, 0.08, 0.00, 0.52, 0.05, 0.45, 0.00, 0.00, 1.00, 0.00, 0.00, 0.00, 0.00, 1.00, 0.00, 1.00, 0.00, 0.00, 0.00, 0.00, 0.00, 0.00, 0.00, 1.00
1125,  0,  37.772,  0.98,  1, 0.02, 0.00, 2.60, 0.00, 0.09, 0.12, 0.00, 1.24, 0.21, 0.79, 0.22, 0.09, 0.03, 0.00, 0.51, 0.09, 0.28, 0.00, 0.00, 1.00, 0.00, 0.00, 0.00, 0.00, 1.00, 0.00, 1.00, 0.00, 0.00, 0.00, 0.00, 1.00, 0.00, 0.00, 1.00
1126,  0,  37.806,  0.98,  1, 0.04, 0.01, 2.55, 0.00, 0.10, 0.12, 0.00, 1.40, 0.28, 0.81, 0.18, 0.06, 0.00, 0.00, 0.56, 0.18, 0.13, 0.00, 0.00, 1.00, 0.00, 0.00, 0.00, 0.00, 1.00, 0.00, 1.00, 0.00, 0.00, 0.00, 0.00, 1.00, 0.00, 0.00, 1.00
1127,  0,  37.840,  0.98,  1, 0.02, 0.01, 2.43, 0.00, 0.08, 0.00, 0.00, 1.49, 0.29, 0.92, 0.06, 0.08, 0.00, 0.00, 0.62, 0.18, 0.12, 0.00, 0.00, 1.00, 0.00, 0.00, 0.00, 0.00, 1.00, 0.00, 1.00, 0.00, 0.00, 0.00, 0.00, 1.00, 0.00, 0.00, 1.00
1128,  0,  37.873,  0.98,  1, 0.07, 0.09, 2.45, 0.00, 0.12, 0.00, 0.00, 1.44, 0.35, 0.90, 0.11, 0.04, 0.00, 0.00, 0.64, 0.25, 0.04, 0.00, 0.00, 1.00, 0.00, 0.00, 0.00, 0.00, 1.00, 0.00, 1.00, 0.00, 0.00, 0.00, 0.00, 1.00, 0.00, 0.00, 1.00
1129,  0,  37.907,  0.98,  1, 0.05, 0.08, 2.48, 0.00, 0.12, 0.00, 0.00, 1.33, 0.32, 0.89, 0.06, 0.04, 0.00, 0.00, 0.56, 0.23, 0.02, 0.00, 0.00, 1.00, 0.00, 0.00, 0.00, 0.00, 1.00, 0.00, 1.00, 0.00, 0.00, 0.00, 0.00, 1.00, 0.00, 0.00, 0.00
1130,  0,  37.940,  0.98,  1, 0.05, 0.08, 2.43, 0.00, 0.08, 0.00, 0.00, 1.31, 0.35, 0.76, 0.06, 0.00, 0.00, 0.00, 0.52, 0.23, 0.00, 0.00, 1.00, 1.00, 0.00, 0.00, 0.00, 0.00, 1.00, 0.00, 1.00, 0.00, 0.00, 0.00, 0.00, 1.00, 0.00, 0.00, 0.00
1131,  0,  37.974,  0.98,  1, 0.00, 0.00, 2.37, 0.00, 0.04, 0.00, 0.00, 1.35, 0.36, 0.78, 0.03, 0.01, 0.00, 0.00, 0.49, 0.10, 0.00, 0.00, 1.00, 1.00, 0.00, 0.00, 0.00, 0.00, 1.00, 0.00, 1.00, 0.00, 0.00, 0.00, 0.00, 1.00, 0.00, 0.00, 0.00
1132,  0,  38.008,  0.98,  1, 0.06, 0.08, 2.34, 0.00, 0.09, 0.00, 0.00, 1.39, 0.41, 0.83, 0.03, 0.01, 0.00, 0.00, 0.55, 0.04, 0.00, 0.00, 1.00, 1.00, 0.00, 0.00, 0.00, 0.00, 1.00, 0.00, 1.00, 0.00, 0.00, 0.00, 0.00, 1.00, 0.00, 0.00, 0.00
1133,  0,  38.041,  0.98,  1, 0.06, 0.13, 2.37, 0.00, 0.14, 0.00, 0.00, 1.35, 0.43, 0.90, 0.16, 0.01, 0.00, 0.00, 0.64, 0.09, 0.00, 0.00, 1.00, 1.00, 0.00, 0.00, 0.00, 0.00, 1.00, 0.00, 1.00, 0.00, 0.00, 0.00, 0.00, 1.00, 0.00, 0.00, 0.00
1134,  0,  38.075,  0.98,  1, 0.06, 0.16, 2.28, 0.00, 0.18, 0.00, 0.00, 1.35, 0.41, 0.90, 0.14, 0.00, 0.00, 0.00, 0.69, 0.15, 0.00, 0.00, 1.00, 1.00, 0.00, 0.00, 0.00, 0.00, 1.00, 0.00, 1.00, 0.00, 0.00, 0.00, 0.00, 1.00, 0.00, 0.00, 0.00
1135,  0,  38.108,  0.98,  1, 0.00, 0.09, 2.23, 0.00, 0.14, 0.00, 0.00, 1.44, 0.43, 0.98, 0.15, 0.00, 0.00, 0.00, 0.73, 0.17, 0.02, 0.00, 1.00, 1.00, 0.00, 0.00, 0.00, 0.00, 1.00, 0.00, 1.00, 0.00, 0.00, 0.00, 0.00, 1.00, 0.00, 0.00, 0.00
1136,  0,  38.142,  0.98,  1, 0.00, 0.22, 2.23, 0.00, 0.12, 0.00, 0.00, 1.42, 0.42, 1.04, 0.02, 0.00, 0.00, 0.00, 0.77, 0.13, 0.02, 0.00, 1.00, 1.00, 0.00, 0.00, 0.00, 0.00, 1.00, 0.00, 1.00, 0.00, 0.00, 0.00, 0.00, 1.00, 0.00, 0.00, 0.00
1137,  0,  38.176,  0.98,  1, 0.00, 0.26, 2.26, 0.00, 0.10, 0.00, 0.00, 1.44, 0.46, 1.11, 0.02, 0.00, 0.00, 0.00, 0.89, 0.13, 0.05, 0.00, 1.00, 1.00, 0.00, 0.00, 0.00, 0.00, 1.00, 0.00, 1.00, 0.00, 0.00, 0.00, 0.00, 1.00, 0.00, 0.00, 0.00
1138,  0,  38.209,  0.98,  1, 0.06, 0.40, 2.25, 0.00, 0.10, 0.00, 0.00, 1.47, 0.43, 1.08, 0.00, 0.00, 0.00, 0.00, 0.94, 0.15, 0.05, 1.00, 1.00, 1.00, 0.00, 0.00, 0.00, 0.00, 1.00, 0.00, 1.00, 0.00, 0.00, 0.00, 0.00, 1.00, 0.00, 0.00, 0.00
1139,  0,  38.243,  0.98,  1, 0.12, 0.30, 2.26, 0.00, 0.14, 0.00, 0.00, 1.62, 0.44, 1.09, 0.00, 0.00, 0.00, 0.00, 0.81, 0.09, 0.05, 1.00, 1.00, 1.00, 0.00, 0.00, 0.00, 0.00, 1.00, 0.00, 1.00, 0.00, 0.00, 0.00, 0.00, 1.00, 0.00, 0.00, 0.00
1140,  0,  38.276,  0.98,  1, 0.26, 0.34, 2.38, 0.00, 0.15, 0.00, 0.00, 1.63, 0.41, 1.05, 0.00, 0.00, 0.00, 0.00, 0.66, 0.04, 0.09, 1.00, 1.00, 1.00, 0.00, 0.00, 0.00, 0.00, 1.00, 0.00, 1.00, 0.00, 0.00, 0.00, 0.00, 1.00, 0.00, 0.00, 0.00
1141,  0,  38.310,  0.98,  1, 0.30, 0.33, 2.40, 0.00, 0.18, 0.00, 0.00, 1.57, 0.43, 1.00, 0.04, 0.00, 0.00, 0.00, 0.62, 0.04, 0.10, 1.00, 1.00, 1.00, 0.00, 0.00, 0.00, 0.00, 1.00, 0.00, 1.00, 0.00, 0.00, 0.00, 0.00, 1.00, 0.00, 0.00, 0.00
1142,  0,  38.344,  0.98,  1, 0.37, 0.36, 2.44, 0.00, 0.18, 0.00, 0.00, 1.50, 0.41, 1.05, 0.04, 0.00, 0.00, 0.00, 0.72, 0.05, 0.10, 1.00, 1.00, 1.00, 0.00, 0.00, 0.00, 0.00, 1.00, 0.00, 1.00, 0.00, 0.00, 0.00, 0.00, 1.00, 0.00, 0.00, 0.00
1143,  0,  38.377,  0.98,  1, 0.30, 0.31, 2.36, 0.00, 0.22, 0.00, 0.00, 1.47, 0.42, 1.15, 0.04, 0.00, 0.00, 0.00, 0.78, 0.07, 0.03, 1.00, 1.00, 1.00, 0.00, 0.00, 0.00, 0.00, 1.00, 0.00, 1.00, 0.00, 0.00, 0.00, 0.00, 1.00, 0.00, 0.00, 0.00
1144,  0,  38.411,  0.98,  1, 0.27, 0.32, 2.41, 0.00, 0.23, 0.00, 0.00, 1.48, 0.45, 1.29, 0.00, 0.03, 0.00, 0.00, 0.84, 0.06, 0.00, 1.00, 1.00, 1.00, 0.00, 0.00, 0.00, 0.00, 1.00, 0.00, 1.00, 0.00, 0.00, 0.00, 0.00, 1.00, 0.00, 0.00, 0.00
1145,  0,  38.444,  0.98,  1, 0.15, 0.23, 2.40, 0.00, 0.19, 0.00, 0.00, 1.55, 0.47, 1.21, 0.00, 0.08, 0.00, 0.00, 0.83, 0.06, 0.06, 1.00, 1.00, 1.00, 0.00, 0.00, 0.00, 0.00, 1.00, 0.00, 1.00, 0.00, 0.00, 0.00, 0.00, 1.00, 0.00, 0.00, 0.00
1146,  0,  38.478,  0.98,  1, 0.15, 0.20, 2.40, 0.00, 0.17, 0.00, 0.00, 1.53, 0.52, 1.13, 0.00, 0.08, 0.00, 0.00, 0.78, 0.04, 0.06, 0.00, 1.00, 1.00, 0.00, 0.00, 0.00, 0.00, 1.00, 0.00, 1.00, 0.00, 0.00, 0.00, 0.00, 1.00, 0.00, 0.00, 0.00
1147,  0,  38.512,  0.98,  1, 0.20, 0.09, 2.38, 0.00, 0.18, 0.00, 0.00, 1.41, 0.54, 1.01, 0.00, 0.00, 0.00, 0.00, 0.66, 0.00, 0.00, 0.00, 1.00, 1.00, 0.00, 0.00, 0.00, 0.00, 1.00, 0.00, 1.00, 0.00, 0.00, 0.00, 0.00, 1.00, 0.00, 0.00, 0.00
