frame, face_id, timestamp, confidence, success, AU01_r, AU02_r, AU04_r, AU05_r, AU06_r, AU07_r, AU09_r, AU10_r, AU12_r, AU14_r, AU15_r, AU17_r, AU20_r, AU23_r, AU25_r, AU26_r, AU45_r, AU01_c, AU02_c, AU04_c, AU05_c, AU06_c, AU07_c, AU09_c, AU10_c, AU12_c, AU14_c, AU15_c, AU17_c, AU20_c, AU23_c, AU25_c, AU26_c, AU28_c, AU45_c
1,  0,  0.000,  0.98,  1, 0.00, 0.79, 0.00, 0.00, 0.00, 0.00, 0.00, 0.00, 0.00, 0.00, 0.42, 0.00, 0.09, 0.00, 0.00, 0.00, 0.57, 0.00, 1.00, 0.00, 0.00, 0.00, 0.00, 0.00, 0.00, 0.00, 0.00, 0.00, 0.00, 0.00, 0.00, 0.00, 0.00, 0.00, 1.00
2,  0,  0.034,  0.98,  1, 0.00, 0.65, 0.00, 0.00, 0.00, 0.20, 0.00, 0.00, 0.00, 0.00, 0.49, 0.12, 0.08, 0.00, 0.00, 0.02, 0.76, 0.00, 1.00, 0.00, 0.00, 0.00, 0.00, 0.00, 0.00, 0.00, 0.00, 0.00, 0.00, 0.00, 1.00, 0.00, 0.00, 0.00, 1.00
3,  0,  0.067,  0.98,  1, 0.00, 0.50, 0.00, 0.00, 0.00, 0.28, 0.00, 0.00, 0.00, 0.00, 0.35, 0.14, 0.05, 0.00, 0.03, 0.11, 0.77, 0.00, 1.00, 0.00, 0.00, 0.00, 0.00, 0.00, 0.00, 0.00, 0.00, 0.00, 0.00, 0.00, 1.00, 0.00, 0.00, 0.00, 1.00
4,  0,  0.101,  0.98,  1, 0.00, 0.55, 0.00, 0.00, 0.00, 0.15, 0.00, 0.00, 0.00, 0.00, 0.33, 0.07, 0.09, 0.00, 0.21, 0.14, 0.81, 0.00, 1.00, 0.00, 0.00, 0.00, 0.00, 0.00, 0.00, 0.00, 0.00, 0.00, 0.00, 0.00, 1.00, 0.00, 0.00, 0.00, 1.00
5,  0,  0.134,  0.98,  1, 0.00, 0.54, 0.00, 0.00, 0.00, 0.18, 0.00, 0.00, 0.00, 0.00, 0.28, 0.02, 0.04, 0.00, 0.30, 0.14, 0.62, 0.00, 1.00, 0.00, 0.00, 0.00, 0.00, 0.00, 0.00, 0.00, 0.00, 0.00, 0.00, 0.00, 1.00, 0.00, 0.00, 0.00, 1.00
6,  0,  0.168,  0.98,  1, 0.00, 0.59, 0.00, 0.00, 0.00, 0.12, 0.00, 0.00, 0.00, 0.00, 0.43, 0.00, 0.05, 0.00, 0.27, 0.06, 0.74, 0.00, 1.00, 0.00, 0.00, 0.00, 0.00, 0.00, 0.00, 0.00, 0.00, 0.00, 0.00, 0.00, 0.00, 0.00, 0.00, 0.00, 1.00
7,  0,  0.202,  0.98,  1, 0.00, 0.48, 0.00, 0.00, 0.00, 0.18, 0.00, 0.00, 0.00, 0.00, 0.35, 0.00, 0.01, 0.00, 0.10, 0.00, 0.64, 0.00, 1.00, 0.00, 0.00, 0.00, 0.00, 0.00, 0.00, 0.00, 0.00, 0.00, 0.00, 0.00, 0.00, 0.00, 0.00, 0.00, 1.00
8,  0,  0.235,  0.98,  1, 0.00, 0.34, 0.00, 0.00, 0.00, 0.19, 0.00, 0.00, 0.00, 0.00, 0.43, 0.00, 0.01, 0.00, 0.01, 0.08, 0.91, 0.00, 1.00, 0.00, 0.00, 0.00, 0.00, 0.00, 0.00, 0.00, 0.00, 0.00, 0.00, 0.00, 0.00, 0.00, 0.00, 0.00, 1.00
9,  0,  0.269,  0.98,  1, 0.01, 0.38, 0.00, 0.00, 0.00, 0.22, 0.00, 0.00, 0.00, 0.00, 0.46, 0.04, 0.00, 0.00, 0.02, 0.08, 0.88, 0.00, 1.00, 0.00, 0.00, 0.00, 0.00, 0.00, 0.00, 0.00, 0.00, 0.00, 0.00, 0.00, 0.00, 0.00, 0.00, 0.00, 1.00
10,  0,  0.302,  0.98,  1, 0.01, 0.45, 0.00, 0.00, 0.00, 0.16, 0.00, 0.00, 0.00, 0.00, 0.41, 0.04, 0.00, 0.00, 0.06, 0.08, 0.97, 0.00, 1.00, 0.00, 0.00, 0.00, 0.00, 0.00, 0.00, 0.00, 0.00, 0.00, 0.00, 0.00, 0.00, 0.00, 0.00, 0.00, 1.00
11,  0,  0.336,  0.98,  1, 0.06, 0.55, 0.00, 0.00, 0.00, 0.15, 0.00, 0.00, 0.00, 0.00, 0.29, 0.04, 0.00, 0.00, 0.07, 0.00, 1.00, 0.00, 1.00, 0.00, 0.00, 0.00, 0.00, 0.00, 0.00, 0.00, 0.00, 0.00, 0.00, 0.00, 0.00, 0.00, 0.00, 0.00, 1.00
12,  0,  0.369,  0.98,  1, 0.06, 0.52, 0.00, 0.00, 0.00, 0.16, 0.00, 0.00, 0.00, 0.00, 0.14, 0.00, 0.00, 0.00, 0.12, 0.00, 0.94, 0.00, 1.00, 0.00, 0.00, 0.00, 0.00, 0.00, 0.00, 0.00, 0.00, 0.00, 0.00, 0.00, 0.00, 0.00, 0.00, 0.00, 1.00
13,  0,  0.403,  0.98,  1, 0.13, 0.71, 0.00, 0.00, 0.00, 0.38, 0.00, 0.00, 0.00, 0.00, 0.11, 0.06, 0.00, 0.00, 0.07, 0.00, 0.92, 0.00, 1.00, 0.00, 0.00, 0.00, 0.00, 0.00, 0.00, 0.00, 0.00, 0.00, 0.00, 0.00, 0.00, 0.00, 0.00, 0.00, 1.00
14,  0,  0.437,  0.98,  1, 0.08, 0.81, 0.00, 0.00, 0.00, 0.41, 0.00, 0.00, 0.00, 0.00, 0.22, 0.09, 0.00, 0.00, 0.06, 0.00, 0.83, 0.00, 1.00, 0.00, 0.00, 0.00, 0.00, 0.00, 0.00, 0.00, 0.00, 0.00, 0.00, 0.00, 0.00, 0.00, 0.00, 0.00, 1.00
15,  0,  0.470,  0.98,  1, 0.11, 0.82, 0.00, 0.00, 0.00, 0.39, 0.00, 0.00, 0.00, 0.00, 0.37, 0.15, 0.00, 0.00, 0.00, 0.03, 0.90, 0.00, 1.00, 0.00, 0.00, 0.00, 0.00, 0.00, 0.00, 0.00, 0.00, 0.00, 0.00, 0.00, 0.00, 0.00, 0.00, 0.00, 1.00
16,  0,  0.504,  0.98,  1, 0.04, 0.59, 0.00, 0.00, 0.00, 0.19, 0.00, 0.00, 0.00, 0.00, 0.50, 0.12, 0.03, 0.00, 0.00, 0.08, 0.90, 0.00, 1.00, 0.00, 0.00, 0.00, 0.00, 0.00, 0.00, 0.00, 0.00, 0.00, 0.00, 0.00, 0.00, 0.00, 0.00, 0.00, 1.00
17,  0,  0.537,  0.98,  1, 0.06, 0.40, 0.00, 0.00, 0.00, 0.16, 0.00, 0.00, 0.00, 0.00, 0.44, 0.09, 0.03, 0.00, 0.00, 0.08, 0.89, 0.00, 1.00, 0.00, 0.00, 0.00, 0.00, 0.00, 0.00, 0.00, 0.00, 0.00, 0.00, 0.00, 0.00, 0.00, 0.00, 0.00, 1.00
18,  0,  0.571,  0.98,  1, 0.02, 0.38, 0.00, 0.00, 0.00, 0.11, 0.00, 0.00, 0.00, 0.00, 0.27, 0.02, 0.03, 0.00, 0.00, 0.05, 0.91, 0.00, 1.00, 0.00, 0.00, 0.00, 0.00, 0.00, 0.00, 0.00, 0.00, 0.00, 0.00, 0.00, 0.00, 0.00, 0.00, 0.00, 1.00
19,  0,  0.605,  0.98,  1, 0.02, 0.27, 0.00, 0.00, 0.00, 0.09, 0.00, 0.00, 0.00, 0.00, 0.28, 0.00, 0.00, 0.00, 0.00, 0.01, 0.81, 0.00, 1.00, 0.00, 0.00, 0.00, 0.00, 0.00, 0.00, 0.00, 0.00, 0.00, 0.00, 0.00, 0.00, 0.00, 0.00, 0.00, 1.00
20,  0,  0.638,  0.98,  1, 0.00, 0.22, 0.00, 0.00, 0.00, 0.03, 0.00, 0.00, 0.00, 0.00, 0.35, 0.00, 0.00, 0.00, 0.00, 0.01, 0.76, 0.00, 1.00, 0.00, 0.00, 0.00, 0.00, 0.00, 0.00, 0.00, 0.00, 0.00, 0.00, 0.00, 0.00, 0.00, 0.00, 0.00, 1.00
21,  0,  0.672,  0.98,  1, 0.00, 0.12, 0.00, 0.00, 0.00, 0.03, 0.00, 0.00, 0.00, 0.00, 0.34, 0.00, 0.00, 0.00, 0.00, 0.00, 0.69, 0.00, 1.00, 0.00, 0.00, 0.00, 0.00, 0.00, 0.00, 0.00, 0.00, 0.00, 0.00, 0.00, 0.00, 0.00, 0.00, 0.00, 1.00
22,  0,  0.705,  0.98,  1, 0.00, 0.33, 0.00, 0.00, 0.00, 0.03, 0.00, 0.00, 0.00, 0.00, 0.34, 0.04, 0.00, 0.00, 0.00, 0.00, 0.78, 0.00, 1.00, 0.00, 0.00, 0.00, 0.00, 0.00, 0.00, 0.00, 0.00, 0.00, 0.00, 0.00, 0.00, 0.00, 0.00, 0.00, 1.00
23,  0,  0.739,  0.98,  1, 0.00, 0.48, 0.00, 0.00, 0.00, 0.00, 0.00, 0.00, 0.00, 0.00, 0.44, 0.14, 0.00, 0.00, 0.01, 0.00, 0.72, 0.00, 1.00, 0.00, 0.00, 0.00, 0.00, 0.00, 0.00, 0.00, 0.00, 0.00, 0.00, 0.00, 0.00, 0.00, 0.00, 0.00, 1.00
24,  0,  0.773,  0.98,  1, 0.00, 0.53, 0.00, 0.00, 0.00, 0.09, 0.00, 0.00, 0.00, 0.00, 0.51, 0.16, 0.00, 0.00, 0.01, 0.00, 0.68, 0.00, 1.00, 0.00, 0.00, 0.00, 0.00, 0.00, 0.00, 0.00, 0.00, 0.00, 0.00, 0.00, 0.00, 0.00, 0.00, 0.00, 1.00
25,  0,  0.806,  0.98,  1, 0.00, 0.40, 0.00, 0.00, 0.00, 0.22, 0.00, 0.00, 0.00, 0.00, 0.39, 0.12, 0.00, 0.00, 0.01, 0.06, 0.67, 0.00, 1.00, 0.00, 0.00, 0.00, 0.00, 0.00, 0.00, 0.00, 0.00, 0.00, 0.00, 0.00, 0.00, 0.00, 0.00, 0.00, 1.00
26,  0,  0.840,  0.98,  1, 0.00, 0.38, 0.00, 0.00, 0.00, 0.40, 0.00, 0.00, 0.00, 0.00, 0.24, 0.02, 0.00, 0.00, 0.03, 0.06, 0.80, 0.00, 1.00, 0.00, 0.00, 0.00, 0.00, 0.00, 0.00, 0.00, 0.00, 0.00, 0.00, 0.00, 0.00, 0.00, 0.00, 0.00, 1.00
27,  0,  0.873,  0.98,  1, 0.00, 0.30, 0.00, 0.00, 0.00, 0.36, 0.00, 0.00, 0.00, 0.00, 0.17, 0.00, 0.00, 0.00, 0.03, 0.22, 0.82, 0.00, 1.00, 0.00, 0.00, 0.00, 0.00, 0.00, 0.00, 0.00, 0.00, 0.00, 0.00, 0.00, 0.00, 0.00, 0.00, 0.00, 1.00
28,  0,  0.907,  0.98,  1, 0.00, 0.50, 0.00, 0.00, 0.00, 0.37, 0.00, 0.00, 0.00, 0.00, 0.12, 0.00, 0.00, 0.00, 0.03, 0.16, 0.80, 0.00, 1.00, 0.00, 0.00, 0.00, 0.00, 0.00, 0.00, 0.00, 0.00, 0.00, 0.00, 0.00, 0.00, 0.00, 0.00, 0.00, 1.00
29,  0,  0.941,  0.98,  1, 0.00, 0.51, 0.00, 0.00, 0.00, 0.30, 0.00, 0.00, 0.00, 0.00, 0.10, 0.00, 0.00, 0.00, 0.00, 0.16, 0.87, 0.00, 1.00, 0.00, 0.00, 0.00, 0.00, 0.00, 0.00, 0.00, 0.00, 0.00, 0.00, 0.00, 0.00, 0.00, 0.00, 0.00, 1.00
30,  0,  0.974,  0.98,  1, 0.00, 0.67, 0.00, 0.00, 0.00, 0.24, 0.00, 0.00, 0.00, 0.00, 0.10, 0.04, 0.03, 0.00, 0.00, 0.00, 1.56, 0.00, 1.00, 0.00, 0.00, 0.00, 0.00, 0.00, 0.00, 0.00, 0.00, 0.00, 0.00, 0.00, 0.00, 0.00, 0.00, 0.00, 1.00
31,  0,  1.008,  0.98,  1, 0.12, 0.56, 0.02, 0.00, 0.00, 0.10, 0.00, 0.00, 0.00, 0.00, 0.17, 0.10, 0.03, 0.00, 0.00, 0.00, 2.28, 0.00, 1.00, 0.00, 0.00, 0.00, 0.00, 0.00, 0.00, 0.00, 0.00, 0.00, 0.00, 0.00, 0.00, 0.00, 0.00, 0.00, 1.00
32,  0,  1.041,  0.98,  1, 0.12, 0.49, 0.02, 0.00, 0.00, 0.00, 0.00, 0.00, 0.00, 0.00, 0.07, 0.10, 0.03, 0.00, 0.00, 0.00, 2.69, 0.00, 1.00, 0.00, 0.00, 0.00, 0.00, 0.00, 0.00, 0.00, 0.00, 0.00, 0.00, 0.00, 0.00, 0.00, 0.00, 0.00, 1.00
33,  0,  1.075,  0.98,  1, 0.12, 0.56, 0.02, 0.00, 0.00, 0.00, 0.00, 0.00, 0.00, 0.00, 0.17, 0.08, 0.00, 0.00, 0.00, 0.13, 2.20, 0.00, 1.00, 0.00, 0.00, 0.00, 0.00, 0.00, 0.00, 0.00, 0.00, 0.00, 0.00, 0.00, 0.00, 0.00, 0.00, 0.00, 1.00
34,  0,  1.108,  0.98,  1, 0.00, 0.58, 0.00, 0.00, 0.00, 0.03, 0.00, 0.00, 0.00, 0.00, 0.15, 0.03, 0.00, 0.00, 0.00, 0.13, 1.61, 0.00, 1.00, 0.00, 0.00, 0.00, 0.00, 0.00, 0.00, 0.00, 0.00, 0.00, 0.00, 0.00, 0.00, 0.00, 0.00, 0.00, 1.00
35,  0,  1.142,  0.98,  1, 0.00, 0.60, 0.00, 0.00, 0.00, 0.03, 0.00, 0.00, 0.00, 0.00, 0.16, 0.02, 0.00, 0.00, 0.00, 0.13, 1.04, 0.00, 1.00, 0.00, 0.00, 0.00, 0.00, 0.00, 0.00, 0.00, 0.00, 0.00, 0.00, 0.00, 0.00, 0.00, 0.00, 0.00, 1.00
36,  0,  1.176,  0.98,  1, 0.00, 0.41, 0.00, 0.00, 0.00, 0.03, 0.00, 0.00, 0.00, 0.00, 0.06, 0.02, 0.00, 0.00, 0.01, 0.00, 0.85, 0.00, 1.00, 0.00, 0.00, 0.00, 0.00, 0.00, 0.00, 0.00, 0.00, 0.00, 0.00, 0.00, 0.00, 0.00, 0.00, 0.00, 1.00
37,  0,  1.209,  0.98,  1, 0.03, 0.31, 0.03, 0.00, 0.00, 0.00, 0.00, 0.00, 0.00, 0.00, 0.15, 0.12, 0.00, 0.00, 0.01, 0.00, 0.97, 0.00, 1.00, 0.00, 0.00, 0.00, 0.00, 0.00, 0.00, 0.00, 0.00, 0.00, 0.00, 0.00, 0.00, 0.00, 0.00, 0.00, 1.00
38,  0,  1.243,  0.98,  1, 0.03, 0.23, 0.03, 0.00, 0.00, 0.00, 0.00, 0.00, 0.00, 0.00, 0.15, 0.18, 0.00, 0.00, 0.01, 0.00, 1.02, 0.00, 1.00, 0.00, 0.00, 0.00, 0.00, 0.00, 0.00, 0.00, 0.00, 0.00, 0.00, 0.00, 0.00, 0.00, 0.00, 0.00, 1.00
39,  0,  1.276,  0.98,  1, 0.03, 0.24, 0.03, 0.00, 0.00, 0.00, 0.00, 0.00, 0.00, 0.00, 0.22, 0.17, 0.00, 0.00, 0.00, 0.00, 1.03, 0.00, 1.00, 0.00, 0.00, 0.00, 0.00, 0.00, 0.00, 0.00, 0.00, 0.00, 0.00, 0.00, 0.00, 0.00, 0.00, 0.00, 1.00
40,  0,  1.310,  0.98,  1, 0.00, 0.20, 0.00, 0.00, 0.00, 0.08, 0.00, 0.00, 0.00, 0.00, 0.11, 0.06, 0.00, 0.00, 0.00, 0.00, 0.83, 0.00, 1.00, 0.00, 0.00, 0.00, 0.00, 0.00, 0.00, 0.00, 0.00, 0.00, 0.00, 0.00, 0.00, 0.00, 0.00, 0.00, 1.00
41,  0,  1.344,  0.98,  1, 0.00, 0.23, 0.00, 0.00, 0.00, 0.08, 0.00, 0.00, 0.00, 0.00, 0.11, 0.06, 0.00, 0.00, 0.00, 0.00, 0.82, 0.00, 1.00, 0.00, 0.00, 0.00, 0.00, 0.00, 0.00, 0.00, 0.00, 0.00, 0.00, 0.00, 0.00, 0.00, 0.00, 0.00, 1.00
42,  0,  1.377,  0.98,  1, 0.01, 0.29, 0.06, 0.00, 0.00, 0.09, 0.00, 0.00, 0.00, 0.00, 0.08, 0.19, 0.00, 0.00, 0.00, 0.00, 1.07, 0.00, 1.00, 0.00, 0.00, 0.00, 0.00, 0.00, 0.00, 0.00, 0.00, 0.00, 0.00, 0.00, 0.00, 0.00, 0.00, 0.00, 1.00
43,  0,  1.411,  0.98,  1, 0.01, 0.27, 0.06, 0.00, 0.00, 0.05, 0.00, 0.00, 0.00, 0.00, 0.10, 0.39, 0.02, 0.00, 0.00, 0.03, 0.96, 0.00, 1.00, 0.00, 0.00, 0.00, 0.00, 0.00, 0.00, 0.00, 0.00, 0.00, 0.00, 0.00, 0.00, 0.00, 0.00, 0.00, 1.00
44,  0,  1.444,  0.98,  1, 0.01, 0.39, 0.06, 0.00, 0.00, 0.05, 0.00, 0.00, 0.00, 0.00, 0.21, 0.38, 0.02, 0.00, 0.00, 0.03, 1.02, 0.00, 1.00, 0.00, 0.00, 0.00, 0.00, 0.00, 0.00, 0.00, 0.00, 0.00, 0.00, 0.00, 0.00, 0.00, 0.00, 0.00, 1.00
45,  0,  1.478,  0.98,  1, 0.00, 0.40, 0.00, 0.00, 0.00, 0.04, 0.00, 0.00, 0.00, 0.00, 0.28, 0.25, 0.02, 0.00, 0.00, 0.03, 0.79, 0.00, 1.00, 0.00, 0.00, 0.00, 0.00, 0.00, 0.00, 0.00, 0.00, 0.00, 0.00, 0.00, 0.00, 0.00, 0.00, 0.00, 1.00
46,  0,  1.512,  0.98,  1, 0.00, 0.54, 0.00, 0.00, 0.00, 0.00, 0.00, 0.00, 0.00, 0.00, 0.23, 0.05, 0.00, 0.00, 0.00, 0.00, 0.94, 0.00, 1.00, 0.00, 0.00, 0.00, 0.00, 0.00, 0.00, 0.00, 0.00, 0.00, 0.00, 0.00, 0.00, 0.00, 0.00, 0.00, 1.00
47,  0,  1.545,  0.98,  1, 0.02, 0.63, 0.03, 0.00, 0.00, 0.00, 0.00, 0.00, 0.00, 0.00, 0.19, 0.05, 0.00, 0.00, 0.00, 0.00, 1.05, 0.00, 1.00, 0.00, 0.00, 0.00, 0.00, 0.00, 0.00, 0.00, 0.00, 0.00, 0.00, 0.00, 0.00, 0.00, 0.00, 0.00, 1.00
48,  0,  1.579,  0.98,  1, 0.02, 0.58, 0.03, 0.00, 0.00, 0.00, 0.00, 0.00, 0.00, 0.00, 0.11, 0.08, 0.00, 0.00, 0.03, 0.00, 1.17, 0.00, 1.00, 0.00, 0.00, 0.00, 0.00, 0.00, 0.00, 0.00, 0.00, 0.00, 0.00, 0.00, 0.00, 0.00, 0.00, 0.00, 1.00
49,  0,  1.612,  0.98,  1, 0.02, 0.46, 0.03, 0.00, 0.00, 0.00, 0.00, 0.00, 0.00, 0.00, 0.10, 0.19, 0.00, 0.00, 0.12, 0.00, 1.16, 0.00, 1.00, 0.00, 0.00, 0.00, 0.00, 0.00, 0.00, 0.00, 0.00, 0.00, 0.00, 0.00, 0.00, 0.00, 0.00, 0.00, 1.00
50,  0,  1.646,  0.98,  1, 0.00, 0.28, 0.00, 0.00, 0.00, 0.00, 0.00, 0.00, 0.00, 0.00, 0.03, 0.16, 0.00, 0.00, 0.16, 0.00, 1.07, 0.00, 1.00, 0.00, 0.00, 0.00, 0.00, 0.00, 0.00, 0.00, 0.00, 0.00, 0.00, 0.00, 0.00, 0.00, 0.00, 0.00, 1.00
51,  0,  1.680,  0.98,  1, 0.00, 0.36, 0.00, 0.00, 0.00, 0.00, 0.00, 0.00, 0.00, 0.00, 0.02, 0.13, 0.00, 0.00, 0.14, 0.10, 1.00, 0.00, 1.00, 0.00, 0.00, 0.00, 0.00, 0.00, 0.00, 0.00, 0.00, 0.00, 0.00, 0.00, 0.00, 0.00, 0.00, 0.00, 1.00
52,  0,  1.713,  0.98,  1, 0.00, 0.52, 0.00, 0.00, 0.00, 0.09, 0.00, 0.00, 0.00, 0.00, 0.09, 0.02, 0.00, 0.00, 0.04, 0.10, 1.07, 0.00, 1.00, 0.00, 0.00, 0.00, 0.00, 0.00, 0.00, 0.00, 0.00, 0.00, 0.00, 0.00, 0.00, 0.00, 0.00, 0.00, 1.00
53,  0,  1.747,  0.98,  1, 0.00, 0.57, 0.00, 0.00, 0.00, 0.11, 0.00, 0.00, 0.00, 0.00, 0.38, 0.00, 0.10, 0.07, 0.00, 0.10, 1.11, 0.00, 1.00, 0.00, 0.00, 0.00, 0.00, 0.00, 0.00, 0.00, 0.00, 0.00, 0.00, 0.00, 0.00, 0.00, 0.00, 0.00, 1.00
54,  0,  1.780,  0.98,  1, 0.00, 0.47, 0.00, 0.00, 0.00, 0.11, 0.00, 0.00, 0.00, 0.00, 0.51, 0.00, 0.10, 0.09, 0.00, 0.00, 1.13, 0.00, 1.00, 0.00, 0.00, 0.00, 0.00, 0.00, 0.00, 0.00, 0.00, 1.00, 0.00, 0.00, 0.00, 0.00, 0.00, 0.00, 1.00
55,  0,  1.814,  0.98,  1, 0.00, 0.38, 0.00, 0.00, 0.00, 0.08, 0.00, 0.00, 0.00, 0.00, 0.93, 0.00, 0.10, 0.44, 0.00, 0.00, 1.12, 0.00, 1.00, 0.00, 0.00, 0.00, 0.00, 0.00, 0.00, 0.00, 0.00, 1.00, 0.00, 0.00, 1.00, 0.00, 0.00, 0.00, 1.00
56,  0,  1.847,  0.98,  1, 0.00, 0.25, 0.00, 0.00, 0.00, 0.11, 0.00, 0.00, 0.00, 0.00, 0.91, 0.00, 0.00, 0.65, 0.00, 0.00, 1.13, 0.00, 1.00, 0.00, 0.00, 0.00, 0.00, 0.00, 0.00, 0.00, 0.00, 1.00, 0.00, 0.00, 1.00, 0.00, 0.00, 0.00, 1.00
57,  0,  1.881,  0.98,  1, 0.03, 0.44, 0.00, 0.00, 0.00, 0.20, 0.00, 0.00, 0.00, 0.00, 0.92, 0.00, 0.00, 0.68, 0.00, 0.00, 1.09, 0.00, 1.00, 0.00, 0.00, 0.00, 0.00, 0.00, 0.00, 0.00, 0.00, 1.00, 0.00, 0.00, 1.00, 0.00, 0.00, 0.00, 1.00
58,  0,  1.915,  0.98,  1, 0.03, 0.38, 0.00, 0.00, 0.00, 0.16, 0.00, 0.00, 0.00, 0.00, 0.44, 0.00, 0.10, 0.33, 0.05, 0.00, 1.01, 0.00, 1.00, 0.00, 0.00, 0.00, 0.00, 0.00, 0.00, 0.00, 0.00, 1.00, 0.00, 0.00, 1.00, 0.00, 0.00, 0.00, 1.00
59,  0,  1.948,  0.98,  1, 0.03, 0.48, 0.00, 0.00, 0.00, 0.11, 0.00, 0.00, 0.00, 0.00, 0.17, 0.02, 0.10, 0.05, 0.05, 0.00, 1.01, 0.00, 1.00, 0.00, 0.00, 0.00, 0.00, 0.00, 0.00, 0.00, 0.00, 0.00, 0.00, 0.00, 1.00, 0.00, 0.00, 0.00, 1.00
60,  0,  1.982,  0.98,  1, 0.10, 0.49, 0.00, 0.00, 0.00, 0.03, 0.00, 0.00, 0.00, 0.00, 0.08, 0.02, 0.10, 0.00, 0.07, 0.00, 1.10, 0.00, 1.00, 0.00, 0.00, 0.00, 0.00, 0.00, 0.00, 0.00, 0.00, 0.00, 0.00, 0.00, 0.00, 0.00, 0.00, 0.00, 1.00
61,  0,  2.015,  0.98,  1, 0.10, 0.61, 0.00, 0.00, 0.00, 0.02, 0.00, 0.00, 0.00, 0.00, 0.08, 0.02, 0.00, 0.00, 0.02, 0.00, 1.18, 0.00, 1.00, 0.00, 0.00, 0.00, 0.00, 0.00, 0.00, 0.00, 0.00, 0.00, 0.00, 0.00, 0.00, 0.00, 0.00, 0.00, 1.00
62,  0,  2.049,  0.98,  1, 0.11, 0.73, 0.00, 0.00, 0.00, 0.02, 0.00, 0.00, 0.00, 0.00, 0.08, 0.01, 0.00, 0.01, 0.02, 0.00, 1.17, 0.00, 1.00, 0.00, 0.00, 0.00, 0.00, 0.00, 0.00, 0.00, 0.00, 0.00, 0.00, 0.00, 0.00, 0.00, 0.00, 0.00, 1.00
63,  0,  2.083,  0.98,  1, 0.00, 0.64, 0.00, 0.00, 0.00, 0.05, 0.00, 0.00, 0.00, 0.00, 0.02, 0.01, 0.00, 0.09, 0.10, 0.00, 1.17, 0.00, 1.00, 0.00, 0.00, 0.00, 0.00, 0.00, 0.00, 0.00, 0.00, 0.00, 0.00, 0.00, 0.00, 0.00, 0.00, 0.00, 1.00
64,  0,  2.116,  0.98,  1, 0.00, 0.50, 0.00, 0.00, 0.00, 0.12, 0.00, 0.00, 0.00, 0.00, 0.17, 0.01, 0.00, 0.16, 0.10, 0.00, 1.02, 0.00, 1.00, 0.00, 0.00, 0.00, 0.00, 0.00, 0.00, 0.00, 0.00, 0.00, 0.00, 0.00, 0.00, 0.00, 0.00, 0.00, 1.00
65,  0,  2.150,  0.98,  1, 0.00, 0.50, 0.00, 0.00, 0.00, 0.11, 0.00, 0.00, 0.00, 0.00, 0.16, 0.00, 0.10, 0.15, 0.10, 0.00, 0.80, 0.00, 1.00, 0.00, 0.00, 0.00, 0.00, 0.00, 0.00, 0.00, 0.00, 0.00, 0.00, 0.00, 0.00, 0.00, 0.00, 0.00, 1.00
66,  0,  2.183,  0.98,  1, 0.00, 0.49, 0.00, 0.00, 0.00, 0.09, 0.00, 0.00, 0.00, 0.00, 0.16, 0.00, 0.10, 0.07, 0.00, 0.00, 0.72, 0.00, 1.00, 0.00, 0.00, 0.00, 0.00, 0.00, 0.00, 0.00, 0.00, 0.00, 0.00, 0.00, 0.00, 0.00, 0.00, 0.00, 1.00
67,  0,  2.217,  0.98,  1, 0.00, 0.73, 0.00, 0.00, 0.00, 0.09, 0.00, 0.00, 0.00, 0.00, 0.06, 0.00, 0.10, 0.05, 0.00, 0.00, 0.66, 0.00, 1.00, 0.00, 0.00, 0.00, 0.00, 0.00, 0.00, 0.00, 0.00, 0.00, 0.00, 0.00, 0.00, 0.00, 0.00, 0.00, 1.00
68,  0,  2.251,  0.98,  1, 0.00, 0.70, 0.00, 0.00, 0.00, 0.12, 0.00, 0.00, 0.00, 0.00, 0.19, 0.00, 0.00, 0.11, 0.00, 0.00, 0.69, 0.00, 1.00, 0.00, 0.00, 0.00, 0.00, 0.00, 0.00, 0.00, 0.00, 0.00, 0.00, 0.00, 0.00, 0.00, 0.00, 0.00, 1.00
69,  0,  2.284,  0.98,  1, 0.00, 0.70, 0.00, 0.00, 0.00, 0.11, 0.00, 0.00, 0.00, 0.00, 0.25, 0.00, 0.00, 0.11, 0.02, 0.00, 0.70, 0.00, 1.00, 0.00, 0.00, 0.00, 0.00, 0.00, 0.00, 0.00, 0.00, 0.00, 0.00, 0.00, 0.00, 0.00, 0.00, 0.00, 0.00
70,  0,  2.318,  0.98,  1, 0.00, 0.69, 0.06, 0.00, 0.00, 0.14, 0.00, 0.00, 0.00, 0.00, 0.19, 0.00, 0.00, 0.06, 0.02, 0.00, 0.82, 0.00, 1.00, 0.00, 0.00, 0.00, 0.00, 0.00, 0.00, 0.00, 0.00, 0.00, 0.00, 0.00, 0.00, 0.00, 0.00, 0.00, 0.00
71,  0,  2.351,  0.98,  1, 0.00, 0.63, 0.11, 0.00, 0.00, 0.18, 0.00, 0.00, 0.00, 0.00, 0.27, 0.00, 0.05, 0.03, 0.02, 0.00, 0.78, 0.00, 1.00, 0.00, 0.00, 0.00, 0.00, 0.00, 0.00, 0.00, 0.00, 0.00, 0.00, 0.00, 0.00, 0.00, 0.00, 0.00, 0.00
72,  0,  2.385,  0.98,  1, 0.00, 0.43, 0.18, 0.00, 0.00, 0.18, 0.00, 0.00, 0.00, 0.00, 0.21, 0.04, 0.05, 0.09, 0.00, 0.00, 0.69, 0.00, 1.00, 0.00, 0.00, 0.00, 0.00, 0.00, 0.00, 0.00, 0.00, 0.00, 0.00, 0.00, 0.00, 0.00, 0.00, 0.00, 0.00
73,  0,  2.419,  0.98,  1, 0.00, 0.36, 0.12, 0.00, 0.00, 0.07, 0.00, 0.00, 0.00, 0.00, 0.29, 0.06, 0.08, 0.11, 0.00, 0.00, 0.51, 0.00, 1.00, 0.00, 0.00, 0.00, 0.00, 0.00, 0.00, 0.00, 0.00, 0.00, 0.00, 0.00, 0.00, 0.00, 0.00, 0.00, 0.00
74,  0,  2.452,  0.98,  1, 0.00, 0.24, 0.07, 0.00, 0.00, 0.00, 0.00, 0.00, 0.00, 0.00, 0.08, 0.06, 0.03, 0.17, 0.00, 0.00, 0.48, 0.00, 1.00, 0.00, 0.00, 0.00, 0.00, 0.00, 0.00, 0.00, 0.00, 0.00, 0.00, 0.00, 0.00, 0.00, 0.00, 0.00, 0.00
75,  0,  2.486,  0.98,  1, 0.00, 0.37, 0.05, 0.00, 0.00, 0.00, 0.00, 0.00, 0.00, 0.00, 0.14, 0.04, 0.03, 0.22, 0.00, 0.00, 0.43, 0.00, 1.00, 0.00, 0.00, 0.00, 0.00, 0.00, 0.00, 0.00, 0.00, 0.00, 0.00, 0.00, 0.00, 0.00, 0.00, 0.00, 0.00
76,  0,  2.519,  0.98,  1, 0.00, 0.16, 0.04, 0.00, 0.00, 0.13, 0.00, 0.00, 0.00, 0.00, 0.19, 0.08, 0.00, 0.26, 0.00, 0.00, 0.57, 0.00, 1.00, 0.00, 0.00, 0.00, 0.00, 0.00, 0.00, 0.00, 0.00, 0.00, 0.00, 0.00, 0.00, 0.00, 0.00, 0.00, 1.00
77,  0,  2.553,  0.98,  1, 0.00, 0.21, 0.15, 0.00, 0.00, 0.18, 0.00, 0.00, 0.00, 0.00, 0.55, 0.18, 0.00, 0.19, 0.00, 0.00, 0.71, 0.00, 1.00, 0.00, 0.00, 0.00, 0.00, 0.00, 0.00, 0.00, 0.00, 0.00, 0.00, 0.00, 0.00, 0.00, 0.00, 0.00, 1.00
78,  0,  2.586,  0.98,  1, 0.00, 0.09, 0.15, 0.00, 0.00, 0.22, 0.00, 0.00, 0.00, 0.00, 0.49, 0.21, 0.00, 0.13, 0.00, 0.00, 0.76, 0.00, 1.00, 0.00, 0.00, 0.00, 0.00, 0.00, 0.00, 0.00, 0.00, 0.00, 0.00, 0.00, 0.00, 0.00, 0.00, 0.00, 1.00
79,  0,  2.620,  0.98,  1, 0.00, 0.11, 0.15, 0.00, 0.00, 0.18, 0.00, 0.00, 0.00, 0.00, 0.36, 0.15, 0.00, 0.14, 0.00, 0.00, 0.64, 0.00, 1.00, 0.00, 0.00, 0.00, 0.00, 0.00, 0.00, 0.00, 0.00, 0.00, 0.00, 0.00, 0.00, 0.00, 0.00, 0.00, 1.00
80,  0,  2.654,  0.98,  1, 0.00, 0.02, 0.12, 0.00, 0.00, 0.19, 0.00, 0.00, 0.00, 0.00, 0.10, 0.04, 0.18, 0.13, 0.00, 0.00, 0.43, 0.00, 1.00, 0.00, 0.00, 0.00, 0.00, 0.00, 0.00, 0.00, 0.00, 0.00, 0.00, 0.00, 0.00, 0.00, 0.00, 0.00, 1.00
81,  0,  2.687,  0.98,  1, 0.00, 0.01, 0.16, 0.00, 0.00, 0.20, 0.00, 0.00, 0.00, 0.00, 0.10, 0.00, 0.40, 0.10, 0.00, 0.00, 0.39, 0.00, 1.00, 0.00, 0.00, 0.00, 0.00, 0.00, 0.00, 0.00, 0.00, 0.00, 0.00, 0.00, 0.00, 0.00, 0.00, 0.00, 1.00
82,  0,  2.721,  0.98,  1, 0.00, 0.05, 0.18, 0.00, 0.00, 0.12, 0.00, 0.00, 0.00, 0.00, 0.10, 0.02, 0.40, 0.02, 0.00, 0.00, 0.45, 0.00, 1.00, 0.00, 0.00, 0.00, 0.00, 0.00, 0.00, 0.00, 0.00, 0.00, 0.00, 0.00, 0.00, 0.00, 0.00, 0.00, 0.00
83,  0,  2.754,  0.98,  1, 0.00, 0.05, 0.10, 0.00, 0.00, 0.16, 0.00, 0.00, 0.00, 0.00, 0.01, 0.02, 0.22, 0.01, 0.00, 0.22, 0.69, 0.00, 1.00, 0.00, 0.00, 0.00, 0.00, 0.00, 0.00, 0.00, 0.00, 0.00, 0.00, 0.00, 0.00, 0.00, 0.00, 0.00, 0.00
84,  0,  2.788,  0.98,  1, 0.00, 0.05, 0.03, 0.00, 0.00, 0.13, 0.00, 0.00, 0.00, 0.00, 0.01, 0.05, 0.00, 0.00, 0.00, 0.22, 0.84, 0.00, 1.00, 0.00, 0.00, 0.00, 0.00, 0.00, 0.00, 0.00, 0.00, 0.00, 0.00, 0.00, 0.00, 0.00, 0.00, 0.00, 0.00
85,  0,  2.822,  0.98,  1, 0.00, 0.15, 0.01, 0.00, 0.00, 0.23, 0.00, 0.00, 0.00, 0.00, 0.01, 0.12, 0.00, 0.09, 0.00, 0.31, 0.90, 0.00, 1.00, 0.00, 0.00, 0.00, 0.00, 0.00, 0.00, 0.00, 0.00, 0.00, 0.00, 0.00, 0.00, 0.00, 0.00, 0.00, 0.00
86,  0,  2.855,  0.98,  1, 0.00, 0.16, 0.04, 0.00, 0.00, 0.22, 0.00, 0.00, 0.00, 0.00, 0.00, 0.12, 0.00, 0.11, 0.05, 0.16, 0.84, 0.00, 1.00, 0.00, 0.00, 0.00, 0.00, 0.00, 0.00, 0.00, 0.00, 0.00, 0.00, 0.00, 0.00, 0.00, 0.00, 0.00, 1.00
87,  0,  2.889,  0.98,  1, 0.00, 0.25, 0.15, 0.00, 0.00, 0.19, 0.00, 0.00, 0.00, 0.00, 0.00, 0.09, 0.00, 0.16, 0.05, 0.16, 0.76, 0.00, 1.00, 0.00, 0.00, 0.00, 0.00, 0.00, 0.00, 0.00, 0.00, 0.00, 0.00, 0.00, 0.00, 0.00, 0.00, 0.00, 0.00
88,  0,  2.922,  0.98,  1, 0.00, 0.14, 0.20, 0.00, 0.00, 0.08, 0.00, 0.00, 0.00, 0.00, 0.16, 0.05, 0.01, 0.10, 0.05, 0.07, 0.77, 0.00, 1.00, 0.00, 0.00, 0.00, 0.00, 0.00, 0.00, 0.00, 0.00, 0.00, 0.00, 0.00, 0.00, 0.00, 0.00, 0.00, 0.00
89,  0,  2.956,  0.98,  1, 0.00, 0.19, 0.19, 0.00, 0.00, 0.04, 0.00, 0.00, 0.00, 0.00, 0.16, 0.05, 0.01, 0.12, 0.00, 0.00, 0.68, 0.00, 1.00, 0.00, 0.00, 0.00, 0.00, 0.00, 0.00, 0.00, 0.00, 0.00, 0.00, 0.00, 0.00, 0.00, 0.00, 0.00, 0.00
90,  0,  2.990,  0.98,  1, 0.00, 0.25, 0.07, 0.00, 0.00, 0.08, 0.00, 0.00, 0.00, 0.00, 0.16, 0.05, 0.01, 0.17, 0.02, 0.02, 0.65, 0.00, 1.00, 0.00, 0.00, 0.00, 0.00, 0.00, 0.00, 0.00, 0.00, 0.00, 0.00, 0.00, 0.00, 0.00, 0.00, 0.00, 0.00
91,  0,  3.023,  0.98,  1, 0.00, 0.28, 0.04, 0.00, 0.00, 0.15, 0.00, 0.00, 0.00, 0.00, 0.07, 0.08, 0.00, 0.15, 0.09, 0.02, 0.52, 0.00, 1.00, 0.00, 0.00, 0.00, 0.00, 0.00, 0.00, 0.00, 0.00, 0.00, 0.00, 0.00, 0.00, 0.00, 0.00, 0.00, 0.00
92,  0,  3.057,  0.98,  1, 0.00, 0.33, 0.07, 0.00, 0.00, 0.11, 0.00, 0.00, 0.00, 0.00, 0.07, 0.09, 0.00, 0.14, 0.09, 0.02, 0.51, 0.00, 1.00, 0.00, 0.00, 0.00, 0.00, 0.00, 0.00, 0.00, 0.00, 0.00, 0.00, 0.00, 0.00, 0.00, 0.00, 0.00, 0.00
93,  0,  3.090,  0.98,  1, 0.00, 0.25, 0.09, 0.00, 0.00, 0.07, 0.00, 0.00, 0.00, 0.00, 0.19, 0.09, 0.00, 0.13, 0.07, 0.00, 0.33, 0.00, 1.00, 0.00, 0.00, 0.00, 0.00, 0.00, 0.00, 0.00, 0.00, 0.00, 0.00, 0.00, 0.00, 0.00, 0.00, 0.00, 0.00
94,  0,  3.124,  0.98,  1, 0.00, 0.27, 0.11, 0.00, 0.00, 0.01, 0.00, 0.00, 0.00, 0.00, 0.11, 0.01, 0.00, 0.14, 0.11, 0.10, 0.27, 0.00, 1.00, 0.00, 0.00, 0.00, 0.00, 0.00, 0.00, 0.00, 0.00, 0.00, 0.00, 0.00, 0.00, 0.00, 0.00, 0.00, 0.00
95,  0,  3.158,  0.98,  1, 0.00, 0.17, 0.17, 0.00, 0.00, 0.12, 0.00, 0.00, 0.00, 0.00, 0.22, 0.03, 0.00, 0.11, 0.22, 0.21, 0.30, 0.00, 1.00, 0.00, 0.00, 0.00, 0.00, 0.00, 0.00, 0.00, 0.00, 0.00, 0.00, 0.00, 0.00, 0.00, 0.00, 0.00, 0.00
96,  0,  3.191,  0.98,  1, 0.00, 0.12, 0.18, 0.00, 0.00, 0.14, 0.00, 0.00, 0.00, 0.00, 0.13, 0.03, 0.00, 0.01, 0.22, 0.21, 0.51, 0.00, 1.00, 0.00, 0.00, 0.00, 0.00, 0.00, 0.00, 0.00, 0.00, 0.00, 0.00, 0.00, 0.00, 0.00, 0.00, 0.00, 0.00
97,  0,  3.225,  0.98,  1, 0.00, 0.07, 0.25, 0.00, 0.00, 0.20, 0.00, 0.00, 0.00, 0.00, 0.13, 0.09, 0.03, 0.05, 0.15, 0.16, 0.61, 0.00, 1.00, 0.00, 0.00, 0.00, 0.00, 0.00, 0.00, 0.00, 0.00, 0.00, 0.00, 0.00, 0.00, 0.00, 0.00, 0.00, 1.00
98,  0,  3.258,  0.98,  1, 0.00, 0.12, 0.25, 0.00, 0.00, 0.16, 0.00, 0.00, 0.00, 0.00, 0.14, 0.07, 0.03, 0.05, 0.04, 0.05, 0.61, 0.00, 1.00, 0.00, 0.00, 0.00, 0.00, 0.00, 0.00, 0.00, 0.00, 0.00, 0.00, 0.00, 0.00, 0.00, 0.00, 0.00, 1.00
99,  0,  3.292,  0.98,  1, 0.00, 0.10, 0.28, 0.00, 0.00, 0.28, 0.00, 0.00, 0.00, 0.00, 0.28, 0.07, 0.03, 0.05, 0.08, 0.05, 0.62, 0.00, 1.00, 0.00, 0.00, 0.00, 0.00, 0.00, 0.00, 0.00, 0.00, 0.00, 0.00, 0.00, 0.00, 0.00, 0.00, 0.00, 1.00
100,  0,  3.325,  0.98,  1, 0.00, 0.11, 0.19, 0.00, 0.00, 0.32, 0.00, 0.00, 0.00, 0.00, 0.28, 0.00, 0.00, 0.00, 0.07, 0.00, 0.75, 0.00, 1.00, 0.00, 0.00, 0.00, 0.00, 0.00, 0.00, 0.00, 0.00, 0.00, 0.00, 0.00, 0.00, 0.00, 0.00, 0.00, 1.00
101,  0,  3.359,  0.98,  1, 0.00, 0.06, 0.11, 0.00, 0.00, 0.25, 0.00, 0.00, 0.00, 0.00, 0.23, 0.13, 0.00, 0.02, 0.07, 0.08, 0.89, 0.00, 1.00, 0.00, 0.00, 0.00, 0.00, 0.00, 0.00, 0.00, 0.00, 0.00, 0.00, 0.00, 0.00, 0.00, 0.00, 0.00, 1.00
102,  0,  3.393,  0.98,  1, 0.00, 0.05, 0.09, 0.00, 0.00, 0.10, 0.00, 0.00, 0.00, 0.00, 0.08, 0.13, 0.00, 0.02, 0.03, 0.14, 0.82, 0.00, 1.00, 0.00, 0.00, 0.00, 0.00, 0.00, 0.00, 0.00, 0.00, 0.00, 0.00, 0.00, 0.00, 0.00, 0.00, 0.00, 1.00
103,  0,  3.426,  0.98,  1, 0.00, 0.00, 0.09, 0.00, 0.00, 0.06, 0.00, 0.00, 0.00, 0.00, 0.08, 0.13, 0.00, 0.07, 0.00, 0.23, 0.72, 0.00, 1.00, 0.00, 0.00, 0.00, 0.00, 0.00, 0.00, 0.00, 0.00, 0.00, 0.00, 0.00, 0.00, 0.00, 0.00, 0.00, 1.00
104,  0,  3.460,  0.98,  1, 0.00, 0.00, 0.15, 0.00, 0.00, 0.11, 0.00, 0.00, 0.00, 0.00, 0.00, 0.00, 0.00, 0.06, 0.00, 0.15, 0.73, 0.00, 1.00, 0.00, 0.00, 0.00, 0.00, 0.00, 0.00, 0.00, 0.00, 0.00, 0.00, 0.00, 0.00, 0.00, 0.00, 0.00, 1.00
105,  0,  3.493,  0.98,  1, 0.00, 0.06, 0.22, 0.00, 0.00, 0.29, 0.00, 0.00, 0.00, 0.00, 0.16, 0.00, 0.04, 0.06, 0.00, 0.09, 0.64, 0.00, 1.00, 0.00, 0.00, 0.00, 0.00, 0.00, 0.00, 0.00, 0.00, 0.00, 0.00, 0.00, 0.00, 0.00, 0.00, 0.00, 1.00
106,  0,  3.527,  0.98,  1, 0.00, 0.06, 0.34, 0.00, 0.00, 0.33, 0.00, 0.00, 0.00, 0.00, 0.23, 0.00, 0.04, 0.00, 0.01, 0.04, 0.59, 0.00, 1.00, 0.00, 0.00, 0.00, 0.00, 0.00, 0.00, 0.00, 0.00, 0.00, 0.00, 0.00, 0.00, 0.00, 0.00, 0.00, 1.00
107,  0,  3.561,  0.98,  1, 0.00, 0.06, 0.40, 0.00, 0.00, 0.31, 0.00, 0.00, 0.00, 0.00, 0.23, 0.02, 0.04, 0.02, 0.05, 0.10, 0.43, 0.00, 1.00, 0.00, 0.00, 0.00, 0.00, 0.00, 0.00, 0.00, 0.00, 0.00, 0.00, 0.00, 0.00, 0.00, 0.00, 0.00, 1.00
108,  0,  3.594,  0.98,  1, 0.00, 0.00, 0.34, 0.00, 0.00, 0.15, 0.00, 0.00, 0.00, 0.00, 0.13, 0.06, 0.00, 0.02, 0.05, 0.10, 0.50, 0.00, 1.00, 0.00, 0.00, 0.00, 0.00, 0.00, 0.00, 0.00, 0.00, 0.00, 0.00, 0.00, 0.00, 0.00, 0.00, 0.00, 0.00
109,  0,  3.628,  0.98,  1, 0.00, 0.00, 0.27, 0.00, 0.00, 0.19, 0.00, 0.00, 0.00, 0.00, 0.06, 0.15, 0.00, 0.02, 0.09, 0.10, 0.48, 0.00, 1.00, 0.00, 0.00, 0.00, 0.00, 0.00, 0.00, 0.00, 0.00, 0.00, 0.00, 0.00, 0.00, 0.00, 0.00, 0.00, 0.00
110,  0,  3.661,  0.98,  1, 0.00, 0.00, 0.16, 0.00, 0.00, 0.25, 0.00, 0.00, 0.00, 0.00, 0.06, 0.13, 0.02, 0.02, 0.05, 0.04, 0.43, 0.00, 1.00, 0.00, 0.00, 0.00, 0.00, 0.00, 0.00, 0.00, 0.00, 0.00, 0.00, 0.00, 0.00, 0.00, 0.00, 0.00, 0.00
111,  0,  3.695,  0.98,  1, 0.00, 0.00, 0.16, 0.00, 0.00, 0.33, 0.00, 0.00, 0.00, 0.00, 0.00, 0.10, 0.02, 0.10, 0.10, 0.12, 0.35, 0.00, 1.00, 0.00, 0.00, 0.00, 0.00, 0.00, 0.00, 0.00, 0.00, 0.00, 0.00, 0.00, 0.00, 0.00, 0.00, 0.00, 0.00
112,  0,  3.729,  0.98,  1, 0.00, 0.00, 0.17, 0.00, 0.00, 0.33, 0.00, 0.00, 0.00, 0.00, 0.05, 0.00, 0.02, 0.13, 0.04, 0.08, 0.20, 0.00, 1.00, 0.00, 0.00, 0.00, 0.00, 0.00, 0.00, 0.00, 0.00, 0.00, 0.00, 0.00, 0.00, 0.00, 0.00, 0.00, 0.00
113,  0,  3.762,  0.98,  1, 0.00, 0.00, 0.18, 0.00, 0.00, 0.31, 0.00, 0.00, 0.00, 0.00, 0.05, 0.00, 0.00, 0.14, 0.09, 0.15, 0.16, 0.00, 1.00, 0.00, 0.00, 0.00, 0.00, 0.00, 0.00, 0.00, 0.00, 0.00, 0.00, 0.00, 0.00, 0.00, 0.00, 0.00, 0.00
114,  0,  3.796,  0.98,  1, 0.00, 0.03, 0.26, 0.00, 0.00, 0.33, 0.00, 0.00, 0.00, 0.00, 0.05, 0.06, 0.00, 0.08, 0.04, 0.08, 0.16, 0.00, 1.00, 0.00, 0.00, 0.00, 0.00, 0.00, 0.00, 0.00, 0.00, 0.00, 0.00, 0.00, 0.00, 0.00, 0.00, 0.00, 0.00
115,  0,  3.829,  0.98,  1, 0.00, 0.03, 0.31, 0.00, 0.00, 0.29, 0.00, 0.00, 0.00, 0.00, 0.05, 0.16, 0.00, 0.14, 0.04, 0.07, 0.25, 0.00, 1.00, 0.00, 0.00, 0.00, 0.00, 0.00, 0.00, 0.00, 0.00, 0.00, 0.00, 0.00, 0.00, 0.00, 0.00, 0.00, 0.00
116,  0,  3.863,  0.98,  1, 0.00, 0.05, 0.31, 0.00, 0.00, 0.22, 0.00, 0.00, 0.00, 0.00, 0.10, 0.17, 0.01, 0.11, 0.00, 0.00, 0.43, 0.00, 1.00, 0.00, 0.00, 0.00, 0.00, 0.00, 0.00, 0.00, 0.00, 0.00, 0.00, 0.00, 0.00, 0.00, 0.00, 0.00, 0.00
117,  0,  3.897,  0.98,  1, 0.00, 0.03, 0.29, 0.00, 0.00, 0.11, 0.00, 0.00, 0.00, 0.00, 0.12, 0.14, 0.01, 0.19, 0.00, 0.00, 0.45, 0.00, 1.00, 0.00, 0.00, 0.00, 0.00, 0.00, 0.00, 0.00, 0.00, 0.00, 0.00, 0.00, 0.00, 0.00, 0.00, 0.00, 0.00
118,  0,  3.930,  0.98,  1, 0.00, 0.08, 0.24, 0.00, 0.00, 0.13, 0.00, 0.00, 0.00, 0.00, 0.11, 0.04, 0.01, 0.17, 0.00, 0.00, 0.50, 0.00, 1.00, 0.00, 0.00, 0.00, 0.00, 0.00, 0.00, 0.00, 0.00, 0.00, 0.00, 0.00, 0.00, 0.00, 0.00, 0.00, 0.00
119,  0,  3.964,  0.98,  1, 0.00, 0.05, 0.33, 0.00, 0.00, 0.24, 0.00, 0.00, 0.00, 0.00, 0.06, 0.04, 0.00, 0.18, 0.00, 0.19, 0.77, 0.00, 1.00, 0.00, 0.00, 0.00, 0.00, 0.00, 0.00, 0.00, 0.00, 0.00, 0.00, 0.00, 0.00, 0.00, 0.00, 0.00, 1.00
120,  0,  3.997,  0.98,  1, 0.00, 0.06, 0.39, 0.00, 0.00, 0.24, 0.00, 0.00, 0.00, 0.00, 0.04, 0.08, 0.00, 0.08, 0.00, 0.21, 1.66, 0.00, 1.00, 0.00, 0.00, 0.00, 0.00, 0.00, 0.00, 0.00, 0.00, 0.00, 0.00, 0.00, 0.00, 0.00, 0.00, 0.00, 1.00
121,  0,  4.031,  0.98,  1, 0.00, 0.05, 0.41, 0.00, 0.00, 0.13, 0.00, 0.00, 0.00, 0.00, 0.02, 0.18, 0.00, 0.13, 0.00, 0.21, 2.49, 0.00, 1.00, 0.00, 0.00, 0.00, 0.00, 0.00, 0.00, 0.00, 0.00, 0.00, 0.00, 0.00, 0.00, 0.00, 0.00, 0.00, 1.00
122,  0,  4.064,  0.98,  1, 0.00, 0.08, 0.46, 0.00, 0.00, 0.00, 0.00, 0.00, 0.00, 0.00, 0.02, 0.26, 0.00, 0.25, 0.00, 0.15, 2.93, 0.00, 1.00, 0.00, 0.00, 0.00, 0.00, 0.00, 0.00, 0.00, 0.00, 0.00, 0.00, 0.00, 0.00, 0.00, 0.00, 0.00, 1.00
123,  0,  4.098,  0.98,  1, 0.00, 0.07, 0.42, 0.00, 0.00, 0.09, 0.00, 0.00, 0.00, 0.00, 0.02, 0.27, 0.00, 0.35, 0.00, 0.28, 2.67, 0.00, 1.00, 0.00, 0.00, 0.00, 0.00, 0.00, 0.00, 0.00, 0.00, 0.00, 0.00, 0.00, 1.00, 0.00, 0.00, 0.00, 1.00
124,  0,  4.132,  0.98,  1, 0.00, 0.02, 0.47, 0.00, 0.00, 0.25, 0.00, 0.00, 0.00, 0.00, 0.00, 0.22, 0.00, 0.40, 0.01, 0.67, 2.26, 0.00, 1.00, 0.00, 0.00, 0.00, 0.00, 0.00, 0.00, 0.00, 0.00, 0.00, 0.00, 0.00, 1.00, 0.00, 0.00, 0.00, 1.00
125,  0,  4.165,  0.98,  1, 0.00, 0.00, 0.41, 0.00, 0.00, 0.65, 0.00, 0.00, 0.00, 0.00, 0.00, 0.23, 0.00, 0.42, 0.01, 0.90, 1.80, 0.00, 1.00, 0.00, 0.00, 0.00, 0.00, 0.00, 0.00, 0.00, 0.00, 0.00, 0.00, 0.00, 1.00, 0.00, 1.00, 0.00, 1.00
126,  0,  4.199,  0.98,  1, 0.00, 0.00, 0.41, 0.00, 0.00, 0.82, 0.00, 0.00, 0.00, 0.00, 0.00, 0.22, 0.00, 0.58, 0.01, 1.05, 1.45, 0.00, 1.00, 0.00, 0.00, 0.00, 0.00, 0.00, 0.00, 0.00, 0.00, 0.00, 0.00, 0.00, 1.00, 0.00, 1.00, 0.00, 1.00
127,  0,  4.232,  0.98,  1, 0.00, 0.00, 0.39, 0.00, 0.00, 0.89, 0.00, 0.00, 0.00, 0.00, 0.00, 0.25, 0.00, 0.64, 0.00, 1.13, 1.18, 0.00, 1.00, 0.00, 0.00, 0.00, 0.00, 0.00, 0.00, 0.00, 0.00, 0.00, 0.00, 0.00, 1.00, 0.00, 1.00, 0.00, 1.00
128,  0,  4.266,  0.98,  1, 0.00, 0.00, 0.40, 0.00, 0.00, 0.66, 0.00, 0.00, 0.00, 0.00, 0.00, 0.41, 0.00, 0.75, 0.00, 1.24, 0.92, 0.00, 1.00, 0.00, 0.00, 0.00, 0.00, 0.00, 0.00, 0.00, 0.00, 0.00, 0.00, 0.00, 1.00, 0.00, 1.00, 0.00, 1.00
129,  0,  4.300,  0.98,  1, 0.00, 0.00, 0.37, 0.00, 0.00, 0.49, 0.00, 0.00, 0.00, 0.00, 0.00, 0.46, 0.08, 0.86, 0.00, 1.37, 0.75, 0.00, 1.00, 0.00, 0.00, 0.00, 0.00, 0.00, 0.00, 0.00, 0.00, 0.00, 0.00, 0.00, 1.00, 0.00, 1.00, 0.00, 1.00
130,  0,  4.333,  0.98,  1, 0.00, 0.00, 0.35, 0.00, 0.00, 0.50, 0.00, 0.00, 0.00, 0.00, 0.00, 0.54, 0.11, 0.98, 0.00, 1.42, 0.75, 0.00, 1.00, 0.00, 0.00, 0.00, 0.00, 0.00, 0.00, 0.00, 0.00, 0.00, 1.00, 0.00, 1.00, 0.00, 1.00, 0.00, 1.00
131,  0,  4.367,  0.98,  1, 0.00, 0.00, 0.35, 0.00, 0.00, 0.66, 0.00, 0.00, 0.00, 0.00, 0.00, 0.54, 0.11, 1.12, 0.00, 1.44, 0.76, 0.00, 1.00, 0.00, 0.00, 0.00, 0.00, 0.00, 0.00, 0.00, 0.00, 0.00, 1.00, 0.00, 1.00, 0.00, 1.00, 0.00, 1.00
132,  0,  4.400,  0.98,  1, 0.00, 0.00, 0.33, 0.00, 0.00, 0.80, 0.00, 0.00, 0.00, 0.00, 0.00, 0.64, 0.03, 1.21, 0.00, 1.58, 0.82, 0.00, 0.00, 0.00, 0.00, 0.00, 0.00, 0.00, 0.00, 0.00, 0.00, 0.00, 1.00, 0.00, 1.00, 0.00, 1.00, 0.00, 1.00
133,  0,  4.434,  0.98,  1, 0.00, 0.00, 0.32, 0.00, 0.00, 0.71, 0.00, 0.00, 0.00, 0.00, 0.00, 0.72, 0.00, 1.31, 0.00, 1.64, 0.66, 0.00, 0.00, 0.00, 0.00, 0.00, 0.00, 0.00, 0.00, 0.00, 0.00, 0.00, 1.00, 0.00, 1.00, 0.00, 1.00, 0.00, 1.00
134,  0,  4.468,  0.98,  1, 0.00, 0.00, 0.28, 0.00, 0.00, 0.56, 0.00, 0.00, 0.00, 0.00, 0.00, 0.69, 0.00, 1.33, 0.00, 1.62, 0.74, 0.00, 1.00, 0.00, 0.00, 0.00, 0.00, 0.00, 0.00, 0.00, 0.00, 0.00, 1.00, 0.00, 1.00, 0.00, 1.00, 0.00, 1.00
135,  0,  4.501,  0.98,  1, 0.00, 0.00, 0.33, 0.00, 0.00, 0.50, 0.00, 0.00, 0.00, 0.00, 0.00, 0.68, 0.00, 1.33, 0.00, 1.40, 0.77, 0.00, 1.00, 0.00, 0.00, 0.00, 0.00, 0.00, 0.00, 0.00, 0.00, 0.00, 1.00, 0.00, 1.00, 0.00, 1.00, 0.00, 1.00
136,  0,  4.535,  0.98,  1, 0.00, 0.00, 0.39, 0.00, 0.00, 0.64, 0.00, 0.00, 0.00, 0.00, 0.00, 0.61, 0.05, 1.31, 0.01, 1.28, 0.82, 0.00, 0.00, 0.00, 0.00, 0.00, 0.00, 0.00, 0.00, 0.00, 0.00, 0.00, 0.00, 0.00, 0.00, 0.00, 1.00, 0.00, 1.00
137,  0,  4.568,  0.98,  1, 0.00, 0.00, 0.45, 0.00, 0.00, 0.58, 0.00, 0.00, 0.00, 0.00, 0.00, 0.60, 0.15, 1.31, 0.06, 1.15, 0.75, 0.00, 0.00, 0.00, 0.00, 0.00, 0.00, 0.00, 0.00, 0.00, 0.00, 0.00, 0.00, 0.00, 0.00, 0.00, 1.00, 0.00, 1.00
138,  0,  4.602,  0.98,  1, 0.00, 0.00, 0.43, 0.00, 0.00, 0.54, 0.00, 0.00, 0.00, 0.00, 0.00, 0.58, 0.36, 1.27, 0.07, 1.25, 0.60, 0.00, 0.00, 0.00, 0.00, 0.00, 0.00, 0.00, 0.00, 0.00, 0.00, 0.00, 0.00, 0.00, 1.00, 0.00, 1.00, 0.00, 1.00
139,  0,  4.636,  0.98,  1, 0.00, 0.00, 0.33, 0.00, 0.00, 0.36, 0.00, 0.00, 0.00, 0.00, 0.00, 0.68, 0.60, 1.32, 0.18, 1.33, 0.57, 0.00, 0.00, 0.00, 0.00, 0.00, 0.00, 0.00, 0.00, 0.00, 0.00, 0.00, 0.00, 1.00, 1.00, 0.00, 1.00, 0.00, 1.00
140,  0,  4.669,  0.98,  1, 0.00, 0.00, 0.25, 0.00, 0.00, 0.37, 0.00, 0.00, 0.00, 0.00, 0.00, 0.65, 0.72, 1.27, 0.29, 1.49, 0.56, 0.00, 0.00, 0.00, 0.00, 0.00, 0.00, 0.00, 0.00, 0.00, 0.00, 0.00, 0.00, 1.00, 1.00, 0.00, 1.00, 0.00, 1.00
141,  0,  4.703,  0.98,  1, 0.00, 0.00, 0.25, 0.00, 0.00, 0.42, 0.00, 0.00, 0.00, 0.00, 0.00, 0.63, 0.83, 1.15, 0.49, 1.44, 0.61, 0.00, 0.00, 0.00, 0.00, 0.00, 0.00, 0.00, 0.00, 0.00, 0.00, 0.00, 0.00, 1.00, 1.00, 0.00, 1.00, 0.00, 1.00
142,  0,  4.736,  0.98,  1, 0.00, 0.00, 0.30, 0.00, 0.00, 0.54, 0.00, 0.00, 0.00, 0.00, 0.00, 0.65, 0.72, 1.09, 0.49, 1.34, 0.62, 0.00, 0.00, 0.00, 0.00, 0.00, 0.00, 0.00, 0.00, 0.00, 0.00, 0.00, 0.00, 1.00, 1.00, 0.00, 1.00, 0.00, 1.00
143,  0,  4.770,  0.98,  1, 0.00, 0.00, 0.31, 0.00, 0.00, 0.64, 0.00, 0.00, 0.00, 0.00, 0.00, 0.73, 0.86, 1.07, 0.45, 1.35, 0.54, 0.00, 0.00, 0.00, 0.00, 0.00, 0.00, 0.00, 0.00, 0.00, 0.00, 0.00, 0.00, 1.00, 1.00, 0.00, 1.00, 0.00, 1.00
144,  0,  4.803,  0.98,  1, 0.00, 0.00, 0.29, 0.00, 0.00, 0.68, 0.00, 0.00, 0.00, 0.00, 0.00, 0.81, 0.82, 1.17, 0.34, 1.32, 0.48, 0.00, 0.00, 0.00, 0.00, 0.00, 0.00, 0.00, 0.00, 0.00, 0.00, 0.00, 0.00, 1.00, 1.00, 0.00, 1.00, 0.00, 1.00
145,  0,  4.837,  0.98,  1, 0.00, 0.00, 0.31, 0.00, 0.00, 0.79, 0.00, 0.00, 0.00, 0.00, 0.00, 0.77, 0.87, 1.13, 0.35, 1.38, 0.39, 0.00, 1.00, 0.00, 0.00, 0.00, 0.00, 0.00, 0.00, 0.00, 0.00, 0.00, 0.00, 1.00, 1.00, 0.00, 1.00, 0.00, 1.00
146,  0,  4.871,  0.98,  1, 0.00, 0.00, 0.39, 0.00, 0.00, 0.78, 0.00, 0.00, 0.00, 0.00, 0.00, 0.74, 0.60, 1.11, 0.32, 1.40, 0.33, 0.00, 1.00, 0.00, 0.00, 0.00, 0.00, 0.00, 0.00, 0.00, 0.00, 0.00, 1.00, 1.00, 1.00, 0.00, 1.00, 0.00, 1.00
147,  0,  4.904,  0.98,  1, 0.00, 0.00, 0.43, 0.00, 0.00, 0.74, 0.00, 0.00, 0.00, 0.00, 0.00, 0.68, 0.46, 1.05, 0.31, 1.39, 0.36, 0.00, 1.00, 0.00, 0.00, 0.00, 0.00, 0.00, 0.00, 0.00, 0.00, 0.00, 1.00, 1.00, 1.00, 0.00, 1.00, 0.00, 1.00
148,  0,  4.938,  0.98,  1, 0.00, 0.00, 0.37, 0.00, 0.00, 0.56, 0.00, 0.00, 0.00, 0.00, 0.00, 0.70, 0.46, 1.08, 0.33, 1.37, 0.42, 0.00, 1.00, 0.00, 0.00, 0.00, 0.00, 0.00, 0.00, 0.00, 0.00, 0.00, 1.00, 1.00, 1.00, 0.00, 1.00, 0.00, 1.00
149,  0,  4.971,  0.98,  1, 0.00, 0.00, 0.38, 0.00, 0.00, 0.46, 0.00, 0.00, 0.00, 0.00, 0.00, 0.70, 0.51, 1.06, 0.37, 1.41, 0.50, 0.00, 1.00, 0.00, 0.00, 0.00, 0.00, 0.00, 0.00, 0.00, 0.00, 0.00, 0.00, 1.00, 1.00, 0.00, 1.00, 0.00, 1.00
150,  0,  5.005,  0.98,  1, 0.00, 0.00, 0.36, 0.00, 0.00, 0.45, 0.00, 0.00, 0.00, 0.00, 0.00, 0.67, 0.55, 0.97, 0.42, 1.50, 0.45, 0.00, 1.00, 0.00, 0.00, 0.00, 0.00, 0.00, 0.00, 0.00, 0.00, 0.00, 0.00, 1.00, 1.00, 0.00, 1.00, 0.00, 1.00
151,  0,  5.039,  0.98,  1, 0.00, 0.00, 0.45, 0.00, 0.00, 0.43, 0.00, 0.00, 0.00, 0.00, 0.00, 0.55, 0.48, 0.83, 0.45, 1.55, 0.53, 0.00, 0.00, 0.00, 0.00, 0.00, 0.00, 0.00, 0.00, 0.00, 0.00, 0.00, 0.00, 1.00, 1.00, 0.00, 1.00, 0.00, 1.00
152,  0,  5.072,  0.98,  1, 0.00, 0.00, 0.45, 0.00, 0.00, 0.55, 0.00, 0.00, 0.00, 0.00, 0.00, 0.42, 0.49, 0.75, 0.48, 1.52, 0.56, 0.00, 0.00, 0.00, 0.00, 0.00, 0.00, 0.00, 0.00, 0.00, 0.00, 0.00, 0.00, 1.00, 1.00, 0.00, 1.00, 0.00, 1.00
153,  0,  5.106,  0.98,  1, 0.00, 0.00, 0.55, 0.00, 0.00, 0.61, 0.00, 0.00, 0.00, 0.00, 0.00, 0.44, 0.46, 0.68, 0.45, 1.48, 0.62, 0.00, 0.00, 0.00, 0.00, 0.00, 0.00, 0.00, 0.00, 0.00, 0.00, 0.00, 0.00, 1.00, 1.00, 1.00, 1.00, 0.00, 1.00
154,  0,  5.139,  0.98,  1, 0.00, 0.00, 0.69, 0.00, 0.00, 0.84, 0.00, 0.00, 0.00, 0.00, 0.00, 0.49, 0.40, 0.61, 0.42, 1.41, 0.66, 0.00, 0.00, 0.00, 0.00, 0.00, 0.00, 0.00, 0.00, 0.00, 0.00, 0.00, 0.00, 1.00, 1.00, 1.00, 1.00, 0.00, 1.00
155,  0,  5.173,  0.98,  1, 0.00, 0.00, 0.85, 0.00, 0.00, 1.00, 0.00, 0.00, 0.00, 0.00, 0.00, 0.59, 0.44, 0.59, 0.40, 1.36, 0.68, 0.00, 0.00, 0.00, 0.00, 0.00, 0.00, 0.00, 0.00, 0.00, 0.00, 0.00, 0.00, 1.00, 1.00, 1.00, 1.00, 0.00, 1.00
156,  0,  5.207,  0.98,  1, 0.00, 0.00, 1.02, 0.00, 0.00, 1.15, 0.00, 0.00, 0.00, 0.00, 0.00, 0.48, 0.56, 0.56, 0.51, 1.46, 0.69, 0.00, 0.00, 0.00, 0.00, 0.00, 0.00, 0.00, 0.00, 0.00, 0.00, 0.00, 0.00, 1.00, 1.00, 1.00, 1.00, 0.00, 1.00
157,  0,  5.240,  0.98,  1, 0.00, 0.00, 1.03, 0.00, 0.00, 1.17, 0.00, 0.00, 0.00, 0.00, 0.00, 0.41, 0.46, 0.54, 0.52, 1.45, 0.68, 0.00, 0.00, 1.00, 0.00, 0.00, 0.00, 0.00, 0.00, 0.00, 0.00, 0.00, 0.00, 1.00, 1.00, 0.00, 1.00, 0.00, 1.00
158,  0,  5.274,  0.98,  1, 0.00, 0.00, 1.18, 0.00, 0.00, 1.00, 0.03, 0.00, 0.00, 0.00, 0.00, 0.29, 0.36, 0.47, 0.53, 1.29, 1.37, 0.00, 0.00, 1.00, 0.00, 0.00, 0.00, 0.00, 0.00, 0.00, 0.00, 0.00, 0.00, 0.00, 1.00, 0.00, 1.00, 0.00, 1.00
159,  0,  5.307,  0.98,  1, 0.00, 0.00, 1.19, 0.00, 0.00, 0.69, 0.03, 0.00, 0.00, 0.00, 0.00, 0.30, 0.13, 0.53, 0.42, 1.06, 2.00, 0.00, 0.00, 1.00, 0.00, 0.00, 0.00, 0.00, 0.00, 0.00, 0.00, 0.00, 0.00, 0.00, 1.00, 1.00, 1.00, 0.00, 1.00
160,  0,  5.341,  0.98,  1, 0.00, 0.00, 1.38, 0.00, 0.00, 0.59, 0.03, 0.00, 0.00, 0.00, 0.00, 0.33, 0.13, 0.52, 0.30, 0.92, 2.43, 0.00, 0.00, 1.00, 0.00, 0.00, 0.00, 0.00, 0.00, 0.00, 0.00, 0.00, 0.00, 0.00, 1.00, 1.00, 1.00, 0.00, 1.00
161,  0,  5.375,  0.98,  1, 0.00, 0.00, 1.35, 0.00, 0.00, 0.64, 0.00, 0.00, 0.00, 0.00, 0.00, 0.30, 0.09, 0.51, 0.26, 1.12, 2.02, 0.00, 0.00, 1.00, 0.00, 0.00, 0.00, 0.00, 0.00, 0.00, 0.00, 0.00, 0.00, 0.00, 1.00, 1.00, 1.00, 0.00, 1.00
162,  0,  5.408,  0.98,  1, 0.00, 0.00, 1.29, 0.00, 0.00, 0.89, 0.00, 0.00, 0.00, 0.00, 0.00, 0.22, 0.03, 0.39, 0.39, 1.29, 1.57, 0.00, 0.00, 1.00, 0.00, 0.00, 0.00, 0.00, 0.00, 0.00, 0.00, 0.00, 0.00, 0.00, 1.00, 1.00, 1.00, 0.00, 1.00
163,  0,  5.442,  0.98,  1, 0.00, 0.00, 1.10, 0.00, 0.00, 1.02, 0.00, 0.00, 0.00, 0.00, 0.00, 0.08, 0.09, 0.31, 0.68, 1.36, 1.15, 0.00, 0.00, 1.00, 0.00, 0.00, 0.00, 0.00, 0.00, 0.00, 0.00, 0.00, 0.00, 0.00, 1.00, 1.00, 1.00, 0.00, 1.00
164,  0,  5.475,  0.98,  1, 0.00, 0.00, 0.99, 0.00, 0.00, 1.10, 0.00, 0.00, 0.00, 0.00, 0.00, 0.05, 0.13, 0.30, 0.80, 1.22, 0.71, 0.00, 0.00, 1.00, 0.00, 0.00, 0.00, 0.00, 0.00, 0.00, 0.00, 0.00, 0.00, 0.00, 1.00, 1.00, 1.00, 0.00, 1.00
165,  0,  5.509,  0.98,  1, 0.00, 0.00, 1.04, 0.07, 0.00, 1.09, 0.00, 0.00, 0.00, 0.00, 0.00, 0.04, 0.25, 0.30, 0.79, 1.08, 0.41, 0.00, 0.00, 1.00, 0.00, 0.00, 0.00, 0.00, 0.00, 0.00, 0.00, 0.00, 0.00, 0.00, 1.00, 1.00, 1.00, 0.00, 1.00
166,  0,  5.542,  0.98,  1, 0.00, 0.00, 1.09, 0.16, 0.00, 1.05, 0.00, 0.00, 0.00, 0.00, 0.00, 0.07, 0.24, 0.31, 0.70, 1.18, 0.20, 0.00, 0.00, 1.00, 0.00, 0.00, 0.00, 0.00, 0.00, 0.00, 0.00, 0.00, 0.00, 0.00, 1.00, 1.00, 1.00, 0.00, 0.00
167,  0,  5.576,  0.98,  1, 0.00, 0.00, 1.18, 0.16, 0.00, 1.01, 0.00, 0.00, 0.00, 0.00, 0.00, 0.16, 0.18, 0.30, 0.59, 1.15, 0.16, 0.00, 0.00, 1.00, 0.00, 0.00, 0.00, 0.00, 0.00, 0.00, 0.00, 0.00, 0.00, 0.00, 1.00, 1.00, 1.00, 0.00, 0.00
168,  0,  5.610,  0.98,  1, 0.00, 0.00, 1.29, 0.19, 0.00, 1.10, 0.01, 0.00, 0.00, 0.00, 0.00, 0.23, 0.08, 0.31, 0.48, 1.20, 0.10, 0.00, 0.00, 1.00, 0.00, 0.00, 0.00, 0.00, 0.00, 0.00, 0.00, 0.00, 0.00, 0.00, 1.00, 1.00, 1.00, 0.00, 0.00
169,  0,  5.643,  0.98,  1, 0.00, 0.00, 1.39, 0.10, 0.00, 1.11, 0.01, 0.00, 0.00, 0.00, 0.00, 0.32, 0.11, 0.36, 0.43, 1.07, 0.01, 0.00, 0.00, 1.00, 1.00, 0.00, 0.00, 0.00, 0.00, 0.00, 0.00, 0.00, 0.00, 0.00, 1.00, 1.00, 1.00, 0.00, 0.00
170,  0,  5.677,  0.98,  1, 0.00, 0.00, 1.40, 0.12, 0.00, 1.16, 0.01, 0.00, 0.00, 0.00, 0.00, 0.21, 0.39, 0.36, 0.51, 1.26, 0.01, 0.00, 0.00, 1.00, 1.00, 0.00, 0.00, 0.00, 0.00, 0.00, 0.00, 0.00, 0.00, 0.00, 1.00, 1.00, 1.00, 0.00, 0.00
171,  0,  5.710,  0.98,  1, 0.00, 0.00, 1.34, 0.11, 0.00, 1.14, 0.00, 0.00, 0.00, 0.00, 0.00, 0.18, 0.57, 0.36, 0.55, 1.25, 0.00, 0.00, 0.00, 1.00, 1.00, 0.00, 0.00, 0.00, 0.00, 0.00, 0.00, 0.00, 0.00, 0.00, 1.00, 1.00, 1.00, 0.00, 0.00
172,  0,  5.744,  0.98,  1, 0.00, 0.00, 1.29, 0.16, 0.00, 1.11, 0.00, 0.00, 0.00, 0.00, 0.00, 0.07, 0.51, 0.32, 0.56, 1.19, 0.02, 0.00, 0.00, 1.00, 1.00, 0.00, 0.00, 0.00, 0.00, 0.00, 0.00, 0.00, 0.00, 0.00, 1.00, 1.00, 1.00, 0.00, 0.00
173,  0,  5.778,  0.98,  1, 0.00, 0.00, 1.34, 0.15, 0.00, 1.13, 0.00, 0.00, 0.00, 0.00, 0.00, 0.07, 0.28, 0.28, 0.41, 1.08, 0.02, 0.00, 0.00, 1.00, 0.00, 0.00, 0.00, 0.00, 0.00, 0.00, 0.00, 0.00, 0.00, 0.00, 1.00, 1.00, 1.00, 0.00, 0.00
174,  0,  5.811,  0.98,  1, 0.00, 0.00, 1.39, 0.06, 0.00, 1.02, 0.00, 0.00, 0.00, 0.00, 0.00, 0.07, 0.14, 0.28, 0.26, 1.07, 0.71, 0.00, 0.00, 1.00, 0.00, 0.00, 0.00, 0.00, 0.00, 0.00, 0.00, 0.00, 0.00, 0.00, 1.00, 1.00, 1.00, 0.00, 0.00
175,  0,  5.845,  0.98,  1, 0.00, 0.00, 1.44, 0.01, 0.00, 0.79, 0.06, 0.00, 0.00, 0.00, 0.00, 0.18, 0.15, 0.32, 0.13, 1.00, 1.42, 0.00, 0.00, 1.00, 0.00, 0.00, 0.00, 0.00, 0.00, 0.00, 0.00, 0.00, 0.00, 0.00, 1.00, 1.00, 1.00, 0.00, 1.00
176,  0,  5.878,  0.98,  1, 0.00, 0.00, 1.51, 0.00, 0.00, 0.77, 0.14, 0.00, 0.00, 0.00, 0.00, 0.18, 0.24, 0.34, 0.25, 0.95, 2.00, 0.00, 0.00, 1.00, 0.00, 0.00, 0.00, 0.00, 0.00, 0.00, 0.00, 0.00, 0.00, 0.00, 1.00, 1.00, 1.00, 0.00, 1.00
177,  0,  5.912,  0.98,  1, 0.00, 0.00, 1.53, 0.00, 0.00, 0.92, 0.22, 0.00, 0.00, 0.00, 0.00, 0.11, 0.27, 0.35, 0.52, 1.10, 1.75, 0.00, 0.00, 1.00, 0.00, 0.00, 0.00, 0.00, 0.00, 0.00, 0.00, 0.00, 0.00, 0.00, 1.00, 1.00, 1.00, 0.00, 1.00
178,  0,  5.946,  0.98,  1, 0.00, 0.00, 1.50, 0.00, 0.00, 1.14, 0.16, 0.00, 0.00, 0.00, 0.00, 0.13, 0.33, 0.34, 0.65, 1.35, 1.30, 0.00, 0.00, 1.00, 0.00, 0.00, 0.00, 0.00, 0.00, 0.00, 0.00, 0.00, 0.00, 0.00, 1.00, 1.00, 1.00, 0.00, 1.00
179,  0,  5.979,  0.98,  1, 0.00, 0.00, 1.36, 0.00, 0.00, 1.16, 0.08, 0.00, 0.00, 0.00, 0.00, 0.25, 0.37, 0.39, 0.61, 1.48, 0.87, 0.00, 0.00, 1.00, 0.00, 0.00, 0.00, 0.00, 0.00, 0.00, 0.00, 0.00, 0.00, 0.00, 1.00, 1.00, 1.00, 0.00, 1.00
180,  0,  6.013,  0.98,  1, 0.00, 0.00, 1.33, 0.00, 0.00, 0.96, 0.00, 0.00, 0.00, 0.00, 0.00, 0.25, 0.28, 0.35, 0.50, 1.42, 0.60, 0.00, 0.00, 1.00, 0.00, 0.00, 1.00, 0.00, 0.00, 0.00, 0.00, 0.00, 0.00, 0.00, 1.00, 1.00, 1.00, 0.00, 1.00
181,  0,  6.046,  0.98,  1, 0.00, 0.00, 1.35, 0.05, 0.00, 1.04, 0.00, 0.00, 0.00, 0.00, 0.00, 0.19, 0.18, 0.25, 0.43, 1.44, 0.50, 0.00, 0.00, 1.00, 0.00, 0.00, 1.00, 0.00, 0.00, 0.00, 0.00, 0.00, 0.00, 0.00, 1.00, 1.00, 1.00, 0.00, 0.00
182,  0,  6.080,  0.98,  1, 0.00, 0.00, 1.32, 0.13, 0.00, 1.05, 0.00, 0.00, 0.00, 0.00, 0.00, 0.09, 0.01, 0.11, 0.40, 1.32, 0.41, 0.00, 0.00, 1.00, 0.00, 0.00, 0.00, 0.00, 0.00, 0.00, 0.00, 0.00, 0.00, 0.00, 1.00, 1.00, 1.00, 0.00, 0.00
183,  0,  6.114,  0.98,  1, 0.00, 0.00, 1.26, 0.13, 0.00, 1.16, 0.00, 0.00, 0.00, 0.00, 0.00, 0.18, 0.00, 0.14, 0.28, 1.32, 0.36, 0.00, 0.00, 1.00, 0.00, 0.00, 0.00, 0.00, 0.00, 0.00, 0.00, 0.00, 0.00, 0.00, 0.00, 1.00, 1.00, 0.00, 0.00
184,  0,  6.147,  0.98,  1, 0.00, 0.00, 1.22, 0.08, 0.00, 1.04, 0.00, 0.00, 0.00, 0.00, 0.00, 0.12, 0.00, 0.13, 0.38, 1.39, 0.28, 0.00, 0.00, 1.00, 0.00, 0.00, 0.00, 0.00, 0.00, 0.00, 0.00, 0.00, 0.00, 0.00, 0.00, 1.00, 1.00, 0.00, 0.00
185,  0,  6.181,  0.98,  1, 0.00, 0.00, 1.36, 0.00, 0.00, 1.02, 0.00, 0.00, 0.00, 0.00, 0.00, 0.22, 0.00, 0.16, 0.40, 1.34, 0.29, 0.00, 0.00, 1.00, 1.00, 0.00, 0.00, 0.00, 0.00, 0.00, 0.00, 0.00, 0.00, 0.00, 0.00, 1.00, 1.00, 0.00, 0.00
186,  0,  6.214,  0.98,  1, 0.00, 0.00, 1.47, 0.00, 0.00, 1.11, 0.00, 0.00, 0.00, 0.00, 0.00, 0.25, 0.00, 0.11, 0.57, 1.26, 0.17, 0.00, 0.00, 1.00, 1.00, 0.00, 0.00, 0.00, 0.00, 0.00, 0.00, 0.00, 0.00, 0.00, 0.00, 1.00, 1.00, 0.00, 0.00
187,  0,  6.248,  0.98,  1, 0.00, 0.00, 1.56, 0.06, 0.00, 1.18, 0.00, 0.00, 0.00, 0.00, 0.00, 0.40, 0.00, 0.15, 0.48, 1.07, 0.12, 0.00, 0.00, 1.00, 0.00, 0.00, 0.00, 0.00, 0.00, 0.00, 0.00, 0.00, 0.00, 0.00, 0.00, 1.00, 1.00, 0.00, 0.00
188,  0,  6.281,  0.98,  1, 0.00, 0.00, 1.50, 0.06, 0.00, 1.18, 0.00, 0.00, 0.00, 0.00, 0.00, 0.41, 0.00, 0.15, 0.46, 0.99, 0.09, 0.00, 0.00, 1.00, 0.00, 0.00, 0.00, 0.00, 0.00, 0.00, 0.00, 0.00, 0.00, 0.00, 0.00, 1.00, 1.00, 0.00, 0.00
189,  0,  6.315,  0.98,  1, 0.00, 0.00, 1.44, 0.06, 0.00, 1.08, 0.00, 0.00, 0.00, 0.00, 0.00, 0.37, 0.00, 0.16, 0.36, 0.83, 0.17, 0.00, 0.00, 1.00, 0.00, 0.00, 0.00, 0.00, 0.00, 0.00, 0.00, 0.00, 0.00, 0.00, 0.00, 1.00, 1.00, 0.00, 0.00
190,  0,  6.349,  0.98,  1, 0.00, 0.00, 1.36, 0.00, 0.00, 1.12, 0.00, 0.00, 0.00, 0.00, 0.00, 0.36, 0.00, 0.18, 0.31, 0.76, 0.18, 0.00, 0.00, 1.00, 0.00, 0.00, 0.00, 0.00, 0.00, 0.00, 0.00, 0.00, 0.00, 0.00, 0.00, 1.00, 1.00, 0.00, 0.00
191,  0,  6.382,  0.98,  1, 0.00, 0.00, 1.38, 0.00, 0.00, 1.08, 0.00, 0.00, 0.00, 0.00, 0.00, 0.28, 0.00, 0.15, 0.36, 0.85, 0.25, 0.00, 0.00, 1.00, 0.00, 0.00, 0.00, 0.00, 0.00, 0.00, 0.00, 0.00, 0.00, 0.00, 1.00, 1.00, 1.00, 0.00, 0.00
192,  0,  6.416,  0.98,  1, 0.00, 0.00, 1.39, 0.00, 0.00, 1.06, 0.00, 0.00, 0.00, 0.00, 0.00, 0.34, 0.00, 0.13, 0.34, 0.99, 0.24, 0.00, 0.00, 1.00, 0.00, 0.00, 0.00, 0.00, 0.00, 0.00, 0.00, 0.00, 0.00, 0.00, 1.00, 1.00, 1.00, 0.00, 0.00
193,  0,  6.449,  0.98,  1, 0.00, 0.00, 1.41, 0.00, 0.00, 0.89, 0.00, 0.04, 0.00, 0.00, 0.00, 0.30, 0.02, 0.08, 0.40, 1.03, 0.28, 0.00, 0.00, 1.00, 0.00, 0.00, 0.00, 0.00, 0.00, 0.00, 0.00, 0.00, 0.00, 0.00, 1.00, 1.00, 1.00, 0.00, 0.00
194,  0,  6.483,  0.98,  1, 0.00, 0.00, 1.32, 0.00, 0.00, 0.79, 0.00, 0.04, 0.00, 0.00, 0.00, 0.37, 0.04, 0.17, 0.36, 1.02, 0.32, 0.00, 0.00, 1.00, 0.00, 0.00, 0.00, 0.00, 0.00, 0.00, 0.00, 0.00, 0.00, 0.00, 1.00, 1.00, 0.00, 0.00, 0.00
195,  0,  6.517,  0.98,  1, 0.00, 0.00, 1.22, 0.00, 0.00, 0.84, 0.00, 0.04, 0.00, 0.00, 0.00, 0.26, 0.06, 0.19, 0.32, 1.05, 0.44, 0.00, 0.00, 1.00, 0.00, 0.00, 0.00, 0.00, 0.00, 0.00, 0.00, 0.00, 0.00, 0.00, 1.00, 1.00, 0.00, 0.00, 0.00
196,  0,  6.550,  0.98,  1, 0.00, 0.00, 1.11, 0.00, 0.00, 0.89, 0.00, 0.00, 0.00, 0.00, 0.00, 0.27, 0.11, 0.29, 0.17, 0.92, 0.49, 0.00, 0.00, 1.00, 0.00, 0.00, 0.00, 0.00, 0.00, 0.00, 0.00, 0.00, 0.00, 0.00, 1.00, 1.00, 0.00, 0.00, 0.00
197,  0,  6.584,  0.98,  1, 0.00, 0.00, 1.10, 0.00, 0.00, 0.91, 0.00, 0.00, 0.00, 0.00, 0.00, 0.22, 0.15, 0.29, 0.07, 0.89, 0.47, 0.00, 0.00, 1.00, 0.00, 0.00, 0.00, 0.00, 0.00, 0.00, 0.00, 0.00, 0.00, 1.00, 0.00, 1.00, 0.00, 0.00, 0.00
198,  0,  6.617,  0.98,  1, 0.00, 0.00, 1.10, 0.00, 0.00, 0.78, 0.00, 0.00, 0.00, 0.00, 0.00, 0.19, 0.12, 0.34, 0.04, 0.85, 0.44, 0.00, 0.00, 1.00, 0.00, 0.00, 0.00, 0.00, 0.00, 0.00, 0.00, 0.00, 0.00, 1.00, 0.00, 1.00, 0.00, 0.00, 0.00
199,  0,  6.651,  0.98,  1, 0.00, 0.00, 1.12, 0.00, 0.00, 0.75, 0.00, 0.00, 0.00, 0.00, 0.00, 0.07, 0.14, 0.32, 0.04, 0.85, 0.37, 0.00, 0.00, 1.00, 0.00, 0.00, 0.00, 0.00, 0.00, 0.00, 0.00, 0.00, 0.00, 1.00, 0.00, 0.00, 0.00, 0.00, 0.00
200,  0,  6.685,  0.98,  1, 0.00, 0.00, 1.07, 0.00, 0.00, 0.81, 0.00, 0.00, 0.00, 0.00, 0.00, 0.00, 0.19, 0.38, 0.04, 0.69, 0.23, 0.00, 0.00, 1.00, 0.00, 0.00, 0.00, 0.00, 0.00, 0.00, 0.00, 0.00, 0.00, 1.00, 0.00, 0.00, 0.00, 0.00, 0.00
201,  0,  6.718,  0.98,  1, 0.00, 0.00, 1.06, 0.00, 0.00, 0.91, 0.00, 0.00, 0.00, 0.00, 0.00, 0.00, 0.29, 0.37, 0.00, 0.62, 0.08, 0.00, 0.00, 1.00, 0.00, 0.00, 0.00, 0.00, 0.00, 0.00, 0.00, 0.00, 0.00, 1.00, 1.00, 0.00, 0.00, 0.00, 0.00
202,  0,  6.752,  0.98,  1, 0.00, 0.00, 1.03, 0.00, 0.00, 0.91, 0.00, 0.00, 0.00, 0.00, 0.01, 0.00, 0.36, 0.36, 0.00, 0.61, 0.02, 0.00, 0.00, 1.00, 0.00, 0.00, 0.00, 0.00, 0.00, 0.00, 0.00, 0.00, 0.00, 1.00, 1.00, 0.00, 0.00, 0.00, 0.00
203,  0,  6.785,  0.98,  1, 0.00, 0.00, 1.07, 0.00, 0.00, 0.91, 0.00, 0.00, 0.00, 0.00, 0.09, 0.05, 0.30, 0.39, 0.00, 0.71, 0.08, 0.00, 0.00, 1.00, 0.00, 0.00, 0.00, 0.00, 0.00, 0.00, 0.00, 0.00, 0.00, 1.00, 1.00, 0.00, 0.00, 0.00, 0.00
204,  0,  6.819,  0.98,  1, 0.00, 0.00, 1.05, 0.00, 0.00, 0.90, 0.00, 0.00, 0.00, 0.00, 0.09, 0.05, 0.29, 0.37, 0.00, 0.51, 0.17, 0.00, 0.00, 1.00, 0.00, 0.00, 0.00, 0.00, 0.00, 0.00, 0.00, 0.00, 0.00, 1.00, 1.00, 0.00, 0.00, 0.00, 0.00
205,  0,  6.853,  0.98,  1, 0.00, 0.00, 1.13, 0.00, 0.00, 0.93, 0.00, 0.00, 0.00, 0.00, 0.23, 0.06, 0.27, 0.44, 0.00, 0.40, 0.21, 0.00, 0.00, 1.00, 0.00, 0.00, 0.00, 0.00, 0.00, 0.00, 0.00, 0.00, 0.00, 1.00, 1.00, 0.00, 0.00, 0.00, 0.00
206,  0,  6.886,  0.98,  1, 0.00, 0.00, 1.13, 0.00, 0.00, 0.87, 0.00, 0.00, 0.00, 0.00, 0.15, 0.06, 0.31, 0.37, 0.00, 0.31, 0.20, 0.00, 0.00, 1.00, 0.00, 0.00, 0.00, 0.00, 0.00, 0.00, 0.00, 0.00, 0.00, 1.00, 1.00, 0.00, 0.00, 0.00, 0.00
207,  0,  6.920,  0.98,  1, 0.00, 0.00, 1.08, 0.00, 0.00, 0.92, 0.00, 0.00, 0.00, 0.00, 0.15, 0.11, 0.36, 0.43, 0.00, 0.26, 0.10, 0.00, 0.00, 1.00, 0.00, 0.00, 0.00, 0.00, 0.00, 0.00, 0.00, 0.00, 0.00, 1.00, 1.00, 0.00, 0.00, 0.00, 0.00
208,  0,  6.953,  0.98,  1, 0.00, 0.00, 1.07, 0.01, 0.00, 0.88, 0.00, 0.00, 0.00, 0.00, 0.00, 0.20, 0.32, 0.42, 0.03, 0.28, 0.06, 0.00, 0.00, 1.00, 0.00, 0.00, 0.00, 0.00, 0.00, 0.00, 0.00, 0.00, 0.00, 1.00, 1.00, 0.00, 0.00, 0.00, 0.00
209,  0,  6.987,  0.98,  1, 0.00, 0.00, 1.03, 0.01, 0.00, 0.85, 0.00, 0.00, 0.00, 0.00, 0.00, 0.18, 0.28, 0.47, 0.09, 0.34, 0.01, 0.00, 0.00, 1.00, 0.00, 0.00, 0.00, 0.00, 0.00, 0.00, 0.00, 0.00, 0.00, 0.00, 1.00, 0.00, 0.00, 0.00, 0.00
210,  0,  7.020,  0.98,  1, 0.00, 0.00, 1.08, 0.01, 0.00, 0.55, 0.00, 0.00, 0.00, 0.00, 0.00, 0.13, 0.20, 0.48, 0.09, 0.33, 0.00, 0.00, 0.00, 1.00, 0.00, 0.00, 0.00, 0.00, 0.00, 0.00, 0.00, 0.00, 0.00, 0.00, 1.00, 0.00, 0.00, 0.00, 0.00
211,  0,  7.054,  0.98,  1, 0.00, 0.00, 1.03, 0.00, 0.00, 0.65, 0.00, 0.00, 0.00, 0.00, 0.00, 0.03, 0.24, 0.49, 0.06, 0.35, 0.00, 0.00, 0.00, 1.00, 0.00, 0.00, 0.00, 0.00, 0.00, 0.00, 0.00, 0.00, 0.00, 0.00, 0.00, 0.00, 0.00, 0.00, 0.00
212,  0,  7.088,  0.98,  1, 0.00, 0.00, 1.04, 0.00, 0.00, 0.76, 0.00, 0.00, 0.00, 0.00, 0.00, 0.01, 0.21, 0.43, 0.00, 0.15, 0.00, 0.00, 0.00, 1.00, 0.00, 0.00, 0.00, 0.00, 0.00, 0.00, 0.00, 0.00, 0.00, 0.00, 0.00, 0.00, 0.00, 0.00, 0.00
213,  0,  7.121,  0.98,  1, 0.00, 0.00, 0.97, 0.00, 0.00, 0.97, 0.00, 0.00, 0.00, 0.00, 0.00, 0.01, 0.16, 0.37, 0.00, 0.13, 0.00, 0.00, 0.00, 1.00, 0.00, 0.00, 0.00, 0.00, 0.00, 0.00, 0.00, 0.00, 0.00, 0.00, 0.00, 0.00, 0.00, 0.00, 0.00
214,  0,  7.155,  0.98,  1, 0.00, 0.00, 0.97, 0.00, 0.00, 0.93, 0.00, 0.00, 0.00, 0.00, 0.00, 0.06, 0.06, 0.26, 0.00, 0.06, 0.00, 0.00, 0.00, 1.00, 0.00, 0.00, 0.00, 0.00, 0.00, 0.00, 0.00, 0.00, 0.00, 0.00, 0.00, 0.00, 0.00, 0.00, 0.00
215,  0,  7.188,  0.98,  1, 0.00, 0.00, 1.00, 0.00, 0.00, 0.87, 0.00, 0.00, 0.00, 0.00, 0.00, 0.06, 0.11, 0.22, 0.07, 0.05, 0.00, 0.00, 0.00, 0.00, 0.00, 0.00, 0.00, 0.00, 0.00, 0.00, 0.00, 0.00, 0.00, 0.00, 0.00, 0.00, 0.00, 0.00, 0.00
216,  0,  7.222,  0.98,  1, 0.00, 0.00, 1.02, 0.00, 0.00, 0.99, 0.00, 0.00, 0.00, 0.00, 0.00, 0.12, 0.24, 0.19, 0.13, 0.12, 0.00, 0.00, 0.00, 0.00, 0.00, 0.00, 0.00, 0.00, 0.00, 0.00, 0.00, 0.00, 0.00, 0.00, 0.00, 0.00, 0.00, 0.00, 0.00
217,  0,  7.256,  0.98,  1, 0.00, 0.00, 1.04, 0.00, 0.00, 1.05, 0.00, 0.00, 0.00, 0.00, 0.00, 0.16, 0.36, 0.22, 0.21, 0.12, 0.00, 0.00, 0.00, 0.00, 0.00, 0.00, 0.00, 0.00, 0.00, 0.00, 0.00, 0.00, 0.00, 1.00, 0.00, 0.00, 0.00, 0.00, 0.00
218,  0,  7.289,  0.98,  1, 0.00, 0.00, 0.99, 0.00, 0.00, 1.05, 0.00, 0.00, 0.00, 0.00, 0.00, 0.21, 0.40, 0.27, 0.14, 0.12, 0.00, 0.00, 0.00, 0.00, 0.00, 0.00, 0.00, 0.00, 0.00, 0.00, 0.00, 0.00, 0.00, 1.00, 1.00, 0.00, 0.00, 0.00, 0.00
219,  0,  7.323,  0.98,  1, 0.00, 0.00, 1.05, 0.00, 0.00, 0.88, 0.00, 0.00, 0.00, 0.00, 0.00, 0.15, 0.37, 0.35, 0.08, 0.05, 0.00, 0.00, 0.00, 0.00, 0.00, 0.00, 0.00, 0.00, 0.00, 0.00, 0.00, 0.00, 0.00, 1.00, 1.00, 0.00, 0.00, 0.00, 0.00
220,  0,  7.356,  0.98,  1, 0.00, 0.00, 0.98, 0.00, 0.00, 0.80, 0.00, 0.00, 0.00, 0.00, 0.00, 0.09, 0.22, 0.34, 0.00, 0.01, 0.00, 0.00, 0.00, 0.00, 0.00, 0.00, 0.00, 0.00, 0.00, 0.00, 0.00, 0.00, 0.00, 1.00, 0.00, 0.00, 0.00, 0.00, 0.00
221,  0,  7.390,  0.98,  1, 0.00, 0.00, 1.01, 0.00, 0.00, 0.78, 0.00, 0.00, 0.00, 0.00, 0.00, 0.04, 0.16, 0.35, 0.00, 0.01, 0.00, 0.00, 0.00, 0.00, 0.00, 0.00, 0.00, 0.00, 0.00, 0.00, 0.00, 0.00, 0.00, 0.00, 0.00, 0.00, 0.00, 0.00, 0.00
222,  0,  7.424,  0.98,  1, 0.00, 0.00, 0.97, 0.00, 0.00, 0.98, 0.00, 0.00, 0.00, 0.00, 0.00, 0.04, 0.06, 0.40, 0.06, 0.02, 0.00, 0.00, 0.00, 0.00, 0.00, 0.00, 0.00, 0.00, 0.00, 0.00, 0.00, 0.00, 0.00, 0.00, 0.00, 0.00, 0.00, 0.00, 0.00
223,  0,  7.457,  0.98,  1, 0.00, 0.00, 0.98, 0.00, 0.00, 0.96, 0.00, 0.00, 0.00, 0.00, 0.00, 0.00, 0.06, 0.43, 0.12, 0.02, 0.00, 0.00, 0.00, 0.00, 0.00, 0.00, 0.00, 0.00, 0.00, 0.00, 0.00, 0.00, 0.00, 0.00, 0.00, 0.00, 0.00, 0.00, 0.00
224,  0,  7.491,  0.98,  1, 0.00, 0.00, 0.89, 0.00, 0.00, 0.93, 0.00, 0.00, 0.00, 0.00, 0.00, 0.00, 0.02, 0.45, 0.19, 0.04, 0.00, 0.00, 0.00, 0.00, 0.00, 0.00, 0.00, 0.00, 0.00, 0.00, 0.00, 0.00, 0.00, 0.00, 0.00, 0.00, 0.00, 0.00, 0.00
225,  0,  7.524,  0.98,  1, 0.00, 0.00, 0.80, 0.00, 0.00, 0.82, 0.00, 0.00, 0.00, 0.00, 0.00, 0.00, 0.05, 0.44, 0.18, 0.12, 0.00, 0.00, 0.00, 0.00, 0.00, 0.00, 0.00, 0.00, 0.00, 0.00, 0.00, 0.00, 0.00, 0.00, 0.00, 0.00, 0.00, 0.00, 0.00
226,  0,  7.558,  0.98,  1, 0.00, 0.00, 0.87, 0.00, 0.00, 0.86, 0.00, 0.00, 0.00, 0.00, 0.00, 0.00, 0.05, 0.57, 0.15, 0.23, 0.26, 0.00, 0.00, 0.00, 0.00, 0.00, 0.00, 0.00, 0.00, 0.00, 0.00, 0.00, 0.00, 0.00, 0.00, 0.00, 0.00, 0.00, 0.00
227,  0,  7.592,  0.98,  1, 0.00, 0.00, 0.95, 0.00, 0.01, 0.84, 0.14, 0.00, 0.00, 0.00, 0.00, 0.18, 0.03, 0.64, 0.08, 0.26, 0.92, 0.00, 0.00, 1.00, 0.00, 0.00, 0.00, 0.00, 0.00, 0.00, 0.00, 0.00, 0.00, 0.00, 0.00, 0.00, 0.00, 0.00, 1.00
228,  0,  7.625,  0.98,  1, 0.00, 0.00, 1.16, 0.00, 0.01, 0.79, 0.23, 0.00, 0.00, 0.00, 0.00, 0.23, 0.00, 0.60, 0.04, 0.17, 1.50, 0.00, 0.00, 1.00, 0.00, 0.00, 0.00, 0.00, 0.00, 0.00, 0.00, 0.00, 0.00, 0.00, 0.00, 0.00, 0.00, 0.00, 1.00
229,  0,  7.659,  0.98,  1, 0.00, 0.00, 1.20, 0.00, 0.01, 0.79, 0.24, 0.00, 0.00, 0.00, 0.00, 0.28, 0.00, 0.50, 0.01, 0.07, 1.45, 0.00, 0.00, 1.00, 0.00, 0.00, 0.00, 0.00, 0.00, 0.00, 0.00, 0.00, 0.00, 0.00, 0.00, 0.00, 0.00, 0.00, 1.00
230,  0,  7.692,  0.98,  1, 0.00, 0.00, 1.14, 0.00, 0.00, 0.95, 0.12, 0.00, 0.00, 0.00, 0.00, 0.14, 0.00, 0.43, 0.00, 0.02, 0.81, 0.00, 0.00, 1.00, 0.00, 0.00, 0.00, 0.00, 0.00, 0.00, 0.00, 0.00, 0.00, 0.00, 0.00, 0.00, 0.00, 0.00, 1.00
231,  0,  7.726,  0.98,  1, 0.00, 0.00, 0.91, 0.00, 0.03, 1.01, 0.08, 0.00, 0.00, 0.00, 0.00, 0.09, 0.00, 0.38, 0.00, 0.02, 0.23, 0.00, 0.00, 0.00, 0.00, 0.00, 0.00, 0.00, 0.00, 0.00, 0.00, 0.00, 0.00, 0.00, 0.00, 0.00, 0.00, 0.00, 0.00
232,  0,  7.759,  0.98,  1, 0.00, 0.00, 0.77, 0.00, 0.03, 0.96, 0.10, 0.00, 0.00, 0.00, 0.00, 0.04, 0.00, 0.29, 0.00, 0.00, 0.01, 0.00, 0.00, 0.00, 0.00, 0.00, 0.00, 0.00, 0.00, 0.00, 0.00, 0.00, 0.00, 0.00, 0.00, 0.00, 0.00, 0.00, 0.00
233,  0,  7.793,  0.98,  1, 0.00, 0.00, 0.76, 0.00, 0.03, 0.76, 0.11, 0.00, 0.00, 0.00, 0.19, 0.00, 0.03, 0.25, 0.00, 0.00, 0.00, 0.00, 0.00, 0.00, 0.00, 0.00, 0.00, 0.00, 0.00, 0.00, 0.00, 0.00, 0.00, 0.00, 0.00, 0.00, 0.00, 0.00, 0.00
234,  0,  7.827,  0.98,  1, 0.00, 0.00, 0.77, 0.00, 0.00, 0.77, 0.09, 0.00, 0.00, 0.00, 0.19, 0.00, 0.03, 0.26, 0.00, 0.00, 0.00, 0.00, 0.00, 0.00, 0.00, 0.00, 0.00, 0.00, 0.00, 0.00, 0.00, 0.00, 0.00, 0.00, 0.00, 0.00, 0.00, 0.00, 0.00
235,  0,  7.860,  0.98,  1, 0.00, 0.00, 0.80, 0.00, 0.00, 0.74, 0.10, 0.00, 0.00, 0.00, 0.19, 0.01, 0.03, 0.31, 0.00, 0.05, 0.00, 0.00, 0.00, 0.00, 0.00, 0.00, 0.00, 0.00, 0.00, 0.00, 0.00, 0.00, 0.00, 0.00, 0.00, 0.00, 0.00, 0.00, 0.00
236,  0,  7.894,  0.98,  1, 0.00, 0.00, 0.85, 0.00, 0.00, 0.89, 0.10, 0.00, 0.00, 0.00, 0.00, 0.01, 0.00, 0.34, 0.00, 0.05, 0.00, 0.00, 0.00, 0.00, 0.00, 0.00, 0.00, 0.00, 0.00, 0.00, 0.00, 0.00, 0.00, 0.00, 0.00, 0.00, 0.00, 0.00, 0.00
237,  0,  7.927,  0.98,  1, 0.00, 0.00, 0.89, 0.00, 0.00, 0.85, 0.10, 0.00, 0.00, 0.00, 0.00, 0.01, 0.00, 0.34, 0.00, 0.12, 0.00, 0.00, 0.00, 0.00, 0.00, 0.00, 0.00, 0.00, 0.00, 0.00, 0.00, 0.00, 0.00, 0.00, 0.00, 0.00, 0.00, 0.00, 0.00
238,  0,  7.961,  0.98,  1, 0.00, 0.00, 0.88, 0.00, 0.00, 0.95, 0.10, 0.00, 0.00, 0.00, 0.00, 0.09, 0.00, 0.33, 0.00, 0.07, 0.00, 0.00, 0.00, 0.00, 0.00, 0.00, 0.00, 0.00, 0.00, 0.00, 0.00, 0.00, 0.00, 0.00, 0.00, 0.00, 0.00, 0.00, 0.00
239,  0,  7.995,  0.98,  1, 0.00, 0.00, 0.85, 0.00, 0.00, 1.12, 0.16, 0.00, 0.00, 0.00, 0.00, 0.11, 0.00, 0.29, 0.00, 0.07, 0.00, 0.00, 0.00, 0.00, 0.00, 0.00, 0.00, 0.00, 0.00, 0.00, 0.00, 0.00, 0.00, 0.00, 0.00, 0.00, 0.00, 0.00, 0.00
240,  0,  8.028,  0.98,  1, 0.00, 0.00, 0.80, 0.00, 0.00, 1.36, 0.19, 0.00, 0.00, 0.00, 0.00, 0.25, 0.01, 0.25, 0.22, 0.21, 0.00, 0.00, 0.00, 0.00, 0.00, 0.00, 0.00, 0.00, 0.00, 0.00, 0.00, 0.00, 0.00, 0.00, 0.00, 0.00, 0.00, 0.00, 0.00
241,  0,  8.062,  0.98,  1, 0.00, 0.00, 0.74, 0.00, 0.00, 1.28, 0.24, 0.00, 0.00, 0.00, 0.00, 0.17, 0.01, 0.26, 0.28, 0.21, 0.00, 0.00, 0.00, 0.00, 0.00, 0.00, 0.00, 0.00, 0.00, 0.00, 0.00, 0.00, 0.00, 0.00, 0.00, 0.00, 0.00, 0.00, 0.00
242,  0,  8.095,  0.98,  1, 0.00, 0.00, 0.72, 0.00, 0.00, 1.28, 0.22, 0.00, 0.00, 0.00, 0.04, 0.23, 0.01, 0.25, 0.28, 0.21, 0.14, 0.00, 0.00, 0.00, 0.00, 0.00, 0.00, 0.00, 0.00, 0.00, 0.00, 0.00, 0.00, 0.00, 0.00, 0.00, 0.00, 0.00, 0.00
243,  0,  8.129,  0.98,  1, 0.00, 0.00, 0.74, 0.00, 0.00, 1.12, 0.32, 0.00, 0.00, 0.00, 0.04, 0.20, 0.00, 0.16, 0.11, 0.00, 0.56, 0.00, 0.00, 0.00, 0.00, 0.00, 0.00, 0.00, 0.00, 0.00, 0.00, 0.00, 0.00, 0.00, 0.00, 0.00, 0.00, 0.00, 0.00
244,  0,  8.163,  0.98,  1, 0.02, 0.00, 0.90, 0.00, 0.00, 1.09, 0.46, 0.00, 0.00, 0.00, 0.04, 0.38, 0.00, 0.15, 0.13, 0.00, 1.22, 0.00, 0.00, 0.00, 0.00, 0.00, 0.00, 0.00, 0.00, 0.00, 0.00, 0.00, 0.00, 0.00, 0.00, 0.00, 0.00, 0.00, 1.00
245,  0,  8.196,  0.98,  1, 0.02, 0.00, 1.05, 0.00, 0.03, 0.85, 0.68, 0.00, 0.00, 0.00, 0.00, 0.50, 0.00, 0.18, 0.22, 0.00, 1.64, 0.00, 0.00, 0.00, 0.00, 0.00, 0.00, 0.00, 0.00, 0.00, 0.00, 0.00, 0.00, 0.00, 0.00, 0.00, 0.00, 0.00, 1.00
246,  0,  8.230,  0.98,  1, 0.03, 0.00, 1.11, 0.00, 0.04, 0.95, 0.77, 0.02, 0.00, 0.00, 0.00, 0.47, 0.00, 0.30, 0.35, 0.08, 1.60, 0.00, 0.00, 0.00, 0.00, 0.00, 0.00, 0.00, 0.00, 0.00, 0.00, 0.00, 0.00, 0.00, 0.00, 0.00, 0.00, 0.00, 1.00
247,  0,  8.263,  0.98,  1, 0.02, 0.00, 0.98, 0.00, 0.04, 1.20, 0.76, 0.02, 0.00, 0.00, 0.00, 0.40, 0.00, 0.29, 0.42, 0.09, 1.04, 0.00, 0.00, 0.00, 0.00, 0.00, 0.00, 0.00, 0.00, 0.00, 0.00, 0.00, 0.00, 0.00, 0.00, 0.00, 0.00, 0.00, 1.00
248,  0,  8.297,  0.98,  1, 0.04, 0.00, 0.84, 0.00, 0.01, 1.43, 0.68, 0.02, 0.00, 0.00, 0.00, 0.20, 0.00, 0.23, 0.54, 0.09, 0.51, 0.00, 0.00, 0.00, 0.00, 0.00, 0.00, 0.00, 0.00, 0.00, 0.00, 0.00, 0.00, 0.00, 0.00, 0.00, 0.00, 0.00, 0.00
249,  0,  8.331,  0.98,  1, 0.17, 0.07, 0.86, 0.00, 0.00, 1.58, 0.57, 0.00, 0.00, 0.00, 0.00, 0.12, 0.00, 0.18, 0.55, 0.04, 0.17, 0.00, 0.00, 0.00, 0.00, 0.00, 0.00, 0.00, 0.00, 0.00, 0.00, 0.00, 0.00, 0.00, 0.00, 1.00, 0.00, 0.00, 0.00
250,  0,  8.364,  0.98,  1, 0.30, 0.07, 0.97, 0.00, 0.00, 1.53, 0.44, 0.00, 0.00, 0.00, 0.00, 0.08, 0.00, 0.24, 0.40, 0.03, 0.08, 0.00, 0.00, 0.00, 0.00, 0.00, 0.00, 0.00, 0.00, 0.00, 0.00, 0.00, 0.00, 0.00, 0.00, 1.00, 0.00, 0.00, 0.00
251,  0,  8.398,  0.98,  1, 0.32, 0.07, 1.04, 0.00, 0.00, 1.54, 0.44, 0.00, 0.00, 0.00, 0.03, 0.08, 0.00, 0.32, 0.21, 0.03, 0.05, 0.00, 0.00, 0.00, 0.00, 0.00, 0.00, 0.00, 0.00, 0.00, 0.00, 0.00, 0.00, 0.00, 0.00, 1.00, 0.00, 0.00, 0.00
252,  0,  8.431,  0.98,  1, 0.17, 0.00, 0.95, 0.00, 0.00, 1.21, 0.31, 0.00, 0.00, 0.00, 0.03, 0.16, 0.00, 0.37, 0.05, 0.01, 0.01, 0.00, 0.00, 0.00, 0.00, 0.00, 0.00, 0.00, 0.00, 0.00, 0.00, 0.00, 0.00, 0.00, 0.00, 1.00, 0.00, 0.00, 0.00
253,  0,  8.465,  0.98,  1, 0.04, 0.00, 0.86, 0.00, 0.00, 1.18, 0.31, 0.00, 0.00, 0.00, 0.13, 0.13, 0.00, 0.41, 0.13, 0.00, 0.00, 0.00, 0.00, 0.00, 0.00, 0.00, 0.00, 0.00, 0.00, 0.00, 0.00, 0.00, 0.00, 0.00, 1.00, 1.00, 0.00, 0.00, 0.00
254,  0,  8.498,  0.98,  1, 0.00, 0.00, 0.89, 0.00, 0.00, 1.11, 0.27, 0.00, 0.00, 0.00, 0.13, 0.29, 0.00, 0.51, 0.12, 0.17, 0.00, 0.00, 0.00, 0.00, 0.00, 0.00, 0.00, 0.00, 0.00, 0.00, 0.00, 0.00, 0.00, 0.00, 1.00, 0.00, 0.00, 0.00, 0.00
255,  0,  8.532,  0.98,  1, 0.00, 0.00, 1.01, 0.00, 0.00, 1.32, 0.30, 0.00, 0.00, 0.00, 0.13, 0.39, 0.09, 0.55, 0.08, 0.47, 0.00, 0.00, 0.00, 0.00, 0.00, 0.00, 1.00, 0.00, 0.00, 0.00, 0.00, 0.00, 0.00, 0.00, 1.00, 0.00, 0.00, 0.00, 0.00
256,  0,  8.566,  0.98,  1, 0.00, 0.00, 1.13, 0.00, 0.04, 1.40, 0.27, 0.00, 0.00, 0.00, 0.03, 0.46, 0.09, 0.49, 0.00, 0.58, 0.00, 0.00, 0.00, 0.00, 0.00, 0.00, 1.00, 0.00, 0.00, 0.00, 0.00, 1.00, 0.00, 0.00, 1.00, 0.00, 0.00, 0.00, 1.00
257,  0,  8.599,  0.98,  1, 0.00, 0.00, 1.16, 0.00, 0.06, 1.54, 0.27, 0.00, 0.00, 0.00, 0.04, 0.54, 0.09, 0.33, 0.00, 0.52, 0.02, 0.00, 0.00, 1.00, 0.00, 0.00, 1.00, 0.00, 0.00, 0.00, 0.00, 1.00, 0.00, 0.00, 1.00, 0.00, 0.00, 0.00, 1.00
258,  0,  8.633,  0.98,  1, 0.00, 0.00, 1.04, 0.00, 0.06, 1.24, 0.35, 0.01, 0.00, 0.00, 0.09, 0.61, 0.03, 0.20, 0.00, 0.22, 0.45, 0.00, 0.00, 1.00, 0.00, 0.00, 0.00, 0.00, 0.00, 0.00, 0.00, 1.00, 0.00, 0.00, 1.00, 0.00, 0.00, 0.00, 1.00
259,  0,  8.666,  0.98,  1, 0.00, 0.00, 1.09, 0.00, 0.03, 0.95, 0.46, 0.02, 0.00, 0.00, 0.09, 0.66, 0.20, 0.09, 0.18, 0.45, 1.12, 0.00, 0.00, 1.00, 0.00, 0.00, 1.00, 1.00, 0.00, 0.00, 0.00, 1.00, 0.00, 0.00, 1.00, 0.00, 0.00, 0.00, 1.00
260,  0,  8.700,  0.98,  1, 0.00, 0.00, 1.09, 0.00, 0.05, 0.53, 0.55, 0.02, 0.00, 0.00, 0.04, 0.70, 0.20, 0.02, 0.21, 0.45, 1.68, 0.00, 0.00, 1.00, 0.00, 0.00, 1.00, 1.00, 0.00, 0.00, 0.00, 1.00, 0.00, 0.00, 1.00, 0.00, 0.00, 0.00, 1.00
261,  0,  8.734,  0.98,  1, 0.00, 0.00, 1.35, 0.00, 0.08, 0.69, 0.53, 0.06, 0.00, 0.00, 0.06, 0.64, 0.17, 0.00, 0.21, 0.45, 1.69, 0.00, 0.00, 1.00, 0.00, 0.00, 1.00, 1.00, 0.00, 0.00, 0.00, 1.00, 0.00, 0.00, 1.00, 0.00, 0.00, 0.00, 1.00
262,  0,  8.767,  0.98,  1, 0.00, 0.00, 1.47, 0.00, 0.09, 0.91, 0.44, 0.08, 0.00, 0.00, 0.08, 0.73, 0.00, 0.00, 0.03, 0.11, 1.11, 0.00, 0.00, 1.00, 0.00, 0.00, 1.00, 1.00, 0.00, 0.00, 0.00, 1.00, 0.00, 0.00, 1.00, 0.00, 0.00, 0.00, 1.00
263,  0,  8.801,  0.98,  1, 0.00, 0.00, 1.60, 0.00, 0.04, 1.16, 0.25, 0.08, 0.00, 0.00, 0.17, 0.64, 0.00, 0.00, 0.00, 0.00, 0.56, 0.00, 0.00, 1.00, 0.00, 0.00, 1.00, 0.00, 0.00, 0.00, 0.00, 1.00, 0.00, 0.00, 0.00, 0.00, 0.00, 0.00, 1.00
264,  0,  8.834,  0.98,  1, 0.00, 0.00, 1.41, 0.00, 0.03, 1.26, 0.18, 0.09, 0.00, 0.00, 0.23, 0.68, 0.18, 0.00, 0.00, 0.19, 0.11, 0.00, 0.00, 1.00, 0.00, 0.00, 1.00, 0.00, 0.00, 0.00, 0.00, 0.00, 1.00, 0.00, 0.00, 0.00, 0.00, 0.00, 1.00
265,  0,  8.868,  0.98,  1, 0.00, 0.00, 1.17, 0.02, 0.05, 1.15, 0.09, 0.05, 0.00, 0.00, 0.45, 0.79, 0.22, 0.00, 0.11, 0.19, 0.02, 0.00, 0.00, 1.00, 0.00, 0.00, 1.00, 0.00, 0.00, 0.00, 0.00, 0.00, 1.00, 0.00, 0.00, 0.00, 0.00, 0.00, 1.00
266,  0,  8.902,  0.98,  1, 0.00, 0.00, 1.04, 0.02, 0.05, 1.01, 0.05, 0.11, 0.00, 0.00, 0.61, 0.87, 0.51, 0.00, 0.21, 0.20, 0.00, 0.00, 0.00, 1.00, 0.00, 0.00, 1.00, 0.00, 0.00, 0.00, 0.00, 0.00, 1.00, 0.00, 0.00, 0.00, 0.00, 0.00, 1.00
267,  0,  8.935,  0.98,  1, 0.00, 0.00, 1.14, 0.02, 0.03, 0.93, 0.05, 0.05, 0.00, 0.00, 0.48, 0.95, 0.33, 0.00, 0.21, 0.09, 0.00, 0.00, 0.00, 1.00, 0.00, 0.00, 1.00, 0.00, 0.00, 0.00, 0.00, 0.00, 1.00, 0.00, 0.00, 0.00, 0.00, 0.00, 1.00
268,  0,  8.969,  0.98,  1, 0.00, 0.00, 1.11, 0.00, 0.00, 0.90, 0.11, 0.05, 0.00, 0.00, 0.30, 0.77, 0.29, 0.00, 0.12, 0.10, 0.00, 0.00, 0.00, 1.00, 0.00, 0.00, 1.00, 0.00, 0.00, 0.00, 0.00, 0.00, 1.00, 0.00, 0.00, 0.00, 0.00, 0.00, 1.00
269,  0,  9.002,  0.98,  1, 0.00, 0.00, 1.11, 0.00, 0.00, 0.92, 0.21, 0.00, 0.00, 0.00, 0.06, 0.59, 0.00, 0.00, 0.01, 0.15, 0.00, 0.00, 0.00, 1.00, 0.00, 0.00, 1.00, 0.00, 0.00, 0.00, 0.00, 0.00, 1.00, 0.00, 0.00, 0.00, 0.00, 0.00, 1.00
270,  0,  9.036,  0.98,  1, 0.00, 0.00, 1.02, 0.00, 0.00, 0.75, 0.24, 0.00, 0.00, 0.00, 0.07, 0.61, 0.00, 0.00, 0.11, 0.18, 0.00, 0.00, 0.00, 1.00, 0.00, 0.00, 1.00, 0.00, 0.00, 0.00, 0.00, 0.00, 1.00, 0.00, 1.00, 0.00, 0.00, 0.00, 1.00
271,  0,  9.069,  0.98,  1, 0.00, 0.00, 1.13, 0.00, 0.00, 0.97, 0.26, 0.00, 0.00, 0.00, 0.27, 0.76, 0.00, 0.00, 0.10, 0.17, 0.00, 0.00, 0.00, 1.00, 0.00, 0.00, 0.00, 0.00, 0.00, 0.00, 0.00, 0.00, 1.00, 0.00, 1.00, 0.00, 0.00, 0.00, 1.00
272,  0,  9.103,  0.98,  1, 0.00, 0.00, 1.14, 0.00, 0.03, 1.20, 0.29, 0.00, 0.00, 0.00, 0.30, 0.88, 0.00, 0.07, 0.10, 0.23, 0.00, 0.00, 0.00, 1.00, 0.00, 0.00, 0.00, 0.00, 0.00, 0.00, 0.00, 0.00, 1.00, 0.00, 1.00, 0.00, 0.00, 0.00, 1.00
273,  0,  9.137,  0.98,  1, 0.00, 0.00, 1.20, 0.00, 0.03, 1.32, 0.35, 0.00, 0.00, 0.00, 0.35, 0.81, 0.00, 0.07, 0.00, 0.12, 0.01, 0.00, 0.00, 1.00, 0.00, 0.00, 0.00, 0.00, 0.00, 0.00, 0.00, 0.00, 1.00, 0.00, 1.00, 0.00, 0.00, 0.00, 1.00
274,  0,  9.170,  0.98,  1, 0.00, 0.00, 1.17, 0.00, 0.03, 1.13, 0.41, 0.00, 0.00, 0.00, 0.09, 0.59, 0.00, 0.07, 0.05, 0.21, 0.11, 0.00, 0.00, 1.00, 0.00, 0.00, 0.00, 0.00, 0.00, 0.00, 0.00, 0.00, 1.00, 0.00, 1.00, 0.00, 0.00, 0.00, 1.00
275,  0,  9.204,  0.98,  1, 0.00, 0.00, 1.15, 0.00, 0.00, 1.11, 0.41, 0.00, 0.00, 0.00, 0.06, 0.64, 0.00, 0.00, 0.05, 0.16, 0.11, 0.00, 0.00, 1.00, 0.00, 0.00, 0.00, 0.00, 0.00, 0.00, 0.00, 0.00, 1.00, 0.00, 1.00, 0.00, 0.00, 0.00, 1.00
276,  0,  9.237,  0.98,  1, 0.00, 0.00, 1.12, 0.00, 0.00, 1.12, 0.42, 0.00, 0.00, 0.00, 0.00, 0.49, 0.00, 0.00, 0.05, 0.16, 0.11, 0.00, 0.00, 1.00, 0.00, 0.00, 0.00, 0.00, 0.00, 0.00, 0.00, 0.00, 1.00, 0.00, 1.00, 0.00, 0.00, 0.00, 1.00
277,  0,  9.271,  0.98,  1, 0.00, 0.00, 1.14, 0.00, 0.00, 1.08, 0.44, 0.00, 0.00, 0.00, 0.04, 0.56, 0.00, 0.00, 0.00, 0.07, 0.00, 0.00, 0.00, 1.00, 0.00, 0.00, 0.00, 0.00, 0.00, 0.00, 0.00, 0.00, 0.00, 0.00, 1.00, 0.00, 0.00, 0.00, 0.00
278,  0,  9.305,  0.98,  1, 0.00, 0.00, 1.13, 0.00, 0.00, 0.87, 0.44, 0.00, 0.00, 0.00, 0.10, 0.40, 0.00, 0.00, 0.00, 0.00, 0.00, 0.00, 0.00, 1.00, 0.00, 0.00, 0.00, 0.00, 0.00, 0.00, 0.00, 0.00, 0.00, 0.00, 1.00, 0.00, 0.00, 0.00, 1.00
279,  0,  9.338,  0.98,  1, 0.00, 0.00, 1.18, 0.00, 0.00, 0.83, 0.43, 0.00, 0.00, 0.00, 0.13, 0.44, 0.00, 0.00, 0.11, 0.16, 0.00, 0.00, 0.00, 1.00, 0.00, 0.00, 0.00, 0.00, 0.00, 0.00, 0.00, 0.00, 0.00, 0.00, 1.00, 0.00, 0.00, 0.00, 1.00
280,  0,  9.372,  0.98,  1, 0.00, 0.00, 1.24, 0.00, 0.00, 0.98, 0.42, 0.00, 0.00, 0.00, 0.09, 0.40, 0.00, 0.00, 0.19, 0.31, 0.00, 0.00, 0.00, 1.00, 0.00, 0.00, 0.00, 0.00, 0.00, 0.00, 0.00, 0.00, 0.00, 0.00, 1.00, 0.00, 0.00, 0.00, 1.00
281,  0,  9.405,  0.98,  1, 0.00, 0.00, 1.30, 0.00, 0.00, 1.22, 0.42, 0.00, 0.00, 0.00, 0.12, 0.44, 0.00, 0.00, 0.26, 0.32, 0.00, 0.00, 0.00, 1.00, 0.00, 0.00, 0.00, 0.00, 0.00, 0.00, 0.00, 0.00, 0.00, 0.00, 1.00, 0.00, 0.00, 0.00, 1.00
282,  0,  9.439,  0.98,  1, 0.00, 0.00, 1.28, 0.00, 0.00, 1.33, 0.45, 0.00, 0.00, 0.00, 0.17, 0.37, 0.00, 0.00, 0.24, 0.27, 0.07, 0.00, 0.00, 1.00, 0.00, 0.00, 0.00, 0.00, 0.00, 0.00, 0.00, 0.00, 0.00, 0.00, 0.00, 0.00, 0.00, 0.00, 1.00
283,  0,  9.473,  0.98,  1, 0.00, 0.00, 1.24, 0.00, 0.00, 1.47, 0.45, 0.00, 0.00, 0.00, 0.17, 0.43, 0.00, 0.00, 0.30, 0.29, 0.07, 0.00, 0.00, 1.00, 0.00, 0.00, 0.00, 1.00, 0.00, 0.00, 0.00, 0.00, 0.00, 0.00, 0.00, 0.00, 0.00, 0.00, 1.00
284,  0,  9.506,  0.98,  1, 0.00, 0.00, 1.24, 0.00, 0.00, 1.49, 0.50, 0.00, 0.00, 0.00, 0.20, 0.37, 0.00, 0.00, 0.31, 0.45, 0.07, 0.00, 0.00, 1.00, 0.00, 0.00, 1.00, 1.00, 0.00, 0.00, 0.00, 0.00, 0.00, 0.00, 0.00, 0.00, 0.00, 0.00, 1.00
285,  0,  9.540,  0.98,  1, 0.00, 0.00, 1.26, 0.00, 0.00, 1.52, 0.52, 0.00, 0.00, 0.00, 0.20, 0.46, 0.00, 0.00, 0.36, 0.41, 0.00, 0.00, 0.00, 1.00, 0.00, 0.00, 1.00, 1.00, 0.00, 0.00, 0.00, 0.00, 0.00, 0.00, 0.00, 0.00, 0.00, 0.00, 1.00
286,  0,  9.573,  0.98,  1, 0.00, 0.00, 1.26, 0.00, 0.00, 1.31, 0.58, 0.00, 0.00, 0.00, 0.39, 0.38, 0.00, 0.00, 0.31, 0.33, 0.00, 0.00, 0.00, 1.00, 0.00, 0.00, 1.00, 1.00, 0.00, 0.00, 0.00, 0.00, 0.00, 0.00, 0.00, 0.00, 0.00, 0.00, 1.00
287,  0,  9.607,  0.98,  1, 0.00, 0.00, 1.24, 0.00, 0.00, 1.35, 0.58, 0.00, 0.00, 0.00, 0.31, 0.38, 0.00, 0.00, 0.24, 0.25, 0.00, 0.00, 0.00, 1.00, 0.00, 0.00, 1.00, 1.00, 0.00, 0.00, 0.00, 0.00, 0.00, 0.00, 0.00, 0.00, 0.00, 0.00, 1.00
288,  0,  9.641,  0.98,  1, 0.00, 0.00, 1.27, 0.00, 0.00, 1.24, 0.55, 0.00, 0.00, 0.00, 0.23, 0.22, 0.00, 0.00, 0.22, 0.38, 0.00, 0.00, 0.00, 1.00, 0.00, 0.00, 1.00, 1.00, 0.00, 0.00, 0.00, 0.00, 0.00, 0.00, 0.00, 0.00, 0.00, 0.00, 1.00
289,  0,  9.674,  0.98,  1, 0.00, 0.00, 1.36, 0.00, 0.00, 1.23, 0.49, 0.00, 0.00, 0.00, 0.17, 0.19, 0.02, 0.00, 0.23, 0.36, 0.01, 0.00, 0.00, 1.00, 0.00, 0.00, 1.00, 0.00, 0.00, 0.00, 0.00, 0.00, 0.00, 0.00, 0.00, 0.00, 0.00, 0.00, 1.00
290,  0,  9.708,  0.98,  1, 0.00, 0.00, 1.46, 0.00, 0.02, 1.20, 0.47, 0.00, 0.00, 0.00, 0.35, 0.10, 0.09, 0.00, 0.31, 0.35, 0.02, 0.00, 0.00, 1.00, 0.00, 0.00, 1.00, 0.00, 0.00, 0.00, 0.00, 0.00, 0.00, 0.00, 0.00, 0.00, 0.00, 0.00, 1.00
291,  0,  9.741,  0.98,  1, 0.00, 0.00, 1.50, 0.00, 0.02, 1.28, 0.44, 0.00, 0.00, 0.00, 0.42, 0.20, 0.09, 0.00, 0.29, 0.29, 0.06, 0.00, 0.00, 1.00, 0.00, 0.00, 1.00, 0.00, 0.00, 0.00, 0.00, 0.00, 0.00, 0.00, 0.00, 0.00, 0.00, 0.00, 1.00
292,  0,  9.775,  0.98,  1, 0.00, 0.00, 1.50, 0.00, 0.02, 1.31, 0.47, 0.00, 0.00, 0.00, 0.41, 0.20, 0.07, 0.00, 0.19, 0.27, 0.08, 0.00, 0.00, 1.00, 0.00, 0.00, 1.00, 0.00, 0.00, 0.00, 0.00, 0.00, 0.00, 0.00, 0.00, 0.00, 0.00, 0.00, 1.00
293,  0,  9.808,  0.98,  1, 0.00, 0.00, 1.47, 0.00, 0.03, 1.09, 0.42, 0.00, 0.00, 0.00, 0.24, 0.29, 0.00, 0.00, 0.10, 0.31, 0.07, 0.00, 0.00, 1.00, 0.00, 0.00, 1.00, 0.00, 0.00, 0.00, 0.00, 0.00, 0.00, 0.00, 0.00, 0.00, 0.00, 0.00, 1.00
294,  0,  9.842,  0.98,  1, 0.00, 0.00, 1.52, 0.00, 0.04, 1.05, 0.45, 0.00, 0.00, 0.00, 0.20, 0.24, 0.00, 0.00, 0.00, 0.30, 0.03, 0.00, 0.00, 1.00, 0.00, 0.00, 1.00, 0.00, 0.00, 0.00, 0.00, 0.00, 0.00, 0.00, 0.00, 0.00, 0.00, 0.00, 1.00
295,  0,  9.876,  0.98,  1, 0.00, 0.00, 1.53, 0.00, 0.05, 1.12, 0.47, 0.00, 0.00, 0.00, 0.08, 0.32, 0.00, 0.00, 0.07, 0.36, 0.01, 0.00, 0.00, 1.00, 0.00, 0.00, 1.00, 0.00, 0.00, 0.00, 0.00, 0.00, 0.00, 0.00, 0.00, 0.00, 0.00, 0.00, 1.00
296,  0,  9.909,  0.98,  1, 0.00, 0.00, 1.70, 0.00, 0.07, 1.35, 0.54, 0.00, 0.00, 0.00, 0.03, 0.36, 0.00, 0.00, 0.10, 0.27, 0.04, 0.00, 0.00, 1.00, 0.00, 0.00, 1.00, 1.00, 0.00, 0.00, 0.00, 0.00, 0.00, 0.00, 0.00, 0.00, 0.00, 0.00, 1.00
297,  0,  9.943,  0.98,  1, 0.00, 0.00, 1.74, 0.00, 0.07, 1.36, 0.48, 0.00, 0.00, 0.00, 0.00, 0.41, 0.00, 0.00, 0.13, 0.18, 0.07, 0.00, 0.00, 1.00, 0.00, 0.00, 0.00, 1.00, 0.00, 0.00, 0.00, 0.00, 0.00, 0.00, 0.00, 0.00, 0.00, 0.00, 1.00
298,  0,  9.976,  0.98,  1, 0.00, 0.00, 1.86, 0.00, 0.13, 1.33, 0.49, 0.00, 0.00, 0.00, 0.00, 0.40, 0.00, 0.00, 0.10, 0.27, 0.09, 0.00, 0.00, 1.00, 0.00, 0.00, 1.00, 1.00, 0.00, 0.00, 0.00, 0.00, 0.00, 0.00, 1.00, 0.00, 0.00, 0.00, 1.00
299,  0,  10.010,  0.98,  1, 0.00, 0.00, 1.84, 0.00, 0.15, 1.23, 0.49, 0.02, 0.00, 0.00, 0.00, 0.42, 0.00, 0.00, 0.06, 0.41, 0.08, 0.00, 0.00, 1.00, 0.00, 0.00, 1.00, 1.00, 0.00, 0.00, 0.00, 0.00, 0.00, 0.00, 1.00, 0.00, 0.00, 0.00, 1.00
300,  0,  10.044,  0.98,  1, 0.00, 0.00, 1.85, 0.00, 0.18, 1.37, 0.53, 0.05, 0.00, 0.00, 0.15, 0.54, 0.00, 0.00, 0.03, 0.40, 0.04, 0.00, 0.00, 1.00, 0.00, 0.00, 1.00, 1.00, 0.00, 0.00, 0.00, 0.00, 0.00, 0.00, 1.00, 0.00, 0.00, 0.00, 1.00
301,  0,  10.077,  0.98,  1, 0.00, 0.00, 1.79, 0.00, 0.17, 1.46, 0.46, 0.06, 0.00, 0.00, 0.28, 0.47, 0.00, 0.00, 0.00, 0.31, 0.01, 0.00, 0.00, 1.00, 0.00, 0.00, 1.00, 1.00, 0.00, 0.00, 0.00, 0.00, 0.00, 0.00, 0.00, 0.00, 0.00, 0.00, 1.00
302,  0,  10.111,  0.98,  1, 0.00, 0.00, 1.73, 0.01, 0.18, 1.57, 0.44, 0.13, 0.00, 0.00, 0.28, 0.46, 0.00, 0.00, 0.00, 0.21, 0.09, 0.00, 0.00, 1.00, 0.00, 0.00, 1.00, 1.00, 0.00, 0.00, 0.00, 0.00, 1.00, 0.00, 0.00, 0.00, 0.00, 0.00, 1.00
303,  0,  10.144,  0.98,  1, 0.00, 0.00, 1.70, 0.01, 0.19, 1.57, 0.40, 0.16, 0.00, 0.00, 0.13, 0.39, 0.00, 0.00, 0.00, 0.32, 0.12, 0.00, 0.00, 1.00, 0.00, 0.00, 1.00, 0.00, 0.00, 0.00, 0.00, 0.00, 0.00, 0.00, 0.00, 0.00, 0.00, 0.00, 1.00
304,  0,  10.178,  0.98,  1, 0.00, 0.00, 1.71, 0.10, 0.22, 1.64, 0.32, 0.28, 0.00, 0.00, 0.00, 0.48, 0.00, 0.00, 0.04, 0.27, 0.12, 0.00, 0.00, 1.00, 0.00, 0.00, 1.00, 0.00, 0.00, 0.00, 0.00, 0.00, 0.00, 0.00, 0.00, 0.00, 0.00, 0.00, 1.00
305,  0,  10.212,  0.98,  1, 0.00, 0.00, 1.70, 0.18, 0.22, 1.76, 0.23, 0.20, 0.00, 0.00, 0.00, 0.42, 0.00, 0.00, 0.07, 0.37, 0.05, 0.00, 0.00, 1.00, 0.00, 0.00, 1.00, 0.00, 0.00, 0.00, 0.00, 0.00, 0.00, 0.00, 0.00, 0.00, 0.00, 0.00, 1.00
306,  0,  10.245,  0.98,  1, 0.00, 0.00, 1.67, 0.26, 0.20, 1.80, 0.24, 0.16, 0.00, 0.00, 0.06, 0.34, 0.00, 0.00, 0.07, 0.28, 0.02, 0.00, 0.00, 1.00, 0.00, 0.00, 1.00, 0.00, 0.00, 0.00, 0.00, 0.00, 0.00, 0.00, 0.00, 0.00, 0.00, 0.00, 1.00
307,  0,  10.279,  0.98,  1, 0.00, 0.00, 1.61, 0.23, 0.14, 1.83, 0.28, 0.03, 0.00, 0.00, 0.14, 0.25, 0.00, 0.00, 0.04, 0.19, 0.02, 0.00, 0.00, 1.00, 0.00, 0.00, 1.00, 0.00, 0.00, 0.00, 0.00, 0.00, 0.00, 0.00, 0.00, 0.00, 0.00, 0.00, 0.00
308,  0,  10.312,  0.98,  1, 0.00, 0.00, 1.51, 0.15, 0.11, 1.65, 0.24, 0.04, 0.00, 0.00, 0.40, 0.33, 0.00, 0.00, 0.01, 0.03, 0.06, 0.00, 0.00, 1.00, 0.00, 0.00, 1.00, 0.00, 0.00, 0.00, 0.00, 0.00, 0.00, 0.00, 0.00, 0.00, 0.00, 0.00, 0.00
309,  0,  10.346,  0.98,  1, 0.00, 0.00, 1.45, 0.06, 0.08, 1.43, 0.20, 0.05, 0.00, 0.00, 0.42, 0.32, 0.00, 0.00, 0.01, 0.08, 0.06, 0.00, 0.00, 1.00, 0.00, 0.00, 1.00, 0.00, 0.00, 0.00, 0.00, 0.00, 0.00, 0.00, 0.00, 0.00, 0.00, 0.00, 1.00
310,  0,  10.380,  0.98,  1, 0.00, 0.00, 1.48, 0.06, 0.04, 1.30, 0.18, 0.06, 0.00, 0.00, 0.34, 0.33, 0.00, 0.00, 0.01, 0.14, 0.10, 0.00, 0.00, 1.00, 0.00, 0.00, 1.00, 0.00, 0.00, 0.00, 0.00, 0.00, 0.00, 0.00, 0.00, 0.00, 0.00, 0.00, 0.00
311,  0,  10.413,  0.98,  1, 0.00, 0.00, 1.53, 0.06, 0.01, 1.21, 0.20, 0.05, 0.00, 0.00, 0.08, 0.29, 0.00, 0.00, 0.01, 0.17, 0.14, 0.00, 0.00, 1.00, 0.00, 0.00, 1.00, 0.00, 0.00, 0.00, 0.00, 0.00, 0.00, 0.00, 0.00, 0.00, 0.00, 0.00, 0.00
312,  0,  10.447,  0.98,  1, 0.00, 0.00, 1.55, 0.06, 0.00, 1.29, 0.21, 0.01, 0.00, 0.00, 0.00, 0.34, 0.00, 0.00, 0.01, 0.22, 0.23, 0.00, 0.00, 1.00, 0.00, 0.00, 0.00, 0.00, 0.00, 0.00, 0.00, 0.00, 0.00, 0.00, 0.00, 0.00, 0.00, 0.00, 0.00
313,  0,  10.480,  0.98,  1, 0.00, 0.00, 1.50, 0.00, 0.00, 1.29, 0.22, 0.00, 0.00, 0.00, 0.00, 0.40, 0.00, 0.00, 0.00, 0.21, 0.19, 0.00, 0.00, 1.00, 0.00, 0.00, 0.00, 0.00, 0.00, 0.00, 0.00, 0.00, 0.00, 0.00, 0.00, 0.00, 0.00, 0.00, 0.00
314,  0,  10.514,  0.98,  1, 0.00, 0.00, 1.51, 0.00, 0.00, 1.26, 0.20, 0.00, 0.00, 0.00, 0.00, 0.39, 0.00, 0.00, 0.00, 0.23, 0.10, 0.00, 0.00, 1.00, 0.00, 0.00, 1.00, 0.00, 0.00, 0.00, 0.00, 0.00, 0.00, 0.00, 0.00, 0.00, 0.00, 0.00, 0.00
315,  0,  10.547,  0.98,  1, 0.00, 0.00, 1.57, 0.00, 0.00, 1.30, 0.19, 0.00, 0.00, 0.00, 0.00, 0.29, 0.00, 0.00, 0.09, 0.21, 0.01, 0.00, 0.00, 1.00, 0.00, 0.00, 1.00, 0.00, 0.00, 0.00, 0.00, 0.00, 0.00, 0.00, 0.00, 0.00, 0.00, 0.00, 0.00
316,  0,  10.581,  0.98,  1, 0.00, 0.00, 1.63, 0.00, 0.00, 1.26, 0.18, 0.00, 0.00, 0.00, 0.18, 0.23, 0.00, 0.00, 0.09, 0.23, 0.01, 0.00, 0.00, 1.00, 0.00, 0.00, 1.00, 0.00, 0.00, 0.00, 0.00, 0.00, 0.00, 0.00, 0.00, 0.00, 0.00, 0.00, 0.00
317,  0,  10.615,  0.98,  1, 0.00, 0.00, 1.70, 0.00, 0.00, 1.38, 0.22, 0.00, 0.00, 0.00, 0.23, 0.12, 0.00, 0.00, 0.09, 0.28, 0.03, 0.00, 0.00, 1.00, 0.00, 0.00, 1.00, 0.00, 0.00, 0.00, 0.00, 0.00, 0.00, 0.00, 1.00, 0.00, 0.00, 0.00, 0.00
318,  0,  10.648,  0.98,  1, 0.00, 0.00, 1.66, 0.00, 0.00, 1.42, 0.22, 0.00, 0.00, 0.00, 0.27, 0.16, 0.00, 0.00, 0.00, 0.36, 0.07, 0.00, 0.00, 1.00, 0.00, 0.00, 1.00, 0.00, 0.00, 0.00, 0.00, 0.00, 0.00, 0.00, 1.00, 0.00, 0.00, 0.00, 0.00
319,  0,  10.682,  0.98,  1, 0.00, 0.00, 1.73, 0.01, 0.00, 1.38, 0.17, 0.00, 0.00, 0.00, 0.10, 0.18, 0.00, 0.00, 0.04, 0.50, 0.12, 0.00, 0.00, 1.00, 1.00, 0.00, 1.00, 0.00, 0.00, 0.00, 0.00, 0.00, 0.00, 0.00, 1.00, 0.00, 0.00, 0.00, 0.00
320,  0,  10.715,  0.98,  1, 0.00, 0.00, 1.68, 0.01, 0.00, 1.38, 0.12, 0.00, 0.00, 0.00, 0.04, 0.18, 0.00, 0.00, 0.04, 0.56, 0.09, 0.00, 0.00, 1.00, 0.00, 0.00, 1.00, 0.00, 0.00, 0.00, 0.00, 0.00, 0.00, 0.00, 1.00, 0.00, 0.00, 0.00, 0.00
321,  0,  10.749,  0.98,  1, 0.00, 0.00, 1.70, 0.01, 0.00, 1.35, 0.05, 0.00, 0.00, 0.00, 0.00, 0.22, 0.00, 0.00, 0.04, 0.41, 0.05, 0.00, 0.00, 1.00, 0.00, 0.00, 1.00, 0.00, 0.00, 0.00, 0.00, 0.00, 0.00, 0.00, 1.00, 0.00, 0.00, 0.00, 0.00
322,  0,  10.783,  0.98,  1, 0.01, 0.00, 1.64, 0.00, 0.00, 1.32, 0.13, 0.00, 0.00, 0.00, 0.00, 0.12, 0.00, 0.00, 0.00, 0.29, 0.00, 0.00, 0.00, 1.00, 0.00, 0.00, 1.00, 0.00, 0.00, 0.00, 0.00, 0.00, 0.00, 0.00, 1.00, 0.00, 0.00, 0.00, 0.00
323,  0,  10.816,  0.98,  1, 0.13, 0.00, 1.80, 0.00, 0.00, 1.31, 0.10, 0.00, 0.00, 0.00, 0.00, 0.12, 0.00, 0.00, 0.08, 0.22, 0.00, 0.00, 0.00, 1.00, 0.00, 0.00, 1.00, 0.00, 0.00, 0.00, 0.00, 0.00, 0.00, 0.00, 1.00, 0.00, 0.00, 0.00, 0.00
324,  0,  10.850,  0.98,  1, 0.40, 0.00, 1.96, 0.00, 0.00, 1.17, 0.14, 0.00, 0.00, 0.00, 0.00, 0.00, 0.10, 0.00, 0.23, 0.36, 0.00, 0.00, 0.00, 1.00, 0.00, 0.00, 1.00, 0.00, 0.00, 0.00, 0.00, 0.00, 0.00, 0.00, 0.00, 0.00, 0.00, 0.00, 0.00
325,  0,  10.883,  0.98,  1, 0.56, 0.00, 2.01, 0.00, 0.00, 1.16, 0.04, 0.00, 0.00, 0.00, 0.00, 0.00, 0.12, 0.00, 0.23, 0.43, 0.00, 1.00, 0.00, 1.00, 0.00, 0.00, 1.00, 0.00, 0.00, 0.00, 0.00, 0.00, 0.00, 0.00, 0.00, 0.00, 0.00, 0.00, 0.00
326,  0,  10.917,  0.98,  1, 0.64, 0.00, 1.94, 0.01, 0.00, 1.22, 0.04, 0.00, 0.00, 0.00, 0.00, 0.02, 0.12, 0.00, 0.23, 0.47, 0.00, 1.00, 0.00, 1.00, 0.00, 0.00, 1.00, 0.00, 0.00, 0.00, 0.00, 0.00, 0.00, 0.00, 0.00, 0.00, 0.00, 0.00, 0.00
327,  0,  10.951,  0.98,  1, 0.53, 0.00, 1.83, 0.13, 0.00, 1.29, 0.00, 0.00, 0.00, 0.00, 0.16, 0.08, 0.18, 0.00, 0.13, 0.35, 0.00, 1.00, 0.00, 1.00, 1.00, 0.00, 1.00, 0.00, 0.00, 0.00, 0.00, 0.00, 0.00, 0.00, 0.00, 0.00, 0.00, 0.00, 0.00
328,  0,  10.984,  0.98,  1, 0.55, 0.00, 1.87, 0.13, 0.00, 1.28, 0.02, 0.00, 0.00, 0.00, 0.16, 0.17, 0.27, 0.00, 0.13, 0.43, 0.00, 1.00, 0.00, 1.00, 1.00, 0.00, 1.00, 0.00, 0.00, 0.00, 0.00, 0.00, 0.00, 0.00, 0.00, 0.00, 0.00, 0.00, 0.00
329,  0,  11.018,  0.98,  1, 0.55, 0.00, 1.82, 0.12, 0.00, 1.18, 0.06, 0.00, 0.00, 0.00, 0.16, 0.25, 0.27, 0.00, 0.10, 0.51, 0.00, 1.00, 0.00, 1.00, 1.00, 0.00, 1.00, 0.00, 0.00, 0.00, 0.00, 0.00, 0.00, 0.00, 1.00, 0.00, 0.00, 0.00, 0.00
330,  0,  11.051,  0.98,  1, 0.61, 0.00, 1.82, 0.00, 0.00, 1.15, 0.10, 0.00, 0.00, 0.00, 0.14, 0.19, 0.26, 0.00, 0.07, 0.52, 0.00, 1.00, 0.00, 1.00, 1.00, 0.00, 0.00, 0.00, 0.00, 0.00, 0.00, 0.00, 0.00, 0.00, 1.00, 0.00, 0.00, 0.00, 0.00
331,  0,  11.085,  0.98,  1, 0.71, 0.00, 1.65, 0.00, 0.00, 1.09, 0.08, 0.00, 0.00, 0.00, 0.14, 0.09, 0.28, 0.00, 0.07, 0.30, 0.00, 1.00, 0.00, 1.00, 1.00, 0.00, 0.00, 0.00, 0.00, 0.00, 0.00, 0.00, 0.00, 1.00, 1.00, 0.00, 0.00, 0.00, 0.00
332,  0,  11.119,  0.98,  1, 0.88, 0.00, 1.65, 0.00, 0.00, 0.98, 0.04, 0.00, 0.00, 0.00, 0.21, 0.00, 0.46, 0.00, 0.10, 0.13, 0.00, 1.00, 0.00, 1.00, 1.00, 0.00, 0.00, 0.00, 0.00, 0.00, 0.00, 0.00, 0.00, 0.00, 1.00, 0.00, 0.00, 0.00, 0.00
333,  0,  11.152,  0.98,  1, 0.97, 0.00, 1.63, 0.00, 0.00, 1.04, 0.00, 0.00, 0.00, 0.00, 0.18, 0.00, 0.58, 0.00, 0.23, 0.22, 0.00, 1.00, 0.00, 1.00, 0.00, 0.00, 0.00, 0.00, 0.00, 0.00, 0.00, 0.00, 0.00, 1.00, 1.00, 0.00, 0.00, 0.00, 0.00
334,  0,  11.186,  0.98,  1, 0.97, 0.00, 1.70, 0.00, 0.00, 1.18, 0.00, 0.00, 0.00, 0.00, 0.28, 0.03, 0.68, 0.00, 0.34, 0.21, 0.00, 1.00, 0.00, 1.00, 0.00, 0.00, 0.00, 0.00, 0.00, 0.00, 0.00, 0.00, 0.00, 1.00, 1.00, 0.00, 0.00, 0.00, 0.00
335,  0,  11.219,  0.98,  1, 0.89, 0.03, 1.69, 0.00, 0.01, 1.25, 0.01, 0.00, 0.00, 0.00, 0.27, 0.18, 0.71, 0.00, 0.27, 0.17, 0.14, 1.00, 0.00, 1.00, 0.00, 0.00, 0.00, 0.00, 0.00, 0.00, 0.00, 0.00, 0.00, 0.00, 1.00, 0.00, 0.00, 0.00, 0.00
336,  0,  11.253,  0.98,  1, 0.96, 0.20, 1.70, 0.00, 0.09, 0.85, 0.07, 0.00, 0.00, 0.00, 0.18, 0.29, 0.70, 0.00, 0.12, 0.00, 0.76, 1.00, 0.00, 1.00, 0.00, 0.00, 0.00, 0.00, 0.00, 0.00, 0.00, 0.00, 0.00, 0.00, 1.00, 0.00, 0.00, 0.00, 0.00
337,  0,  11.286,  0.98,  1, 1.02, 0.32, 1.75, 0.00, 0.10, 0.65, 0.13, 0.00, 0.00, 0.00, 0.09, 0.35, 0.53, 0.00, 0.01, 0.01, 1.24, 1.00, 0.00, 1.00, 0.00, 0.00, 0.00, 0.00, 0.00, 0.00, 0.00, 0.00, 0.00, 0.00, 1.00, 0.00, 0.00, 0.00, 0.00
338,  0,  11.320,  0.98,  1, 0.98, 0.35, 1.77, 0.00, 0.13, 0.61, 0.25, 0.00, 0.00, 0.00, 0.03, 0.34, 0.33, 0.00, 0.13, 0.03, 1.12, 1.00, 0.00, 1.00, 0.00, 0.00, 0.00, 0.00, 0.00, 0.00, 0.00, 0.00, 0.00, 0.00, 1.00, 0.00, 0.00, 0.00, 0.00
339,  0,  11.354,  0.98,  1, 0.91, 0.19, 1.64, 0.00, 0.05, 0.83, 0.20, 0.00, 0.00, 0.00, 0.17, 0.37, 0.07, 0.00, 0.21, 0.13, 0.50, 1.00, 0.00, 1.00, 0.00, 0.00, 0.00, 0.00, 0.00, 0.00, 0.00, 0.00, 0.00, 0.00, 1.00, 0.00, 0.00, 0.00, 0.00
340,  0,  11.387,  0.98,  1, 0.95, 0.06, 1.44, 0.00, 0.04, 0.89, 0.18, 0.00, 0.00, 0.00, 0.39, 0.43, 0.22, 0.00, 0.36, 0.19, 0.02, 1.00, 0.00, 1.00, 0.00, 0.00, 0.00, 0.00, 0.00, 0.00, 0.00, 0.00, 0.00, 0.00, 1.00, 0.00, 0.00, 0.00, 0.00
341,  0,  11.421,  0.98,  1, 1.12, 0.00, 1.30, 0.00, 0.00, 0.77, 0.05, 0.00, 0.00, 0.00, 0.39, 0.45, 0.33, 0.00, 0.28, 0.25, 0.00, 1.00, 0.00, 1.00, 0.00, 0.00, 0.00, 0.00, 0.00, 0.00, 0.00, 0.00, 0.00, 0.00, 1.00, 0.00, 0.00, 0.00, 0.00
342,  0,  11.454,  0.98,  1, 1.30, 0.00, 1.24, 0.04, 0.00, 0.70, 0.05, 0.00, 0.00, 0.00, 0.24, 0.38, 0.50, 0.00, 0.38, 0.30, 0.00, 1.00, 0.00, 1.00, 0.00, 0.00, 0.00, 0.00, 0.00, 0.00, 0.00, 0.00, 0.00, 0.00, 1.00, 0.00, 0.00, 0.00, 0.00
343,  0,  11.488,  0.98,  1, 1.29, 0.00, 1.26, 0.04, 0.00, 0.66, 0.00, 0.00, 0.00, 0.00, 0.13, 0.36, 0.38, 0.00, 0.34, 0.40, 0.00, 1.00, 0.00, 1.00, 1.00, 0.00, 0.00, 0.00, 0.00, 0.00, 0.00, 0.00, 0.00, 0.00, 1.00, 0.00, 0.00, 0.00, 0.00
344,  0,  11.522,  0.98,  1, 1.32, 0.07, 1.38, 0.04, 0.00, 0.69, 0.00, 0.00, 0.00, 0.00, 0.13, 0.34, 0.28, 0.00, 0.30, 0.41, 0.00, 1.00, 0.00, 1.00, 1.00, 0.00, 0.00, 0.00, 0.00, 0.00, 0.00, 0.00, 0.00, 0.00, 1.00, 0.00, 0.00, 0.00, 0.00
345,  0,  11.555,  0.98,  1, 1.29, 0.08, 1.43, 0.07, 0.00, 0.83, 0.00, 0.00, 0.00, 0.00, 0.22, 0.50, 0.11, 0.00, 0.35, 0.33, 0.00, 1.00, 0.00, 0.00, 1.00, 0.00, 0.00, 0.00, 0.00, 0.00, 0.00, 0.00, 0.00, 0.00, 1.00, 0.00, 0.00, 0.00, 0.00
346,  0,  11.589,  0.98,  1, 1.37, 0.08, 1.40, 0.07, 0.00, 0.75, 0.00, 0.00, 0.00, 0.00, 0.16, 0.51, 0.01, 0.00, 0.40, 0.17, 0.00, 1.00, 0.00, 0.00, 1.00, 0.00, 0.00, 0.00, 0.00, 0.00, 0.00, 0.00, 0.00, 0.00, 1.00, 0.00, 0.00, 0.00, 0.00
347,  0,  11.622,  0.98,  1, 1.27, 0.02, 1.24, 0.07, 0.00, 0.86, 0.09, 0.00, 0.00, 0.00, 0.16, 0.50, 0.00, 0.00, 0.40, 0.16, 0.00, 1.00, 0.00, 1.00, 0.00, 0.00, 0.00, 0.00, 0.00, 0.00, 0.00, 0.00, 0.00, 0.00, 1.00, 0.00, 0.00, 0.00, 0.00
348,  0,  11.656,  0.98,  1, 1.11, 0.04, 1.23, 0.05, 0.00, 0.98, 0.17, 0.00, 0.00, 0.00, 0.07, 0.51, 0.01, 0.01, 0.28, 0.30, 0.00, 1.00, 0.00, 1.00, 0.00, 0.00, 0.00, 0.00, 0.00, 0.00, 0.00, 0.00, 0.00, 0.00, 1.00, 0.00, 0.00, 0.00, 0.00
349,  0,  11.690,  0.98,  1, 0.86, 0.04, 1.36, 0.05, 0.00, 1.26, 0.23, 0.00, 0.00, 0.00, 0.12, 0.48, 0.01, 0.09, 0.26, 0.46, 0.04, 0.00, 0.00, 1.00, 0.00, 0.00, 0.00, 0.00, 0.00, 0.00, 0.00, 0.00, 0.00, 0.00, 1.00, 0.00, 0.00, 0.00, 0.00
350,  0,  11.723,  0.98,  1, 0.64, 0.03, 1.54, 0.05, 0.00, 1.47, 0.25, 0.00, 0.00, 0.00, 0.12, 0.43, 0.13, 0.09, 0.27, 0.45, 0.05, 0.00, 0.00, 1.00, 0.00, 0.00, 0.00, 0.00, 0.00, 0.00, 0.00, 0.00, 0.00, 0.00, 1.00, 0.00, 0.00, 0.00, 0.00
351,  0,  11.757,  0.98,  1, 0.43, 0.00, 1.52, 0.00, 0.01, 1.38, 0.21, 0.00, 0.00, 0.00, 0.12, 0.34, 0.12, 0.09, 0.18, 0.32, 0.16, 0.00, 0.00, 1.00, 0.00, 0.00, 0.00, 0.00, 0.00, 0.00, 0.00, 0.00, 0.00, 0.00, 1.00, 0.00, 0.00, 0.00, 0.00
352,  0,  11.790,  0.98,  1, 0.31, 0.00, 1.50, 0.00, 0.02, 1.37, 0.26, 0.00, 0.00, 0.00, 0.01, 0.38, 0.12, 0.01, 0.15, 0.29, 0.14, 0.00, 0.00, 1.00, 0.00, 0.00, 1.00, 0.00, 0.00, 0.00, 0.00, 0.00, 0.00, 0.00, 1.00, 0.00, 0.00, 0.00, 0.00
353,  0,  11.824,  0.98,  1, 0.17, 0.00, 1.50, 0.00, 0.04, 1.44, 0.25, 0.00, 0.00, 0.00, 0.01, 0.39, 0.00, 0.01, 0.23, 0.25, 0.13, 0.00, 0.00, 1.00, 0.00, 0.00, 1.00, 0.00, 0.00, 0.00, 0.00, 0.00, 0.00, 0.00, 1.00, 0.00, 0.00, 0.00, 0.00
354,  0,  11.858,  0.98,  1, 0.10, 0.00, 1.49, 0.00, 0.07, 1.50, 0.32, 0.00, 0.00, 0.00, 0.00, 0.41, 0.00, 0.00, 0.38, 0.35, 0.02, 0.00, 0.00, 1.00, 0.00, 0.00, 1.00, 0.00, 0.00, 0.00, 0.00, 0.00, 0.00, 0.00, 1.00, 0.00, 0.00, 0.00, 0.00
355,  0,  11.891,  0.98,  1, 0.05, 0.00, 1.43, 0.00, 0.13, 1.65, 0.23, 0.00, 0.00, 0.00, 0.11, 0.43, 0.07, 0.00, 0.31, 0.25, 0.03, 0.00, 0.00, 1.00, 0.00, 0.00, 1.00, 0.00, 0.00, 0.00, 0.00, 0.00, 0.00, 0.00, 1.00, 0.00, 0.00, 0.00, 0.00
356,  0,  11.925,  0.98,  1, 0.16, 0.00, 1.42, 0.00, 0.13, 1.53, 0.22, 0.00, 0.00, 0.00, 0.11, 0.43, 0.08, 0.01, 0.42, 0.40, 0.03, 0.00, 0.00, 1.00, 0.00, 0.00, 1.00, 0.00, 0.00, 0.00, 0.00, 0.00, 0.00, 0.00, 1.00, 0.00, 0.00, 0.00, 0.00
357,  0,  11.958,  0.98,  1, 0.22, 0.00, 1.41, 0.10, 0.11, 1.53, 0.17, 0.00, 0.00, 0.00, 0.11, 0.39, 0.26, 0.01, 0.36, 0.47, 0.03, 0.00, 0.00, 1.00, 0.00, 0.00, 1.00, 0.00, 0.00, 0.00, 0.00, 0.00, 0.00, 0.00, 1.00, 0.00, 0.00, 0.00, 0.00
358,  0,  11.992,  0.98,  1, 0.33, 0.00, 1.45, 0.15, 0.07, 1.35, 0.19, 0.00, 0.00, 0.00, 0.05, 0.42, 0.30, 0.04, 0.45, 0.74, 0.00, 0.00, 0.00, 1.00, 0.00, 0.00, 1.00, 0.00, 0.00, 0.00, 0.00, 0.00, 0.00, 0.00, 1.00, 0.00, 0.00, 0.00, 0.00
359,  0,  12.025,  0.98,  1, 0.22, 0.00, 1.38, 0.15, 0.07, 1.25, 0.14, 0.04, 0.00, 0.00, 0.14, 0.49, 0.29, 0.02, 0.37, 0.81, 0.00, 0.00, 0.00, 1.00, 0.00, 0.00, 1.00, 0.00, 0.00, 0.00, 0.00, 0.00, 0.00, 0.00, 1.00, 0.00, 0.00, 0.00, 0.00
360,  0,  12.059,  0.98,  1, 0.23, 0.00, 1.45, 0.06, 0.06, 1.16, 0.14, 0.04, 0.00, 0.00, 0.14, 0.54, 0.28, 0.02, 0.41, 0.89, 0.00, 0.00, 0.00, 1.00, 0.00, 0.00, 0.00, 0.00, 0.00, 0.00, 0.00, 0.00, 0.00, 0.00, 1.00, 0.00, 0.00, 0.00, 0.00
361,  0,  12.093,  0.98,  1, 0.15, 0.00, 1.46, 0.00, 0.04, 1.08, 0.21, 0.04, 0.00, 0.00, 0.08, 0.48, 0.25, 0.00, 0.42, 0.69, 0.00, 0.00, 0.00, 1.00, 1.00, 0.00, 0.00, 0.00, 0.00, 0.00, 0.00, 0.00, 1.00, 0.00, 1.00, 0.00, 0.00, 0.00, 0.00
362,  0,  12.126,  0.98,  1, 0.16, 0.00, 1.55, 0.00, 0.00, 1.15, 0.19, 0.00, 0.00, 0.00, 0.00, 0.61, 0.26, 0.00, 0.35, 0.42, 0.00, 0.00, 0.00, 1.00, 1.00, 0.00, 0.00, 0.00, 0.00, 0.00, 0.00, 0.00, 1.00, 0.00, 1.00, 0.00, 0.00, 0.00, 0.00
363,  0,  12.160,  0.98,  1, 0.14, 0.00, 1.55, 0.00, 0.02, 1.08, 0.14, 0.00, 0.00, 0.00, 0.00, 0.77, 0.13, 0.00, 0.33, 0.22, 0.00, 0.00, 0.00, 1.00, 1.00, 0.00, 0.00, 0.00, 0.00, 0.00, 0.00, 0.00, 1.00, 0.00, 1.00, 0.00, 0.00, 0.00, 0.00
364,  0,  12.193,  0.98,  1, 0.06, 0.00, 1.49, 0.00, 0.02, 1.13, 0.03, 0.00, 0.00, 0.00, 0.00, 0.91, 0.05, 0.00, 0.20, 0.34, 0.00, 0.00, 0.00, 1.00, 1.00, 0.00, 0.00, 0.00, 0.00, 0.00, 0.00, 0.00, 1.00, 0.00, 1.00, 0.00, 0.00, 0.00, 0.00
365,  0,  12.227,  0.98,  1, 0.16, 0.00, 1.48, 0.00, 0.02, 1.14, 0.02, 0.00, 0.00, 0.00, 0.00, 0.84, 0.04, 0.03, 0.18, 0.51, 0.00, 0.00, 0.00, 1.00, 1.00, 0.00, 0.00, 0.00, 0.00, 0.00, 0.00, 0.00, 1.00, 0.00, 1.00, 0.00, 0.00, 0.00, 0.00
366,  0,  12.261,  0.98,  1, 0.16, 0.00, 1.58, 0.00, 0.02, 1.22, 0.02, 0.00, 0.00, 0.00, 0.00, 0.58, 0.00, 0.03, 0.22, 0.56, 0.02, 0.00, 0.00, 1.00, 1.00, 0.00, 0.00, 0.00, 0.00, 0.00, 0.00, 0.00, 1.00, 0.00, 1.00, 0.00, 0.00, 0.00, 0.00
367,  0,  12.294,  0.98,  1, 0.24, 0.00, 1.62, 0.00, 0.04, 1.25, 0.05, 0.00, 0.00, 0.00, 0.00, 0.38, 0.08, 0.03, 0.31, 0.46, 0.18, 0.00, 0.00, 1.00, 0.00, 0.00, 0.00, 0.00, 0.00, 0.00, 0.00, 0.00, 0.00, 0.00, 1.00, 0.00, 0.00, 0.00, 0.00
368,  0,  12.328,  0.98,  1, 0.30, 0.11, 1.58, 0.00, 0.07, 1.05, 0.05, 0.00, 0.00, 0.00, 0.00, 0.32, 0.14, 0.00, 0.34, 0.28, 0.23, 0.00, 0.00, 1.00, 0.00, 0.00, 1.00, 0.00, 0.00, 0.00, 0.00, 0.00, 0.00, 0.00, 1.00, 0.00, 0.00, 0.00, 0.00
369,  0,  12.361,  0.98,  1, 0.43, 0.13, 1.59, 0.00, 0.09, 1.09, 0.03, 0.00, 0.00, 0.00, 0.01, 0.42, 0.29, 0.00, 0.16, 0.14, 0.33, 0.00, 0.00, 1.00, 0.00, 0.00, 0.00, 0.00, 0.00, 0.00, 0.00, 0.00, 0.00, 0.00, 1.00, 0.00, 0.00, 0.00, 0.00
370,  0,  12.395,  0.98,  1, 0.54, 0.25, 1.75, 0.00, 0.06, 0.94, 0.00, 0.00, 0.00, 0.00, 0.01, 0.41, 0.38, 0.00, 0.14, 0.02, 0.18, 0.00, 0.00, 1.00, 0.00, 0.00, 0.00, 0.00, 0.00, 0.00, 0.00, 0.00, 0.00, 0.00, 1.00, 0.00, 0.00, 0.00, 0.00
371,  0,  12.429,  0.98,  1, 0.46, 0.13, 1.73, 0.00, 0.07, 0.95, 0.03, 0.00, 0.00, 0.00, 0.01, 0.36, 0.45, 0.00, 0.22, 0.06, 0.18, 0.00, 0.00, 1.00, 0.00, 0.00, 0.00, 0.00, 0.00, 0.00, 0.00, 0.00, 0.00, 0.00, 1.00, 0.00, 0.00, 0.00, 0.00
372,  0,  12.462,  0.98,  1, 0.38, 0.11, 1.60, 0.00, 0.04, 0.89, 0.08, 0.00, 0.00, 0.00, 0.02, 0.27, 0.40, 0.00, 0.22, 0.21, 0.05, 0.00, 0.00, 1.00, 0.00, 0.00, 0.00, 0.00, 0.00, 0.00, 0.00, 0.00, 0.00, 0.00, 1.00, 0.00, 0.00, 0.00, 0.00
373,  0,  12.496,  0.98,  1, 0.18, 0.00, 1.58, 0.00, 0.04, 1.08, 0.14, 0.00, 0.00, 0.00, 0.02, 0.18, 0.31, 0.00, 0.19, 0.23, 0.16, 0.00, 0.00, 1.00, 0.00, 0.00, 1.00, 0.00, 0.00, 0.00, 0.00, 0.00, 0.00, 0.00, 1.00, 0.00, 0.00, 0.00, 0.00
374,  0,  12.529,  0.98,  1, 0.12, 0.00, 1.70, 0.02, 0.00, 1.24, 0.16, 0.00, 0.00, 0.00, 0.02, 0.18, 0.18, 0.00, 0.06, 0.36, 0.11, 0.00, 0.00, 1.00, 0.00, 0.00, 0.00, 0.00, 0.00, 0.00, 0.00, 0.00, 0.00, 0.00, 1.00, 0.00, 0.00, 0.00, 0.00
375,  0,  12.563,  0.98,  1, 0.03, 0.00, 1.76, 0.02, 0.00, 1.28, 0.11, 0.00, 0.00, 0.00, 0.00, 0.27, 0.08, 0.04, 0.12, 0.34, 0.23, 0.00, 0.00, 1.00, 0.00, 0.00, 0.00, 0.00, 0.00, 0.00, 0.00, 0.00, 0.00, 0.00, 1.00, 0.00, 0.00, 0.00, 0.00
376,  0,  12.597,  0.98,  1, 0.03, 0.00, 1.64, 0.02, 0.00, 1.08, 0.04, 0.00, 0.00, 0.00, 0.00, 0.29, 0.02, 0.04, 0.11, 0.31, 0.13, 0.00, 0.00, 1.00, 0.00, 0.00, 0.00, 0.00, 0.00, 0.00, 0.00, 0.00, 0.00, 0.00, 1.00, 0.00, 0.00, 0.00, 0.00
377,  0,  12.630,  0.98,  1, 0.00, 0.00, 1.62, 0.00, 0.00, 0.99, 0.00, 0.00, 0.00, 0.00, 0.00, 0.31, 0.02, 0.04, 0.19, 0.29, 0.22, 0.00, 0.00, 1.00, 0.00, 0.00, 0.00, 0.00, 0.00, 0.00, 0.00, 0.00, 0.00, 0.00, 1.00, 0.00, 0.00, 0.00, 0.00
378,  0,  12.664,  0.98,  1, 0.00, 0.00, 1.70, 0.00, 0.01, 1.04, 0.00, 0.00, 0.00, 0.00, 0.00, 0.21, 0.14, 0.00, 0.27, 0.27, 0.16, 0.00, 0.00, 1.00, 0.00, 0.00, 0.00, 0.00, 0.00, 0.00, 0.00, 0.00, 0.00, 0.00, 1.00, 0.00, 0.00, 0.00, 0.00
379,  0,  12.697,  0.98,  1, 0.00, 0.00, 1.80, 0.00, 0.02, 1.20, 0.03, 0.00, 0.00, 0.00, 0.04, 0.32, 0.18, 0.00, 0.36, 0.40, 0.18, 0.00, 0.00, 1.00, 0.00, 0.00, 0.00, 0.00, 0.00, 0.00, 0.00, 0.00, 0.00, 0.00, 1.00, 0.00, 0.00, 0.00, 0.00
380,  0,  12.731,  0.98,  1, 0.04, 0.00, 1.72, 0.00, 0.02, 1.16, 0.09, 0.00, 0.00, 0.00, 0.04, 0.37, 0.18, 0.00, 0.27, 0.27, 0.19, 0.00, 0.00, 1.00, 0.00, 0.00, 0.00, 0.00, 0.00, 0.00, 0.00, 0.00, 0.00, 0.00, 1.00, 0.00, 0.00, 0.00, 0.00
381,  0,  12.764,  0.98,  1, 0.04, 0.00, 1.67, 0.00, 0.01, 1.06, 0.09, 0.00, 0.00, 0.00, 0.04, 0.55, 0.08, 0.02, 0.13, 0.30, 0.13, 0.00, 0.00, 1.00, 0.00, 0.00, 0.00, 0.00, 0.00, 0.00, 0.00, 0.00, 0.00, 0.00, 1.00, 0.00, 0.00, 0.00, 0.00
382,  0,  12.798,  0.98,  1, 0.04, 0.00, 1.62, 0.00, 0.00, 1.09, 0.16, 0.00, 0.00, 0.00, 0.00, 0.53, 0.02, 0.02, 0.13, 0.46, 0.10, 0.00, 0.00, 1.00, 0.00, 0.00, 0.00, 0.00, 0.00, 0.00, 0.00, 0.00, 0.00, 0.00, 1.00, 0.00, 0.00, 0.00, 0.00
383,  0,  12.832,  0.98,  1, 0.00, 0.00, 1.53, 0.00, 0.01, 1.32, 0.10, 0.00, 0.00, 0.00, 0.00, 0.48, 0.14, 0.02, 0.13, 0.60, 0.01, 0.00, 0.00, 1.00, 0.00, 0.00, 0.00, 0.00, 0.00, 0.00, 0.00, 0.00, 0.00, 0.00, 1.00, 0.00, 0.00, 0.00, 0.00
384,  0,  12.865,  0.98,  1, 0.00, 0.00, 1.47, 0.00, 0.01, 1.36, 0.13, 0.00, 0.00, 0.00, 0.06, 0.45, 0.12, 0.00, 0.13, 0.58, 0.00, 0.00, 0.00, 1.00, 0.00, 0.00, 0.00, 0.00, 0.00, 0.00, 0.00, 0.00, 0.00, 0.00, 1.00, 0.00, 0.00, 0.00, 0.00
385,  0,  12.899,  0.98,  1, 0.00, 0.00, 1.37, 0.00, 0.01, 1.14, 0.09, 0.00, 0.00, 0.00, 0.06, 0.47, 0.12, 0.00, 0.04, 0.30, 0.08, 0.00, 0.00, 1.00, 0.00, 0.00, 0.00, 0.00, 0.00, 0.00, 0.00, 0.00, 0.00, 0.00, 1.00, 0.00, 0.00, 0.00, 0.00
386,  0,  12.932,  0.98,  1, 0.02, 0.00, 1.37, 0.00, 0.00, 1.01, 0.20, 0.00, 0.00, 0.00, 0.06, 0.52, 0.00, 0.02, 0.04, 0.34, 0.08, 0.00, 0.00, 1.00, 0.00, 0.00, 0.00, 0.00, 0.00, 0.00, 0.00, 0.00, 0.00, 0.00, 1.00, 0.00, 0.00, 0.00, 0.00
387,  0,  12.966,  0.98,  1, 0.02, 0.00, 1.26, 0.00, 0.00, 0.97, 0.17, 0.00, 0.00, 0.00, 0.00, 0.42, 0.00, 0.15, 0.04, 0.19, 0.08, 0.00, 0.00, 1.00, 0.00, 0.00, 0.00, 0.00, 0.00, 0.00, 0.00, 0.00, 0.00, 0.00, 1.00, 0.00, 0.00, 0.00, 0.00
388,  0,  13.000,  0.98,  1, 0.02, 0.00, 1.24, 0.00, 0.00, 1.15, 0.20, 0.00, 0.00, 0.00, 0.16, 0.35, 0.00, 0.23, 0.03, 0.19, 0.00, 0.00, 0.00, 1.00, 0.00, 0.00, 0.00, 0.00, 0.00, 0.00, 0.00, 0.00, 0.00, 0.00, 1.00, 0.00, 0.00, 0.00, 0.00
389,  0,  13.033,  0.98,  1, 0.00, 0.00, 1.22, 0.00, 0.00, 0.92, 0.10, 0.00, 0.00, 0.00, 0.31, 0.40, 0.15, 0.25, 0.03, 0.19, 0.00, 0.00, 0.00, 1.00, 0.00, 0.00, 0.00, 0.00, 0.00, 0.00, 0.00, 1.00, 0.00, 0.00, 1.00, 0.00, 0.00, 0.00, 0.00
390,  0,  13.067,  0.98,  1, 0.00, 0.00, 1.29, 0.02, 0.00, 0.87, 0.10, 0.00, 0.00, 0.00, 0.43, 0.53, 0.15, 0.33, 0.08, 0.26, 0.03, 0.00, 0.00, 1.00, 0.00, 0.00, 0.00, 0.00, 0.00, 0.00, 0.00, 1.00, 0.00, 0.00, 1.00, 0.00, 0.00, 0.00, 0.00
391,  0,  13.100,  0.98,  1, 0.00, 0.00, 1.37, 0.02, 0.00, 0.88, 0.05, 0.00, 0.00, 0.00, 0.44, 0.70, 0.32, 0.25, 0.10, 0.28, 0.12, 0.00, 0.00, 1.00, 0.00, 0.00, 0.00, 0.00, 0.00, 0.00, 0.00, 1.00, 0.00, 0.00, 1.00, 0.00, 0.00, 0.00, 0.00
392,  0,  13.134,  0.98,  1, 0.00, 0.00, 1.36, 0.06, 0.00, 0.87, 0.05, 0.00, 0.00, 0.00, 0.30, 0.72, 0.23, 0.30, 0.11, 0.17, 0.12, 0.00, 0.00, 1.00, 0.00, 0.00, 0.00, 0.00, 0.00, 0.00, 0.00, 1.00, 0.00, 0.00, 1.00, 0.00, 0.00, 0.00, 0.00
393,  0,  13.168,  0.98,  1, 0.00, 0.00, 1.32, 0.08, 0.00, 0.88, 0.05, 0.00, 0.00, 0.00, 0.22, 0.66, 0.27, 0.19, 0.07, 0.10, 0.08, 0.00, 0.00, 1.00, 0.00, 0.00, 0.00, 0.00, 0.00, 0.00, 0.00, 1.00, 1.00, 0.00, 1.00, 0.00, 0.00, 0.00, 0.00
394,  0,  13.201,  0.98,  1, 0.00, 0.00, 1.24, 0.08, 0.00, 0.67, 0.00, 0.00, 0.00, 0.00, 0.05, 0.67, 0.12, 0.21, 0.19, 0.34, 0.00, 0.00, 0.00, 1.00, 0.00, 0.00, 0.00, 0.00, 0.00, 0.00, 0.00, 1.00, 0.00, 0.00, 1.00, 0.00, 0.00, 0.00, 0.00
395,  0,  13.235,  0.98,  1, 0.06, 0.00, 1.43, 0.05, 0.00, 0.83, 0.00, 0.00, 0.00, 0.00, 0.06, 0.78, 0.17, 0.12, 0.17, 0.36, 0.00, 0.00, 0.00, 1.00, 0.00, 0.00, 0.00, 0.00, 0.00, 0.00, 0.00, 0.00, 0.00, 0.00, 0.00, 0.00, 0.00, 0.00, 0.00
396,  0,  13.268,  0.98,  1, 0.06, 0.00, 1.53, 0.00, 0.00, 0.87, 0.00, 0.00, 0.00, 0.00, 0.04, 0.70, 0.28, 0.03, 0.22, 0.42, 0.00, 0.00, 0.00, 1.00, 0.00, 0.00, 0.00, 0.00, 0.00, 0.00, 0.00, 0.00, 0.00, 0.00, 1.00, 0.00, 0.00, 0.00, 0.00
397,  0,  13.302,  0.98,  1, 0.06, 0.00, 1.56, 0.00, 0.00, 0.90, 0.00, 0.00, 0.00, 0.00, 0.04, 0.71, 0.27, 0.01, 0.06, 0.17, 0.01, 0.00, 0.00, 1.00, 0.00, 0.00, 0.00, 0.00, 0.00, 0.00, 0.00, 0.00, 0.00, 0.00, 1.00, 0.00, 0.00, 0.00, 0.00
398,  0,  13.336,  0.98,  1, 0.00, 0.00, 1.41, 0.00, 0.00, 0.83, 0.00, 0.00, 0.00, 0.00, 0.10, 0.47, 0.17, 0.01, 0.15, 0.07, 0.01, 0.00, 0.00, 1.00, 0.00, 0.00, 0.00, 0.00, 0.00, 0.00, 0.00, 0.00, 0.00, 0.00, 1.00, 0.00, 0.00, 0.00, 0.00
399,  0,  13.369,  0.98,  1, 0.00, 0.00, 1.27, 0.00, 0.00, 0.74, 0.00, 0.00, 0.00, 0.00, 0.20, 0.58, 0.05, 0.02, 0.28, 0.09, 0.01, 0.00, 0.00, 1.00, 0.00, 0.00, 0.00, 0.00, 0.00, 0.00, 0.00, 0.00, 0.00, 0.00, 1.00, 0.00, 0.00, 0.00, 0.00
400,  0,  13.403,  0.98,  1, 0.00, 0.00, 1.22, 0.00, 0.00, 0.83, 0.01, 0.00, 0.00, 0.00, 0.20, 0.43, 0.11, 0.02, 0.38, 0.17, 0.00, 0.00, 0.00, 1.00, 0.00, 0.00, 0.00, 0.00, 0.00, 0.00, 0.00, 0.00, 0.00, 0.00, 1.00, 0.00, 0.00, 0.00, 0.00
401,  0,  13.436,  0.98,  1, 0.00, 0.00, 1.19, 0.00, 0.00, 0.68, 0.01, 0.00, 0.00, 0.00, 0.25, 0.43, 0.18, 0.02, 0.46, 0.19, 0.00, 0.00, 0.00, 1.00, 0.00, 0.00, 0.00, 0.00, 0.00, 0.00, 0.00, 0.00, 0.00, 0.00, 1.00, 0.00, 0.00, 0.00, 0.00
402,  0,  13.470,  0.98,  1, 0.00, 0.00, 1.28, 0.00, 0.00, 0.73, 0.01, 0.00, 0.00, 0.00, 0.27, 0.34, 0.18, 0.00, 0.28, 0.12, 0.00, 0.00, 0.00, 1.00, 0.00, 0.00, 0.00, 0.00, 0.00, 0.00, 0.00, 0.00, 0.00, 0.00, 1.00, 0.00, 0.00, 0.00, 0.00
403,  0,  13.503,  0.98,  1, 0.02, 0.00, 1.28, 0.00, 0.00, 0.73, 0.00, 0.00, 0.00, 0.00, 0.29, 0.33, 0.16, 0.00, 0.33, 0.13, 0.00, 0.00, 0.00, 1.00, 0.00, 0.00, 0.00, 0.00, 0.00, 0.00, 0.00, 0.00, 0.00, 0.00, 1.00, 0.00, 0.00, 0.00, 0.00
404,  0,  13.537,  0.98,  1, 0.02, 0.00, 1.29, 0.00, 0.00, 0.96, 0.00, 0.00, 0.00, 0.00, 0.15, 0.39, 0.12, 0.00, 0.18, 0.16, 0.00, 0.00, 0.00, 1.00, 0.00, 0.00, 0.00, 0.00, 0.00, 0.00, 0.00, 0.00, 0.00, 0.00, 1.00, 0.00, 0.00, 0.00, 0.00
405,  0,  13.571,  0.98,  1, 0.04, 0.00, 1.26, 0.00, 0.00, 1.03, 0.00, 0.00, 0.00, 0.00, 0.02, 0.44, 0.13, 0.00, 0.22, 0.25, 0.00, 0.00, 0.00, 1.00, 0.00, 0.00, 0.00, 0.00, 0.00, 0.00, 0.00, 0.00, 0.00, 0.00, 1.00, 0.00, 0.00, 0.00, 0.00
406,  0,  13.604,  0.98,  1, 0.02, 0.00, 1.24, 0.00, 0.00, 1.02, 0.00, 0.00, 0.00, 0.00, 0.10, 0.42, 0.11, 0.00, 0.22, 0.33, 0.00, 0.00, 0.00, 1.00, 0.00, 0.00, 0.00, 0.00, 0.00, 0.00, 0.00, 0.00, 0.00, 0.00, 1.00, 0.00, 0.00, 0.00, 0.00
407,  0,  13.638,  0.98,  1, 0.02, 0.00, 1.20, 0.00, 0.00, 0.77, 0.07, 0.00, 0.00, 0.00, 0.10, 0.28, 0.08, 0.00, 0.32, 0.60, 0.00, 0.00, 0.00, 1.00, 0.00, 0.00, 0.00, 0.00, 0.00, 0.00, 0.00, 0.00, 0.00, 0.00, 1.00, 0.00, 0.00, 0.00, 0.00
408,  0,  13.671,  0.98,  1, 0.07, 0.00, 1.14, 0.00, 0.00, 0.65, 0.08, 0.00, 0.00, 0.00, 0.27, 0.38, 0.07, 0.00, 0.36, 0.69, 0.02, 0.00, 0.00, 0.00, 0.00, 0.00, 0.00, 0.00, 0.00, 0.00, 0.00, 0.00, 0.00, 0.00, 1.00, 0.00, 0.00, 0.00, 0.00
409,  0,  13.705,  0.98,  1, 0.19, 0.00, 0.97, 0.00, 0.00, 0.58, 0.09, 0.00, 0.00, 0.00, 0.26, 0.55, 0.18, 0.00, 0.34, 0.59, 0.02, 0.00, 0.00, 0.00, 0.00, 0.00, 0.00, 0.00, 0.00, 0.00, 0.00, 0.00, 0.00, 0.00, 1.00, 0.00, 0.00, 0.00, 0.00
410,  0,  13.739,  0.98,  1, 0.30, 0.00, 0.94, 0.00, 0.00, 0.63, 0.02, 0.00, 0.00, 0.00, 0.39, 0.77, 0.18, 0.00, 0.43, 0.40, 0.02, 0.00, 0.00, 0.00, 0.00, 0.00, 0.00, 0.00, 0.00, 0.00, 0.00, 0.00, 0.00, 0.00, 1.00, 0.00, 0.00, 0.00, 0.00
411,  0,  13.772,  0.98,  1, 0.28, 0.00, 0.92, 0.00, 0.00, 0.62, 0.01, 0.00, 0.00, 0.00, 0.42, 0.61, 0.16, 0.00, 0.62, 0.45, 0.00, 0.00, 0.00, 0.00, 0.00, 0.00, 0.00, 0.00, 0.00, 0.00, 0.00, 0.00, 0.00, 0.00, 1.00, 0.00, 0.00, 0.00, 0.00
412,  0,  13.806,  0.98,  1, 0.22, 0.00, 1.10, 0.00, 0.00, 0.68, 0.00, 0.00, 0.00, 0.00, 0.33, 0.40, 0.11, 0.00, 0.79, 0.70, 0.00, 0.00, 0.00, 0.00, 0.00, 0.00, 0.00, 0.00, 0.00, 0.00, 0.00, 0.00, 0.00, 1.00, 1.00, 0.00, 0.00, 0.00, 0.00
413,  0,  13.839,  0.98,  1, 0.16, 0.00, 1.13, 0.00, 0.00, 0.67, 0.01, 0.00, 0.00, 0.00, 0.20, 0.25, 0.22, 0.00, 0.70, 0.62, 0.00, 0.00, 0.00, 0.00, 0.00, 0.00, 0.00, 0.00, 0.00, 0.00, 0.00, 0.00, 0.00, 1.00, 1.00, 0.00, 0.00, 0.00, 0.00
414,  0,  13.873,  0.98,  1, 0.21, 0.00, 1.11, 0.00, 0.00, 0.63, 0.03, 0.00, 0.00, 0.00, 0.02, 0.19, 0.29, 0.00, 0.60, 0.38, 0.00, 0.00, 0.00, 0.00, 0.00, 0.00, 0.00, 0.00, 0.00, 0.00, 0.00, 0.00, 0.00, 1.00, 1.00, 0.00, 0.00, 0.00, 0.00
415,  0,  13.907,  0.98,  1, 0.26, 0.00, 1.05, 0.00, 0.00, 0.46, 0.05, 0.00, 0.00, 0.00, 0.02, 0.20, 0.29, 0.00, 0.53, 0.25, 0.00, 0.00, 0.00, 0.00, 0.00, 0.00, 0.00, 0.00, 0.00, 0.00, 0.00, 0.00, 0.00, 1.00, 1.00, 0.00, 0.00, 0.00, 0.00
416,  0,  13.940,  0.98,  1, 0.31, 0.00, 0.99, 0.00, 0.00, 0.54, 0.07, 0.00, 0.00, 0.00, 0.03, 0.16, 0.17, 0.00, 0.57, 0.29, 0.00, 0.00, 0.00, 0.00, 0.00, 0.00, 0.00, 0.00, 0.00, 0.00, 0.00, 0.00, 0.00, 1.00, 1.00, 0.00, 0.00, 0.00, 0.00
417,  0,  13.974,  0.98,  1, 0.26, 0.00, 0.89, 0.00, 0.00, 0.52, 0.12, 0.00, 0.00, 0.00, 0.01, 0.15, 0.11, 0.00, 0.60, 0.43, 0.00, 0.00, 0.00, 0.00, 0.00, 0.00, 0.00, 0.00, 0.00, 0.00, 0.00, 0.00, 0.00, 0.00, 1.00, 0.00, 0.00, 0.00, 0.00
418,  0,  14.007,  0.98,  1, 0.15, 0.00, 0.83, 0.00, 0.00, 0.68, 0.10, 0.00, 0.00, 0.00, 0.01, 0.14, 0.08, 0.00, 0.47, 0.24, 0.00, 0.00, 0.00, 0.00, 0.00, 0.00, 0.00, 0.00, 0.00, 0.00, 0.00, 0.00, 0.00, 0.00, 1.00, 0.00, 0.00, 0.00, 0.00
419,  0,  14.041,  0.98,  1, 0.06, 0.00, 0.87, 0.00, 0.00, 0.80, 0.11, 0.00, 0.00, 0.00, 0.00, 0.09, 0.12, 0.00, 0.37, 0.16, 0.00, 0.00, 0.00, 0.00, 0.00, 0.00, 0.00, 0.00, 0.00, 0.00, 0.00, 0.00, 0.00, 0.00, 1.00, 0.00, 0.00, 0.00, 0.00
420,  0,  14.075,  0.98,  1, 0.02, 0.00, 0.97, 0.00, 0.00, 0.90, 0.17, 0.00, 0.00, 0.00, 0.00, 0.19, 0.21, 0.00, 0.37, 0.13, 0.00, 0.00, 0.00, 0.00, 0.00, 0.00, 0.00, 0.00, 0.00, 0.00, 0.00, 0.00, 0.00, 0.00, 1.00, 0.00, 0.00, 0.00, 0.00
421,  0,  14.108,  0.98,  1, 0.02, 0.00, 1.06, 0.00, 0.00, 0.90, 0.28, 0.00, 0.00, 0.00, 0.00, 0.28, 0.14, 0.00, 0.43, 0.15, 0.00, 0.00, 0.00, 0.00, 0.00, 0.00, 0.00, 0.00, 0.00, 0.00, 0.00, 0.00, 0.00, 0.00, 1.00, 0.00, 0.00, 0.00, 0.00
422,  0,  14.142,  0.98,  1, 0.12, 0.00, 1.11, 0.00, 0.02, 0.89, 0.30, 0.00, 0.00, 0.00, 0.00, 0.45, 0.15, 0.00, 0.49, 0.23, 0.00, 0.00, 0.00, 0.00, 0.00, 0.00, 0.00, 0.00, 0.00, 0.00, 0.00, 0.00, 0.00, 0.00, 1.00, 0.00, 0.00, 0.00, 0.00
423,  0,  14.175,  0.98,  1, 0.20, 0.00, 1.01, 0.00, 0.02, 0.98, 0.25, 0.00, 0.00, 0.00, 0.00, 0.49, 0.09, 0.00, 0.57, 0.16, 0.00, 0.00, 0.00, 0.00, 0.00, 0.00, 0.00, 0.00, 0.00, 0.00, 0.00, 0.00, 0.00, 0.00, 1.00, 0.00, 0.00, 0.00, 0.00
424,  0,  14.209,  0.98,  1, 0.36, 0.00, 1.01, 0.00, 0.02, 1.10, 0.25, 0.00, 0.00, 0.00, 0.02, 0.53, 0.09, 0.00, 0.56, 0.39, 0.00, 0.00, 0.00, 0.00, 0.00, 0.00, 0.00, 0.00, 0.00, 0.00, 0.00, 0.00, 0.00, 0.00, 1.00, 0.00, 0.00, 0.00, 0.00
425,  0,  14.242,  0.98,  1, 0.33, 0.00, 1.04, 0.00, 0.00, 1.23, 0.31, 0.00, 0.00, 0.00, 0.02, 0.47, 0.04, 0.00, 0.64, 0.35, 0.00, 0.00, 0.00, 0.00, 0.00, 0.00, 0.00, 0.00, 0.00, 0.00, 0.00, 0.00, 0.00, 0.00, 1.00, 0.00, 0.00, 0.00, 0.00
426,  0,  14.276,  0.98,  1, 0.26, 0.00, 1.21, 0.00, 0.00, 1.31, 0.33, 0.00, 0.00, 0.00, 0.01, 0.48, 0.00, 0.00, 0.62, 0.46, 0.00, 0.00, 0.00, 0.00, 0.00, 0.00, 1.00, 0.00, 0.00, 0.00, 0.00, 0.00, 0.00, 0.00, 1.00, 0.00, 0.00, 0.00, 0.00
427,  0,  14.310,  0.98,  1, 0.11, 0.00, 1.26, 0.00, 0.00, 1.25, 0.32, 0.00, 0.00, 0.00, 0.00, 0.45, 0.00, 0.00, 0.67, 0.49, 0.00, 0.00, 0.00, 1.00, 0.00, 0.00, 1.00, 0.00, 0.00, 0.00, 0.00, 0.00, 0.00, 0.00, 1.00, 0.00, 0.00, 0.00, 0.00
428,  0,  14.343,  0.98,  1, 0.14, 0.00, 1.32, 0.00, 0.02, 1.24, 0.32, 0.00, 0.00, 0.00, 0.08, 0.39, 0.00, 0.00, 0.63, 0.57, 0.00, 0.00, 0.00, 1.00, 0.00, 0.00, 1.00, 0.00, 0.00, 0.00, 0.00, 0.00, 0.00, 0.00, 1.00, 0.00, 0.00, 0.00, 0.00
429,  0,  14.377,  0.98,  1, 0.21, 0.00, 1.35, 0.00, 0.02, 1.18, 0.25, 0.00, 0.00, 0.00, 0.27, 0.44, 0.00, 0.00, 0.51, 0.55, 0.00, 0.00, 0.00, 1.00, 0.00, 0.00, 1.00, 0.00, 0.00, 0.00, 0.00, 0.00, 0.00, 0.00, 1.00, 0.00, 0.00, 0.00, 0.00
430,  0,  14.410,  0.98,  1, 0.36, 0.00, 1.39, 0.00, 0.01, 1.14, 0.16, 0.00, 0.00, 0.00, 0.64, 0.53, 0.00, 0.00, 0.40, 0.48, 0.09, 0.00, 0.00, 1.00, 0.00, 0.00, 1.00, 0.00, 0.00, 0.00, 0.00, 1.00, 0.00, 0.00, 1.00, 0.00, 0.00, 0.00, 0.00
431,  0,  14.444,  0.98,  1, 0.38, 0.00, 1.43, 0.00, 0.00, 1.00, 0.09, 0.00, 0.00, 0.00, 0.96, 0.73, 0.02, 0.00, 0.26, 0.61, 0.09, 0.00, 0.00, 1.00, 0.00, 0.00, 1.00, 0.00, 0.00, 0.00, 0.00, 1.00, 0.00, 0.00, 1.00, 0.00, 0.00, 0.00, 0.00
432,  0,  14.478,  0.98,  1, 0.33, 0.00, 1.53, 0.00, 0.00, 0.99, 0.06, 0.00, 0.00, 0.00, 1.18, 0.70, 0.02, 0.00, 0.24, 0.62, 0.17, 0.00, 0.00, 1.00, 0.00, 0.00, 1.00, 0.00, 0.00, 0.00, 0.00, 1.00, 0.00, 0.00, 1.00, 0.00, 0.00, 0.00, 0.00
433,  0,  14.511,  0.98,  1, 0.27, 0.00, 1.52, 0.00, 0.00, 0.96, 0.04, 0.00, 0.00, 0.00, 1.17, 0.72, 0.02, 0.00, 0.18, 0.60, 0.13, 0.00, 0.00, 1.00, 0.00, 0.00, 1.00, 0.00, 0.00, 0.00, 0.00, 1.00, 0.00, 0.00, 1.00, 0.00, 0.00, 0.00, 0.00
434,  0,  14.545,  0.98,  1, 0.23, 0.00, 1.58, 0.00, 0.01, 1.02, 0.05, 0.00, 0.00, 0.00, 0.98, 0.59, 0.04, 0.00, 0.36, 0.55, 0.13, 0.00, 0.00, 1.00, 0.00, 0.00, 0.00, 0.00, 0.00, 0.00, 0.00, 1.00, 0.00, 0.00, 1.00, 0.00, 0.00, 0.00, 0.00
435,  0,  14.578,  0.98,  1, 0.23, 0.00, 1.59, 0.00, 0.01, 1.08, 0.10, 0.05, 0.00, 0.00, 0.69, 0.59, 0.07, 0.00, 0.38, 0.43, 0.08, 0.00, 0.00, 1.00, 0.00, 0.00, 0.00, 0.00, 0.00, 0.00, 0.00, 1.00, 0.00, 0.00, 0.00, 0.00, 0.00, 0.00, 0.00
436,  0,  14.612,  0.98,  1, 0.21, 0.00, 1.58, 0.00, 0.01, 1.28, 0.17, 0.05, 0.00, 0.00, 0.33, 0.35, 0.07, 0.00, 0.48, 0.33, 0.03, 0.00, 0.00, 1.00, 0.00, 0.00, 0.00, 0.00, 0.00, 0.00, 0.00, 0.00, 0.00, 0.00, 0.00, 0.00, 0.00, 0.00, 0.00
437,  0,  14.646,  0.98,  1, 0.22, 0.00, 1.51, 0.00, 0.00, 1.21, 0.25, 0.05, 0.00, 0.00, 0.11, 0.23, 0.03, 0.00, 0.53, 0.13, 0.03, 0.00, 0.00, 1.00, 0.00, 0.00, 0.00, 0.00, 0.00, 0.00, 0.00, 0.00, 0.00, 0.00, 0.00, 0.00, 0.00, 0.00, 0.00
438,  0,  14.679,  0.98,  1, 0.24, 0.00, 1.31, 0.00, 0.00, 1.12, 0.27, 0.00, 0.00, 0.00, 0.14, 0.10, 0.00, 0.00, 0.62, 0.19, 0.00, 0.00, 0.00, 1.00, 0.00, 0.00, 0.00, 0.00, 0.00, 0.00, 0.00, 0.00, 0.00, 0.00, 0.00, 0.00, 0.00, 0.00, 0.00
439,  0,  14.713,  0.98,  1, 0.30, 0.00, 1.25, 0.00, 0.00, 1.03, 0.31, 0.00, 0.00, 0.00, 0.14, 0.27, 0.00, 0.00, 0.63, 0.26, 0.00, 0.00, 0.00, 1.00, 0.00, 0.00, 0.00, 0.00, 0.00, 0.00, 0.00, 0.00, 0.00, 0.00, 0.00, 0.00, 0.00, 0.00, 0.00
440,  0,  14.746,  0.98,  1, 0.36, 0.00, 1.15, 0.00, 0.00, 1.08, 0.30, 0.00, 0.00, 0.00, 0.21, 0.39, 0.00, 0.00, 0.66, 0.44, 0.01, 0.00, 0.00, 1.00, 0.00, 0.00, 0.00, 0.00, 0.00, 0.00, 0.00, 0.00, 0.00, 0.00, 1.00, 0.00, 0.00, 0.00, 0.00
441,  0,  14.780,  0.98,  1, 0.46, 0.00, 1.20, 0.00, 0.00, 1.12, 0.33, 0.00, 0.00, 0.00, 0.12, 0.44, 0.00, 0.00, 0.64, 0.52, 0.01, 0.00, 0.00, 1.00, 0.00, 0.00, 0.00, 0.00, 0.00, 0.00, 0.00, 0.00, 0.00, 0.00, 1.00, 0.00, 0.00, 0.00, 0.00
442,  0,  14.814,  0.98,  1, 0.39, 0.00, 1.24, 0.00, 0.01, 1.03, 0.30, 0.00, 0.00, 0.00, 0.20, 0.29, 0.02, 0.00, 0.63, 0.48, 0.01, 0.00, 0.00, 1.00, 0.00, 0.00, 0.00, 0.00, 0.00, 0.00, 0.00, 0.00, 1.00, 0.00, 1.00, 0.00, 0.00, 0.00, 0.00
443,  0,  14.847,  0.98,  1, 0.38, 0.00, 1.29, 0.00, 0.03, 1.04, 0.19, 0.02, 0.00, 0.00, 0.17, 0.28, 0.02, 0.00, 0.56, 0.30, 0.00, 0.00, 0.00, 1.00, 0.00, 0.00, 0.00, 0.00, 0.00, 0.00, 0.00, 0.00, 0.00, 0.00, 1.00, 0.00, 0.00, 0.00, 0.00
444,  0,  14.881,  0.98,  1, 0.30, 0.00, 1.37, 0.00, 0.03, 0.83, 0.15, 0.04, 0.00, 0.00, 0.22, 0.32, 0.02, 0.00, 0.50, 0.25, 0.00, 0.00, 0.00, 1.00, 0.00, 0.00, 0.00, 0.00, 0.00, 0.00, 0.00, 0.00, 0.00, 0.00, 1.00, 0.00, 0.00, 0.00, 0.00
445,  0,  14.914,  0.98,  1, 0.24, 0.00, 1.45, 0.03, 0.02, 0.81, 0.10, 0.04, 0.00, 0.00, 0.13, 0.48, 0.00, 0.00, 0.38, 0.17, 0.00, 0.00, 0.00, 1.00, 0.00, 0.00, 0.00, 0.00, 0.00, 0.00, 0.00, 0.00, 0.00, 0.00, 1.00, 0.00, 0.00, 0.00, 0.00
446,  0,  14.948,  0.98,  1, 0.16, 0.00, 1.55, 0.03, 0.01, 0.84, 0.19, 0.02, 0.00, 0.00, 0.14, 0.63, 0.00, 0.00, 0.18, 0.18, 0.00, 0.00, 0.00, 1.00, 0.00, 0.00, 0.00, 0.00, 0.00, 0.00, 0.00, 0.00, 0.00, 0.00, 1.00, 0.00, 0.00, 0.00, 0.00
447,  0,  14.981,  0.98,  1, 0.11, 0.00, 1.56, 0.12, 0.01, 0.95, 0.21, 0.00, 0.00, 0.00, 0.15, 0.64, 0.00, 0.00, 0.15, 0.22, 0.00, 0.00, 0.00, 1.00, 0.00, 0.00, 0.00, 0.00, 0.00, 0.00, 0.00, 0.00, 0.00, 0.00, 1.00, 0.00, 0.00, 0.00, 0.00
448,  0,  15.015,  0.98,  1, 0.11, 0.00, 1.52, 0.11, 0.01, 0.90, 0.20, 0.00, 0.00, 0.00, 0.37, 0.63, 0.00, 0.00, 0.19, 0.24, 0.00, 0.00, 0.00, 1.00, 0.00, 0.00, 0.00, 0.00, 0.00, 0.00, 0.00, 0.00, 0.00, 0.00, 1.00, 0.00, 0.00, 0.00, 0.00
449,  0,  15.049,  0.98,  1, 0.04, 0.00, 1.37, 0.11, 0.00, 0.70, 0.11, 0.05, 0.00, 0.00, 0.47, 0.55, 0.00, 0.00, 0.27, 0.27, 0.00, 0.00, 0.00, 1.00, 0.00, 0.00, 0.00, 0.00, 0.00, 0.00, 0.00, 0.00, 0.00, 0.00, 1.00, 0.00, 0.00, 0.00, 0.00
450,  0,  15.082,  0.98,  1, 0.03, 0.00, 1.32, 0.05, 0.00, 0.72, 0.04, 0.05, 0.00, 0.00, 0.40, 0.44, 0.00, 0.00, 0.28, 0.21, 0.00, 0.00, 0.00, 1.00, 1.00, 0.00, 0.00, 0.00, 0.00, 0.00, 0.00, 0.00, 0.00, 0.00, 1.00, 0.00, 0.00, 0.00, 0.00
451,  0,  15.116,  0.98,  1, 0.03, 0.00, 1.31, 0.03, 0.00, 0.75, 0.01, 0.05, 0.00, 0.00, 0.19, 0.39, 0.00, 0.00, 0.25, 0.37, 0.00, 0.00, 0.00, 1.00, 0.00, 0.00, 0.00, 0.00, 0.00, 0.00, 0.00, 0.00, 0.00, 0.00, 1.00, 0.00, 0.00, 0.00, 0.00
452,  0,  15.149,  0.98,  1, 0.10, 0.00, 1.51, 0.03, 0.00, 0.94, 0.04, 0.00, 0.00, 0.00, 0.06, 0.21, 0.00, 0.00, 0.32, 0.37, 0.05, 0.00, 0.00, 1.00, 0.00, 0.00, 0.00, 0.00, 0.00, 0.00, 0.00, 0.00, 0.00, 0.00, 1.00, 0.00, 0.00, 0.00, 0.00
453,  0,  15.183,  0.98,  1, 0.12, 0.00, 1.57, 0.01, 0.00, 0.96, 0.07, 0.02, 0.00, 0.00, 0.02, 0.36, 0.15, 0.00, 0.31, 0.37, 0.08, 0.00, 0.00, 1.00, 0.00, 0.00, 0.00, 0.00, 0.00, 0.00, 0.00, 0.00, 0.00, 0.00, 1.00, 0.00, 0.00, 0.00, 0.00
454,  0,  15.217,  0.98,  1, 0.12, 0.00, 1.59, 0.01, 0.00, 0.99, 0.09, 0.02, 0.00, 0.00, 0.04, 0.31, 0.19, 0.00, 0.34, 0.17, 0.21, 0.00, 0.00, 1.00, 0.00, 0.00, 0.00, 0.00, 0.00, 0.00, 0.00, 0.00, 0.00, 0.00, 1.00, 0.00, 0.00, 0.00, 0.00
455,  0,  15.250,  0.98,  1, 0.05, 0.00, 1.49, 0.01, 0.00, 1.00, 0.07, 0.02, 0.00, 0.00, 0.06, 0.37, 0.19, 0.00, 0.19, 0.25, 0.26, 0.00, 0.00, 1.00, 0.00, 0.00, 1.00, 0.00, 0.00, 0.00, 0.00, 0.00, 0.00, 0.00, 1.00, 0.00, 0.00, 0.00, 0.00
456,  0,  15.284,  0.98,  1, 0.07, 0.00, 1.51, 0.00, 0.00, 1.05, 0.05, 0.00, 0.00, 0.00, 0.06, 0.21, 0.05, 0.00, 0.09, 0.17, 0.23, 0.00, 0.00, 1.00, 0.00, 0.00, 1.00, 0.00, 0.00, 0.00, 0.00, 0.00, 0.00, 0.00, 1.00, 0.00, 0.00, 0.00, 0.00
457,  0,  15.317,  0.98,  1, 0.07, 0.00, 1.55, 0.00, 0.00, 1.21, 0.04, 0.00, 0.00, 0.00, 0.06, 0.25, 0.09, 0.00, 0.05, 0.30, 0.10, 0.00, 0.00, 1.00, 0.00, 0.00, 1.00, 0.00, 0.00, 0.00, 0.00, 0.00, 0.00, 0.00, 1.00, 0.00, 0.00, 0.00, 0.00
458,  0,  15.351,  0.98,  1, 0.07, 0.00, 1.60, 0.00, 0.00, 1.09, 0.06, 0.00, 0.00, 0.00, 0.04, 0.34, 0.20, 0.00, 0.03, 0.43, 0.06, 0.00, 0.00, 1.00, 0.00, 0.00, 1.00, 0.00, 0.00, 0.00, 0.00, 0.00, 0.00, 0.00, 1.00, 0.00, 0.00, 0.00, 0.00
459,  0,  15.385,  0.98,  1, 0.05, 0.00, 1.62, 0.00, 0.00, 1.00, 0.03, 0.00, 0.00, 0.00, 0.23, 0.45, 0.25, 0.00, 0.03, 0.70, 0.06, 0.00, 0.00, 1.00, 0.00, 0.00, 0.00, 0.00, 0.00, 0.00, 0.00, 0.00, 0.00, 0.00, 1.00, 0.00, 0.00, 0.00, 0.00
460,  0,  15.418,  0.98,  1, 0.08, 0.00, 1.68, 0.00, 0.00, 0.86, 0.03, 0.00, 0.00, 0.00, 0.23, 0.47, 0.18, 0.00, 0.05, 0.69, 0.06, 0.00, 0.00, 1.00, 0.00, 0.00, 0.00, 0.00, 0.00, 0.00, 0.00, 0.00, 0.00, 0.00, 1.00, 0.00, 0.00, 0.00, 0.00
461,  0,  15.452,  0.98,  1, 0.08, 0.00, 1.72, 0.00, 0.00, 1.00, 0.02, 0.00, 0.00, 0.00, 0.38, 0.37, 0.06, 0.00, 0.10, 0.67, 0.00, 0.00, 0.00, 1.00, 0.00, 0.00, 0.00, 0.00, 0.00, 0.00, 0.00, 0.00, 0.00, 0.00, 1.00, 0.00, 0.00, 0.00, 0.00
462,  0,  15.485,  0.98,  1, 0.03, 0.00, 1.76, 0.00, 0.00, 0.99, 0.02, 0.00, 0.00, 0.00, 0.19, 0.47, 0.01, 0.00, 0.11, 0.67, 0.00, 0.00, 0.00, 1.00, 0.00, 0.00, 0.00, 0.00, 0.00, 0.00, 0.00, 0.00, 0.00, 0.00, 1.00, 0.00, 0.00, 0.00, 0.00
463,  0,  15.519,  0.98,  1, 0.00, 0.00, 1.66, 0.00, 0.00, 1.15, 0.03, 0.00, 0.00, 0.00, 0.15, 0.61, 0.06, 0.00, 0.13, 0.58, 0.00, 0.00, 0.00, 1.00, 0.00, 0.00, 0.00, 0.00, 0.00, 0.00, 0.00, 0.00, 0.00, 0.00, 1.00, 0.00, 0.00, 0.00, 0.00
464,  0,  15.553,  0.98,  1, 0.00, 0.00, 1.62, 0.00, 0.00, 1.10, 0.05, 0.00, 0.00, 0.00, 0.06, 0.76, 0.15, 0.00, 0.14, 0.55, 0.00, 0.00, 0.00, 1.00, 0.00, 0.00, 0.00, 0.00, 0.00, 0.00, 0.00, 0.00, 1.00, 0.00, 1.00, 0.00, 0.00, 0.00, 0.00
465,  0,  15.586,  0.98,  1, 0.00, 0.00, 1.48, 0.00, 0.00, 1.16, 0.05, 0.00, 0.00, 0.00, 0.15, 0.74, 0.24, 0.00, 0.14, 0.28, 0.00, 0.00, 0.00, 1.00, 0.00, 0.00, 0.00, 0.00, 0.00, 0.00, 0.00, 0.00, 1.00, 0.00, 1.00, 0.00, 0.00, 0.00, 0.00
466,  0,  15.620,  0.98,  1, 0.00, 0.00, 1.49, 0.00, 0.00, 1.00, 0.05, 0.00, 0.00, 0.00, 0.31, 0.67, 0.18, 0.00, 0.07, 0.22, 0.00, 0.00, 0.00, 1.00, 0.00, 0.00, 0.00, 0.00, 0.00, 0.00, 0.00, 0.00, 1.00, 0.00, 0.00, 0.00, 0.00, 0.00, 0.00
467,  0,  15.653,  0.98,  1, 0.00, 0.00, 1.45, 0.00, 0.01, 0.97, 0.02, 0.00, 0.00, 0.00, 0.36, 0.69, 0.12, 0.00, 0.03, 0.02, 0.00, 0.00, 0.00, 1.00, 0.00, 0.00, 0.00, 0.00, 0.00, 0.00, 0.00, 0.00, 1.00, 0.00, 0.00, 0.00, 0.00, 0.00, 0.00
468,  0,  15.687,  0.98,  1, 0.02, 0.00, 1.51, 0.00, 0.01, 1.09, 0.02, 0.00, 0.00, 0.00, 0.36, 0.63, 0.03, 0.00, 0.12, 0.14, 0.00, 0.00, 0.00, 1.00, 0.00, 0.00, 0.00, 0.00, 0.00, 0.00, 0.00, 0.00, 1.00, 0.00, 0.00, 0.00, 0.00, 0.00, 0.00
469,  0,  15.720,  0.98,  1, 0.02, 0.00, 1.49, 0.00, 0.01, 1.08, 0.02, 0.00, 0.00, 0.00, 0.20, 0.62, 0.03, 0.00, 0.25, 0.26, 0.00, 0.00, 0.00, 1.00, 0.00, 0.00, 0.00, 0.00, 0.00, 0.00, 0.00, 0.00, 1.00, 0.00, 0.00, 0.00, 0.00, 0.00, 0.00
470,  0,  15.754,  0.98,  1, 0.02, 0.00, 1.51, 0.00, 0.00, 1.05, 0.02, 0.00, 0.00, 0.00, 0.09, 0.69, 0.03, 0.00, 0.29, 0.42, 0.00, 0.00, 0.00, 1.00, 0.00, 0.00, 0.00, 0.00, 0.00, 0.00, 0.00, 0.00, 1.00, 0.00, 0.00, 0.00, 0.00, 0.00, 0.00
471,  0,  15.788,  0.98,  1, 0.00, 0.00, 1.47, 0.00, 0.00, 0.85, 0.02, 0.00, 0.00, 0.00, 0.00, 0.65, 0.06, 0.00, 0.38, 0.46, 0.03, 0.00, 0.00, 1.00, 0.00, 0.00, 0.00, 0.00, 0.00, 0.00, 0.00, 0.00, 1.00, 0.00, 0.00, 0.00, 0.00, 0.00, 0.00
472,  0,  15.821,  0.98,  1, 0.00, 0.00, 1.36, 0.00, 0.00, 0.75, 0.00, 0.00, 0.00, 0.00, 0.00, 0.57, 0.06, 0.00, 0.26, 0.34, 0.04, 0.00, 0.00, 1.00, 0.00, 0.00, 0.00, 0.00, 0.00, 0.00, 0.00, 0.00, 0.00, 0.00, 0.00, 0.00, 0.00, 0.00, 0.00
473,  0,  15.855,  0.98,  1, 0.00, 0.00, 1.22, 0.00, 0.00, 0.77, 0.00, 0.00, 0.00, 0.00, 0.00, 0.45, 0.03, 0.00, 0.26, 0.16, 0.04, 0.00, 0.00, 1.00, 0.00, 0.00, 0.00, 0.00, 0.00, 0.00, 0.00, 0.00, 0.00, 0.00, 0.00, 0.00, 0.00, 0.00, 0.00
474,  0,  15.888,  0.98,  1, 0.00, 0.00, 1.18, 0.00, 0.00, 0.87, 0.02, 0.00, 0.00, 0.00, 0.06, 0.52, 0.12, 0.00, 0.08, 0.00, 0.01, 0.00, 0.00, 1.00, 0.00, 0.00, 0.00, 0.00, 0.00, 0.00, 0.00, 0.00, 0.00, 0.00, 0.00, 0.00, 0.00, 0.00, 0.00
475,  0,  15.922,  0.98,  1, 0.00, 0.00, 1.15, 0.00, 0.00, 1.01, 0.02, 0.00, 0.00, 0.00, 0.09, 0.59, 0.12, 0.00, 0.06, 0.01, 0.00, 0.00, 0.00, 1.00, 0.00, 0.00, 0.00, 0.00, 0.00, 0.00, 0.00, 0.00, 0.00, 0.00, 0.00, 0.00, 0.00, 0.00, 0.00
476,  0,  15.956,  0.98,  1, 0.00, 0.00, 1.15, 0.00, 0.00, 1.06, 0.02, 0.00, 0.00, 0.00, 0.09, 0.63, 0.11, 0.00, 0.00, 0.01, 0.00, 0.00, 0.00, 1.00, 0.00, 0.00, 0.00, 0.00, 0.00, 0.00, 0.00, 0.00, 0.00, 0.00, 0.00, 0.00, 0.00, 0.00, 0.00
477,  0,  15.989,  0.98,  1, 0.00, 0.00, 0.97, 0.00, 0.00, 0.93, 0.00, 0.00, 0.00, 0.00, 0.07, 0.65, 0.00, 0.00, 0.00, 0.01, 0.00, 0.00, 0.00, 1.00, 0.00, 0.00, 0.00, 0.00, 0.00, 0.00, 0.00, 0.00, 0.00, 0.00, 0.00, 0.00, 0.00, 0.00, 0.00
478,  0,  16.023,  0.98,  1, 0.00, 0.00, 0.94, 0.00, 0.00, 0.86, 0.00, 0.00, 0.00, 0.00, 0.04, 0.53, 0.00, 0.00, 0.08, 0.00, 0.00, 0.00, 0.00, 1.00, 0.00, 0.00, 0.00, 0.00, 0.00, 0.00, 0.00, 0.00, 0.00, 0.00, 0.00, 0.00, 0.00, 0.00, 0.00
479,  0,  16.056,  0.98,  1, 0.00, 0.00, 0.95, 0.00, 0.00, 0.83, 0.01, 0.00, 0.00, 0.00, 0.08, 0.48, 0.00, 0.00, 0.08, 0.00, 0.00, 0.00, 0.00, 1.00, 1.00, 0.00, 0.00, 0.00, 0.00, 0.00, 0.00, 0.00, 0.00, 0.00, 0.00, 0.00, 0.00, 0.00, 0.00
480,  0,  16.090,  0.98,  1, 0.00, 0.00, 1.09, 0.00, 0.00, 0.94, 0.01, 0.00, 0.00, 0.00, 0.08, 0.33, 0.04, 0.00, 0.08, 0.00, 0.00, 0.00, 0.00, 1.00, 1.00, 0.00, 0.00, 0.00, 0.00, 0.00, 0.00, 0.00, 0.00, 0.00, 0.00, 0.00, 0.00, 0.00, 0.00
481,  0,  16.124,  0.98,  1, 0.00, 0.00, 1.20, 0.00, 0.00, 0.97, 0.01, 0.00, 0.00, 0.00, 0.10, 0.40, 0.04, 0.00, 0.00, 0.01, 0.00, 0.00, 0.00, 1.00, 1.00, 0.00, 0.00, 0.00, 0.00, 0.00, 0.00, 0.00, 0.00, 0.00, 0.00, 0.00, 0.00, 0.00, 0.00
482,  0,  16.157,  0.98,  1, 0.00, 0.00, 1.21, 0.00, 0.00, 0.98, 0.00, 0.00, 0.00, 0.00, 0.07, 0.31, 0.05, 0.01, 0.05, 0.09, 0.00, 0.00, 0.00, 1.00, 0.00, 0.00, 0.00, 0.00, 0.00, 0.00, 0.00, 0.00, 0.00, 0.00, 0.00, 0.00, 0.00, 0.00, 0.00
483,  0,  16.191,  0.98,  1, 0.00, 0.00, 1.22, 0.00, 0.00, 0.93, 0.00, 0.00, 0.00, 0.00, 0.04, 0.33, 0.02, 0.01, 0.05, 0.09, 0.00, 0.00, 0.00, 1.00, 1.00, 0.00, 0.00, 0.00, 0.00, 0.00, 0.00, 0.00, 0.00, 0.00, 0.00, 0.00, 0.00, 0.00, 0.00
484,  0,  16.224,  0.98,  1, 0.00, 0.00, 1.19, 0.00, 0.00, 1.01, 0.00, 0.00, 0.00, 0.00, 0.06, 0.27, 0.02, 0.01, 0.05, 0.08, 0.00, 0.00, 0.00, 1.00, 1.00, 0.00, 0.00, 0.00, 0.00, 0.00, 0.00, 0.00, 0.00, 0.00, 1.00, 0.00, 0.00, 0.00, 0.00
485,  0,  16.258,  0.98,  1, 0.00, 0.00, 1.22, 0.00, 0.00, 0.94, 0.00, 0.00, 0.00, 0.00, 0.10, 0.29, 0.00, 0.00, 0.00, 0.00, 0.00, 0.00, 0.00, 1.00, 1.00, 0.00, 0.00, 0.00, 0.00, 0.00, 0.00, 0.00, 0.00, 0.00, 1.00, 0.00, 0.00, 0.00, 0.00
486,  0,  16.292,  0.98,  1, 0.00, 0.00, 1.20, 0.00, 0.00, 0.88, 0.00, 0.00, 0.00, 0.00, 0.26, 0.28, 0.00, 0.00, 0.01, 0.00, 0.00, 0.00, 0.00, 1.00, 1.00, 0.00, 0.00, 0.00, 0.00, 0.00, 0.00, 0.00, 0.00, 0.00, 1.00, 0.00, 0.00, 0.00, 0.00
487,  0,  16.325,  0.98,  1, 0.00, 0.00, 1.18, 0.00, 0.00, 0.86, 0.00, 0.00, 0.00, 0.00, 0.40, 0.26, 0.00, 0.00, 0.09, 0.00, 0.00, 0.00, 0.00, 1.00, 1.00, 0.00, 0.00, 0.00, 0.00, 0.00, 0.00, 0.00, 0.00, 0.00, 0.00, 0.00, 0.00, 0.00, 0.00
488,  0,  16.359,  0.98,  1, 0.00, 0.00, 1.19, 0.02, 0.00, 0.92, 0.00, 0.00, 0.00, 0.00, 0.40, 0.24, 0.00, 0.00, 0.13, 0.03, 0.00, 0.00, 0.00, 1.00, 1.00, 0.00, 0.00, 0.00, 0.00, 0.00, 0.00, 0.00, 0.00, 0.00, 0.00, 0.00, 0.00, 0.00, 0.00
489,  0,  16.392,  0.98,  1, 0.00, 0.00, 1.19, 0.02, 0.00, 1.01, 0.00, 0.00, 0.00, 0.00, 0.24, 0.17, 0.00, 0.00, 0.25, 0.20, 0.00, 0.00, 0.00, 1.00, 1.00, 0.00, 0.00, 0.00, 0.00, 0.00, 0.00, 0.00, 0.00, 0.00, 0.00, 0.00, 0.00, 0.00, 0.00
490,  0,  16.426,  0.98,  1, 0.05, 0.00, 1.18, 0.02, 0.00, 1.05, 0.00, 0.00, 0.00, 0.00, 0.06, 0.25, 0.00, 0.00, 0.24, 0.27, 0.00, 0.00, 0.00, 1.00, 1.00, 0.00, 0.00, 0.00, 0.00, 0.00, 0.00, 0.00, 0.00, 0.00, 0.00, 0.00, 0.00, 0.00, 0.00
491,  0,  16.459,  0.98,  1, 0.05, 0.00, 1.13, 0.02, 0.00, 1.01, 0.00, 0.00, 0.00, 0.00, 0.01, 0.36, 0.00, 0.00, 0.34, 0.32, 0.00, 0.00, 0.00, 1.00, 1.00, 0.00, 0.00, 0.00, 0.00, 0.00, 0.00, 0.00, 0.00, 0.00, 0.00, 0.00, 0.00, 0.00, 0.00
492,  0,  16.493,  0.98,  1, 0.05, 0.00, 1.07, 0.02, 0.00, 1.02, 0.00, 0.00, 0.00, 0.00, 0.01, 0.50, 0.00, 0.00, 0.32, 0.15, 0.00, 0.00, 0.00, 0.00, 1.00, 0.00, 0.00, 0.00, 0.00, 0.00, 0.00, 0.00, 0.00, 0.00, 0.00, 0.00, 0.00, 0.00, 0.00
493,  0,  16.527,  0.98,  1, 0.00, 0.00, 1.00, 0.02, 0.00, 0.87, 0.00, 0.00, 0.00, 0.00, 0.05, 0.51, 0.04, 0.00, 0.37, 0.22, 0.00, 0.00, 0.00, 0.00, 1.00, 0.00, 0.00, 0.00, 0.00, 0.00, 0.00, 0.00, 0.00, 0.00, 0.00, 0.00, 0.00, 0.00, 0.00
494,  0,  16.560,  0.98,  1, 0.00, 0.00, 0.96, 0.03, 0.00, 0.77, 0.00, 0.01, 0.00, 0.00, 0.07, 0.50, 0.04, 0.00, 0.26, 0.15, 0.00, 0.00, 0.00, 0.00, 1.00, 0.00, 0.00, 0.00, 0.00, 0.00, 0.00, 0.00, 0.00, 0.00, 0.00, 0.00, 0.00, 0.00, 0.00
495,  0,  16.594,  0.98,  1, 0.00, 0.00, 0.99, 0.07, 0.00, 0.63, 0.00, 0.01, 0.00, 0.00, 0.22, 0.40, 0.14, 0.00, 0.24, 0.16, 0.00, 0.00, 0.00, 0.00, 1.00, 0.00, 0.00, 0.00, 0.00, 0.00, 0.00, 0.00, 0.00, 0.00, 0.00, 0.00, 0.00, 0.00, 0.00
496,  0,  16.627,  0.98,  1, 0.00, 0.00, 1.02, 0.11, 0.00, 0.64, 0.00, 0.01, 0.00, 0.00, 0.27, 0.25, 0.10, 0.00, 0.22, 0.03, 0.00, 0.00, 0.00, 0.00, 1.00, 0.00, 0.00, 0.00, 0.00, 0.00, 0.00, 0.00, 0.00, 0.00, 0.00, 0.00, 0.00, 0.00, 0.00
497,  0,  16.661,  0.98,  1, 0.00, 0.00, 1.01, 0.08, 0.00, 0.72, 0.00, 0.00, 0.00, 0.00, 0.23, 0.14, 0.12, 0.00, 0.29, 0.03, 0.00, 0.00, 0.00, 0.00, 1.00, 0.00, 0.00, 0.00, 0.00, 0.00, 0.00, 0.00, 0.00, 0.00, 1.00, 0.00, 0.00, 0.00, 0.00
498,  0,  16.695,  0.98,  1, 0.00, 0.00, 0.99, 0.04, 0.00, 0.70, 0.00, 0.00, 0.00, 0.00, 0.08, 0.07, 0.02, 0.00, 0.25, 0.02, 0.00, 0.00, 0.00, 0.00, 1.00, 0.00, 0.00, 0.00, 0.00, 0.00, 0.00, 0.00, 0.00, 0.00, 0.00, 0.00, 0.00, 0.00, 0.00
499,  0,  16.728,  0.98,  1, 0.00, 0.00, 1.00, 0.12, 0.00, 0.77, 0.00, 0.00, 0.00, 0.00, 0.01, 0.10, 0.02, 0.00, 0.22, 0.00, 0.00, 0.00, 0.00, 0.00, 1.00, 0.00, 0.00, 0.00, 0.00, 0.00, 0.00, 0.00, 0.00, 0.00, 0.00, 0.00, 0.00, 0.00, 0.00
500,  0,  16.762,  0.98,  1, 0.00, 0.00, 1.06, 0.12, 0.00, 0.79, 0.00, 0.00, 0.00, 0.00, 0.01, 0.05, 0.00, 0.00, 0.23, 0.02, 0.00, 0.00, 0.00, 1.00, 1.00, 0.00, 0.00, 0.00, 0.00, 0.00, 0.00, 0.00, 0.00, 0.00, 0.00, 0.00, 0.00, 0.00, 0.00
501,  0,  16.795,  0.98,  1, 0.00, 0.00, 1.15, 0.12, 0.00, 0.90, 0.00, 0.00, 0.00, 0.00, 0.11, 0.12, 0.00, 0.00, 0.25, 0.21, 0.00, 0.00, 0.00, 1.00, 1.00, 0.00, 0.00, 0.00, 0.00, 0.00, 0.00, 0.00, 0.00, 0.00, 0.00, 0.00, 0.00, 0.00, 0.00
502,  0,  16.829,  0.98,  1, 0.00, 0.00, 1.28, 0.00, 0.00, 0.61, 0.04, 0.00, 0.00, 0.00, 0.10, 0.16, 0.00, 0.00, 0.32, 0.36, 0.77, 0.00, 0.00, 1.00, 0.00, 0.00, 0.00, 0.00, 0.00, 0.00, 0.00, 0.00, 0.00, 0.00, 0.00, 0.00, 0.00, 0.00, 0.00
503,  0,  16.863,  0.98,  1, 0.05, 0.00, 1.42, 0.00, 0.00, 0.46, 0.12, 0.00, 0.00, 0.00, 0.11, 0.27, 0.00, 0.00, 0.35, 0.53, 1.59, 0.00, 0.00, 1.00, 0.00, 0.00, 0.00, 0.00, 0.00, 0.00, 0.00, 0.00, 0.00, 0.00, 0.00, 0.00, 0.00, 0.00, 1.00
504,  0,  16.896,  0.98,  1, 0.17, 0.00, 1.52, 0.00, 0.00, 0.37, 0.23, 0.00, 0.00, 0.00, 0.01, 0.28, 0.00, 0.00, 0.40, 0.58, 2.08, 0.00, 0.00, 1.00, 0.00, 0.00, 0.00, 0.00, 0.00, 0.00, 0.00, 0.00, 0.00, 0.00, 0.00, 0.00, 0.00, 0.00, 1.00
505,  0,  16.930,  0.98,  1, 0.18, 0.00, 1.48, 0.00, 0.00, 0.68, 0.21, 0.00, 0.00, 0.00, 0.02, 0.21, 0.00, 0.00, 0.47, 0.63, 1.50, 0.00, 0.00, 1.00, 0.00, 0.00, 0.00, 0.00, 0.00, 0.00, 0.00, 0.00, 0.00, 0.00, 0.00, 0.00, 0.00, 0.00, 1.00
506,  0,  16.963,  0.98,  1, 0.14, 0.00, 1.35, 0.00, 0.00, 0.87, 0.13, 0.00, 0.00, 0.00, 0.06, 0.15, 0.00, 0.00, 0.61, 0.63, 0.70, 0.00, 0.00, 1.00, 0.00, 0.00, 0.00, 0.00, 0.00, 0.00, 0.00, 0.00, 0.00, 0.00, 1.00, 0.00, 0.00, 0.00, 1.00
507,  0,  16.997,  0.98,  1, 0.04, 0.02, 1.17, 0.00, 0.00, 0.93, 0.02, 0.00, 0.00, 0.00, 0.06, 0.14, 0.00, 0.00, 0.68, 0.51, 0.21, 0.00, 0.00, 0.00, 1.00, 0.00, 0.00, 0.00, 0.00, 0.00, 0.00, 0.00, 0.00, 0.00, 1.00, 0.00, 0.00, 0.00, 0.00
508,  0,  17.031,  0.98,  1, 0.06, 0.01, 1.10, 0.00, 0.00, 0.94, 0.00, 0.00, 0.00, 0.00, 0.05, 0.23, 0.00, 0.00, 0.56, 0.43, 0.02, 0.00, 0.00, 0.00, 1.00, 0.00, 0.00, 0.00, 0.00, 0.00, 0.00, 0.00, 0.00, 0.00, 1.00, 1.00, 0.00, 0.00, 0.00
509,  0,  17.064,  0.98,  1, 0.17, 0.01, 1.07, 0.11, 0.00, 0.72, 0.00, 0.00, 0.00, 0.00, 0.00, 0.24, 0.00, 0.01, 0.59, 0.60, 0.00, 0.00, 0.00, 0.00, 1.00, 0.00, 0.00, 0.00, 0.00, 0.00, 0.00, 0.00, 0.00, 0.00, 1.00, 1.00, 0.00, 0.00, 0.00
510,  0,  17.098,  0.98,  1, 0.15, 0.00, 1.06, 0.11, 0.00, 0.75, 0.00, 0.00, 0.00, 0.00, 0.02, 0.22, 0.00, 0.01, 0.63, 0.71, 0.00, 0.00, 0.00, 0.00, 1.00, 0.00, 0.00, 0.00, 0.00, 0.00, 0.00, 0.00, 0.00, 0.00, 0.00, 1.00, 0.00, 0.00, 0.00
511,  0,  17.131,  0.98,  1, 0.16, 0.00, 1.04, 0.11, 0.00, 0.78, 0.00, 0.00, 0.00, 0.00, 0.03, 0.22, 0.00, 0.02, 0.78, 0.63, 0.00, 0.00, 0.00, 0.00, 1.00, 0.00, 0.00, 0.00, 0.00, 0.00, 0.00, 0.00, 0.00, 0.00, 0.00, 1.00, 0.00, 0.00, 0.00
512,  0,  17.165,  0.98,  1, 0.05, 0.00, 1.01, 0.03, 0.00, 0.97, 0.00, 0.00, 0.00, 0.00, 0.05, 0.21, 0.00, 0.02, 0.65, 0.35, 0.00, 0.00, 0.00, 0.00, 1.00, 0.00, 0.00, 0.00, 0.00, 0.00, 0.00, 0.00, 0.00, 0.00, 0.00, 1.00, 0.00, 0.00, 0.00
513,  0,  17.198,  0.98,  1, 0.05, 0.00, 0.89, 0.16, 0.00, 0.89, 0.00, 0.00, 0.00, 0.00, 0.02, 0.22, 0.00, 0.02, 0.61, 0.19, 0.00, 0.00, 0.00, 0.00, 1.00, 0.00, 0.00, 0.00, 0.00, 0.00, 0.00, 0.00, 0.00, 0.00, 0.00, 1.00, 0.00, 0.00, 0.00
514,  0,  17.232,  0.98,  1, 0.02, 0.00, 0.85, 0.24, 0.00, 0.70, 0.00, 0.00, 0.00, 0.00, 0.01, 0.29, 0.00, 0.04, 0.49, 0.15, 0.00, 0.00, 0.00, 0.00, 1.00, 0.00, 0.00, 0.00, 0.00, 0.00, 0.00, 0.00, 0.00, 0.00, 0.00, 1.00, 0.00, 0.00, 0.00
515,  0,  17.266,  0.98,  1, 0.02, 0.00, 0.79, 0.21, 0.00, 0.48, 0.00, 0.00, 0.00, 0.00, 0.00, 0.35, 0.00, 0.06, 0.54, 0.07, 0.00, 0.00, 0.00, 0.00, 1.00, 0.00, 0.00, 0.00, 0.00, 0.00, 0.00, 0.00, 0.00, 0.00, 0.00, 1.00, 0.00, 0.00, 0.00
516,  0,  17.299,  0.98,  1, 0.02, 0.00, 0.79, 0.08, 0.00, 0.47, 0.00, 0.00, 0.00, 0.00, 0.00, 0.38, 0.00, 0.11, 0.48, 0.16, 0.00, 0.00, 0.00, 0.00, 1.00, 0.00, 0.00, 0.00, 0.00, 0.00, 0.00, 0.00, 0.00, 0.00, 0.00, 0.00, 0.00, 0.00, 0.00
517,  0,  17.333,  0.98,  1, 0.00, 0.00, 0.78, 0.00, 0.00, 0.54, 0.00, 0.00, 0.00, 0.00, 0.00, 0.34, 0.00, 0.11, 0.41, 0.24, 0.00, 0.00, 0.00, 0.00, 1.00, 0.00, 0.00, 0.00, 0.00, 0.00, 0.00, 0.00, 0.00, 0.00, 0.00, 0.00, 0.00, 0.00, 0.00
518,  0,  17.366,  0.98,  1, 0.00, 0.00, 0.74, 0.00, 0.00, 0.64, 0.00, 0.00, 0.00, 0.00, 0.00, 0.27, 0.00, 0.11, 0.34, 0.33, 0.00, 0.00, 0.00, 0.00, 1.00, 0.00, 0.00, 0.00, 0.00, 0.00, 0.00, 0.00, 0.00, 0.00, 0.00, 0.00, 0.00, 0.00, 0.00
519,  0,  17.400,  0.98,  1, 0.00, 0.00, 0.76, 0.00, 0.00, 0.56, 0.00, 0.00, 0.00, 0.00, 0.08, 0.26, 0.00, 0.07, 0.34, 0.22, 0.00, 0.00, 0.00, 0.00, 1.00, 0.00, 0.00, 0.00, 0.00, 0.00, 0.00, 0.00, 0.00, 0.00, 0.00, 0.00, 0.00, 0.00, 0.00
520,  0,  17.434,  0.98,  1, 0.00, 0.00, 0.79, 0.00, 0.00, 0.65, 0.00, 0.00, 0.00, 0.00, 0.09, 0.14, 0.00, 0.10, 0.33, 0.12, 0.00, 0.00, 0.00, 0.00, 1.00, 0.00, 0.00, 0.00, 0.00, 0.00, 0.00, 0.00, 0.00, 0.00, 0.00, 0.00, 0.00, 0.00, 0.00
521,  0,  17.467,  0.98,  1, 0.00, 0.01, 0.88, 0.00, 0.00, 0.71, 0.00, 0.00, 0.00, 0.00, 0.11, 0.16, 0.00, 0.13, 0.32, 0.13, 0.00, 0.00, 0.00, 0.00, 1.00, 0.00, 0.00, 0.00, 0.00, 0.00, 0.00, 0.00, 0.00, 0.00, 0.00, 0.00, 0.00, 0.00, 0.00
522,  0,  17.501,  0.98,  1, 0.00, 0.01, 0.86, 0.00, 0.00, 0.84, 0.00, 0.00, 0.00, 0.00, 0.10, 0.11, 0.00, 0.16, 0.25, 0.16, 0.00, 0.00, 0.00, 0.00, 1.00, 0.00, 0.00, 0.00, 0.00, 0.00, 0.00, 0.00, 0.00, 0.00, 0.00, 0.00, 0.00, 0.00, 0.00
523,  0,  17.534,  0.98,  1, 0.00, 0.01, 0.82, 0.00, 0.00, 0.81, 0.00, 0.00, 0.00, 0.00, 0.19, 0.25, 0.00, 0.17, 0.21, 0.16, 0.00, 0.00, 0.00, 0.00, 1.00, 0.00, 0.00, 0.00, 0.00, 0.00, 0.00, 0.00, 0.00, 0.00, 0.00, 0.00, 0.00, 0.00, 0.00
524,  0,  17.568,  0.98,  1, 0.00, 0.00, 0.79, 0.00, 0.00, 0.81, 0.00, 0.00, 0.00, 0.00, 0.32, 0.37, 0.00, 0.21, 0.07, 0.24, 0.00, 0.00, 0.00, 0.00, 1.00, 0.00, 0.00, 0.00, 0.00, 0.00, 0.00, 0.00, 0.00, 0.00, 0.00, 0.00, 0.00, 0.00, 0.00
525,  0,  17.602,  0.98,  1, 0.00, 0.00, 0.83, 0.00, 0.00, 0.72, 0.00, 0.00, 0.00, 0.00, 0.28, 0.50, 0.00, 0.24, 0.02, 0.24, 0.00, 0.00, 0.00, 0.00, 1.00, 0.00, 0.00, 0.00, 0.00, 0.00, 0.00, 0.00, 0.00, 0.00, 0.00, 0.00, 0.00, 0.00, 0.00
526,  0,  17.635,  0.98,  1, 0.00, 0.00, 0.88, 0.00, 0.00, 0.72, 0.00, 0.00, 0.00, 0.00, 0.18, 0.51, 0.00, 0.22, 0.04, 0.24, 0.00, 0.00, 0.00, 0.00, 1.00, 0.00, 0.00, 0.00, 0.00, 0.00, 0.00, 0.00, 0.00, 0.00, 0.00, 0.00, 0.00, 0.00, 0.00
527,  0,  17.669,  0.98,  1, 0.01, 0.00, 0.94, 0.00, 0.00, 0.84, 0.00, 0.00, 0.00, 0.00, 0.02, 0.58, 0.00, 0.20, 0.06, 0.07, 0.00, 0.00, 0.00, 0.00, 1.00, 0.00, 0.00, 0.00, 0.00, 0.00, 0.00, 0.00, 0.00, 0.00, 0.00, 0.00, 0.00, 0.00, 0.00
528,  0,  17.702,  0.98,  1, 0.01, 0.00, 0.97, 0.00, 0.00, 0.96, 0.00, 0.00, 0.00, 0.00, 0.08, 0.53, 0.00, 0.14, 0.04, 0.00, 0.00, 0.00, 0.00, 0.00, 1.00, 0.00, 0.00, 0.00, 0.00, 0.00, 0.00, 0.00, 0.00, 0.00, 0.00, 0.00, 0.00, 0.00, 0.00
529,  0,  17.736,  0.98,  1, 0.01, 0.00, 0.98, 0.00, 0.00, 0.99, 0.00, 0.00, 0.00, 0.00, 0.08, 0.55, 0.00, 0.09, 0.04, 0.00, 0.00, 0.00, 0.00, 0.00, 1.00, 0.00, 0.00, 0.00, 0.00, 0.00, 0.00, 0.00, 0.00, 0.00, 0.00, 0.00, 0.00, 0.00, 0.00
530,  0,  17.769,  0.98,  1, 0.00, 0.00, 0.89, 0.00, 0.00, 0.88, 0.00, 0.00, 0.00, 0.00, 0.09, 0.41, 0.00, 0.01, 0.01, 0.00, 0.00, 0.00, 0.00, 0.00, 1.00, 0.00, 0.00, 0.00, 0.00, 0.00, 0.00, 0.00, 0.00, 0.00, 0.00, 0.00, 0.00, 0.00, 0.00
531,  0,  17.803,  0.98,  1, 0.00, 0.00, 0.80, 0.00, 0.00, 0.69, 0.00, 0.00, 0.00, 0.00, 0.01, 0.43, 0.00, 0.04, 0.01, 0.02, 0.00, 0.00, 0.00, 0.00, 1.00, 0.00, 0.00, 0.00, 0.00, 0.00, 0.00, 0.00, 0.00, 0.00, 0.00, 0.00, 0.00, 0.00, 0.00
532,  0,  17.837,  0.98,  1, 0.00, 0.00, 0.74, 0.00, 0.00, 0.54, 0.00, 0.00, 0.00, 0.00, 0.01, 0.41, 0.00, 0.06, 0.00, 0.02, 0.00, 0.00, 0.00, 0.00, 1.00, 0.00, 0.00, 0.00, 0.00, 0.00, 0.00, 0.00, 0.00, 0.00, 0.00, 0.00, 0.00, 0.00, 0.00
533,  0,  17.870,  0.98,  1, 0.00, 0.00, 0.67, 0.00, 0.00, 0.35, 0.00, 0.00, 0.00, 0.00, 0.00, 0.47, 0.00, 0.10, 0.00, 0.02, 0.00, 0.00, 0.00, 0.00, 1.00, 0.00, 0.00, 0.00, 0.00, 0.00, 0.00, 0.00, 0.00, 0.00, 0.00, 0.00, 0.00, 0.00, 0.00
534,  0,  17.904,  0.98,  1, 0.07, 0.02, 0.59, 0.03, 0.00, 0.46, 0.00, 0.00, 0.00, 0.00, 0.00, 0.34, 0.00, 0.09, 0.07, 0.05, 0.00, 0.00, 0.00, 0.00, 1.00, 0.00, 0.00, 0.00, 0.00, 0.00, 0.00, 0.00, 0.00, 0.00, 0.00, 0.00, 0.00, 0.00, 0.00
535,  0,  17.937,  0.98,  1, 0.23, 0.22, 0.38, 0.25, 0.00, 0.40, 0.00, 0.00, 0.00, 0.00, 0.00, 0.22, 0.00, 0.08, 0.22, 0.08, 0.00, 0.00, 0.00, 0.00, 1.00, 0.00, 0.00, 0.00, 0.00, 0.00, 0.00, 0.00, 0.00, 0.00, 0.00, 0.00, 0.00, 0.00, 0.00
536,  0,  17.971,  0.98,  1, 0.41, 0.49, 0.20, 0.45, 0.00, 0.38, 0.00, 0.00, 0.00, 0.00, 0.00, 0.05, 0.00, 0.04, 0.43, 0.12, 0.00, 0.00, 1.00, 0.00, 1.00, 0.00, 0.00, 0.00, 0.00, 0.00, 0.00, 0.00, 0.00, 0.00, 0.00, 0.00, 0.00, 0.00, 0.00
537,  0,  18.005,  0.98,  1, 0.49, 0.72, 0.05, 0.61, 0.00, 0.18, 0.00, 0.00, 0.00, 0.00, 0.00, 0.03, 0.00, 0.00, 0.53, 0.08, 0.00, 0.00, 1.00, 0.00, 1.00, 0.00, 0.00, 0.00, 0.00, 0.00, 0.00, 0.00, 0.00, 0.00, 0.00, 0.00, 0.00, 0.00, 0.00
538,  0,  18.038,  0.98,  1, 0.62, 0.90, 0.07, 0.60, 0.00, 0.08, 0.00, 0.00, 0.00, 0.00, 0.00, 0.00, 0.00, 0.03, 0.53, 0.05, 0.00, 1.00, 1.00, 0.00, 1.00, 0.00, 0.00, 0.00, 0.00, 0.00, 0.00, 0.00, 0.00, 0.00, 1.00, 0.00, 0.00, 0.00, 0.00
539,  0,  18.072,  0.98,  1, 0.55, 0.88, 0.07, 0.61, 0.00, 0.02, 0.00, 0.00, 0.00, 0.00, 0.00, 0.00, 0.00, 0.03, 0.40, 0.00, 0.00, 1.00, 1.00, 0.00, 1.00, 0.00, 0.00, 0.00, 0.00, 0.00, 0.00, 0.00, 0.00, 0.00, 0.00, 0.00, 0.00, 0.00, 0.00
540,  0,  18.105,  0.98,  1, 0.58, 0.83, 0.06, 0.78, 0.00, 0.02, 0.00, 0.00, 0.00, 0.00, 0.00, 0.11, 0.00, 0.03, 0.34, 0.00, 0.00, 1.00, 1.00, 0.00, 1.00, 0.00, 0.00, 0.00, 0.00, 0.00, 0.00, 0.00, 0.00, 0.00, 0.00, 0.00, 0.00, 0.00, 0.00
541,  0,  18.139,  0.98,  1, 0.49, 0.72, 0.00, 0.96, 0.00, 0.00, 0.00, 0.00, 0.00, 0.00, 0.00, 0.17, 0.00, 0.05, 0.27, 0.00, 0.00, 1.00, 1.00, 0.00, 1.00, 0.00, 0.00, 0.00, 0.00, 0.00, 0.00, 0.00, 0.00, 0.00, 0.00, 0.00, 0.00, 0.00, 0.00
542,  0,  18.173,  0.98,  1, 0.53, 0.68, 0.02, 1.05, 0.00, 0.00, 0.00, 0.00, 0.00, 0.00, 0.00, 0.17, 0.00, 0.05, 0.31, 0.20, 0.00, 1.00, 1.00, 0.00, 1.00, 0.00, 0.00, 0.00, 0.00, 0.00, 0.00, 0.00, 0.00, 0.00, 0.00, 0.00, 0.00, 0.00, 0.00
543,  0,  18.206,  0.98,  1, 0.53, 0.68, 0.02, 1.08, 0.00, 0.00, 0.00, 0.00, 0.00, 0.00, 0.00, 0.07, 0.00, 0.05, 0.46, 0.49, 0.00, 1.00, 1.00, 0.00, 1.00, 0.00, 0.00, 0.00, 0.00, 0.00, 0.00, 0.00, 0.00, 0.00, 0.00, 0.00, 0.00, 0.00, 0.00
544,  0,  18.240,  0.98,  1, 0.51, 0.70, 0.02, 1.05, 0.00, 0.00, 0.00, 0.00, 0.00, 0.00, 0.00, 0.00, 0.00, 0.06, 0.54, 0.65, 0.00, 1.00, 1.00, 0.00, 1.00, 0.00, 0.00, 0.00, 0.00, 0.00, 0.00, 0.00, 0.00, 0.00, 0.00, 0.00, 0.00, 0.00, 0.00
545,  0,  18.273,  0.98,  1, 0.50, 0.82, 0.00, 1.01, 0.00, 0.00, 0.00, 0.00, 0.00, 0.00, 0.00, 0.08, 0.00, 0.06, 0.55, 0.53, 0.00, 1.00, 1.00, 0.00, 1.00, 0.00, 0.00, 0.00, 0.00, 0.00, 0.00, 0.00, 0.00, 0.00, 0.00, 0.00, 0.00, 0.00, 0.00
546,  0,  18.307,  0.98,  1, 0.54, 0.95, 0.00, 1.04, 0.00, 0.00, 0.00, 0.00, 0.00, 0.00, 0.00, 0.08, 0.00, 0.06, 0.42, 0.29, 0.00, 1.00, 1.00, 0.00, 1.00, 0.00, 0.00, 0.00, 0.00, 0.00, 0.00, 0.00, 0.00, 0.00, 0.00, 0.00, 0.00, 0.00, 0.00
547,  0,  18.341,  0.98,  1, 0.51, 0.96, 0.04, 0.85, 0.00, 0.09, 0.00, 0.00, 0.00, 0.00, 0.05, 0.08, 0.00, 0.13, 0.25, 0.13, 0.00, 1.00, 1.00, 0.00, 1.00, 0.00, 0.00, 0.00, 0.00, 0.00, 0.00, 0.00, 0.00, 0.00, 0.00, 0.00, 0.00, 0.00, 0.00
548,  0,  18.374,  0.98,  1, 0.54, 1.05, 0.04, 0.83, 0.00, 0.09, 0.00, 0.00, 0.00, 0.00, 0.05, 0.00, 0.00, 0.13, 0.13, 0.10, 0.00, 1.00, 1.00, 0.00, 1.00, 0.00, 0.00, 0.00, 0.00, 0.00, 0.00, 0.00, 0.00, 0.00, 0.00, 0.00, 0.00, 0.00, 0.00
549,  0,  18.408,  0.98,  1, 0.50, 1.06, 0.04, 0.74, 0.00, 0.09, 0.00, 0.00, 0.00, 0.00, 0.12, 0.04, 0.00, 0.16, 0.08, 0.16, 0.00, 1.00, 1.00, 0.00, 1.00, 0.00, 0.00, 0.00, 0.00, 0.00, 0.00, 0.00, 0.00, 0.00, 0.00, 0.00, 0.00, 0.00, 0.00
550,  0,  18.441,  0.98,  1, 0.53, 1.01, 0.01, 0.88, 0.00, 0.00, 0.00, 0.00, 0.00, 0.00, 0.07, 0.04, 0.00, 0.09, 0.13, 0.32, 0.00, 1.00, 1.00, 0.00, 1.00, 0.00, 0.00, 0.00, 0.00, 0.00, 0.00, 0.00, 0.00, 0.00, 0.00, 0.00, 0.00, 0.00, 0.00
551,  0,  18.475,  0.98,  1, 0.53, 0.80, 0.02, 0.87, 0.00, 0.00, 0.00, 0.00, 0.00, 0.00, 0.07, 0.10, 0.00, 0.21, 0.16, 0.47, 0.00, 1.00, 1.00, 0.00, 1.00, 0.00, 0.00, 0.00, 0.00, 0.00, 0.00, 0.00, 0.00, 0.00, 1.00, 0.00, 0.00, 0.00, 0.00
552,  0,  18.508,  0.98,  1, 0.59, 0.77, 0.02, 0.87, 0.00, 0.00, 0.00, 0.00, 0.00, 0.00, 0.03, 0.21, 0.05, 0.22, 0.21, 0.36, 0.00, 1.00, 1.00, 0.00, 1.00, 0.00, 0.00, 0.00, 0.00, 0.00, 0.00, 0.00, 0.00, 0.00, 0.00, 0.00, 0.00, 0.00, 0.00
553,  0,  18.542,  0.98,  1, 0.66, 0.81, 0.02, 0.94, 0.00, 0.00, 0.00, 0.00, 0.00, 0.00, 0.03, 0.24, 0.05, 0.17, 0.24, 0.20, 0.00, 1.00, 1.00, 0.00, 1.00, 0.00, 0.00, 0.00, 0.00, 0.00, 0.00, 0.00, 0.00, 0.00, 1.00, 0.00, 0.00, 0.00, 0.00
554,  0,  18.576,  0.98,  1, 0.66, 0.77, 0.00, 1.15, 0.00, 0.00, 0.00, 0.00, 0.00, 0.00, 0.10, 0.37, 0.05, 0.08, 0.29, 0.00, 0.00, 1.00, 1.00, 0.00, 1.00, 0.00, 0.00, 0.00, 0.00, 0.00, 0.00, 0.00, 0.00, 0.00, 1.00, 0.00, 0.00, 0.00, 0.00
555,  0,  18.609,  0.98,  1, 0.57, 0.71, 0.00, 1.25, 0.00, 0.00, 0.00, 0.00, 0.00, 0.00, 0.08, 0.22, 0.00, 0.04, 0.28, 0.05, 0.00, 1.00, 1.00, 0.00, 1.00, 0.00, 0.00, 0.00, 0.00, 0.00, 0.00, 0.00, 0.00, 0.00, 1.00, 0.00, 0.00, 0.00, 0.00
556,  0,  18.643,  0.98,  1, 0.41, 0.55, 0.00, 1.16, 0.00, 0.00, 0.00, 0.00, 0.00, 0.00, 0.08, 0.19, 0.00, 0.17, 0.36, 0.31, 0.00, 1.00, 1.00, 0.00, 1.00, 0.00, 0.00, 0.00, 0.00, 0.00, 0.00, 0.00, 0.00, 0.00, 1.00, 0.00, 0.00, 0.00, 0.00
557,  0,  18.676,  0.98,  1, 0.41, 0.52, 0.00, 1.14, 0.00, 0.10, 0.00, 0.00, 0.00, 0.00, 0.00, 0.03, 0.00, 0.17, 0.46, 0.40, 0.00, 1.00, 1.00, 0.00, 1.00, 0.00, 0.00, 0.00, 0.00, 0.00, 0.00, 0.00, 0.00, 0.00, 1.00, 0.00, 0.00, 0.00, 0.00
558,  0,  18.710,  0.98,  1, 0.42, 0.53, 0.00, 1.09, 0.00, 0.12, 0.00, 0.00, 0.00, 0.00, 0.02, 0.09, 0.00, 0.18, 0.43, 0.44, 0.00, 1.00, 1.00, 0.00, 1.00, 0.00, 0.00, 0.00, 0.00, 0.00, 0.00, 0.00, 0.00, 0.00, 1.00, 0.00, 0.00, 0.00, 0.00
559,  0,  18.744,  0.98,  1, 0.56, 0.64, 0.00, 0.99, 0.00, 0.12, 0.00, 0.00, 0.00, 0.00, 0.02, 0.21, 0.00, 0.06, 0.29, 0.28, 0.00, 1.00, 1.00, 0.00, 1.00, 0.00, 0.00, 0.00, 0.00, 0.00, 0.00, 0.00, 0.00, 0.00, 1.00, 0.00, 0.00, 0.00, 0.00
560,  0,  18.777,  0.98,  1, 0.53, 0.66, 0.00, 0.82, 0.00, 0.02, 0.00, 0.00, 0.00, 0.00, 0.02, 0.17, 0.00, 0.03, 0.20, 0.32, 0.00, 1.00, 1.00, 0.00, 1.00, 0.00, 0.00, 0.00, 0.00, 0.00, 0.00, 0.00, 0.00, 0.00, 0.00, 0.00, 0.00, 0.00, 0.00
561,  0,  18.811,  0.98,  1, 0.56, 0.54, 0.00, 0.90, 0.00, 0.01, 0.00, 0.00, 0.00, 0.00, 0.00, 0.18, 0.00, 0.02, 0.27, 0.33, 0.00, 1.00, 1.00, 0.00, 1.00, 0.00, 0.00, 0.00, 0.00, 0.00, 0.00, 0.00, 0.00, 0.00, 0.00, 0.00, 0.00, 0.00, 0.00
562,  0,  18.844,  0.98,  1, 0.49, 0.47, 0.00, 1.16, 0.00, 0.01, 0.00, 0.00, 0.00, 0.00, 0.00, 0.18, 0.00, 0.02, 0.31, 0.24, 0.00, 1.00, 1.00, 0.00, 1.00, 0.00, 0.00, 0.00, 0.00, 0.00, 0.00, 0.00, 0.00, 0.00, 1.00, 0.00, 0.00, 0.00, 0.00
563,  0,  18.878,  0.98,  1, 0.57, 0.58, 0.00, 1.30, 0.00, 0.00, 0.00, 0.00, 0.00, 0.00, 0.01, 0.20, 0.00, 0.00, 0.30, 0.16, 0.00, 1.00, 1.00, 0.00, 1.00, 0.00, 0.00, 0.00, 0.00, 0.00, 0.00, 0.00, 0.00, 0.00, 1.00, 0.00, 0.00, 0.00, 0.00
564,  0,  18.912,  0.98,  1, 0.68, 0.74, 0.00, 1.29, 0.00, 0.00, 0.00, 0.00, 0.00, 0.00, 0.01, 0.14, 0.00, 0.00, 0.23, 0.04, 0.00, 1.00, 1.00, 0.00, 1.00, 0.00, 0.00, 0.00, 0.00, 0.00, 0.00, 0.00, 0.00, 0.00, 1.00, 0.00, 0.00, 0.00, 0.00
565,  0,  18.945,  0.98,  1, 0.69, 0.74, 0.00, 1.27, 0.00, 0.00, 0.00, 0.00, 0.00, 0.00, 0.06, 0.02, 0.00, 0.06, 0.17, 0.09, 0.00, 1.00, 1.00, 0.00, 1.00, 0.00, 0.00, 0.00, 0.00, 0.00, 0.00, 0.00, 0.00, 0.00, 1.00, 0.00, 0.00, 0.00, 0.00
566,  0,  18.979,  0.98,  1, 0.58, 0.72, 0.00, 1.26, 0.00, 0.00, 0.00, 0.00, 0.00, 0.00, 0.05, 0.00, 0.00, 0.06, 0.24, 0.18, 0.00, 1.00, 1.00, 0.00, 1.00, 0.00, 0.00, 0.00, 0.00, 0.00, 0.00, 0.00, 0.00, 0.00, 1.00, 0.00, 0.00, 0.00, 0.00
567,  0,  19.012,  0.98,  1, 0.50, 0.60, 0.00, 1.16, 0.00, 0.00, 0.00, 0.00, 0.00, 0.00, 0.06, 0.01, 0.00, 0.06, 0.33, 0.33, 0.00, 1.00, 1.00, 0.00, 1.00, 0.00, 0.00, 0.00, 0.00, 0.00, 0.00, 0.00, 0.00, 0.00, 1.00, 0.00, 0.00, 0.00, 0.00
568,  0,  19.046,  0.98,  1, 0.52, 0.65, 0.00, 1.07, 0.00, 0.00, 0.00, 0.00, 0.00, 0.00, 0.06, 0.02, 0.00, 0.00, 0.39, 0.31, 0.00, 1.00, 1.00, 0.00, 1.00, 0.00, 0.00, 0.00, 0.00, 0.00, 0.00, 0.00, 0.00, 0.00, 1.00, 0.00, 0.00, 0.00, 0.00
569,  0,  19.080,  0.98,  1, 0.56, 0.57, 0.00, 1.09, 0.00, 0.00, 0.00, 0.00, 0.00, 0.00, 0.27, 0.18, 0.00, 0.00, 0.28, 0.27, 0.00, 1.00, 1.00, 0.00, 1.00, 0.00, 0.00, 0.00, 0.00, 0.00, 0.00, 0.00, 0.00, 0.00, 1.00, 0.00, 0.00, 0.00, 0.00
570,  0,  19.113,  0.98,  1, 0.55, 0.59, 0.00, 1.07, 0.00, 0.00, 0.00, 0.00, 0.00, 0.00, 0.27, 0.17, 0.00, 0.13, 0.17, 0.15, 0.00, 1.00, 1.00, 0.00, 1.00, 0.00, 0.00, 0.00, 0.00, 0.00, 0.00, 0.00, 0.00, 0.00, 1.00, 0.00, 0.00, 0.00, 0.00
571,  0,  19.147,  0.98,  1, 0.63, 0.55, 0.01, 0.96, 0.00, 0.00, 0.00, 0.00, 0.00, 0.00, 0.22, 0.30, 0.00, 0.17, 0.12, 0.19, 0.00, 1.00, 1.00, 0.00, 1.00, 0.00, 0.00, 0.00, 0.00, 0.00, 0.00, 0.00, 0.00, 0.00, 1.00, 0.00, 0.00, 0.00, 0.00
572,  0,  19.180,  0.98,  1, 0.66, 0.55, 0.01, 1.00, 0.00, 0.00, 0.00, 0.00, 0.00, 0.00, 0.00, 0.24, 0.00, 0.21, 0.11, 0.09, 0.00, 1.00, 1.00, 0.00, 1.00, 0.00, 0.00, 0.00, 0.00, 0.00, 0.00, 0.00, 0.00, 0.00, 1.00, 0.00, 0.00, 0.00, 0.00
573,  0,  19.214,  0.98,  1, 0.64, 0.56, 0.01, 0.92, 0.00, 0.00, 0.00, 0.00, 0.00, 0.00, 0.07, 0.30, 0.00, 0.08, 0.11, 0.06, 0.00, 1.00, 1.00, 0.00, 1.00, 0.00, 0.00, 0.00, 0.00, 0.00, 0.00, 0.00, 0.00, 0.00, 1.00, 0.00, 0.00, 0.00, 0.00
574,  0,  19.247,  0.98,  1, 0.56, 0.43, 0.00, 1.04, 0.00, 0.00, 0.00, 0.00, 0.00, 0.00, 0.11, 0.23, 0.00, 0.06, 0.11, 0.00, 0.00, 1.00, 1.00, 0.00, 1.00, 0.00, 0.00, 0.00, 0.00, 0.00, 0.00, 0.00, 0.00, 0.00, 1.00, 0.00, 0.00, 0.00, 0.00
575,  0,  19.281,  0.98,  1, 0.60, 0.36, 0.05, 0.89, 0.00, 0.00, 0.00, 0.00, 0.00, 0.00, 0.11, 0.36, 0.00, 0.04, 0.15, 0.16, 0.00, 1.00, 1.00, 0.00, 1.00, 0.00, 0.00, 0.00, 0.00, 0.00, 0.00, 0.00, 0.00, 0.00, 1.00, 0.00, 0.00, 0.00, 0.00
576,  0,  19.315,  0.98,  1, 0.66, 0.34, 0.21, 0.85, 0.00, 0.03, 0.00, 0.00, 0.00, 0.00, 0.13, 0.37, 0.00, 0.04, 0.17, 0.16, 0.00, 1.00, 1.00, 0.00, 1.00, 0.00, 0.00, 0.00, 0.00, 0.00, 0.00, 0.00, 0.00, 0.00, 1.00, 0.00, 0.00, 0.00, 0.00
577,  0,  19.348,  0.98,  1, 0.69, 0.54, 0.23, 0.74, 0.00, 0.03, 0.00, 0.00, 0.00, 0.00, 0.09, 0.50, 0.00, 0.02, 0.24, 0.18, 0.00, 1.00, 1.00, 0.00, 1.00, 0.00, 0.00, 0.00, 0.00, 0.00, 0.00, 0.00, 0.00, 0.00, 1.00, 0.00, 0.00, 0.00, 0.00
578,  0,  19.382,  0.98,  1, 0.69, 0.56, 0.18, 0.84, 0.00, 0.03, 0.00, 0.00, 0.00, 0.00, 0.09, 0.48, 0.07, 0.03, 0.27, 0.15, 0.00, 1.00, 1.00, 0.00, 1.00, 0.00, 0.00, 0.00, 0.00, 0.00, 0.00, 0.00, 0.00, 0.00, 0.00, 0.00, 0.00, 0.00, 0.00
579,  0,  19.415,  0.98,  1, 0.62, 0.43, 0.03, 1.03, 0.00, 0.08, 0.00, 0.00, 0.00, 0.00, 0.05, 0.54, 0.07, 0.03, 0.25, 0.17, 0.00, 1.00, 1.00, 0.00, 1.00, 0.00, 0.00, 0.00, 0.00, 0.00, 0.00, 0.00, 0.00, 0.00, 0.00, 0.00, 0.00, 0.00, 0.00
580,  0,  19.449,  0.98,  1, 0.68, 0.26, 0.06, 1.32, 0.00, 0.08, 0.00, 0.00, 0.00, 0.00, 0.05, 0.52, 0.07, 0.03, 0.22, 0.15, 0.00, 1.00, 1.00, 0.00, 1.00, 0.00, 0.00, 0.00, 0.00, 0.00, 0.00, 0.00, 0.00, 0.00, 0.00, 0.00, 0.00, 0.00, 0.00
581,  0,  19.483,  0.98,  1, 0.74, 0.13, 0.12, 1.33, 0.00, 0.08, 0.00, 0.00, 0.00, 0.00, 0.05, 0.40, 0.00, 0.00, 0.13, 0.09, 0.00, 1.00, 1.00, 0.00, 1.00, 0.00, 0.00, 0.00, 0.00, 0.00, 0.00, 0.00, 0.00, 0.00, 0.00, 0.00, 0.00, 0.00, 0.00
582,  0,  19.516,  0.98,  1, 0.82, 0.12, 0.18, 1.14, 0.00, 0.00, 0.00, 0.00, 0.00, 0.00, 0.00, 0.37, 0.00, 0.00, 0.09, 0.07, 0.00, 1.00, 1.00, 0.00, 1.00, 0.00, 0.00, 0.00, 0.00, 0.00, 0.00, 0.00, 0.00, 0.00, 0.00, 0.00, 0.00, 0.00, 0.00
583,  0,  19.550,  0.98,  1, 0.83, 0.11, 0.26, 1.03, 0.00, 0.00, 0.00, 0.00, 0.00, 0.00, 0.00, 0.21, 0.00, 0.00, 0.12, 0.18, 0.00, 1.00, 1.00, 0.00, 1.00, 0.00, 0.00, 0.00, 0.00, 0.00, 0.00, 0.00, 0.00, 0.00, 0.00, 0.00, 0.00, 0.00, 0.00
584,  0,  19.583,  0.98,  1, 0.77, 0.19, 0.28, 1.12, 0.00, 0.00, 0.00, 0.00, 0.00, 0.00, 0.00, 0.23, 0.00, 0.00, 0.17, 0.31, 0.00, 1.00, 1.00, 0.00, 1.00, 0.00, 0.00, 0.00, 0.00, 0.00, 0.00, 0.00, 0.00, 0.00, 0.00, 0.00, 0.00, 0.00, 0.00
585,  0,  19.617,  0.98,  1, 0.75, 0.17, 0.22, 1.24, 0.00, 0.00, 0.00, 0.00, 0.00, 0.00, 0.00, 0.14, 0.00, 0.00, 0.21, 0.31, 0.00, 1.00, 1.00, 0.00, 1.00, 0.00, 0.00, 0.00, 0.00, 0.00, 0.00, 0.00, 0.00, 0.00, 0.00, 0.00, 0.00, 0.00, 0.00
586,  0,  19.651,  0.98,  1, 0.71, 0.28, 0.16, 1.18, 0.00, 0.00, 0.00, 0.00, 0.00, 0.00, 0.00, 0.12, 0.00, 0.02, 0.20, 0.29, 0.00, 1.00, 1.00, 0.00, 1.00, 0.00, 0.00, 0.00, 0.00, 0.00, 0.00, 0.00, 0.00, 0.00, 0.00, 0.00, 0.00, 0.00, 0.00
587,  0,  19.684,  0.98,  1, 0.76, 0.38, 0.18, 1.14, 0.00, 0.00, 0.00, 0.00, 0.00, 0.00, 0.00, 0.01, 0.00, 0.02, 0.30, 0.14, 0.00, 1.00, 1.00, 0.00, 1.00, 0.00, 0.00, 0.00, 0.00, 0.00, 0.00, 0.00, 0.00, 0.00, 0.00, 0.00, 0.00, 0.00, 0.00
588,  0,  19.718,  0.98,  1, 0.66, 0.39, 0.22, 1.11, 0.00, 0.00, 0.00, 0.00, 0.00, 0.00, 0.00, 0.01, 0.00, 0.02, 0.26, 0.14, 0.00, 1.00, 1.00, 0.00, 1.00, 0.00, 0.00, 0.00, 0.00, 0.00, 0.00, 0.00, 0.00, 0.00, 0.00, 0.00, 0.00, 0.00, 0.00
589,  0,  19.751,  0.98,  1, 0.67, 0.26, 0.27, 1.06, 0.00, 0.00, 0.00, 0.00, 0.00, 0.00, 0.00, 0.00, 0.00, 0.00, 0.23, 0.13, 0.00, 1.00, 1.00, 0.00, 1.00, 0.00, 0.00, 0.00, 0.00, 0.00, 0.00, 0.00, 0.00, 0.00, 0.00, 0.00, 0.00, 0.00, 0.00
590,  0,  19.785,  0.98,  1, 0.63, 0.16, 0.26, 0.91, 0.00, 0.00, 0.00, 0.00, 0.00, 0.00, 0.00, 0.07, 0.00, 0.00, 0.09, 0.12, 0.00, 1.00, 1.00, 0.00, 1.00, 0.00, 0.00, 0.00, 0.00, 0.00, 0.00, 0.00, 0.00, 0.00, 0.00, 0.00, 0.00, 0.00, 0.00
591,  0,  19.819,  0.98,  1, 0.64, 0.13, 0.28, 0.82, 0.00, 0.01, 0.00, 0.00, 0.00, 0.00, 0.00, 0.14, 0.00, 0.01, 0.14, 0.12, 0.00, 1.00, 1.00, 0.00, 1.00, 0.00, 0.00, 0.00, 0.00, 0.00, 0.00, 0.00, 0.00, 0.00, 0.00, 0.00, 0.00, 0.00, 0.00
592,  0,  19.852,  0.98,  1, 0.63, 0.12, 0.23, 0.58, 0.00, 0.01, 0.00, 0.00, 0.00, 0.00, 0.00, 0.17, 0.00, 0.01, 0.17, 0.11, 0.00, 1.00, 1.00, 0.00, 1.00, 0.00, 0.00, 0.00, 0.00, 0.00, 0.00, 0.00, 0.00, 0.00, 0.00, 0.00, 0.00, 0.00, 0.00
593,  0,  19.886,  0.98,  1, 0.52, 0.04, 0.25, 0.43, 0.00, 0.11, 0.00, 0.00, 0.00, 0.00, 0.00, 0.11, 0.00, 0.01, 0.15, 0.14, 0.00, 1.00, 1.00, 0.00, 1.00, 0.00, 0.00, 0.00, 0.00, 0.00, 0.00, 0.00, 0.00, 0.00, 1.00, 0.00, 0.00, 0.00, 0.00
594,  0,  19.919,  0.98,  1, 0.50, 0.05, 0.27, 0.26, 0.00, 0.10, 0.00, 0.00, 0.00, 0.00, 0.05, 0.13, 0.00, 0.03, 0.19, 0.14, 0.00, 1.00, 1.00, 0.00, 1.00, 0.00, 0.00, 0.00, 0.00, 0.00, 0.00, 0.00, 0.00, 0.00, 0.00, 0.00, 0.00, 0.00, 0.00
595,  0,  19.953,  0.98,  1, 0.57, 0.15, 0.31, 0.27, 0.00, 0.10, 0.00, 0.00, 0.00, 0.00, 0.05, 0.12, 0.00, 0.06, 0.25, 0.24, 0.00, 1.00, 1.00, 0.00, 1.00, 0.00, 0.00, 0.00, 0.00, 0.00, 0.00, 0.00, 0.00, 0.00, 0.00, 0.00, 0.00, 0.00, 0.00
596,  0,  19.986,  0.98,  1, 0.65, 0.21, 0.31, 0.19, 0.00, 0.00, 0.00, 0.00, 0.00, 0.00, 0.05, 0.24, 0.00, 0.06, 0.26, 0.19, 0.00, 1.00, 1.00, 0.00, 1.00, 0.00, 0.00, 0.00, 0.00, 0.00, 0.00, 0.00, 0.00, 0.00, 0.00, 0.00, 0.00, 0.00, 0.00
597,  0,  20.020,  0.98,  1, 0.65, 0.26, 0.26, 0.11, 0.00, 0.00, 0.00, 0.00, 0.00, 0.00, 0.09, 0.36, 0.00, 0.02, 0.16, 0.21, 0.00, 1.00, 1.00, 0.00, 1.00, 0.00, 0.00, 0.00, 0.00, 0.00, 0.00, 0.00, 0.00, 0.00, 0.00, 0.00, 0.00, 0.00, 0.00
598,  0,  20.054,  0.98,  1, 0.51, 0.30, 0.29, 0.04, 0.00, 0.09, 0.00, 0.00, 0.00, 0.00, 0.09, 0.42, 0.00, 0.00, 0.22, 0.17, 0.00, 1.00, 1.00, 0.00, 1.00, 0.00, 0.00, 0.00, 0.00, 0.00, 0.00, 0.00, 0.00, 0.00, 0.00, 0.00, 0.00, 0.00, 0.00
599,  0,  20.087,  0.98,  1, 0.52, 0.32, 0.25, 0.01, 0.00, 0.09, 0.00, 0.00, 0.00, 0.00, 0.09, 0.37, 0.00, 0.00, 0.22, 0.17, 0.00, 1.00, 1.00, 0.00, 1.00, 0.00, 0.00, 0.00, 0.00, 0.00, 0.00, 0.00, 0.00, 0.00, 0.00, 0.00, 0.00, 0.00, 0.00
600,  0,  20.121,  0.98,  1, 0.54, 0.31, 0.34, 0.00, 0.00, 0.09, 0.00, 0.00, 0.00, 0.00, 0.00, 0.15, 0.00, 0.00, 0.33, 0.23, 0.00, 1.00, 1.00, 0.00, 1.00, 0.00, 0.00, 0.00, 0.00, 0.00, 0.00, 0.00, 0.00, 0.00, 0.00, 0.00, 0.00, 0.00, 0.00
601,  0,  20.154,  0.98,  1, 0.50, 0.15, 0.29, 0.00, 0.00, 0.00, 0.00, 0.00, 0.00, 0.00, 0.00, 0.22, 0.00, 0.04, 0.14, 0.13, 0.00, 1.00, 1.00, 0.00, 1.00, 0.00, 0.00, 0.00, 0.00, 0.00, 0.00, 0.00, 0.00, 0.00, 1.00, 0.00, 0.00, 0.00, 0.00
602,  0,  20.188,  0.98,  1, 0.45, 0.19, 0.22, 0.00, 0.00, 0.00, 0.00, 0.00, 0.00, 0.00, 0.00, 0.26, 0.03, 0.07, 0.19, 0.16, 0.00, 1.00, 1.00, 0.00, 1.00, 0.00, 0.00, 0.00, 0.00, 0.00, 0.00, 0.00, 0.00, 0.00, 1.00, 0.00, 0.00, 0.00, 0.00
603,  0,  20.222,  0.98,  1, 0.45, 0.18, 0.15, 0.00, 0.00, 0.00, 0.00, 0.00, 0.00, 0.00, 0.00, 0.26, 0.03, 0.07, 0.08, 0.08, 0.00, 1.00, 1.00, 0.00, 1.00, 0.00, 0.00, 0.00, 0.00, 0.00, 0.00, 0.00, 0.00, 0.00, 1.00, 0.00, 0.00, 0.00, 0.00
604,  0,  20.255,  0.98,  1, 0.39, 0.17, 0.09, 0.00, 0.00, 0.00, 0.00, 0.00, 0.00, 0.00, 0.00, 0.14, 0.08, 0.10, 0.17, 0.17, 0.00, 1.00, 1.00, 0.00, 1.00, 0.00, 0.00, 0.00, 0.00, 0.00, 0.00, 0.00, 0.00, 0.00, 1.00, 0.00, 0.00, 0.00, 0.00
605,  0,  20.289,  0.98,  1, 0.35, 0.11, 0.17, 0.00, 0.00, 0.06, 0.00, 0.00, 0.00, 0.00, 0.00, 0.05, 0.04, 0.12, 0.09, 0.28, 0.00, 1.00, 1.00, 0.00, 1.00, 0.00, 0.00, 0.00, 0.00, 0.00, 0.00, 0.00, 0.00, 0.00, 1.00, 0.00, 0.00, 0.00, 0.00
606,  0,  20.322,  0.98,  1, 0.39, 0.10, 0.23, 0.00, 0.00, 0.28, 0.00, 0.00, 0.00, 0.00, 0.00, 0.07, 0.04, 0.12, 0.09, 0.33, 0.00, 1.00, 1.00, 0.00, 1.00, 0.00, 0.00, 0.00, 0.00, 0.00, 0.00, 0.00, 0.00, 0.00, 1.00, 0.00, 0.00, 0.00, 0.00
607,  0,  20.356,  0.98,  1, 0.49, 0.17, 0.30, 0.00, 0.00, 0.40, 0.00, 0.00, 0.00, 0.00, 0.00, 0.07, 0.00, 0.04, 0.00, 0.28, 0.00, 1.00, 1.00, 0.00, 1.00, 0.00, 0.00, 0.00, 0.00, 0.00, 0.00, 0.00, 0.00, 0.00, 1.00, 0.00, 0.00, 0.00, 0.00
608,  0,  20.390,  0.98,  1, 0.49, 0.24, 0.28, 0.04, 0.00, 0.34, 0.00, 0.00, 0.00, 0.00, 0.00, 0.13, 0.00, 0.00, 0.11, 0.31, 0.00, 1.00, 1.00, 0.00, 1.00, 0.00, 0.00, 0.00, 0.00, 0.00, 0.00, 0.00, 0.00, 0.00, 1.00, 0.00, 0.00, 0.00, 0.00
609,  0,  20.423,  0.98,  1, 0.39, 0.26, 0.23, 0.12, 0.00, 0.13, 0.00, 0.00, 0.00, 0.00, 0.00, 0.10, 0.00, 0.00, 0.20, 0.40, 0.00, 1.00, 1.00, 0.00, 1.00, 0.00, 0.00, 0.00, 0.00, 0.00, 0.00, 0.00, 0.00, 0.00, 1.00, 0.00, 0.00, 0.00, 0.00
610,  0,  20.457,  0.98,  1, 0.42, 0.27, 0.29, 0.12, 0.00, 0.10, 0.00, 0.00, 0.00, 0.00, 0.00, 0.13, 0.00, 0.00, 0.24, 0.34, 0.00, 1.00, 1.00, 0.00, 1.00, 0.00, 0.00, 0.00, 0.00, 0.00, 0.00, 0.00, 0.00, 0.00, 1.00, 0.00, 0.00, 0.00, 0.00
611,  0,  20.490,  0.98,  1, 0.50, 0.20, 0.28, 0.08, 0.00, 0.22, 0.00, 0.00, 0.00, 0.00, 0.00, 0.05, 0.00, 0.00, 0.31, 0.18, 0.00, 0.00, 1.00, 0.00, 1.00, 0.00, 0.00, 0.00, 0.00, 0.00, 0.00, 0.00, 0.00, 0.00, 0.00, 0.00, 0.00, 0.00, 0.00
612,  0,  20.524,  0.98,  1, 0.51, 0.13, 0.24, 0.00, 0.00, 0.23, 0.00, 0.00, 0.00, 0.00, 0.00, 0.13, 0.00, 0.00, 0.22, 0.04, 0.00, 0.00, 1.00, 0.00, 1.00, 0.00, 0.00, 0.00, 0.00, 0.00, 0.00, 0.00, 0.00, 0.00, 1.00, 0.00, 0.00, 0.00, 0.00
613,  0,  20.558,  0.98,  1, 0.48, 0.05, 0.15, 0.00, 0.00, 0.16, 0.00, 0.00, 0.00, 0.00, 0.00, 0.08, 0.13, 0.00, 0.18, 0.00, 0.00, 1.00, 1.00, 0.00, 1.00, 0.00, 0.00, 0.00, 0.00, 0.00, 0.00, 0.00, 0.00, 0.00, 1.00, 0.00, 0.00, 0.00, 0.00
614,  0,  20.591,  0.98,  1, 0.53, 0.01, 0.26, 0.00, 0.00, 0.08, 0.00, 0.00, 0.00, 0.00, 0.00, 0.08, 0.13, 0.02, 0.06, 0.00, 0.00, 1.00, 1.00, 0.00, 1.00, 0.00, 0.00, 0.00, 0.00, 0.00, 0.00, 0.00, 0.00, 0.00, 1.00, 0.00, 0.00, 0.00, 0.00
615,  0,  20.625,  0.98,  1, 0.61, 0.06, 0.37, 0.00, 0.00, 0.19, 0.00, 0.00, 0.00, 0.00, 0.00, 0.00, 0.13, 0.08, 0.20, 0.00, 0.00, 0.00, 1.00, 0.00, 1.00, 0.00, 0.00, 0.00, 0.00, 0.00, 0.00, 0.00, 0.00, 0.00, 1.00, 0.00, 0.00, 0.00, 0.00
616,  0,  20.658,  0.98,  1, 0.58, 0.06, 0.48, 0.00, 0.00, 0.20, 0.00, 0.00, 0.00, 0.00, 0.00, 0.01, 0.00, 0.08, 0.30, 0.07, 0.00, 0.00, 1.00, 0.00, 1.00, 0.00, 0.00, 0.00, 0.00, 0.00, 0.00, 0.00, 0.00, 0.00, 1.00, 0.00, 0.00, 0.00, 0.00
617,  0,  20.692,  0.98,  1, 0.38, 0.05, 0.44, 0.00, 0.00, 0.15, 0.00, 0.00, 0.00, 0.00, 0.00, 0.01, 0.00, 0.06, 0.39, 0.13, 0.00, 0.00, 1.00, 0.00, 1.00, 0.00, 0.00, 0.00, 0.00, 0.00, 0.00, 0.00, 0.00, 0.00, 1.00, 0.00, 0.00, 0.00, 0.00
618,  0,  20.725,  0.98,  1, 0.26, 0.00, 0.45, 0.01, 0.00, 0.07, 0.00, 0.00, 0.00, 0.00, 0.00, 0.01, 0.03, 0.01, 0.50, 0.13, 0.00, 0.00, 1.00, 0.00, 1.00, 0.00, 0.00, 0.00, 0.00, 0.00, 0.00, 0.00, 0.00, 0.00, 1.00, 0.00, 0.00, 0.00, 0.00
619,  0,  20.759,  0.98,  1, 0.21, 0.00, 0.45, 0.01, 0.00, 0.19, 0.00, 0.00, 0.00, 0.00, 0.00, 0.02, 0.03, 0.01, 0.50, 0.08, 0.00, 0.00, 1.00, 0.00, 1.00, 0.00, 0.00, 0.00, 0.00, 0.00, 0.00, 0.00, 0.00, 0.00, 0.00, 0.00, 0.00, 0.00, 0.00
620,  0,  20.793,  0.98,  1, 0.26, 0.00, 0.55, 0.07, 0.00, 0.37, 0.00, 0.00, 0.00, 0.00, 0.00, 0.11, 0.03, 0.00, 0.44, 0.17, 0.00, 0.00, 1.00, 0.00, 1.00, 0.00, 0.00, 0.00, 0.00, 0.00, 0.00, 0.00, 0.00, 0.00, 0.00, 0.00, 0.00, 0.00, 0.00
621,  0,  20.826,  0.98,  1, 0.32, 0.00, 0.65, 0.13, 0.00, 0.44, 0.00, 0.00, 0.00, 0.00, 0.00, 0.11, 0.00, 0.00, 0.33, 0.33, 0.00, 0.00, 1.00, 0.00, 1.00, 0.00, 0.00, 0.00, 0.00, 0.00, 0.00, 0.00, 0.00, 0.00, 0.00, 0.00, 0.00, 0.00, 0.00
622,  0,  20.860,  0.98,  1, 0.31, 0.00, 0.66, 0.18, 0.00, 0.29, 0.00, 0.00, 0.00, 0.00, 0.00, 0.09, 0.00, 0.00, 0.25, 0.40, 0.00, 0.00, 1.00, 0.00, 1.00, 0.00, 0.00, 0.00, 0.00, 0.00, 0.00, 0.00, 0.00, 0.00, 0.00, 0.00, 0.00, 0.00, 0.00
623,  0,  20.893,  0.98,  1, 0.25, 0.00, 0.65, 0.11, 0.00, 0.19, 0.00, 0.00, 0.00, 0.00, 0.00, 0.00, 0.00, 0.02, 0.25, 0.47, 0.00, 0.00, 1.00, 0.00, 1.00, 0.00, 0.00, 0.00, 0.00, 0.00, 0.00, 0.00, 0.00, 0.00, 0.00, 0.00, 0.00, 0.00, 0.00
624,  0,  20.927,  0.98,  1, 0.12, 0.00, 0.59, 0.06, 0.00, 0.08, 0.00, 0.00, 0.00, 0.00, 0.00, 0.02, 0.00, 0.02, 0.28, 0.45, 0.00, 0.00, 1.00, 0.00, 1.00, 0.00, 0.00, 0.00, 0.00, 0.00, 0.00, 0.00, 0.00, 0.00, 0.00, 0.00, 0.00, 0.00, 0.00
625,  0,  20.961,  0.98,  1, 0.10, 0.00, 0.63, 0.02, 0.00, 0.23, 0.00, 0.00, 0.00, 0.00, 0.00, 0.02, 0.00, 0.02, 0.32, 0.49, 0.06, 0.00, 1.00, 0.00, 1.00, 0.00, 0.00, 0.00, 0.00, 0.00, 0.00, 0.00, 0.00, 0.00, 0.00, 0.00, 0.00, 0.00, 0.00
626,  0,  20.994,  0.98,  1, 0.21, 0.12, 0.75, 0.02, 0.00, 0.20, 0.00, 0.00, 0.00, 0.00, 0.00, 0.29, 0.00, 0.00, 0.36, 0.42, 0.92, 0.00, 1.00, 0.00, 1.00, 0.00, 0.00, 0.00, 0.00, 0.00, 0.00, 0.00, 0.00, 0.00, 0.00, 0.00, 0.00, 0.00, 0.00
627,  0,  21.028,  0.98,  1, 0.28, 0.12, 0.91, 0.00, 0.00, 0.20, 0.00, 0.00, 0.00, 0.00, 0.00, 0.36, 0.07, 0.00, 0.35, 0.41, 1.89, 0.00, 1.00, 0.00, 0.00, 0.00, 0.00, 0.00, 0.00, 0.00, 0.00, 0.00, 0.00, 0.00, 0.00, 0.00, 0.00, 0.00, 1.00
628,  0,  21.061,  0.98,  1, 0.31, 0.26, 1.02, 0.00, 0.00, 0.13, 0.00, 0.00, 0.00, 0.00, 0.00, 0.48, 0.07, 0.00, 0.32, 0.28, 2.32, 0.00, 1.00, 0.00, 0.00, 0.00, 0.00, 0.00, 0.00, 0.00, 0.00, 0.00, 0.00, 0.00, 0.00, 0.00, 0.00, 0.00, 1.00
629,  0,  21.095,  0.98,  1, 0.16, 0.14, 1.01, 0.00, 0.00, 0.18, 0.00, 0.00, 0.00, 0.00, 0.00, 0.20, 0.07, 0.00, 0.31, 0.27, 1.55, 0.00, 1.00, 0.00, 0.00, 0.00, 0.00, 0.00, 0.00, 0.00, 0.00, 0.00, 0.00, 0.00, 0.00, 0.00, 0.00, 0.00, 1.00
630,  0,  21.129,  0.98,  1, 0.09, 0.14, 0.95, 0.00, 0.00, 0.53, 0.00, 0.00, 0.00, 0.00, 0.00, 0.27, 0.00, 0.01, 0.24, 0.17, 0.59, 0.00, 0.00, 0.00, 0.00, 0.00, 0.00, 0.00, 0.00, 0.00, 0.00, 0.00, 0.00, 0.00, 0.00, 0.00, 0.00, 0.00, 1.00
631,  0,  21.162,  0.98,  1, 0.00, 0.00, 0.93, 0.00, 0.00, 0.63, 0.00, 0.00, 0.00, 0.00, 0.00, 0.22, 0.00, 0.03, 0.36, 0.17, 0.10, 0.00, 0.00, 0.00, 0.00, 0.00, 0.00, 0.00, 0.00, 0.00, 0.00, 0.00, 0.00, 0.00, 0.00, 0.00, 0.00, 0.00, 1.00
632,  0,  21.196,  0.98,  1, 0.00, 0.00, 0.93, 0.00, 0.00, 0.78, 0.00, 0.00, 0.00, 0.00, 0.00, 0.35, 0.00, 0.06, 0.47, 0.24, 0.00, 0.00, 0.00, 0.00, 0.00, 0.00, 0.00, 0.00, 0.00, 0.00, 0.00, 0.00, 0.00, 0.00, 0.00, 0.00, 0.00, 0.00, 1.00
633,  0,  21.229,  0.98,  1, 0.00, 0.00, 0.92, 0.00, 0.00, 0.79, 0.00, 0.00, 0.00, 0.00, 0.00, 0.35, 0.00, 0.05, 0.47, 0.35, 0.23, 0.00, 0.00, 0.00, 0.00, 0.00, 0.00, 0.00, 0.00, 0.00, 0.00, 0.00, 0.00, 0.00, 1.00, 0.00, 0.00, 0.00, 1.00
634,  0,  21.263,  0.98,  1, 0.08, 0.04, 0.96, 0.00, 0.00, 0.62, 0.00, 0.00, 0.00, 0.00, 0.00, 0.49, 0.00, 0.03, 0.35, 0.36, 1.26, 0.00, 0.00, 0.00, 0.00, 0.00, 0.00, 0.00, 0.00, 0.00, 0.00, 0.00, 0.00, 0.00, 1.00, 0.00, 0.00, 0.00, 1.00
635,  0,  21.297,  0.98,  1, 0.15, 0.04, 1.06, 0.00, 0.00, 0.44, 0.00, 0.00, 0.00, 0.00, 0.00, 0.43, 0.00, 0.00, 0.29, 0.16, 2.06, 0.00, 0.00, 0.00, 0.00, 0.00, 0.00, 0.00, 0.00, 0.00, 0.00, 0.00, 0.00, 0.00, 1.00, 0.00, 0.00, 0.00, 1.00
636,  0,  21.330,  0.98,  1, 0.15, 0.04, 1.11, 0.00, 0.00, 0.27, 0.00, 0.00, 0.00, 0.00, 0.05, 0.28, 0.00, 0.00, 0.21, 0.04, 2.47, 0.00, 0.00, 0.00, 0.00, 0.00, 0.00, 0.00, 0.00, 0.00, 0.00, 0.00, 0.00, 0.00, 0.00, 0.00, 0.00, 0.00, 1.00
637,  0,  21.364,  0.98,  1, 0.07, 0.00, 0.93, 0.00, 0.00, 0.48, 0.00, 0.00, 0.00, 0.00, 0.05, 0.16, 0.00, 0.00, 0.31, 0.11, 1.74, 0.00, 1.00, 0.00, 0.00, 0.00, 0.00, 0.00, 0.00, 0.00, 0.00, 0.00, 0.00, 0.00, 0.00, 0.00, 0.00, 0.00, 1.00
638,  0,  21.397,  0.98,  1, 0.00, 0.01, 0.74, 0.00, 0.00, 0.69, 0.00, 0.00, 0.00, 0.00, 0.05, 0.23, 0.00, 0.04, 0.26, 0.35, 1.19, 0.00, 1.00, 0.00, 0.00, 0.00, 0.00, 0.00, 0.00, 0.00, 0.00, 0.00, 0.00, 0.00, 0.00, 0.00, 0.00, 0.00, 1.00
639,  0,  21.431,  0.98,  1, 0.00, 0.01, 0.60, 0.00, 0.00, 0.88, 0.00, 0.00, 0.00, 0.00, 0.15, 0.39, 0.00, 0.04, 0.38, 0.32, 0.68, 0.00, 0.00, 0.00, 0.00, 0.00, 0.00, 0.00, 0.00, 0.00, 0.00, 0.00, 0.00, 0.00, 0.00, 0.00, 0.00, 0.00, 0.00
640,  0,  21.464,  0.98,  1, 0.00, 0.01, 0.65, 0.00, 0.00, 0.95, 0.00, 0.00, 0.00, 0.00, 0.15, 0.45, 0.00, 0.04, 0.34, 0.26, 0.39, 0.00, 0.00, 0.00, 0.00, 0.00, 0.00, 0.00, 0.00, 0.00, 0.00, 0.00, 0.00, 0.00, 0.00, 0.00, 0.00, 0.00, 0.00
641,  0,  21.498,  0.98,  1, 0.00, 0.00, 0.59, 0.00, 0.00, 0.94, 0.00, 0.00, 0.00, 0.00, 0.24, 0.45, 0.00, 0.00, 0.34, 0.19, 0.23, 0.00, 0.00, 0.00, 0.00, 0.00, 0.00, 0.00, 0.00, 0.00, 0.00, 0.00, 0.00, 0.00, 0.00, 0.00, 0.00, 0.00, 0.00
642,  0,  21.532,  0.98,  1, 0.00, 0.00, 0.49, 0.00, 0.00, 0.65, 0.00, 0.00, 0.00, 0.00, 0.09, 0.31, 0.00, 0.00, 0.29, 0.22, 0.11, 0.00, 1.00, 0.00, 0.00, 0.00, 0.00, 0.00, 0.00, 0.00, 0.00, 0.00, 0.00, 0.00, 0.00, 0.00, 0.00, 0.00, 0.00
643,  0,  21.565,  0.98,  1, 0.00, 0.00, 0.34, 0.00, 0.00, 0.53, 0.00, 0.00, 0.00, 0.00, 0.09, 0.30, 0.00, 0.00, 0.31, 0.21, 0.09, 0.00, 1.00, 0.00, 0.00, 0.00, 0.00, 0.00, 0.00, 0.00, 0.00, 0.00, 0.00, 0.00, 0.00, 0.00, 0.00, 0.00, 0.00
644,  0,  21.599,  0.98,  1, 0.00, 0.01, 0.31, 0.00, 0.00, 0.64, 0.00, 0.00, 0.00, 0.00, 0.00, 0.32, 0.00, 0.00, 0.32, 0.03, 0.00, 0.00, 0.00, 0.00, 0.00, 0.00, 0.00, 0.00, 0.00, 0.00, 0.00, 0.00, 0.00, 0.00, 0.00, 0.00, 0.00, 0.00, 0.00
645,  0,  21.632,  0.98,  1, 0.00, 0.01, 0.32, 0.00, 0.00, 0.82, 0.00, 0.00, 0.00, 0.00, 0.00, 0.30, 0.00, 0.00, 0.46, 0.03, 0.00, 0.00, 0.00, 0.00, 0.00, 0.00, 0.00, 0.00, 0.00, 0.00, 0.00, 0.00, 0.00, 0.00, 0.00, 0.00, 0.00, 0.00, 0.00
646,  0,  21.666,  0.98,  1, 0.00, 0.01, 0.36, 0.00, 0.00, 0.86, 0.00, 0.00, 0.00, 0.00, 0.00, 0.15, 0.00, 0.06, 0.44, 0.03, 0.00, 0.00, 1.00, 0.00, 0.00, 0.00, 0.00, 0.00, 0.00, 0.00, 0.00, 0.00, 0.00, 0.00, 0.00, 0.00, 0.00, 0.00, 0.00
647,  0,  21.700,  0.98,  1, 0.00, 0.00, 0.36, 0.00, 0.00, 0.81, 0.00, 0.00, 0.00, 0.00, 0.00, 0.01, 0.00, 0.07, 0.32, 0.13, 0.00, 0.00, 1.00, 0.00, 0.00, 0.00, 0.00, 0.00, 0.00, 0.00, 0.00, 0.00, 0.00, 0.00, 0.00, 0.00, 0.00, 0.00, 0.00
648,  0,  21.733,  0.98,  1, 0.00, 0.00, 0.34, 0.00, 0.00, 0.75, 0.00, 0.00, 0.00, 0.00, 0.04, 0.00, 0.00, 0.14, 0.17, 0.15, 0.18, 0.00, 1.00, 0.00, 0.00, 0.00, 0.00, 0.00, 0.00, 0.00, 0.00, 0.00, 0.00, 0.00, 0.00, 0.00, 0.00, 0.00, 0.00
649,  0,  21.767,  0.98,  1, 0.00, 0.00, 0.47, 0.00, 0.00, 0.52, 0.00, 0.00, 0.00, 0.00, 0.07, 0.17, 0.00, 0.09, 0.08, 0.16, 0.92, 0.00, 1.00, 0.00, 0.00, 0.00, 0.00, 0.00, 0.00, 0.00, 0.00, 0.00, 0.00, 0.00, 0.00, 0.00, 0.00, 0.00, 1.00
650,  0,  21.800,  0.98,  1, 0.00, 0.00, 0.55, 0.00, 0.00, 0.31, 0.05, 0.00, 0.00, 0.00, 0.07, 0.35, 0.00, 0.13, 0.06, 0.05, 1.87, 0.00, 1.00, 0.00, 0.00, 0.00, 0.00, 0.00, 0.00, 0.00, 0.00, 0.00, 0.00, 0.00, 0.00, 0.00, 0.00, 0.00, 1.00
651,  0,  21.834,  0.98,  1, 0.00, 0.00, 0.81, 0.00, 0.00, 0.08, 0.05, 0.00, 0.00, 0.00, 0.07, 0.56, 0.00, 0.06, 0.00, 0.08, 2.42, 0.00, 1.00, 0.00, 0.00, 0.00, 0.00, 0.00, 0.00, 0.00, 0.00, 0.00, 0.00, 0.00, 0.00, 0.00, 0.00, 0.00, 1.00
652,  0,  21.868,  0.98,  1, 0.00, 0.00, 0.81, 0.00, 0.00, 0.08, 0.05, 0.00, 0.00, 0.00, 0.05, 0.51, 0.00, 0.08, 0.05, 0.07, 2.11, 0.00, 1.00, 0.00, 0.00, 0.00, 0.00, 0.00, 0.00, 0.00, 0.00, 0.00, 0.00, 0.00, 0.00, 0.00, 0.00, 0.00, 1.00
653,  0,  21.901,  0.98,  1, 0.00, 0.00, 0.92, 0.00, 0.00, 0.14, 0.00, 0.00, 0.00, 0.00, 0.05, 0.52, 0.00, 0.06, 0.07, 0.07, 1.45, 0.00, 0.00, 0.00, 0.00, 0.00, 0.00, 0.00, 0.00, 0.00, 0.00, 0.00, 0.00, 0.00, 0.00, 0.00, 0.00, 0.00, 1.00
654,  0,  21.935,  0.98,  1, 0.00, 0.00, 0.78, 0.00, 0.00, 0.34, 0.00, 0.00, 0.00, 0.00, 0.00, 0.45, 0.00, 0.06, 0.08, 0.00, 0.86, 0.00, 0.00, 0.00, 0.00, 0.00, 0.00, 0.00, 0.00, 0.00, 0.00, 0.00, 0.00, 0.00, 0.00, 0.00, 0.00, 0.00, 1.00
655,  0,  21.968,  0.98,  1, 0.00, 0.00, 0.76, 0.00, 0.00, 0.63, 0.00, 0.00, 0.00, 0.00, 0.00, 0.37, 0.00, 0.03, 0.12, 0.00, 0.50, 0.00, 0.00, 0.00, 0.00, 0.00, 0.00, 0.00, 0.00, 0.00, 0.00, 0.00, 0.00, 0.00, 0.00, 0.00, 0.00, 0.00, 1.00
656,  0,  22.002,  0.98,  1, 0.00, 0.00, 0.64, 0.00, 0.00, 0.71, 0.00, 0.00, 0.00, 0.00, 0.00, 0.27, 0.00, 0.06, 0.11, 0.00, 0.23, 0.00, 0.00, 0.00, 0.00, 0.00, 0.00, 0.00, 0.00, 0.00, 0.00, 0.00, 0.00, 0.00, 0.00, 0.00, 0.00, 0.00, 0.00
657,  0,  22.036,  0.98,  1, 0.00, 0.00, 0.57, 0.00, 0.00, 0.63, 0.00, 0.00, 0.00, 0.00, 0.00, 0.34, 0.00, 0.12, 0.16, 0.01, 0.16, 0.00, 0.00, 0.00, 0.00, 0.00, 0.00, 0.00, 0.00, 0.00, 0.00, 0.00, 0.00, 0.00, 0.00, 0.00, 0.00, 0.00, 0.00
658,  0,  22.069,  0.98,  1, 0.00, 0.00, 0.57, 0.00, 0.00, 0.59, 0.00, 0.00, 0.00, 0.00, 0.00, 0.46, 0.00, 0.13, 0.12, 0.13, 0.08, 0.00, 0.00, 0.00, 0.00, 0.00, 0.00, 0.00, 0.00, 0.00, 0.00, 0.00, 0.00, 0.00, 0.00, 0.00, 0.00, 0.00, 0.00
659,  0,  22.103,  0.98,  1, 0.00, 0.00, 0.70, 0.00, 0.00, 0.68, 0.00, 0.00, 0.00, 0.00, 0.00, 0.59, 0.00, 0.08, 0.12, 0.13, 0.07, 0.00, 0.00, 0.00, 0.00, 0.00, 0.00, 0.00, 0.00, 0.00, 0.00, 0.00, 0.00, 0.00, 0.00, 0.00, 0.00, 0.00, 0.00
660,  0,  22.136,  0.98,  1, 0.00, 0.00, 0.83, 0.00, 0.00, 0.82, 0.00, 0.00, 0.00, 0.00, 0.04, 0.60, 0.00, 0.06, 0.16, 0.25, 0.00, 0.00, 0.00, 0.00, 0.00, 0.00, 0.00, 0.00, 0.00, 0.00, 0.00, 0.00, 0.00, 0.00, 0.00, 0.00, 0.00, 0.00, 0.00
661,  0,  22.170,  0.98,  1, 0.00, 0.00, 0.91, 0.00, 0.00, 0.94, 0.00, 0.00, 0.00, 0.00, 0.16, 0.59, 0.00, 0.12, 0.11, 0.16, 0.00, 0.00, 0.00, 0.00, 0.00, 0.00, 0.00, 0.00, 0.00, 0.00, 0.00, 0.00, 1.00, 0.00, 0.00, 0.00, 0.00, 0.00, 0.00
662,  0,  22.203,  0.98,  1, 0.00, 0.00, 0.90, 0.00, 0.00, 0.84, 0.00, 0.00, 0.00, 0.00, 0.33, 0.54, 0.01, 0.16, 0.11, 0.15, 0.00, 0.00, 0.00, 0.00, 0.00, 0.00, 0.00, 0.00, 0.00, 0.00, 0.00, 0.00, 1.00, 0.00, 0.00, 0.00, 0.00, 0.00, 0.00
663,  0,  22.237,  0.98,  1, 0.00, 0.00, 0.90, 0.00, 0.00, 0.75, 0.00, 0.00, 0.00, 0.00, 0.30, 0.56, 0.01, 0.15, 0.00, 0.05, 0.00, 0.00, 0.00, 0.00, 0.00, 0.00, 0.00, 0.00, 0.00, 0.00, 0.00, 0.00, 1.00, 0.00, 0.00, 0.00, 0.00, 0.00, 0.00
664,  0,  22.271,  0.98,  1, 0.00, 0.00, 0.82, 0.00, 0.00, 0.73, 0.00, 0.00, 0.00, 0.00, 0.18, 0.73, 0.01, 0.09, 0.00, 0.09, 0.00, 0.00, 0.00, 0.00, 0.00, 0.00, 0.00, 0.00, 0.00, 0.00, 0.00, 0.00, 1.00, 0.00, 0.00, 0.00, 0.00, 0.00, 0.00
665,  0,  22.304,  0.98,  1, 0.00, 0.00, 0.86, 0.00, 0.00, 0.78, 0.00, 0.00, 0.00, 0.00, 0.06, 0.79, 0.00, 0.04, 0.00, 0.09, 0.00, 0.00, 0.00, 0.00, 1.00, 0.00, 0.00, 0.00, 0.00, 0.00, 0.00, 0.00, 1.00, 0.00, 0.00, 0.00, 0.00, 0.00, 0.00
666,  0,  22.338,  0.98,  1, 0.03, 0.00, 0.84, 0.11, 0.00, 0.90, 0.00, 0.00, 0.00, 0.00, 0.08, 0.72, 0.00, 0.05, 0.04, 0.07, 0.00, 0.00, 0.00, 0.00, 1.00, 0.00, 0.00, 0.00, 0.00, 0.00, 0.00, 0.00, 1.00, 0.00, 0.00, 0.00, 0.00, 0.00, 0.00
667,  0,  22.371,  0.98,  1, 0.03, 0.00, 0.90, 0.11, 0.00, 0.82, 0.03, 0.00, 0.00, 0.00, 0.13, 0.58, 0.00, 0.06, 0.04, 0.00, 0.00, 0.00, 0.00, 0.00, 1.00, 0.00, 0.00, 0.00, 0.00, 0.00, 0.00, 0.00, 1.00, 0.00, 1.00, 0.00, 0.00, 0.00, 0.00
668,  0,  22.405,  0.98,  1, 0.04, 0.00, 0.88, 0.11, 0.00, 0.80, 0.03, 0.00, 0.00, 0.00, 0.22, 0.56, 0.02, 0.06, 0.04, 0.00, 0.00, 0.00, 0.00, 0.00, 1.00, 0.00, 0.00, 0.00, 0.00, 0.00, 0.00, 0.00, 1.00, 0.00, 0.00, 0.00, 0.00, 0.00, 0.00
669,  0,  22.439,  0.98,  1, 0.02, 0.00, 0.92, 0.00, 0.00, 0.74, 0.03, 0.00, 0.00, 0.00, 0.34, 0.66, 0.02, 0.04, 0.00, 0.00, 0.00, 0.00, 0.00, 0.00, 1.00, 0.00, 0.00, 0.00, 0.00, 0.00, 0.00, 0.00, 1.00, 0.00, 0.00, 0.00, 0.00, 0.00, 0.00
670,  0,  22.472,  0.98,  1, 0.02, 0.00, 0.86, 0.00, 0.00, 0.83, 0.00, 0.00, 0.00, 0.00, 0.32, 0.61, 0.02, 0.07, 0.08, 0.20, 0.00, 0.00, 0.00, 0.00, 1.00, 0.00, 0.00, 0.00, 0.00, 0.00, 0.00, 0.00, 1.00, 0.00, 1.00, 0.00, 0.00, 0.00, 0.00
671,  0,  22.506,  0.98,  1, 0.00, 0.00, 0.84, 0.00, 0.00, 0.93, 0.00, 0.00, 0.00, 0.00, 0.19, 0.55, 0.00, 0.07, 0.08, 0.20, 0.00, 0.00, 0.00, 0.00, 0.00, 0.00, 0.00, 0.00, 0.00, 0.00, 0.00, 0.00, 1.00, 0.00, 1.00, 0.00, 0.00, 0.00, 0.00
672,  0,  22.539,  0.98,  1, 0.02, 0.00, 0.77, 0.00, 0.00, 0.93, 0.00, 0.00, 0.00, 0.00, 0.09, 0.46, 0.00, 0.06, 0.09, 0.24, 0.00, 0.00, 0.00, 0.00, 0.00, 0.00, 0.00, 0.00, 0.00, 0.00, 0.00, 0.00, 1.00, 0.00, 1.00, 0.00, 0.00, 0.00, 0.00
673,  0,  22.573,  0.98,  1, 0.05, 0.00, 0.80, 0.00, 0.00, 0.87, 0.00, 0.00, 0.00, 0.00, 0.06, 0.41, 0.00, 0.03, 0.01, 0.04, 0.00, 0.00, 0.00, 0.00, 0.00, 0.00, 0.00, 0.00, 0.00, 0.00, 0.00, 0.00, 1.00, 0.00, 1.00, 0.00, 0.00, 0.00, 0.00
674,  0,  22.607,  0.98,  1, 0.06, 0.00, 0.78, 0.00, 0.00, 0.90, 0.00, 0.00, 0.00, 0.00, 0.12, 0.48, 0.00, 0.03, 0.08, 0.07, 0.00, 0.00, 0.00, 0.00, 0.00, 0.00, 0.00, 0.00, 0.00, 0.00, 0.00, 0.00, 1.00, 0.00, 1.00, 0.00, 0.00, 0.00, 0.00
675,  0,  22.640,  0.98,  1, 0.07, 0.00, 0.85, 0.00, 0.00, 0.97, 0.00, 0.00, 0.00, 0.00, 0.15, 0.46, 0.03, 0.01, 0.14, 0.03, 0.00, 0.00, 0.00, 0.00, 0.00, 0.00, 0.00, 0.00, 0.00, 0.00, 0.00, 0.00, 1.00, 0.00, 1.00, 0.00, 0.00, 0.00, 0.00
676,  0,  22.674,  0.98,  1, 0.04, 0.00, 0.82, 0.00, 0.00, 0.95, 0.00, 0.00, 0.00, 0.00, 0.24, 0.59, 0.03, 0.00, 0.14, 0.11, 0.00, 0.00, 0.00, 0.00, 0.00, 0.00, 0.00, 0.00, 0.00, 0.00, 0.00, 0.00, 0.00, 0.00, 1.00, 0.00, 0.00, 0.00, 0.00
677,  0,  22.707,  0.98,  1, 0.03, 0.00, 0.80, 0.00, 0.00, 0.86, 0.00, 0.00, 0.00, 0.00, 0.19, 0.54, 0.03, 0.00, 0.09, 0.08, 0.00, 0.00, 0.00, 0.00, 0.00, 0.00, 0.00, 0.00, 0.00, 0.00, 0.00, 0.00, 0.00, 0.00, 1.00, 0.00, 0.00, 0.00, 0.00
678,  0,  22.741,  0.98,  1, 0.00, 0.00, 0.75, 0.00, 0.00, 0.83, 0.00, 0.00, 0.00, 0.00, 0.13, 0.58, 0.00, 0.00, 0.03, 0.07, 0.00, 0.00, 0.00, 0.00, 0.00, 0.00, 0.00, 0.00, 0.00, 0.00, 0.00, 0.00, 0.00, 0.00, 1.00, 0.00, 0.00, 0.00, 0.00
679,  0,  22.775,  0.98,  1, 0.00, 0.00, 0.89, 0.00, 0.00, 0.88, 0.00, 0.00, 0.00, 0.00, 0.16, 0.52, 0.00, 0.00, 0.04, 0.00, 0.00, 0.00, 0.00, 0.00, 1.00, 0.00, 0.00, 0.00, 0.00, 0.00, 0.00, 0.00, 0.00, 0.00, 1.00, 0.00, 0.00, 0.00, 0.00
680,  0,  22.808,  0.98,  1, 0.00, 0.00, 0.95, 0.00, 0.00, 1.01, 0.00, 0.00, 0.00, 0.00, 0.29, 0.52, 0.00, 0.00, 0.06, 0.00, 0.00, 0.00, 0.00, 0.00, 1.00, 0.00, 0.00, 0.00, 0.00, 0.00, 0.00, 0.00, 0.00, 0.00, 1.00, 0.00, 0.00, 0.00, 0.00
681,  0,  22.842,  0.98,  1, 0.00, 0.00, 1.00, 0.01, 0.00, 1.05, 0.00, 0.00, 0.00, 0.00, 0.26, 0.45, 0.00, 0.00, 0.07, 0.00, 0.00, 0.00, 0.00, 0.00, 1.00, 0.00, 0.00, 0.00, 0.00, 0.00, 0.00, 0.00, 0.00, 0.00, 1.00, 0.00, 0.00, 0.00, 0.00
682,  0,  22.875,  0.98,  1, 0.00, 0.00, 0.95, 0.04, 0.00, 1.01, 0.00, 0.00, 0.00, 0.00, 0.20, 0.47, 0.00, 0.00, 0.17, 0.23, 0.00, 0.00, 0.00, 0.00, 1.00, 0.00, 0.00, 0.00, 0.00, 0.00, 0.00, 0.00, 0.00, 0.00, 1.00, 0.00, 0.00, 0.00, 0.00
683,  0,  22.909,  0.98,  1, 0.00, 0.00, 0.95, 0.13, 0.00, 0.97, 0.00, 0.00, 0.00, 0.00, 0.11, 0.55, 0.00, 0.00, 0.19, 0.35, 0.00, 0.00, 0.00, 0.00, 1.00, 0.00, 0.00, 0.00, 0.00, 0.00, 0.00, 0.00, 0.00, 0.00, 1.00, 0.00, 0.00, 0.00, 0.00
684,  0,  22.942,  0.98,  1, 0.00, 0.00, 0.94, 0.20, 0.00, 0.98, 0.00, 0.00, 0.00, 0.00, 0.24, 0.58, 0.00, 0.00, 0.20, 0.35, 0.00, 0.00, 0.00, 0.00, 1.00, 0.00, 0.00, 0.00, 0.00, 0.00, 0.00, 0.00, 0.00, 0.00, 1.00, 0.00, 0.00, 0.00, 0.00
685,  0,  22.976,  0.98,  1, 0.00, 0.00, 0.94, 0.24, 0.00, 1.10, 0.00, 0.00, 0.00, 0.00, 0.35, 0.59, 0.00, 0.00, 0.08, 0.12, 0.00, 0.00, 0.00, 0.00, 1.00, 0.00, 0.00, 0.00, 0.00, 0.00, 0.00, 0.00, 0.00, 0.00, 1.00, 0.00, 0.00, 0.00, 0.00
686,  0,  23.010,  0.98,  1, 0.00, 0.00, 0.98, 0.15, 0.00, 1.05, 0.00, 0.00, 0.00, 0.00, 0.39, 0.54, 0.00, 0.00, 0.02, 0.00, 0.00, 0.00, 0.00, 0.00, 1.00, 0.00, 0.00, 0.00, 0.00, 0.00, 0.00, 0.00, 0.00, 0.00, 1.00, 0.00, 0.00, 0.00, 0.00
687,  0,  23.043,  0.98,  1, 0.00, 0.00, 1.09, 0.09, 0.00, 1.16, 0.02, 0.00, 0.00, 0.00, 0.25, 0.58, 0.00, 0.00, 0.01, 0.16, 0.00, 0.00, 0.00, 1.00, 1.00, 0.00, 0.00, 0.00, 0.00, 0.00, 0.00, 0.00, 0.00, 0.00, 1.00, 0.00, 0.00, 0.00, 0.00
688,  0,  23.077,  0.98,  1, 0.00, 0.00, 1.19, 0.06, 0.00, 1.13, 0.03, 0.00, 0.00, 0.00, 0.11, 0.60, 0.00, 0.00, 0.01, 0.16, 0.00, 0.00, 0.00, 1.00, 1.00, 0.00, 0.00, 0.00, 0.00, 0.00, 0.00, 0.00, 0.00, 0.00, 1.00, 0.00, 0.00, 0.00, 0.00
689,  0,  23.110,  0.98,  1, 0.00, 0.00, 1.24, 0.08, 0.00, 1.33, 0.03, 0.00, 0.00, 0.00, 0.06, 0.58, 0.00, 0.00, 0.04, 0.23, 0.00, 0.00, 0.00, 1.00, 1.00, 0.00, 0.00, 0.00, 0.00, 0.00, 0.00, 0.00, 0.00, 0.00, 1.00, 0.00, 0.00, 0.00, 0.00
690,  0,  23.144,  0.98,  1, 0.00, 0.00, 1.24, 0.18, 0.00, 1.36, 0.01, 0.00, 0.00, 0.00, 0.18, 0.59, 0.00, 0.00, 0.03, 0.08, 0.00, 0.00, 0.00, 1.00, 1.00, 0.00, 0.00, 0.00, 0.00, 0.00, 0.00, 0.00, 1.00, 0.00, 0.00, 0.00, 0.00, 0.00, 0.00
691,  0,  23.178,  0.98,  1, 0.00, 0.00, 1.20, 0.13, 0.00, 1.29, 0.00, 0.00, 0.00, 0.00, 0.22, 0.57, 0.00, 0.00, 0.06, 0.20, 0.00, 0.00, 0.00, 1.00, 1.00, 0.00, 0.00, 0.00, 0.00, 0.00, 0.00, 0.00, 0.00, 0.00, 1.00, 0.00, 0.00, 0.00, 0.00
692,  0,  23.211,  0.98,  1, 0.00, 0.00, 1.21, 0.15, 0.00, 1.13, 0.00, 0.00, 0.00, 0.00, 0.22, 0.57, 0.00, 0.00, 0.12, 0.23, 0.00, 0.00, 0.00, 1.00, 1.00, 0.00, 0.00, 0.00, 0.00, 0.00, 0.00, 0.00, 0.00, 0.00, 0.00, 0.00, 0.00, 0.00, 0.00
693,  0,  23.245,  0.98,  1, 0.00, 0.00, 1.23, 0.05, 0.00, 1.05, 0.01, 0.00, 0.00, 0.00, 0.18, 0.49, 0.05, 0.00, 0.20, 0.33, 0.00, 0.00, 0.00, 1.00, 1.00, 0.00, 0.00, 0.00, 0.00, 0.00, 0.00, 0.00, 0.00, 0.00, 1.00, 0.00, 0.00, 0.00, 0.00
694,  0,  23.278,  0.98,  1, 0.00, 0.00, 1.28, 0.09, 0.00, 1.10, 0.01, 0.00, 0.00, 0.00, 0.11, 0.45, 0.10, 0.00, 0.27, 0.34, 0.00, 0.00, 0.00, 1.00, 1.00, 0.00, 0.00, 0.00, 0.00, 0.00, 0.00, 0.00, 0.00, 0.00, 1.00, 0.00, 0.00, 0.00, 0.00
695,  0,  23.312,  0.98,  1, 0.00, 0.00, 1.29, 0.04, 0.00, 1.09, 0.01, 0.00, 0.00, 0.00, 0.20, 0.44, 0.10, 0.00, 0.19, 0.23, 0.00, 0.00, 0.00, 1.00, 1.00, 0.00, 0.00, 0.00, 0.00, 0.00, 0.00, 0.00, 0.00, 0.00, 1.00, 0.00, 0.00, 0.00, 0.00
696,  0,  23.346,  0.98,  1, 0.00, 0.00, 1.26, 0.04, 0.00, 1.09, 0.00, 0.00, 0.00, 0.00, 0.24, 0.50, 0.12, 0.00, 0.11, 0.29, 0.00, 0.00, 0.00, 1.00, 1.00, 0.00, 0.00, 0.00, 0.00, 0.00, 0.00, 0.00, 0.00, 0.00, 1.00, 0.00, 0.00, 0.00, 0.00
697,  0,  23.379,  0.98,  1, 0.00, 0.00, 1.30, 0.00, 0.00, 1.20, 0.04, 0.00, 0.00, 0.00, 0.36, 0.56, 0.06, 0.00, 0.03, 0.20, 0.00, 0.00, 0.00, 1.00, 1.00, 0.00, 0.00, 0.00, 0.00, 0.00, 0.00, 0.00, 0.00, 0.00, 1.00, 0.00, 0.00, 0.00, 0.00
698,  0,  23.413,  0.98,  1, 0.00, 0.00, 1.32, 0.00, 0.00, 1.28, 0.08, 0.00, 0.00, 0.00, 0.28, 0.59, 0.06, 0.00, 0.09, 0.34, 0.00, 0.00, 0.00, 1.00, 1.00, 0.00, 0.00, 0.00, 0.00, 0.00, 0.00, 0.00, 0.00, 0.00, 0.00, 0.00, 0.00, 0.00, 0.00
699,  0,  23.446,  0.98,  1, 0.00, 0.00, 1.38, 0.00, 0.00, 1.33, 0.12, 0.00, 0.00, 0.00, 0.15, 0.63, 0.00, 0.00, 0.12, 0.29, 0.00, 0.00, 0.00, 1.00, 1.00, 0.00, 0.00, 0.00, 0.00, 0.00, 0.00, 0.00, 0.00, 0.00, 0.00, 0.00, 0.00, 0.00, 0.00
700,  0,  23.480,  0.98,  1, 0.00, 0.00, 1.37, 0.00, 0.00, 1.30, 0.12, 0.03, 0.00, 0.00, 0.07, 0.60, 0.00, 0.00, 0.19, 0.36, 0.00, 0.00, 0.00, 1.00, 1.00, 0.00, 0.00, 0.00, 0.00, 0.00, 0.00, 0.00, 0.00, 0.00, 0.00, 0.00, 0.00, 0.00, 0.00
701,  0,  23.514,  0.98,  1, 0.00, 0.00, 1.43, 0.00, 0.00, 1.36, 0.17, 0.03, 0.00, 0.00, 0.19, 0.53, 0.00, 0.00, 0.23, 0.38, 0.00, 0.00, 0.00, 1.00, 1.00, 0.00, 1.00, 0.00, 0.00, 0.00, 0.00, 0.00, 0.00, 0.00, 0.00, 0.00, 0.00, 0.00, 0.00
702,  0,  23.547,  0.98,  1, 0.00, 0.00, 1.47, 0.00, 0.00, 1.41, 0.24, 0.03, 0.00, 0.00, 0.29, 0.48, 0.00, 0.00, 0.32, 0.33, 0.00, 0.00, 0.00, 1.00, 1.00, 0.00, 0.00, 0.00, 0.00, 0.00, 0.00, 0.00, 0.00, 0.00, 0.00, 0.00, 0.00, 0.00, 0.00
703,  0,  23.581,  0.98,  1, 0.00, 0.00, 1.46, 0.00, 0.02, 1.42, 0.32, 0.00, 0.00, 0.00, 0.31, 0.53, 0.03, 0.00, 0.22, 0.39, 0.00, 0.00, 0.00, 1.00, 1.00, 0.00, 0.00, 0.00, 0.00, 0.00, 0.00, 0.00, 0.00, 0.00, 0.00, 0.00, 0.00, 0.00, 0.00
704,  0,  23.614,  0.98,  1, 0.00, 0.00, 1.41, 0.00, 0.02, 1.34, 0.34, 0.02, 0.00, 0.00, 0.36, 0.61, 0.10, 0.00, 0.22, 0.31, 0.00, 0.00, 0.00, 1.00, 1.00, 0.00, 0.00, 0.00, 0.00, 0.00, 0.00, 0.00, 0.00, 0.00, 0.00, 0.00, 0.00, 0.00, 0.00
705,  0,  23.648,  0.98,  1, 0.00, 0.00, 1.39, 0.00, 0.04, 1.36, 0.42, 0.03, 0.00, 0.00, 0.40, 0.60, 0.13, 0.00, 0.09, 0.36, 0.00, 0.00, 0.00, 1.00, 1.00, 0.00, 0.00, 0.00, 0.00, 0.00, 0.00, 0.00, 0.00, 0.00, 0.00, 0.00, 0.00, 0.00, 0.00
706,  0,  23.681,  0.98,  1, 0.00, 0.00, 1.42, 0.00, 0.04, 1.34, 0.41, 0.03, 0.00, 0.00, 0.48, 0.55, 0.10, 0.00, 0.19, 0.21, 0.02, 0.00, 0.00, 1.00, 1.00, 0.00, 0.00, 0.00, 0.00, 0.00, 0.00, 0.00, 0.00, 0.00, 0.00, 0.00, 0.00, 0.00, 0.00
707,  0,  23.715,  0.98,  1, 0.00, 0.00, 1.38, 0.00, 0.06, 1.27, 0.35, 0.01, 0.00, 0.00, 0.27, 0.46, 0.04, 0.00, 0.17, 0.13, 0.02, 0.00, 0.00, 1.00, 1.00, 0.00, 0.00, 0.00, 0.00, 0.00, 0.00, 0.00, 0.00, 0.00, 0.00, 0.00, 0.00, 0.00, 0.00
708,  0,  23.749,  0.98,  1, 0.02, 0.00, 1.38, 0.02, 0.04, 1.16, 0.24, 0.00, 0.00, 0.00, 0.26, 0.58, 0.00, 0.00, 0.17, 0.02, 0.07, 0.00, 0.00, 1.00, 1.00, 0.00, 0.00, 0.00, 0.00, 0.00, 0.00, 0.00, 0.00, 0.00, 0.00, 0.00, 0.00, 0.00, 0.00
709,  0,  23.782,  0.98,  1, 0.02, 0.00, 1.38, 0.02, 0.02, 1.15, 0.17, 0.00, 0.00, 0.00, 0.13, 0.60, 0.00, 0.00, 0.07, 0.00, 0.05, 0.00, 0.00, 1.00, 1.00, 0.00, 0.00, 0.00, 0.00, 0.00, 0.00, 0.00, 0.00, 0.00, 0.00, 0.00, 0.00, 0.00, 0.00
710,  0,  23.816,  0.98,  1, 0.02, 0.00, 1.49, 0.02, 0.01, 1.32, 0.13, 0.00, 0.00, 0.00, 0.18, 0.66, 0.00, 0.00, 0.05, 0.00, 0.05, 0.00, 0.00, 1.00, 1.00, 0.00, 0.00, 0.00, 0.00, 0.00, 0.00, 0.00, 0.00, 0.00, 0.00, 0.00, 0.00, 0.00, 0.00
711,  0,  23.849,  0.98,  1, 0.00, 0.00, 1.51, 0.00, 0.01, 1.35, 0.06, 0.00, 0.00, 0.00, 0.05, 0.61, 0.00, 0.00, 0.17, 0.00, 0.00, 0.00, 0.00, 1.00, 1.00, 0.00, 0.00, 0.00, 0.00, 0.00, 0.00, 0.00, 0.00, 0.00, 0.00, 0.00, 0.00, 0.00, 0.00
712,  0,  23.883,  0.98,  1, 0.05, 0.00, 1.53, 0.02, 0.00, 1.36, 0.03, 0.00, 0.00, 0.00, 0.05, 0.54, 0.10, 0.00, 0.30, 0.00, 0.00, 0.00, 0.00, 1.00, 1.00, 0.00, 0.00, 0.00, 0.00, 0.00, 0.00, 0.00, 0.00, 0.00, 0.00, 0.00, 0.00, 0.00, 0.00
713,  0,  23.917,  0.98,  1, 0.05, 0.00, 1.47, 0.10, 0.00, 1.29, 0.02, 0.00, 0.00, 0.00, 0.01, 0.56, 0.17, 0.00, 0.39, 0.05, 0.00, 0.00, 0.00, 1.00, 1.00, 0.00, 0.00, 0.00, 0.00, 0.00, 0.00, 0.00, 0.00, 0.00, 0.00, 0.00, 0.00, 0.00, 0.00
714,  0,  23.950,  0.98,  1, 0.05, 0.00, 1.42, 0.14, 0.00, 1.17, 0.02, 0.00, 0.00, 0.00, 0.01, 0.54, 0.17, 0.00, 0.41, 0.05, 0.00, 0.00, 0.00, 1.00, 1.00, 0.00, 0.00, 0.00, 0.00, 0.00, 0.00, 0.00, 0.00, 0.00, 0.00, 0.00, 0.00, 0.00, 0.00
715,  0,  23.984,  0.98,  1, 0.00, 0.00, 1.37, 0.12, 0.00, 1.10, 0.02, 0.00, 0.00, 0.00, 0.01, 0.49, 0.07, 0.00, 0.45, 0.12, 0.00, 0.00, 0.00, 1.00, 1.00, 0.00, 0.00, 0.00, 0.00, 0.00, 0.00, 0.00, 0.00, 0.00, 0.00, 0.00, 0.00, 0.00, 0.00
716,  0,  24.017,  0.98,  1, 0.03, 0.00, 1.30, 0.16, 0.00, 1.06, 0.07, 0.00, 0.00, 0.00, 0.03, 0.47, 0.00, 0.00, 0.38, 0.10, 0.00, 0.00, 0.00, 1.00, 1.00, 0.00, 0.00, 0.00, 0.00, 0.00, 0.00, 0.00, 0.00, 0.00, 0.00, 0.00, 0.00, 0.00, 0.00
717,  0,  24.051,  0.98,  1, 0.10, 0.00, 1.29, 0.12, 0.00, 0.98, 0.06, 0.00, 0.00, 0.00, 0.03, 0.37, 0.00, 0.00, 0.41, 0.21, 0.00, 0.00, 0.00, 1.00, 1.00, 0.00, 0.00, 0.00, 0.00, 0.00, 0.00, 0.00, 0.00, 0.00, 0.00, 0.00, 0.00, 0.00, 0.00
718,  0,  24.085,  0.98,  1, 0.16, 0.00, 1.33, 0.12, 0.00, 0.89, 0.06, 0.00, 0.00, 0.00, 0.03, 0.39, 0.02, 0.00, 0.38, 0.23, 0.00, 0.00, 0.00, 1.00, 1.00, 0.00, 0.00, 0.00, 0.00, 0.00, 0.00, 0.00, 0.00, 0.00, 0.00, 0.00, 0.00, 0.00, 0.00
719,  0,  24.118,  0.98,  1, 0.13, 0.00, 1.33, 0.00, 0.00, 0.54, 0.00, 0.00, 0.00, 0.00, 0.00, 0.37, 0.02, 0.00, 0.43, 0.21, 0.00, 0.00, 0.00, 1.00, 1.00, 0.00, 0.00, 0.00, 0.00, 0.00, 0.00, 0.00, 0.00, 0.00, 0.00, 0.00, 0.00, 0.00, 0.00
720,  0,  24.152,  0.98,  1, 0.11, 0.00, 1.26, 0.03, 0.00, 0.45, 0.00, 0.00, 0.00, 0.00, 0.00, 0.52, 0.02, 0.00, 0.39, 0.17, 0.00, 0.00, 0.00, 1.00, 1.00, 0.00, 0.00, 0.00, 0.00, 0.00, 0.00, 0.00, 0.00, 0.00, 0.00, 0.00, 0.00, 0.00, 0.00
721,  0,  24.185,  0.98,  1, 0.14, 0.00, 1.19, 0.15, 0.00, 0.31, 0.00, 0.00, 0.00, 0.00, 0.00, 0.67, 0.00, 0.00, 0.36, 0.08, 0.00, 0.00, 0.00, 1.00, 1.00, 0.00, 0.00, 0.00, 0.00, 0.00, 0.00, 0.00, 1.00, 0.00, 0.00, 0.00, 0.00, 0.00, 0.00
722,  0,  24.219,  0.98,  1, 0.14, 0.00, 1.14, 0.15, 0.00, 0.45, 0.00, 0.00, 0.00, 0.00, 0.01, 0.74, 0.00, 0.00, 0.31, 0.07, 0.00, 0.00, 0.00, 1.00, 1.00, 0.00, 0.00, 0.00, 0.00, 0.00, 0.00, 0.00, 1.00, 0.00, 1.00, 0.00, 0.00, 0.00, 0.00
723,  0,  24.253,  0.98,  1, 0.09, 0.00, 1.15, 0.25, 0.00, 0.53, 0.00, 0.00, 0.00, 0.00, 0.09, 0.75, 0.00, 0.00, 0.34, 0.02, 0.00, 0.00, 0.00, 1.00, 1.00, 0.00, 0.00, 0.00, 0.00, 0.00, 0.00, 0.00, 1.00, 0.00, 1.00, 0.00, 0.00, 0.00, 0.00
724,  0,  24.286,  0.98,  1, 0.04, 0.00, 1.10, 0.13, 0.00, 0.54, 0.00, 0.00, 0.00, 0.00, 0.16, 0.67, 0.00, 0.00, 0.46, 0.05, 0.00, 0.00, 0.00, 1.00, 1.00, 0.00, 0.00, 0.00, 0.00, 0.00, 0.00, 0.00, 1.00, 0.00, 0.00, 0.00, 0.00, 0.00, 0.00
725,  0,  24.320,  0.98,  1, 0.15, 0.00, 1.17, 0.18, 0.00, 0.62, 0.00, 0.00, 0.00, 0.00, 0.15, 0.54, 0.10, 0.00, 0.60, 0.12, 0.00, 0.00, 0.00, 1.00, 1.00, 0.00, 0.00, 0.00, 0.00, 0.00, 0.00, 0.00, 0.00, 0.00, 1.00, 0.00, 0.00, 0.00, 0.00
726,  0,  24.353,  0.98,  1, 0.18, 0.00, 1.21, 0.05, 0.00, 0.59, 0.00, 0.00, 0.00, 0.00, 0.15, 0.42, 0.12, 0.00, 0.58, 0.21, 0.00, 0.00, 0.00, 1.00, 1.00, 0.00, 0.00, 0.00, 0.00, 0.00, 0.00, 0.00, 0.00, 0.00, 0.00, 0.00, 0.00, 0.00, 0.00
727,  0,  24.387,  0.98,  1, 0.17, 0.00, 1.18, 0.05, 0.00, 0.66, 0.00, 0.00, 0.00, 0.00, 0.12, 0.40, 0.12, 0.00, 0.48, 0.36, 0.00, 0.00, 0.00, 0.00, 1.00, 0.00, 0.00, 0.00, 0.00, 0.00, 0.00, 0.00, 0.00, 0.00, 0.00, 0.00, 0.00, 0.00, 0.00
728,  0,  24.420,  0.98,  1, 0.12, 0.00, 1.13, 0.00, 0.00, 0.72, 0.00, 0.00, 0.00, 0.00, 0.12, 0.48, 0.02, 0.00, 0.47, 0.55, 0.00, 0.00, 0.00, 0.00, 1.00, 0.00, 0.00, 0.00, 0.00, 0.00, 0.00, 0.00, 0.00, 0.00, 0.00, 0.00, 0.00, 0.00, 0.00
729,  0,  24.454,  0.98,  1, 0.09, 0.00, 1.07, 0.00, 0.00, 0.77, 0.00, 0.00, 0.00, 0.00, 0.05, 0.50, 0.04, 0.00, 0.50, 0.67, 0.00, 0.00, 0.00, 0.00, 1.00, 0.00, 0.00, 0.00, 0.00, 0.00, 0.00, 0.00, 0.00, 0.00, 0.00, 0.00, 0.00, 0.00, 0.00
730,  0,  24.488,  0.98,  1, 0.15, 0.00, 1.05, 0.03, 0.00, 0.63, 0.00, 0.00, 0.00, 0.00, 0.00, 0.53, 0.07, 0.00, 0.55, 0.68, 0.00, 0.00, 0.00, 0.00, 1.00, 0.00, 0.00, 0.00, 0.00, 0.00, 0.00, 0.00, 0.00, 0.00, 0.00, 0.00, 0.00, 0.00, 0.00
731,  0,  24.521,  0.98,  1, 0.23, 0.00, 0.98, 0.09, 0.00, 0.47, 0.00, 0.00, 0.00, 0.00, 0.10, 0.51, 0.19, 0.00, 0.46, 0.43, 0.00, 0.00, 0.00, 0.00, 1.00, 0.00, 0.00, 0.00, 0.00, 0.00, 0.00, 0.00, 0.00, 0.00, 0.00, 0.00, 0.00, 0.00, 0.00
732,  0,  24.555,  0.98,  1, 0.35, 0.00, 0.95, 0.10, 0.00, 0.29, 0.00, 0.00, 0.00, 0.00, 0.29, 0.52, 0.34, 0.00, 0.35, 0.28, 0.00, 0.00, 0.00, 0.00, 1.00, 0.00, 0.00, 0.00, 0.00, 0.00, 0.00, 0.00, 0.00, 0.00, 0.00, 0.00, 0.00, 0.00, 0.00
733,  0,  24.588,  0.98,  1, 0.44, 0.00, 1.09, 0.07, 0.00, 0.34, 0.00, 0.00, 0.00, 0.00, 0.32, 0.49, 0.31, 0.00, 0.25, 0.15, 0.00, 0.00, 0.00, 0.00, 1.00, 0.00, 0.00, 0.00, 0.00, 0.00, 0.00, 0.00, 0.00, 0.00, 0.00, 0.00, 0.00, 0.00, 0.00
734,  0,  24.622,  0.98,  1, 0.49, 0.00, 1.19, 0.01, 0.00, 0.27, 0.00, 0.00, 0.00, 0.00, 0.22, 0.41, 0.21, 0.00, 0.22, 0.14, 0.00, 0.00, 0.00, 0.00, 1.00, 0.00, 0.00, 0.00, 0.00, 0.00, 0.00, 0.00, 0.00, 0.00, 0.00, 0.00, 0.00, 0.00, 0.00
735,  0,  24.656,  0.98,  1, 0.57, 0.00, 1.22, 0.02, 0.00, 0.51, 0.00, 0.00, 0.00, 0.00, 0.05, 0.25, 0.15, 0.00, 0.24, 0.06, 0.00, 0.00, 0.00, 0.00, 1.00, 0.00, 0.00, 0.00, 0.00, 0.00, 0.00, 0.00, 1.00, 0.00, 0.00, 0.00, 0.00, 0.00, 0.00
736,  0,  24.689,  0.98,  1, 0.67, 0.00, 1.21, 0.02, 0.00, 0.72, 0.00, 0.00, 0.00, 0.00, 0.03, 0.35, 0.16, 0.00, 0.22, 0.01, 0.00, 0.00, 0.00, 1.00, 1.00, 0.00, 0.00, 0.00, 0.00, 0.00, 0.00, 0.00, 1.00, 0.00, 0.00, 0.00, 0.00, 0.00, 0.00
737,  0,  24.723,  0.98,  1, 0.76, 0.00, 1.31, 0.02, 0.00, 0.84, 0.00, 0.00, 0.00, 0.00, 0.03, 0.47, 0.15, 0.00, 0.26, 0.04, 0.00, 0.00, 0.00, 1.00, 1.00, 0.00, 0.00, 0.00, 0.00, 0.00, 0.00, 0.00, 1.00, 0.00, 0.00, 0.00, 0.00, 0.00, 0.00
738,  0,  24.756,  0.98,  1, 0.82, 0.00, 1.36, 0.00, 0.00, 0.86, 0.00, 0.00, 0.00, 0.00, 0.03, 0.60, 0.03, 0.00, 0.19, 0.05, 0.00, 0.00, 0.00, 1.00, 1.00, 0.00, 0.00, 0.00, 0.00, 0.00, 0.00, 0.00, 0.00, 0.00, 1.00, 0.00, 0.00, 0.00, 0.00
739,  0,  24.790,  0.98,  1, 0.81, 0.00, 1.32, 0.00, 0.00, 0.80, 0.00, 0.00, 0.00, 0.00, 0.10, 0.54, 0.03, 0.00, 0.30, 0.05, 0.00, 0.00, 0.00, 1.00, 1.00, 0.00, 0.00, 0.00, 0.00, 0.00, 0.00, 0.00, 0.00, 0.00, 1.00, 0.00, 0.00, 0.00, 0.00
740,  0,  24.824,  0.98,  1, 0.82, 0.00, 1.21, 0.00, 0.00, 0.87, 0.00, 0.00, 0.00, 0.00, 0.18, 0.47, 0.00, 0.00, 0.32, 0.01, 0.00, 0.00, 0.00, 1.00, 1.00, 0.00, 0.00, 0.00, 0.00, 0.00, 0.00, 0.00, 0.00, 0.00, 1.00, 0.00, 0.00, 0.00, 0.00
741,  0,  24.857,  0.98,  1, 0.82, 0.00, 1.14, 0.00, 0.00, 0.84, 0.00, 0.00, 0.00, 0.00, 0.15, 0.50, 0.06, 0.00, 0.48, 0.04, 0.00, 0.00, 0.00, 1.00, 1.00, 0.00, 0.00, 0.00, 0.00, 0.00, 0.00, 0.00, 0.00, 0.00, 0.00, 0.00, 0.00, 0.00, 0.00
742,  0,  24.891,  0.98,  1, 0.84, 0.00, 1.08, 0.03, 0.00, 0.79, 0.00, 0.00, 0.00, 0.00, 0.09, 0.44, 0.06, 0.00, 0.30, 0.05, 0.00, 0.00, 0.00, 1.00, 1.00, 0.00, 0.00, 0.00, 0.00, 0.00, 0.00, 0.00, 0.00, 0.00, 1.00, 0.00, 0.00, 0.00, 0.00
743,  0,  24.924,  0.98,  1, 0.75, 0.00, 0.99, 0.03, 0.00, 0.74, 0.00, 0.00, 0.00, 0.00, 0.01, 0.45, 0.06, 0.00, 0.36, 0.21, 0.00, 0.00, 0.00, 1.00, 1.00, 0.00, 0.00, 0.00, 0.00, 0.00, 0.00, 0.00, 0.00, 0.00, 1.00, 0.00, 0.00, 0.00, 0.00
744,  0,  24.958,  0.98,  1, 0.72, 0.00, 1.02, 0.03, 0.00, 0.61, 0.00, 0.00, 0.00, 0.00, 0.01, 0.28, 0.00, 0.00, 0.45, 0.33, 0.00, 0.00, 0.00, 1.00, 1.00, 0.00, 0.00, 0.00, 0.00, 0.00, 0.00, 0.00, 0.00, 0.00, 1.00, 0.00, 0.00, 0.00, 0.00
745,  0,  24.992,  0.98,  1, 0.70, 0.00, 1.05, 0.00, 0.00, 0.55, 0.00, 0.00, 0.00, 0.00, 0.00, 0.30, 0.00, 0.00, 0.72, 0.41, 0.00, 0.00, 0.00, 1.00, 1.00, 0.00, 0.00, 0.00, 0.00, 0.00, 0.00, 0.00, 0.00, 0.00, 1.00, 0.00, 0.00, 0.00, 0.00
746,  0,  25.025,  0.98,  1, 0.79, 0.00, 1.11, 0.00, 0.00, 0.42, 0.00, 0.00, 0.00, 0.00, 0.00, 0.38, 0.00, 0.00, 0.57, 0.29, 0.00, 0.00, 0.00, 1.00, 0.00, 0.00, 0.00, 0.00, 0.00, 0.00, 0.00, 0.00, 0.00, 0.00, 1.00, 0.00, 0.00, 0.00, 0.00
747,  0,  25.059,  0.98,  1, 0.92, 0.01, 1.10, 0.00, 0.00, 0.66, 0.00, 0.00, 0.00, 0.00, 0.00, 0.65, 0.15, 0.00, 0.49, 0.16, 0.00, 0.00, 0.00, 1.00, 0.00, 0.00, 0.00, 0.00, 0.00, 0.00, 0.00, 0.00, 1.00, 0.00, 1.00, 0.00, 0.00, 0.00, 0.00
748,  0,  25.092,  0.98,  1, 1.08, 0.01, 1.16, 0.00, 0.00, 0.84, 0.01, 0.00, 0.00, 0.00, 0.00, 0.76, 0.15, 0.00, 0.30, 0.05, 0.00, 0.00, 0.00, 1.00, 0.00, 0.00, 0.00, 0.00, 0.00, 0.00, 0.00, 0.00, 1.00, 0.00, 1.00, 0.00, 0.00, 0.00, 0.00
749,  0,  25.126,  0.98,  1, 1.11, 0.01, 1.23, 0.00, 0.00, 0.92, 0.02, 0.00, 0.00, 0.00, 0.00, 0.84, 0.23, 0.00, 0.29, 0.03, 0.00, 0.00, 0.00, 1.00, 0.00, 0.00, 0.00, 0.00, 0.00, 0.00, 0.00, 0.00, 1.00, 0.00, 1.00, 0.00, 0.00, 0.00, 0.00
750,  0,  25.159,  0.98,  1, 1.03, 0.00, 1.29, 0.00, 0.00, 0.87, 0.03, 0.00, 0.00, 0.00, 0.00, 0.65, 0.21, 0.00, 0.33, 0.17, 0.00, 0.00, 0.00, 1.00, 0.00, 0.00, 0.00, 0.00, 0.00, 0.00, 0.00, 0.00, 0.00, 0.00, 1.00, 0.00, 0.00, 0.00, 0.00
751,  0,  25.193,  0.98,  1, 0.87, 0.00, 1.34, 0.00, 0.00, 1.02, 0.06, 0.00, 0.00, 0.00, 0.09, 0.53, 0.21, 0.00, 0.43, 0.34, 0.00, 0.00, 0.00, 1.00, 0.00, 0.00, 0.00, 0.00, 0.00, 0.00, 0.00, 0.00, 0.00, 0.00, 1.00, 0.00, 0.00, 0.00, 0.00
752,  0,  25.227,  0.98,  1, 0.80, 0.00, 1.38, 0.00, 0.00, 1.04, 0.05, 0.00, 0.00, 0.00, 0.09, 0.38, 0.13, 0.00, 0.51, 0.33, 0.00, 0.00, 0.00, 1.00, 0.00, 0.00, 0.00, 0.00, 0.00, 0.00, 0.00, 0.00, 0.00, 0.00, 0.00, 0.00, 0.00, 0.00, 0.00
753,  0,  25.260,  0.98,  1, 0.70, 0.00, 1.34, 0.00, 0.00, 1.00, 0.04, 0.00, 0.00, 0.00, 0.10, 0.52, 0.11, 0.00, 0.38, 0.17, 0.00, 0.00, 0.00, 1.00, 0.00, 0.00, 0.00, 0.00, 0.00, 0.00, 0.00, 0.00, 0.00, 0.00, 0.00, 0.00, 0.00, 0.00, 0.00
754,  0,  25.294,  0.98,  1, 0.53, 0.00, 1.24, 0.00, 0.00, 0.73, 0.01, 0.00, 0.00, 0.00, 0.05, 0.55, 0.15, 0.00, 0.29, 0.03, 0.00, 0.00, 0.00, 1.00, 0.00, 0.00, 0.00, 0.00, 0.00, 0.00, 0.00, 0.00, 0.00, 0.00, 0.00, 0.00, 0.00, 0.00, 0.00
755,  0,  25.327,  0.98,  1, 0.43, 0.00, 1.19, 0.00, 0.00, 0.75, 0.00, 0.00, 0.00, 0.00, 0.04, 0.61, 0.15, 0.00, 0.22, 0.09, 0.00, 0.00, 0.00, 1.00, 0.00, 0.00, 0.00, 0.00, 0.00, 0.00, 0.00, 0.00, 0.00, 0.00, 1.00, 0.00, 0.00, 0.00, 0.00
756,  0,  25.361,  0.98,  1, 0.38, 0.00, 1.16, 0.00, 0.00, 0.61, 0.00, 0.00, 0.00, 0.00, 0.03, 0.61, 0.04, 0.00, 0.27, 0.33, 0.05, 0.00, 0.00, 1.00, 0.00, 0.00, 0.00, 0.00, 0.00, 0.00, 0.00, 0.00, 0.00, 0.00, 1.00, 0.00, 0.00, 0.00, 0.00
757,  0,  25.395,  0.98,  1, 0.30, 0.00, 1.18, 0.00, 0.00, 0.46, 0.00, 0.00, 0.00, 0.00, 0.12, 0.63, 0.00, 0.00, 0.30, 0.54, 0.06, 0.00, 0.00, 1.00, 0.00, 0.00, 0.00, 0.00, 0.00, 0.00, 0.00, 0.00, 0.00, 0.00, 1.00, 0.00, 0.00, 0.00, 0.00
758,  0,  25.428,  0.98,  1, 0.25, 0.00, 1.18, 0.00, 0.00, 0.49, 0.00, 0.00, 0.00, 0.00, 0.18, 0.53, 0.05, 0.00, 0.45, 0.82, 0.13, 0.00, 0.00, 1.00, 0.00, 0.00, 0.00, 0.00, 0.00, 0.00, 0.00, 0.00, 0.00, 0.00, 1.00, 0.00, 0.00, 0.00, 0.00
759,  0,  25.462,  0.98,  1, 0.18, 0.00, 1.27, 0.00, 0.00, 0.66, 0.00, 0.00, 0.00, 0.00, 0.18, 0.45, 0.05, 0.00, 0.38, 0.71, 0.14, 0.00, 0.00, 1.00, 0.00, 0.00, 0.00, 0.00, 0.00, 0.00, 0.00, 0.00, 0.00, 0.00, 1.00, 0.00, 0.00, 0.00, 0.00
760,  0,  25.495,  0.98,  1, 0.16, 0.00, 1.28, 0.00, 0.00, 0.85, 0.00, 0.00, 0.00, 0.00, 0.05, 0.40, 0.05, 0.01, 0.44, 0.49, 0.19, 0.00, 0.00, 1.00, 0.00, 0.00, 0.00, 0.00, 0.00, 0.00, 0.00, 0.00, 0.00, 0.00, 1.00, 0.00, 0.00, 0.00, 0.00
761,  0,  25.529,  0.98,  1, 0.07, 0.00, 1.27, 0.00, 0.00, 0.89, 0.00, 0.00, 0.00, 0.00, 0.00, 0.44, 0.15, 0.01, 0.33, 0.15, 0.18, 0.00, 0.00, 1.00, 0.00, 0.00, 0.00, 0.00, 0.00, 0.00, 0.00, 0.00, 0.00, 0.00, 1.00, 0.00, 0.00, 0.00, 0.00
762,  0,  25.563,  0.98,  1, 0.02, 0.00, 1.16, 0.00, 0.00, 0.74, 0.00, 0.00, 0.00, 0.00, 0.00, 0.49, 0.25, 0.01, 0.32, 0.02, 0.17, 0.00, 0.00, 1.00, 0.00, 0.00, 0.00, 0.00, 0.00, 0.00, 0.00, 0.00, 0.00, 0.00, 1.00, 0.00, 0.00, 0.00, 0.00
763,  0,  25.596,  0.98,  1, 0.02, 0.00, 1.16, 0.00, 0.00, 0.49, 0.00, 0.00, 0.00, 0.00, 0.05, 0.52, 0.36, 0.00, 0.26, 0.12, 0.19, 0.00, 0.00, 1.00, 0.00, 0.00, 0.00, 0.00, 0.00, 0.00, 0.00, 0.00, 0.00, 0.00, 1.00, 0.00, 0.00, 0.00, 0.00
764,  0,  25.630,  0.98,  1, 0.04, 0.00, 1.12, 0.00, 0.00, 0.35, 0.00, 0.00, 0.00, 0.00, 0.05, 0.40, 0.41, 0.00, 0.26, 0.17, 0.25, 0.00, 0.00, 1.00, 0.00, 0.00, 0.00, 0.00, 0.00, 0.00, 0.00, 0.00, 0.00, 0.00, 1.00, 0.00, 0.00, 0.00, 0.00
765,  0,  25.663,  0.98,  1, 0.07, 0.00, 1.13, 0.00, 0.00, 0.34, 0.00, 0.00, 0.00, 0.00, 0.05, 0.36, 0.41, 0.00, 0.32, 0.26, 0.23, 0.00, 0.00, 1.00, 0.00, 0.00, 0.00, 0.00, 0.00, 0.00, 0.00, 0.00, 0.00, 0.00, 1.00, 0.00, 0.00, 0.00, 0.00
766,  0,  25.697,  0.98,  1, 0.07, 0.00, 1.04, 0.00, 0.00, 0.63, 0.00, 0.00, 0.00, 0.00, 0.00, 0.26, 0.36, 0.00, 0.33, 0.31, 0.19, 0.00, 0.00, 1.00, 0.00, 0.00, 0.00, 0.00, 0.00, 0.00, 0.00, 0.00, 0.00, 0.00, 1.00, 0.00, 0.00, 0.00, 0.00
767,  0,  25.731,  0.98,  1, 0.03, 0.00, 1.06, 0.00, 0.00, 0.54, 0.01, 0.00, 0.00, 0.00, 0.27, 0.37, 0.26, 0.00, 0.24, 0.25, 0.15, 0.00, 0.00, 1.00, 0.00, 0.00, 0.00, 0.00, 0.00, 0.00, 0.00, 0.00, 0.00, 0.00, 1.00, 0.00, 0.00, 0.00, 0.00
768,  0,  25.764,  0.98,  1, 0.00, 0.00, 1.17, 0.00, 0.00, 0.44, 0.01, 0.01, 0.00, 0.00, 0.35, 0.27, 0.26, 0.00, 0.26, 0.28, 0.12, 0.00, 0.00, 1.00, 0.00, 0.00, 0.00, 0.00, 0.00, 0.00, 0.00, 0.00, 0.00, 0.00, 1.00, 0.00, 0.00, 0.00, 0.00
769,  0,  25.798,  0.98,  1, 0.00, 0.00, 1.28, 0.00, 0.00, 0.23, 0.01, 0.01, 0.00, 0.00, 0.43, 0.37, 0.20, 0.00, 0.23, 0.21, 0.18, 0.00, 0.00, 1.00, 0.00, 0.00, 0.00, 0.00, 0.00, 0.00, 0.00, 0.00, 0.00, 0.00, 1.00, 0.00, 0.00, 0.00, 0.00
770,  0,  25.831,  0.98,  1, 0.04, 0.00, 1.38, 0.00, 0.00, 0.40, 0.00, 0.01, 0.00, 0.00, 0.16, 0.36, 0.23, 0.00, 0.26, 0.37, 0.21, 0.00, 0.00, 1.00, 0.00, 0.00, 0.00, 0.00, 0.00, 0.00, 0.00, 0.00, 0.00, 0.00, 1.00, 0.00, 0.00, 0.00, 1.00
771,  0,  25.865,  0.98,  1, 0.05, 0.00, 1.37, 0.00, 0.00, 0.47, 0.00, 0.00, 0.00, 0.00, 0.08, 0.59, 0.23, 0.02, 0.24, 0.29, 0.36, 0.00, 0.00, 1.00, 0.00, 0.00, 0.00, 0.00, 0.00, 0.00, 0.00, 0.00, 0.00, 0.00, 1.00, 0.00, 0.00, 0.00, 1.00
772,  0,  25.898,  0.98,  1, 0.10, 0.00, 1.41, 0.00, 0.00, 0.59, 0.00, 0.00, 0.00, 0.00, 0.09, 0.60, 0.40, 0.05, 0.25, 0.42, 0.52, 0.00, 0.00, 1.00, 0.00, 0.00, 0.00, 0.00, 0.00, 0.00, 0.00, 0.00, 0.00, 0.00, 0.00, 0.00, 0.00, 0.00, 1.00
773,  0,  25.932,  0.98,  1, 0.09, 0.00, 1.44, 0.00, 0.00, 0.51, 0.00, 0.00, 0.00, 0.00, 0.12, 0.66, 0.48, 0.05, 0.32, 0.31, 0.60, 0.00, 0.00, 1.00, 0.00, 0.00, 0.00, 0.00, 0.00, 0.00, 0.00, 0.00, 1.00, 0.00, 1.00, 0.00, 0.00, 0.00, 1.00
774,  0,  25.966,  0.98,  1, 0.11, 0.00, 1.43, 0.00, 0.00, 0.51, 0.00, 0.00, 0.00, 0.00, 0.15, 0.69, 0.52, 0.06, 0.24, 0.29, 0.61, 0.00, 0.00, 1.00, 0.00, 0.00, 0.00, 0.00, 0.00, 0.00, 0.00, 0.00, 1.00, 0.00, 1.00, 0.00, 0.00, 0.00, 1.00
775,  0,  25.999,  0.98,  1, 0.06, 0.00, 1.38, 0.00, 0.00, 0.36, 0.00, 0.00, 0.00, 0.00, 0.06, 0.72, 0.43, 0.03, 0.13, 0.05, 0.54, 0.00, 0.00, 1.00, 0.00, 0.00, 0.00, 0.00, 0.00, 0.00, 0.00, 0.00, 1.00, 0.00, 0.00, 0.00, 0.00, 0.00, 1.00
776,  0,  26.033,  0.98,  1, 0.08, 0.00, 1.29, 0.00, 0.00, 0.41, 0.00, 0.00, 0.00, 0.00, 0.03, 0.68, 0.29, 0.07, 0.07, 0.07, 0.43, 0.00, 0.00, 1.00, 0.00, 0.00, 0.00, 0.00, 0.00, 0.00, 0.00, 0.00, 1.00, 0.00, 0.00, 0.00, 0.00, 0.00, 1.00
777,  0,  26.066,  0.98,  1, 0.05, 0.00, 1.21, 0.00, 0.00, 0.52, 0.00, 0.00, 0.00, 0.00, 0.07, 0.51, 0.37, 0.04, 0.09, 0.18, 0.35, 0.00, 0.00, 1.00, 0.00, 0.00, 0.00, 0.00, 0.00, 0.00, 0.00, 0.00, 1.00, 0.00, 0.00, 0.00, 0.00, 0.00, 1.00
778,  0,  26.100,  0.98,  1, 0.05, 0.00, 1.20, 0.00, 0.00, 0.69, 0.00, 0.00, 0.00, 0.00, 0.10, 0.58, 0.29, 0.04, 0.24, 0.36, 0.25, 0.00, 0.00, 1.00, 0.00, 0.00, 0.00, 0.00, 0.00, 0.00, 0.00, 1.00, 0.00, 0.00, 1.00, 0.00, 0.00, 0.00, 0.00
779,  0,  26.134,  0.98,  1, 0.08, 0.00, 1.17, 0.00, 0.00, 0.60, 0.00, 0.00, 0.00, 0.00, 0.17, 0.53, 0.30, 0.00, 0.26, 0.57, 0.18, 0.00, 0.00, 1.00, 0.00, 0.00, 0.00, 0.00, 0.00, 0.00, 0.00, 1.00, 1.00, 0.00, 1.00, 0.00, 0.00, 0.00, 0.00
780,  0,  26.167,  0.98,  1, 0.17, 0.01, 1.27, 0.00, 0.00, 0.46, 0.00, 0.00, 0.00, 0.00, 0.22, 0.57, 0.13, 0.00, 0.21, 0.46, 0.18, 0.00, 0.00, 1.00, 0.00, 0.00, 0.00, 0.00, 0.00, 0.00, 0.00, 0.00, 1.00, 0.00, 1.00, 0.00, 0.00, 0.00, 0.00
781,  0,  26.201,  0.98,  1, 0.21, 0.01, 1.34, 0.00, 0.00, 0.44, 0.00, 0.00, 0.00, 0.00, 0.21, 0.52, 0.13, 0.00, 0.08, 0.31, 0.16, 0.00, 0.00, 1.00, 0.00, 0.00, 0.00, 0.00, 0.00, 0.00, 0.00, 1.00, 1.00, 0.00, 1.00, 0.00, 0.00, 0.00, 0.00
782,  0,  26.234,  0.98,  1, 0.26, 0.01, 1.42, 0.00, 0.00, 0.50, 0.00, 0.00, 0.00, 0.00, 0.17, 0.66, 0.10, 0.00, 0.10, 0.07, 0.25, 0.00, 0.00, 1.00, 0.00, 0.00, 0.00, 0.00, 0.00, 0.00, 0.00, 0.00, 1.00, 0.00, 1.00, 0.00, 0.00, 0.00, 0.00
783,  0,  26.268,  0.98,  1, 0.29, 0.00, 1.39, 0.00, 0.00, 0.51, 0.00, 0.00, 0.00, 0.00, 0.13, 0.73, 0.15, 0.00, 0.21, 0.11, 0.20, 0.00, 0.00, 1.00, 0.00, 0.00, 0.00, 0.00, 0.00, 0.00, 0.00, 0.00, 0.00, 0.00, 1.00, 0.00, 0.00, 0.00, 0.00
784,  0,  26.302,  0.98,  1, 0.37, 0.00, 1.35, 0.00, 0.00, 0.36, 0.00, 0.00, 0.00, 0.00, 0.19, 0.75, 0.18, 0.00, 0.31, 0.07, 0.18, 0.00, 0.00, 1.00, 0.00, 0.00, 0.00, 0.00, 0.00, 0.00, 0.00, 0.00, 0.00, 0.00, 1.00, 0.00, 0.00, 0.00, 0.00
785,  0,  26.335,  0.98,  1, 0.32, 0.00, 1.30, 0.00, 0.00, 0.42, 0.00, 0.00, 0.00, 0.00, 0.20, 0.67, 0.16, 0.00, 0.30, 0.07, 0.13, 0.00, 0.00, 1.00, 0.00, 0.00, 0.00, 0.00, 0.00, 0.00, 0.00, 0.00, 0.00, 0.00, 1.00, 0.00, 0.00, 0.00, 0.00
786,  0,  26.369,  0.98,  1, 0.26, 0.00, 1.25, 0.00, 0.00, 0.38, 0.00, 0.00, 0.00, 0.00, 0.17, 0.62, 0.11, 0.00, 0.18, 0.03, 0.09, 0.00, 0.00, 1.00, 0.00, 0.00, 0.00, 0.00, 0.00, 0.00, 0.00, 0.00, 0.00, 0.00, 1.00, 0.00, 0.00, 0.00, 0.00
787,  0,  26.402,  0.98,  1, 0.22, 0.00, 1.20, 0.00, 0.00, 0.45, 0.00, 0.00, 0.00, 0.00, 0.14, 0.59, 0.22, 0.00, 0.09, 0.03, 0.04, 0.00, 0.00, 1.00, 0.00, 0.00, 0.00, 0.00, 0.00, 0.00, 0.00, 0.00, 0.00, 0.00, 1.00, 0.00, 0.00, 0.00, 0.00
788,  0,  26.436,  0.98,  1, 0.17, 0.00, 1.09, 0.00, 0.00, 0.32, 0.00, 0.00, 0.00, 0.00, 0.11, 0.68, 0.19, 0.00, 0.09, 0.02, 0.00, 0.00, 0.00, 1.00, 0.00, 0.00, 0.00, 0.00, 0.00, 0.00, 0.00, 0.00, 0.00, 0.00, 1.00, 0.00, 0.00, 0.00, 0.00
789,  0,  26.470,  0.98,  1, 0.13, 0.00, 1.00, 0.00, 0.00, 0.37, 0.00, 0.00, 0.00, 0.00, 0.14, 0.69, 0.14, 0.00, 0.12, 0.02, 0.00, 0.00, 0.00, 1.00, 0.00, 0.00, 0.00, 0.00, 0.00, 0.00, 0.00, 0.00, 0.00, 0.00, 1.00, 0.00, 0.00, 0.00, 0.00
790,  0,  26.503,  0.98,  1, 0.06, 0.00, 0.98, 0.00, 0.00, 0.41, 0.00, 0.00, 0.00, 0.00, 0.17, 0.66, 0.03, 0.00, 0.13, 0.08, 0.00, 0.00, 0.00, 1.00, 0.00, 0.00, 0.00, 0.00, 0.00, 0.00, 0.00, 0.00, 0.00, 0.00, 0.00, 0.00, 0.00, 0.00, 0.00
791,  0,  26.537,  0.98,  1, 0.06, 0.00, 1.06, 0.00, 0.00, 0.39, 0.00, 0.00, 0.00, 0.00, 0.19, 0.49, 0.04, 0.00, 0.07, 0.06, 0.00, 0.00, 0.00, 1.00, 0.00, 0.00, 0.00, 0.00, 0.00, 0.00, 0.00, 0.00, 0.00, 0.00, 0.00, 0.00, 0.00, 0.00, 0.00
792,  0,  26.570,  0.98,  1, 0.10, 0.00, 1.18, 0.00, 0.00, 0.44, 0.00, 0.00, 0.00, 0.00, 0.26, 0.51, 0.04, 0.00, 0.04, 0.06, 0.00, 0.00, 0.00, 1.00, 0.00, 0.00, 0.00, 0.00, 0.00, 0.00, 0.00, 0.00, 0.00, 0.00, 0.00, 0.00, 0.00, 0.00, 0.00
793,  0,  26.604,  0.98,  1, 0.15, 0.00, 1.18, 0.00, 0.00, 0.36, 0.00, 0.00, 0.00, 0.00, 0.17, 0.47, 0.01, 0.00, 0.00, 0.06, 0.00, 0.00, 0.00, 1.00, 0.00, 0.00, 0.00, 0.00, 0.00, 0.00, 0.00, 0.00, 0.00, 0.00, 0.00, 0.00, 0.00, 0.00, 0.00
794,  0,  26.637,  0.98,  1, 0.20, 0.00, 1.23, 0.00, 0.00, 0.42, 0.00, 0.00, 0.00, 0.00, 0.14, 0.62, 0.00, 0.00, 0.04, 0.24, 0.00, 0.00, 0.00, 1.00, 0.00, 0.00, 0.00, 0.00, 0.00, 0.00, 0.00, 0.00, 0.00, 0.00, 0.00, 0.00, 0.00, 0.00, 0.00
795,  0,  26.671,  0.98,  1, 0.27, 0.00, 1.20, 0.00, 0.00, 0.47, 0.00, 0.00, 0.00, 0.00, 0.00, 0.63, 0.00, 0.00, 0.07, 0.25, 0.00, 0.00, 0.00, 1.00, 0.00, 0.00, 0.00, 0.00, 0.00, 0.00, 0.00, 0.00, 0.00, 0.00, 0.00, 0.00, 0.00, 0.00, 0.00
796,  0,  26.705,  0.98,  1, 0.32, 0.00, 1.21, 0.00, 0.00, 0.53, 0.00, 0.00, 0.00, 0.00, 0.01, 0.70, 0.00, 0.00, 0.15, 0.24, 0.00, 0.00, 0.00, 1.00, 0.00, 0.00, 0.00, 0.00, 0.00, 0.00, 0.00, 0.00, 0.00, 0.00, 0.00, 0.00, 0.00, 0.00, 0.00
797,  0,  26.738,  0.98,  1, 0.30, 0.00, 1.16, 0.00, 0.00, 0.56, 0.00, 0.00, 0.00, 0.00, 0.03, 0.75, 0.00, 0.00, 0.15, 0.07, 0.00, 0.00, 0.00, 1.00, 0.00, 0.00, 0.00, 0.00, 0.00, 0.00, 0.00, 0.00, 0.00, 0.00, 1.00, 0.00, 0.00, 0.00, 0.00
798,  0,  26.772,  0.98,  1, 0.22, 0.00, 1.12, 0.00, 0.00, 0.46, 0.00, 0.00, 0.00, 0.00, 0.05, 0.80, 0.00, 0.00, 0.18, 0.08, 0.00, 0.00, 0.00, 1.00, 0.00, 0.00, 0.00, 0.00, 0.00, 0.00, 0.00, 0.00, 0.00, 0.00, 1.00, 0.00, 0.00, 0.00, 0.00
799,  0,  26.805,  0.98,  1, 0.14, 0.00, 1.10, 0.00, 0.00, 0.40, 0.00, 0.00, 0.00, 0.00, 0.09, 0.71, 0.13, 0.00, 0.16, 0.06, 0.00, 0.00, 0.00, 1.00, 0.00, 0.00, 0.00, 0.00, 0.00, 0.00, 0.00, 0.00, 1.00, 0.00, 1.00, 0.00, 0.00, 0.00, 0.00
800,  0,  26.839,  0.98,  1, 0.11, 0.00, 1.05, 0.00, 0.00, 0.37, 0.00, 0.00, 0.00, 0.00, 0.24, 0.59, 0.13, 0.00, 0.13, 0.11, 0.00, 0.00, 0.00, 1.00, 0.00, 0.00, 0.00, 0.00, 0.00, 0.00, 0.00, 0.00, 1.00, 0.00, 1.00, 0.00, 0.00, 0.00, 0.00
801,  0,  26.873,  0.98,  1, 0.12, 0.00, 1.07, 0.00, 0.00, 0.46, 0.00, 0.00, 0.00, 0.00, 0.32, 0.61, 0.30, 0.00, 0.14, 0.16, 0.00, 0.00, 0.00, 1.00, 0.00, 0.00, 0.00, 0.00, 0.00, 0.00, 0.00, 0.00, 1.00, 0.00, 1.00, 0.00, 0.00, 0.00, 0.00
802,  0,  26.906,  0.98,  1, 0.21, 0.00, 1.06, 0.00, 0.00, 0.52, 0.00, 0.00, 0.00, 0.00, 0.31, 0.71, 0.17, 0.00, 0.14, 0.12, 0.00, 0.00, 0.00, 1.00, 0.00, 0.00, 0.00, 0.00, 0.00, 0.00, 0.00, 0.00, 1.00, 0.00, 1.00, 0.00, 0.00, 0.00, 0.00
803,  0,  26.940,  0.98,  1, 0.22, 0.00, 1.12, 0.00, 0.00, 0.52, 0.00, 0.00, 0.00, 0.00, 0.14, 0.71, 0.27, 0.00, 0.23, 0.19, 0.00, 0.00, 0.00, 1.00, 0.00, 0.00, 0.00, 0.00, 0.00, 0.00, 0.00, 0.00, 0.00, 0.00, 1.00, 0.00, 0.00, 0.00, 0.00
804,  0,  26.973,  0.98,  1, 0.20, 0.00, 1.09, 0.00, 0.00, 0.42, 0.00, 0.00, 0.00, 0.00, 0.21, 0.55, 0.20, 0.00, 0.22, 0.12, 0.00, 0.00, 0.00, 1.00, 0.00, 0.00, 0.00, 0.00, 0.00, 0.00, 0.00, 0.00, 0.00, 0.00, 1.00, 0.00, 0.00, 0.00, 0.00
805,  0,  27.007,  0.98,  1, 0.16, 0.00, 1.23, 0.00, 0.00, 0.51, 0.00, 0.00, 0.00, 0.00, 0.23, 0.46, 0.27, 0.00, 0.15, 0.19, 0.00, 0.00, 0.00, 1.00, 0.00, 0.00, 0.00, 0.00, 0.00, 0.00, 0.00, 0.00, 0.00, 0.00, 1.00, 0.00, 0.00, 0.00, 0.00
806,  0,  27.041,  0.98,  1, 0.18, 0.00, 1.19, 0.00, 0.00, 0.66, 0.00, 0.00, 0.00, 0.00, 0.26, 0.48, 0.22, 0.01, 0.06, 0.08, 0.00, 0.00, 0.00, 1.00, 0.00, 0.00, 0.00, 0.00, 0.00, 0.00, 0.00, 0.00, 0.00, 0.00, 0.00, 0.00, 0.00, 0.00, 0.00
807,  0,  27.074,  0.98,  1, 0.15, 0.00, 1.19, 0.00, 0.00, 0.73, 0.00, 0.00, 0.00, 0.00, 0.17, 0.47, 0.16, 0.01, 0.00, 0.08, 0.00, 0.00, 0.00, 1.00, 0.00, 0.00, 0.00, 0.00, 0.00, 0.00, 0.00, 0.00, 0.00, 0.00, 0.00, 0.00, 0.00, 0.00, 0.00
808,  0,  27.108,  0.98,  1, 0.09, 0.00, 1.13, 0.00, 0.00, 0.60, 0.00, 0.00, 0.00, 0.00, 0.24, 0.45, 0.09, 0.01, 0.00, 0.04, 0.00, 0.00, 0.00, 1.00, 0.00, 0.00, 0.00, 0.00, 0.00, 0.00, 0.00, 0.00, 0.00, 0.00, 0.00, 0.00, 0.00, 0.00, 0.00
809,  0,  27.141,  0.98,  1, 0.08, 0.00, 1.20, 0.00, 0.00, 0.54, 0.00, 0.00, 0.00, 0.00, 0.36, 0.41, 0.12, 0.00, 0.05, 0.04, 0.00, 0.00, 0.00, 1.00, 0.00, 0.00, 0.00, 0.00, 0.00, 0.00, 0.00, 0.00, 0.00, 0.00, 0.00, 0.00, 0.00, 0.00, 0.00
810,  0,  27.175,  0.98,  1, 0.14, 0.00, 1.26, 0.00, 0.00, 0.56, 0.00, 0.00, 0.00, 0.00, 0.30, 0.49, 0.08, 0.00, 0.16, 0.15, 0.00, 0.00, 0.00, 1.00, 0.00, 0.00, 0.00, 0.00, 0.00, 0.00, 0.00, 0.00, 0.00, 0.00, 0.00, 0.00, 0.00, 0.00, 0.00
811,  0,  27.208,  0.98,  1, 0.17, 0.00, 1.22, 0.00, 0.00, 0.61, 0.00, 0.00, 0.00, 0.00, 0.34, 0.51, 0.08, 0.00, 0.23, 0.12, 0.00, 0.00, 0.00, 1.00, 0.00, 0.00, 0.00, 0.00, 0.00, 0.00, 0.00, 0.00, 0.00, 0.00, 0.00, 0.00, 0.00, 0.00, 0.00
812,  0,  27.242,  0.98,  1, 0.18, 0.00, 1.17, 0.00, 0.00, 0.51, 0.00, 0.00, 0.00, 0.00, 0.28, 0.53, 0.01, 0.00, 0.18, 0.22, 0.00, 0.00, 0.00, 1.00, 0.00, 0.00, 0.00, 0.00, 0.00, 0.00, 0.00, 0.00, 0.00, 0.00, 0.00, 0.00, 0.00, 0.00, 0.00
813,  0,  27.276,  0.98,  1, 0.16, 0.00, 1.18, 0.00, 0.00, 0.61, 0.00, 0.00, 0.00, 0.00, 0.36, 0.49, 0.08, 0.00, 0.07, 0.11, 0.00, 0.00, 0.00, 1.00, 0.00, 0.00, 0.00, 0.00, 0.00, 0.00, 0.00, 0.00, 0.00, 0.00, 0.00, 0.00, 0.00, 0.00, 0.00
814,  0,  27.309,  0.98,  1, 0.18, 0.00, 1.25, 0.00, 0.00, 0.66, 0.00, 0.00, 0.00, 0.00, 0.23, 0.51, 0.08, 0.00, 0.00, 0.16, 0.00, 0.00, 0.00, 1.00, 0.00, 0.00, 0.00, 0.00, 0.00, 0.00, 0.00, 0.00, 0.00, 0.00, 0.00, 0.00, 0.00, 0.00, 0.00
815,  0,  27.343,  0.98,  1, 0.14, 0.00, 1.26, 0.00, 0.00, 0.72, 0.00, 0.00, 0.00, 0.00, 0.20, 0.64, 0.07, 0.00, 0.00, 0.06, 0.00, 0.00, 0.00, 1.00, 0.00, 0.00, 0.00, 0.00, 0.00, 0.00, 0.00, 0.00, 0.00, 0.00, 0.00, 0.00, 0.00, 0.00, 0.00
816,  0,  27.376,  0.98,  1, 0.09, 0.00, 1.23, 0.00, 0.00, 0.52, 0.00, 0.00, 0.00, 0.00, 0.22, 0.66, 0.04, 0.00, 0.04, 0.07, 0.00, 0.00, 0.00, 1.00, 0.00, 0.00, 0.00, 0.00, 0.00, 0.00, 0.00, 0.00, 0.00, 0.00, 0.00, 0.00, 0.00, 0.00, 0.00
817,  0,  27.410,  0.98,  1, 0.06, 0.00, 1.15, 0.00, 0.00, 0.54, 0.00, 0.00, 0.00, 0.00, 0.20, 0.64, 0.12, 0.00, 0.04, 0.02, 0.00, 0.00, 0.00, 1.00, 0.00, 0.00, 0.00, 0.00, 0.00, 0.00, 0.00, 0.00, 0.00, 0.00, 0.00, 0.00, 0.00, 0.00, 0.00
818,  0,  27.444,  0.98,  1, 0.07, 0.00, 1.16, 0.00, 0.00, 0.43, 0.00, 0.00, 0.00, 0.00, 0.18, 0.47, 0.29, 0.00, 0.11, 0.02, 0.00, 0.00, 0.00, 1.00, 0.00, 0.00, 0.00, 0.00, 0.00, 0.00, 0.00, 0.00, 0.00, 0.00, 0.00, 0.00, 0.00, 0.00, 0.00
819,  0,  27.477,  0.98,  1, 0.10, 0.00, 1.10, 0.00, 0.00, 0.47, 0.00, 0.00, 0.00, 0.00, 0.06, 0.50, 0.34, 0.00, 0.14, 0.00, 0.00, 0.00, 0.00, 1.00, 0.00, 0.00, 0.00, 0.00, 0.00, 0.00, 0.00, 0.00, 0.00, 0.00, 0.00, 0.00, 0.00, 0.00, 0.00
820,  0,  27.511,  0.98,  1, 0.16, 0.00, 1.12, 0.00, 0.00, 0.32, 0.00, 0.00, 0.00, 0.00, 0.05, 0.50, 0.27, 0.00, 0.20, 0.00, 0.00, 0.00, 0.00, 1.00, 0.00, 0.00, 0.00, 0.00, 0.00, 0.00, 0.00, 0.00, 0.00, 0.00, 0.00, 0.00, 0.00, 0.00, 0.00
821,  0,  27.544,  0.98,  1, 0.14, 0.00, 1.09, 0.00, 0.00, 0.43, 0.00, 0.00, 0.00, 0.00, 0.00, 0.56, 0.15, 0.00, 0.14, 0.00, 0.00, 0.00, 0.00, 1.00, 0.00, 0.00, 0.00, 0.00, 0.00, 0.00, 0.00, 0.00, 0.00, 0.00, 1.00, 0.00, 0.00, 0.00, 0.00
822,  0,  27.578,  0.98,  1, 0.13, 0.00, 1.14, 0.00, 0.00, 0.37, 0.00, 0.00, 0.00, 0.00, 0.02, 0.52, 0.17, 0.00, 0.07, 0.00, 0.00, 0.00, 0.00, 1.00, 0.00, 0.00, 0.00, 0.00, 0.00, 0.00, 0.00, 0.00, 0.00, 0.00, 1.00, 0.00, 0.00, 0.00, 0.00
823,  0,  27.612,  0.98,  1, 0.03, 0.00, 1.11, 0.00, 0.00, 0.45, 0.00, 0.00, 0.00, 0.00, 0.02, 0.44, 0.15, 0.01, 0.03, 0.07, 0.00, 0.00, 0.00, 1.00, 0.00, 0.00, 0.00, 0.00, 0.00, 0.00, 0.00, 0.00, 0.00, 0.00, 1.00, 0.00, 0.00, 0.00, 0.00
824,  0,  27.645,  0.98,  1, 0.01, 0.00, 1.08, 0.00, 0.00, 0.50, 0.00, 0.00, 0.00, 0.00, 0.12, 0.31, 0.12, 0.01, 0.10, 0.25, 0.00, 0.00, 0.00, 1.00, 0.00, 0.00, 0.00, 0.00, 0.00, 0.00, 0.00, 0.00, 0.00, 0.00, 1.00, 0.00, 0.00, 0.00, 0.00
825,  0,  27.679,  0.98,  1, 0.01, 0.00, 1.04, 0.04, 0.00, 0.72, 0.00, 0.02, 0.00, 0.00, 0.10, 0.13, 0.08, 0.01, 0.29, 0.43, 0.00, 0.00, 0.00, 1.00, 1.00, 0.00, 0.00, 0.00, 0.00, 0.00, 0.00, 0.00, 0.00, 0.00, 1.00, 1.00, 0.00, 0.00, 0.00
826,  0,  27.712,  0.98,  1, 0.01, 0.00, 1.09, 0.04, 0.00, 0.87, 0.00, 0.02, 0.00, 0.00, 0.10, 0.21, 0.08, 0.00, 0.48, 0.80, 0.00, 0.00, 0.00, 1.00, 0.00, 0.00, 0.00, 0.00, 0.00, 0.00, 0.00, 0.00, 0.00, 0.00, 1.00, 1.00, 1.00, 0.00, 0.00
827,  0,  27.746,  0.98,  1, 0.03, 0.00, 1.13, 0.04, 0.00, 0.84, 0.00, 0.11, 0.00, 0.00, 0.00, 0.22, 0.07, 0.00, 0.70, 1.23, 0.00, 0.00, 0.00, 1.00, 0.00, 0.00, 0.00, 0.00, 0.00, 0.00, 0.00, 0.00, 0.00, 0.00, 1.00, 1.00, 1.00, 0.00, 0.00
828,  0,  27.780,  0.98,  1, 0.10, 0.00, 1.14, 0.00, 0.00, 0.71, 0.00, 0.18, 0.00, 0.00, 0.00, 0.22, 0.00, 0.00, 0.73, 1.49, 0.00, 0.00, 0.00, 1.00, 0.00, 0.00, 0.00, 0.00, 0.00, 0.00, 0.00, 0.00, 0.00, 0.00, 1.00, 1.00, 1.00, 0.00, 0.00
829,  0,  27.813,  0.98,  1, 0.15, 0.00, 1.19, 0.00, 0.00, 0.76, 0.00, 0.21, 0.00, 0.00, 0.00, 0.05, 0.00, 0.00, 0.69, 1.31, 0.00, 0.00, 0.00, 1.00, 0.00, 0.00, 0.00, 0.00, 0.00, 0.00, 0.00, 0.00, 0.00, 0.00, 1.00, 1.00, 1.00, 0.00, 0.00
830,  0,  27.847,  0.98,  1, 0.16, 0.00, 1.15, 0.11, 0.00, 0.84, 0.00, 0.12, 0.00, 0.00, 0.00, 0.15, 0.00, 0.21, 0.42, 1.12, 0.00, 0.00, 0.00, 1.00, 0.00, 0.00, 0.00, 0.00, 0.00, 0.00, 0.00, 0.00, 0.00, 0.00, 1.00, 1.00, 1.00, 0.00, 0.00
831,  0,  27.880,  0.98,  1, 0.15, 0.00, 1.11, 0.24, 0.00, 1.33, 0.01, 0.04, 0.00, 0.00, 0.19, 0.27, 0.00, 0.43, 0.19, 0.96, 0.00, 0.00, 0.00, 1.00, 0.00, 0.00, 0.00, 0.00, 0.00, 0.00, 0.00, 0.00, 0.00, 0.00, 1.00, 1.00, 1.00, 0.00, 0.00
832,  0,  27.914,  0.98,  1, 0.24, 0.00, 1.05, 0.26, 0.00, 1.51, 0.01, 0.03, 0.00, 0.00, 0.43, 0.46, 0.00, 0.73, 0.02, 0.90, 0.00, 0.00, 0.00, 0.00, 0.00, 0.00, 0.00, 0.00, 0.00, 0.00, 0.00, 1.00, 0.00, 0.00, 1.00, 1.00, 1.00, 0.00, 0.00
833,  0,  27.947,  0.98,  1, 0.32, 0.00, 1.09, 0.26, 0.02, 1.78, 0.01, 0.02, 0.00, 0.00, 0.87, 0.38, 0.00, 0.83, 0.00, 0.57, 0.00, 1.00, 0.00, 0.00, 0.00, 0.00, 0.00, 0.00, 0.00, 0.00, 0.00, 1.00, 0.00, 0.00, 1.00, 0.00, 0.00, 0.00, 0.00
834,  0,  27.981,  0.98,  1, 0.40, 0.00, 1.15, 0.24, 0.07, 1.77, 0.00, 0.02, 0.00, 0.00, 1.13, 0.31, 0.00, 1.00, 0.00, 0.51, 0.00, 1.00, 0.00, 0.00, 1.00, 0.00, 0.00, 0.00, 0.00, 0.00, 0.00, 1.00, 0.00, 0.00, 1.00, 0.00, 0.00, 0.00, 0.00
835,  0,  28.015,  0.98,  1, 0.37, 0.10, 1.24, 0.22, 0.14, 1.88, 0.00, 0.09, 0.00, 0.00, 1.78, 0.12, 0.00, 1.53, 0.00, 0.31, 0.00, 1.00, 0.00, 1.00, 1.00, 0.00, 0.00, 0.00, 0.00, 0.00, 0.00, 1.00, 0.00, 0.00, 1.00, 0.00, 0.00, 0.00, 0.00
836,  0,  28.048,  0.98,  1, 0.34, 0.10, 1.29, 0.35, 0.20, 1.89, 0.00, 0.35, 0.00, 0.00, 2.43, 0.05, 0.00, 1.92, 0.00, 0.24, 0.00, 1.00, 0.00, 1.00, 1.00, 0.00, 0.00, 0.00, 0.00, 0.00, 0.00, 1.00, 0.00, 0.00, 1.00, 0.00, 0.00, 0.00, 0.00
837,  0,  28.082,  0.98,  1, 0.18, 0.10, 1.35, 0.32, 0.22, 1.75, 0.00, 0.54, 0.00, 0.00, 2.80, 0.09, 0.00, 2.13, 0.01, 0.00, 0.00, 1.00, 0.00, 1.00, 1.00, 0.00, 0.00, 0.00, 0.00, 0.00, 0.00, 1.00, 0.00, 0.00, 1.00, 0.00, 0.00, 0.00, 0.00
838,  0,  28.115,  0.98,  1, 0.12, 0.05, 1.36, 0.43, 0.29, 1.80, 0.07, 0.78, 0.00, 0.00, 2.15, 0.18, 0.00, 1.37, 0.34, 0.48, 0.00, 1.00, 0.00, 1.00, 1.00, 0.00, 0.00, 0.00, 0.00, 0.00, 0.00, 1.00, 0.00, 0.00, 1.00, 1.00, 1.00, 0.00, 0.00
839,  0,  28.149,  0.98,  1, 0.15, 0.05, 1.44, 0.38, 0.27, 1.76, 0.08, 0.78, 0.00, 0.00, 1.24, 0.23, 0.17, 0.67, 0.74, 0.99, 0.00, 1.00, 0.00, 1.00, 1.00, 0.00, 0.00, 0.00, 0.00, 0.00, 0.00, 1.00, 0.00, 0.00, 1.00, 1.00, 1.00, 0.00, 0.00
840,  0,  28.183,  0.98,  1, 0.24, 0.05, 1.59, 0.59, 0.25, 1.89, 0.08, 0.97, 0.00, 0.00, 0.42, 0.20, 0.24, 0.07, 1.41, 1.65, 0.00, 1.00, 0.00, 1.00, 1.00, 0.00, 0.00, 0.00, 0.00, 0.00, 0.00, 1.00, 0.00, 0.00, 0.00, 1.00, 1.00, 0.00, 0.00
841,  0,  28.216,  0.98,  1, 0.23, 0.00, 1.57, 0.72, 0.15, 1.78, 0.01, 0.92, 0.00, 0.00, 0.19, 0.11, 0.28, 0.00, 1.71, 1.71, 0.00, 1.00, 0.00, 1.00, 1.00, 0.00, 0.00, 0.00, 0.00, 0.00, 0.00, 1.00, 0.00, 0.00, 0.00, 1.00, 1.00, 0.00, 0.00
842,  0,  28.250,  0.98,  1, 0.12, 0.00, 1.54, 0.88, 0.19, 1.86, 0.01, 0.92, 0.00, 0.00, 0.00, 0.09, 0.11, 0.00, 1.95, 1.91, 0.00, 1.00, 0.00, 1.00, 1.00, 0.00, 0.00, 0.00, 0.00, 0.00, 0.00, 1.00, 0.00, 0.00, 0.00, 1.00, 1.00, 0.00, 0.00
843,  0,  28.283,  0.98,  1, 0.03, 0.00, 1.39, 0.79, 0.19, 1.78, 0.02, 0.91, 0.00, 0.00, 0.02, 0.03, 0.19, 0.00, 1.99, 1.92, 0.00, 1.00, 0.00, 1.00, 1.00, 0.00, 0.00, 0.00, 0.00, 0.00, 0.00, 1.00, 0.00, 0.00, 0.00, 1.00, 1.00, 0.00, 0.00
844,  0,  28.317,  0.98,  1, 0.04, 0.00, 1.35, 0.76, 0.17, 1.62, 0.02, 0.89, 0.00, 0.00, 0.02, 0.03, 0.21, 0.00, 2.06, 2.07, 0.00, 1.00, 0.00, 1.00, 1.00, 0.00, 0.00, 0.00, 0.00, 0.00, 0.00, 0.00, 0.00, 0.00, 0.00, 1.00, 1.00, 0.00, 0.00
845,  0,  28.351,  0.98,  1, 0.11, 0.00, 1.33, 0.58, 0.13, 1.44, 0.01, 0.88, 0.00, 0.00, 0.02, 0.00, 0.21, 0.00, 2.09, 2.07, 0.00, 1.00, 0.00, 1.00, 1.00, 0.00, 0.00, 0.00, 0.00, 0.00, 0.00, 0.00, 0.00, 0.00, 0.00, 1.00, 1.00, 0.00, 0.00
846,  0,  28.384,  0.98,  1, 0.16, 0.00, 1.36, 0.61, 0.12, 1.32, 0.00, 0.65, 0.00, 0.00, 0.00, 0.00, 0.19, 0.00, 1.95, 2.18, 0.00, 1.00, 0.00, 1.00, 1.00, 0.00, 0.00, 0.00, 0.00, 0.00, 0.00, 0.00, 0.00, 0.00, 0.00, 1.00, 1.00, 0.00, 0.00
847,  0,  28.418,  0.98,  1, 0.19, 0.00, 1.38, 0.73, 0.09, 1.41, 0.00, 0.62, 0.00, 0.00, 0.00, 0.00, 0.14, 0.00, 2.01, 2.32, 0.00, 1.00, 0.00, 1.00, 1.00, 0.00, 0.00, 0.00, 0.00, 0.00, 0.00, 1.00, 0.00, 0.00, 1.00, 1.00, 1.00, 0.00, 0.00
848,  0,  28.451,  0.98,  1, 0.28, 0.07, 1.39, 0.82, 0.04, 1.23, 0.00, 0.74, 0.00, 0.00, 0.00, 0.00, 0.31, 0.00, 2.00, 2.28, 0.00, 1.00, 0.00, 1.00, 0.00, 0.00, 0.00, 0.00, 0.00, 0.00, 0.00, 1.00, 0.00, 0.00, 1.00, 1.00, 1.00, 0.00, 0.00
849,  0,  28.485,  0.98,  1, 0.48, 0.08, 1.38, 0.58, 0.00, 1.11, 0.00, 0.79, 0.00, 0.00, 0.00, 0.00, 0.30, 0.00, 1.86, 2.30, 0.00, 1.00, 0.00, 1.00, 0.00, 0.00, 0.00, 0.00, 0.00, 0.00, 0.00, 1.00, 0.00, 0.00, 1.00, 1.00, 1.00, 0.00, 0.00
850,  0,  28.519,  0.98,  1, 0.59, 0.10, 1.39, 0.25, 0.00, 1.02, 0.00, 0.69, 0.00, 0.00, 0.01, 0.00, 0.30, 0.00, 1.61, 2.02, 0.00, 1.00, 0.00, 1.00, 0.00, 0.00, 0.00, 0.00, 0.00, 0.00, 0.00, 1.00, 0.00, 0.00, 1.00, 1.00, 1.00, 0.00, 0.00
851,  0,  28.552,  0.98,  1, 0.66, 0.03, 1.38, 0.14, 0.00, 1.19, 0.00, 0.50, 0.00, 0.00, 0.22, 0.00, 0.13, 0.00, 1.27, 1.58, 0.00, 1.00, 0.00, 1.00, 0.00, 0.00, 0.00, 0.00, 0.00, 0.00, 0.00, 1.00, 0.00, 0.00, 1.00, 1.00, 1.00, 0.00, 0.00
852,  0,  28.586,  0.98,  1, 0.56, 0.04, 1.52, 0.25, 0.00, 1.26, 0.02, 0.41, 0.00, 0.00, 0.22, 0.00, 0.00, 0.00, 1.18, 1.40, 0.00, 1.00, 0.00, 1.00, 0.00, 0.00, 0.00, 0.00, 0.00, 0.00, 0.00, 1.00, 0.00, 0.00, 1.00, 1.00, 1.00, 0.00, 0.00
853,  0,  28.619,  0.98,  1, 0.45, 0.03, 1.54, 0.25, 0.00, 1.28, 0.02, 0.42, 0.00, 0.00, 0.31, 0.00, 0.00, 0.00, 1.23, 1.42, 0.00, 1.00, 0.00, 1.00, 0.00, 0.00, 0.00, 0.00, 0.00, 0.00, 0.00, 1.00, 0.00, 0.00, 1.00, 1.00, 1.00, 0.00, 0.00
854,  0,  28.653,  0.98,  1, 0.37, 0.13, 1.62, 0.11, 0.00, 1.14, 0.04, 0.40, 0.00, 0.00, 0.21, 0.00, 0.08, 0.00, 1.49, 1.69, 0.12, 1.00, 0.00, 1.00, 0.00, 0.00, 0.00, 0.00, 0.00, 0.00, 0.00, 0.00, 0.00, 0.00, 1.00, 1.00, 1.00, 0.00, 0.00
855,  0,  28.686,  0.98,  1, 0.33, 0.11, 1.52, 0.00, 0.00, 1.01, 0.02, 0.32, 0.00, 0.00, 0.21, 0.00, 0.16, 0.00, 1.56, 1.43, 0.17, 1.00, 0.00, 1.00, 0.00, 0.00, 0.00, 0.00, 0.00, 0.00, 0.00, 0.00, 0.00, 0.00, 1.00, 1.00, 1.00, 0.00, 0.00
856,  0,  28.720,  0.98,  1, 0.44, 0.10, 1.50, 0.00, 0.00, 0.88, 0.03, 0.19, 0.00, 0.00, 0.11, 0.00, 0.28, 0.00, 1.54, 1.19, 0.17, 1.00, 0.00, 1.00, 0.00, 0.00, 0.00, 0.00, 0.00, 0.00, 0.00, 0.00, 0.00, 0.00, 1.00, 1.00, 1.00, 0.00, 0.00
857,  0,  28.754,  0.98,  1, 0.52, 0.14, 1.43, 0.00, 0.00, 1.01, 0.02, 0.05, 0.00, 0.00, 0.00, 0.00, 0.47, 0.00, 1.46, 1.08, 0.05, 1.00, 0.00, 1.00, 0.00, 0.00, 0.00, 0.00, 0.00, 0.00, 0.00, 0.00, 0.00, 0.00, 1.00, 1.00, 1.00, 0.00, 0.00
858,  0,  28.787,  0.98,  1, 0.58, 0.18, 1.44, 0.00, 0.00, 1.18, 0.02, 0.03, 0.00, 0.00, 0.00, 0.00, 0.43, 0.00, 1.55, 1.10, 0.00, 1.00, 0.00, 1.00, 0.00, 0.00, 0.00, 0.00, 0.00, 0.00, 0.00, 0.00, 0.00, 0.00, 1.00, 1.00, 1.00, 0.00, 0.00
859,  0,  28.821,  0.98,  1, 0.64, 0.26, 1.44, 0.00, 0.00, 1.30, 0.01, 0.10, 0.00, 0.00, 0.00, 0.00, 0.47, 0.00, 1.53, 1.18, 0.04, 1.00, 0.00, 1.00, 0.00, 0.00, 0.00, 0.00, 0.00, 0.00, 0.00, 0.00, 0.00, 0.00, 1.00, 1.00, 1.00, 0.00, 0.00
860,  0,  28.854,  0.98,  1, 0.58, 0.15, 1.48, 0.00, 0.00, 1.29, 0.00, 0.14, 0.00, 0.00, 0.00, 0.00, 0.31, 0.00, 1.49, 1.21, 0.09, 1.00, 0.00, 1.00, 0.00, 0.00, 0.00, 0.00, 0.00, 0.00, 0.00, 0.00, 0.00, 0.00, 1.00, 1.00, 1.00, 0.00, 0.00
861,  0,  28.888,  0.98,  1, 0.55, 0.12, 1.47, 0.00, 0.00, 1.27, 0.00, 0.20, 0.00, 0.00, 0.00, 0.00, 0.35, 0.00, 1.49, 1.18, 0.23, 1.00, 0.00, 1.00, 0.00, 0.00, 0.00, 0.00, 0.00, 0.00, 0.00, 0.00, 0.00, 0.00, 1.00, 1.00, 1.00, 0.00, 0.00
862,  0,  28.922,  0.98,  1, 0.45, 0.05, 1.40, 0.00, 0.00, 1.19, 0.00, 0.21, 0.00, 0.00, 0.01, 0.00, 0.43, 0.00, 1.64, 1.22, 0.22, 1.00, 0.00, 1.00, 0.00, 0.00, 0.00, 0.00, 0.00, 0.00, 0.00, 0.00, 0.00, 0.00, 1.00, 1.00, 1.00, 0.00, 0.00
863,  0,  28.955,  0.98,  1, 0.40, 0.01, 1.31, 0.00, 0.00, 1.07, 0.00, 0.23, 0.00, 0.00, 0.01, 0.00, 0.33, 0.00, 1.72, 1.29, 0.17, 1.00, 0.00, 1.00, 0.00, 0.00, 0.00, 0.00, 0.00, 0.00, 0.00, 0.00, 0.00, 0.00, 1.00, 1.00, 1.00, 0.00, 0.00
864,  0,  28.989,  0.98,  1, 0.38, 0.00, 1.29, 0.00, 0.00, 1.14, 0.03, 0.17, 0.00, 0.00, 0.01, 0.00, 0.38, 0.00, 1.65, 1.53, 0.04, 1.00, 0.00, 1.00, 0.00, 0.00, 0.00, 0.00, 0.00, 0.00, 0.00, 0.00, 0.00, 0.00, 1.00, 1.00, 1.00, 0.00, 0.00
865,  0,  29.022,  0.98,  1, 0.35, 0.00, 1.33, 0.00, 0.00, 1.09, 0.04, 0.15, 0.00, 0.00, 0.00, 0.00, 0.16, 0.00, 1.42, 1.36, 0.00, 1.00, 0.00, 1.00, 0.00, 0.00, 0.00, 0.00, 0.00, 0.00, 0.00, 0.00, 0.00, 0.00, 1.00, 1.00, 1.00, 0.00, 0.00
866,  0,  29.056,  0.98,  1, 0.37, 0.00, 1.39, 0.00, 0.00, 1.09, 0.04, 0.17, 0.00, 0.00, 0.13, 0.00, 0.20, 0.00, 1.38, 1.36, 0.00, 1.00, 0.00, 1.00, 0.00, 0.00, 0.00, 0.00, 0.00, 0.00, 0.00, 0.00, 0.00, 0.00, 1.00, 1.00, 1.00, 0.00, 0.00
867,  0,  29.090,  0.98,  1, 0.27, 0.00, 1.33, 0.00, 0.00, 0.88, 0.02, 0.28, 0.00, 0.00, 0.13, 0.01, 0.06, 0.00, 1.31, 1.24, 0.00, 0.00, 0.00, 1.00, 0.00, 0.00, 0.00, 0.00, 0.00, 0.00, 0.00, 0.00, 0.00, 0.00, 0.00, 1.00, 1.00, 0.00, 0.00
868,  0,  29.123,  0.98,  1, 0.18, 0.00, 1.29, 0.00, 0.00, 0.81, 0.00, 0.24, 0.00, 0.00, 0.13, 0.11, 0.06, 0.00, 1.30, 1.45, 0.00, 0.00, 0.00, 1.00, 0.00, 0.00, 0.00, 0.00, 0.00, 0.00, 0.00, 0.00, 0.00, 0.00, 0.00, 1.00, 1.00, 0.00, 0.00
869,  0,  29.157,  0.98,  1, 0.10, 0.00, 1.25, 0.00, 0.00, 0.79, 0.00, 0.19, 0.00, 0.00, 0.00, 0.20, 0.00, 0.00, 1.18, 1.35, 0.00, 0.00, 0.00, 1.00, 0.00, 0.00, 0.00, 0.00, 0.00, 0.00, 0.00, 0.00, 0.00, 0.00, 0.00, 1.00, 1.00, 0.00, 0.00
870,  0,  29.190,  0.98,  1, 0.07, 0.00, 1.24, 0.07, 0.00, 0.91, 0.00, 0.11, 0.00, 0.00, 0.04, 0.26, 0.04, 0.00, 1.19, 1.17, 0.00, 0.00, 0.00, 1.00, 0.00, 0.00, 0.00, 0.00, 0.00, 0.00, 0.00, 0.00, 0.00, 0.00, 0.00, 1.00, 1.00, 0.00, 0.00
871,  0,  29.224,  0.98,  1, 0.20, 0.00, 1.27, 0.09, 0.00, 0.94, 0.00, 0.11, 0.00, 0.00, 0.04, 0.24, 0.04, 0.00, 1.16, 1.07, 0.00, 0.00, 0.00, 1.00, 0.00, 0.00, 0.00, 0.00, 0.00, 0.00, 0.00, 0.00, 0.00, 0.00, 0.00, 1.00, 1.00, 0.00, 0.00
872,  0,  29.258,  0.98,  1, 0.18, 0.00, 1.21, 0.13, 0.00, 0.92, 0.00, 0.16, 0.00, 0.00, 0.04, 0.19, 0.04, 0.00, 1.30, 1.22, 0.00, 0.00, 0.00, 1.00, 0.00, 0.00, 0.00, 0.00, 0.00, 0.00, 0.00, 0.00, 0.00, 0.00, 0.00, 1.00, 1.00, 0.00, 0.00
873,  0,  29.291,  0.98,  1, 0.20, 0.00, 1.25, 0.06, 0.00, 0.75, 0.02, 0.21, 0.00, 0.00, 0.00, 0.12, 0.01, 0.00, 1.39, 1.44, 0.00, 0.00, 0.00, 1.00, 1.00, 0.00, 0.00, 0.00, 0.00, 0.00, 0.00, 0.00, 0.00, 0.00, 0.00, 1.00, 1.00, 0.00, 0.00
874,  0,  29.325,  0.98,  1, 0.09, 0.00, 1.23, 0.07, 0.00, 0.70, 0.03, 0.17, 0.00, 0.00, 0.00, 0.10, 0.01, 0.00, 1.35, 1.34, 0.00, 1.00, 0.00, 1.00, 1.00, 0.00, 0.00, 0.00, 0.00, 0.00, 0.00, 0.00, 0.00, 0.00, 0.00, 1.00, 1.00, 0.00, 0.00
875,  0,  29.358,  0.98,  1, 0.16, 0.00, 1.28, 0.11, 0.00, 0.91, 0.03, 0.08, 0.00, 0.00, 0.00, 0.17, 0.00, 0.00, 1.17, 1.34, 0.00, 1.00, 0.00, 1.00, 1.00, 0.00, 0.00, 0.00, 0.00, 0.00, 0.00, 0.00, 0.00, 0.00, 0.00, 1.00, 1.00, 0.00, 0.00
876,  0,  29.392,  0.98,  1, 0.32, 0.00, 1.27, 0.17, 0.00, 0.87, 0.01, 0.00, 0.00, 0.00, 0.00, 0.28, 0.00, 0.00, 1.01, 1.36, 0.00, 0.00, 0.00, 1.00, 1.00, 0.00, 0.00, 0.00, 0.00, 0.00, 0.00, 0.00, 0.00, 0.00, 0.00, 1.00, 1.00, 0.00, 0.00
877,  0,  29.425,  0.98,  1, 0.42, 0.00, 1.28, 0.18, 0.00, 0.97, 0.02, 0.00, 0.00, 0.00, 0.00, 0.35, 0.00, 0.00, 1.12, 1.60, 0.00, 0.00, 0.00, 1.00, 1.00, 0.00, 0.00, 0.00, 0.00, 0.00, 0.00, 0.00, 0.00, 0.00, 1.00, 1.00, 1.00, 0.00, 0.00
878,  0,  29.459,  0.98,  1, 0.42, 0.00, 1.27, 0.15, 0.00, 0.79, 0.02, 0.02, 0.00, 0.00, 0.00, 0.29, 0.03, 0.00, 1.10, 1.63, 0.00, 0.00, 0.00, 1.00, 1.00, 0.00, 0.00, 0.00, 0.00, 0.00, 0.00, 0.00, 0.00, 0.00, 1.00, 1.00, 1.00, 0.00, 0.00
879,  0,  29.493,  0.98,  1, 0.36, 0.00, 1.27, 0.09, 0.00, 0.85, 0.03, 0.02, 0.00, 0.00, 0.04, 0.32, 0.03, 0.00, 1.19, 1.52, 0.00, 0.00, 0.00, 0.00, 1.00, 0.00, 0.00, 0.00, 0.00, 0.00, 0.00, 0.00, 0.00, 0.00, 1.00, 1.00, 1.00, 0.00, 0.00
880,  0,  29.526,  0.98,  1, 0.38, 0.00, 1.22, 0.05, 0.00, 0.68, 0.06, 0.02, 0.00, 0.00, 0.06, 0.28, 0.03, 0.00, 1.28, 1.59, 0.00, 0.00, 0.00, 0.00, 0.00, 0.00, 0.00, 0.00, 0.00, 0.00, 0.00, 0.00, 0.00, 0.00, 1.00, 1.00, 1.00, 0.00, 0.00
881,  0,  29.560,  0.98,  1, 0.39, 0.00, 1.13, 0.01, 0.00, 0.53, 0.10, 0.03, 0.00, 0.00, 0.06, 0.35, 0.00, 0.00, 1.37, 1.58, 0.00, 0.00, 0.00, 0.00, 0.00, 0.00, 0.00, 0.00, 0.00, 0.00, 0.00, 0.00, 0.00, 0.00, 1.00, 1.00, 1.00, 0.00, 0.00
882,  0,  29.593,  0.98,  1, 0.42, 0.00, 1.15, 0.11, 0.00, 0.47, 0.14, 0.05, 0.00, 0.00, 0.02, 0.24, 0.00, 0.00, 1.36, 1.57, 0.00, 0.00, 0.00, 0.00, 0.00, 0.00, 0.00, 0.00, 0.00, 0.00, 0.00, 0.00, 0.00, 0.00, 1.00, 1.00, 1.00, 0.00, 0.00
883,  0,  29.627,  0.98,  1, 0.40, 0.00, 1.10, 0.12, 0.00, 0.60, 0.17, 0.05, 0.00, 0.00, 0.00, 0.17, 0.00, 0.00, 1.38, 1.62, 0.00, 0.00, 0.00, 0.00, 0.00, 0.00, 0.00, 0.00, 0.00, 0.00, 0.00, 0.00, 0.00, 0.00, 1.00, 1.00, 1.00, 0.00, 0.00
884,  0,  29.661,  0.98,  1, 0.43, 0.00, 1.11, 0.17, 0.00, 0.75, 0.20, 0.04, 0.00, 0.00, 0.08, 0.11, 0.00, 0.00, 1.41, 1.55, 0.00, 0.00, 0.00, 0.00, 0.00, 0.00, 0.00, 0.00, 0.00, 0.00, 0.00, 0.00, 0.00, 0.00, 1.00, 1.00, 1.00, 0.00, 0.00
885,  0,  29.694,  0.98,  1, 0.42, 0.00, 1.03, 0.07, 0.00, 0.96, 0.18, 0.03, 0.00, 0.00, 0.08, 0.13, 0.04, 0.00, 1.48, 1.65, 0.00, 0.00, 0.00, 0.00, 0.00, 0.00, 0.00, 0.00, 0.00, 0.00, 0.00, 0.00, 0.00, 0.00, 1.00, 1.00, 1.00, 0.00, 0.00
886,  0,  29.728,  0.98,  1, 0.44, 0.00, 1.00, 0.05, 0.00, 0.89, 0.18, 0.03, 0.00, 0.00, 0.08, 0.12, 0.08, 0.00, 1.36, 1.52, 0.00, 0.00, 0.00, 0.00, 1.00, 0.00, 0.00, 0.00, 0.00, 0.00, 0.00, 0.00, 0.00, 0.00, 1.00, 1.00, 1.00, 0.00, 0.00
887,  0,  29.761,  0.98,  1, 0.46, 0.00, 0.95, 0.01, 0.00, 1.00, 0.19, 0.07, 0.00, 0.00, 0.00, 0.16, 0.08, 0.00, 1.17, 1.27, 0.00, 0.00, 0.00, 0.00, 1.00, 0.00, 0.00, 0.00, 0.00, 0.00, 0.00, 0.00, 0.00, 0.00, 1.00, 1.00, 1.00, 0.00, 0.00
888,  0,  29.795,  0.98,  1, 0.55, 0.00, 0.91, 0.01, 0.00, 0.97, 0.24, 0.07, 0.00, 0.00, 0.00, 0.16, 0.04, 0.00, 1.09, 1.00, 0.00, 0.00, 0.00, 0.00, 1.00, 0.00, 0.00, 0.00, 0.00, 0.00, 0.00, 0.00, 0.00, 0.00, 1.00, 1.00, 1.00, 0.00, 0.00
889,  0,  29.829,  0.98,  1, 0.60, 0.00, 1.00, 0.01, 0.00, 1.22, 0.25, 0.10, 0.00, 0.00, 0.00, 0.25, 0.04, 0.00, 1.03, 0.89, 0.00, 0.00, 0.00, 1.00, 0.00, 0.00, 0.00, 0.00, 0.00, 0.00, 0.00, 0.00, 0.00, 0.00, 1.00, 1.00, 1.00, 0.00, 0.00
890,  0,  29.862,  0.98,  1, 0.58, 0.00, 1.03, 0.00, 0.00, 1.12, 0.24, 0.05, 0.00, 0.00, 0.00, 0.26, 0.21, 0.00, 1.15, 1.11, 0.00, 0.00, 0.00, 1.00, 0.00, 0.00, 0.00, 0.00, 0.00, 0.00, 0.00, 0.00, 0.00, 0.00, 1.00, 1.00, 1.00, 0.00, 0.00
891,  0,  29.896,  0.98,  1, 0.48, 0.00, 1.05, 0.00, 0.00, 1.03, 0.15, 0.03, 0.00, 0.00, 0.10, 0.27, 0.21, 0.00, 1.20, 1.24, 0.00, 0.00, 0.00, 1.00, 0.00, 0.00, 0.00, 0.00, 0.00, 0.00, 0.00, 0.00, 0.00, 0.00, 1.00, 1.00, 1.00, 0.00, 0.00
892,  0,  29.929,  0.98,  1, 0.51, 0.00, 1.01, 0.00, 0.00, 0.98, 0.14, 0.00, 0.00, 0.00, 0.27, 0.17, 0.23, 0.00, 1.23, 1.24, 0.00, 0.00, 0.00, 1.00, 0.00, 0.00, 0.00, 0.00, 0.00, 0.00, 0.00, 0.00, 0.00, 0.00, 1.00, 1.00, 1.00, 0.00, 0.00
893,  0,  29.963,  0.98,  1, 0.56, 0.00, 1.06, 0.00, 0.00, 1.02, 0.08, 0.07, 0.00, 0.00, 0.27, 0.15, 0.06, 0.00, 1.20, 1.23, 0.00, 0.00, 0.00, 1.00, 0.00, 0.00, 0.00, 0.00, 0.00, 0.00, 0.00, 0.00, 0.00, 0.00, 1.00, 1.00, 1.00, 0.00, 0.00
894,  0,  29.997,  0.98,  1, 0.64, 0.00, 1.13, 0.00, 0.00, 0.96, 0.12, 0.07, 0.00, 0.00, 0.17, 0.17, 0.11, 0.00, 1.15, 1.31, 0.00, 0.00, 0.00, 1.00, 0.00, 0.00, 0.00, 0.00, 0.00, 0.00, 0.00, 0.00, 0.00, 0.00, 1.00, 1.00, 1.00, 0.00, 0.00
895,  0,  30.030,  0.98,  1, 0.62, 0.00, 1.08, 0.00, 0.00, 0.82, 0.08, 0.07, 0.00, 0.00, 0.00, 0.36, 0.06, 0.00, 1.15, 1.24, 0.00, 0.00, 0.00, 1.00, 0.00, 0.00, 0.00, 0.00, 0.00, 0.00, 0.00, 0.00, 0.00, 0.00, 1.00, 1.00, 1.00, 0.00, 0.00
896,  0,  30.064,  0.98,  1, 0.64, 0.00, 0.95, 0.00, 0.00, 0.78, 0.10, 0.00, 0.00, 0.00, 0.00, 0.57, 0.00, 0.00, 1.14, 0.95, 0.00, 0.00, 0.00, 0.00, 0.00, 0.00, 0.00, 0.00, 0.00, 0.00, 0.00, 0.00, 0.00, 0.00, 1.00, 1.00, 1.00, 0.00, 0.00
