frame, face_id, timestamp, confidence, success, AU01_r, AU02_r, AU04_r, AU05_r, AU06_r, AU07_r, AU09_r, AU10_r, AU12_r, AU14_r, AU15_r, AU17_r, AU20_r, AU23_r, AU25_r, AU26_r, AU45_r, AU01_c, AU02_c, AU04_c, AU05_c, AU06_c, AU07_c, AU09_c, AU10_c, AU12_c, AU14_c, AU15_c, AU17_c, AU20_c, AU23_c, AU25_c, AU26_c, AU28_c, AU45_c
1,  0,  0.000,  0.98,  1, 0.25, 0.11, 0.31, 0.00, 0.00, 0.53, 0.17, 0.00, 0.49, 0.25, 0.19, 0.48, 0.00, 0.00, 0.06, 0.33, 0.00, 0.00, 0.00, 0.00, 1.00, 0.00, 0.00, 0.00, 0.00, 0.00, 1.00, 0.00, 0.00, 0.00, 0.00, 0.00, 0.00, 0.00, 0.00
2,  0,  0.034,  0.98,  1, 0.25, 0.18, 0.23, 0.00, 0.00, 0.60, 0.10, 0.00, 0.63, 0.31, 0.14, 0.71, 0.07, 0.00, 0.02, 0.37, 0.00, 0.00, 0.00, 0.00, 1.00, 0.00, 0.00, 0.00, 0.00, 0.00, 1.00, 0.00, 1.00, 0.00, 0.00, 0.00, 0.00, 0.00, 0.00
3,  0,  0.067,  0.98,  1, 0.27, 0.14, 0.22, 0.00, 0.00, 0.68, 0.05, 0.00, 0.72, 0.27, 0.10, 0.78, 0.11, 0.00, 0.03, 0.32, 0.00, 0.00, 0.00, 0.00, 1.00, 0.00, 0.00, 0.00, 0.00, 0.00, 1.00, 1.00, 1.00, 1.00, 0.00, 0.00, 0.00, 0.00, 0.00
4,  0,  0.101,  0.98,  1, 0.28, 0.00, 0.25, 0.01, 0.00, 0.79, 0.05, 0.00, 0.76, 0.14, 0.06, 0.78, 0.11, 0.00, 0.03, 0.28, 0.00, 0.00, 0.00, 0.00, 1.00, 0.00, 0.00, 0.00, 0.00, 0.00, 1.00, 0.00, 1.00, 0.00, 0.00, 0.00, 0.00, 0.00, 0.00
5,  0,  0.135,  0.98,  1, 0.30, 0.00, 0.28, 0.01, 0.00, 0.78, 0.01, 0.00, 0.76, 0.15, 0.12, 0.73, 0.04, 0.00, 0.05, 0.32, 0.00, 0.00, 0.00, 0.00, 1.00, 0.00, 0.00, 0.00, 0.00, 0.00, 0.00, 0.00, 1.00, 0.00, 0.00, 0.00, 0.00, 0.00, 0.00
6,  0,  0.168,  0.98,  1, 0.26, 0.00, 0.28, 0.01, 0.00, 0.74, 0.03, 0.00, 0.73, 0.15, 0.13, 0.74, 0.00, 0.00, 0.04, 0.37, 0.00, 0.00, 0.00, 0.00, 1.00, 0.00, 0.00, 0.00, 0.00, 0.00, 0.00, 0.00, 1.00, 0.00, 0.00, 0.00, 0.00, 0.00, 0.00
7,  0,  0.202,  0.98,  1, 0.20, 0.00, 0.38, 0.00, 0.00, 0.76, 0.03, 0.00, 0.71, 0.15, 0.13, 0.68, 0.00, 0.00, 0.04, 0.48, 0.00, 0.00, 0.00, 0.00, 1.00, 0.00, 0.00, 0.00, 0.00, 0.00, 0.00, 0.00, 1.00, 0.00, 0.00, 0.00, 0.00, 0.00, 0.00
8,  0,  0.235,  0.98,  1, 0.15, 0.00, 0.36, 0.00, 0.01, 0.82, 0.02, 0.00, 0.69, 0.05, 0.03, 0.67, 0.00, 0.00, 0.04, 0.49, 0.00, 0.00, 0.00, 0.00, 1.00, 0.00, 0.00, 0.00, 0.00, 0.00, 0.00, 0.00, 1.00, 0.00, 0.00, 0.00, 0.00, 0.00, 0.00
9,  0,  0.269,  0.98,  1, 0.17, 0.09, 0.34, 0.00, 0.01, 0.71, 0.01, 0.00, 0.68, 0.05, 0.03, 0.76, 0.00, 0.00, 0.04, 0.42, 0.00, 0.00, 0.00, 0.00, 1.00, 0.00, 0.00, 0.00, 0.00, 0.00, 0.00, 0.00, 1.00, 0.00, 1.00, 0.00, 0.00, 0.00, 0.00
10,  0,  0.303,  0.98,  1, 0.26, 0.10, 0.35, 0.02, 0.03, 0.70, 0.01, 0.00, 0.69, 0.05, 0.03, 0.88, 0.00, 0.00, 0.04, 0.38, 0.00, 0.00, 0.00, 0.00, 1.00, 0.00, 0.00, 0.00, 0.00, 0.00, 0.00, 0.00, 1.00, 0.00, 1.00, 0.00, 0.00, 0.00, 0.00
11,  0,  0.336,  0.98,  1, 0.32, 0.13, 0.39, 0.02, 0.02, 0.54, 0.00, 0.00, 0.67, 0.11, 0.03, 0.90, 0.00, 0.00, 0.05, 0.28, 0.00, 0.00, 0.00, 0.00, 1.00, 0.00, 0.00, 0.00, 0.00, 0.00, 0.00, 0.00, 1.00, 0.00, 1.00, 0.00, 0.00, 0.00, 0.00
12,  0,  0.370,  0.98,  1, 0.32, 0.05, 0.45, 0.02, 0.02, 0.69, 0.00, 0.00, 0.67, 0.06, 0.00, 0.77, 0.00, 0.00, 0.08, 0.29, 0.00, 0.00, 0.00, 0.00, 1.00, 0.00, 0.00, 0.00, 0.00, 0.00, 0.00, 0.00, 1.00, 0.00, 1.00, 0.00, 0.00, 0.00, 0.00
13,  0,  0.404,  0.98,  1, 0.26, 0.04, 0.37, 0.00, 0.00, 0.68, 0.00, 0.00, 0.68, 0.06, 0.00, 0.75, 0.00, 0.00, 0.11, 0.22, 0.00, 0.00, 0.00, 0.00, 1.00, 0.00, 0.00, 0.00, 0.00, 0.00, 0.00, 0.00, 1.00, 0.00, 1.00, 0.00, 0.00, 0.00, 0.00
14,  0,  0.437,  0.98,  1, 0.26, 0.06, 0.33, 0.00, 0.00, 0.73, 0.00, 0.00, 0.68, 0.00, 0.02, 0.70, 0.00, 0.00, 0.11, 0.24, 0.00, 0.00, 0.00, 0.00, 1.00, 0.00, 0.00, 0.00, 0.00, 0.00, 0.00, 0.00, 1.00, 0.00, 1.00, 0.00, 0.00, 0.00, 0.00
15,  0,  0.471,  0.98,  1, 0.25, 0.06, 0.29, 0.00, 0.01, 0.70, 0.00, 0.00, 0.70, 0.00, 0.03, 0.79, 0.00, 0.00, 0.15, 0.31, 0.00, 0.00, 0.00, 0.00, 1.00, 0.00, 0.00, 0.00, 0.00, 0.00, 0.00, 0.00, 1.00, 0.00, 1.00, 0.00, 0.00, 0.00, 0.00
16,  0,  0.505,  0.98,  1, 0.32, 0.08, 0.40, 0.05, 0.01, 0.64, 0.00, 0.00, 0.66, 0.00, 0.06, 0.70, 0.00, 0.00, 0.15, 0.40, 0.00, 0.00, 0.00, 0.00, 1.00, 0.00, 0.00, 0.00, 0.00, 0.00, 0.00, 0.00, 1.00, 0.00, 1.00, 0.00, 0.00, 0.00, 0.00
17,  0,  0.538,  0.98,  1, 0.34, 0.12, 0.41, 0.07, 0.01, 0.69, 0.00, 0.00, 0.68, 0.00, 0.11, 0.62, 0.00, 0.00, 0.20, 0.42, 0.00, 0.00, 0.00, 0.00, 1.00, 0.00, 0.00, 0.00, 0.00, 0.00, 0.00, 0.00, 0.00, 0.00, 1.00, 0.00, 0.00, 0.00, 0.00
18,  0,  0.572,  0.98,  1, 0.40, 0.12, 0.45, 0.07, 0.00, 0.64, 0.00, 0.00, 0.70, 0.00, 0.15, 0.49, 0.00, 0.00, 0.16, 0.53, 0.00, 0.00, 0.00, 0.00, 1.00, 0.00, 0.00, 0.00, 0.00, 0.00, 0.00, 0.00, 0.00, 0.00, 1.00, 0.00, 0.00, 0.00, 0.00
19,  0,  0.606,  0.98,  1, 0.38, 0.10, 0.37, 0.03, 0.00, 0.65, 0.00, 0.00, 0.72, 0.03, 0.12, 0.44, 0.00, 0.00, 0.23, 0.60, 0.00, 0.00, 0.00, 0.00, 1.00, 0.00, 0.00, 0.00, 0.00, 0.00, 0.00, 0.00, 0.00, 0.00, 1.00, 0.00, 0.00, 0.00, 0.00
20,  0,  0.639,  0.98,  1, 0.33, 0.01, 0.40, 0.01, 0.00, 0.54, 0.01, 0.00, 0.73, 0.03, 0.05, 0.48, 0.00, 0.00, 0.26, 0.54, 0.00, 0.00, 0.00, 0.00, 1.00, 0.00, 0.00, 0.00, 0.00, 0.00, 0.00, 0.00, 0.00, 0.00, 1.00, 0.00, 0.00, 0.00, 0.00
21,  0,  0.673,  0.98,  1, 0.23, 0.06, 0.34, 0.01, 0.00, 0.55, 0.01, 0.00, 0.68, 0.03, 0.00, 0.54, 0.00, 0.00, 0.29, 0.46, 0.00, 0.00, 0.00, 0.00, 1.00, 0.00, 0.00, 0.00, 0.00, 0.00, 0.00, 0.00, 0.00, 0.00, 1.00, 0.00, 0.00, 0.00, 0.00
22,  0,  0.706,  0.98,  1, 0.26, 0.07, 0.33, 0.00, 0.00, 0.44, 0.01, 0.00, 0.66, 0.00, 0.00, 0.59, 0.00, 0.00, 0.27, 0.37, 0.00, 0.00, 0.00, 0.00, 1.00, 0.00, 0.00, 0.00, 0.00, 0.00, 0.00, 0.00, 0.00, 0.00, 0.00, 0.00, 0.00, 0.00, 0.00
23,  0,  0.740,  0.98,  1, 0.34, 0.07, 0.31, 0.00, 0.00, 0.33, 0.01, 0.00, 0.61, 0.00, 0.00, 0.67, 0.00, 0.00, 0.26, 0.51, 0.00, 0.00, 0.00, 0.00, 1.00, 0.00, 0.00, 0.00, 0.00, 0.00, 0.00, 0.00, 0.00, 0.00, 0.00, 0.00, 0.00, 0.00, 0.00
24,  0,  0.774,  0.98,  1, 0.37, 0.01, 0.36, 0.00, 0.00, 0.30, 0.06, 0.00, 0.62, 0.00, 0.00, 0.64, 0.00, 0.00, 0.30, 0.46, 0.00, 0.00, 0.00, 0.00, 1.00, 0.00, 0.00, 0.00, 0.00, 0.00, 0.00, 0.00, 1.00, 0.00, 0.00, 0.00, 0.00, 0.00, 0.00
25,  0,  0.807,  0.98,  1, 0.35, 0.00, 0.34, 0.00, 0.06, 0.39, 0.10, 0.00, 0.63, 0.00, 0.00, 0.58, 0.00, 0.00, 0.22, 0.33, 0.00, 0.00, 0.00, 0.00, 1.00, 0.00, 0.00, 0.00, 0.00, 0.00, 0.00, 0.00, 1.00, 0.00, 0.00, 0.00, 0.00, 0.00, 0.00
26,  0,  0.841,  0.98,  1, 0.32, 0.00, 0.34, 0.00, 0.09, 0.55, 0.11, 0.00, 0.65, 0.00, 0.00, 0.50, 0.00, 0.00, 0.13, 0.15, 0.00, 0.00, 0.00, 0.00, 1.00, 0.00, 0.00, 0.00, 0.00, 0.00, 0.00, 0.00, 1.00, 0.00, 0.00, 0.00, 0.00, 0.00, 0.00
27,  0,  0.875,  0.98,  1, 0.34, 0.05, 0.30, 0.00, 0.15, 0.59, 0.06, 0.00, 0.69, 0.04, 0.00, 0.57, 0.00, 0.00, 0.02, 0.03, 0.00, 0.00, 0.00, 0.00, 1.00, 0.00, 0.00, 0.00, 0.00, 0.00, 0.00, 0.00, 1.00, 0.00, 0.00, 0.00, 0.00, 0.00, 0.00
28,  0,  0.908,  0.98,  1, 0.32, 0.07, 0.38, 0.00, 0.13, 0.65, 0.02, 0.00, 0.71, 0.06, 0.03, 0.75, 0.00, 0.00, 0.01, 0.11, 0.00, 0.00, 0.00, 0.00, 1.00, 0.00, 0.00, 0.00, 0.00, 0.00, 0.00, 0.00, 1.00, 0.00, 0.00, 0.00, 0.00, 0.00, 0.00
29,  0,  0.942,  0.98,  1, 0.34, 0.08, 0.45, 0.00, 0.15, 0.60, 0.00, 0.00, 0.76, 0.06, 0.06, 0.86, 0.00, 0.00, 0.01, 0.16, 0.00, 0.00, 0.00, 0.00, 1.00, 0.00, 0.00, 0.00, 0.00, 0.00, 0.00, 0.00, 1.00, 0.00, 0.00, 0.00, 0.00, 0.00, 0.00
30,  0,  0.976,  0.98,  1, 0.33, 0.16, 0.42, 0.00, 0.09, 0.53, 0.00, 0.00, 0.76, 0.02, 0.06, 0.90, 0.00, 0.00, 0.01, 0.16, 0.00, 0.00, 0.00, 0.00, 1.00, 0.00, 0.00, 0.00, 0.00, 0.00, 0.00, 0.00, 1.00, 0.00, 0.00, 0.00, 0.00, 0.00, 0.00
31,  0,  1.009,  0.98,  1, 0.31, 0.28, 0.36, 0.00, 0.05, 0.42, 0.00, 0.00, 0.80, 0.00, 0.02, 0.93, 0.00, 0.00, 0.00, 0.09, 0.00, 0.00, 0.00, 0.00, 1.00, 0.00, 0.00, 0.00, 0.00, 0.00, 1.00, 0.00, 1.00, 0.00, 0.00, 0.00, 0.00, 0.00, 0.00
32,  0,  1.043,  0.98,  1, 0.24, 0.36, 0.25, 0.00, 0.02, 0.44, 0.00, 0.00, 0.79, 0.10, 0.00, 0.96, 0.00, 0.00, 0.04, 0.01, 0.00, 0.00, 0.00, 0.00, 1.00, 0.00, 0.00, 0.00, 0.00, 0.00, 1.00, 0.00, 1.00, 0.00, 0.00, 0.00, 0.00, 0.00, 0.00
33,  0,  1.076,  0.98,  1, 0.20, 0.35, 0.28, 0.00, 0.03, 0.53, 0.00, 0.00, 0.84, 0.23, 0.00, 0.90, 0.00, 0.00, 0.05, 0.01, 0.00, 0.00, 0.00, 0.00, 1.00, 0.00, 0.00, 0.00, 0.00, 0.00, 1.00, 0.00, 1.00, 0.00, 0.00, 0.00, 0.00, 0.00, 0.00
34,  0,  1.110,  0.98,  1, 0.18, 0.24, 0.20, 0.00, 0.04, 0.68, 0.00, 0.00, 0.83, 0.42, 0.00, 0.71, 0.00, 0.00, 0.05, 0.01, 0.00, 0.00, 0.00, 0.00, 1.00, 0.00, 0.00, 0.00, 0.00, 0.00, 1.00, 0.00, 1.00, 0.00, 0.00, 0.00, 0.00, 0.00, 0.00
35,  0,  1.144,  0.98,  1, 0.22, 0.29, 0.27, 0.00, 0.02, 0.69, 0.00, 0.00, 0.81, 0.48, 0.00, 0.67, 0.00, 0.00, 0.01, 0.01, 0.00, 0.00, 0.00, 0.00, 1.00, 0.00, 0.00, 0.00, 0.00, 0.00, 1.00, 0.00, 1.00, 0.00, 0.00, 0.00, 0.00, 0.00, 0.00
36,  0,  1.177,  0.98,  1, 0.26, 0.20, 0.30, 0.00, 0.01, 0.53, 0.00, 0.00, 0.72, 0.37, 0.00, 0.58, 0.00, 0.00, 0.03, 0.01, 0.00, 0.00, 0.00, 0.00, 1.00, 0.00, 0.00, 0.00, 0.00, 0.00, 1.00, 0.00, 1.00, 0.00, 0.00, 0.00, 0.00, 0.00, 0.00
37,  0,  1.211,  0.98,  1, 0.35, 0.17, 0.35, 0.00, 0.00, 0.38, 0.00, 0.00, 0.64, 0.27, 0.00, 0.63, 0.00, 0.00, 0.04, 0.00, 0.00, 0.00, 0.00, 0.00, 1.00, 0.00, 0.00, 0.00, 0.00, 0.00, 1.00, 0.00, 1.00, 0.00, 0.00, 0.00, 0.00, 0.00, 0.00
38,  0,  1.245,  0.98,  1, 0.37, 0.08, 0.27, 0.00, 0.00, 0.32, 0.00, 0.00, 0.61, 0.15, 0.02, 0.62, 0.00, 0.00, 0.06, 0.00, 0.00, 0.00, 0.00, 0.00, 1.00, 0.00, 0.00, 0.00, 0.00, 0.00, 1.00, 0.00, 1.00, 0.00, 0.00, 0.00, 0.00, 0.00, 0.00
39,  0,  1.278,  0.98,  1, 0.40, 0.08, 0.25, 0.00, 0.00, 0.50, 0.00, 0.00, 0.62, 0.20, 0.05, 0.82, 0.00, 0.00, 0.06, 0.12, 0.00, 0.00, 0.00, 0.00, 1.00, 0.00, 0.00, 0.00, 0.00, 0.00, 0.00, 0.00, 1.00, 0.00, 0.00, 0.00, 0.00, 0.00, 0.00
40,  0,  1.312,  0.98,  1, 0.40, 0.10, 0.26, 0.00, 0.00, 0.71, 0.00, 0.00, 0.61, 0.18, 0.05, 0.85, 0.00, 0.00, 0.05, 0.12, 0.00, 0.00, 0.00, 0.00, 1.00, 0.00, 0.00, 0.00, 0.00, 0.00, 0.00, 0.00, 1.00, 0.00, 0.00, 0.00, 0.00, 0.00, 0.00
41,  0,  1.346,  0.98,  1, 0.41, 0.05, 0.33, 0.00, 0.00, 0.78, 0.00, 0.00, 0.58, 0.20, 0.03, 0.87, 0.00, 0.00, 0.08, 0.15, 0.00, 0.00, 0.00, 0.00, 1.00, 0.00, 0.00, 0.00, 0.00, 0.00, 0.00, 0.00, 1.00, 0.00, 0.00, 0.00, 0.00, 0.00, 0.00
42,  0,  1.379,  0.98,  1, 0.40, 0.04, 0.34, 0.00, 0.00, 0.77, 0.00, 0.00, 0.58, 0.26, 0.00, 0.78, 0.00, 0.00, 0.05, 0.02, 0.00, 0.00, 0.00, 0.00, 1.00, 0.00, 0.00, 0.00, 0.00, 0.00, 0.00, 0.00, 1.00, 0.00, 0.00, 0.00, 0.00, 0.00, 0.00
43,  0,  1.413,  0.98,  1, 0.40, 0.02, 0.44, 0.00, 0.01, 0.57, 0.00, 0.00, 0.61, 0.30, 0.00, 0.77, 0.00, 0.00, 0.08, 0.02, 0.00, 0.00, 0.00, 0.00, 1.00, 0.00, 0.00, 0.00, 0.00, 0.00, 0.00, 0.00, 1.00, 0.00, 0.00, 0.00, 0.00, 0.00, 0.00
44,  0,  1.447,  0.98,  1, 0.40, 0.05, 0.47, 0.00, 0.01, 0.48, 0.00, 0.00, 0.65, 0.35, 0.07, 0.86, 0.00, 0.00, 0.03, 0.00, 0.00, 0.00, 0.00, 0.00, 1.00, 0.00, 0.00, 0.00, 0.00, 0.00, 0.00, 0.00, 1.00, 0.00, 0.00, 0.00, 0.00, 0.00, 0.00
45,  0,  1.480,  0.98,  1, 0.44, 0.04, 0.51, 0.00, 0.01, 0.35, 0.00, 0.00, 0.67, 0.32, 0.08, 0.85, 0.00, 0.00, 0.07, 0.00, 0.00, 0.00, 0.00, 0.00, 1.00, 0.00, 0.00, 0.00, 0.00, 0.00, 0.00, 0.00, 1.00, 0.00, 1.00, 0.00, 0.00, 0.00, 0.00
46,  0,  1.514,  0.98,  1, 0.45, 0.03, 0.52, 0.00, 0.00, 0.48, 0.00, 0.00, 0.71, 0.23, 0.13, 1.03, 0.00, 0.00, 0.05, 0.12, 0.00, 0.00, 0.00, 0.00, 1.00, 0.00, 0.00, 0.00, 0.00, 0.00, 0.00, 0.00, 1.00, 0.00, 1.00, 0.00, 0.00, 0.00, 0.00
47,  0,  1.547,  0.98,  1, 0.47, 0.00, 0.36, 0.00, 0.00, 0.56, 0.00, 0.00, 0.69, 0.20, 0.05, 1.07, 0.00, 0.00, 0.09, 0.24, 0.00, 0.00, 0.00, 0.00, 1.00, 0.00, 0.00, 0.00, 0.00, 0.00, 0.00, 0.00, 1.00, 0.00, 1.00, 0.00, 0.00, 0.00, 0.00
48,  0,  1.581,  0.98,  1, 0.42, 0.04, 0.30, 0.00, 0.00, 0.59, 0.00, 0.00, 0.67, 0.11, 0.04, 1.25, 0.00, 0.00, 0.05, 0.40, 0.00, 0.00, 0.00, 0.00, 1.00, 0.00, 0.00, 0.00, 0.00, 0.00, 0.00, 0.00, 1.00, 0.00, 1.00, 0.00, 0.00, 0.00, 0.00
49,  0,  1.615,  0.98,  1, 0.34, 0.06, 0.25, 0.00, 0.00, 0.42, 0.00, 0.00, 0.63, 0.10, 0.00, 1.08, 0.02, 0.00, 0.10, 0.44, 0.00, 0.00, 0.00, 0.00, 1.00, 0.00, 0.00, 0.00, 0.00, 0.00, 0.00, 0.00, 0.00, 0.00, 1.00, 0.00, 0.00, 0.00, 0.00
50,  0,  1.648,  0.98,  1, 0.23, 0.06, 0.40, 0.00, 0.00, 0.24, 0.00, 0.00, 0.66, 0.11, 0.00, 0.87, 0.02, 0.00, 0.17, 0.45, 0.00, 0.00, 0.00, 0.00, 1.00, 0.00, 0.00, 0.00, 0.00, 0.00, 0.00, 0.00, 0.00, 0.00, 0.00, 0.00, 0.00, 0.00, 0.00
51,  0,  1.682,  0.98,  1, 0.26, 0.02, 0.46, 0.00, 0.00, 0.14, 0.00, 0.00, 0.74, 0.19, 0.00, 0.63, 0.02, 0.00, 0.36, 0.49, 0.00, 0.00, 0.00, 0.00, 1.00, 0.00, 0.00, 0.00, 0.00, 0.00, 0.00, 0.00, 0.00, 0.00, 0.00, 0.00, 0.00, 0.00, 0.00
52,  0,  1.716,  0.98,  1, 0.36, 0.00, 0.49, 0.00, 0.00, 0.11, 0.00, 0.00, 0.74, 0.36, 0.00, 0.55, 0.01, 0.00, 0.39, 0.42, 0.00, 0.00, 0.00, 0.00, 1.00, 0.00, 0.00, 0.00, 0.00, 0.00, 1.00, 0.00, 0.00, 0.00, 0.00, 0.00, 0.00, 0.00, 0.00
53,  0,  1.749,  0.98,  1, 0.48, 0.00, 0.50, 0.00, 0.00, 0.25, 0.00, 0.00, 0.80, 0.37, 0.00, 0.49, 0.01, 0.00, 0.28, 0.42, 0.00, 0.00, 0.00, 0.00, 1.00, 0.00, 0.00, 0.00, 0.00, 0.00, 1.00, 0.00, 0.00, 0.00, 1.00, 0.00, 0.00, 0.00, 0.00
54,  0,  1.783,  0.98,  1, 0.49, 0.09, 0.49, 0.00, 0.00, 0.33, 0.00, 0.00, 0.77, 0.34, 0.00, 0.48, 0.01, 0.00, 0.11, 0.25, 0.00, 0.00, 0.00, 0.00, 1.00, 0.00, 0.00, 0.00, 0.00, 0.00, 1.00, 0.00, 0.00, 0.00, 0.00, 0.00, 0.00, 0.00, 0.00
55,  0,  1.817,  0.98,  1, 0.46, 0.09, 0.39, 0.00, 0.00, 0.42, 0.00, 0.00, 0.82, 0.35, 0.00, 0.53, 0.00, 0.00, 0.07, 0.24, 0.00, 0.00, 0.00, 0.00, 1.00, 0.00, 0.00, 0.00, 0.00, 0.00, 1.00, 0.00, 0.00, 0.00, 1.00, 0.00, 0.00, 0.00, 0.00
56,  0,  1.850,  0.98,  1, 0.36, 0.12, 0.33, 0.00, 0.00, 0.49, 0.00, 0.00, 0.84, 0.41, 0.00, 0.67, 0.00, 0.00, 0.07, 0.13, 0.00, 0.00, 0.00, 0.00, 1.00, 0.00, 0.00, 0.00, 0.00, 0.00, 1.00, 0.00, 0.00, 0.00, 1.00, 0.00, 0.00, 0.00, 0.00
57,  0,  1.884,  0.98,  1, 0.26, 0.03, 0.30, 0.00, 0.00, 0.55, 0.01, 0.00, 0.84, 0.49, 0.00, 0.74, 0.13, 0.00, 0.09, 0.15, 0.00, 0.00, 0.00, 0.00, 1.00, 0.00, 0.00, 0.00, 0.00, 0.00, 1.00, 0.00, 0.00, 0.00, 1.00, 0.00, 0.00, 0.00, 0.00
58,  0,  1.918,  0.98,  1, 0.19, 0.03, 0.29, 0.00, 0.01, 0.52, 0.01, 0.00, 0.82, 0.55, 0.00, 0.66, 0.18, 0.00, 0.08, 0.09, 0.00, 0.00, 0.00, 0.00, 1.00, 0.00, 0.00, 0.00, 0.00, 0.00, 1.00, 0.00, 0.00, 0.00, 1.00, 0.00, 0.00, 0.00, 0.00
59,  0,  1.951,  0.98,  1, 0.26, 0.01, 0.28, 0.00, 0.01, 0.49, 0.02, 0.00, 0.76, 0.54, 0.00, 0.57, 0.24, 0.00, 0.14, 0.24, 0.00, 0.00, 0.00, 0.00, 1.00, 0.00, 0.00, 0.00, 0.00, 0.00, 1.00, 0.00, 0.00, 0.00, 0.00, 0.00, 0.00, 0.00, 0.00
60,  0,  1.985,  0.98,  1, 0.26, 0.01, 0.24, 0.00, 0.02, 0.33, 0.02, 0.00, 0.75, 0.52, 0.00, 0.50, 0.20, 0.00, 0.12, 0.28, 0.00, 0.00, 0.00, 0.00, 1.00, 0.00, 0.00, 0.00, 0.00, 0.00, 1.00, 0.00, 0.00, 0.00, 0.00, 0.00, 0.00, 0.00, 0.00
61,  0,  2.018,  0.98,  1, 0.27, 0.00, 0.15, 0.00, 0.01, 0.27, 0.02, 0.00, 0.77, 0.42, 0.03, 0.57, 0.26, 0.00, 0.12, 0.30, 0.00, 0.00, 0.00, 0.00, 1.00, 0.00, 0.00, 0.00, 0.00, 0.00, 1.00, 0.00, 0.00, 0.00, 0.00, 0.00, 0.00, 0.00, 0.00
62,  0,  2.052,  0.98,  1, 0.26, 0.00, 0.16, 0.00, 0.06, 0.19, 0.02, 0.00, 0.83, 0.42, 0.06, 0.59, 0.27, 0.00, 0.07, 0.22, 0.00, 0.00, 0.00, 0.00, 1.00, 0.00, 0.00, 0.00, 0.00, 1.00, 1.00, 0.00, 0.00, 0.00, 0.00, 0.00, 0.00, 0.00, 0.00
63,  0,  2.086,  0.98,  1, 0.32, 0.00, 0.19, 0.00, 0.06, 0.31, 0.05, 0.00, 0.89, 0.39, 0.10, 0.71, 0.26, 0.00, 0.09, 0.35, 0.00, 0.00, 0.00, 0.00, 1.00, 0.00, 0.00, 0.00, 0.00, 1.00, 1.00, 0.00, 0.00, 0.00, 0.00, 0.00, 0.00, 0.00, 0.00
64,  0,  2.119,  0.98,  1, 0.29, 0.00, 0.26, 0.00, 0.06, 0.28, 0.06, 0.00, 0.90, 0.42, 0.15, 0.81, 0.18, 0.00, 0.12, 0.41, 0.00, 0.00, 0.00, 0.00, 1.00, 0.00, 0.00, 0.00, 0.00, 1.00, 1.00, 0.00, 0.00, 0.00, 0.00, 0.00, 0.00, 0.00, 0.00
65,  0,  2.153,  0.98,  1, 0.30, 0.00, 0.19, 0.00, 0.01, 0.38, 0.03, 0.00, 0.88, 0.35, 0.16, 0.80, 0.18, 0.00, 0.12, 0.40, 0.00, 0.00, 0.00, 0.00, 1.00, 0.00, 0.00, 0.00, 0.00, 1.00, 1.00, 0.00, 0.00, 0.00, 0.00, 0.00, 0.00, 0.00, 0.00
66,  0,  2.187,  0.98,  1, 0.26, 0.00, 0.14, 0.00, 0.00, 0.29, 0.01, 0.00, 0.90, 0.44, 0.12, 0.69, 0.11, 0.00, 0.09, 0.29, 0.00, 0.00, 0.00, 0.00, 1.00, 0.00, 0.00, 0.00, 0.00, 1.00, 1.00, 0.00, 0.00, 0.00, 0.00, 0.00, 0.00, 0.00, 0.00
67,  0,  2.220,  0.98,  1, 0.25, 0.00, 0.13, 0.00, 0.04, 0.33, 0.00, 0.00, 1.01, 0.47, 0.06, 0.55, 0.15, 0.08, 0.10, 0.30, 0.00, 0.00, 0.00, 0.00, 1.00, 0.00, 0.00, 0.00, 0.00, 1.00, 1.00, 0.00, 0.00, 0.00, 0.00, 0.00, 0.00, 0.00, 0.00
68,  0,  2.254,  0.98,  1, 0.18, 0.00, 0.15, 0.00, 0.10, 0.32, 0.00, 0.00, 1.12, 0.57, 0.02, 0.54, 0.08, 0.09, 0.10, 0.34, 0.00, 0.00, 0.00, 0.00, 1.00, 0.00, 0.00, 0.00, 0.00, 1.00, 1.00, 0.00, 0.00, 0.00, 0.00, 0.00, 0.00, 0.00, 0.00
69,  0,  2.288,  0.98,  1, 0.12, 0.00, 0.21, 0.00, 0.15, 0.47, 0.00, 0.00, 1.16, 0.67, 0.02, 0.49, 0.07, 0.12, 0.09, 0.41, 0.00, 0.00, 0.00, 0.00, 1.00, 0.00, 0.00, 0.00, 0.00, 1.00, 1.00, 0.00, 0.00, 0.00, 0.00, 0.00, 0.00, 0.00, 0.00
70,  0,  2.321,  0.98,  1, 0.09, 0.00, 0.16, 0.00, 0.17, 0.52, 0.00, 0.00, 1.16, 0.65, 0.08, 0.50, 0.04, 0.17, 0.21, 0.57, 0.00, 0.00, 0.00, 0.00, 1.00, 0.00, 0.00, 0.00, 0.00, 1.00, 1.00, 0.00, 0.00, 0.00, 0.00, 0.00, 0.00, 0.00, 0.00
71,  0,  2.355,  0.98,  1, 0.04, 0.00, 0.16, 0.00, 0.19, 0.51, 0.00, 0.00, 1.19, 0.60, 0.10, 0.56, 0.08, 0.25, 0.28, 0.44, 0.00, 0.00, 0.00, 0.00, 1.00, 0.00, 0.00, 0.00, 0.00, 1.00, 1.00, 0.00, 0.00, 0.00, 0.00, 0.00, 0.00, 0.00, 0.00
72,  0,  2.388,  0.98,  1, 0.02, 0.03, 0.21, 0.00, 0.25, 0.56, 0.00, 0.00, 1.22, 0.55, 0.15, 0.61, 0.15, 0.28, 0.27, 0.37, 0.00, 0.00, 0.00, 0.00, 1.00, 0.00, 0.00, 0.00, 0.00, 1.00, 1.00, 0.00, 0.00, 0.00, 0.00, 0.00, 0.00, 0.00, 0.00
73,  0,  2.422,  0.98,  1, 0.01, 0.09, 0.23, 0.00, 0.26, 0.51, 0.00, 0.00, 1.18, 0.75, 0.11, 0.62, 0.19, 0.27, 0.21, 0.10, 0.00, 0.00, 0.00, 0.00, 1.00, 0.00, 0.00, 0.00, 0.00, 1.00, 1.00, 0.00, 0.00, 0.00, 0.00, 0.00, 0.00, 0.00, 0.00
74,  0,  2.456,  0.98,  1, 0.07, 0.18, 0.27, 0.00, 0.28, 0.42, 0.00, 0.00, 1.08, 0.91, 0.09, 0.45, 0.20, 0.24, 0.14, 0.10, 0.00, 0.00, 0.00, 0.00, 1.00, 0.00, 0.00, 0.00, 0.00, 1.00, 1.00, 0.00, 0.00, 0.00, 0.00, 0.00, 0.00, 0.00, 0.00
75,  0,  2.489,  0.98,  1, 0.06, 0.16, 0.23, 0.00, 0.26, 0.32, 0.00, 0.00, 1.03, 0.93, 0.03, 0.44, 0.13, 0.19, 0.14, 0.01, 0.00, 0.00, 0.00, 0.00, 1.00, 0.00, 0.00, 0.00, 0.00, 1.00, 1.00, 0.00, 0.00, 0.00, 0.00, 0.00, 0.00, 0.00, 0.00
76,  0,  2.523,  0.98,  1, 0.06, 0.09, 0.31, 0.00, 0.24, 0.53, 0.00, 0.00, 1.04, 0.90, 0.00, 0.48, 0.05, 0.07, 0.00, 0.00, 0.00, 0.00, 0.00, 0.00, 1.00, 0.00, 0.00, 0.00, 0.00, 1.00, 1.00, 0.00, 0.00, 0.00, 0.00, 0.00, 0.00, 0.00, 0.00
77,  0,  2.557,  0.98,  1, 0.08, 0.00, 0.25, 0.00, 0.14, 0.55, 0.00, 0.00, 1.10, 0.87, 0.03, 0.70, 0.02, 0.07, 0.00, 0.07, 0.00, 0.00, 0.00, 0.00, 1.00, 0.00, 0.00, 0.00, 0.00, 1.00, 1.00, 0.00, 0.00, 0.00, 0.00, 0.00, 0.00, 0.00, 0.00
78,  0,  2.590,  0.98,  1, 0.15, 0.03, 0.15, 0.00, 0.10, 0.62, 0.00, 0.00, 1.13, 0.80, 0.03, 0.80, 0.05, 0.12, 0.00, 0.13, 0.00, 0.00, 0.00, 0.00, 1.00, 0.00, 0.00, 0.00, 0.00, 1.00, 1.00, 0.00, 0.00, 0.00, 0.00, 0.00, 0.00, 0.00, 0.00
79,  0,  2.624,  0.98,  1, 0.19, 0.03, 0.14, 0.00, 0.07, 0.52, 0.00, 0.00, 1.14, 0.64, 0.03, 0.82, 0.09, 0.16, 0.00, 0.21, 0.00, 0.00, 0.00, 0.00, 1.00, 0.00, 0.00, 0.00, 0.00, 1.00, 1.00, 0.00, 0.00, 0.00, 0.00, 0.00, 0.00, 0.00, 0.00
80,  0,  2.658,  0.98,  1, 0.27, 0.03, 0.18, 0.00, 0.11, 0.58, 0.00, 0.00, 1.15, 0.54, 0.00, 0.69, 0.12, 0.12, 0.01, 0.20, 0.00, 0.00, 0.00, 0.00, 1.00, 0.00, 0.00, 0.00, 0.00, 1.00, 1.00, 0.00, 0.00, 0.00, 0.00, 0.00, 0.00, 0.00, 0.00
81,  0,  2.691,  0.98,  1, 0.27, 0.00, 0.23, 0.00, 0.08, 0.49, 0.00, 0.00, 1.11, 0.48, 0.00, 0.59, 0.26, 0.08, 0.01, 0.19, 0.00, 0.00, 0.00, 0.00, 1.00, 0.00, 0.00, 0.00, 0.00, 1.00, 1.00, 0.00, 0.00, 0.00, 0.00, 0.00, 0.00, 0.00, 0.00
82,  0,  2.725,  0.98,  1, 0.22, 0.00, 0.13, 0.00, 0.10, 0.49, 0.00, 0.00, 1.09, 0.50, 0.00, 0.59, 0.44, 0.11, 0.01, 0.14, 0.00, 0.00, 0.00, 0.00, 1.00, 0.00, 0.00, 0.00, 0.00, 1.00, 1.00, 0.00, 0.00, 0.00, 0.00, 0.00, 0.00, 0.00, 0.00
83,  0,  2.759,  0.98,  1, 0.10, 0.00, 0.06, 0.00, 0.16, 0.48, 0.00, 0.00, 1.09, 0.60, 0.00, 0.61, 0.49, 0.18, 0.00, 0.19, 0.00, 0.00, 0.00, 0.00, 1.00, 0.00, 0.00, 0.00, 0.00, 1.00, 1.00, 0.00, 0.00, 0.00, 0.00, 0.00, 0.00, 0.00, 0.00
84,  0,  2.792,  0.98,  1, 0.11, 0.00, 0.11, 0.00, 0.24, 0.50, 0.00, 0.00, 1.12, 0.84, 0.00, 0.55, 0.36, 0.15, 0.00, 0.24, 0.00, 0.00, 0.00, 0.00, 1.00, 0.00, 0.00, 0.00, 0.00, 1.00, 1.00, 0.00, 0.00, 0.00, 0.00, 0.00, 0.00, 0.00, 0.00
85,  0,  2.826,  0.98,  1, 0.19, 0.00, 0.19, 0.00, 0.25, 0.40, 0.00, 0.00, 1.12, 1.07, 0.00, 0.39, 0.23, 0.08, 0.00, 0.28, 0.00, 0.00, 0.00, 0.00, 1.00, 0.00, 0.00, 0.00, 0.00, 1.00, 1.00, 0.00, 0.00, 1.00, 0.00, 0.00, 0.00, 0.00, 0.00
86,  0,  2.859,  0.98,  1, 0.19, 0.00, 0.33, 0.00, 0.19, 0.49, 0.00, 0.04, 1.11, 1.15, 0.00, 0.25, 0.23, 0.03, 0.00, 0.33, 0.00, 0.00, 0.00, 0.00, 1.00, 0.00, 0.00, 0.00, 0.00, 1.00, 1.00, 0.00, 0.00, 0.00, 0.00, 0.00, 0.00, 0.00, 0.00
87,  0,  2.893,  0.98,  1, 0.24, 0.00, 0.27, 0.00, 0.15, 0.77, 0.00, 0.04, 1.12, 1.08, 0.00, 0.26, 0.29, 0.02, 0.00, 0.30, 0.00, 0.00, 0.00, 0.00, 1.00, 0.00, 0.00, 0.00, 0.00, 1.00, 1.00, 0.00, 0.00, 0.00, 0.00, 0.00, 0.00, 0.00, 0.00
88,  0,  2.927,  0.98,  1, 0.17, 0.00, 0.26, 0.00, 0.09, 0.76, 0.00, 0.04, 1.11, 0.88, 0.00, 0.45, 0.26, 0.06, 0.04, 0.37, 0.00, 0.00, 0.00, 0.00, 1.00, 0.00, 0.00, 0.00, 0.00, 1.00, 1.00, 0.00, 0.00, 0.00, 0.00, 0.00, 0.00, 0.00, 0.00
89,  0,  2.960,  0.98,  1, 0.18, 0.03, 0.23, 0.00, 0.04, 0.56, 0.00, 0.00, 1.07, 0.78, 0.00, 0.65, 0.15, 0.11, 0.05, 0.22, 0.00, 0.00, 0.00, 0.00, 1.00, 0.00, 0.00, 0.00, 0.00, 1.00, 1.00, 0.00, 0.00, 1.00, 0.00, 0.00, 0.00, 0.00, 0.00
90,  0,  2.994,  0.98,  1, 0.19, 0.03, 0.27, 0.00, 0.00, 0.21, 0.00, 0.00, 1.00, 0.69, 0.05, 0.78, 0.16, 0.18, 0.06, 0.18, 0.00, 0.00, 0.00, 0.00, 1.00, 0.00, 0.00, 0.00, 0.00, 1.00, 1.00, 0.00, 0.00, 1.00, 0.00, 0.00, 0.00, 0.00, 0.00
91,  0,  3.028,  0.98,  1, 0.41, 0.05, 0.28, 0.00, 0.01, 0.24, 0.00, 0.00, 1.00, 0.74, 0.05, 0.89, 0.23, 0.16, 0.08, 0.17, 0.00, 0.00, 0.00, 0.00, 1.00, 0.00, 0.00, 0.00, 0.00, 1.00, 1.00, 0.00, 1.00, 0.00, 0.00, 0.00, 0.00, 0.00, 0.00
92,  0,  3.061,  0.98,  1, 0.54, 0.02, 0.31, 0.00, 0.01, 0.27, 0.00, 0.00, 1.04, 0.70, 0.05, 0.92, 0.29, 0.12, 0.07, 0.26, 0.00, 0.00, 0.00, 0.00, 1.00, 0.00, 0.00, 0.00, 0.00, 1.00, 1.00, 0.00, 1.00, 0.00, 0.00, 0.00, 0.00, 0.00, 0.00
93,  0,  3.095,  0.98,  1, 0.55, 0.14, 0.35, 0.00, 0.01, 0.22, 0.00, 0.00, 1.09, 0.86, 0.02, 0.94, 0.17, 0.09, 0.08, 0.23, 0.00, 0.00, 0.00, 0.00, 1.00, 0.00, 0.00, 0.00, 0.00, 1.00, 1.00, 0.00, 1.00, 0.00, 0.00, 0.00, 0.00, 0.00, 0.00
94,  0,  3.129,  0.98,  1, 0.56, 0.14, 0.38, 0.00, 0.00, 0.24, 0.00, 0.00, 1.06, 0.80, 0.12, 0.86, 0.08, 0.08, 0.02, 0.09, 0.02, 0.00, 0.00, 0.00, 1.00, 0.00, 0.00, 0.00, 0.00, 1.00, 1.00, 0.00, 1.00, 0.00, 0.00, 0.00, 0.00, 0.00, 0.00
95,  0,  3.162,  0.98,  1, 0.56, 0.14, 0.36, 0.00, 0.00, 0.29, 0.00, 0.00, 0.98, 0.83, 0.12, 0.86, 0.11, 0.05, 0.13, 0.14, 0.02, 0.00, 0.00, 0.00, 1.00, 0.00, 0.00, 0.00, 0.00, 1.00, 1.00, 0.00, 0.00, 0.00, 0.00, 0.00, 0.00, 0.00, 0.00
96,  0,  3.196,  0.98,  1, 0.49, 0.02, 0.26, 0.00, 0.00, 0.29, 0.00, 0.00, 0.96, 0.62, 0.19, 0.81, 0.11, 0.07, 0.23, 0.19, 0.02, 0.00, 0.00, 0.00, 1.00, 0.00, 0.00, 0.00, 0.00, 1.00, 1.00, 0.00, 0.00, 0.00, 0.00, 0.00, 0.00, 0.00, 0.00
97,  0,  3.229,  0.98,  1, 0.38, 0.00, 0.33, 0.00, 0.02, 0.33, 0.00, 0.00, 0.97, 0.66, 0.16, 0.83, 0.10, 0.11, 0.41, 0.31, 0.00, 0.00, 0.00, 0.00, 0.00, 0.00, 0.00, 0.00, 0.00, 1.00, 1.00, 0.00, 0.00, 0.00, 0.00, 0.00, 0.00, 0.00, 0.00
98,  0,  3.263,  0.98,  1, 0.32, 0.00, 0.28, 0.00, 0.05, 0.18, 0.00, 0.00, 1.05, 0.58, 0.25, 0.98, 0.01, 0.20, 0.31, 0.18, 0.00, 0.00, 0.00, 0.00, 1.00, 0.00, 0.00, 0.00, 0.00, 1.00, 1.00, 0.00, 0.00, 0.00, 1.00, 0.00, 0.00, 0.00, 0.00
99,  0,  3.297,  0.98,  1, 0.28, 0.00, 0.32, 0.00, 0.05, 0.18, 0.00, 0.03, 1.05, 0.71, 0.18, 1.00, 0.01, 0.20, 0.26, 0.22, 0.00, 0.00, 0.00, 0.00, 1.00, 0.00, 0.00, 0.00, 0.00, 1.00, 1.00, 0.00, 0.00, 0.00, 1.00, 0.00, 0.00, 0.00, 0.00
100,  0,  3.330,  0.98,  1, 0.28, 0.00, 0.26, 0.00, 0.09, 0.36, 0.00, 0.03, 1.08, 0.75, 0.24, 0.98, 0.01, 0.15, 0.08, 0.23, 0.00, 0.00, 0.00, 0.00, 0.00, 0.00, 0.00, 0.00, 0.00, 1.00, 1.00, 0.00, 1.00, 0.00, 1.00, 0.00, 0.00, 0.00, 0.00
101,  0,  3.364,  0.98,  1, 0.25, 0.00, 0.35, 0.08, 0.06, 0.60, 0.00, 0.03, 1.05, 0.75, 0.18, 0.82, 0.00, 0.06, 0.13, 0.21, 0.00, 0.00, 0.00, 0.00, 0.00, 0.00, 0.00, 0.00, 0.00, 1.00, 1.00, 0.00, 1.00, 0.00, 1.00, 0.00, 0.00, 0.00, 0.00
102,  0,  3.398,  0.98,  1, 0.32, 0.19, 0.40, 0.08, 0.10, 0.95, 0.00, 0.00, 1.07, 0.65, 0.24, 0.97, 0.02, 0.04, 0.06, 0.14, 0.00, 0.00, 0.00, 0.00, 1.00, 0.00, 0.00, 0.00, 0.00, 1.00, 1.00, 0.00, 1.00, 0.00, 1.00, 0.00, 0.00, 0.00, 0.00
103,  0,  3.431,  0.98,  1, 0.28, 0.19, 0.52, 0.08, 0.08, 0.80, 0.00, 0.00, 1.05, 0.57, 0.20, 1.22, 0.02, 0.09, 0.05, 0.09, 0.00, 0.00, 0.00, 0.00, 1.00, 0.00, 0.00, 0.00, 0.00, 1.00, 1.00, 0.00, 1.00, 0.00, 1.00, 0.00, 0.00, 0.00, 0.00
104,  0,  3.465,  0.98,  1, 0.34, 0.19, 0.55, 0.00, 0.11, 0.57, 0.00, 0.00, 1.06, 0.57, 0.26, 1.39, 0.03, 0.18, 0.00, 0.11, 0.00, 0.00, 0.00, 0.00, 1.00, 0.00, 0.00, 0.00, 0.00, 1.00, 1.00, 0.00, 1.00, 0.00, 1.00, 0.00, 0.00, 0.00, 0.00
105,  0,  3.499,  0.98,  1, 0.49, 0.00, 0.50, 0.10, 0.06, 0.22, 0.00, 0.00, 1.05, 0.55, 0.28, 1.45, 0.24, 0.15, 0.00, 0.11, 0.00, 0.00, 0.00, 0.00, 1.00, 0.00, 0.00, 0.00, 0.00, 1.00, 1.00, 0.00, 1.00, 0.00, 0.00, 0.00, 0.00, 0.00, 0.00
106,  0,  3.532,  0.98,  1, 0.55, 0.00, 0.34, 0.10, 0.05, 0.21, 0.00, 0.01, 1.08, 0.44, 0.32, 1.22, 0.24, 0.14, 0.04, 0.02, 0.00, 0.00, 0.00, 0.00, 1.00, 0.00, 0.00, 0.00, 0.00, 1.00, 1.00, 0.00, 1.00, 0.00, 0.00, 0.00, 0.00, 0.00, 0.00
107,  0,  3.566,  0.98,  1, 0.55, 0.00, 0.25, 0.10, 0.10, 0.21, 0.00, 0.01, 1.08, 0.63, 0.28, 1.13, 0.32, 0.05, 0.04, 0.14, 0.00, 0.00, 0.00, 0.00, 1.00, 0.00, 0.00, 0.00, 0.00, 1.00, 1.00, 0.00, 1.00, 0.00, 0.00, 0.00, 0.00, 0.00, 0.00
108,  0,  3.600,  0.98,  1, 0.38, 0.00, 0.31, 0.05, 0.14, 0.31, 0.00, 0.01, 1.02, 0.65, 0.19, 0.98, 0.12, 0.09, 0.04, 0.14, 0.00, 0.00, 0.00, 0.00, 1.00, 0.00, 0.00, 0.00, 0.00, 1.00, 1.00, 0.00, 1.00, 0.00, 1.00, 0.00, 0.00, 0.00, 0.00
109,  0,  3.633,  0.98,  1, 0.24, 0.00, 0.24, 0.05, 0.13, 0.22, 0.00, 0.00, 1.00, 0.73, 0.07, 1.05, 0.12, 0.12, 0.00, 0.26, 0.00, 0.00, 0.00, 0.00, 1.00, 0.00, 0.00, 0.00, 0.00, 1.00, 1.00, 0.00, 1.00, 0.00, 1.00, 0.00, 0.00, 0.00, 0.00
110,  0,  3.667,  0.98,  1, 0.17, 0.06, 0.28, 0.15, 0.04, 0.25, 0.00, 0.00, 1.03, 0.55, 0.06, 1.04, 0.05, 0.15, 0.07, 0.12, 0.00, 0.00, 0.00, 0.00, 1.00, 0.00, 0.00, 0.00, 0.00, 1.00, 1.00, 0.00, 1.00, 0.00, 0.00, 0.00, 0.00, 0.00, 0.00
111,  0,  3.700,  0.98,  1, 0.19, 0.11, 0.17, 0.20, 0.00, 0.21, 0.00, 0.00, 1.10, 0.54, 0.06, 1.00, 0.01, 0.12, 0.07, 0.12, 0.00, 0.00, 0.00, 0.00, 1.00, 0.00, 0.00, 0.00, 0.00, 1.00, 1.00, 0.00, 1.00, 0.00, 1.00, 0.00, 0.00, 0.00, 0.00
112,  0,  3.734,  0.98,  1, 0.28, 0.31, 0.21, 0.39, 0.00, 0.16, 0.00, 0.00, 1.08, 0.52, 0.13, 0.95, 0.16, 0.12, 0.12, 0.16, 0.00, 0.00, 0.00, 0.00, 1.00, 0.00, 0.00, 0.00, 0.00, 1.00, 1.00, 0.00, 1.00, 0.00, 1.00, 0.00, 0.00, 0.00, 0.00
113,  0,  3.768,  0.98,  1, 0.34, 0.25, 0.25, 0.34, 0.00, 0.14, 0.00, 0.00, 1.04, 0.51, 0.22, 0.89, 0.18, 0.16, 0.05, 0.20, 0.00, 0.00, 0.00, 0.00, 1.00, 0.00, 0.00, 0.00, 0.00, 1.00, 1.00, 0.00, 1.00, 0.00, 1.00, 0.00, 0.00, 0.00, 0.00
114,  0,  3.801,  0.98,  1, 0.38, 0.20, 0.32, 0.31, 0.00, 0.08, 0.00, 0.00, 1.00, 0.51, 0.21, 0.77, 0.34, 0.16, 0.05, 0.24, 0.00, 0.00, 0.00, 0.00, 1.00, 0.00, 0.00, 0.00, 0.00, 1.00, 1.00, 0.00, 1.00, 0.00, 0.00, 0.00, 0.00, 0.00, 0.00
115,  0,  3.835,  0.98,  1, 0.45, 0.00, 0.43, 0.22, 0.00, 0.01, 0.00, 0.00, 0.96, 0.39, 0.20, 0.79, 0.31, 0.09, 0.00, 0.17, 0.00, 0.00, 0.00, 0.00, 1.00, 0.00, 0.00, 0.00, 0.00, 1.00, 1.00, 0.00, 0.00, 0.00, 0.00, 0.00, 0.00, 0.00, 0.00
116,  0,  3.869,  0.98,  1, 0.41, 0.05, 0.42, 0.17, 0.00, 0.00, 0.00, 0.00, 0.91, 0.43, 0.14, 0.86, 0.39, 0.03, 0.01, 0.33, 0.00, 0.00, 0.00, 0.00, 1.00, 0.00, 0.00, 0.00, 0.00, 1.00, 1.00, 0.00, 1.00, 0.00, 0.00, 0.00, 0.00, 0.00, 0.00
117,  0,  3.902,  0.98,  1, 0.36, 0.10, 0.43, 0.30, 0.04, 0.11, 0.00, 0.00, 0.94, 0.47, 0.30, 0.94, 0.23, 0.06, 0.01, 0.35, 0.00, 0.00, 0.00, 0.00, 1.00, 0.00, 0.00, 0.00, 0.00, 1.00, 1.00, 0.00, 0.00, 0.00, 0.00, 0.00, 0.00, 0.00, 0.00
118,  0,  3.936,  0.98,  1, 0.20, 0.10, 0.37, 0.28, 0.05, 0.22, 0.00, 0.00, 0.98, 0.51, 0.33, 0.94, 0.12, 0.07, 0.01, 0.26, 0.00, 0.00, 0.00, 0.00, 1.00, 0.00, 0.00, 0.00, 0.00, 1.00, 1.00, 0.00, 1.00, 0.00, 0.00, 0.00, 0.00, 0.00, 0.00
119,  0,  3.970,  0.98,  1, 0.18, 0.05, 0.36, 0.34, 0.09, 0.28, 0.00, 0.00, 0.96, 0.47, 0.35, 0.86, 0.02, 0.12, 0.02, 0.07, 0.00, 0.00, 0.00, 0.00, 1.00, 0.00, 0.00, 0.00, 0.00, 1.00, 1.00, 0.00, 1.00, 0.00, 0.00, 0.00, 0.00, 0.00, 0.00
120,  0,  4.003,  0.98,  1, 0.24, 0.00, 0.39, 0.14, 0.05, 0.38, 0.00, 0.00, 0.94, 0.44, 0.29, 0.94, 0.04, 0.13, 0.02, 0.22, 0.00, 0.00, 0.00, 0.00, 1.00, 0.00, 0.00, 0.00, 0.00, 1.00, 1.00, 0.00, 1.00, 0.00, 0.00, 0.00, 0.00, 0.00, 0.00
121,  0,  4.037,  0.98,  1, 0.39, 0.00, 0.47, 0.05, 0.06, 0.27, 0.00, 0.00, 0.94, 0.48, 0.22, 0.84, 0.04, 0.11, 0.02, 0.34, 0.00, 0.00, 0.00, 0.00, 1.00, 0.00, 0.00, 0.00, 0.00, 1.00, 1.00, 0.00, 1.00, 0.00, 0.00, 0.00, 0.00, 0.00, 0.00
122,  0,  4.071,  0.98,  1, 0.48, 0.00, 0.47, 0.04, 0.02, 0.26, 0.00, 0.00, 0.99, 0.42, 0.18, 0.85, 0.01, 0.09, 0.00, 0.44, 0.00, 0.00, 1.00, 0.00, 1.00, 0.00, 0.00, 0.00, 0.00, 1.00, 1.00, 0.00, 1.00, 0.00, 0.00, 0.00, 0.00, 0.00, 0.00
123,  0,  4.104,  0.98,  1, 0.38, 0.00, 0.53, 0.05, 0.02, 0.06, 0.00, 0.00, 0.96, 0.46, 0.11, 0.88, 0.00, 0.03, 0.00, 0.27, 0.00, 0.00, 1.00, 0.00, 1.00, 0.00, 0.00, 0.00, 0.00, 1.00, 1.00, 0.00, 1.00, 0.00, 0.00, 0.00, 0.00, 0.00, 0.00
124,  0,  4.138,  0.98,  1, 0.34, 0.06, 0.42, 0.06, 0.00, 0.10, 0.00, 0.00, 0.97, 0.45, 0.14, 0.90, 0.00, 0.06, 0.00, 0.27, 0.00, 0.00, 1.00, 0.00, 1.00, 0.00, 0.00, 0.00, 0.00, 1.00, 1.00, 0.00, 1.00, 0.00, 0.00, 0.00, 0.00, 0.00, 0.00
125,  0,  4.171,  0.98,  1, 0.28, 0.14, 0.43, 0.02, 0.00, 0.10, 0.00, 0.00, 0.97, 0.50, 0.26, 0.96, 0.08, 0.07, 0.00, 0.23, 0.00, 0.00, 1.00, 0.00, 1.00, 0.00, 0.00, 0.00, 0.00, 1.00, 1.00, 0.00, 1.00, 0.00, 1.00, 0.00, 0.00, 0.00, 0.00
126,  0,  4.205,  0.98,  1, 0.35, 0.20, 0.33, 0.06, 0.00, 0.32, 0.00, 0.00, 0.98, 0.41, 0.33, 0.95, 0.19, 0.09, 0.00, 0.19, 0.00, 0.00, 1.00, 0.00, 1.00, 0.00, 0.00, 0.00, 0.00, 1.00, 1.00, 0.00, 1.00, 0.00, 0.00, 0.00, 0.00, 0.00, 0.00
127,  0,  4.239,  0.98,  1, 0.29, 0.14, 0.39, 0.05, 0.01, 0.28, 0.00, 0.00, 1.00, 0.53, 0.40, 0.97, 0.46, 0.08, 0.11, 0.12, 0.00, 0.00, 1.00, 0.00, 1.00, 0.00, 0.00, 0.00, 0.00, 1.00, 1.00, 0.00, 1.00, 0.00, 0.00, 0.00, 0.00, 0.00, 0.00
128,  0,  4.272,  0.98,  1, 0.27, 0.11, 0.40, 0.05, 0.01, 0.22, 0.00, 0.00, 1.04, 0.59, 0.24, 0.78, 0.45, 0.04, 0.21, 0.10, 0.00, 0.00, 1.00, 0.00, 1.00, 0.00, 0.00, 0.00, 0.00, 1.00, 1.00, 0.00, 0.00, 0.00, 1.00, 0.00, 0.00, 0.00, 0.00
129,  0,  4.306,  0.98,  1, 0.14, 0.08, 0.41, 0.00, 0.06, 0.29, 0.00, 0.00, 1.07, 0.67, 0.16, 0.67, 0.57, 0.01, 0.26, 0.19, 0.00, 0.00, 0.00, 0.00, 1.00, 0.00, 0.00, 0.00, 0.00, 1.00, 1.00, 0.00, 0.00, 0.00, 1.00, 0.00, 0.00, 0.00, 0.00
130,  0,  4.340,  0.98,  1, 0.12, 0.11, 0.37, 0.00, 0.08, 0.47, 0.02, 0.00, 1.02, 0.63, 0.13, 0.47, 0.46, 0.00, 0.22, 0.23, 0.00, 0.00, 0.00, 0.00, 1.00, 0.00, 0.00, 0.00, 0.00, 1.00, 1.00, 0.00, 0.00, 1.00, 0.00, 0.00, 0.00, 0.00, 0.00
131,  0,  4.373,  0.98,  1, 0.05, 0.06, 0.39, 0.00, 0.12, 0.47, 0.02, 0.00, 0.95, 0.58, 0.19, 0.46, 0.51, 0.00, 0.11, 0.20, 0.00, 0.00, 0.00, 0.00, 1.00, 0.00, 0.00, 0.00, 0.00, 1.00, 1.00, 0.00, 0.00, 1.00, 0.00, 0.00, 0.00, 0.00, 0.00
132,  0,  4.407,  0.98,  1, 0.04, 0.02, 0.42, 0.00, 0.12, 0.32, 0.02, 0.00, 0.92, 0.56, 0.37, 0.48, 0.36, 0.00, 0.06, 0.17, 0.00, 0.00, 0.00, 0.00, 1.00, 0.00, 0.00, 0.00, 0.00, 1.00, 1.00, 0.00, 0.00, 1.00, 0.00, 0.00, 0.00, 0.00, 0.00
133,  0,  4.441,  0.98,  1, 0.00, 0.00, 0.37, 0.00, 0.21, 0.19, 0.00, 0.01, 0.96, 0.59, 0.31, 0.60, 0.35, 0.00, 0.00, 0.16, 0.00, 0.00, 0.00, 0.00, 1.00, 0.00, 0.00, 0.00, 0.00, 1.00, 1.00, 0.00, 0.00, 1.00, 0.00, 0.00, 0.00, 0.00, 0.00
134,  0,  4.474,  0.98,  1, 0.02, 0.04, 0.33, 0.00, 0.25, 0.32, 0.00, 0.01, 1.03, 0.65, 0.35, 0.73, 0.39, 0.00, 0.04, 0.24, 0.00, 0.00, 0.00, 0.00, 1.00, 0.00, 0.00, 0.00, 0.00, 1.00, 1.00, 0.00, 0.00, 1.00, 0.00, 0.00, 0.00, 0.00, 0.00
135,  0,  4.508,  0.98,  1, 0.02, 0.06, 0.37, 0.04, 0.27, 0.17, 0.00, 0.01, 1.06, 0.68, 0.31, 0.74, 0.62, 0.00, 0.05, 0.25, 0.00, 0.00, 0.00, 0.00, 1.00, 0.00, 0.00, 0.00, 0.00, 1.00, 1.00, 0.00, 0.00, 1.00, 0.00, 0.00, 0.00, 0.00, 0.00
136,  0,  4.541,  0.98,  1, 0.02, 0.06, 0.47, 0.04, 0.25, 0.23, 0.00, 0.00, 1.07, 0.64, 0.32, 0.62, 0.64, 0.00, 0.07, 0.20, 0.00, 0.00, 0.00, 0.00, 1.00, 0.00, 0.00, 0.00, 0.00, 1.00, 1.00, 0.00, 0.00, 1.00, 1.00, 0.00, 0.00, 0.00, 0.00
137,  0,  4.575,  0.98,  1, 0.00, 0.05, 0.44, 0.04, 0.25, 0.20, 0.00, 0.01, 1.06, 0.60, 0.22, 0.45, 0.61, 0.03, 0.08, 0.10, 0.00, 0.00, 1.00, 0.00, 1.00, 0.00, 0.00, 0.00, 0.00, 1.00, 1.00, 0.00, 0.00, 1.00, 1.00, 0.00, 0.00, 0.00, 0.00
138,  0,  4.609,  0.98,  1, 0.00, 0.03, 0.45, 0.00, 0.26, 0.39, 0.00, 0.01, 1.09, 0.57, 0.05, 0.38, 0.46, 0.03, 0.14, 0.03, 0.00, 0.00, 1.00, 0.00, 1.00, 0.00, 0.00, 0.00, 0.00, 1.00, 1.00, 0.00, 0.00, 1.00, 1.00, 0.00, 0.00, 0.00, 0.00
139,  0,  4.642,  0.98,  1, 0.00, 0.05, 0.53, 0.00, 0.22, 0.39, 0.00, 0.06, 1.12, 0.60, 0.09, 0.51, 0.36, 0.03, 0.17, 0.00, 0.00, 0.00, 0.00, 0.00, 1.00, 0.00, 0.00, 0.00, 0.00, 1.00, 1.00, 0.00, 0.00, 1.00, 1.00, 0.00, 0.00, 0.00, 0.00
140,  0,  4.676,  0.98,  1, 0.00, 0.03, 0.65, 0.00, 0.17, 0.47, 0.00, 0.04, 1.13, 0.74, 0.07, 0.55, 0.32, 0.01, 0.24, 0.01, 0.00, 0.00, 0.00, 0.00, 1.00, 0.00, 0.00, 0.00, 0.00, 1.00, 1.00, 0.00, 0.00, 1.00, 1.00, 0.00, 0.00, 0.00, 0.00
141,  0,  4.710,  0.98,  1, 0.00, 0.03, 0.54, 0.00, 0.09, 0.36, 0.00, 0.04, 1.04, 0.79, 0.07, 0.62, 0.45, 0.01, 0.16, 0.14, 0.00, 0.00, 1.00, 0.00, 1.00, 0.00, 0.00, 0.00, 0.00, 1.00, 1.00, 0.00, 0.00, 1.00, 1.00, 0.00, 0.00, 0.00, 0.00
142,  0,  4.743,  0.98,  1, 0.00, 0.00, 0.38, 0.00, 0.11, 0.25, 0.00, 0.00, 1.01, 0.77, 0.00, 0.50, 0.57, 0.01, 0.19, 0.24, 0.00, 0.00, 1.00, 0.00, 1.00, 0.00, 0.00, 0.00, 0.00, 1.00, 1.00, 0.00, 0.00, 1.00, 1.00, 0.00, 0.00, 0.00, 0.00
143,  0,  4.777,  0.98,  1, 0.01, 0.00, 0.28, 0.00, 0.08, 0.22, 0.00, 0.00, 1.03, 0.61, 0.00, 0.48, 0.62, 0.00, 0.23, 0.25, 0.00, 0.00, 1.00, 0.00, 1.00, 0.00, 0.00, 0.00, 0.00, 1.00, 1.00, 0.00, 0.00, 1.00, 1.00, 0.00, 0.00, 0.00, 0.00
144,  0,  4.811,  0.98,  1, 0.03, 0.03, 0.26, 0.00, 0.14, 0.22, 0.00, 0.00, 1.09, 0.57, 0.12, 0.44, 0.52, 0.00, 0.23, 0.11, 0.00, 0.00, 1.00, 0.00, 1.00, 0.00, 0.00, 0.00, 0.00, 1.00, 1.00, 0.00, 0.00, 1.00, 1.00, 0.00, 0.00, 0.00, 0.00
145,  0,  4.844,  0.98,  1, 0.03, 0.03, 0.32, 0.00, 0.13, 0.47, 0.00, 0.00, 1.10, 0.57, 0.22, 0.54, 0.45, 0.00, 0.23, 0.09, 0.00, 0.00, 1.00, 0.00, 0.00, 0.00, 0.00, 0.00, 0.00, 1.00, 1.00, 0.00, 0.00, 1.00, 1.00, 0.00, 0.00, 0.00, 0.00
146,  0,  4.878,  0.98,  1, 0.08, 0.03, 0.44, 0.00, 0.15, 0.59, 0.00, 0.00, 1.06, 0.63, 0.49, 0.65, 0.35, 0.01, 0.15, 0.16, 0.00, 0.00, 1.00, 0.00, 0.00, 0.00, 0.00, 0.00, 0.00, 1.00, 1.00, 0.00, 0.00, 1.00, 1.00, 0.00, 0.00, 0.00, 0.00
147,  0,  4.912,  0.98,  1, 0.16, 0.00, 0.62, 0.00, 0.12, 0.61, 0.00, 0.05, 1.05, 0.56, 0.42, 0.76, 0.31, 0.01, 0.15, 0.33, 0.00, 0.00, 1.00, 0.00, 0.00, 0.00, 0.00, 0.00, 0.00, 1.00, 1.00, 0.00, 0.00, 1.00, 1.00, 0.00, 0.00, 0.00, 0.00
148,  0,  4.945,  0.98,  1, 0.22, 0.00, 0.60, 0.00, 0.12, 0.57, 0.01, 0.08, 1.02, 0.66, 0.48, 0.82, 0.39, 0.01, 0.07, 0.43, 0.00, 0.00, 1.00, 0.00, 1.00, 0.00, 0.00, 0.00, 0.00, 1.00, 1.00, 0.00, 1.00, 1.00, 1.00, 0.00, 0.00, 0.00, 0.00
149,  0,  4.979,  0.98,  1, 0.24, 0.00, 0.48, 0.00, 0.13, 0.47, 0.01, 0.08, 1.00, 0.74, 0.40, 0.76, 0.47, 0.00, 0.05, 0.55, 0.00, 0.00, 0.00, 0.00, 1.00, 0.00, 0.00, 0.00, 0.00, 1.00, 1.00, 0.00, 1.00, 1.00, 1.00, 0.00, 0.00, 0.00, 0.00
150,  0,  5.012,  0.98,  1, 0.14, 0.00, 0.27, 0.00, 0.08, 0.55, 0.01, 0.03, 0.93, 0.75, 0.36, 0.63, 0.50, 0.00, 0.09, 0.51, 0.00, 0.00, 0.00, 0.00, 1.00, 0.00, 0.00, 0.00, 0.00, 1.00, 1.00, 0.00, 1.00, 1.00, 1.00, 0.00, 0.00, 0.00, 0.00
151,  0,  5.046,  0.98,  1, 0.08, 0.00, 0.27, 0.00, 0.02, 0.54, 0.00, 0.00, 0.89, 0.70, 0.19, 0.51, 0.55, 0.00, 0.09, 0.44, 0.00, 0.00, 0.00, 0.00, 1.00, 0.00, 0.00, 0.00, 0.00, 1.00, 1.00, 0.00, 0.00, 1.00, 1.00, 0.00, 0.00, 0.00, 0.00
152,  0,  5.080,  0.98,  1, 0.00, 0.00, 0.26, 0.00, 0.02, 0.38, 0.00, 0.00, 0.86, 0.58, 0.02, 0.46, 0.60, 0.00, 0.04, 0.37, 0.00, 0.00, 0.00, 0.00, 1.00, 0.00, 0.00, 0.00, 0.00, 1.00, 1.00, 0.00, 0.00, 1.00, 1.00, 0.00, 0.00, 0.00, 0.00
153,  0,  5.113,  0.98,  1, 0.00, 0.00, 0.34, 0.00, 0.08, 0.41, 0.00, 0.00, 0.91, 0.66, 0.02, 0.48, 0.60, 0.00, 0.00, 0.27, 0.00, 0.00, 0.00, 0.00, 1.00, 0.00, 0.00, 0.00, 0.00, 1.00, 1.00, 0.00, 0.00, 1.00, 1.00, 0.00, 0.00, 0.00, 0.00
154,  0,  5.147,  0.98,  1, 0.00, 0.00, 0.37, 0.00, 0.14, 0.48, 0.00, 0.00, 0.94, 0.51, 0.07, 0.58, 0.40, 0.00, 0.09, 0.26, 0.00, 0.00, 0.00, 0.00, 1.00, 0.00, 0.00, 0.00, 0.00, 1.00, 1.00, 0.00, 0.00, 1.00, 1.00, 0.00, 0.00, 0.00, 0.00
155,  0,  5.181,  0.98,  1, 0.00, 0.00, 0.45, 0.00, 0.18, 0.72, 0.00, 0.00, 0.99, 0.47, 0.05, 0.55, 0.39, 0.00, 0.12, 0.26, 0.00, 0.00, 0.00, 0.00, 1.00, 0.00, 0.00, 0.00, 0.00, 1.00, 1.00, 0.00, 0.00, 0.00, 1.00, 0.00, 0.00, 0.00, 0.00
156,  0,  5.214,  0.98,  1, 0.00, 0.00, 0.48, 0.00, 0.13, 0.63, 0.00, 0.00, 1.03, 0.35, 0.07, 0.52, 0.31, 0.00, 0.14, 0.28, 0.00, 0.00, 0.00, 0.00, 1.00, 0.00, 0.00, 0.00, 0.00, 1.00, 1.00, 0.00, 0.00, 0.00, 0.00, 0.00, 0.00, 0.00, 0.00
157,  0,  5.248,  0.98,  1, 0.00, 0.00, 0.47, 0.00, 0.09, 0.36, 0.00, 0.00, 1.10, 0.41, 0.07, 0.46, 0.28, 0.00, 0.04, 0.28, 0.00, 0.00, 0.00, 0.00, 1.00, 0.00, 0.00, 0.00, 0.00, 1.00, 1.00, 0.00, 0.00, 0.00, 0.00, 0.00, 0.00, 0.00, 0.00
158,  0,  5.282,  0.98,  1, 0.00, 0.00, 0.41, 0.00, 0.03, 0.13, 0.00, 0.00, 1.13, 0.36, 0.26, 0.60, 0.23, 0.00, 0.02, 0.16, 0.00, 0.00, 0.00, 0.00, 1.00, 0.00, 0.00, 0.00, 0.00, 1.00, 1.00, 0.00, 0.00, 0.00, 0.00, 0.00, 0.00, 0.00, 0.00
159,  0,  5.315,  0.98,  1, 0.00, 0.00, 0.30, 0.00, 0.03, 0.12, 0.00, 0.00, 1.09, 0.27, 0.30, 0.55, 0.32, 0.00, 0.00, 0.11, 0.00, 0.00, 0.00, 0.00, 1.00, 0.00, 0.00, 0.00, 0.00, 1.00, 1.00, 0.00, 0.00, 0.00, 0.00, 0.00, 0.00, 0.00, 0.00
160,  0,  5.349,  0.98,  1, 0.00, 0.14, 0.25, 0.00, 0.06, 0.31, 0.00, 0.00, 1.02, 0.23, 0.34, 0.52, 0.35, 0.00, 0.02, 0.03, 0.00, 0.00, 0.00, 0.00, 1.00, 0.00, 0.00, 0.00, 0.00, 1.00, 1.00, 0.00, 0.00, 0.00, 0.00, 0.00, 0.00, 0.00, 0.00
161,  0,  5.382,  0.98,  1, 0.00, 0.23, 0.21, 0.00, 0.06, 0.31, 0.00, 0.00, 0.98, 0.28, 0.18, 0.42, 0.34, 0.00, 0.02, 0.01, 0.00, 0.00, 0.00, 0.00, 1.00, 0.00, 0.00, 0.00, 0.00, 1.00, 1.00, 0.00, 0.00, 0.00, 1.00, 0.00, 0.00, 0.00, 0.00
162,  0,  5.416,  0.98,  1, 0.00, 0.24, 0.21, 0.00, 0.09, 0.19, 0.00, 0.00, 0.99, 0.42, 0.12, 0.45, 0.35, 0.00, 0.03, 0.00, 0.00, 0.00, 0.00, 0.00, 1.00, 0.00, 0.00, 0.00, 0.00, 1.00, 1.00, 0.00, 0.00, 0.00, 1.00, 0.00, 0.00, 0.00, 0.00
163,  0,  5.450,  0.98,  1, 0.00, 0.10, 0.22, 0.00, 0.05, 0.04, 0.00, 0.00, 0.98, 0.40, 0.04, 0.52, 0.35, 0.00, 0.01, 0.00, 0.00, 0.00, 0.00, 0.00, 1.00, 0.00, 0.00, 0.00, 0.00, 1.00, 1.00, 0.00, 0.00, 0.00, 1.00, 0.00, 0.00, 0.00, 0.00
164,  0,  5.483,  0.98,  1, 0.00, 0.01, 0.16, 0.03, 0.06, 0.16, 0.00, 0.00, 0.99, 0.50, 0.02, 0.60, 0.30, 0.00, 0.01, 0.02, 0.00, 0.00, 0.00, 0.00, 1.00, 0.00, 0.00, 0.00, 0.00, 1.00, 1.00, 0.00, 0.00, 0.00, 1.00, 0.00, 0.00, 0.00, 0.00
165,  0,  5.517,  0.98,  1, 0.01, 0.00, 0.19, 0.03, 0.02, 0.23, 0.00, 0.00, 1.00, 0.62, 0.00, 0.67, 0.18, 0.00, 0.01, 0.12, 0.00, 0.00, 0.00, 0.00, 1.00, 0.00, 0.00, 0.00, 0.00, 1.00, 1.00, 0.00, 0.00, 0.00, 1.00, 0.00, 0.00, 0.00, 0.00
166,  0,  5.551,  0.98,  1, 0.02, 0.00, 0.21, 0.09, 0.02, 0.26, 0.00, 0.00, 1.05, 0.75, 0.09, 0.65, 0.19, 0.00, 0.02, 0.21, 0.00, 0.00, 0.00, 0.00, 1.00, 0.00, 0.00, 0.00, 0.00, 1.00, 1.00, 0.00, 0.00, 0.00, 1.00, 0.00, 0.00, 0.00, 0.00
167,  0,  5.584,  0.98,  1, 0.03, 0.00, 0.28, 0.06, 0.01, 0.24, 0.00, 0.00, 1.07, 0.73, 0.09, 0.63, 0.18, 0.00, 0.04, 0.19, 0.00, 0.00, 0.00, 0.00, 1.00, 0.00, 0.00, 0.00, 0.00, 1.00, 1.00, 0.00, 0.00, 0.00, 1.00, 0.00, 0.00, 0.00, 0.00
168,  0,  5.618,  0.98,  1, 0.02, 0.00, 0.21, 0.07, 0.03, 0.29, 0.00, 0.00, 1.08, 0.66, 0.10, 0.64, 0.17, 0.00, 0.03, 0.15, 0.00, 0.00, 0.00, 0.00, 1.00, 0.00, 0.00, 0.00, 0.00, 1.00, 1.00, 0.00, 0.00, 1.00, 1.00, 0.00, 0.00, 0.00, 0.00
169,  0,  5.652,  0.98,  1, 0.01, 0.00, 0.17, 0.01, 0.08, 0.33, 0.00, 0.00, 1.05, 0.61, 0.01, 0.63, 0.15, 0.00, 0.04, 0.14, 0.00, 0.00, 0.00, 0.00, 1.00, 0.00, 0.00, 0.00, 0.00, 1.00, 1.00, 0.00, 0.00, 1.00, 1.00, 0.00, 0.00, 0.00, 0.00
170,  0,  5.685,  0.98,  1, 0.01, 0.00, 0.13, 0.01, 0.15, 0.37, 0.00, 0.00, 1.00, 0.59, 0.01, 0.60, 0.23, 0.00, 0.03, 0.23, 0.00, 0.00, 0.00, 0.00, 1.00, 0.00, 0.00, 0.00, 0.00, 1.00, 1.00, 0.00, 0.00, 0.00, 1.00, 0.00, 0.00, 0.00, 0.00
171,  0,  5.719,  0.98,  1, 0.01, 0.00, 0.25, 0.00, 0.17, 0.32, 0.00, 0.00, 0.98, 0.55, 0.00, 0.62, 0.23, 0.00, 0.02, 0.25, 0.00, 0.00, 0.00, 0.00, 1.00, 0.00, 0.00, 0.00, 0.00, 1.00, 1.00, 0.00, 0.00, 0.00, 1.00, 0.00, 0.00, 0.00, 0.00
172,  0,  5.753,  0.98,  1, 0.01, 0.00, 0.28, 0.00, 0.15, 0.30, 0.00, 0.00, 0.99, 0.43, 0.01, 0.70, 0.15, 0.00, 0.02, 0.21, 0.00, 0.00, 0.00, 0.00, 1.00, 0.00, 0.00, 0.00, 0.00, 1.00, 1.00, 0.00, 0.00, 0.00, 1.00, 0.00, 0.00, 0.00, 0.00
173,  0,  5.786,  0.98,  1, 0.00, 0.00, 0.32, 0.00, 0.10, 0.17, 0.00, 0.00, 1.02, 0.42, 0.01, 0.74, 0.12, 0.00, 0.10, 0.19, 0.00, 0.00, 0.00, 0.00, 1.00, 0.00, 0.00, 0.00, 0.00, 1.00, 1.00, 0.00, 0.00, 0.00, 1.00, 0.00, 0.00, 0.00, 0.00
174,  0,  5.820,  0.98,  1, 0.01, 0.00, 0.32, 0.00, 0.11, 0.16, 0.00, 0.00, 1.05, 0.35, 0.01, 0.77, 0.08, 0.00, 0.11, 0.28, 0.00, 0.00, 0.00, 0.00, 1.00, 0.00, 0.00, 0.00, 0.00, 1.00, 1.00, 0.00, 0.00, 0.00, 1.00, 0.00, 0.00, 0.00, 0.00
175,  0,  5.853,  0.98,  1, 0.01, 0.00, 0.30, 0.00, 0.17, 0.14, 0.00, 0.00, 1.03, 0.44, 0.00, 0.73, 0.19, 0.00, 0.15, 0.28, 0.00, 0.00, 0.00, 0.00, 1.00, 0.00, 0.00, 0.00, 0.00, 1.00, 1.00, 0.00, 0.00, 0.00, 1.00, 0.00, 0.00, 0.00, 0.00
176,  0,  5.887,  0.98,  1, 0.01, 0.00, 0.30, 0.00, 0.22, 0.21, 0.00, 0.00, 1.03, 0.43, 0.00, 0.74, 0.16, 0.00, 0.10, 0.36, 0.00, 0.00, 0.00, 0.00, 1.00, 0.00, 0.00, 0.00, 0.00, 1.00, 1.00, 0.00, 0.00, 0.00, 1.00, 0.00, 0.00, 0.00, 0.00
177,  0,  5.921,  0.98,  1, 0.03, 0.00, 0.24, 0.07, 0.22, 0.20, 0.00, 0.00, 1.01, 0.42, 0.00, 0.72, 0.26, 0.00, 0.10, 0.23, 0.00, 0.00, 0.00, 0.00, 1.00, 0.00, 0.00, 0.00, 0.00, 1.00, 1.00, 0.00, 0.00, 0.00, 1.00, 0.00, 0.00, 0.00, 0.00
178,  0,  5.954,  0.98,  1, 0.03, 0.00, 0.16, 0.07, 0.18, 0.13, 0.00, 0.00, 1.07, 0.44, 0.00, 0.67, 0.20, 0.00, 0.04, 0.24, 0.00, 0.00, 0.00, 0.00, 1.00, 0.00, 0.00, 0.00, 0.00, 1.00, 1.00, 0.00, 0.00, 0.00, 1.00, 0.00, 0.00, 0.00, 0.00
179,  0,  5.988,  0.98,  1, 0.03, 0.00, 0.09, 0.08, 0.14, 0.08, 0.00, 0.00, 1.07, 0.49, 0.00, 0.75, 0.21, 0.00, 0.00, 0.08, 0.00, 0.00, 0.00, 0.00, 1.00, 0.00, 0.00, 0.00, 0.00, 1.00, 1.00, 0.00, 0.00, 0.00, 1.00, 0.00, 0.00, 0.00, 0.00
180,  0,  6.022,  0.98,  1, 0.00, 0.00, 0.06, 0.01, 0.16, 0.05, 0.00, 0.00, 1.07, 0.53, 0.00, 0.73, 0.15, 0.00, 0.02, 0.07, 0.00, 0.00, 0.00, 0.00, 1.00, 0.00, 0.00, 0.00, 0.00, 1.00, 1.00, 0.00, 0.00, 0.00, 0.00, 0.00, 0.00, 0.00, 0.00
181,  0,  6.055,  0.98,  1, 0.00, 0.00, 0.07, 0.04, 0.21, 0.03, 0.00, 0.00, 1.04, 0.46, 0.00, 0.73, 0.14, 0.00, 0.02, 0.03, 0.00, 0.00, 0.00, 0.00, 1.00, 0.00, 0.00, 0.00, 0.00, 1.00, 1.00, 0.00, 0.00, 0.00, 0.00, 0.00, 0.00, 0.00, 0.00
182,  0,  6.089,  0.98,  1, 0.00, 0.00, 0.08, 0.03, 0.30, 0.14, 0.00, 0.00, 1.06, 0.42, 0.06, 0.57, 0.17, 0.00, 0.02, 0.03, 0.00, 0.00, 0.00, 0.00, 1.00, 0.00, 0.00, 0.00, 0.00, 1.00, 1.00, 0.00, 0.00, 0.00, 1.00, 0.00, 0.00, 0.00, 0.00
183,  0,  6.123,  0.98,  1, 0.00, 0.00, 0.07, 0.03, 0.35, 0.28, 0.00, 0.00, 1.05, 0.46, 0.08, 0.55, 0.25, 0.00, 0.03, 0.00, 0.00, 0.00, 0.00, 0.00, 1.00, 0.00, 0.00, 0.00, 0.00, 1.00, 1.00, 0.00, 0.00, 0.00, 1.00, 0.00, 0.00, 0.00, 0.00
184,  0,  6.156,  0.98,  1, 0.00, 0.00, 0.05, 0.00, 0.34, 0.48, 0.00, 0.00, 1.02, 0.54, 0.08, 0.60, 0.43, 0.00, 0.03, 0.10, 0.00, 0.00, 0.00, 0.00, 1.00, 0.00, 0.00, 0.00, 0.00, 1.00, 1.00, 0.00, 0.00, 0.00, 1.00, 0.00, 0.00, 0.00, 0.00
185,  0,  6.190,  0.98,  1, 0.00, 0.00, 0.03, 0.00, 0.28, 0.54, 0.00, 0.00, 0.99, 0.61, 0.02, 0.67, 0.38, 0.00, 0.03, 0.24, 0.00, 0.00, 0.00, 0.00, 1.00, 0.00, 0.00, 0.00, 0.00, 1.00, 1.00, 0.00, 0.00, 0.00, 1.00, 0.00, 0.00, 0.00, 0.00
186,  0,  6.224,  0.98,  1, 0.00, 0.00, 0.05, 0.00, 0.24, 0.64, 0.00, 0.00, 0.96, 0.64, 0.00, 0.65, 0.31, 0.00, 0.00, 0.28, 0.00, 0.00, 0.00, 0.00, 1.00, 0.00, 0.00, 0.00, 0.00, 1.00, 1.00, 0.00, 0.00, 0.00, 1.00, 0.00, 0.00, 0.00, 0.00
187,  0,  6.257,  0.98,  1, 0.00, 0.00, 0.10, 0.00, 0.24, 0.65, 0.00, 0.00, 0.92, 0.66, 0.00, 0.57, 0.13, 0.00, 0.03, 0.22, 0.00, 0.00, 0.00, 0.00, 1.00, 0.00, 0.00, 0.00, 0.00, 1.00, 1.00, 0.00, 0.00, 0.00, 1.00, 0.00, 0.00, 0.00, 0.00
188,  0,  6.291,  0.98,  1, 0.00, 0.00, 0.15, 0.00, 0.25, 0.60, 0.00, 0.00, 0.88, 0.63, 0.00, 0.50, 0.10, 0.00, 0.07, 0.16, 0.00, 0.00, 0.00, 0.00, 1.00, 0.00, 0.00, 0.00, 0.00, 1.00, 1.00, 0.00, 0.00, 0.00, 1.00, 0.00, 0.00, 0.00, 0.00
189,  0,  6.324,  0.98,  1, 0.00, 0.00, 0.19, 0.00, 0.27, 0.40, 0.00, 0.00, 0.89, 0.58, 0.00, 0.46, 0.06, 0.00, 0.10, 0.24, 0.00, 0.00, 0.00, 0.00, 1.00, 0.00, 0.00, 0.00, 0.00, 1.00, 1.00, 0.00, 0.00, 0.00, 1.00, 0.00, 0.00, 0.00, 0.00
190,  0,  6.358,  0.98,  1, 0.00, 0.00, 0.28, 0.00, 0.26, 0.31, 0.00, 0.00, 0.95, 0.55, 0.00, 0.50, 0.02, 0.00, 0.14, 0.28, 0.00, 0.00, 0.00, 0.00, 1.00, 0.00, 0.00, 0.00, 0.00, 1.00, 1.00, 0.00, 0.00, 0.00, 1.00, 0.00, 0.00, 0.00, 0.00
191,  0,  6.392,  0.98,  1, 0.00, 0.00, 0.28, 0.00, 0.26, 0.34, 0.00, 0.00, 0.97, 0.42, 0.00, 0.51, 0.01, 0.00, 0.11, 0.25, 0.00, 0.00, 0.00, 0.00, 1.00, 0.00, 0.00, 0.00, 0.00, 1.00, 1.00, 0.00, 0.00, 0.00, 1.00, 0.00, 0.00, 0.00, 0.00
192,  0,  6.425,  0.98,  1, 0.00, 0.00, 0.34, 0.00, 0.27, 0.42, 0.00, 0.00, 0.97, 0.46, 0.03, 0.64, 0.00, 0.00, 0.08, 0.20, 0.00, 0.00, 0.00, 0.00, 1.00, 0.00, 0.00, 0.00, 0.00, 1.00, 1.00, 0.00, 0.00, 0.00, 1.00, 0.00, 0.00, 0.00, 0.00
193,  0,  6.459,  0.98,  1, 0.00, 0.00, 0.32, 0.00, 0.31, 0.44, 0.00, 0.00, 0.95, 0.44, 0.03, 0.62, 0.03, 0.00, 0.00, 0.21, 0.00, 0.00, 0.00, 0.00, 1.00, 0.00, 0.00, 0.00, 0.00, 1.00, 1.00, 0.00, 0.00, 0.00, 1.00, 0.00, 0.00, 0.00, 0.00
194,  0,  6.493,  0.98,  1, 0.00, 0.00, 0.38, 0.00, 0.28, 0.37, 0.00, 0.00, 0.96, 0.51, 0.07, 0.63, 0.03, 0.00, 0.00, 0.27, 0.00, 0.00, 0.00, 0.00, 1.00, 0.00, 0.00, 0.00, 0.00, 1.00, 1.00, 0.00, 0.00, 0.00, 1.00, 0.00, 0.00, 0.00, 0.00
195,  0,  6.526,  0.98,  1, 0.00, 0.00, 0.36, 0.00, 0.24, 0.25, 0.02, 0.00, 0.97, 0.41, 0.07, 0.60, 0.03, 0.00, 0.00, 0.24, 0.00, 0.00, 0.00, 0.00, 1.00, 0.00, 0.00, 0.00, 0.00, 1.00, 1.00, 0.00, 0.00, 0.00, 1.00, 0.00, 0.00, 0.00, 0.00
196,  0,  6.560,  0.98,  1, 0.00, 0.00, 0.32, 0.00, 0.21, 0.17, 0.02, 0.00, 0.98, 0.41, 0.11, 0.61, 0.00, 0.00, 0.00, 0.16, 0.00, 0.00, 0.00, 0.00, 1.00, 0.00, 0.00, 0.00, 0.00, 1.00, 1.00, 0.00, 0.00, 0.00, 1.00, 0.00, 0.00, 0.00, 0.00
197,  0,  6.594,  0.98,  1, 0.00, 0.00, 0.28, 0.00, 0.21, 0.24, 0.02, 0.00, 0.95, 0.45, 0.12, 0.59, 0.00, 0.00, 0.00, 0.11, 0.00, 0.00, 0.00, 0.00, 1.00, 0.00, 0.00, 0.00, 0.00, 1.00, 1.00, 0.00, 0.00, 0.00, 1.00, 0.00, 0.00, 0.00, 0.00
198,  0,  6.627,  0.98,  1, 0.00, 0.00, 0.27, 0.00, 0.23, 0.36, 0.00, 0.00, 0.94, 0.48, 0.09, 0.62, 0.05, 0.00, 0.02, 0.14, 0.00, 0.00, 0.00, 0.00, 1.00, 0.00, 0.00, 0.00, 0.00, 1.00, 1.00, 0.00, 0.00, 0.00, 1.00, 0.00, 0.00, 0.00, 0.00
199,  0,  6.661,  0.98,  1, 0.00, 0.00, 0.26, 0.00, 0.24, 0.47, 0.01, 0.00, 0.88, 0.52, 0.05, 0.78, 0.18, 0.00, 0.05, 0.29, 0.00, 0.00, 0.00, 0.00, 1.00, 0.00, 0.00, 0.00, 0.00, 1.00, 1.00, 0.00, 1.00, 0.00, 1.00, 0.00, 0.00, 0.00, 0.00
200,  0,  6.694,  0.98,  1, 0.00, 0.00, 0.23, 0.00, 0.29, 0.32, 0.01, 0.00, 0.91, 0.60, 0.00, 0.85, 0.28, 0.00, 0.05, 0.29, 0.00, 0.00, 0.00, 0.00, 1.00, 0.00, 0.00, 0.00, 0.00, 1.00, 1.00, 0.00, 1.00, 0.00, 1.00, 0.00, 0.00, 0.00, 0.00
201,  0,  6.728,  0.98,  1, 0.00, 0.00, 0.23, 0.00, 0.28, 0.20, 0.03, 0.00, 0.92, 0.61, 0.00, 0.86, 0.26, 0.00, 0.03, 0.30, 0.00, 0.00, 0.00, 0.00, 1.00, 0.00, 0.00, 0.00, 0.00, 1.00, 1.00, 0.00, 1.00, 0.00, 1.00, 0.00, 0.00, 0.00, 0.00
202,  0,  6.762,  0.98,  1, 0.00, 0.00, 0.22, 0.00, 0.30, 0.06, 0.03, 0.00, 0.96, 0.58, 0.00, 0.72, 0.27, 0.00, 0.01, 0.33, 0.00, 0.00, 0.00, 0.00, 1.00, 0.00, 0.00, 0.00, 0.00, 1.00, 1.00, 0.00, 1.00, 0.00, 1.00, 0.00, 0.00, 0.00, 0.00
203,  0,  6.795,  0.98,  1, 0.00, 0.00, 0.18, 0.00, 0.33, 0.09, 0.03, 0.00, 0.97, 0.55, 0.00, 0.64, 0.31, 0.00, 0.03, 0.39, 0.00, 0.00, 0.00, 0.00, 1.00, 0.00, 0.00, 0.00, 0.00, 1.00, 1.00, 0.00, 1.00, 0.00, 1.00, 0.00, 0.00, 0.00, 0.00
204,  0,  6.829,  0.98,  1, 0.00, 0.00, 0.12, 0.00, 0.34, 0.08, 0.01, 0.00, 0.96, 0.70, 0.00, 0.65, 0.35, 0.00, 0.04, 0.45, 0.00, 0.00, 0.00, 0.00, 1.00, 0.00, 0.00, 0.00, 0.00, 1.00, 1.00, 0.00, 1.00, 0.00, 1.00, 0.00, 0.00, 0.00, 0.00
205,  0,  6.863,  0.98,  1, 0.00, 0.00, 0.16, 0.00, 0.31, 0.09, 0.00, 0.00, 0.97, 0.79, 0.00, 0.69, 0.30, 0.00, 0.03, 0.45, 0.00, 0.00, 0.00, 0.00, 1.00, 0.00, 0.00, 0.00, 0.00, 1.00, 1.00, 0.00, 0.00, 0.00, 1.00, 0.00, 0.00, 0.00, 0.00
206,  0,  6.896,  0.98,  1, 0.00, 0.00, 0.22, 0.00, 0.27, 0.16, 0.00, 0.00, 1.00, 0.81, 0.00, 0.76, 0.31, 0.00, 0.06, 0.45, 0.00, 0.00, 0.00, 0.00, 1.00, 0.00, 0.00, 0.00, 0.00, 1.00, 1.00, 0.00, 0.00, 1.00, 1.00, 0.00, 0.00, 0.00, 0.00
207,  0,  6.930,  0.98,  1, 0.00, 0.00, 0.25, 0.00, 0.31, 0.32, 0.00, 0.00, 1.07, 0.70, 0.00, 0.70, 0.27, 0.00, 0.08, 0.47, 0.00, 0.00, 0.00, 0.00, 1.00, 0.00, 0.00, 0.00, 0.00, 1.00, 1.00, 0.00, 0.00, 0.00, 1.00, 0.00, 0.00, 0.00, 0.00
208,  0,  6.964,  0.98,  1, 0.00, 0.00, 0.23, 0.00, 0.36, 0.39, 0.00, 0.00, 1.13, 0.62, 0.00, 0.55, 0.29, 0.00, 0.14, 0.31, 0.00, 0.00, 0.00, 0.00, 1.00, 0.00, 0.00, 0.00, 0.00, 1.00, 1.00, 0.00, 0.00, 0.00, 1.00, 0.00, 0.00, 0.00, 0.00
209,  0,  6.997,  0.98,  1, 0.00, 0.00, 0.20, 0.00, 0.49, 0.50, 0.00, 0.01, 1.30, 0.56, 0.05, 0.55, 0.15, 0.03, 0.15, 0.30, 0.00, 0.00, 0.00, 0.00, 1.00, 0.00, 0.00, 0.00, 0.00, 1.00, 1.00, 0.00, 0.00, 0.00, 1.00, 0.00, 0.00, 0.00, 0.00
210,  0,  7.031,  0.98,  1, 0.00, 0.00, 0.21, 0.00, 0.62, 0.69, 0.00, 0.01, 1.53, 0.60, 0.06, 0.80, 0.12, 0.18, 0.11, 0.14, 0.00, 0.00, 0.00, 0.00, 1.00, 0.00, 0.00, 0.00, 0.00, 1.00, 1.00, 0.00, 0.00, 0.00, 1.00, 0.00, 0.00, 0.00, 0.00
211,  0,  7.065,  0.98,  1, 0.00, 0.00, 0.13, 0.09, 0.83, 1.07, 0.00, 0.18, 1.86, 0.65, 0.11, 1.25, 0.00, 0.40, 0.06, 0.15, 0.09, 0.00, 0.00, 0.00, 1.00, 0.00, 0.00, 0.00, 0.00, 1.00, 1.00, 0.00, 1.00, 0.00, 1.00, 0.00, 0.00, 0.00, 0.00
212,  0,  7.098,  0.98,  1, 0.00, 0.00, 0.17, 0.09, 1.03, 1.40, 0.00, 0.30, 2.12, 0.81, 0.16, 1.49, 0.00, 0.55, 0.00, 0.03, 0.09, 0.00, 0.00, 0.00, 1.00, 0.00, 1.00, 0.00, 1.00, 1.00, 1.00, 0.00, 1.00, 0.00, 1.00, 0.00, 0.00, 0.00, 0.00
213,  0,  7.132,  0.98,  1, 0.00, 0.00, 0.29, 0.09, 1.19, 1.53, 0.03, 0.48, 2.25, 0.99, 0.22, 1.57, 0.00, 0.64, 0.00, 0.03, 0.09, 0.00, 0.00, 0.00, 1.00, 0.00, 1.00, 0.00, 1.00, 1.00, 1.00, 0.00, 1.00, 0.00, 1.00, 0.00, 0.00, 0.00, 0.00
214,  0,  7.165,  0.98,  1, 0.00, 0.00, 0.40, 0.00, 1.35, 1.76, 0.03, 0.48, 2.31, 1.22, 0.22, 1.51, 0.00, 0.58, 0.00, 0.00, 0.04, 0.00, 0.00, 0.00, 1.00, 0.00, 1.00, 0.00, 1.00, 1.00, 1.00, 0.00, 1.00, 0.00, 1.00, 0.00, 0.00, 0.00, 0.00
215,  0,  7.199,  0.98,  1, 0.00, 0.00, 0.59, 0.00, 1.47, 1.80, 0.16, 0.38, 2.27, 1.33, 0.22, 1.52, 0.00, 0.67, 0.00, 0.00, 0.04, 0.00, 0.00, 0.00, 1.00, 1.00, 1.00, 0.00, 1.00, 1.00, 1.00, 0.00, 1.00, 0.00, 1.00, 0.00, 0.00, 0.00, 0.00
216,  0,  7.233,  0.98,  1, 0.00, 0.00, 0.74, 0.00, 1.63, 2.11, 0.35, 0.44, 2.33, 1.47, 0.37, 1.50, 0.00, 0.68, 0.00, 0.00, 0.10, 0.00, 0.00, 0.00, 1.00, 1.00, 1.00, 1.00, 1.00, 1.00, 1.00, 0.00, 1.00, 0.00, 1.00, 0.00, 0.00, 0.00, 0.00
217,  0,  7.266,  0.98,  1, 0.00, 0.00, 1.02, 0.00, 1.79, 2.24, 0.58, 0.52, 2.40, 1.52, 0.50, 1.51, 0.00, 0.78, 0.00, 0.00, 0.06, 0.00, 0.00, 0.00, 0.00, 1.00, 1.00, 1.00, 1.00, 1.00, 1.00, 0.00, 0.00, 0.00, 1.00, 0.00, 0.00, 0.00, 0.00
218,  0,  7.300,  0.98,  1, 0.00, 0.00, 1.11, 0.00, 1.91, 2.39, 0.75, 0.71, 2.44, 1.60, 0.52, 1.36, 0.00, 0.71, 0.00, 0.00, 0.23, 0.00, 0.00, 0.00, 0.00, 1.00, 1.00, 1.00, 1.00, 1.00, 1.00, 0.00, 0.00, 0.00, 1.00, 0.00, 0.00, 0.00, 0.00
219,  0,  7.334,  0.98,  1, 0.00, 0.00, 1.24, 0.00, 2.00, 2.54, 0.84, 0.80, 2.45, 1.57, 0.43, 1.25, 0.00, 0.68, 0.06, 0.00, 0.41, 0.00, 0.00, 0.00, 0.00, 1.00, 1.00, 1.00, 1.00, 1.00, 1.00, 0.00, 0.00, 0.00, 1.00, 0.00, 0.00, 0.00, 0.00
220,  0,  7.367,  0.98,  1, 0.00, 0.00, 1.29, 0.00, 2.06, 2.67, 0.89, 0.89, 2.39, 1.69, 0.33, 1.15, 0.00, 0.64, 0.13, 0.00, 0.69, 0.00, 0.00, 0.00, 0.00, 1.00, 1.00, 1.00, 1.00, 1.00, 1.00, 0.00, 0.00, 0.00, 1.00, 0.00, 0.00, 0.00, 0.00
221,  0,  7.401,  0.98,  1, 0.00, 0.00, 1.29, 0.00, 2.13, 2.90, 0.88, 0.99, 2.37, 1.82, 0.25, 1.15, 0.00, 0.64, 0.13, 0.00, 0.81, 0.00, 0.00, 0.00, 0.00, 1.00, 1.00, 1.00, 1.00, 1.00, 1.00, 0.00, 0.00, 0.00, 1.00, 0.00, 0.00, 0.00, 0.00
222,  0,  7.435,  0.98,  1, 0.00, 0.00, 1.20, 0.00, 2.13, 2.82, 0.88, 1.05, 2.31, 2.00, 0.12, 1.10, 0.00, 0.64, 0.07, 0.00, 0.97, 0.00, 0.00, 0.00, 0.00, 1.00, 1.00, 1.00, 1.00, 1.00, 1.00, 0.00, 0.00, 0.00, 1.00, 0.00, 0.00, 0.00, 0.00
223,  0,  7.468,  0.98,  1, 0.00, 0.00, 1.11, 0.00, 2.11, 2.80, 0.90, 1.16, 2.29, 2.06, 0.05, 1.06, 0.00, 0.61, 0.01, 0.00, 1.11, 0.00, 0.00, 0.00, 0.00, 1.00, 1.00, 1.00, 1.00, 1.00, 1.00, 0.00, 0.00, 0.00, 0.00, 0.00, 0.00, 0.00, 0.00
224,  0,  7.502,  0.98,  1, 0.00, 0.00, 1.13, 0.00, 2.08, 2.80, 0.92, 1.17, 2.21, 2.09, 0.06, 1.09, 0.00, 0.59, 0.01, 0.00, 1.19, 0.00, 0.00, 0.00, 0.00, 1.00, 1.00, 1.00, 1.00, 1.00, 1.00, 0.00, 0.00, 0.00, 0.00, 0.00, 0.00, 0.00, 0.00
225,  0,  7.535,  0.98,  1, 0.00, 0.00, 1.05, 0.00, 2.05, 2.84, 0.88, 1.17, 2.15, 2.12, 0.10, 1.12, 0.00, 0.62, 0.01, 0.00, 1.22, 0.00, 0.00, 0.00, 0.00, 1.00, 1.00, 1.00, 1.00, 1.00, 1.00, 0.00, 0.00, 0.00, 0.00, 0.00, 0.00, 0.00, 0.00
226,  0,  7.569,  0.98,  1, 0.00, 0.00, 1.04, 0.00, 2.03, 2.80, 0.88, 0.96, 2.05, 2.14, 0.20, 1.12, 0.00, 0.68, 0.00, 0.00, 1.28, 0.00, 0.00, 0.00, 0.00, 1.00, 1.00, 1.00, 1.00, 1.00, 1.00, 0.00, 0.00, 0.00, 0.00, 0.00, 0.00, 0.00, 0.00
227,  0,  7.603,  0.98,  1, 0.00, 0.00, 0.93, 0.00, 2.05, 2.84, 0.87, 0.87, 2.02, 2.06, 0.19, 1.19, 0.00, 0.76, 0.00, 0.00, 1.25, 0.00, 0.00, 0.00, 0.00, 1.00, 1.00, 1.00, 1.00, 1.00, 1.00, 0.00, 0.00, 0.00, 0.00, 0.00, 0.00, 0.00, 0.00
228,  0,  7.636,  0.98,  1, 0.00, 0.00, 0.95, 0.00, 2.06, 2.87, 0.95, 0.79, 1.98, 1.97, 0.18, 1.26, 0.00, 0.81, 0.00, 0.00, 1.02, 0.00, 0.00, 0.00, 0.00, 1.00, 1.00, 1.00, 1.00, 1.00, 1.00, 0.00, 0.00, 0.00, 0.00, 0.00, 0.00, 0.00, 0.00
229,  0,  7.670,  0.98,  1, 0.00, 0.00, 0.96, 0.03, 2.00, 2.70, 0.99, 0.80, 1.95, 1.89, 0.18, 1.29, 0.00, 0.89, 0.00, 0.00, 0.85, 0.00, 0.00, 0.00, 0.00, 1.00, 1.00, 1.00, 1.00, 1.00, 1.00, 1.00, 0.00, 0.00, 1.00, 0.00, 0.00, 0.00, 0.00
230,  0,  7.704,  0.98,  1, 0.00, 0.00, 1.02, 0.11, 1.90, 2.48, 0.98, 0.85, 1.92, 2.03, 0.33, 1.32, 0.00, 1.00, 0.00, 0.00, 0.76, 0.00, 0.00, 0.00, 0.00, 1.00, 1.00, 1.00, 1.00, 1.00, 1.00, 1.00, 0.00, 0.00, 1.00, 0.00, 0.00, 0.00, 0.00
231,  0,  7.737,  0.98,  1, 0.00, 0.00, 1.07, 0.13, 1.84, 2.32, 0.95, 0.84, 1.92, 2.05, 0.59, 1.27, 0.00, 1.10, 0.00, 0.00, 0.82, 0.00, 0.00, 0.00, 0.00, 1.00, 1.00, 1.00, 1.00, 1.00, 1.00, 1.00, 0.00, 0.00, 1.00, 0.00, 0.00, 0.00, 0.00
232,  0,  7.771,  0.98,  1, 0.00, 0.00, 1.07, 0.10, 1.87, 2.51, 0.92, 0.93, 1.97, 1.98, 0.72, 1.34, 0.08, 1.11, 0.00, 0.00, 0.70, 0.00, 0.00, 0.00, 0.00, 1.00, 1.00, 1.00, 1.00, 1.00, 1.00, 1.00, 0.00, 0.00, 1.00, 0.00, 0.00, 0.00, 0.00
233,  0,  7.805,  0.98,  1, 0.00, 0.00, 1.08, 0.02, 1.93, 2.57, 0.94, 0.97, 2.05, 1.88, 0.79, 1.36, 0.08, 1.23, 0.00, 0.00, 0.61, 0.00, 0.00, 0.00, 0.00, 1.00, 1.00, 1.00, 1.00, 1.00, 1.00, 1.00, 0.00, 0.00, 1.00, 0.00, 0.00, 0.00, 0.00
234,  0,  7.838,  0.98,  1, 0.00, 0.00, 1.07, 0.06, 1.95, 2.63, 0.88, 1.00, 2.16, 1.77, 0.67, 1.27, 0.08, 1.32, 0.00, 0.00, 0.42, 0.00, 0.00, 0.00, 0.00, 1.00, 1.00, 1.00, 1.00, 1.00, 1.00, 1.00, 0.00, 0.00, 1.00, 0.00, 0.00, 0.00, 0.00
235,  0,  7.872,  0.98,  1, 0.00, 0.00, 0.97, 0.18, 1.98, 2.49, 0.80, 0.95, 2.28, 1.89, 0.62, 1.15, 0.00, 1.40, 0.00, 0.00, 0.48, 0.00, 0.00, 0.00, 0.00, 1.00, 1.00, 1.00, 1.00, 1.00, 1.00, 0.00, 0.00, 0.00, 1.00, 0.00, 0.00, 0.00, 0.00
236,  0,  7.906,  0.98,  1, 0.00, 0.00, 0.87, 0.18, 1.89, 2.27, 0.76, 0.94, 2.39, 1.82, 0.44, 0.77, 0.00, 1.26, 0.00, 0.00, 0.54, 0.00, 0.00, 0.00, 1.00, 1.00, 1.00, 1.00, 1.00, 1.00, 1.00, 0.00, 0.00, 0.00, 1.00, 0.00, 0.00, 0.00, 0.00
237,  0,  7.939,  0.98,  1, 0.00, 0.00, 0.82, 0.12, 1.85, 2.18, 0.72, 0.88, 2.48, 2.00, 0.30, 0.61, 0.00, 1.22, 0.00, 0.00, 0.61, 0.00, 0.00, 0.00, 1.00, 1.00, 1.00, 1.00, 1.00, 1.00, 1.00, 0.00, 0.00, 0.00, 1.00, 0.00, 0.00, 0.00, 0.00
238,  0,  7.973,  0.98,  1, 0.00, 0.00, 0.83, 0.00, 1.74, 1.94, 0.65, 0.87, 2.49, 1.92, 0.19, 0.54, 0.00, 1.17, 0.00, 0.00, 0.45, 0.00, 0.00, 0.00, 1.00, 1.00, 1.00, 1.00, 1.00, 1.00, 1.00, 0.00, 0.00, 0.00, 1.00, 0.00, 0.00, 0.00, 0.00
239,  0,  8.006,  0.98,  1, 0.00, 0.00, 0.87, 0.02, 1.69, 1.73, 0.43, 0.87, 2.44, 1.99, 0.14, 0.57, 0.00, 1.16, 0.00, 0.00, 0.25, 0.00, 0.00, 0.00, 1.00, 1.00, 1.00, 0.00, 1.00, 1.00, 1.00, 0.00, 0.00, 0.00, 1.00, 0.00, 0.00, 0.00, 0.00
240,  0,  8.040,  0.98,  1, 0.00, 0.00, 0.87, 0.03, 1.60, 1.52, 0.35, 0.79, 2.31, 2.02, 0.23, 0.66, 0.00, 1.07, 0.00, 0.00, 0.22, 0.00, 0.00, 0.00, 1.00, 1.00, 1.00, 0.00, 1.00, 1.00, 1.00, 0.00, 0.00, 0.00, 1.00, 0.00, 0.00, 0.00, 0.00
241,  0,  8.074,  0.98,  1, 0.00, 0.00, 0.92, 0.03, 1.49, 1.38, 0.39, 0.64, 2.17, 2.09, 0.22, 0.88, 0.00, 1.00, 0.00, 0.00, 0.26, 0.00, 0.00, 0.00, 1.00, 1.00, 1.00, 0.00, 1.00, 1.00, 1.00, 1.00, 0.00, 0.00, 1.00, 0.00, 0.00, 0.00, 0.00
242,  0,  8.107,  0.98,  1, 0.00, 0.05, 0.87, 0.01, 1.41, 1.32, 0.45, 0.46, 2.04, 2.04, 0.35, 1.13, 0.00, 0.97, 0.00, 0.00, 0.53, 0.00, 0.00, 0.00, 1.00, 0.00, 1.00, 0.00, 1.00, 1.00, 1.00, 1.00, 0.00, 0.00, 1.00, 0.00, 0.00, 0.00, 0.00
243,  0,  8.141,  0.98,  1, 0.00, 0.07, 0.96, 0.00, 1.38, 1.28, 0.47, 0.45, 1.95, 1.91, 0.44, 1.41, 0.00, 0.96, 0.00, 0.00, 0.67, 0.00, 0.00, 0.00, 0.00, 0.00, 0.00, 0.00, 1.00, 1.00, 1.00, 1.00, 0.00, 0.00, 1.00, 0.00, 0.00, 0.00, 0.00
244,  0,  8.175,  0.98,  1, 0.00, 0.16, 1.05, 0.00, 1.41, 1.41, 0.47, 0.50, 1.88, 1.87, 0.48, 1.42, 0.00, 0.89, 0.00, 0.00, 0.64, 0.00, 0.00, 0.00, 0.00, 0.00, 0.00, 0.00, 1.00, 1.00, 1.00, 1.00, 0.00, 0.00, 1.00, 0.00, 0.00, 0.00, 0.00
245,  0,  8.208,  0.98,  1, 0.00, 0.17, 1.28, 0.00, 1.45, 1.54, 0.47, 0.51, 1.80, 1.81, 0.56, 1.46, 0.00, 0.86, 0.00, 0.00, 0.43, 0.00, 0.00, 0.00, 0.00, 0.00, 0.00, 0.00, 1.00, 1.00, 1.00, 1.00, 0.00, 0.00, 1.00, 0.00, 0.00, 0.00, 0.00
246,  0,  8.242,  0.98,  1, 0.00, 0.15, 1.32, 0.00, 1.41, 1.53, 0.49, 0.51, 1.77, 1.81, 0.49, 1.30, 0.00, 0.81, 0.00, 0.00, 0.43, 0.00, 0.00, 0.00, 0.00, 0.00, 0.00, 0.00, 1.00, 1.00, 1.00, 1.00, 0.00, 0.00, 1.00, 0.00, 0.00, 0.00, 0.00
247,  0,  8.276,  0.98,  1, 0.00, 0.07, 1.27, 0.00, 1.39, 1.45, 0.52, 0.52, 1.73, 1.79, 0.57, 1.18, 0.00, 0.86, 0.00, 0.00, 0.57, 0.00, 0.00, 0.00, 0.00, 0.00, 0.00, 0.00, 1.00, 1.00, 1.00, 1.00, 0.00, 0.00, 1.00, 0.00, 0.00, 0.00, 0.00
248,  0,  8.309,  0.98,  1, 0.00, 0.01, 1.18, 0.00, 1.33, 1.36, 0.60, 0.59, 1.72, 1.85, 0.58, 1.09, 0.00, 0.93, 0.00, 0.00, 0.65, 0.00, 0.00, 0.00, 0.00, 0.00, 0.00, 0.00, 1.00, 1.00, 1.00, 1.00, 0.00, 0.00, 1.00, 0.00, 0.00, 0.00, 0.00
249,  0,  8.343,  0.98,  1, 0.00, 0.01, 1.11, 0.00, 1.32, 1.51, 0.62, 0.56, 1.64, 1.58, 0.65, 1.04, 0.00, 0.93, 0.00, 0.00, 0.56, 0.00, 0.00, 0.00, 0.00, 0.00, 0.00, 0.00, 1.00, 1.00, 1.00, 1.00, 0.00, 0.00, 1.00, 0.00, 0.00, 0.00, 0.00
250,  0,  8.376,  0.98,  1, 0.00, 0.00, 1.10, 0.00, 1.24, 1.55, 0.54, 0.59, 1.64, 1.27, 0.84, 0.95, 0.00, 0.85, 0.00, 0.00, 0.56, 0.00, 0.00, 0.00, 0.00, 0.00, 0.00, 0.00, 1.00, 1.00, 1.00, 1.00, 0.00, 0.00, 1.00, 0.00, 0.00, 0.00, 0.00
251,  0,  8.410,  0.98,  1, 0.00, 0.08, 1.12, 0.00, 1.22, 1.54, 0.41, 0.71, 1.74, 1.04, 0.82, 0.60, 0.00, 0.54, 0.27, 0.00, 0.65, 0.00, 0.00, 0.00, 1.00, 0.00, 0.00, 0.00, 1.00, 1.00, 1.00, 1.00, 0.00, 0.00, 1.00, 0.00, 0.00, 0.00, 0.00
252,  0,  8.444,  0.98,  1, 0.00, 0.11, 1.17, 0.09, 1.14, 1.52, 0.35, 0.97, 1.86, 0.87, 0.69, 0.34, 0.00, 0.26, 0.68, 0.00, 0.60, 0.00, 0.00, 0.00, 1.00, 0.00, 1.00, 0.00, 1.00, 1.00, 0.00, 1.00, 0.00, 0.00, 1.00, 1.00, 1.00, 0.00, 0.00
253,  0,  8.477,  0.98,  1, 0.00, 0.11, 1.19, 0.18, 1.16, 1.74, 0.36, 1.13, 1.99, 0.86, 0.33, 0.07, 0.00, 0.05, 1.46, 0.21, 0.60, 0.00, 0.00, 0.00, 1.00, 0.00, 1.00, 0.00, 1.00, 1.00, 0.00, 1.00, 0.00, 0.00, 1.00, 1.00, 1.00, 0.00, 0.00
254,  0,  8.511,  0.98,  1, 0.00, 0.03, 1.20, 0.18, 1.18, 1.87, 0.47, 1.21, 2.04, 0.88, 0.11, 0.05, 0.00, 0.00, 2.07, 0.37, 0.53, 0.00, 0.00, 0.00, 1.00, 0.00, 1.00, 0.00, 1.00, 1.00, 0.00, 1.00, 0.00, 0.00, 1.00, 1.00, 1.00, 0.00, 0.00
255,  0,  8.545,  0.98,  1, 0.00, 0.04, 1.17, 0.22, 1.34, 1.85, 0.48, 1.15, 2.18, 1.01, 0.04, 0.00, 0.00, 0.00, 2.54, 0.54, 0.47, 0.00, 0.00, 0.00, 1.00, 0.00, 1.00, 0.00, 1.00, 1.00, 0.00, 0.00, 0.00, 0.00, 1.00, 1.00, 1.00, 0.00, 0.00
256,  0,  8.578,  0.98,  1, 0.01, 0.11, 1.11, 0.12, 1.46, 1.77, 0.41, 1.21, 2.40, 1.15, 0.00, 0.00, 0.00, 0.00, 2.67, 0.33, 0.47, 0.00, 0.00, 0.00, 1.00, 1.00, 1.00, 0.00, 1.00, 1.00, 0.00, 0.00, 0.00, 0.00, 1.00, 1.00, 1.00, 0.00, 0.00
257,  0,  8.612,  0.98,  1, 0.03, 0.18, 1.04, 0.12, 1.62, 1.79, 0.20, 1.33, 2.64, 1.35, 0.00, 0.00, 0.00, 0.00, 2.67, 0.17, 0.52, 0.00, 0.00, 0.00, 1.00, 1.00, 1.00, 0.00, 1.00, 1.00, 0.00, 0.00, 0.00, 0.00, 1.00, 1.00, 1.00, 0.00, 0.00
258,  0,  8.646,  0.98,  1, 0.03, 0.17, 0.90, 0.10, 1.70, 1.89, 0.09, 1.46, 2.79, 1.49, 0.00, 0.00, 0.00, 0.00, 2.78, 0.33, 0.68, 1.00, 0.00, 0.00, 1.00, 1.00, 1.00, 0.00, 1.00, 1.00, 0.00, 0.00, 0.00, 0.00, 1.00, 1.00, 1.00, 0.00, 0.00
259,  0,  8.679,  0.98,  1, 0.02, 0.10, 0.89, 0.10, 1.70, 1.98, 0.07, 1.47, 2.75, 1.64, 0.00, 0.00, 0.00, 0.00, 2.97, 0.68, 0.63, 1.00, 0.00, 0.00, 1.00, 1.00, 1.00, 0.00, 1.00, 1.00, 0.00, 0.00, 0.00, 0.00, 1.00, 1.00, 1.00, 0.00, 1.00
260,  0,  8.713,  0.98,  1, 0.00, 0.07, 0.81, 0.29, 1.66, 2.18, 0.07, 1.41, 2.71, 1.54, 0.00, 0.00, 0.00, 0.00, 3.23, 0.93, 0.72, 1.00, 0.00, 0.00, 1.00, 1.00, 1.00, 0.00, 1.00, 1.00, 1.00, 0.00, 0.00, 0.00, 1.00, 1.00, 1.00, 0.00, 1.00
261,  0,  8.747,  0.98,  1, 0.04, 0.11, 0.93, 0.31, 1.48, 2.07, 0.04, 1.35, 2.67, 1.53, 0.00, 0.00, 0.00, 0.00, 3.06, 0.90, 0.56, 1.00, 0.00, 0.00, 1.00, 1.00, 1.00, 0.00, 1.00, 1.00, 1.00, 0.00, 0.00, 0.00, 1.00, 1.00, 1.00, 0.00, 1.00
262,  0,  8.780,  0.98,  1, 0.13, 0.22, 0.97, 0.32, 1.28, 1.92, 0.00, 1.09, 2.47, 1.42, 0.10, 0.26, 0.00, 0.25, 2.02, 0.81, 0.63, 1.00, 0.00, 0.00, 1.00, 0.00, 1.00, 0.00, 1.00, 1.00, 1.00, 0.00, 0.00, 0.00, 1.00, 1.00, 1.00, 0.00, 1.00
263,  0,  8.814,  0.98,  1, 0.41, 0.50, 1.13, 0.14, 1.02, 1.66, 0.00, 0.75, 2.15, 1.53, 0.34, 0.68, 0.00, 0.55, 0.88, 0.57, 0.53, 1.00, 0.00, 0.00, 1.00, 0.00, 0.00, 0.00, 1.00, 1.00, 1.00, 0.00, 0.00, 0.00, 1.00, 1.00, 1.00, 0.00, 1.00
264,  0,  8.847,  0.98,  1, 0.68, 0.68, 1.36, 0.01, 0.92, 1.92, 0.00, 0.53, 1.86, 1.59, 0.51, 1.23, 0.00, 0.82, 0.05, 0.39, 0.74, 1.00, 0.00, 0.00, 1.00, 0.00, 0.00, 0.00, 0.00, 1.00, 1.00, 0.00, 0.00, 0.00, 1.00, 1.00, 1.00, 0.00, 1.00
265,  0,  8.881,  0.98,  1, 0.90, 0.76, 1.37, 0.00, 0.96, 1.94, 0.00, 0.60, 1.83, 1.51, 0.49, 1.12, 0.04, 0.64, 0.32, 0.54, 0.70, 1.00, 0.00, 0.00, 1.00, 0.00, 0.00, 0.00, 0.00, 1.00, 1.00, 0.00, 0.00, 0.00, 1.00, 1.00, 1.00, 0.00, 1.00
266,  0,  8.915,  0.98,  1, 0.69, 0.43, 1.26, 0.00, 0.90, 1.94, 0.00, 0.54, 1.74, 1.07, 0.25, 0.70, 0.04, 0.34, 0.90, 0.76, 0.72, 1.00, 0.00, 0.00, 1.00, 0.00, 0.00, 0.00, 0.00, 1.00, 1.00, 0.00, 0.00, 0.00, 1.00, 1.00, 1.00, 0.00, 1.00
267,  0,  8.948,  0.98,  1, 0.38, 0.20, 0.96, 0.20, 0.85, 1.63, 0.00, 0.47, 1.70, 0.71, 0.08, 0.16, 0.04, 0.35, 1.52, 0.76, 0.67, 0.00, 0.00, 0.00, 1.00, 0.00, 0.00, 0.00, 1.00, 1.00, 0.00, 0.00, 0.00, 0.00, 1.00, 1.00, 1.00, 0.00, 1.00
268,  0,  8.982,  0.98,  1, 0.08, 0.01, 0.67, 0.22, 0.75, 1.61, 0.00, 0.25, 1.67, 0.40, 0.00, 0.06, 0.00, 0.59, 1.69, 0.46, 0.63, 0.00, 0.00, 0.00, 1.00, 0.00, 0.00, 0.00, 1.00, 1.00, 0.00, 0.00, 0.00, 0.00, 1.00, 1.00, 1.00, 0.00, 1.00
269,  0,  9.016,  0.98,  1, 0.03, 0.01, 0.45, 0.39, 0.71, 1.54, 0.00, 0.25, 1.67, 0.26, 0.00, 0.22, 0.00, 1.09, 1.20, 0.23, 0.41, 0.00, 0.00, 0.00, 1.00, 0.00, 0.00, 0.00, 1.00, 1.00, 0.00, 0.00, 0.00, 0.00, 1.00, 1.00, 1.00, 0.00, 1.00
270,  0,  9.049,  0.98,  1, 0.26, 0.12, 0.35, 0.24, 0.64, 1.47, 0.00, 0.21, 1.68, 0.36, 0.28, 0.53, 0.00, 1.11, 0.60, 0.25, 0.30, 0.00, 0.00, 0.00, 1.00, 0.00, 0.00, 0.00, 0.00, 1.00, 0.00, 0.00, 0.00, 0.00, 1.00, 0.00, 1.00, 0.00, 1.00
271,  0,  9.083,  0.98,  1, 0.50, 0.36, 0.61, 0.22, 0.68, 1.41, 0.00, 0.27, 1.68, 0.73, 0.56, 0.77, 0.00, 1.04, 0.11, 0.18, 0.23, 0.00, 0.00, 0.00, 1.00, 0.00, 0.00, 0.00, 1.00, 1.00, 0.00, 1.00, 0.00, 0.00, 1.00, 0.00, 1.00, 0.00, 0.00
272,  0,  9.117,  0.98,  1, 0.60, 0.39, 0.87, 0.05, 0.80, 1.61, 0.00, 0.37, 1.82, 1.11, 0.84, 0.97, 0.00, 0.70, 0.10, 0.30, 0.23, 0.00, 0.00, 0.00, 1.00, 0.00, 0.00, 0.00, 1.00, 1.00, 0.00, 1.00, 0.00, 0.00, 1.00, 0.00, 1.00, 0.00, 0.00
273,  0,  9.150,  0.98,  1, 0.40, 0.45, 1.03, 0.00, 1.06, 1.66, 0.09, 0.72, 2.01, 1.19, 0.62, 0.86, 0.00, 0.41, 0.65, 0.42, 0.22, 0.00, 0.00, 0.00, 1.00, 0.00, 0.00, 0.00, 1.00, 1.00, 1.00, 1.00, 0.00, 0.00, 1.00, 0.00, 1.00, 0.00, 0.00
274,  0,  9.184,  0.98,  1, 0.15, 0.29, 1.14, 0.00, 1.24, 1.71, 0.09, 0.95, 2.31, 1.13, 0.34, 0.56, 0.00, 0.16, 1.30, 0.45, 0.25, 0.00, 0.00, 0.00, 1.00, 0.00, 0.00, 0.00, 1.00, 1.00, 1.00, 1.00, 0.00, 0.00, 1.00, 1.00, 1.00, 0.00, 0.00
275,  0,  9.218,  0.98,  1, 0.03, 0.32, 1.12, 0.00, 1.44, 1.63, 0.09, 1.06, 2.60, 1.05, 0.06, 0.20, 0.00, 0.00, 1.86, 0.32, 0.36, 0.00, 0.00, 0.00, 1.00, 1.00, 1.00, 0.00, 1.00, 1.00, 1.00, 0.00, 0.00, 0.00, 1.00, 1.00, 1.00, 0.00, 1.00
276,  0,  9.251,  0.98,  1, 0.00, 0.14, 1.13, 0.00, 1.52, 1.70, 0.10, 0.74, 2.81, 1.15, 0.00, 0.00, 0.00, 0.01, 2.02, 0.06, 0.53, 0.00, 0.00, 0.00, 1.00, 1.00, 1.00, 0.00, 1.00, 1.00, 1.00, 0.00, 0.00, 0.00, 1.00, 1.00, 1.00, 0.00, 0.00
277,  0,  9.285,  0.98,  1, 0.02, 0.06, 1.03, 0.05, 1.66, 1.78, 0.23, 0.76, 2.83, 1.23, 0.00, 0.00, 0.01, 0.01, 1.98, 0.00, 0.59, 0.00, 0.00, 0.00, 1.00, 1.00, 1.00, 0.00, 1.00, 1.00, 1.00, 0.00, 0.00, 0.00, 1.00, 1.00, 1.00, 0.00, 0.00
278,  0,  9.318,  0.98,  1, 0.02, 0.00, 1.06, 0.05, 1.64, 1.71, 0.38, 0.82, 2.80, 1.42, 0.00, 0.00, 0.01, 0.01, 2.17, 0.21, 0.56, 0.00, 0.00, 0.00, 1.00, 1.00, 1.00, 0.00, 1.00, 1.00, 1.00, 0.00, 0.00, 0.00, 1.00, 1.00, 1.00, 0.00, 0.00
279,  0,  9.352,  0.98,  1, 0.02, 0.00, 0.85, 0.10, 1.57, 1.62, 0.40, 1.08, 2.65, 1.48, 0.00, 0.00, 0.01, 0.00, 2.28, 0.53, 0.49, 0.00, 0.00, 0.00, 1.00, 1.00, 1.00, 0.00, 1.00, 1.00, 1.00, 0.00, 0.00, 0.00, 1.00, 1.00, 1.00, 0.00, 0.00
280,  0,  9.386,  0.98,  1, 0.00, 0.00, 0.80, 0.04, 1.42, 1.44, 0.39, 1.00, 2.53, 1.39, 0.00, 0.00, 0.00, 0.08, 2.22, 0.59, 0.30, 0.00, 0.00, 0.00, 1.00, 0.00, 1.00, 0.00, 1.00, 1.00, 1.00, 0.00, 0.00, 0.00, 1.00, 1.00, 1.00, 0.00, 0.00
281,  0,  9.419,  0.98,  1, 0.00, 0.00, 0.74, 0.04, 1.33, 1.38, 0.30, 0.81, 2.45, 1.31, 0.00, 0.03, 0.00, 0.34, 1.70, 0.56, 0.24, 0.00, 0.00, 0.00, 1.00, 0.00, 1.00, 0.00, 1.00, 1.00, 1.00, 0.00, 0.00, 0.00, 1.00, 1.00, 1.00, 0.00, 0.00
282,  0,  9.453,  0.98,  1, 0.00, 0.00, 0.80, 0.00, 1.31, 1.24, 0.18, 0.58, 2.46, 1.24, 0.03, 0.11, 0.00, 0.58, 1.01, 0.43, 0.06, 0.00, 0.00, 0.00, 1.00, 0.00, 1.00, 0.00, 1.00, 1.00, 1.00, 0.00, 0.00, 0.00, 1.00, 1.00, 1.00, 0.00, 0.00
283,  0,  9.487,  0.98,  1, 0.00, 0.00, 0.78, 0.00, 1.29, 1.14, 0.06, 0.46, 2.44, 1.34, 0.03, 0.14, 0.00, 0.51, 1.05, 0.58, 0.29, 0.00, 0.00, 0.00, 1.00, 0.00, 1.00, 0.00, 1.00, 1.00, 1.00, 0.00, 0.00, 0.00, 1.00, 1.00, 1.00, 0.00, 0.00
284,  0,  9.520,  0.98,  1, 0.03, 0.08, 0.88, 0.00, 1.34, 1.22, 0.00, 0.68, 2.44, 1.36, 0.03, 0.11, 0.00, 0.24, 1.58, 0.57, 0.38, 0.00, 0.00, 0.00, 1.00, 0.00, 0.00, 0.00, 1.00, 1.00, 1.00, 0.00, 0.00, 0.00, 1.00, 1.00, 1.00, 0.00, 0.00
285,  0,  9.554,  0.98,  1, 0.10, 0.08, 1.03, 0.00, 1.34, 1.13, 0.00, 0.95, 2.47, 1.28, 0.00, 0.04, 0.00, 0.00, 2.28, 0.65, 0.41, 1.00, 0.00, 0.00, 1.00, 0.00, 0.00, 0.00, 1.00, 1.00, 1.00, 0.00, 0.00, 0.00, 1.00, 1.00, 1.00, 0.00, 0.00
286,  0,  9.588,  0.98,  1, 0.10, 0.08, 1.07, 0.00, 1.41, 1.28, 0.01, 1.16, 2.57, 1.29, 0.00, 0.01, 0.00, 0.00, 2.66, 1.00, 0.27, 1.00, 0.00, 0.00, 1.00, 0.00, 0.00, 0.00, 1.00, 1.00, 1.00, 0.00, 0.00, 0.00, 1.00, 1.00, 1.00, 0.00, 0.00
287,  0,  9.621,  0.98,  1, 0.06, 0.00, 0.91, 0.00, 1.45, 1.19, 0.01, 1.16, 2.65, 1.26, 0.00, 0.01, 0.00, 0.00, 2.94, 1.29, 0.37, 1.00, 0.00, 0.00, 1.00, 0.00, 0.00, 0.00, 1.00, 1.00, 1.00, 0.00, 0.00, 0.00, 1.00, 1.00, 1.00, 0.00, 0.00
288,  0,  9.655,  0.98,  1, 0.00, 0.00, 0.80, 0.00, 1.52, 1.31, 0.01, 1.12, 2.71, 1.56, 0.00, 0.00, 0.00, 0.00, 3.28, 1.43, 0.56, 1.00, 0.00, 0.00, 1.00, 0.00, 0.00, 0.00, 1.00, 1.00, 1.00, 0.00, 0.00, 0.00, 1.00, 1.00, 1.00, 0.00, 0.00
289,  0,  9.688,  0.98,  1, 0.00, 0.00, 0.77, 0.00, 1.54, 1.35, 0.00, 1.15, 2.75, 1.69, 0.00, 0.00, 0.00, 0.00, 3.26, 1.00, 0.55, 1.00, 0.00, 0.00, 1.00, 0.00, 0.00, 0.00, 1.00, 1.00, 1.00, 0.00, 0.00, 0.00, 1.00, 1.00, 1.00, 0.00, 0.00
290,  0,  9.722,  0.98,  1, 0.00, 0.00, 0.82, 0.00, 1.52, 1.21, 0.00, 1.17, 2.82, 1.81, 0.00, 0.00, 0.00, 0.00, 3.08, 0.81, 0.49, 0.00, 0.00, 0.00, 1.00, 0.00, 0.00, 0.00, 1.00, 1.00, 1.00, 0.00, 0.00, 0.00, 1.00, 1.00, 1.00, 0.00, 0.00
291,  0,  9.756,  0.98,  1, 0.00, 0.00, 0.88, 0.00, 1.51, 1.15, 0.00, 1.07, 2.86, 1.74, 0.00, 0.00, 0.00, 0.00, 2.79, 0.70, 0.41, 0.00, 0.00, 0.00, 1.00, 0.00, 0.00, 0.00, 1.00, 1.00, 1.00, 0.00, 0.00, 0.00, 1.00, 1.00, 1.00, 0.00, 0.00
292,  0,  9.789,  0.98,  1, 0.00, 0.00, 0.89, 0.00, 1.52, 0.96, 0.00, 0.95, 2.88, 1.57, 0.00, 0.00, 0.00, 0.00, 2.81, 0.81, 0.53, 0.00, 0.00, 0.00, 1.00, 0.00, 0.00, 0.00, 1.00, 1.00, 1.00, 0.00, 0.00, 0.00, 1.00, 1.00, 1.00, 0.00, 0.00
293,  0,  9.823,  0.98,  1, 0.00, 0.00, 0.89, 0.00, 1.55, 1.17, 0.00, 0.93, 2.86, 1.58, 0.00, 0.00, 0.00, 0.00, 2.95, 1.01, 0.53, 0.00, 0.00, 0.00, 1.00, 0.00, 0.00, 0.00, 1.00, 1.00, 1.00, 0.00, 0.00, 0.00, 1.00, 1.00, 1.00, 0.00, 0.00
294,  0,  9.857,  0.98,  1, 0.00, 0.00, 0.83, 0.04, 1.58, 1.46, 0.00, 0.99, 2.82, 1.56, 0.00, 0.00, 0.00, 0.00, 3.21, 1.16, 0.52, 0.00, 0.00, 0.00, 1.00, 1.00, 1.00, 0.00, 1.00, 1.00, 1.00, 0.00, 0.00, 0.00, 1.00, 1.00, 1.00, 0.00, 0.00
295,  0,  9.890,  0.98,  1, 0.00, 0.00, 0.83, 0.04, 1.56, 1.62, 0.00, 1.12, 2.79, 1.58, 0.00, 0.00, 0.00, 0.00, 3.33, 1.31, 0.38, 0.00, 0.00, 0.00, 1.00, 1.00, 1.00, 0.00, 1.00, 1.00, 1.00, 0.00, 0.00, 0.00, 1.00, 1.00, 1.00, 0.00, 0.00
296,  0,  9.924,  0.98,  1, 0.00, 0.00, 0.80, 0.16, 1.63, 1.54, 0.00, 1.22, 2.83, 1.51, 0.00, 0.00, 0.00, 0.00, 3.36, 1.15, 0.39, 0.00, 0.00, 0.00, 1.00, 1.00, 1.00, 0.00, 1.00, 1.00, 1.00, 0.00, 0.00, 0.00, 1.00, 1.00, 1.00, 0.00, 0.00
297,  0,  9.958,  0.98,  1, 0.00, 0.00, 0.87, 0.12, 1.62, 1.08, 0.00, 1.28, 2.89, 1.44, 0.00, 0.00, 0.01, 0.00, 3.25, 0.92, 0.36, 0.00, 0.00, 0.00, 0.00, 1.00, 1.00, 0.00, 1.00, 1.00, 1.00, 0.00, 0.00, 0.00, 1.00, 1.00, 1.00, 0.00, 0.00
298,  0,  9.991,  0.98,  1, 0.00, 0.00, 0.87, 0.12, 1.65, 1.13, 0.00, 1.21, 2.96, 1.43, 0.00, 0.00, 0.01, 0.00, 3.21, 0.70, 0.30, 0.00, 0.00, 0.00, 0.00, 1.00, 1.00, 0.00, 1.00, 1.00, 1.00, 0.00, 0.00, 0.00, 1.00, 1.00, 1.00, 0.00, 0.00
299,  0,  10.025,  0.98,  1, 0.00, 0.00, 0.91, 0.00, 1.63, 1.23, 0.01, 1.13, 2.93, 1.51, 0.00, 0.00, 0.01, 0.00, 3.04, 0.55, 0.14, 0.00, 0.00, 0.00, 0.00, 1.00, 1.00, 0.00, 1.00, 1.00, 1.00, 0.00, 0.00, 0.00, 1.00, 1.00, 1.00, 0.00, 0.00
300,  0,  10.059,  0.98,  1, 0.00, 0.00, 0.80, 0.06, 1.67, 1.60, 0.10, 1.07, 2.93, 1.63, 0.00, 0.00, 0.02, 0.00, 2.89, 0.57, 0.03, 0.00, 0.00, 0.00, 0.00, 1.00, 1.00, 0.00, 1.00, 1.00, 1.00, 0.00, 0.00, 0.00, 1.00, 1.00, 1.00, 0.00, 0.00
301,  0,  10.092,  0.98,  1, 0.00, 0.00, 0.73, 0.09, 1.71, 1.62, 0.22, 1.04, 2.88, 1.82, 0.00, 0.00, 0.02, 0.00, 2.89, 0.55, 0.18, 0.00, 0.00, 0.00, 1.00, 1.00, 1.00, 0.00, 1.00, 1.00, 1.00, 0.00, 0.00, 0.00, 1.00, 1.00, 1.00, 0.00, 0.00
302,  0,  10.126,  0.98,  1, 0.00, 0.00, 0.78, 0.09, 1.72, 1.63, 0.30, 0.93, 2.88, 1.89, 0.00, 0.00, 0.02, 0.00, 2.94, 0.62, 0.44, 0.00, 0.00, 0.00, 1.00, 1.00, 1.00, 0.00, 1.00, 1.00, 1.00, 0.00, 0.00, 0.00, 1.00, 1.00, 1.00, 0.00, 0.00
303,  0,  10.159,  0.98,  1, 0.00, 0.00, 0.87, 0.03, 1.71, 1.69, 0.33, 0.89, 2.90, 1.94, 0.00, 0.00, 0.00, 0.00, 2.88, 0.55, 0.74, 0.00, 0.00, 0.00, 1.00, 1.00, 1.00, 0.00, 1.00, 1.00, 1.00, 0.00, 0.00, 0.00, 1.00, 1.00, 1.00, 0.00, 0.00
304,  0,  10.193,  0.98,  1, 0.00, 0.00, 0.77, 0.05, 1.65, 1.64, 0.29, 0.91, 2.95, 1.63, 0.00, 0.00, 0.00, 0.00, 2.79, 0.65, 0.61, 0.00, 0.00, 0.00, 1.00, 1.00, 1.00, 0.00, 1.00, 1.00, 1.00, 0.00, 0.00, 0.00, 1.00, 1.00, 1.00, 0.00, 0.00
305,  0,  10.227,  0.98,  1, 0.00, 0.00, 0.58, 0.05, 1.64, 1.59, 0.24, 0.99, 2.98, 1.52, 0.00, 0.00, 0.00, 0.00, 2.75, 0.53, 0.50, 0.00, 0.00, 0.00, 1.00, 1.00, 1.00, 0.00, 1.00, 1.00, 1.00, 0.00, 0.00, 0.00, 1.00, 1.00, 1.00, 0.00, 1.00
306,  0,  10.260,  0.98,  1, 0.00, 0.00, 0.46, 0.05, 1.65, 1.48, 0.21, 0.98, 3.01, 1.41, 0.00, 0.00, 0.00, 0.00, 2.81, 0.37, 0.36, 0.00, 0.00, 0.00, 1.00, 1.00, 1.00, 0.00, 1.00, 1.00, 1.00, 0.00, 0.00, 0.00, 1.00, 1.00, 1.00, 0.00, 1.00
307,  0,  10.294,  0.98,  1, 0.00, 0.00, 0.55, 0.00, 1.74, 1.51, 0.26, 0.92, 3.00, 1.54, 0.00, 0.00, 0.00, 0.00, 2.73, 0.13, 0.38, 0.00, 0.00, 0.00, 1.00, 1.00, 1.00, 0.00, 1.00, 1.00, 1.00, 0.00, 0.00, 0.00, 1.00, 1.00, 1.00, 0.00, 1.00
308,  0,  10.328,  0.98,  1, 0.00, 0.00, 0.60, 0.00, 1.79, 1.44, 0.27, 0.83, 3.05, 1.42, 0.00, 0.00, 0.00, 0.00, 2.72, 0.09, 0.27, 0.00, 0.00, 0.00, 1.00, 1.00, 1.00, 0.00, 1.00, 1.00, 1.00, 0.00, 0.00, 0.00, 1.00, 1.00, 1.00, 0.00, 0.00
309,  0,  10.361,  0.98,  1, 0.00, 0.00, 0.70, 0.00, 1.84, 1.56, 0.26, 0.90, 3.09, 1.28, 0.00, 0.00, 0.00, 0.00, 2.58, 0.14, 0.31, 0.00, 0.00, 0.00, 1.00, 1.00, 1.00, 0.00, 1.00, 1.00, 1.00, 0.00, 0.00, 0.00, 1.00, 1.00, 1.00, 0.00, 0.00
310,  0,  10.395,  0.98,  1, 0.00, 0.00, 0.66, 0.00, 1.83, 1.50, 0.14, 0.98, 3.19, 1.20, 0.00, 0.00, 0.00, 0.00, 2.61, 0.12, 0.35, 0.00, 0.00, 0.00, 1.00, 1.00, 1.00, 0.00, 1.00, 1.00, 1.00, 0.00, 0.00, 0.00, 1.00, 1.00, 1.00, 0.00, 0.00
311,  0,  10.429,  0.98,  1, 0.00, 0.00, 0.61, 0.00, 1.80, 1.51, 0.16, 1.02, 3.22, 1.21, 0.00, 0.00, 0.00, 0.00, 2.64, 0.07, 0.46, 0.00, 0.00, 0.00, 1.00, 1.00, 1.00, 0.00, 1.00, 1.00, 1.00, 0.00, 0.00, 0.00, 1.00, 1.00, 1.00, 0.00, 0.00
312,  0,  10.462,  0.98,  1, 0.00, 0.00, 0.62, 0.00, 1.77, 1.47, 0.21, 0.90, 3.20, 1.11, 0.00, 0.00, 0.00, 0.00, 2.73, 0.02, 0.44, 0.00, 0.00, 0.00, 1.00, 1.00, 1.00, 0.00, 1.00, 1.00, 1.00, 0.00, 0.00, 0.00, 1.00, 1.00, 1.00, 0.00, 0.00
313,  0,  10.496,  0.98,  1, 0.00, 0.00, 0.69, 0.00, 1.74, 1.50, 0.28, 0.86, 3.09, 1.13, 0.00, 0.00, 0.00, 0.00, 2.81, 0.02, 0.57, 0.00, 0.00, 0.00, 1.00, 1.00, 1.00, 0.00, 1.00, 1.00, 1.00, 0.00, 0.00, 0.00, 1.00, 1.00, 1.00, 0.00, 0.00
314,  0,  10.529,  0.98,  1, 0.00, 0.00, 0.72, 0.00, 1.70, 1.39, 0.24, 0.86, 3.03, 1.21, 0.00, 0.00, 0.04, 0.00, 2.94, 0.00, 0.58, 0.00, 0.00, 0.00, 1.00, 1.00, 1.00, 0.00, 1.00, 1.00, 1.00, 0.00, 0.00, 0.00, 1.00, 1.00, 1.00, 0.00, 0.00
315,  0,  10.563,  0.98,  1, 0.00, 0.00, 0.65, 0.00, 1.62, 1.27, 0.19, 0.91, 2.99, 1.25, 0.00, 0.00, 0.04, 0.00, 3.02, 0.02, 0.62, 0.00, 0.00, 0.00, 1.00, 1.00, 1.00, 0.00, 1.00, 1.00, 1.00, 0.00, 0.00, 0.00, 1.00, 1.00, 1.00, 0.00, 0.00
316,  0,  10.597,  0.98,  1, 0.00, 0.00, 0.60, 0.00, 1.59, 1.28, 0.17, 0.90, 3.03, 1.20, 0.00, 0.00, 0.04, 0.00, 2.95, 0.04, 0.52, 0.00, 0.00, 0.00, 1.00, 1.00, 1.00, 0.00, 1.00, 1.00, 1.00, 0.00, 0.00, 0.00, 1.00, 1.00, 1.00, 0.00, 0.00
317,  0,  10.630,  0.98,  1, 0.00, 0.00, 0.57, 0.00, 1.60, 1.38, 0.16, 0.81, 3.09, 1.06, 0.00, 0.00, 0.00, 0.00, 2.61, 0.19, 0.49, 0.00, 0.00, 0.00, 1.00, 1.00, 1.00, 0.00, 1.00, 1.00, 1.00, 0.00, 0.00, 0.00, 1.00, 1.00, 1.00, 0.00, 0.00
318,  0,  10.664,  0.98,  1, 0.00, 0.00, 0.48, 0.00, 1.61, 1.59, 0.10, 0.84, 3.11, 1.14, 0.00, 0.00, 0.00, 0.00, 2.41, 0.38, 0.35, 0.00, 0.00, 0.00, 1.00, 1.00, 1.00, 0.00, 1.00, 1.00, 1.00, 0.00, 0.00, 0.00, 1.00, 1.00, 1.00, 0.00, 0.00
319,  0,  10.698,  0.98,  1, 0.00, 0.00, 0.52, 0.04, 1.60, 1.52, 0.02, 0.79, 3.02, 1.22, 0.00, 0.00, 0.00, 0.00, 2.21, 0.42, 0.25, 0.00, 0.00, 0.00, 1.00, 1.00, 1.00, 0.00, 1.00, 1.00, 1.00, 0.00, 0.00, 0.00, 1.00, 1.00, 1.00, 0.00, 0.00
320,  0,  10.731,  0.98,  1, 0.00, 0.00, 0.57, 0.04, 1.52, 1.65, 0.00, 0.89, 2.99, 1.19, 0.00, 0.00, 0.00, 0.00, 2.42, 0.35, 0.25, 0.00, 0.00, 0.00, 1.00, 1.00, 1.00, 0.00, 1.00, 1.00, 1.00, 0.00, 0.00, 0.00, 1.00, 1.00, 1.00, 0.00, 0.00
321,  0,  10.765,  0.98,  1, 0.00, 0.00, 0.69, 0.12, 1.51, 1.63, 0.04, 0.71, 2.94, 1.16, 0.00, 0.00, 0.00, 0.00, 2.54, 0.15, 0.27, 0.00, 0.00, 0.00, 1.00, 1.00, 1.00, 0.00, 1.00, 1.00, 1.00, 0.00, 0.00, 0.00, 1.00, 1.00, 1.00, 0.00, 0.00
322,  0,  10.799,  0.98,  1, 0.00, 0.00, 0.71, 0.20, 1.53, 1.66, 0.04, 0.75, 2.95, 1.08, 0.00, 0.00, 0.00, 0.00, 2.63, 0.13, 0.28, 0.00, 0.00, 0.00, 1.00, 1.00, 1.00, 0.00, 1.00, 1.00, 1.00, 0.00, 0.00, 0.00, 1.00, 1.00, 1.00, 0.00, 0.00
323,  0,  10.832,  0.98,  1, 0.05, 0.00, 0.81, 0.32, 1.56, 1.47, 0.04, 0.65, 2.92, 1.09, 0.00, 0.00, 0.00, 0.00, 2.65, 0.04, 0.32, 1.00, 0.00, 0.00, 1.00, 1.00, 1.00, 0.00, 1.00, 1.00, 1.00, 0.00, 0.00, 0.00, 1.00, 1.00, 1.00, 0.00, 0.00
324,  0,  10.866,  0.98,  1, 0.27, 0.16, 0.92, 0.24, 1.55, 1.51, 0.00, 0.70, 2.88, 1.03, 0.00, 0.00, 0.00, 0.00, 2.56, 0.04, 0.26, 1.00, 0.00, 0.00, 1.00, 1.00, 1.00, 0.00, 1.00, 1.00, 1.00, 0.00, 0.00, 0.00, 1.00, 1.00, 1.00, 0.00, 0.00
325,  0,  10.900,  0.98,  1, 0.36, 0.17, 0.97, 0.24, 1.46, 1.57, 0.00, 0.60, 2.76, 0.84, 0.00, 0.00, 0.00, 0.05, 2.47, 0.00, 0.20, 1.00, 0.00, 0.00, 1.00, 1.00, 1.00, 0.00, 1.00, 1.00, 0.00, 0.00, 0.00, 0.00, 1.00, 1.00, 1.00, 0.00, 0.00
326,  0,  10.933,  0.98,  1, 0.41, 0.24, 0.90, 0.15, 1.33, 1.83, 0.00, 0.62, 2.51, 0.62, 0.00, 0.00, 0.00, 0.11, 2.14, 0.03, 0.09, 1.00, 0.00, 0.00, 1.00, 0.00, 1.00, 0.00, 1.00, 1.00, 0.00, 0.00, 0.00, 0.00, 1.00, 1.00, 1.00, 0.00, 0.00
327,  0,  10.967,  0.98,  1, 0.30, 0.28, 0.81, 0.25, 1.16, 1.70, 0.00, 0.56, 2.24, 0.41, 0.00, 0.00, 0.00, 0.18, 1.85, 0.09, 0.09, 1.00, 0.00, 0.00, 1.00, 0.00, 0.00, 0.00, 1.00, 1.00, 0.00, 0.00, 0.00, 0.00, 1.00, 1.00, 1.00, 0.00, 0.00
328,  0,  11.000,  0.98,  1, 0.37, 0.36, 0.77, 0.12, 0.99, 1.50, 0.00, 0.43, 2.09, 0.26, 0.00, 0.00, 0.00, 0.13, 1.34, 0.14, 0.09, 1.00, 0.00, 0.00, 1.00, 0.00, 0.00, 0.00, 1.00, 1.00, 0.00, 0.00, 0.00, 0.00, 1.00, 1.00, 1.00, 0.00, 0.00
329,  0,  11.034,  0.98,  1, 0.37, 0.39, 0.82, 0.10, 0.97, 1.32, 0.00, 0.35, 1.99, 0.23, 0.16, 0.11, 0.00, 0.09, 0.87, 0.12, 0.04, 1.00, 0.00, 0.00, 1.00, 0.00, 0.00, 0.00, 1.00, 1.00, 0.00, 0.00, 0.00, 0.00, 1.00, 1.00, 1.00, 0.00, 0.00
330,  0,  11.068,  0.98,  1, 0.33, 0.34, 0.86, 0.00, 0.96, 1.26, 0.00, 0.25, 1.96, 0.32, 0.34, 0.11, 0.00, 0.07, 0.73, 0.05, 0.17, 1.00, 0.00, 0.00, 1.00, 0.00, 0.00, 0.00, 1.00, 1.00, 0.00, 0.00, 0.00, 0.00, 1.00, 1.00, 1.00, 0.00, 0.00
331,  0,  11.101,  0.98,  1, 0.26, 0.28, 0.92, 0.06, 0.98, 1.45, 0.00, 0.37, 1.89, 0.40, 0.58, 0.30, 0.00, 0.07, 1.21, 0.07, 0.38, 1.00, 0.00, 0.00, 1.00, 0.00, 0.00, 0.00, 1.00, 1.00, 0.00, 0.00, 0.00, 0.00, 1.00, 1.00, 1.00, 0.00, 0.00
332,  0,  11.135,  0.98,  1, 0.35, 0.49, 0.95, 0.06, 0.96, 1.29, 0.00, 0.48, 1.99, 0.55, 0.42, 0.19, 0.00, 0.04, 2.02, 0.14, 0.41, 1.00, 0.00, 0.00, 1.00, 0.00, 0.00, 0.00, 1.00, 1.00, 0.00, 0.00, 0.00, 0.00, 1.00, 1.00, 1.00, 0.00, 0.00
333,  0,  11.169,  0.98,  1, 0.52, 0.62, 1.05, 0.07, 1.09, 1.26, 0.00, 0.73, 2.19, 0.74, 0.24, 0.19, 0.00, 0.00, 2.57, 0.24, 0.34, 1.00, 0.00, 0.00, 1.00, 0.00, 1.00, 0.00, 1.00, 1.00, 0.00, 0.00, 0.00, 0.00, 1.00, 1.00, 1.00, 0.00, 0.00
334,  0,  11.202,  0.98,  1, 0.65, 0.78, 1.05, 0.01, 1.28, 1.39, 0.00, 0.89, 2.46, 1.01, 0.00, 0.00, 0.00, 0.00, 2.72, 0.28, 0.37, 1.00, 0.00, 0.00, 1.00, 0.00, 1.00, 0.00, 1.00, 1.00, 0.00, 0.00, 0.00, 0.00, 1.00, 1.00, 1.00, 0.00, 0.00
335,  0,  11.236,  0.98,  1, 0.60, 0.66, 1.00, 0.01, 1.39, 1.68, 0.00, 0.86, 2.60, 1.20, 0.00, 0.00, 0.00, 0.01, 2.44, 0.27, 0.51, 1.00, 0.00, 0.00, 1.00, 0.00, 0.00, 0.00, 1.00, 1.00, 1.00, 0.00, 0.00, 0.00, 1.00, 1.00, 1.00, 0.00, 0.00
336,  0,  11.270,  0.98,  1, 0.47, 0.48, 0.86, 0.00, 1.31, 1.68, 0.00, 0.59, 2.51, 1.20, 0.17, 0.18, 0.00, 0.22, 1.71, 0.27, 0.57, 1.00, 0.00, 0.00, 1.00, 0.00, 0.00, 0.00, 1.00, 1.00, 1.00, 0.00, 0.00, 0.00, 1.00, 1.00, 1.00, 0.00, 0.00
337,  0,  11.303,  0.98,  1, 0.40, 0.40, 0.81, 0.09, 0.97, 1.33, 0.00, 0.24, 2.24, 1.07, 0.36, 0.47, 0.00, 0.44, 0.87, 0.28, 0.33, 1.00, 0.00, 0.00, 1.00, 0.00, 0.00, 0.00, 0.00, 1.00, 1.00, 1.00, 0.00, 0.00, 1.00, 0.00, 1.00, 0.00, 0.00
338,  0,  11.337,  0.98,  1, 0.39, 0.26, 0.77, 0.22, 0.75, 1.12, 0.00, 0.07, 1.96, 1.13, 0.71, 0.93, 0.00, 0.64, 0.17, 0.49, 0.32, 0.00, 0.00, 0.00, 1.00, 0.00, 0.00, 0.00, 0.00, 1.00, 1.00, 1.00, 0.00, 0.00, 1.00, 0.00, 1.00, 0.00, 0.00
339,  0,  11.371,  0.98,  1, 0.28, 0.19, 0.68, 0.27, 0.74, 1.05, 0.00, 0.11, 1.98, 1.33, 0.65, 1.13, 0.00, 0.64, 0.21, 0.70, 0.19, 0.00, 0.00, 0.00, 1.00, 0.00, 0.00, 0.00, 0.00, 1.00, 1.00, 1.00, 0.00, 0.00, 1.00, 0.00, 1.00, 0.00, 0.00
340,  0,  11.404,  0.98,  1, 0.12, 0.21, 0.60, 0.26, 0.87, 0.98, 0.00, 0.38, 2.14, 1.52, 0.45, 0.84, 0.13, 0.42, 1.00, 1.04, 0.23, 0.00, 0.00, 0.00, 1.00, 0.00, 0.00, 0.00, 0.00, 1.00, 1.00, 1.00, 0.00, 0.00, 1.00, 0.00, 1.00, 0.00, 0.00
341,  0,  11.438,  0.98,  1, 0.06, 0.15, 0.67, 0.28, 1.09, 1.06, 0.00, 0.71, 2.37, 1.53, 0.12, 0.38, 0.13, 0.21, 1.98, 1.39, 0.07, 1.00, 0.00, 0.00, 1.00, 0.00, 0.00, 0.00, 1.00, 1.00, 1.00, 0.00, 0.00, 0.00, 1.00, 1.00, 1.00, 0.00, 0.00
342,  0,  11.471,  0.98,  1, 0.26, 0.12, 0.80, 0.59, 1.24, 1.10, 0.00, 1.06, 2.52, 1.49, 0.01, 0.00, 0.13, 0.00, 2.94, 1.67, 0.13, 1.00, 0.00, 0.00, 1.00, 0.00, 0.00, 0.00, 1.00, 1.00, 1.00, 0.00, 0.00, 0.00, 1.00, 1.00, 1.00, 0.00, 0.00
343,  0,  11.505,  0.98,  1, 0.29, 0.04, 0.93, 0.62, 1.43, 1.17, 0.00, 1.23, 2.73, 1.55, 0.01, 0.00, 0.00, 0.00, 3.14, 1.70, 0.30, 1.00, 0.00, 0.00, 1.00, 0.00, 0.00, 0.00, 1.00, 1.00, 1.00, 0.00, 0.00, 0.00, 1.00, 1.00, 1.00, 0.00, 0.00
344,  0,  11.539,  0.98,  1, 0.22, 0.04, 0.93, 0.48, 1.47, 1.11, 0.00, 1.23, 2.86, 1.52, 0.00, 0.00, 0.00, 0.00, 3.11, 1.56, 0.46, 1.00, 0.00, 0.00, 1.00, 0.00, 0.00, 0.00, 1.00, 1.00, 1.00, 0.00, 0.00, 0.00, 1.00, 1.00, 1.00, 0.00, 0.00
345,  0,  11.572,  0.98,  1, 0.12, 0.04, 0.92, 0.12, 1.42, 1.11, 0.00, 1.19, 2.97, 1.47, 0.00, 0.00, 0.00, 0.00, 3.02, 1.36, 0.43, 1.00, 0.00, 0.00, 1.00, 0.00, 0.00, 0.00, 1.00, 1.00, 1.00, 0.00, 0.00, 0.00, 1.00, 1.00, 1.00, 0.00, 0.00
346,  0,  11.606,  0.98,  1, 0.09, 0.00, 0.83, 0.03, 1.37, 1.18, 0.00, 1.08, 2.96, 1.49, 0.00, 0.00, 0.00, 0.00, 3.00, 1.23, 0.38, 1.00, 0.00, 0.00, 1.00, 0.00, 0.00, 0.00, 1.00, 1.00, 1.00, 0.00, 0.00, 0.00, 1.00, 1.00, 1.00, 0.00, 0.00
347,  0,  11.640,  0.98,  1, 0.14, 0.02, 0.76, 0.22, 1.33, 1.14, 0.00, 0.99, 3.00, 1.58, 0.00, 0.00, 0.00, 0.00, 2.99, 0.96, 0.26, 1.00, 0.00, 0.00, 1.00, 0.00, 0.00, 0.00, 1.00, 1.00, 1.00, 0.00, 0.00, 0.00, 1.00, 1.00, 1.00, 0.00, 0.00
348,  0,  11.673,  0.98,  1, 0.10, 0.02, 0.72, 0.33, 1.28, 1.31, 0.00, 0.92, 2.96, 1.72, 0.00, 0.00, 0.00, 0.00, 2.86, 0.86, 0.21, 1.00, 0.00, 0.00, 1.00, 0.00, 1.00, 0.00, 1.00, 1.00, 1.00, 0.00, 0.00, 0.00, 1.00, 1.00, 1.00, 0.00, 0.00
349,  0,  11.707,  0.98,  1, 0.10, 0.02, 0.63, 0.31, 1.34, 1.26, 0.00, 0.96, 3.03, 1.70, 0.00, 0.00, 0.00, 0.00, 2.83, 0.70, 0.09, 1.00, 0.00, 0.00, 1.00, 0.00, 0.00, 0.00, 1.00, 1.00, 1.00, 0.00, 0.00, 0.00, 1.00, 1.00, 1.00, 0.00, 0.00
350,  0,  11.741,  0.98,  1, 0.05, 0.00, 0.60, 0.11, 1.40, 1.21, 0.00, 0.98, 3.01, 1.73, 0.00, 0.00, 0.00, 0.00, 2.66, 0.62, 0.06, 1.00, 0.00, 0.00, 1.00, 0.00, 0.00, 0.00, 1.00, 1.00, 1.00, 0.00, 0.00, 0.00, 1.00, 1.00, 1.00, 0.00, 0.00
351,  0,  11.774,  0.98,  1, 0.02, 0.00, 0.56, 0.02, 1.47, 1.05, 0.00, 0.97, 2.92, 1.56, 0.00, 0.00, 0.00, 0.00, 2.60, 0.37, 0.18, 1.00, 0.00, 0.00, 1.00, 0.00, 0.00, 0.00, 1.00, 1.00, 1.00, 0.00, 0.00, 0.00, 1.00, 1.00, 1.00, 0.00, 0.00
352,  0,  11.808,  0.98,  1, 0.02, 0.00, 0.59, 0.16, 1.46, 1.28, 0.00, 0.87, 2.90, 1.62, 0.00, 0.00, 0.00, 0.00, 2.67, 0.30, 0.48, 1.00, 0.00, 0.00, 1.00, 0.00, 1.00, 0.00, 1.00, 1.00, 1.00, 0.00, 0.00, 0.00, 1.00, 1.00, 1.00, 0.00, 0.00
353,  0,  11.841,  0.98,  1, 0.11, 0.00, 0.62, 0.29, 1.49, 1.32, 0.00, 0.79, 2.95, 1.59, 0.00, 0.00, 0.00, 0.00, 2.89, 0.25, 0.78, 1.00, 0.00, 0.00, 1.00, 0.00, 0.00, 0.00, 1.00, 1.00, 1.00, 0.00, 0.00, 0.00, 1.00, 1.00, 1.00, 0.00, 0.00
354,  0,  11.875,  0.98,  1, 0.13, 0.00, 0.67, 0.27, 1.61, 1.53, 0.00, 0.76, 3.11, 1.57, 0.00, 0.00, 0.00, 0.00, 2.96, 0.25, 0.79, 1.00, 0.00, 0.00, 1.00, 0.00, 1.00, 0.00, 1.00, 1.00, 1.00, 0.00, 0.00, 0.00, 1.00, 1.00, 1.00, 0.00, 0.00
355,  0,  11.909,  0.98,  1, 0.21, 0.09, 0.82, 0.14, 1.66, 1.27, 0.00, 0.77, 3.11, 1.47, 0.00, 0.00, 0.00, 0.00, 2.91, 0.32, 0.83, 1.00, 0.00, 0.00, 1.00, 0.00, 0.00, 0.00, 1.00, 1.00, 1.00, 0.00, 0.00, 0.00, 1.00, 1.00, 1.00, 0.00, 0.00
356,  0,  11.942,  0.98,  1, 0.15, 0.09, 0.89, 0.00, 1.62, 1.34, 0.00, 0.81, 3.09, 1.41, 0.00, 0.00, 0.00, 0.00, 2.93, 0.59, 0.79, 1.00, 0.00, 0.00, 1.00, 0.00, 0.00, 0.00, 1.00, 1.00, 1.00, 0.00, 0.00, 0.00, 1.00, 1.00, 1.00, 0.00, 0.00
357,  0,  11.976,  0.98,  1, 0.17, 0.09, 0.91, 0.00, 1.51, 1.23, 0.00, 0.93, 3.02, 1.40, 0.00, 0.00, 0.00, 0.00, 3.08, 0.89, 0.86, 1.00, 0.00, 0.00, 1.00, 0.00, 0.00, 0.00, 1.00, 1.00, 1.00, 0.00, 0.00, 0.00, 1.00, 1.00, 1.00, 0.00, 0.00
358,  0,  12.010,  0.98,  1, 0.15, 0.11, 0.86, 0.07, 1.47, 1.47, 0.00, 1.01, 2.93, 1.45, 0.00, 0.00, 0.00, 0.00, 3.07, 0.93, 0.61, 1.00, 0.00, 0.00, 1.00, 0.00, 0.00, 0.00, 1.00, 1.00, 1.00, 0.00, 0.00, 0.00, 1.00, 1.00, 1.00, 0.00, 0.00
359,  0,  12.043,  0.98,  1, 0.12, 0.11, 0.64, 0.07, 1.46, 1.44, 0.00, 1.03, 2.87, 1.33, 0.00, 0.00, 0.00, 0.00, 3.06, 0.82, 0.52, 1.00, 0.00, 0.00, 1.00, 0.00, 0.00, 0.00, 1.00, 1.00, 1.00, 0.00, 0.00, 0.00, 1.00, 1.00, 1.00, 0.00, 0.00
360,  0,  12.077,  0.98,  1, 0.07, 0.11, 0.44, 0.06, 1.49, 1.53, 0.00, 0.85, 2.85, 1.31, 0.00, 0.00, 0.00, 0.00, 2.97, 0.61, 0.71, 0.00, 0.00, 0.00, 1.00, 0.00, 0.00, 0.00, 1.00, 1.00, 1.00, 0.00, 0.00, 0.00, 1.00, 1.00, 1.00, 0.00, 0.00
361,  0,  12.111,  0.98,  1, 0.00, 0.01, 0.37, 0.00, 1.51, 1.34, 0.00, 0.75, 2.87, 1.18, 0.00, 0.00, 0.00, 0.00, 2.90, 0.41, 0.72, 0.00, 0.00, 0.00, 1.00, 0.00, 0.00, 0.00, 1.00, 1.00, 1.00, 0.00, 0.00, 0.00, 1.00, 1.00, 1.00, 0.00, 0.00
362,  0,  12.144,  0.98,  1, 0.00, 0.01, 0.49, 0.00, 1.58, 1.43, 0.00, 0.72, 2.89, 1.30, 0.00, 0.00, 0.00, 0.00, 2.67, 0.19, 0.73, 0.00, 0.00, 0.00, 0.00, 1.00, 1.00, 0.00, 1.00, 1.00, 1.00, 0.00, 0.00, 0.00, 1.00, 1.00, 1.00, 0.00, 0.00
363,  0,  12.178,  0.98,  1, 0.00, 0.01, 0.58, 0.05, 1.58, 1.46, 0.00, 0.65, 2.83, 1.31, 0.00, 0.00, 0.00, 0.00, 2.35, 0.09, 0.47, 0.00, 0.00, 0.00, 0.00, 1.00, 1.00, 0.00, 1.00, 1.00, 1.00, 0.00, 0.00, 0.00, 1.00, 1.00, 1.00, 0.00, 0.00
364,  0,  12.212,  0.98,  1, 0.00, 0.00, 0.60, 0.05, 1.56, 1.60, 0.00, 0.56, 2.82, 1.17, 0.00, 0.00, 0.00, 0.00, 2.35, 0.21, 0.48, 1.00, 0.00, 0.00, 0.00, 1.00, 1.00, 0.00, 1.00, 1.00, 1.00, 0.00, 0.00, 0.00, 1.00, 1.00, 1.00, 0.00, 0.00
365,  0,  12.245,  0.98,  1, 0.00, 0.00, 0.77, 0.13, 1.46, 1.47, 0.00, 0.52, 2.77, 0.86, 0.00, 0.00, 0.00, 0.00, 2.32, 0.21, 0.37, 1.00, 0.00, 0.00, 1.00, 1.00, 1.00, 0.00, 1.00, 1.00, 0.00, 0.00, 0.00, 0.00, 1.00, 1.00, 1.00, 0.00, 0.00
366,  0,  12.279,  0.98,  1, 0.05, 0.00, 0.85, 0.21, 1.42, 1.29, 0.04, 0.52, 2.70, 0.62, 0.00, 0.00, 0.00, 0.00, 2.27, 0.21, 0.28, 0.00, 0.00, 0.00, 1.00, 1.00, 1.00, 0.00, 1.00, 1.00, 0.00, 0.00, 0.00, 0.00, 1.00, 1.00, 1.00, 0.00, 0.00
367,  0,  12.312,  0.98,  1, 0.05, 0.00, 0.79, 0.21, 1.31, 1.11, 0.04, 0.58, 2.59, 0.52, 0.00, 0.00, 0.00, 0.00, 2.09, 0.11, 0.12, 0.00, 0.00, 0.00, 1.00, 0.00, 0.00, 0.00, 1.00, 1.00, 0.00, 0.00, 0.00, 0.00, 1.00, 1.00, 1.00, 0.00, 0.00
368,  0,  12.346,  0.98,  1, 0.09, 0.00, 0.64, 0.17, 1.18, 1.07, 0.04, 0.68, 2.43, 0.44, 0.04, 0.00, 0.00, 0.00, 2.04, 0.14, 0.21, 0.00, 0.00, 0.00, 1.00, 0.00, 0.00, 0.00, 1.00, 1.00, 0.00, 0.00, 0.00, 0.00, 1.00, 1.00, 1.00, 0.00, 0.00
369,  0,  12.380,  0.98,  1, 0.05, 0.00, 0.51, 0.14, 0.93, 0.94, 0.00, 0.59, 2.25, 0.27, 0.04, 0.02, 0.00, 0.00, 2.05, 0.17, 0.23, 0.00, 0.00, 0.00, 1.00, 0.00, 0.00, 0.00, 1.00, 1.00, 0.00, 0.00, 0.00, 0.00, 1.00, 1.00, 1.00, 0.00, 0.00
370,  0,  12.413,  0.98,  1, 0.09, 0.01, 0.63, 0.14, 0.81, 1.26, 0.05, 0.55, 2.10, 0.24, 0.19, 0.13, 0.00, 0.00, 1.91, 0.32, 0.35, 0.00, 0.00, 0.00, 1.00, 0.00, 0.00, 0.00, 1.00, 1.00, 0.00, 0.00, 0.00, 0.00, 1.00, 1.00, 1.00, 0.00, 0.00
371,  0,  12.447,  0.98,  1, 0.21, 0.11, 0.80, 0.09, 0.66, 1.53, 0.05, 0.38, 1.89, 0.45, 0.38, 0.24, 0.00, 0.00, 1.60, 0.58, 0.26, 0.00, 0.00, 0.00, 1.00, 0.00, 0.00, 0.00, 1.00, 1.00, 0.00, 0.00, 0.00, 0.00, 1.00, 1.00, 1.00, 0.00, 0.00
372,  0,  12.481,  0.98,  1, 0.25, 0.23, 0.87, 0.00, 0.64, 1.62, 0.05, 0.48, 1.78, 0.56, 0.57, 0.30, 0.02, 0.00, 1.27, 0.79, 0.34, 0.00, 0.00, 0.00, 1.00, 0.00, 0.00, 0.00, 1.00, 1.00, 0.00, 0.00, 0.00, 0.00, 1.00, 1.00, 1.00, 0.00, 0.00
373,  0,  12.514,  0.98,  1, 0.20, 0.23, 0.78, 0.00, 0.66, 1.39, 0.00, 0.56, 1.71, 0.64, 0.54, 0.37, 0.25, 0.00, 1.25, 0.77, 0.29, 0.00, 0.00, 0.00, 1.00, 0.00, 0.00, 0.00, 1.00, 1.00, 0.00, 0.00, 0.00, 0.00, 1.00, 1.00, 1.00, 0.00, 0.00
374,  0,  12.548,  0.98,  1, 0.04, 0.12, 0.58, 0.00, 0.75, 1.16, 0.00, 0.77, 1.86, 0.60, 0.37, 0.28, 0.38, 0.00, 1.62, 0.69, 0.21, 0.00, 0.00, 0.00, 1.00, 0.00, 0.00, 0.00, 1.00, 1.00, 0.00, 0.00, 0.00, 0.00, 1.00, 1.00, 1.00, 0.00, 0.00
375,  0,  12.582,  0.98,  1, 0.09, 0.00, 0.56, 0.00, 0.83, 0.85, 0.00, 0.93, 2.08, 0.89, 0.18, 0.20, 0.36, 0.00, 2.31, 0.60, 0.18, 1.00, 0.00, 0.00, 1.00, 0.00, 0.00, 0.00, 1.00, 1.00, 0.00, 0.00, 0.00, 0.00, 1.00, 1.00, 1.00, 0.00, 0.00
376,  0,  12.615,  0.98,  1, 0.09, 0.00, 0.61, 0.00, 0.91, 0.81, 0.00, 0.95, 2.30, 1.13, 0.05, 0.02, 0.13, 0.00, 2.86, 0.53, 0.22, 1.00, 0.00, 0.00, 1.00, 0.00, 0.00, 0.00, 1.00, 1.00, 1.00, 0.00, 0.00, 0.00, 1.00, 1.00, 1.00, 0.00, 0.00
377,  0,  12.649,  0.98,  1, 0.11, 0.00, 0.62, 0.00, 1.02, 0.69, 0.00, 0.78, 2.43, 1.23, 0.00, 0.00, 0.00, 0.00, 2.99, 0.43, 0.39, 1.00, 0.00, 0.00, 1.00, 0.00, 0.00, 0.00, 1.00, 1.00, 1.00, 0.00, 0.00, 0.00, 1.00, 1.00, 1.00, 0.00, 0.00
378,  0,  12.682,  0.98,  1, 0.05, 0.00, 0.69, 0.19, 1.14, 0.94, 0.00, 0.68, 2.51, 1.16, 0.00, 0.00, 0.00, 0.00, 2.85, 0.46, 0.52, 1.00, 0.00, 0.00, 1.00, 0.00, 0.00, 0.00, 1.00, 1.00, 1.00, 0.00, 0.00, 0.00, 1.00, 1.00, 1.00, 0.00, 0.00
379,  0,  12.716,  0.98,  1, 0.05, 0.03, 0.75, 0.26, 1.20, 1.08, 0.00, 0.72, 2.56, 1.13, 0.00, 0.00, 0.00, 0.00, 2.71, 0.45, 0.67, 1.00, 0.00, 0.00, 1.00, 0.00, 0.00, 0.00, 1.00, 1.00, 1.00, 0.00, 0.00, 0.00, 1.00, 1.00, 1.00, 0.00, 0.00
380,  0,  12.750,  0.98,  1, 0.09, 0.03, 0.75, 0.27, 1.32, 1.31, 0.00, 0.90, 2.71, 1.19, 0.00, 0.00, 0.00, 0.00, 2.79, 0.31, 0.65, 1.00, 0.00, 0.00, 1.00, 0.00, 0.00, 0.00, 1.00, 1.00, 1.00, 0.00, 0.00, 0.00, 1.00, 1.00, 1.00, 0.00, 0.00
381,  0,  12.783,  0.98,  1, 0.09, 0.03, 0.68, 0.22, 1.33, 1.27, 0.00, 0.91, 2.77, 1.14, 0.00, 0.00, 0.00, 0.00, 2.89, 0.15, 0.50, 1.00, 0.00, 0.00, 1.00, 0.00, 0.00, 0.00, 1.00, 1.00, 1.00, 0.00, 0.00, 0.00, 1.00, 1.00, 1.00, 0.00, 0.00
382,  0,  12.817,  0.98,  1, 0.09, 0.00, 0.55, 0.15, 1.40, 1.24, 0.00, 0.90, 2.85, 1.20, 0.00, 0.00, 0.00, 0.00, 2.81, 0.07, 0.53, 1.00, 0.00, 0.00, 1.00, 0.00, 0.00, 0.00, 1.00, 1.00, 1.00, 0.00, 0.00, 0.00, 1.00, 1.00, 1.00, 0.00, 0.00
383,  0,  12.851,  0.98,  1, 0.03, 0.00, 0.60, 0.24, 1.39, 1.14, 0.00, 0.74, 2.87, 1.14, 0.00, 0.00, 0.00, 0.00, 2.82, 0.07, 0.47, 1.00, 0.00, 0.00, 1.00, 0.00, 0.00, 0.00, 1.00, 1.00, 1.00, 0.00, 0.00, 0.00, 1.00, 1.00, 1.00, 0.00, 0.00
384,  0,  12.884,  0.98,  1, 0.00, 0.00, 0.72, 0.11, 1.40, 1.11, 0.00, 0.72, 2.92, 1.14, 0.00, 0.00, 0.00, 0.00, 2.82, 0.14, 0.40, 1.00, 0.00, 0.00, 1.00, 0.00, 0.00, 0.00, 1.00, 1.00, 1.00, 0.00, 0.00, 0.00, 1.00, 1.00, 1.00, 0.00, 0.00
385,  0,  12.918,  0.98,  1, 0.04, 0.00, 0.77, 0.11, 1.30, 1.00, 0.00, 0.58, 2.94, 0.96, 0.00, 0.00, 0.00, 0.00, 2.96, 0.22, 0.11, 1.00, 0.00, 0.00, 1.00, 0.00, 1.00, 0.00, 1.00, 1.00, 1.00, 0.00, 0.00, 0.00, 1.00, 1.00, 1.00, 0.00, 0.00
386,  0,  12.952,  0.98,  1, 0.04, 0.00, 0.85, 0.01, 1.26, 1.16, 0.00, 0.62, 2.84, 0.97, 0.00, 0.00, 0.00, 0.00, 2.88, 0.46, 0.05, 1.00, 0.00, 0.00, 1.00, 0.00, 0.00, 0.00, 1.00, 1.00, 1.00, 0.00, 0.00, 0.00, 1.00, 1.00, 1.00, 0.00, 0.00
387,  0,  12.985,  0.98,  1, 0.07, 0.00, 0.80, 0.24, 1.31, 1.45, 0.00, 0.70, 2.80, 0.91, 0.01, 0.00, 0.00, 0.00, 2.68, 0.37, 0.25, 1.00, 0.00, 0.00, 1.00, 0.00, 0.00, 0.00, 1.00, 1.00, 1.00, 0.00, 0.00, 0.00, 1.00, 1.00, 1.00, 0.00, 0.00
388,  0,  13.019,  0.98,  1, 0.04, 0.00, 0.91, 0.32, 1.29, 1.60, 0.01, 0.68, 2.76, 0.96, 0.01, 0.00, 0.00, 0.00, 2.58, 0.31, 0.47, 1.00, 0.00, 0.00, 1.00, 0.00, 0.00, 0.00, 1.00, 1.00, 1.00, 0.00, 0.00, 0.00, 1.00, 1.00, 1.00, 0.00, 0.00
389,  0,  13.053,  0.98,  1, 0.04, 0.00, 0.81, 0.39, 1.31, 1.40, 0.01, 0.68, 2.84, 0.90, 0.01, 0.00, 0.00, 0.00, 2.62, 0.25, 0.58, 1.00, 0.00, 0.00, 1.00, 0.00, 0.00, 0.00, 1.00, 1.00, 1.00, 0.00, 0.00, 0.00, 1.00, 1.00, 1.00, 0.00, 0.00
390,  0,  13.086,  0.98,  1, 0.00, 0.00, 0.73, 0.31, 1.23, 1.20, 0.01, 0.63, 2.81, 0.82, 0.00, 0.00, 0.00, 0.00, 2.75, 0.25, 0.48, 1.00, 0.00, 0.00, 1.00, 0.00, 0.00, 0.00, 1.00, 1.00, 1.00, 0.00, 0.00, 0.00, 1.00, 1.00, 1.00, 0.00, 0.00
391,  0,  13.120,  0.98,  1, 0.00, 0.00, 0.54, 0.28, 1.24, 0.88, 0.00, 0.66, 2.77, 0.61, 0.00, 0.00, 0.00, 0.00, 2.83, 0.20, 0.40, 1.00, 0.00, 0.00, 1.00, 0.00, 0.00, 0.00, 1.00, 1.00, 1.00, 0.00, 0.00, 0.00, 1.00, 1.00, 1.00, 0.00, 0.00
392,  0,  13.153,  0.98,  1, 0.00, 0.00, 0.50, 0.21, 1.18, 0.72, 0.00, 0.62, 2.72, 0.53, 0.00, 0.00, 0.00, 0.00, 2.77, 0.02, 0.48, 1.00, 0.00, 0.00, 1.00, 0.00, 0.00, 0.00, 1.00, 1.00, 0.00, 0.00, 0.00, 0.00, 1.00, 1.00, 1.00, 0.00, 0.00
393,  0,  13.187,  0.98,  1, 0.05, 0.00, 0.59, 0.13, 1.17, 0.78, 0.00, 0.54, 2.69, 0.67, 0.00, 0.00, 0.00, 0.00, 2.81, 0.15, 0.41, 1.00, 0.00, 0.00, 1.00, 0.00, 0.00, 0.00, 1.00, 1.00, 0.00, 0.00, 0.00, 0.00, 1.00, 1.00, 1.00, 0.00, 0.00
394,  0,  13.221,  0.98,  1, 0.09, 0.00, 0.69, 0.17, 1.17, 0.75, 0.00, 0.67, 2.61, 0.79, 0.00, 0.00, 0.00, 0.00, 2.76, 0.15, 0.34, 1.00, 0.00, 0.00, 1.00, 0.00, 0.00, 0.00, 1.00, 1.00, 0.00, 0.00, 0.00, 0.00, 1.00, 1.00, 1.00, 0.00, 0.00
395,  0,  13.254,  0.98,  1, 0.09, 0.00, 0.76, 0.17, 1.14, 0.81, 0.00, 0.69, 2.53, 0.90, 0.00, 0.00, 0.00, 0.00, 2.93, 0.31, 0.26, 1.00, 0.00, 0.00, 1.00, 0.00, 0.00, 0.00, 1.00, 1.00, 1.00, 0.00, 0.00, 0.00, 1.00, 1.00, 1.00, 0.00, 0.00
396,  0,  13.288,  0.98,  1, 0.04, 0.00, 0.60, 0.31, 1.11, 0.77, 0.00, 0.83, 2.50, 0.96, 0.00, 0.00, 0.00, 0.00, 3.05, 0.39, 0.27, 1.00, 0.00, 0.00, 1.00, 0.00, 0.00, 0.00, 1.00, 1.00, 1.00, 0.00, 0.00, 0.00, 1.00, 1.00, 1.00, 0.00, 0.00
397,  0,  13.322,  0.98,  1, 0.05, 0.00, 0.49, 0.31, 1.12, 1.07, 0.00, 0.85, 2.53, 1.19, 0.00, 0.00, 0.00, 0.00, 3.10, 0.48, 0.32, 1.00, 0.00, 0.00, 1.00, 0.00, 0.00, 0.00, 1.00, 1.00, 1.00, 0.00, 0.00, 0.00, 1.00, 1.00, 1.00, 0.00, 0.00
398,  0,  13.355,  0.98,  1, 0.05, 0.00, 0.54, 0.42, 1.21, 1.24, 0.00, 0.90, 2.54, 1.28, 0.00, 0.00, 0.00, 0.00, 3.12, 0.58, 0.24, 1.00, 0.00, 0.00, 1.00, 0.00, 0.00, 0.00, 1.00, 1.00, 1.00, 0.00, 0.00, 0.00, 1.00, 1.00, 1.00, 0.00, 0.00
399,  0,  13.389,  0.98,  1, 0.05, 0.00, 0.79, 0.29, 1.27, 1.12, 0.00, 0.94, 2.57, 1.19, 0.00, 0.00, 0.00, 0.00, 3.14, 0.67, 0.29, 1.00, 0.00, 0.00, 1.00, 0.00, 0.00, 0.00, 1.00, 1.00, 1.00, 0.00, 0.00, 0.00, 1.00, 1.00, 1.00, 0.00, 0.00
400,  0,  13.423,  0.98,  1, 0.00, 0.00, 0.92, 0.18, 1.29, 1.05, 0.00, 0.93, 2.61, 1.06, 0.00, 0.00, 0.00, 0.00, 3.09, 0.74, 0.24, 1.00, 0.00, 0.00, 1.00, 0.00, 0.00, 0.00, 1.00, 1.00, 1.00, 0.00, 0.00, 0.00, 1.00, 1.00, 1.00, 0.00, 0.00
401,  0,  13.456,  0.98,  1, 0.00, 0.00, 0.85, 0.08, 1.20, 0.96, 0.00, 0.84, 2.61, 1.11, 0.00, 0.00, 0.00, 0.00, 2.95, 0.64, 0.25, 0.00, 0.00, 0.00, 1.00, 0.00, 0.00, 0.00, 1.00, 1.00, 1.00, 0.00, 0.00, 0.00, 1.00, 1.00, 1.00, 0.00, 0.00
402,  0,  13.490,  0.98,  1, 0.00, 0.00, 0.64, 0.06, 1.16, 0.85, 0.00, 0.72, 2.60, 1.10, 0.00, 0.00, 0.00, 0.00, 2.82, 0.41, 0.25, 0.00, 0.00, 0.00, 1.00, 0.00, 0.00, 0.00, 1.00, 1.00, 0.00, 0.00, 0.00, 0.00, 1.00, 1.00, 1.00, 0.00, 0.00
403,  0,  13.524,  0.98,  1, 0.00, 0.00, 0.61, 0.14, 1.18, 0.83, 0.00, 0.58, 2.56, 1.14, 0.00, 0.00, 0.00, 0.00, 2.77, 0.35, 0.34, 0.00, 0.00, 0.00, 1.00, 0.00, 0.00, 0.00, 1.00, 1.00, 0.00, 0.00, 0.00, 0.00, 1.00, 1.00, 1.00, 0.00, 0.00
404,  0,  13.557,  0.98,  1, 0.05, 0.03, 0.58, 0.17, 1.24, 0.99, 0.00, 0.54, 2.51, 0.95, 0.00, 0.00, 0.00, 0.00, 2.74, 0.34, 0.38, 1.00, 0.00, 0.00, 1.00, 0.00, 0.00, 0.00, 1.00, 1.00, 0.00, 0.00, 0.00, 0.00, 1.00, 1.00, 1.00, 0.00, 0.00
405,  0,  13.591,  0.98,  1, 0.09, 0.11, 0.72, 0.20, 1.30, 1.25, 0.00, 0.45, 2.43, 0.87, 0.00, 0.00, 0.00, 0.00, 2.75, 0.38, 0.46, 1.00, 0.00, 0.00, 1.00, 0.00, 0.00, 0.00, 1.00, 1.00, 0.00, 0.00, 0.00, 0.00, 1.00, 1.00, 1.00, 0.00, 0.00
406,  0,  13.624,  0.98,  1, 0.09, 0.18, 0.71, 0.16, 1.29, 1.45, 0.00, 0.48, 2.39, 0.82, 0.00, 0.00, 0.00, 0.00, 2.79, 0.42, 0.50, 1.00, 0.00, 0.00, 1.00, 0.00, 0.00, 0.00, 1.00, 1.00, 0.00, 0.00, 0.00, 0.00, 1.00, 1.00, 1.00, 0.00, 0.00
407,  0,  13.658,  0.98,  1, 0.16, 0.19, 0.89, 0.13, 1.25, 1.45, 0.00, 0.58, 2.40, 0.99, 0.00, 0.00, 0.00, 0.00, 2.79, 0.43, 0.54, 1.00, 0.00, 0.00, 1.00, 0.00, 0.00, 0.00, 1.00, 1.00, 1.00, 0.00, 0.00, 0.00, 1.00, 1.00, 1.00, 0.00, 0.00
408,  0,  13.692,  0.98,  1, 0.29, 0.15, 0.94, 0.21, 1.26, 1.35, 0.00, 0.70, 2.48, 1.09, 0.00, 0.00, 0.00, 0.00, 2.74, 0.53, 0.56, 1.00, 0.00, 0.00, 1.00, 0.00, 0.00, 0.00, 1.00, 1.00, 1.00, 0.00, 0.00, 0.00, 1.00, 1.00, 1.00, 0.00, 0.00
409,  0,  13.725,  0.98,  1, 0.33, 0.08, 0.99, 0.24, 1.21, 1.17, 0.00, 0.73, 2.49, 1.13, 0.00, 0.00, 0.00, 0.00, 2.70, 0.63, 0.54, 1.00, 0.00, 0.00, 1.00, 0.00, 0.00, 0.00, 1.00, 1.00, 1.00, 0.00, 0.00, 0.00, 1.00, 1.00, 1.00, 0.00, 0.00
410,  0,  13.759,  0.98,  1, 0.21, 0.05, 0.78, 0.32, 1.21, 1.12, 0.00, 0.73, 2.46, 1.02, 0.00, 0.00, 0.00, 0.00, 2.70, 0.61, 0.42, 0.00, 0.00, 0.00, 1.00, 0.00, 0.00, 0.00, 1.00, 1.00, 1.00, 0.00, 0.00, 0.00, 1.00, 1.00, 1.00, 0.00, 0.00
411,  0,  13.793,  0.98,  1, 0.04, 0.00, 0.64, 0.15, 1.19, 1.13, 0.00, 0.68, 2.37, 1.04, 0.00, 0.00, 0.00, 0.00, 2.68, 0.62, 0.30, 0.00, 0.00, 0.00, 1.00, 0.00, 0.00, 0.00, 1.00, 1.00, 1.00, 0.00, 0.00, 0.00, 1.00, 1.00, 1.00, 0.00, 0.00
412,  0,  13.826,  0.98,  1, 0.00, 0.05, 0.48, 0.08, 1.15, 1.35, 0.00, 0.69, 2.32, 1.05, 0.00, 0.00, 0.00, 0.00, 2.67, 0.50, 0.24, 0.00, 0.00, 0.00, 1.00, 0.00, 0.00, 0.00, 1.00, 1.00, 1.00, 0.00, 0.00, 0.00, 1.00, 1.00, 1.00, 0.00, 0.00
413,  0,  13.860,  0.98,  1, 0.00, 0.05, 0.42, 0.00, 1.05, 1.26, 0.00, 0.60, 2.31, 1.07, 0.00, 0.00, 0.00, 0.00, 2.67, 0.46, 0.31, 0.00, 0.00, 0.00, 1.00, 0.00, 0.00, 0.00, 1.00, 1.00, 1.00, 0.00, 0.00, 0.00, 1.00, 1.00, 1.00, 0.00, 0.00
414,  0,  13.894,  0.98,  1, 0.00, 0.05, 0.30, 0.00, 0.94, 1.20, 0.00, 0.55, 2.31, 0.95, 0.00, 0.00, 0.00, 0.00, 2.74, 0.37, 0.32, 0.00, 0.00, 0.00, 1.00, 0.00, 0.00, 0.00, 1.00, 1.00, 1.00, 0.00, 0.00, 0.00, 1.00, 1.00, 1.00, 0.00, 0.00
415,  0,  13.927,  0.98,  1, 0.00, 0.01, 0.31, 0.00, 0.95, 1.02, 0.00, 0.44, 2.35, 0.86, 0.00, 0.00, 0.00, 0.00, 2.80, 0.26, 0.33, 0.00, 0.00, 0.00, 1.00, 0.00, 1.00, 0.00, 1.00, 1.00, 1.00, 0.00, 0.00, 0.00, 1.00, 1.00, 1.00, 0.00, 0.00
416,  0,  13.961,  0.98,  1, 0.00, 0.01, 0.32, 0.03, 1.02, 1.12, 0.00, 0.50, 2.39, 0.82, 0.00, 0.00, 0.00, 0.00, 2.85, 0.29, 0.46, 0.00, 0.00, 0.00, 1.00, 0.00, 1.00, 0.00, 1.00, 1.00, 1.00, 0.00, 0.00, 0.00, 1.00, 1.00, 1.00, 0.00, 0.00
417,  0,  13.994,  0.98,  1, 0.00, 0.01, 0.48, 0.03, 1.11, 1.34, 0.02, 0.58, 2.41, 0.90, 0.00, 0.00, 0.00, 0.00, 2.85, 0.30, 0.54, 0.00, 0.00, 0.00, 1.00, 0.00, 0.00, 0.00, 1.00, 1.00, 1.00, 0.00, 0.00, 0.00, 1.00, 1.00, 1.00, 0.00, 0.00
418,  0,  14.028,  0.98,  1, 0.00, 0.03, 0.47, 0.04, 1.13, 1.42, 0.04, 0.65, 2.36, 0.90, 0.00, 0.00, 0.00, 0.00, 2.86, 0.48, 0.47, 0.00, 0.00, 0.00, 1.00, 0.00, 0.00, 0.00, 1.00, 1.00, 1.00, 0.00, 0.00, 0.00, 1.00, 1.00, 1.00, 0.00, 0.00
419,  0,  14.062,  0.98,  1, 0.00, 0.03, 0.55, 0.01, 1.09, 1.33, 0.09, 0.67, 2.28, 0.90, 0.00, 0.00, 0.00, 0.00, 2.88, 0.51, 0.35, 0.00, 0.00, 0.00, 1.00, 0.00, 0.00, 0.00, 1.00, 1.00, 1.00, 0.00, 0.00, 0.00, 1.00, 1.00, 1.00, 0.00, 0.00
420,  0,  14.095,  0.98,  1, 0.09, 0.13, 0.65, 0.23, 1.00, 1.17, 0.07, 0.63, 2.20, 0.82, 0.00, 0.00, 0.00, 0.00, 2.99, 0.79, 0.20, 0.00, 0.00, 0.00, 1.00, 0.00, 0.00, 0.00, 1.00, 1.00, 0.00, 0.00, 0.00, 0.00, 1.00, 1.00, 1.00, 0.00, 0.00
421,  0,  14.129,  0.98,  1, 0.20, 0.25, 0.95, 0.30, 0.90, 1.15, 0.05, 0.66, 2.09, 0.75, 0.00, 0.00, 0.00, 0.00, 3.00, 0.99, 0.15, 1.00, 0.00, 0.00, 1.00, 0.00, 0.00, 0.00, 1.00, 1.00, 0.00, 0.00, 0.00, 0.00, 1.00, 1.00, 1.00, 0.00, 0.00
422,  0,  14.163,  0.98,  1, 0.29, 0.36, 1.12, 0.30, 0.87, 1.05, 0.00, 0.71, 2.06, 0.64, 0.00, 0.00, 0.00, 0.00, 3.13, 1.36, 0.05, 1.00, 0.00, 0.00, 1.00, 0.00, 0.00, 0.00, 1.00, 1.00, 0.00, 0.00, 0.00, 0.00, 1.00, 1.00, 1.00, 0.00, 0.00
423,  0,  14.196,  0.98,  1, 0.20, 0.26, 1.17, 0.07, 0.89, 1.10, 0.00, 0.72, 2.02, 0.54, 0.00, 0.00, 0.00, 0.00, 3.11, 1.52, 0.00, 1.00, 0.00, 0.00, 1.00, 0.00, 0.00, 0.00, 1.00, 1.00, 0.00, 0.00, 0.00, 0.00, 1.00, 1.00, 1.00, 0.00, 0.00
424,  0,  14.230,  0.98,  1, 0.18, 0.14, 1.05, 0.00, 0.96, 0.99, 0.00, 0.79, 2.07, 0.47, 0.00, 0.00, 0.00, 0.00, 3.11, 1.55, 0.08, 1.00, 0.00, 0.00, 1.00, 0.00, 0.00, 0.00, 1.00, 1.00, 0.00, 0.00, 0.00, 0.00, 1.00, 1.00, 1.00, 0.00, 0.00
425,  0,  14.264,  0.98,  1, 0.23, 0.24, 0.89, 0.04, 0.83, 1.02, 0.00, 0.81, 1.89, 0.47, 0.03, 0.13, 0.00, 0.00, 2.76, 1.25, 0.22, 1.00, 0.00, 0.00, 1.00, 0.00, 0.00, 0.00, 1.00, 1.00, 0.00, 0.00, 0.00, 0.00, 1.00, 1.00, 1.00, 0.00, 0.00
426,  0,  14.297,  0.98,  1, 0.40, 0.27, 0.81, 0.09, 0.60, 0.91, 0.00, 0.59, 1.70, 0.47, 0.06, 0.20, 0.00, 0.00, 2.04, 1.09, 0.28, 1.00, 0.00, 0.00, 1.00, 0.00, 0.00, 0.00, 1.00, 1.00, 0.00, 0.00, 0.00, 0.00, 1.00, 1.00, 1.00, 0.00, 0.00
427,  0,  14.331,  0.98,  1, 0.48, 0.24, 0.71, 0.09, 0.35, 0.93, 0.00, 0.31, 1.44, 0.42, 0.10, 0.41, 0.00, 0.00, 1.37, 1.05, 0.30, 0.00, 0.00, 0.00, 1.00, 0.00, 0.00, 0.00, 0.00, 1.00, 0.00, 0.00, 0.00, 0.00, 1.00, 1.00, 1.00, 0.00, 0.00
428,  0,  14.365,  0.98,  1, 0.51, 0.03, 0.83, 0.06, 0.27, 0.95, 0.00, 0.15, 1.31, 0.54, 0.09, 0.52, 0.00, 0.00, 0.91, 1.30, 0.24, 0.00, 0.00, 0.00, 1.00, 0.00, 0.00, 0.00, 0.00, 1.00, 0.00, 0.00, 0.00, 0.00, 1.00, 1.00, 1.00, 0.00, 0.00
429,  0,  14.398,  0.98,  1, 0.53, 0.04, 0.86, 0.02, 0.28, 0.78, 0.00, 0.26, 1.27, 0.66, 0.06, 0.57, 0.00, 0.00, 1.07, 1.34, 0.33, 0.00, 0.00, 0.00, 1.00, 0.00, 0.00, 0.00, 0.00, 1.00, 0.00, 0.00, 0.00, 0.00, 1.00, 1.00, 1.00, 0.00, 0.00
430,  0,  14.432,  0.98,  1, 0.57, 0.17, 0.98, 0.01, 0.35, 0.77, 0.00, 0.33, 1.29, 0.79, 0.31, 0.81, 0.00, 0.07, 0.91, 1.38, 0.37, 1.00, 0.00, 0.00, 1.00, 0.00, 0.00, 0.00, 0.00, 1.00, 0.00, 0.00, 0.00, 0.00, 1.00, 1.00, 1.00, 0.00, 1.00
431,  0,  14.465,  0.98,  1, 0.63, 0.31, 0.91, 0.01, 0.38, 0.94, 0.00, 0.21, 1.36, 0.72, 0.57, 0.99, 0.00, 0.23, 0.64, 0.98, 0.46, 0.00, 0.00, 0.00, 1.00, 0.00, 0.00, 0.00, 0.00, 1.00, 0.00, 0.00, 0.00, 0.00, 1.00, 0.00, 1.00, 0.00, 1.00
432,  0,  14.499,  0.98,  1, 0.59, 0.55, 0.92, 0.07, 0.50, 1.02, 0.00, 0.14, 1.55, 0.73, 0.67, 1.22, 0.00, 0.34, 0.15, 0.68, 0.44, 1.00, 0.00, 0.00, 1.00, 0.00, 0.00, 0.00, 0.00, 1.00, 0.00, 0.00, 0.00, 0.00, 1.00, 0.00, 1.00, 0.00, 1.00
433,  0,  14.533,  0.98,  1, 0.49, 0.55, 0.78, 0.07, 0.51, 0.96, 0.00, 0.10, 1.80, 0.72, 0.40, 0.96, 0.00, 0.27, 0.22, 0.36, 0.39, 1.00, 0.00, 0.00, 1.00, 0.00, 0.00, 0.00, 0.00, 1.00, 0.00, 0.00, 0.00, 0.00, 1.00, 0.00, 1.00, 0.00, 1.00
434,  0,  14.566,  0.98,  1, 0.27, 0.41, 0.69, 0.10, 0.69, 0.99, 0.00, 0.23, 2.12, 0.73, 0.13, 0.55, 0.00, 0.11, 0.85, 0.46, 0.40, 1.00, 0.00, 0.00, 1.00, 0.00, 0.00, 0.00, 1.00, 1.00, 0.00, 0.00, 0.00, 0.00, 1.00, 0.00, 1.00, 0.00, 1.00
435,  0,  14.600,  0.98,  1, 0.17, 0.14, 0.61, 0.03, 0.86, 1.35, 0.00, 0.33, 2.26, 0.64, 0.02, 0.20, 0.00, 0.00, 1.65, 0.36, 0.27, 1.00, 0.00, 0.00, 1.00, 0.00, 0.00, 0.00, 1.00, 1.00, 0.00, 0.00, 0.00, 0.00, 1.00, 1.00, 1.00, 0.00, 1.00
436,  0,  14.634,  0.98,  1, 0.15, 0.00, 0.72, 0.09, 1.08, 1.44, 0.00, 0.53, 2.37, 0.75, 0.00, 0.00, 0.00, 0.00, 2.32, 0.50, 0.39, 1.00, 0.00, 0.00, 1.00, 0.00, 0.00, 0.00, 1.00, 1.00, 0.00, 0.00, 0.00, 0.00, 1.00, 1.00, 1.00, 0.00, 1.00
437,  0,  14.667,  0.98,  1, 0.24, 0.00, 0.80, 0.06, 1.12, 1.25, 0.00, 0.65, 2.38, 0.72, 0.00, 0.00, 0.00, 0.00, 2.45, 0.49, 0.30, 1.00, 0.00, 0.00, 1.00, 0.00, 0.00, 0.00, 1.00, 1.00, 0.00, 0.00, 0.00, 0.00, 1.00, 1.00, 1.00, 0.00, 1.00
438,  0,  14.701,  0.98,  1, 0.33, 0.22, 0.91, 0.06, 1.04, 1.10, 0.00, 0.60, 2.23, 0.78, 0.03, 0.00, 0.00, 0.00, 2.23, 0.55, 0.49, 1.00, 0.00, 0.00, 1.00, 0.00, 0.00, 0.00, 1.00, 1.00, 0.00, 0.00, 0.00, 0.00, 1.00, 1.00, 1.00, 0.00, 1.00
439,  0,  14.735,  0.98,  1, 0.42, 0.48, 0.93, 0.18, 1.01, 1.26, 0.00, 0.43, 2.04, 0.83, 0.19, 0.10, 0.00, 0.10, 1.75, 0.38, 0.60, 1.00, 0.00, 0.00, 1.00, 0.00, 0.00, 0.00, 1.00, 1.00, 0.00, 0.00, 0.00, 0.00, 1.00, 1.00, 1.00, 0.00, 1.00
440,  0,  14.768,  0.98,  1, 0.51, 0.58, 1.04, 0.19, 1.03, 1.59, 0.00, 0.28, 1.89, 0.87, 0.27, 0.10, 0.00, 0.10, 1.35, 0.25, 0.84, 1.00, 0.00, 0.00, 1.00, 0.00, 0.00, 0.00, 1.00, 1.00, 0.00, 0.00, 0.00, 0.00, 1.00, 1.00, 1.00, 0.00, 1.00
441,  0,  14.802,  0.98,  1, 0.44, 0.42, 0.94, 0.19, 1.05, 1.68, 0.00, 0.41, 1.85, 0.85, 0.30, 0.21, 0.00, 0.10, 1.35, 0.33, 0.76, 1.00, 0.00, 0.00, 1.00, 0.00, 0.00, 0.00, 1.00, 1.00, 0.00, 0.00, 0.00, 0.00, 1.00, 1.00, 1.00, 0.00, 1.00
442,  0,  14.835,  0.98,  1, 0.32, 0.17, 0.87, 0.06, 1.01, 1.76, 0.00, 0.67, 1.90, 0.80, 0.19, 0.19, 0.00, 0.00, 1.91, 0.56, 0.61, 1.00, 0.00, 0.00, 1.00, 0.00, 0.00, 0.00, 1.00, 1.00, 0.00, 0.00, 0.00, 0.00, 1.00, 1.00, 1.00, 0.00, 1.00
443,  0,  14.869,  0.98,  1, 0.16, 0.08, 0.76, 0.05, 1.01, 1.57, 0.00, 0.91, 1.99, 0.92, 0.17, 0.24, 0.00, 0.00, 2.54, 0.88, 0.46, 0.00, 0.00, 0.00, 1.00, 0.00, 0.00, 0.00, 1.00, 1.00, 0.00, 0.00, 0.00, 0.00, 1.00, 1.00, 1.00, 0.00, 1.00
444,  0,  14.903,  0.98,  1, 0.08, 0.04, 0.81, 0.05, 1.11, 1.46, 0.00, 0.97, 2.15, 1.01, 0.11, 0.13, 0.00, 0.00, 2.83, 0.94, 0.64, 0.00, 0.00, 0.00, 1.00, 0.00, 0.00, 0.00, 1.00, 1.00, 0.00, 0.00, 0.00, 0.00, 1.00, 1.00, 1.00, 0.00, 1.00
445,  0,  14.936,  0.98,  1, 0.02, 0.03, 0.79, 0.00, 1.14, 1.31, 0.00, 0.90, 2.19, 1.00, 0.07, 0.05, 0.00, 0.00, 2.68, 0.87, 0.74, 0.00, 0.00, 0.00, 1.00, 0.00, 0.00, 0.00, 1.00, 1.00, 0.00, 0.00, 0.00, 0.00, 1.00, 1.00, 1.00, 0.00, 1.00
446,  0,  14.970,  0.98,  1, 0.01, 0.06, 0.73, 0.00, 1.13, 1.42, 0.00, 0.80, 2.15, 0.77, 0.01, 0.01, 0.00, 0.00, 2.25, 0.68, 0.79, 0.00, 0.00, 0.00, 1.00, 0.00, 0.00, 0.00, 1.00, 1.00, 0.00, 0.00, 0.00, 0.00, 1.00, 1.00, 1.00, 0.00, 1.00
447,  0,  15.004,  0.98,  1, 0.16, 0.25, 0.74, 0.00, 1.02, 1.49, 0.00, 0.66, 2.05, 0.73, 0.09, 0.01, 0.00, 0.08, 1.77, 0.46, 0.77, 0.00, 0.00, 0.00, 1.00, 0.00, 0.00, 0.00, 1.00, 1.00, 1.00, 0.00, 0.00, 0.00, 1.00, 1.00, 1.00, 0.00, 1.00
448,  0,  15.037,  0.98,  1, 0.43, 0.46, 0.77, 0.00, 0.88, 1.40, 0.00, 0.45, 1.91, 0.79, 0.20, 0.34, 0.00, 0.28, 0.95, 0.30, 0.70, 0.00, 0.00, 0.00, 1.00, 0.00, 0.00, 0.00, 1.00, 1.00, 1.00, 1.00, 0.00, 0.00, 1.00, 1.00, 1.00, 0.00, 1.00
449,  0,  15.071,  0.98,  1, 0.68, 0.63, 0.78, 0.00, 0.69, 1.28, 0.00, 0.32, 1.73, 1.00, 0.39, 0.77, 0.00, 0.46, 0.40, 0.23, 0.70, 1.00, 0.00, 0.00, 1.00, 0.00, 0.00, 0.00, 0.00, 1.00, 1.00, 1.00, 0.00, 0.00, 1.00, 0.00, 1.00, 0.00, 1.00
450,  0,  15.105,  0.98,  1, 0.88, 0.71, 0.77, 0.00, 0.55, 1.46, 0.00, 0.20, 1.58, 1.07, 0.60, 1.06, 0.00, 0.57, 0.00, 0.32, 0.67, 1.00, 0.00, 0.00, 1.00, 0.00, 0.00, 0.00, 0.00, 1.00, 1.00, 1.00, 0.00, 0.00, 1.00, 0.00, 1.00, 0.00, 1.00
451,  0,  15.138,  0.98,  1, 0.87, 0.81, 0.84, 0.22, 0.52, 1.77, 0.00, 0.14, 1.48, 1.17, 0.67, 0.90, 0.00, 0.57, 0.00, 0.50, 0.62, 1.00, 0.00, 0.00, 1.00, 0.00, 0.00, 0.00, 0.00, 1.00, 1.00, 1.00, 0.00, 0.00, 1.00, 0.00, 1.00, 0.00, 1.00
452,  0,  15.172,  0.98,  1, 0.95, 0.87, 0.86, 0.25, 0.56, 2.00, 0.00, 0.03, 1.45, 1.00, 0.47, 0.61, 0.00, 0.61, 0.00, 0.53, 0.58, 1.00, 0.00, 0.00, 1.00, 0.00, 0.00, 0.00, 0.00, 1.00, 1.00, 1.00, 0.00, 0.00, 1.00, 0.00, 1.00, 0.00, 1.00
453,  0,  15.206,  0.98,  1, 0.87, 0.84, 0.78, 0.25, 0.56, 1.65, 0.00, 0.12, 1.43, 0.90, 0.29, 0.41, 0.00, 0.56, 0.05, 0.43, 0.49, 1.00, 0.00, 0.00, 1.00, 0.00, 0.00, 0.00, 0.00, 1.00, 1.00, 1.00, 0.00, 0.00, 1.00, 0.00, 1.00, 0.00, 0.00
454,  0,  15.239,  0.98,  1, 0.78, 0.70, 0.71, 0.03, 0.56, 1.38, 0.00, 0.23, 1.44, 0.63, 0.43, 0.51, 0.00, 0.54, 0.04, 0.39, 0.56, 1.00, 0.00, 0.00, 1.00, 0.00, 0.00, 0.00, 0.00, 1.00, 1.00, 1.00, 0.00, 0.00, 1.00, 0.00, 1.00, 0.00, 0.00
455,  0,  15.273,  0.98,  1, 0.67, 0.72, 0.69, 0.07, 0.54, 1.22, 0.00, 0.32, 1.46, 0.81, 0.70, 0.55, 0.00, 0.49, 0.08, 0.41, 0.50, 1.00, 0.00, 0.00, 1.00, 0.00, 0.00, 0.00, 0.00, 1.00, 1.00, 1.00, 0.00, 0.00, 1.00, 0.00, 1.00, 0.00, 0.00
456,  0,  15.306,  0.98,  1, 0.59, 0.65, 0.75, 0.07, 0.61, 1.30, 0.00, 0.31, 1.55, 1.02, 0.84, 0.80, 0.00, 0.48, 0.04, 0.45, 0.50, 1.00, 0.00, 0.00, 1.00, 0.00, 0.00, 0.00, 0.00, 1.00, 1.00, 1.00, 0.00, 0.00, 1.00, 0.00, 1.00, 0.00, 0.00
457,  0,  15.340,  0.98,  1, 0.51, 0.62, 0.72, 0.07, 0.70, 1.36, 0.00, 0.18, 1.61, 1.02, 0.61, 0.82, 0.00, 0.42, 0.09, 0.24, 0.51, 1.00, 0.00, 0.00, 1.00, 0.00, 0.00, 0.00, 0.00, 1.00, 0.00, 1.00, 0.00, 0.00, 1.00, 0.00, 1.00, 0.00, 0.00
458,  0,  15.374,  0.98,  1, 0.40, 0.44, 0.80, 0.00, 0.77, 1.26, 0.00, 0.18, 1.74, 0.94, 0.53, 0.80, 0.00, 0.36, 0.25, 0.08, 0.48, 0.00, 0.00, 0.00, 1.00, 0.00, 0.00, 0.00, 0.00, 1.00, 0.00, 1.00, 0.00, 0.00, 1.00, 0.00, 1.00, 0.00, 0.00
459,  0,  15.407,  0.98,  1, 0.30, 0.32, 0.86, 0.00, 0.82, 1.18, 0.00, 0.21, 1.86, 0.63, 0.35, 0.72, 0.00, 0.22, 0.80, 0.09, 0.48, 0.00, 0.00, 0.00, 1.00, 0.00, 0.00, 0.00, 1.00, 1.00, 0.00, 1.00, 0.00, 0.00, 1.00, 1.00, 1.00, 0.00, 0.00
460,  0,  15.441,  0.98,  1, 0.20, 0.26, 0.89, 0.02, 0.86, 0.93, 0.00, 0.36, 1.99, 0.68, 0.27, 0.55, 0.00, 0.10, 1.20, 0.09, 0.26, 0.00, 0.00, 0.00, 1.00, 0.00, 0.00, 0.00, 1.00, 1.00, 0.00, 0.00, 0.00, 0.00, 1.00, 1.00, 1.00, 0.00, 0.00
461,  0,  15.475,  0.98,  1, 0.09, 0.14, 0.85, 0.05, 0.92, 0.92, 0.00, 0.48, 2.02, 0.58, 0.08, 0.57, 0.00, 0.00, 1.71, 0.25, 0.19, 0.00, 0.00, 0.00, 1.00, 0.00, 0.00, 0.00, 1.00, 1.00, 0.00, 0.00, 0.00, 0.00, 1.00, 1.00, 1.00, 0.00, 0.00
462,  0,  15.508,  0.98,  1, 0.05, 0.13, 0.75, 0.05, 0.95, 0.90, 0.00, 0.71, 1.96, 0.65, 0.00, 0.59, 0.00, 0.00, 1.87, 0.22, 0.05, 0.00, 0.00, 0.00, 1.00, 0.00, 0.00, 0.00, 1.00, 1.00, 0.00, 0.00, 0.00, 0.00, 1.00, 1.00, 1.00, 0.00, 0.00
463,  0,  15.542,  0.98,  1, 0.06, 0.08, 0.86, 0.06, 0.94, 0.98, 0.00, 0.75, 1.91, 0.72, 0.00, 0.58, 0.00, 0.00, 2.09, 0.37, 0.07, 0.00, 0.00, 0.00, 1.00, 0.00, 0.00, 0.00, 1.00, 1.00, 0.00, 0.00, 0.00, 0.00, 1.00, 1.00, 1.00, 0.00, 0.00
464,  0,  15.576,  0.98,  1, 0.10, 0.08, 0.83, 0.05, 0.92, 0.83, 0.00, 0.80, 1.88, 0.85, 0.00, 0.43, 0.00, 0.00, 2.20, 0.44, 0.08, 0.00, 0.00, 0.00, 1.00, 0.00, 0.00, 0.00, 1.00, 1.00, 0.00, 0.00, 0.00, 0.00, 1.00, 1.00, 1.00, 0.00, 0.00
465,  0,  15.609,  0.98,  1, 0.06, 0.00, 0.91, 0.05, 0.85, 0.83, 0.00, 0.74, 1.89, 0.89, 0.00, 0.23, 0.00, 0.00, 2.35, 0.41, 0.23, 0.00, 0.00, 0.00, 1.00, 0.00, 0.00, 0.00, 1.00, 1.00, 0.00, 0.00, 0.00, 0.00, 1.00, 1.00, 1.00, 0.00, 0.00
466,  0,  15.643,  0.98,  1, 0.16, 0.00, 0.81, 0.01, 0.84, 0.82, 0.00, 0.84, 1.90, 0.83, 0.00, 0.11, 0.00, 0.00, 2.47, 0.54, 0.20, 1.00, 0.00, 0.00, 1.00, 0.00, 0.00, 0.00, 1.00, 1.00, 0.00, 0.00, 0.00, 0.00, 1.00, 1.00, 1.00, 0.00, 0.00
467,  0,  15.676,  0.98,  1, 0.18, 0.13, 0.79, 0.00, 0.79, 0.98, 0.00, 0.91, 1.90, 0.80, 0.00, 0.08, 0.00, 0.00, 2.53, 0.70, 0.17, 1.00, 0.00, 0.00, 1.00, 0.00, 0.00, 0.00, 1.00, 1.00, 0.00, 0.00, 0.00, 0.00, 1.00, 1.00, 1.00, 0.00, 0.00
468,  0,  15.710,  0.98,  1, 0.24, 0.18, 0.65, 0.00, 0.71, 0.87, 0.00, 0.94, 1.81, 0.85, 0.00, 0.09, 0.00, 0.00, 2.53, 1.08, 0.00, 1.00, 0.00, 0.00, 1.00, 0.00, 0.00, 0.00, 1.00, 1.00, 0.00, 0.00, 0.00, 0.00, 1.00, 1.00, 1.00, 0.00, 0.00
469,  0,  15.744,  0.98,  1, 0.12, 0.18, 0.52, 0.00, 0.66, 0.75, 0.00, 0.94, 1.77, 0.94, 0.00, 0.18, 0.04, 0.00, 2.62, 1.20, 0.01, 1.00, 0.00, 0.00, 1.00, 0.00, 0.00, 0.00, 1.00, 1.00, 1.00, 0.00, 0.00, 0.00, 1.00, 1.00, 1.00, 0.00, 0.00
470,  0,  15.777,  0.98,  1, 0.05, 0.05, 0.44, 0.00, 0.66, 0.65, 0.00, 0.93, 1.64, 1.03, 0.00, 0.17, 0.04, 0.00, 2.60, 1.26, 0.11, 1.00, 0.00, 0.00, 1.00, 0.00, 0.00, 0.00, 1.00, 1.00, 1.00, 0.00, 0.00, 0.00, 1.00, 1.00, 1.00, 0.00, 0.00
471,  0,  15.811,  0.98,  1, 0.00, 0.00, 0.45, 0.12, 0.70, 0.77, 0.00, 0.83, 1.65, 1.06, 0.00, 0.09, 0.04, 0.00, 2.57, 1.35, 0.18, 0.00, 0.00, 0.00, 1.00, 0.00, 0.00, 0.00, 1.00, 1.00, 1.00, 0.00, 0.00, 0.00, 1.00, 1.00, 1.00, 0.00, 0.00
472,  0,  15.845,  0.98,  1, 0.00, 0.00, 0.56, 0.13, 0.71, 0.99, 0.02, 0.87, 1.66, 1.08, 0.00, 0.00, 0.00, 0.00, 2.51, 1.43, 0.16, 0.00, 0.00, 0.00, 1.00, 0.00, 0.00, 0.00, 1.00, 1.00, 1.00, 0.00, 0.00, 0.00, 1.00, 1.00, 1.00, 0.00, 0.00
473,  0,  15.878,  0.98,  1, 0.00, 0.00, 0.61, 0.15, 0.73, 1.04, 0.02, 0.98, 1.72, 0.89, 0.00, 0.02, 0.03, 0.00, 2.53, 1.48, 0.09, 0.00, 0.00, 0.00, 1.00, 0.00, 0.00, 0.00, 1.00, 1.00, 1.00, 0.00, 0.00, 0.00, 1.00, 1.00, 1.00, 0.00, 0.00
474,  0,  15.912,  0.98,  1, 0.00, 0.00, 0.53, 0.04, 0.74, 0.98, 0.02, 1.05, 1.78, 0.77, 0.00, 0.13, 0.03, 0.00, 2.63, 1.49, 0.13, 0.00, 0.00, 0.00, 1.00, 0.00, 0.00, 0.00, 1.00, 1.00, 1.00, 0.00, 0.00, 0.00, 1.00, 1.00, 1.00, 0.00, 0.00
475,  0,  15.946,  0.98,  1, 0.00, 0.00, 0.36, 0.03, 0.70, 0.85, 0.04, 1.05, 1.78, 0.70, 0.00, 0.16, 0.14, 0.00, 2.72, 1.60, 0.13, 0.00, 0.00, 0.00, 1.00, 0.00, 0.00, 0.00, 1.00, 1.00, 1.00, 0.00, 0.00, 0.00, 1.00, 1.00, 1.00, 0.00, 0.00
476,  0,  15.979,  0.98,  1, 0.00, 0.00, 0.42, 0.00, 0.64, 0.88, 0.08, 0.90, 1.77, 0.78, 0.00, 0.15, 0.18, 0.00, 2.61, 1.63, 0.18, 0.00, 0.00, 0.00, 1.00, 0.00, 0.00, 0.00, 1.00, 1.00, 1.00, 0.00, 0.00, 0.00, 1.00, 1.00, 1.00, 0.00, 0.00
477,  0,  16.013,  0.98,  1, 0.00, 0.02, 0.50, 0.00, 0.66, 0.94, 0.14, 0.90, 1.75, 0.87, 0.00, 0.09, 0.23, 0.00, 2.47, 1.58, 0.13, 0.00, 0.00, 0.00, 1.00, 0.00, 0.00, 0.00, 1.00, 1.00, 1.00, 0.00, 0.00, 0.00, 1.00, 1.00, 1.00, 0.00, 0.00
478,  0,  16.047,  0.98,  1, 0.00, 0.02, 0.64, 0.00, 0.64, 0.99, 0.10, 0.80, 1.72, 0.87, 0.00, 0.06, 0.12, 0.00, 2.46, 1.52, 0.13, 0.00, 0.00, 0.00, 1.00, 0.00, 0.00, 0.00, 1.00, 1.00, 1.00, 0.00, 0.00, 0.00, 1.00, 1.00, 1.00, 0.00, 0.00
479,  0,  16.080,  0.98,  1, 0.00, 0.02, 0.60, 0.24, 0.70, 1.07, 0.06, 0.77, 1.70, 0.92, 0.00, 0.13, 0.08, 0.00, 2.55, 1.47, 0.05, 0.00, 0.00, 0.00, 1.00, 0.00, 0.00, 0.00, 1.00, 1.00, 1.00, 0.00, 0.00, 0.00, 1.00, 1.00, 1.00, 0.00, 0.00
480,  0,  16.114,  0.98,  1, 0.04, 0.03, 0.74, 0.24, 0.74, 1.27, 0.08, 0.74, 1.65, 0.89, 0.00, 0.08, 0.03, 0.00, 2.77, 1.43, 0.00, 0.00, 0.00, 0.00, 1.00, 0.00, 0.00, 0.00, 1.00, 1.00, 1.00, 0.00, 0.00, 0.00, 1.00, 1.00, 1.00, 0.00, 0.00
481,  0,  16.147,  0.98,  1, 0.04, 0.03, 0.80, 0.24, 0.79, 1.39, 0.18, 0.72, 1.63, 0.82, 0.00, 0.08, 0.03, 0.00, 2.94, 1.36, 0.00, 0.00, 0.00, 0.00, 1.00, 0.00, 0.00, 0.00, 1.00, 1.00, 1.00, 0.00, 0.00, 0.00, 1.00, 1.00, 1.00, 0.00, 0.00
482,  0,  16.181,  0.98,  1, 0.04, 0.03, 0.82, 0.00, 0.80, 1.19, 0.22, 0.78, 1.71, 0.78, 0.00, 0.00, 0.00, 0.00, 3.01, 1.23, 0.00, 0.00, 0.00, 0.00, 1.00, 0.00, 0.00, 0.00, 1.00, 1.00, 1.00, 0.00, 0.00, 0.00, 1.00, 1.00, 1.00, 0.00, 0.00
483,  0,  16.215,  0.98,  1, 0.00, 0.00, 0.73, 0.00, 0.80, 1.14, 0.22, 0.83, 1.80, 0.82, 0.00, 0.00, 0.00, 0.00, 2.98, 1.21, 0.00, 0.00, 0.00, 0.00, 1.00, 0.00, 0.00, 0.00, 1.00, 1.00, 1.00, 0.00, 0.00, 0.00, 1.00, 1.00, 1.00, 0.00, 0.00
484,  0,  16.248,  0.98,  1, 0.00, 0.00, 0.69, 0.00, 0.78, 1.06, 0.16, 0.82, 1.87, 0.87, 0.00, 0.00, 0.00, 0.00, 2.93, 1.09, 0.00, 0.00, 0.00, 0.00, 1.00, 0.00, 0.00, 0.00, 1.00, 1.00, 1.00, 0.00, 0.00, 0.00, 1.00, 1.00, 1.00, 0.00, 0.00
485,  0,  16.282,  0.98,  1, 0.00, 0.00, 0.66, 0.00, 0.79, 1.18, 0.15, 0.81, 1.84, 0.79, 0.00, 0.00, 0.00, 0.00, 2.96, 1.10, 0.00, 0.00, 0.00, 0.00, 1.00, 0.00, 0.00, 0.00, 1.00, 1.00, 1.00, 0.00, 0.00, 0.00, 1.00, 1.00, 1.00, 0.00, 0.00
486,  0,  16.316,  0.98,  1, 0.00, 0.00, 0.60, 0.07, 0.78, 1.10, 0.07, 0.86, 1.85, 0.81, 0.00, 0.00, 0.00, 0.00, 3.04, 1.04, 0.00, 0.00, 0.00, 0.00, 1.00, 0.00, 0.00, 0.00, 1.00, 1.00, 1.00, 0.00, 0.00, 0.00, 1.00, 1.00, 1.00, 0.00, 0.00
487,  0,  16.349,  0.98,  1, 0.00, 0.00, 0.53, 0.23, 0.85, 1.22, 0.03, 0.98, 1.85, 0.95, 0.00, 0.00, 0.00, 0.00, 2.99, 1.02, 0.00, 0.00, 0.00, 0.00, 1.00, 0.00, 0.00, 0.00, 1.00, 1.00, 1.00, 0.00, 0.00, 0.00, 1.00, 1.00, 1.00, 0.00, 0.00
488,  0,  16.383,  0.98,  1, 0.00, 0.00, 0.57, 0.23, 0.87, 1.09, 0.01, 0.95, 1.84, 1.05, 0.00, 0.00, 0.00, 0.00, 2.92, 0.97, 0.13, 0.00, 0.00, 0.00, 1.00, 0.00, 0.00, 0.00, 1.00, 1.00, 1.00, 0.00, 0.00, 0.00, 1.00, 1.00, 1.00, 0.00, 0.00
489,  0,  16.417,  0.98,  1, 0.04, 0.00, 0.64, 0.16, 0.87, 0.90, 0.02, 0.83, 1.79, 1.10, 0.00, 0.00, 0.00, 0.00, 2.80, 0.95, 0.41, 0.00, 0.00, 0.00, 1.00, 0.00, 0.00, 0.00, 1.00, 1.00, 1.00, 0.00, 0.00, 0.00, 1.00, 1.00, 1.00, 0.00, 0.00
490,  0,  16.450,  0.98,  1, 0.06, 0.00, 0.67, 0.00, 0.80, 0.61, 0.02, 0.78, 1.81, 1.00, 0.00, 0.00, 0.01, 0.00, 2.71, 0.94, 0.75, 0.00, 0.00, 0.00, 1.00, 0.00, 0.00, 0.00, 1.00, 1.00, 1.00, 0.00, 0.00, 0.00, 1.00, 1.00, 1.00, 0.00, 1.00
491,  0,  16.484,  0.98,  1, 0.13, 0.00, 0.67, 0.00, 0.78, 0.74, 0.02, 0.86, 1.83, 0.95, 0.00, 0.00, 0.01, 0.00, 2.64, 0.89, 0.94, 0.00, 0.00, 0.00, 1.00, 0.00, 0.00, 0.00, 1.00, 1.00, 1.00, 0.00, 0.00, 0.00, 1.00, 1.00, 1.00, 0.00, 1.00
492,  0,  16.518,  0.98,  1, 0.11, 0.03, 0.64, 0.00, 0.78, 0.75, 0.00, 0.95, 1.89, 0.86, 0.00, 0.00, 0.01, 0.00, 2.54, 0.81, 0.90, 0.00, 0.00, 0.00, 1.00, 0.00, 0.00, 0.00, 1.00, 1.00, 1.00, 0.00, 0.00, 0.00, 1.00, 1.00, 1.00, 0.00, 1.00
493,  0,  16.551,  0.98,  1, 0.08, 0.03, 0.62, 0.00, 0.78, 0.75, 0.00, 0.97, 1.88, 0.90, 0.00, 0.00, 0.00, 0.00, 2.52, 0.84, 0.81, 0.00, 0.00, 0.00, 1.00, 0.00, 0.00, 0.00, 1.00, 1.00, 1.00, 0.00, 0.00, 0.00, 1.00, 1.00, 1.00, 0.00, 1.00
494,  0,  16.585,  0.98,  1, 0.01, 0.03, 0.60, 0.00, 0.81, 0.62, 0.04, 0.96, 1.88, 0.94, 0.00, 0.00, 0.00, 0.00, 2.59, 0.96, 0.59, 0.00, 0.00, 0.00, 1.00, 0.00, 0.00, 0.00, 1.00, 1.00, 1.00, 0.00, 0.00, 0.00, 1.00, 1.00, 1.00, 0.00, 1.00
495,  0,  16.618,  0.98,  1, 0.00, 0.00, 0.47, 0.00, 0.78, 0.71, 0.04, 0.83, 1.82, 1.04, 0.00, 0.00, 0.00, 0.00, 2.75, 1.04, 0.40, 0.00, 0.00, 0.00, 1.00, 0.00, 0.00, 0.00, 1.00, 1.00, 1.00, 0.00, 0.00, 0.00, 1.00, 1.00, 1.00, 0.00, 1.00
496,  0,  16.652,  0.98,  1, 0.00, 0.00, 0.49, 0.00, 0.80, 0.73, 0.04, 0.87, 1.80, 1.02, 0.00, 0.00, 0.00, 0.00, 2.80, 1.05, 0.15, 0.00, 0.00, 0.00, 1.00, 0.00, 0.00, 0.00, 1.00, 1.00, 1.00, 0.00, 0.00, 0.00, 1.00, 1.00, 1.00, 0.00, 1.00
497,  0,  16.686,  0.98,  1, 0.08, 0.00, 0.48, 0.00, 0.78, 0.74, 0.00, 0.87, 1.81, 1.08, 0.00, 0.00, 0.00, 0.00, 2.86, 0.98, 0.06, 0.00, 0.00, 0.00, 1.00, 0.00, 0.00, 0.00, 1.00, 1.00, 1.00, 0.00, 0.00, 0.00, 1.00, 1.00, 1.00, 0.00, 0.00
498,  0,  16.719,  0.98,  1, 0.14, 0.00, 0.69, 0.00, 0.81, 0.64, 0.02, 0.98, 1.81, 0.94, 0.00, 0.00, 0.00, 0.00, 2.74, 1.12, 0.05, 0.00, 0.00, 0.00, 1.00, 0.00, 0.00, 0.00, 1.00, 1.00, 1.00, 0.00, 0.00, 0.00, 1.00, 1.00, 1.00, 0.00, 0.00
499,  0,  16.753,  0.98,  1, 0.14, 0.00, 0.77, 0.00, 0.81, 0.64, 0.03, 0.93, 1.75, 0.88, 0.00, 0.00, 0.00, 0.00, 2.71, 1.31, 0.07, 0.00, 0.00, 0.00, 1.00, 0.00, 0.00, 0.00, 1.00, 1.00, 1.00, 0.00, 0.00, 0.00, 1.00, 1.00, 1.00, 0.00, 0.00
500,  0,  16.787,  0.98,  1, 0.05, 0.00, 0.85, 0.00, 0.80, 0.69, 0.04, 0.83, 1.69, 0.84, 0.00, 0.00, 0.00, 0.00, 2.69, 1.40, 0.07, 0.00, 0.00, 0.00, 1.00, 0.00, 0.00, 0.00, 1.00, 1.00, 1.00, 0.00, 0.00, 0.00, 1.00, 1.00, 1.00, 0.00, 0.00
501,  0,  16.820,  0.98,  1, 0.00, 0.00, 0.74, 0.00, 0.83, 0.78, 0.04, 0.74, 1.66, 0.96, 0.00, 0.00, 0.00, 0.00, 2.76, 1.28, 0.03, 0.00, 0.00, 0.00, 1.00, 0.00, 0.00, 0.00, 1.00, 1.00, 1.00, 0.00, 0.00, 0.00, 1.00, 1.00, 1.00, 0.00, 0.00
502,  0,  16.854,  0.98,  1, 0.02, 0.00, 0.66, 0.01, 0.81, 0.88, 0.10, 0.66, 1.63, 1.02, 0.00, 0.00, 0.00, 0.00, 2.83, 1.13, 0.00, 0.00, 0.00, 0.00, 1.00, 0.00, 0.00, 0.00, 1.00, 1.00, 1.00, 0.00, 0.00, 0.00, 1.00, 1.00, 1.00, 0.00, 0.00
503,  0,  16.888,  0.98,  1, 0.02, 0.00, 0.71, 0.01, 0.82, 0.93, 0.20, 0.64, 1.63, 1.07, 0.00, 0.00, 0.00, 0.00, 2.93, 1.14, 0.00, 0.00, 0.00, 0.00, 1.00, 0.00, 0.00, 0.00, 1.00, 1.00, 1.00, 0.00, 0.00, 0.00, 1.00, 1.00, 1.00, 0.00, 0.00
504,  0,  16.921,  0.98,  1, 0.02, 0.00, 0.76, 0.04, 0.76, 1.14, 0.25, 0.67, 1.63, 1.01, 0.00, 0.00, 0.00, 0.00, 3.01, 1.21, 0.00, 0.00, 0.00, 0.00, 1.00, 0.00, 0.00, 0.00, 1.00, 1.00, 1.00, 0.00, 0.00, 0.00, 1.00, 1.00, 1.00, 0.00, 0.00
505,  0,  16.955,  0.98,  1, 0.00, 0.00, 0.85, 0.08, 0.75, 1.22, 0.21, 0.71, 1.66, 1.05, 0.00, 0.00, 0.00, 0.00, 3.11, 1.26, 0.00, 0.00, 0.00, 0.00, 1.00, 0.00, 0.00, 0.00, 1.00, 1.00, 1.00, 0.00, 0.00, 0.00, 1.00, 1.00, 1.00, 0.00, 0.00
506,  0,  16.988,  0.98,  1, 0.01, 0.00, 0.79, 0.08, 0.71, 1.18, 0.10, 0.73, 1.72, 0.91, 0.00, 0.04, 0.00, 0.00, 2.94, 1.23, 0.00, 0.00, 0.00, 0.00, 1.00, 0.00, 0.00, 0.00, 1.00, 1.00, 1.00, 0.00, 0.00, 0.00, 1.00, 1.00, 1.00, 0.00, 0.00
507,  0,  17.022,  0.98,  1, 0.01, 0.00, 0.75, 0.05, 0.74, 1.11, 0.06, 0.74, 1.78, 0.76, 0.00, 0.19, 0.00, 0.00, 2.59, 1.09, 0.00, 0.00, 0.00, 0.00, 1.00, 0.00, 0.00, 0.00, 1.00, 1.00, 1.00, 0.00, 0.00, 0.00, 1.00, 1.00, 1.00, 0.00, 0.00
508,  0,  17.056,  0.98,  1, 0.01, 0.00, 0.55, 0.06, 0.73, 1.21, 0.02, 0.61, 1.86, 0.48, 0.00, 0.24, 0.00, 0.00, 1.95, 0.77, 0.01, 0.00, 0.00, 0.00, 1.00, 0.00, 0.00, 0.00, 1.00, 1.00, 1.00, 0.00, 0.00, 0.00, 1.00, 1.00, 1.00, 0.00, 0.00
509,  0,  17.089,  0.98,  1, 0.00, 0.00, 0.49, 0.06, 0.78, 1.10, 0.02, 0.51, 1.82, 0.40, 0.00, 0.43, 0.00, 0.05, 1.29, 0.42, 0.01, 0.00, 0.00, 0.00, 1.00, 0.00, 0.00, 0.00, 1.00, 1.00, 1.00, 0.00, 0.00, 0.00, 1.00, 1.00, 1.00, 0.00, 0.00
510,  0,  17.123,  0.98,  1, 0.00, 0.00, 0.37, 0.06, 0.82, 0.94, 0.00, 0.34, 1.84, 0.66, 0.01, 0.79, 0.00, 0.18, 0.69, 0.23, 0.07, 0.00, 0.00, 0.00, 1.00, 0.00, 0.00, 0.00, 1.00, 1.00, 1.00, 0.00, 0.00, 0.00, 1.00, 0.00, 0.00, 0.00, 0.00
511,  0,  17.157,  0.98,  1, 0.00, 0.00, 0.41, 0.03, 0.79, 0.77, 0.00, 0.25, 1.80, 0.85, 0.16, 1.13, 0.00, 0.39, 0.30, 0.22, 0.06, 0.00, 0.00, 0.00, 1.00, 0.00, 0.00, 0.00, 1.00, 1.00, 1.00, 0.00, 0.00, 0.00, 1.00, 0.00, 0.00, 0.00, 0.00
512,  0,  17.190,  0.98,  1, 0.00, 0.01, 0.39, 0.07, 0.76, 0.97, 0.00, 0.26, 1.79, 0.98, 0.40, 1.38, 0.00, 0.52, 0.12, 0.18, 0.06, 0.00, 0.00, 0.00, 1.00, 0.00, 0.00, 0.00, 0.00, 1.00, 1.00, 0.00, 1.00, 0.00, 1.00, 0.00, 0.00, 0.00, 0.00
513,  0,  17.224,  0.98,  1, 0.03, 0.10, 0.48, 0.07, 0.65, 1.03, 0.00, 0.33, 1.65, 0.91, 0.85, 1.41, 0.00, 0.52, 0.03, 0.22, 0.00, 0.00, 0.00, 0.00, 1.00, 0.00, 0.00, 0.00, 0.00, 1.00, 1.00, 1.00, 1.00, 0.00, 1.00, 0.00, 0.00, 0.00, 0.00
514,  0,  17.258,  0.98,  1, 0.10, 0.17, 0.55, 0.04, 0.58, 1.19, 0.00, 0.44, 1.52, 0.97, 1.09, 1.56, 0.00, 0.41, 0.01, 0.18, 0.09, 0.00, 0.00, 0.00, 1.00, 0.00, 0.00, 0.00, 0.00, 1.00, 1.00, 1.00, 1.00, 0.00, 1.00, 0.00, 0.00, 0.00, 0.00
515,  0,  17.291,  0.98,  1, 0.10, 0.16, 0.51, 0.00, 0.49, 1.28, 0.00, 0.48, 1.46, 1.08, 1.23, 1.48, 0.00, 0.32, 0.00, 0.17, 0.33, 0.00, 0.00, 0.00, 1.00, 0.00, 0.00, 0.00, 1.00, 1.00, 1.00, 1.00, 0.00, 0.00, 1.00, 0.00, 0.00, 0.00, 0.00
516,  0,  17.325,  0.98,  1, 0.09, 0.07, 0.53, 0.00, 0.56, 1.36, 0.01, 0.54, 1.49, 0.96, 1.15, 1.25, 0.00, 0.30, 0.13, 0.12, 0.48, 0.00, 0.00, 0.00, 1.00, 0.00, 0.00, 0.00, 1.00, 1.00, 1.00, 1.00, 0.00, 0.00, 1.00, 0.00, 0.00, 0.00, 0.00
517,  0,  17.359,  0.98,  1, 0.01, 0.00, 0.50, 0.00, 0.70, 1.25, 0.01, 0.49, 1.60, 1.10, 1.05, 1.02, 0.01, 0.36, 0.13, 0.08, 0.48, 0.00, 0.00, 0.00, 1.00, 0.00, 0.00, 0.00, 1.00, 1.00, 1.00, 1.00, 0.00, 0.00, 1.00, 0.00, 0.00, 0.00, 0.00
518,  0,  17.392,  0.98,  1, 0.01, 0.00, 0.57, 0.00, 0.86, 1.29, 0.03, 0.37, 1.71, 1.26, 0.85, 0.96, 0.01, 0.49, 0.13, 0.09, 0.32, 0.00, 0.00, 0.00, 1.00, 0.00, 0.00, 0.00, 1.00, 1.00, 1.00, 1.00, 0.00, 0.00, 1.00, 0.00, 0.00, 0.00, 0.00
519,  0,  17.426,  0.98,  1, 0.00, 0.05, 0.51, 0.00, 0.99, 1.47, 0.03, 0.21, 1.88, 1.61, 0.48, 0.93, 0.01, 0.63, 0.00, 0.03, 0.21, 0.00, 0.00, 0.00, 1.00, 0.00, 1.00, 0.00, 1.00, 1.00, 1.00, 0.00, 0.00, 0.00, 1.00, 0.00, 0.00, 0.00, 0.00
520,  0,  17.459,  0.98,  1, 0.01, 0.05, 0.39, 0.00, 1.10, 1.57, 0.03, 0.19, 2.00, 1.68, 0.26, 0.81, 0.00, 0.72, 0.00, 0.02, 0.12, 0.00, 0.00, 0.00, 1.00, 0.00, 1.00, 0.00, 1.00, 1.00, 1.00, 0.00, 0.00, 0.00, 1.00, 0.00, 0.00, 0.00, 0.00
521,  0,  17.493,  0.98,  1, 0.01, 0.05, 0.35, 0.00, 1.15, 1.59, 0.00, 0.20, 2.06, 1.47, 0.07, 0.50, 0.00, 0.74, 0.04, 0.01, 0.10, 0.00, 0.00, 0.00, 1.00, 0.00, 1.00, 0.00, 1.00, 1.00, 1.00, 0.00, 0.00, 0.00, 1.00, 0.00, 0.00, 0.00, 0.00
522,  0,  17.527,  0.98,  1, 0.01, 0.00, 0.34, 0.00, 1.19, 1.44, 0.00, 0.13, 2.06, 1.22, 0.11, 0.36, 0.00, 0.76, 0.04, 0.04, 0.05, 0.00, 0.00, 0.00, 1.00, 0.00, 1.00, 0.00, 1.00, 1.00, 1.00, 0.00, 0.00, 0.00, 1.00, 0.00, 0.00, 0.00, 0.00
523,  0,  17.560,  0.98,  1, 0.00, 0.00, 0.40, 0.00, 1.19, 1.58, 0.00, 0.06, 2.10, 1.10, 0.04, 0.30, 0.00, 0.83, 0.10, 0.04, 0.10, 0.00, 0.00, 0.00, 1.00, 0.00, 1.00, 0.00, 1.00, 1.00, 1.00, 0.00, 0.00, 0.00, 1.00, 0.00, 0.00, 0.00, 0.00
524,  0,  17.594,  0.98,  1, 0.00, 0.02, 0.41, 0.00, 1.23, 1.52, 0.00, 0.04, 2.18, 1.16, 0.09, 0.34, 0.00, 0.90, 0.21, 0.04, 0.15, 0.00, 0.00, 0.00, 1.00, 0.00, 1.00, 0.00, 1.00, 1.00, 1.00, 0.00, 0.00, 0.00, 1.00, 0.00, 0.00, 0.00, 0.00
525,  0,  17.628,  0.98,  1, 0.00, 0.02, 0.46, 0.00, 1.20, 1.54, 0.00, 0.04, 2.27, 1.28, 0.05, 0.34, 0.00, 0.92, 0.30, 0.00, 0.21, 0.00, 0.00, 0.00, 1.00, 0.00, 0.00, 0.00, 1.00, 1.00, 1.00, 0.00, 0.00, 0.00, 1.00, 0.00, 0.00, 0.00, 0.00
526,  0,  17.661,  0.98,  1, 0.00, 0.02, 0.53, 0.00, 1.15, 1.27, 0.00, 0.04, 2.28, 1.20, 0.06, 0.34, 0.00, 0.90, 0.35, 0.00, 0.16, 0.00, 0.00, 0.00, 1.00, 0.00, 0.00, 0.00, 1.00, 1.00, 1.00, 0.00, 0.00, 0.00, 1.00, 0.00, 0.00, 0.00, 0.00
527,  0,  17.695,  0.98,  1, 0.00, 0.00, 0.42, 0.00, 1.11, 1.01, 0.00, 0.00, 2.31, 1.17, 0.01, 0.40, 0.00, 0.88, 0.30, 0.00, 0.06, 0.00, 0.00, 0.00, 1.00, 0.00, 0.00, 0.00, 1.00, 1.00, 1.00, 0.00, 0.00, 0.00, 1.00, 0.00, 0.00, 0.00, 0.00
528,  0,  17.729,  0.98,  1, 0.00, 0.00, 0.32, 0.00, 1.14, 1.01, 0.00, 0.00, 2.26, 1.02, 0.01, 0.40, 0.00, 0.88, 0.24, 0.00, 0.00, 0.00, 0.00, 0.00, 1.00, 0.00, 0.00, 0.00, 1.00, 1.00, 1.00, 0.00, 0.00, 0.00, 1.00, 0.00, 0.00, 0.00, 0.00
529,  0,  17.762,  0.98,  1, 0.00, 0.00, 0.18, 0.00, 1.15, 1.04, 0.00, 0.00, 2.23, 1.07, 0.00, 0.47, 0.00, 0.85, 0.13, 0.00, 0.09, 0.00, 0.00, 0.00, 1.00, 0.00, 0.00, 0.00, 1.00, 1.00, 1.00, 0.00, 0.00, 0.00, 1.00, 0.00, 0.00, 0.00, 0.00
530,  0,  17.796,  0.98,  1, 0.00, 0.00, 0.14, 0.00, 1.12, 1.25, 0.00, 0.00, 2.22, 1.00, 0.09, 0.47, 0.00, 0.85, 0.12, 0.00, 0.12, 0.00, 0.00, 0.00, 1.00, 0.00, 0.00, 0.00, 1.00, 1.00, 1.00, 0.00, 0.00, 0.00, 1.00, 0.00, 0.00, 0.00, 0.00
531,  0,  17.829,  0.98,  1, 0.00, 0.00, 0.14, 0.00, 1.07, 1.25, 0.00, 0.00, 2.24, 1.02, 0.09, 0.38, 0.00, 0.82, 0.19, 0.00, 0.12, 0.00, 0.00, 0.00, 1.00, 0.00, 0.00, 0.00, 1.00, 1.00, 1.00, 0.00, 0.00, 0.00, 1.00, 0.00, 0.00, 0.00, 0.00
532,  0,  17.863,  0.98,  1, 0.00, 0.00, 0.15, 0.00, 1.10, 1.41, 0.00, 0.00, 2.26, 1.00, 0.09, 0.21, 0.00, 0.82, 0.23, 0.00, 0.07, 0.00, 0.00, 0.00, 1.00, 0.00, 0.00, 0.00, 1.00, 1.00, 1.00, 0.00, 0.00, 0.00, 1.00, 0.00, 0.00, 0.00, 0.00
533,  0,  17.897,  0.98,  1, 0.00, 0.00, 0.16, 0.00, 1.16, 1.38, 0.00, 0.00, 2.28, 1.13, 0.00, 0.26, 0.00, 0.79, 0.17, 0.00, 0.04, 0.00, 0.00, 0.00, 1.00, 0.00, 0.00, 0.00, 1.00, 1.00, 1.00, 0.00, 0.00, 0.00, 1.00, 0.00, 0.00, 0.00, 0.00
534,  0,  17.930,  0.98,  1, 0.00, 0.00, 0.08, 0.00, 1.19, 1.39, 0.00, 0.00, 2.31, 1.17, 0.00, 0.26, 0.00, 0.78, 0.10, 0.00, 0.05, 0.00, 0.00, 0.00, 1.00, 0.00, 0.00, 0.00, 1.00, 1.00, 1.00, 0.00, 0.00, 0.00, 1.00, 0.00, 0.00, 0.00, 0.00
535,  0,  17.964,  0.98,  1, 0.00, 0.00, 0.10, 0.00, 1.25, 1.39, 0.00, 0.00, 2.31, 1.21, 0.00, 0.33, 0.00, 0.75, 0.15, 0.00, 0.13, 0.00, 0.00, 0.00, 1.00, 0.00, 0.00, 0.00, 1.00, 1.00, 1.00, 0.00, 0.00, 0.00, 1.00, 0.00, 0.00, 0.00, 0.00
536,  0,  17.998,  0.98,  1, 0.00, 0.00, 0.16, 0.05, 1.22, 1.54, 0.00, 0.00, 2.27, 1.24, 0.00, 0.20, 0.00, 0.75, 0.19, 0.00, 0.16, 0.00, 0.00, 0.00, 1.00, 0.00, 0.00, 0.00, 1.00, 1.00, 1.00, 0.00, 0.00, 0.00, 1.00, 0.00, 0.00, 0.00, 0.00
537,  0,  18.031,  0.98,  1, 0.00, 0.00, 0.23, 0.05, 1.23, 1.45, 0.00, 0.04, 2.23, 1.32, 0.04, 0.27, 0.00, 0.80, 0.17, 0.00, 0.15, 0.00, 0.00, 0.00, 1.00, 0.00, 0.00, 0.00, 1.00, 1.00, 1.00, 0.00, 0.00, 0.00, 1.00, 0.00, 0.00, 0.00, 0.00
538,  0,  18.065,  0.98,  1, 0.00, 0.00, 0.22, 0.05, 1.17, 1.19, 0.00, 0.04, 2.24, 1.34, 0.14, 0.32, 0.00, 0.85, 0.21, 0.00, 0.03, 0.00, 0.00, 0.00, 1.00, 0.00, 0.00, 0.00, 1.00, 1.00, 1.00, 0.00, 0.00, 0.00, 1.00, 0.00, 0.00, 0.00, 0.00
539,  0,  18.099,  0.98,  1, 0.00, 0.00, 0.19, 0.00, 1.18, 0.95, 0.04, 0.12, 2.22, 1.34, 0.14, 0.32, 0.00, 0.82, 0.15, 0.00, 0.00, 0.00, 0.00, 0.00, 1.00, 0.00, 0.00, 0.00, 1.00, 1.00, 1.00, 0.00, 0.00, 0.00, 1.00, 0.00, 0.00, 0.00, 0.00
540,  0,  18.132,  0.98,  1, 0.00, 0.00, 0.21, 0.00, 1.17, 1.08, 0.06, 0.15, 2.25, 1.23, 0.11, 0.34, 0.00, 0.75, 0.23, 0.00, 0.00, 0.00, 0.00, 0.00, 1.00, 0.00, 0.00, 0.00, 1.00, 1.00, 1.00, 0.00, 0.00, 0.00, 1.00, 0.00, 0.00, 0.00, 0.00
541,  0,  18.166,  0.98,  1, 0.00, 0.00, 0.17, 0.00, 1.22, 1.40, 0.06, 0.20, 2.23, 1.18, 0.12, 0.36, 0.00, 0.73, 0.15, 0.00, 0.00, 0.00, 0.00, 0.00, 1.00, 0.00, 0.00, 0.00, 1.00, 1.00, 1.00, 0.00, 0.00, 0.00, 1.00, 0.00, 0.00, 0.00, 0.00
542,  0,  18.200,  0.98,  1, 0.00, 0.00, 0.18, 0.00, 1.22, 1.39, 0.02, 0.18, 2.28, 1.15, 0.18, 0.42, 0.00, 0.75, 0.36, 0.00, 0.00, 0.00, 0.00, 0.00, 1.00, 0.00, 0.00, 0.00, 1.00, 1.00, 1.00, 0.00, 0.00, 0.00, 1.00, 0.00, 0.00, 0.00, 0.00
543,  0,  18.233,  0.98,  1, 0.00, 0.00, 0.12, 0.00, 1.22, 1.10, 0.00, 0.15, 2.29, 1.22, 0.24, 0.39, 0.00, 0.76, 0.39, 0.00, 0.08, 0.00, 0.00, 0.00, 1.00, 0.00, 0.00, 0.00, 1.00, 1.00, 1.00, 0.00, 0.00, 0.00, 1.00, 0.00, 0.00, 0.00, 0.00
544,  0,  18.267,  0.98,  1, 0.00, 0.00, 0.13, 0.00, 1.14, 0.86, 0.00, 0.12, 2.30, 1.21, 0.18, 0.45, 0.00, 0.72, 0.44, 0.00, 0.08, 0.00, 0.00, 0.00, 1.00, 0.00, 1.00, 0.00, 1.00, 1.00, 1.00, 0.00, 0.00, 0.00, 1.00, 0.00, 0.00, 0.00, 0.00
545,  0,  18.300,  0.98,  1, 0.00, 0.00, 0.12, 0.00, 1.13, 0.86, 0.03, 0.11, 2.28, 1.16, 0.18, 0.38, 0.00, 0.71, 0.27, 0.00, 0.15, 0.00, 0.00, 0.00, 1.00, 0.00, 0.00, 0.00, 1.00, 1.00, 1.00, 0.00, 0.00, 0.00, 1.00, 0.00, 0.00, 0.00, 0.00
546,  0,  18.334,  0.98,  1, 0.00, 0.00, 0.19, 0.00, 1.15, 1.26, 0.03, 0.14, 2.29, 1.20, 0.10, 0.42, 0.00, 0.76, 0.20, 0.00, 0.28, 0.00, 0.00, 0.00, 1.00, 0.00, 0.00, 0.00, 1.00, 1.00, 1.00, 0.00, 0.00, 0.00, 1.00, 0.00, 0.00, 0.00, 0.00
547,  0,  18.368,  0.98,  1, 0.00, 0.00, 0.18, 0.00, 1.20, 1.37, 0.03, 0.21, 2.30, 1.38, 0.07, 0.39, 0.00, 0.82, 0.17, 0.00, 0.36, 0.00, 0.00, 0.00, 1.00, 0.00, 0.00, 0.00, 1.00, 1.00, 1.00, 0.00, 0.00, 0.00, 1.00, 0.00, 0.00, 0.00, 0.00
548,  0,  18.401,  0.98,  1, 0.00, 0.00, 0.15, 0.00, 1.23, 1.50, 0.00, 0.19, 2.29, 1.58, 0.08, 0.51, 0.00, 0.85, 0.19, 0.00, 0.31, 0.00, 0.00, 0.00, 1.00, 0.00, 1.00, 0.00, 1.00, 1.00, 1.00, 0.00, 0.00, 0.00, 1.00, 0.00, 0.00, 0.00, 0.00
549,  0,  18.435,  0.98,  1, 0.00, 0.00, 0.13, 0.00, 1.23, 1.49, 0.00, 0.18, 2.21, 1.74, 0.22, 0.51, 0.00, 0.87, 0.15, 0.00, 0.18, 0.00, 0.00, 0.00, 1.00, 0.00, 1.00, 0.00, 1.00, 1.00, 1.00, 0.00, 0.00, 0.00, 1.00, 0.00, 0.00, 0.00, 0.00
550,  0,  18.469,  0.98,  1, 0.00, 0.00, 0.18, 0.00, 1.27, 1.62, 0.01, 0.16, 2.17, 1.66, 0.35, 0.46, 0.00, 0.88, 0.20, 0.00, 0.35, 0.00, 0.00, 0.00, 1.00, 0.00, 1.00, 0.00, 1.00, 1.00, 1.00, 0.00, 0.00, 0.00, 1.00, 0.00, 0.00, 0.00, 0.00
551,  0,  18.502,  0.98,  1, 0.00, 0.00, 0.21, 0.00, 1.28, 1.68, 0.05, 0.18, 2.17, 1.53, 0.38, 0.46, 0.00, 0.86, 0.11, 0.00, 0.52, 0.00, 0.00, 0.00, 1.00, 0.00, 1.00, 0.00, 1.00, 1.00, 1.00, 0.00, 0.00, 0.00, 1.00, 0.00, 0.00, 0.00, 0.00
552,  0,  18.536,  0.98,  1, 0.00, 0.00, 0.27, 0.00, 1.34, 1.58, 0.06, 0.20, 2.25, 1.35, 0.29, 0.39, 0.00, 0.78, 0.13, 0.00, 0.60, 0.00, 0.00, 0.00, 1.00, 0.00, 1.00, 0.00, 1.00, 1.00, 1.00, 0.00, 0.00, 0.00, 1.00, 0.00, 0.00, 0.00, 0.00
553,  0,  18.570,  0.98,  1, 0.00, 0.00, 0.30, 0.00, 1.36, 1.39, 0.05, 0.20, 2.34, 1.35, 0.25, 0.42, 0.00, 0.70, 0.01, 0.00, 0.49, 0.00, 0.00, 0.00, 1.00, 0.00, 1.00, 0.00, 1.00, 1.00, 1.00, 0.00, 0.00, 0.00, 1.00, 0.00, 0.00, 0.00, 0.00
554,  0,  18.603,  0.98,  1, 0.00, 0.00, 0.34, 0.00, 1.37, 1.34, 0.01, 0.24, 2.40, 1.39, 0.25, 0.39, 0.00, 0.68, 0.02, 0.00, 0.39, 0.00, 0.00, 0.00, 1.00, 1.00, 1.00, 0.00, 1.00, 1.00, 1.00, 0.00, 0.00, 0.00, 1.00, 0.00, 0.00, 0.00, 0.00
555,  0,  18.637,  0.98,  1, 0.00, 0.00, 0.24, 0.00, 1.31, 1.27, 0.00, 0.23, 2.38, 1.47, 0.20, 0.39, 0.00, 0.71, 0.01, 0.00, 0.24, 0.00, 0.00, 0.00, 1.00, 1.00, 1.00, 0.00, 1.00, 1.00, 1.00, 0.00, 0.00, 0.00, 1.00, 0.00, 0.00, 0.00, 0.00
556,  0,  18.671,  0.98,  1, 0.00, 0.02, 0.15, 0.03, 1.29, 1.32, 0.04, 0.24, 2.34, 1.46, 0.10, 0.27, 0.02, 0.74, 0.01, 0.00, 0.22, 0.00, 0.00, 0.00, 1.00, 1.00, 1.00, 0.00, 1.00, 1.00, 1.00, 0.00, 0.00, 0.00, 1.00, 0.00, 0.00, 0.00, 0.00
557,  0,  18.704,  0.98,  1, 0.00, 0.02, 0.16, 0.03, 1.29, 1.49, 0.04, 0.16, 2.32, 1.42, 0.00, 0.24, 0.02, 0.75, 0.06, 0.00, 0.30, 0.00, 0.00, 0.00, 1.00, 1.00, 1.00, 0.00, 1.00, 1.00, 1.00, 0.00, 0.00, 0.00, 1.00, 0.00, 0.00, 0.00, 0.00
558,  0,  18.738,  0.98,  1, 0.00, 0.02, 0.25, 0.03, 1.33, 1.65, 0.04, 0.11, 2.31, 1.34, 0.00, 0.25, 0.01, 0.74, 0.11, 0.00, 0.36, 0.00, 0.00, 0.00, 1.00, 0.00, 1.00, 0.00, 1.00, 1.00, 1.00, 0.00, 0.00, 0.00, 1.00, 0.00, 0.00, 0.00, 0.00
559,  0,  18.771,  0.98,  1, 0.00, 0.00, 0.32, 0.00, 1.31, 1.74, 0.00, 0.07, 2.26, 1.18, 0.00, 0.27, 0.00, 0.72, 0.13, 0.00, 0.45, 0.00, 0.00, 0.00, 1.00, 0.00, 1.00, 0.00, 1.00, 1.00, 1.00, 0.00, 0.00, 0.00, 1.00, 0.00, 0.00, 0.00, 0.00
560,  0,  18.805,  0.98,  1, 0.00, 0.00, 0.27, 0.00, 1.26, 1.57, 0.00, 0.07, 2.23, 1.12, 0.00, 0.22, 0.00, 0.71, 0.17, 0.00, 0.38, 0.00, 0.00, 0.00, 1.00, 0.00, 1.00, 0.00, 1.00, 1.00, 1.00, 0.00, 0.00, 0.00, 1.00, 0.00, 0.00, 0.00, 0.00
561,  0,  18.839,  0.98,  1, 0.00, 0.00, 0.24, 0.00, 1.19, 1.52, 0.01, 0.12, 2.21, 1.19, 0.03, 0.19, 0.00, 0.67, 0.12, 0.00, 0.40, 0.00, 0.00, 0.00, 1.00, 0.00, 1.00, 0.00, 1.00, 1.00, 1.00, 0.00, 0.00, 0.00, 1.00, 0.00, 0.00, 0.00, 0.00
562,  0,  18.872,  0.98,  1, 0.00, 0.00, 0.30, 0.00, 1.11, 1.54, 0.01, 0.11, 2.22, 1.34, 0.03, 0.20, 0.00, 0.63, 0.17, 0.00, 0.43, 0.00, 0.00, 0.00, 1.00, 0.00, 1.00, 0.00, 1.00, 1.00, 1.00, 0.00, 0.00, 0.00, 1.00, 0.00, 0.00, 0.00, 0.00
563,  0,  18.906,  0.98,  1, 0.00, 0.01, 0.36, 0.00, 1.11, 1.64, 0.01, 0.08, 2.21, 1.34, 0.03, 0.20, 0.00, 0.62, 0.15, 0.00, 0.36, 0.00, 0.00, 0.00, 1.00, 0.00, 1.00, 0.00, 1.00, 1.00, 1.00, 0.00, 0.00, 0.00, 0.00, 0.00, 0.00, 0.00, 0.00
564,  0,  18.940,  0.98,  1, 0.00, 0.01, 0.36, 0.00, 1.10, 1.50, 0.00, 0.00, 2.16, 1.27, 0.00, 0.19, 0.00, 0.61, 0.23, 0.00, 0.34, 0.00, 0.00, 0.00, 1.00, 0.00, 1.00, 0.00, 1.00, 1.00, 1.00, 0.00, 0.00, 0.00, 0.00, 0.00, 0.00, 0.00, 0.00
565,  0,  18.973,  0.98,  1, 0.00, 0.01, 0.33, 0.00, 1.16, 1.30, 0.08, 0.01, 2.12, 1.14, 0.10, 0.11, 0.00, 0.57, 0.16, 0.00, 0.12, 0.00, 0.00, 0.00, 1.00, 0.00, 1.00, 0.00, 1.00, 1.00, 1.00, 0.00, 0.00, 0.00, 1.00, 0.00, 0.00, 0.00, 0.00
566,  0,  19.007,  0.98,  1, 0.00, 0.01, 0.31, 0.00, 1.17, 1.21, 0.08, 0.01, 2.10, 1.09, 0.12, 0.08, 0.00, 0.57, 0.09, 0.00, 0.21, 0.00, 0.00, 0.00, 1.00, 0.00, 1.00, 0.00, 1.00, 1.00, 1.00, 0.00, 0.00, 0.00, 0.00, 0.00, 0.00, 0.00, 0.00
567,  0,  19.041,  0.98,  1, 0.00, 0.01, 0.38, 0.00, 1.16, 1.18, 0.08, 0.03, 2.12, 1.04, 0.12, 0.09, 0.00, 0.58, 0.07, 0.00, 0.14, 0.00, 0.00, 0.00, 1.00, 0.00, 1.00, 0.00, 1.00, 1.00, 1.00, 0.00, 0.00, 0.00, 0.00, 0.00, 0.00, 0.00, 0.00
568,  0,  19.074,  0.98,  1, 0.00, 0.02, 0.37, 0.00, 1.12, 1.21, 0.00, 0.02, 2.11, 1.06, 0.02, 0.11, 0.00, 0.61, 0.08, 0.00, 0.24, 0.00, 0.00, 0.00, 1.00, 0.00, 0.00, 0.00, 1.00, 1.00, 1.00, 0.00, 0.00, 0.00, 0.00, 0.00, 0.00, 0.00, 0.00
569,  0,  19.108,  0.98,  1, 0.00, 0.01, 0.36, 0.00, 1.07, 1.06, 0.00, 0.02, 2.09, 1.12, 0.00, 0.11, 0.00, 0.56, 0.07, 0.00, 0.12, 0.00, 0.00, 0.00, 1.00, 0.00, 0.00, 0.00, 1.00, 1.00, 1.00, 0.00, 0.00, 0.00, 0.00, 0.00, 0.00, 0.00, 0.00
570,  0,  19.141,  0.98,  1, 0.00, 0.01, 0.20, 0.00, 1.05, 0.93, 0.00, 0.00, 2.01, 1.25, 0.00, 0.07, 0.00, 0.58, 0.01, 0.00, 0.18, 0.00, 0.00, 0.00, 1.00, 0.00, 0.00, 0.00, 1.00, 1.00, 1.00, 0.00, 0.00, 0.00, 0.00, 0.00, 0.00, 0.00, 0.00
571,  0,  19.175,  0.98,  1, 0.00, 0.01, 0.16, 0.00, 1.04, 0.75, 0.00, 0.00, 2.00, 1.28, 0.00, 0.12, 0.00, 0.60, 0.00, 0.00, 0.11, 0.00, 0.00, 0.00, 1.00, 0.00, 0.00, 0.00, 1.00, 1.00, 1.00, 0.00, 0.00, 0.00, 0.00, 0.00, 0.00, 0.00, 0.00
572,  0,  19.209,  0.98,  1, 0.00, 0.01, 0.17, 0.00, 1.03, 0.65, 0.00, 0.00, 1.96, 1.35, 0.00, 0.26, 0.00, 0.66, 0.01, 0.00, 0.20, 0.00, 0.00, 0.00, 1.00, 0.00, 0.00, 0.00, 1.00, 1.00, 1.00, 0.00, 0.00, 0.00, 0.00, 0.00, 0.00, 0.00, 0.00
573,  0,  19.242,  0.98,  1, 0.00, 0.01, 0.20, 0.00, 0.99, 0.73, 0.00, 0.06, 2.00, 1.25, 0.00, 0.36, 0.00, 0.65, 0.01, 0.00, 0.14, 0.00, 0.00, 0.00, 1.00, 0.00, 0.00, 0.00, 1.00, 1.00, 1.00, 0.00, 0.00, 0.00, 1.00, 0.00, 0.00, 0.00, 0.00
574,  0,  19.276,  0.98,  1, 0.00, 0.00, 0.27, 0.00, 0.90, 0.78, 0.00, 0.06, 1.99, 1.22, 0.00, 0.46, 0.00, 0.66, 0.04, 0.00, 0.12, 0.00, 0.00, 0.00, 1.00, 0.00, 0.00, 0.00, 1.00, 1.00, 1.00, 0.00, 0.00, 0.00, 1.00, 0.00, 0.00, 0.00, 0.00
575,  0,  19.310,  0.98,  1, 0.00, 0.00, 0.23, 0.00, 0.84, 0.75, 0.00, 0.06, 1.96, 1.10, 0.00, 0.51, 0.00, 0.61, 0.10, 0.02, 0.02, 0.00, 0.00, 0.00, 1.00, 0.00, 0.00, 0.00, 1.00, 1.00, 1.00, 0.00, 0.00, 0.00, 1.00, 0.00, 0.00, 0.00, 0.00
576,  0,  19.343,  0.98,  1, 0.00, 0.06, 0.38, 0.00, 0.80, 0.76, 0.00, 0.04, 1.90, 1.10, 0.00, 0.59, 0.00, 0.54, 0.10, 0.02, 0.03, 0.00, 0.00, 0.00, 1.00, 0.00, 0.00, 0.00, 1.00, 1.00, 1.00, 0.00, 0.00, 0.00, 1.00, 0.00, 0.00, 0.00, 0.00
577,  0,  19.377,  0.98,  1, 0.00, 0.06, 0.37, 0.00, 0.77, 0.71, 0.00, 0.07, 1.87, 1.18, 0.00, 0.62, 0.00, 0.50, 0.08, 0.02, 0.03, 0.00, 0.00, 0.00, 1.00, 0.00, 0.00, 0.00, 1.00, 1.00, 1.00, 0.00, 0.00, 0.00, 1.00, 0.00, 0.00, 0.00, 0.00
578,  0,  19.411,  0.98,  1, 0.10, 0.19, 0.48, 0.00, 0.73, 0.76, 0.00, 0.07, 1.86, 1.29, 0.00, 0.66, 0.00, 0.54, 0.00, 0.00, 0.03, 0.00, 0.00, 0.00, 1.00, 0.00, 0.00, 0.00, 1.00, 1.00, 1.00, 0.00, 0.00, 0.00, 1.00, 0.00, 0.00, 0.00, 0.00
579,  0,  19.444,  0.98,  1, 0.19, 0.13, 0.48, 0.00, 0.66, 0.73, 0.00, 0.10, 1.86, 1.30, 0.00, 0.71, 0.00, 0.62, 0.08, 0.00, 0.08, 0.00, 0.00, 0.00, 1.00, 0.00, 0.00, 0.00, 1.00, 1.00, 1.00, 0.00, 0.00, 0.00, 1.00, 0.00, 0.00, 0.00, 0.00
580,  0,  19.478,  0.98,  1, 0.23, 0.13, 0.54, 0.00, 0.67, 0.88, 0.00, 0.16, 1.84, 1.35, 0.03, 0.71, 0.00, 0.61, 0.12, 0.00, 0.12, 0.00, 0.00, 0.00, 1.00, 0.00, 0.00, 0.00, 1.00, 1.00, 1.00, 0.00, 0.00, 0.00, 1.00, 0.00, 0.00, 0.00, 0.00
581,  0,  19.512,  0.98,  1, 0.13, 0.00, 0.49, 0.00, 0.65, 0.93, 0.00, 0.22, 1.92, 1.30, 0.03, 0.73, 0.00, 0.59, 0.15, 0.00, 0.12, 0.00, 0.00, 0.00, 1.00, 0.00, 0.00, 0.00, 1.00, 1.00, 1.00, 0.00, 0.00, 0.00, 1.00, 0.00, 0.00, 0.00, 0.00
582,  0,  19.545,  0.98,  1, 0.04, 0.04, 0.48, 0.00, 0.66, 0.91, 0.00, 0.23, 1.95, 1.28, 0.03, 0.64, 0.00, 0.52, 0.07, 0.04, 0.04, 0.00, 0.00, 0.00, 1.00, 0.00, 0.00, 0.00, 1.00, 1.00, 1.00, 0.00, 0.00, 0.00, 1.00, 0.00, 0.00, 0.00, 0.00
583,  0,  19.579,  0.98,  1, 0.00, 0.04, 0.49, 0.02, 0.63, 0.65, 0.00, 0.15, 1.99, 1.12, 0.05, 0.75, 0.00, 0.53, 0.03, 0.04, 0.00, 0.00, 0.00, 0.00, 1.00, 0.00, 0.00, 0.00, 1.00, 1.00, 1.00, 0.00, 0.00, 0.00, 1.00, 0.00, 0.00, 0.00, 0.00
584,  0,  19.612,  0.98,  1, 0.00, 0.04, 0.48, 0.02, 0.63, 0.59, 0.00, 0.09, 1.88, 1.05, 0.05, 0.72, 0.00, 0.54, 0.00, 0.04, 0.06, 0.00, 0.00, 0.00, 1.00, 0.00, 0.00, 0.00, 1.00, 1.00, 1.00, 0.00, 0.00, 0.00, 1.00, 0.00, 0.00, 0.00, 0.00
585,  0,  19.646,  0.98,  1, 0.00, 0.07, 0.38, 0.03, 0.64, 0.64, 0.00, 0.01, 1.83, 1.11, 0.05, 0.68, 0.00, 0.59, 0.02, 0.00, 0.06, 0.00, 0.00, 0.00, 1.00, 0.00, 0.00, 0.00, 1.00, 1.00, 1.00, 0.00, 0.00, 0.00, 1.00, 0.00, 0.00, 0.00, 0.00
586,  0,  19.680,  0.98,  1, 0.05, 0.13, 0.37, 0.01, 0.68, 0.88, 0.00, 0.00, 1.79, 1.13, 0.04, 0.51, 0.00, 0.58, 0.02, 0.00, 0.06, 0.00, 0.00, 0.00, 1.00, 0.00, 0.00, 0.00, 1.00, 1.00, 1.00, 0.00, 0.00, 0.00, 1.00, 0.00, 0.00, 0.00, 0.00
587,  0,  19.713,  0.98,  1, 0.05, 0.16, 0.40, 0.03, 0.72, 1.14, 0.00, 0.04, 1.79, 1.19, 0.10, 0.47, 0.00, 0.60, 0.02, 0.00, 0.00, 0.00, 0.00, 0.00, 1.00, 0.00, 0.00, 0.00, 1.00, 1.00, 1.00, 0.00, 0.00, 0.00, 1.00, 0.00, 0.00, 0.00, 0.00
588,  0,  19.747,  0.98,  1, 0.05, 0.11, 0.50, 0.02, 0.75, 1.15, 0.00, 0.05, 1.80, 1.06, 0.13, 0.53, 0.00, 0.57, 0.00, 0.00, 0.00, 0.00, 0.00, 0.00, 1.00, 0.00, 0.00, 0.00, 1.00, 1.00, 1.00, 0.00, 0.00, 0.00, 1.00, 0.00, 0.00, 0.00, 0.00
589,  0,  19.781,  0.98,  1, 0.00, 0.10, 0.52, 0.02, 0.79, 1.16, 0.00, 0.05, 1.86, 1.02, 0.09, 0.59, 0.00, 0.56, 0.00, 0.00, 0.00, 0.00, 0.00, 0.00, 1.00, 0.00, 0.00, 0.00, 1.00, 1.00, 1.00, 0.00, 0.00, 0.00, 1.00, 0.00, 0.00, 0.00, 0.00
590,  0,  19.814,  0.98,  1, 0.00, 0.07, 0.48, 0.00, 0.88, 1.04, 0.00, 0.04, 1.95, 0.99, 0.08, 0.71, 0.00, 0.47, 0.00, 0.02, 0.00, 0.00, 0.00, 0.00, 1.00, 0.00, 0.00, 0.00, 1.00, 1.00, 1.00, 0.00, 0.00, 0.00, 1.00, 0.00, 0.00, 0.00, 0.00
591,  0,  19.848,  0.98,  1, 0.00, 0.06, 0.47, 0.00, 0.97, 1.07, 0.00, 0.02, 2.01, 1.05, 0.11, 0.76, 0.00, 0.44, 0.00, 0.06, 0.00, 0.00, 0.00, 0.00, 1.00, 0.00, 0.00, 0.00, 1.00, 1.00, 1.00, 0.00, 0.00, 0.00, 1.00, 0.00, 0.00, 0.00, 0.00
592,  0,  19.882,  0.98,  1, 0.01, 0.00, 0.50, 0.00, 1.02, 1.09, 0.00, 0.02, 1.99, 1.21, 0.11, 0.75, 0.00, 0.46, 0.00, 0.06, 0.00, 0.00, 0.00, 0.00, 1.00, 0.00, 0.00, 0.00, 1.00, 1.00, 1.00, 0.00, 0.00, 0.00, 1.00, 0.00, 0.00, 0.00, 0.00
593,  0,  19.915,  0.98,  1, 0.01, 0.00, 0.47, 0.00, 0.96, 1.01, 0.00, 0.00, 1.95, 1.24, 0.07, 0.58, 0.01, 0.47, 0.09, 0.04, 0.00, 0.00, 0.00, 0.00, 1.00, 0.00, 0.00, 0.00, 1.00, 1.00, 1.00, 0.00, 0.00, 0.00, 1.00, 0.00, 0.00, 0.00, 0.00
594,  0,  19.949,  0.98,  1, 0.01, 0.00, 0.41, 0.00, 0.94, 0.99, 0.00, 0.00, 1.87, 1.35, 0.00, 0.56, 0.01, 0.48, 0.14, 0.00, 0.00, 0.00, 0.00, 0.00, 1.00, 0.00, 0.00, 0.00, 1.00, 1.00, 1.00, 0.00, 0.00, 0.00, 1.00, 0.00, 0.00, 0.00, 0.00
595,  0,  19.982,  0.98,  1, 0.00, 0.00, 0.28, 0.00, 0.92, 0.92, 0.00, 0.02, 1.81, 1.26, 0.00, 0.68, 0.01, 0.45, 0.14, 0.00, 0.00, 0.00, 0.00, 0.00, 1.00, 0.00, 0.00, 0.00, 1.00, 1.00, 1.00, 0.00, 0.00, 0.00, 1.00, 0.00, 0.00, 0.00, 0.00
596,  0,  20.016,  0.98,  1, 0.00, 0.00, 0.28, 0.00, 0.94, 0.99, 0.00, 0.05, 1.79, 1.16, 0.00, 0.81, 0.00, 0.49, 0.05, 0.00, 0.00, 0.00, 0.00, 0.00, 1.00, 0.00, 0.00, 0.00, 1.00, 1.00, 1.00, 0.00, 0.00, 0.00, 0.00, 0.00, 0.00, 0.00, 0.00
597,  0,  20.050,  0.98,  1, 0.00, 0.00, 0.27, 0.00, 0.95, 0.86, 0.00, 0.07, 1.84, 1.03, 0.00, 0.93, 0.00, 0.53, 0.00, 0.00, 0.00, 0.00, 0.00, 0.00, 1.00, 0.00, 0.00, 0.00, 1.00, 1.00, 1.00, 0.00, 0.00, 0.00, 0.00, 0.00, 0.00, 0.00, 0.00
598,  0,  20.083,  0.98,  1, 0.00, 0.00, 0.26, 0.00, 0.95, 1.01, 0.04, 0.06, 1.85, 1.02, 0.00, 0.81, 0.06, 0.51, 0.00, 0.05, 0.00, 0.00, 0.00, 0.00, 1.00, 0.00, 1.00, 0.00, 1.00, 1.00, 1.00, 0.00, 0.00, 0.00, 0.00, 0.00, 0.00, 0.00, 0.00
599,  0,  20.117,  0.98,  1, 0.00, 0.00, 0.22, 0.00, 0.94, 1.12, 0.04, 0.02, 1.85, 1.04, 0.06, 0.66, 0.06, 0.51, 0.00, 0.10, 0.00, 0.00, 0.00, 0.00, 1.00, 0.00, 0.00, 0.00, 1.00, 1.00, 1.00, 0.00, 0.00, 0.00, 0.00, 0.00, 0.00, 0.00, 0.00
600,  0,  20.151,  0.98,  1, 0.00, 0.00, 0.21, 0.00, 0.85, 1.28, 0.04, 0.00, 1.79, 0.89, 0.06, 0.47, 0.06, 0.45, 0.00, 0.10, 0.05, 0.00, 0.00, 0.00, 1.00, 0.00, 1.00, 0.00, 1.00, 1.00, 1.00, 0.00, 0.00, 0.00, 0.00, 0.00, 0.00, 0.00, 0.00
601,  0,  20.184,  0.98,  1, 0.00, 0.00, 0.14, 0.00, 0.84, 1.23, 0.04, 0.04, 1.80, 0.89, 0.13, 0.47, 0.00, 0.45, 0.02, 0.05, 0.05, 0.00, 0.00, 0.00, 1.00, 0.00, 1.00, 0.00, 1.00, 1.00, 1.00, 0.00, 0.00, 0.00, 0.00, 0.00, 0.00, 0.00, 0.00
602,  0,  20.218,  0.98,  1, 0.00, 0.03, 0.16, 0.00, 0.85, 1.26, 0.15, 0.04, 1.74, 0.96, 0.07, 0.54, 0.00, 0.45, 0.02, 0.00, 0.09, 0.00, 0.00, 0.00, 1.00, 0.00, 1.00, 0.00, 1.00, 1.00, 1.00, 0.00, 0.00, 0.00, 0.00, 0.00, 0.00, 0.00, 0.00
603,  0,  20.252,  0.98,  1, 0.00, 0.03, 0.09, 0.00, 0.91, 1.21, 0.17, 0.04, 1.72, 1.13, 0.07, 0.55, 0.00, 0.43, 0.02, 0.00, 0.04, 0.00, 0.00, 0.00, 1.00, 0.00, 1.00, 0.00, 1.00, 1.00, 1.00, 0.00, 0.00, 0.00, 0.00, 0.00, 0.00, 0.00, 0.00
604,  0,  20.285,  0.98,  1, 0.00, 0.10, 0.06, 0.00, 0.87, 1.18, 0.13, 0.00, 1.69, 1.05, 0.00, 0.52, 0.00, 0.44, 0.03, 0.07, 0.09, 0.00, 0.00, 0.00, 1.00, 0.00, 0.00, 0.00, 1.00, 1.00, 1.00, 0.00, 0.00, 0.00, 0.00, 0.00, 0.00, 0.00, 0.00
605,  0,  20.319,  0.98,  1, 0.00, 0.07, 0.04, 0.00, 0.89, 1.17, 0.02, 0.05, 1.72, 1.01, 0.00, 0.47, 0.00, 0.39, 0.03, 0.07, 0.06, 0.00, 0.00, 0.00, 1.00, 0.00, 0.00, 0.00, 1.00, 1.00, 1.00, 0.00, 0.00, 0.00, 1.00, 0.00, 0.00, 0.00, 0.00
606,  0,  20.353,  0.98,  1, 0.01, 0.07, 0.08, 0.04, 0.80, 1.04, 0.08, 0.05, 1.72, 0.91, 0.00, 0.38, 0.00, 0.40, 0.04, 0.07, 0.08, 0.00, 0.00, 0.00, 1.00, 0.00, 0.00, 0.00, 1.00, 1.00, 1.00, 0.00, 0.00, 0.00, 1.00, 0.00, 0.00, 0.00, 0.00
607,  0,  20.386,  0.98,  1, 0.01, 0.00, 0.16, 0.04, 0.77, 0.86, 0.08, 0.05, 1.65, 0.85, 0.00, 0.34, 0.00, 0.40, 0.13, 0.00, 0.03, 0.00, 0.00, 0.00, 1.00, 0.00, 0.00, 0.00, 1.00, 1.00, 1.00, 0.00, 0.00, 0.00, 1.00, 0.00, 0.00, 0.00, 0.00
608,  0,  20.420,  0.98,  1, 0.01, 0.00, 0.27, 0.04, 0.68, 0.86, 0.08, 0.00, 1.65, 0.74, 0.00, 0.35, 0.00, 0.39, 0.17, 0.03, 0.10, 0.00, 0.00, 0.00, 1.00, 0.00, 0.00, 0.00, 1.00, 1.00, 1.00, 0.00, 0.00, 0.00, 1.00, 0.00, 0.00, 0.00, 0.00
609,  0,  20.453,  0.98,  1, 0.01, 0.08, 0.30, 0.00, 0.70, 0.95, 0.00, 0.03, 1.62, 0.81, 0.10, 0.42, 0.00, 0.37, 0.16, 0.11, 0.07, 0.00, 0.00, 0.00, 1.00, 0.00, 0.00, 0.00, 1.00, 1.00, 1.00, 0.00, 0.00, 0.00, 0.00, 0.00, 0.00, 0.00, 0.00
610,  0,  20.487,  0.98,  1, 0.17, 0.11, 0.45, 0.00, 0.73, 1.27, 0.03, 0.07, 1.66, 0.82, 0.11, 0.38, 0.00, 0.29, 0.04, 0.11, 0.12, 0.00, 0.00, 0.00, 1.00, 0.00, 0.00, 0.00, 1.00, 1.00, 1.00, 0.00, 0.00, 0.00, 0.00, 0.00, 0.00, 0.00, 0.00
611,  0,  20.521,  0.98,  1, 0.17, 0.11, 0.39, 0.01, 0.72, 1.32, 0.03, 0.07, 1.67, 0.89, 0.14, 0.28, 0.09, 0.30, 0.00, 0.17, 0.12, 0.00, 0.00, 0.00, 1.00, 0.00, 0.00, 0.00, 1.00, 1.00, 1.00, 0.00, 0.00, 0.00, 0.00, 0.00, 0.00, 0.00, 0.00
612,  0,  20.554,  0.98,  1, 0.18, 0.03, 0.40, 0.01, 0.72, 1.40, 0.03, 0.07, 1.68, 0.90, 0.03, 0.23, 0.09, 0.31, 0.12, 0.20, 0.13, 0.00, 0.00, 0.00, 1.00, 0.00, 0.00, 0.00, 1.00, 1.00, 1.00, 0.00, 0.00, 0.00, 0.00, 0.00, 0.00, 0.00, 0.00
613,  0,  20.588,  0.98,  1, 0.09, 0.00, 0.34, 0.01, 0.68, 1.40, 0.03, 0.12, 1.69, 0.92, 0.12, 0.32, 0.09, 0.33, 0.12, 0.20, 0.09, 0.00, 0.00, 0.00, 1.00, 0.00, 0.00, 0.00, 1.00, 1.00, 1.00, 0.00, 0.00, 0.00, 0.00, 0.00, 0.00, 0.00, 0.00
614,  0,  20.622,  0.98,  1, 0.09, 0.00, 0.30, 0.00, 0.66, 1.24, 0.04, 0.19, 1.68, 0.99, 0.09, 0.47, 0.00, 0.29, 0.12, 0.11, 0.12, 0.00, 0.00, 0.00, 1.00, 0.00, 0.00, 0.00, 1.00, 1.00, 1.00, 0.00, 0.00, 0.00, 0.00, 0.00, 0.00, 0.00, 0.00
615,  0,  20.655,  0.98,  1, 0.08, 0.00, 0.22, 0.00, 0.63, 1.37, 0.04, 0.16, 1.67, 1.05, 0.09, 0.59, 0.00, 0.31, 0.00, 0.00, 0.17, 0.00, 0.00, 0.00, 1.00, 0.00, 0.00, 0.00, 1.00, 1.00, 1.00, 0.00, 0.00, 0.00, 0.00, 0.00, 0.00, 0.00, 0.00
616,  0,  20.689,  0.98,  1, 0.00, 0.00, 0.12, 0.00, 0.61, 1.19, 0.00, 0.11, 1.68, 1.23, 0.00, 0.62, 0.00, 0.28, 0.00, 0.08, 0.24, 0.00, 0.00, 0.00, 1.00, 0.00, 0.00, 0.00, 1.00, 1.00, 1.00, 0.00, 0.00, 0.00, 1.00, 0.00, 0.00, 0.00, 0.00
617,  0,  20.723,  0.98,  1, 0.02, 0.00, 0.22, 0.00, 0.63, 1.19, 0.00, 0.04, 1.69, 1.24, 0.00, 0.66, 0.00, 0.31, 0.01, 0.12, 0.13, 0.00, 0.00, 0.00, 1.00, 0.00, 0.00, 0.00, 1.00, 1.00, 1.00, 0.00, 0.00, 0.00, 1.00, 0.00, 0.00, 0.00, 0.00
618,  0,  20.756,  0.98,  1, 0.03, 0.00, 0.39, 0.00, 0.70, 1.02, 0.01, 0.11, 1.68, 1.27, 0.00, 0.65, 0.00, 0.32, 0.01, 0.12, 0.16, 0.00, 0.00, 0.00, 1.00, 0.00, 0.00, 0.00, 1.00, 1.00, 1.00, 0.00, 0.00, 0.00, 0.00, 0.00, 0.00, 0.00, 0.00
619,  0,  20.790,  0.98,  1, 0.06, 0.00, 0.43, 0.00, 0.79, 1.09, 0.04, 0.22, 1.65, 1.25, 0.00, 0.58, 0.00, 0.34, 0.01, 0.13, 0.09, 0.00, 0.00, 0.00, 1.00, 0.00, 0.00, 0.00, 1.00, 1.00, 1.00, 0.00, 0.00, 0.00, 1.00, 0.00, 0.00, 0.00, 0.00
620,  0,  20.824,  0.98,  1, 0.04, 0.00, 0.41, 0.00, 0.83, 1.09, 0.06, 0.22, 1.62, 1.30, 0.00, 0.57, 0.19, 0.36, 0.00, 0.23, 0.12, 0.00, 0.00, 0.00, 1.00, 0.00, 0.00, 0.00, 1.00, 1.00, 1.00, 0.00, 0.00, 0.00, 1.00, 0.00, 0.00, 0.00, 0.00
621,  0,  20.857,  0.98,  1, 0.04, 0.00, 0.24, 0.00, 0.80, 1.17, 0.06, 0.15, 1.62, 1.42, 0.06, 0.58, 0.27, 0.39, 0.00, 0.38, 0.05, 0.00, 0.00, 0.00, 1.00, 0.00, 0.00, 0.00, 1.00, 1.00, 1.00, 0.00, 1.00, 0.00, 1.00, 0.00, 0.00, 0.00, 0.00
622,  0,  20.891,  0.98,  1, 0.01, 0.00, 0.27, 0.00, 0.73, 1.21, 0.06, 0.00, 1.63, 1.40, 0.06, 0.63, 0.40, 0.44, 0.03, 0.53, 0.27, 0.00, 0.00, 0.00, 1.00, 0.00, 0.00, 0.00, 1.00, 1.00, 1.00, 0.00, 1.00, 0.00, 1.00, 0.00, 0.00, 0.00, 0.00
623,  0,  20.924,  0.98,  1, 0.07, 0.00, 0.19, 0.00, 0.66, 1.40, 0.07, 0.00, 1.65, 1.42, 0.06, 0.73, 0.20, 0.48, 0.03, 0.55, 0.30, 0.00, 0.00, 0.00, 1.00, 0.00, 0.00, 0.00, 1.00, 1.00, 1.00, 0.00, 0.00, 0.00, 1.00, 0.00, 0.00, 0.00, 0.00
624,  0,  20.958,  0.98,  1, 0.05, 0.00, 0.28, 0.00, 0.61, 1.32, 0.08, 0.04, 1.72, 1.26, 0.00, 0.73, 0.18, 0.41, 0.03, 0.45, 0.54, 0.00, 0.00, 0.00, 1.00, 0.00, 0.00, 0.00, 1.00, 1.00, 1.00, 0.00, 0.00, 0.00, 1.00, 0.00, 0.00, 0.00, 0.00
625,  0,  20.992,  0.98,  1, 0.05, 0.00, 0.29, 0.00, 0.64, 1.15, 0.11, 0.06, 1.77, 1.32, 0.00, 0.72, 0.07, 0.37, 0.00, 0.25, 0.38, 0.00, 0.00, 0.00, 1.00, 0.00, 0.00, 0.00, 1.00, 1.00, 1.00, 0.00, 1.00, 0.00, 1.00, 0.00, 0.00, 0.00, 0.00
626,  0,  21.025,  0.98,  1, 0.00, 0.00, 0.32, 0.00, 0.76, 0.82, 0.08, 0.08, 1.78, 1.28, 0.00, 0.64, 0.07, 0.31, 0.00, 0.08, 0.31, 0.00, 0.00, 0.00, 1.00, 0.00, 0.00, 0.00, 1.00, 1.00, 1.00, 0.00, 0.00, 0.00, 1.00, 0.00, 0.00, 0.00, 0.00
627,  0,  21.059,  0.98,  1, 0.00, 0.00, 0.41, 0.00, 0.76, 0.73, 0.08, 0.10, 1.70, 1.25, 0.00, 0.61, 0.01, 0.29, 0.00, 0.05, 0.06, 0.00, 0.00, 0.00, 1.00, 0.00, 0.00, 0.00, 1.00, 1.00, 1.00, 0.00, 0.00, 0.00, 1.00, 0.00, 0.00, 0.00, 0.00
628,  0,  21.093,  0.98,  1, 0.00, 0.00, 0.38, 0.00, 0.76, 0.80, 0.02, 0.08, 1.64, 1.14, 0.00, 0.57, 0.00, 0.25, 0.05, 0.01, 0.00, 0.00, 0.00, 0.00, 1.00, 0.00, 0.00, 0.00, 1.00, 1.00, 1.00, 0.00, 0.00, 0.00, 1.00, 0.00, 0.00, 0.00, 0.00
629,  0,  21.126,  0.98,  1, 0.00, 0.00, 0.46, 0.00, 0.67, 0.92, 0.02, 0.06, 1.60, 1.16, 0.00, 0.47, 0.00, 0.19, 0.12, 0.01, 0.00, 0.00, 0.00, 0.00, 1.00, 0.00, 0.00, 0.00, 1.00, 1.00, 1.00, 0.00, 0.00, 0.00, 0.00, 0.00, 0.00, 0.00, 0.00
630,  0,  21.160,  0.98,  1, 0.00, 0.00, 0.38, 0.00, 0.68, 1.01, 0.00, 0.00, 1.59, 1.16, 0.00, 0.49, 0.00, 0.25, 0.12, 0.00, 0.03, 0.00, 0.00, 0.00, 1.00, 0.00, 0.00, 0.00, 1.00, 1.00, 1.00, 0.00, 1.00, 0.00, 0.00, 0.00, 0.00, 0.00, 0.00
631,  0,  21.194,  0.98,  1, 0.00, 0.00, 0.36, 0.00, 0.65, 1.00, 0.00, 0.00, 1.58, 1.10, 0.00, 0.62, 0.00, 0.31, 0.08, 0.00, 0.03, 0.00, 0.00, 0.00, 1.00, 0.00, 0.00, 0.00, 1.00, 1.00, 1.00, 0.00, 1.00, 0.00, 0.00, 0.00, 0.00, 0.00, 0.00
632,  0,  21.227,  0.98,  1, 0.00, 0.00, 0.31, 0.00, 0.65, 1.13, 0.00, 0.00, 1.60, 1.01, 0.00, 0.72, 0.01, 0.42, 0.08, 0.00, 0.03, 0.00, 0.00, 0.00, 1.00, 0.00, 0.00, 0.00, 0.00, 1.00, 1.00, 0.00, 1.00, 0.00, 0.00, 0.00, 0.00, 0.00, 0.00
633,  0,  21.261,  0.98,  1, 0.00, 0.02, 0.35, 0.00, 0.63, 1.08, 0.00, 0.00, 1.65, 0.99, 0.00, 0.71, 0.01, 0.39, 0.11, 0.00, 0.00, 0.00, 0.00, 0.00, 1.00, 0.00, 0.00, 0.00, 0.00, 1.00, 1.00, 0.00, 1.00, 0.00, 1.00, 0.00, 0.00, 0.00, 0.00
634,  0,  21.294,  0.98,  1, 0.01, 0.02, 0.42, 0.00, 0.57, 0.96, 0.00, 0.00, 1.67, 0.94, 0.00, 0.70, 0.01, 0.41, 0.10, 0.04, 0.07, 0.00, 0.00, 0.00, 1.00, 0.00, 0.00, 0.00, 0.00, 1.00, 1.00, 0.00, 1.00, 0.00, 1.00, 0.00, 0.00, 0.00, 0.00
635,  0,  21.328,  0.98,  1, 0.01, 0.02, 0.41, 0.00, 0.55, 0.74, 0.00, 0.00, 1.60, 0.83, 0.01, 0.58, 0.00, 0.36, 0.03, 0.04, 0.07, 0.00, 0.00, 0.00, 1.00, 0.00, 0.00, 0.00, 0.00, 1.00, 1.00, 0.00, 0.00, 0.00, 0.00, 0.00, 0.00, 0.00, 0.00
636,  0,  21.362,  0.98,  1, 0.07, 0.00, 0.45, 0.00, 0.54, 0.73, 0.01, 0.01, 1.51, 0.80, 0.01, 0.56, 0.00, 0.33, 0.00, 0.14, 0.07, 0.00, 0.00, 0.00, 1.00, 0.00, 0.00, 0.00, 0.00, 1.00, 1.00, 0.00, 0.00, 0.00, 0.00, 0.00, 0.00, 0.00, 0.00
637,  0,  21.395,  0.98,  1, 0.06, 0.02, 0.51, 0.00, 0.54, 0.77, 0.02, 0.01, 1.48, 0.77, 0.01, 0.44, 0.00, 0.29, 0.00, 0.14, 0.00, 0.00, 0.00, 0.00, 1.00, 0.00, 0.00, 0.00, 0.00, 1.00, 1.00, 0.00, 0.00, 0.00, 0.00, 0.00, 0.00, 0.00, 0.00
638,  0,  21.429,  0.98,  1, 0.06, 0.02, 0.53, 0.00, 0.54, 0.77, 0.02, 0.01, 1.48, 0.67, 0.00, 0.49, 0.00, 0.24, 0.00, 0.14, 0.00, 0.00, 0.00, 0.00, 1.00, 0.00, 0.00, 0.00, 1.00, 1.00, 1.00, 0.00, 0.00, 0.00, 0.00, 0.00, 0.00, 0.00, 0.00
639,  0,  21.463,  0.98,  1, 0.00, 0.02, 0.47, 0.00, 0.53, 0.82, 0.01, 0.00, 1.48, 0.57, 0.02, 0.49, 0.00, 0.22, 0.00, 0.04, 0.00, 0.00, 0.00, 0.00, 1.00, 0.00, 0.00, 0.00, 1.00, 1.00, 1.00, 0.00, 0.00, 0.00, 0.00, 0.00, 0.00, 0.00, 0.00
640,  0,  21.496,  0.98,  1, 0.00, 0.01, 0.40, 0.00, 0.54, 0.95, 0.00, 0.04, 1.46, 0.61, 0.02, 0.43, 0.00, 0.13, 0.00, 0.00, 0.00, 0.00, 0.00, 0.00, 1.00, 0.00, 0.00, 0.00, 1.00, 1.00, 1.00, 0.00, 0.00, 0.00, 0.00, 0.00, 0.00, 0.00, 0.00
641,  0,  21.530,  0.98,  1, 0.00, 0.02, 0.42, 0.00, 0.52, 0.88, 0.00, 0.04, 1.51, 0.86, 0.02, 0.51, 0.00, 0.12, 0.01, 0.01, 0.00, 0.00, 0.00, 0.00, 1.00, 0.00, 0.00, 0.00, 1.00, 1.00, 1.00, 0.00, 0.00, 0.00, 0.00, 0.00, 0.00, 0.00, 0.00
642,  0,  21.564,  0.98,  1, 0.00, 0.02, 0.40, 0.00, 0.51, 0.83, 0.04, 0.15, 1.62, 0.99, 0.00, 0.45, 0.00, 0.14, 0.04, 0.11, 0.09, 0.00, 0.00, 0.00, 1.00, 0.00, 0.00, 0.00, 1.00, 1.00, 1.00, 0.00, 0.00, 0.00, 0.00, 0.00, 0.00, 0.00, 0.00
643,  0,  21.597,  0.98,  1, 0.04, 0.05, 0.52, 0.00, 0.55, 0.76, 0.10, 0.17, 1.66, 1.05, 0.04, 0.50, 0.00, 0.19, 0.06, 0.11, 0.15, 0.00, 0.00, 0.00, 1.00, 0.00, 0.00, 0.00, 1.00, 1.00, 1.00, 0.00, 0.00, 0.00, 0.00, 0.00, 0.00, 0.00, 0.00
644,  0,  21.631,  0.98,  1, 0.15, 0.13, 0.63, 0.00, 0.58, 0.90, 0.13, 0.18, 1.64, 1.12, 0.04, 0.51, 0.02, 0.18, 0.12, 0.16, 0.18, 0.00, 0.00, 0.00, 1.00, 0.00, 0.00, 0.00, 1.00, 1.00, 1.00, 0.00, 1.00, 0.00, 0.00, 0.00, 0.00, 0.00, 0.00
645,  0,  21.665,  0.98,  1, 0.17, 0.13, 0.66, 0.00, 0.59, 0.79, 0.14, 0.18, 1.56, 1.13, 0.06, 0.62, 0.08, 0.16, 0.12, 0.06, 0.09, 0.00, 0.00, 0.00, 1.00, 0.00, 0.00, 0.00, 1.00, 1.00, 1.00, 0.00, 1.00, 0.00, 0.00, 0.00, 0.00, 0.00, 0.00
646,  0,  21.698,  0.98,  1, 0.14, 0.08, 0.57, 0.00, 0.56, 0.73, 0.13, 0.12, 1.55, 1.08, 0.02, 0.75, 0.16, 0.10, 0.11, 0.14, 0.03, 0.00, 0.00, 0.00, 1.00, 0.00, 0.00, 0.00, 1.00, 1.00, 1.00, 0.00, 0.00, 0.00, 1.00, 0.00, 0.00, 0.00, 0.00
647,  0,  21.732,  0.98,  1, 0.05, 0.04, 0.48, 0.00, 0.56, 0.82, 0.14, 0.11, 1.52, 0.86, 0.02, 0.62, 0.23, 0.08, 0.04, 0.08, 0.00, 0.00, 0.00, 0.00, 1.00, 0.00, 0.00, 0.00, 1.00, 1.00, 1.00, 0.00, 0.00, 0.00, 1.00, 0.00, 0.00, 0.00, 0.00
648,  0,  21.765,  0.98,  1, 0.04, 0.12, 0.56, 0.00, 0.56, 1.08, 0.13, 0.01, 1.54, 0.73, 0.00, 0.46, 0.23, 0.05, 0.00, 0.10, 0.07, 0.00, 0.00, 0.00, 1.00, 0.00, 0.00, 0.00, 1.00, 1.00, 1.00, 0.00, 0.00, 0.00, 1.00, 0.00, 0.00, 0.00, 0.00
649,  0,  21.799,  0.98,  1, 0.08, 0.14, 0.53, 0.00, 0.56, 1.20, 0.10, 0.01, 1.57, 0.64, 0.00, 0.30, 0.21, 0.04, 0.00, 0.02, 0.10, 0.00, 0.00, 0.00, 1.00, 0.00, 0.00, 0.00, 1.00, 1.00, 1.00, 0.00, 0.00, 0.00, 1.00, 0.00, 0.00, 0.00, 0.00
650,  0,  21.833,  0.98,  1, 0.05, 0.10, 0.53, 0.00, 0.52, 1.18, 0.06, 0.02, 1.62, 0.69, 0.00, 0.33, 0.17, 0.04, 0.00, 0.02, 0.16, 0.00, 0.00, 0.00, 1.00, 0.00, 0.00, 0.00, 1.00, 1.00, 1.00, 0.00, 0.00, 0.00, 1.00, 0.00, 0.00, 0.00, 1.00
651,  0,  21.866,  0.98,  1, 0.06, 0.01, 0.47, 0.00, 0.50, 1.16, 0.02, 0.06, 1.64, 0.83, 0.04, 0.33, 0.10, 0.06, 0.00, 0.00, 0.17, 0.00, 0.00, 0.00, 1.00, 0.00, 0.00, 0.00, 1.00, 1.00, 1.00, 0.00, 0.00, 0.00, 1.00, 0.00, 0.00, 0.00, 1.00
652,  0,  21.900,  0.98,  1, 0.05, 0.00, 0.47, 0.00, 0.48, 1.12, 0.00, 0.07, 1.59, 0.89, 0.04, 0.25, 0.05, 0.06, 0.05, 0.00, 0.28, 0.00, 0.00, 0.00, 1.00, 0.00, 0.00, 0.00, 1.00, 1.00, 1.00, 0.00, 0.00, 0.00, 1.00, 0.00, 0.00, 0.00, 1.00
653,  0,  21.934,  0.98,  1, 0.07, 0.00, 0.45, 0.00, 0.48, 1.06, 0.00, 0.07, 1.55, 0.93, 0.04, 0.19, 0.00, 0.06, 0.09, 0.00, 0.29, 0.00, 0.00, 0.00, 1.00, 0.00, 0.00, 0.00, 1.00, 1.00, 1.00, 0.00, 0.00, 0.00, 1.00, 0.00, 0.00, 0.00, 1.00
654,  0,  21.967,  0.98,  1, 0.05, 0.00, 0.47, 0.00, 0.47, 0.91, 0.00, 0.04, 1.52, 0.89, 0.00, 0.36, 0.00, 0.09, 0.09, 0.00, 0.39, 0.00, 0.00, 0.00, 1.00, 0.00, 0.00, 0.00, 1.00, 1.00, 1.00, 0.00, 0.00, 0.00, 1.00, 0.00, 0.00, 0.00, 1.00
655,  0,  22.001,  0.98,  1, 0.14, 0.02, 0.50, 0.00, 0.48, 0.90, 0.00, 0.02, 1.52, 0.89, 0.00, 0.55, 0.00, 0.14, 0.06, 0.00, 0.29, 0.00, 0.00, 0.00, 1.00, 0.00, 0.00, 0.00, 1.00, 1.00, 1.00, 0.00, 0.00, 0.00, 1.00, 0.00, 0.00, 0.00, 0.00
656,  0,  22.035,  0.98,  1, 0.22, 0.02, 0.50, 0.00, 0.48, 0.85, 0.00, 0.03, 1.58, 0.88, 0.00, 0.68, 0.00, 0.15, 0.04, 0.00, 0.32, 0.00, 0.00, 0.00, 1.00, 0.00, 0.00, 0.00, 1.00, 1.00, 1.00, 0.00, 0.00, 0.00, 1.00, 0.00, 0.00, 0.00, 0.00
657,  0,  22.068,  0.98,  1, 0.33, 0.02, 0.51, 0.00, 0.52, 0.96, 0.00, 0.05, 1.56, 0.84, 0.08, 0.69, 0.00, 0.12, 0.10, 0.00, 0.24, 0.00, 0.00, 0.00, 1.00, 0.00, 0.00, 0.00, 1.00, 1.00, 1.00, 0.00, 1.00, 0.00, 1.00, 0.00, 0.00, 0.00, 0.00
658,  0,  22.102,  0.98,  1, 0.24, 0.06, 0.47, 0.00, 0.53, 0.98, 0.00, 0.05, 1.56, 0.98, 0.11, 0.71, 0.00, 0.10, 0.12, 0.00, 0.32, 0.00, 0.00, 0.00, 1.00, 0.00, 0.00, 0.00, 1.00, 1.00, 1.00, 0.00, 1.00, 0.00, 1.00, 0.00, 0.00, 0.00, 0.00
659,  0,  22.135,  0.98,  1, 0.19, 0.07, 0.48, 0.00, 0.54, 1.04, 0.00, 0.03, 1.55, 0.92, 0.11, 0.73, 0.00, 0.07, 0.16, 0.00, 0.37, 0.00, 0.00, 0.00, 1.00, 0.00, 0.00, 0.00, 1.00, 1.00, 1.00, 0.00, 1.00, 0.00, 1.00, 0.00, 0.00, 0.00, 0.00
660,  0,  22.169,  0.98,  1, 0.08, 0.07, 0.42, 0.00, 0.51, 1.15, 0.03, 0.00, 1.54, 0.83, 0.03, 0.45, 0.00, 0.04, 0.11, 0.00, 0.28, 0.00, 0.00, 0.00, 1.00, 0.00, 0.00, 0.00, 1.00, 1.00, 1.00, 0.00, 0.00, 0.00, 1.00, 0.00, 0.00, 0.00, 0.00
661,  0,  22.203,  0.98,  1, 0.05, 0.01, 0.36, 0.00, 0.48, 1.10, 0.03, 0.00, 1.49, 0.69, 0.00, 0.39, 0.00, 0.07, 0.07, 0.00, 0.28, 0.00, 0.00, 0.00, 1.00, 0.00, 0.00, 0.00, 1.00, 1.00, 1.00, 0.00, 0.00, 0.00, 1.00, 0.00, 0.00, 0.00, 0.00
662,  0,  22.236,  0.98,  1, 0.06, 0.00, 0.34, 0.00, 0.45, 0.99, 0.03, 0.00, 1.45, 0.63, 0.00, 0.26, 0.00, 0.12, 0.02, 0.00, 0.28, 0.00, 0.00, 0.00, 1.00, 0.00, 0.00, 0.00, 1.00, 1.00, 1.00, 0.00, 0.00, 0.00, 1.00, 0.00, 0.00, 0.00, 0.00
663,  0,  22.270,  0.98,  1, 0.07, 0.00, 0.35, 0.00, 0.47, 0.79, 0.00, 0.00, 1.47, 0.74, 0.00, 0.32, 0.00, 0.15, 0.02, 0.00, 0.33, 0.00, 0.00, 0.00, 1.00, 0.00, 0.00, 0.00, 0.00, 1.00, 1.00, 0.00, 0.00, 0.00, 1.00, 0.00, 0.00, 0.00, 0.00
664,  0,  22.304,  0.98,  1, 0.07, 0.00, 0.43, 0.00, 0.53, 0.84, 0.00, 0.00, 1.50, 0.75, 0.02, 0.26, 0.00, 0.16, 0.02, 0.00, 0.38, 0.00, 0.00, 0.00, 1.00, 0.00, 0.00, 0.00, 1.00, 1.00, 1.00, 0.00, 0.00, 0.00, 1.00, 0.00, 0.00, 0.00, 0.00
665,  0,  22.337,  0.98,  1, 0.04, 0.00, 0.43, 0.00, 0.60, 0.94, 0.02, 0.00, 1.49, 0.80, 0.02, 0.30, 0.00, 0.13, 0.03, 0.00, 0.34, 0.00, 0.00, 0.00, 1.00, 0.00, 0.00, 0.00, 0.00, 1.00, 1.00, 0.00, 0.00, 0.00, 1.00, 0.00, 0.00, 0.00, 0.00
666,  0,  22.371,  0.98,  1, 0.05, 0.00, 0.44, 0.00, 0.56, 1.20, 0.04, 0.03, 1.39, 0.60, 0.20, 0.41, 0.00, 0.09, 0.07, 0.00, 0.27, 0.00, 0.00, 0.00, 1.00, 0.00, 0.00, 0.00, 0.00, 1.00, 1.00, 0.00, 0.00, 0.00, 1.00, 0.00, 0.00, 0.00, 0.00
667,  0,  22.405,  0.98,  1, 0.15, 0.00, 0.53, 0.00, 0.40, 1.28, 0.08, 0.03, 1.09, 0.42, 0.41, 0.44, 0.00, 0.02, 0.11, 0.00, 0.20, 0.00, 0.00, 0.00, 1.00, 0.00, 0.00, 0.00, 0.00, 1.00, 1.00, 0.00, 0.00, 0.00, 1.00, 0.00, 0.00, 0.00, 0.00
668,  0,  22.438,  0.98,  1, 0.30, 0.02, 0.75, 0.00, 0.19, 1.45, 0.11, 0.10, 0.83, 0.18, 0.96, 0.59, 0.00, 0.00, 0.09, 0.00, 0.23, 0.00, 0.00, 0.00, 1.00, 0.00, 0.00, 0.00, 0.00, 0.00, 0.00, 1.00, 0.00, 0.00, 1.00, 0.00, 0.00, 0.00, 0.00
669,  0,  22.472,  0.98,  1, 0.36, 0.02, 0.84, 0.00, 0.06, 1.29, 0.13, 0.07, 0.61, 0.16, 1.51, 0.74, 0.00, 0.00, 0.04, 0.04, 0.28, 0.00, 0.00, 0.00, 1.00, 0.00, 0.00, 0.00, 0.00, 0.00, 0.00, 1.00, 1.00, 0.00, 1.00, 0.00, 0.00, 0.00, 0.00
670,  0,  22.506,  0.93,  1, 0.36, 0.02, 0.83, 0.02, 0.00, 1.13, 0.09, 0.13, 0.59, 0.14, 1.86, 1.22, 0.00, 0.00, 0.00, 0.10, 0.19, 0.00, 0.00, 0.00, 1.00, 0.00, 0.00, 0.00, 0.00, 0.00, 0.00, 1.00, 1.00, 0.00, 1.00, 0.00, 0.00, 0.00, 0.00
671,  0,  22.539,  0.98,  1, 0.27, 0.00, 0.66, 0.02, 0.02, 0.76, 0.11, 0.10, 0.56, 0.21, 1.84, 1.45, 0.13, 0.00, 0.00, 0.27, 0.06, 0.00, 0.00, 0.00, 1.00, 0.00, 0.00, 0.00, 0.00, 0.00, 0.00, 1.00, 1.00, 0.00, 1.00, 0.00, 0.00, 0.00, 0.00
672,  0,  22.573,  0.98,  1, 0.28, 0.00, 0.64, 0.02, 0.02, 0.56, 0.06, 0.16, 0.65, 0.20, 1.69, 1.59, 0.13, 0.00, 0.00, 0.41, 0.00, 0.00, 0.00, 0.00, 1.00, 0.00, 0.00, 0.00, 0.00, 0.00, 0.00, 1.00, 1.00, 0.00, 1.00, 0.00, 0.00, 0.00, 0.00
673,  0,  22.606,  0.98,  1, 0.17, 0.00, 0.57, 0.00, 0.04, 0.53, 0.06, 0.10, 0.75, 0.14, 1.62, 1.53, 0.20, 0.01, 0.00, 0.51, 0.00, 0.00, 0.00, 0.00, 1.00, 0.00, 0.00, 0.00, 0.00, 0.00, 0.00, 1.00, 1.00, 0.00, 1.00, 0.00, 0.00, 0.00, 0.00
674,  0,  22.640,  0.98,  1, 0.10, 0.00, 0.60, 0.00, 0.05, 0.59, 0.00, 0.09, 0.83, 0.08, 1.49, 1.37, 0.07, 0.01, 0.00, 0.35, 0.00, 0.00, 0.00, 0.00, 1.00, 0.00, 0.00, 0.00, 0.00, 0.00, 0.00, 1.00, 1.00, 0.00, 1.00, 0.00, 0.00, 0.00, 0.00
675,  0,  22.674,  0.98,  1, 0.05, 0.00, 0.59, 0.00, 0.12, 0.78, 0.00, 0.09, 0.81, 0.10, 1.23, 1.36, 0.09, 0.01, 0.00, 0.19, 0.00, 0.00, 0.00, 0.00, 1.00, 0.00, 0.00, 0.00, 0.00, 0.00, 0.00, 1.00, 1.00, 0.00, 1.00, 0.00, 0.00, 0.00, 0.00
676,  0,  22.707,  0.98,  1, 0.11, 0.00, 0.69, 0.00, 0.17, 0.85, 0.00, 0.15, 0.81, 0.18, 0.99, 1.24, 0.07, 0.00, 0.00, 0.04, 0.00, 0.00, 0.00, 0.00, 1.00, 0.00, 0.00, 0.00, 0.00, 0.00, 0.00, 1.00, 1.00, 0.00, 1.00, 0.00, 0.00, 0.00, 0.00
677,  0,  22.741,  0.98,  1, 0.16, 0.00, 0.66, 0.00, 0.20, 1.02, 0.05, 0.18, 0.76, 0.28, 0.85, 1.23, 0.07, 0.00, 0.00, 0.14, 0.00, 0.00, 0.00, 0.00, 1.00, 0.00, 0.00, 0.00, 0.00, 0.00, 0.00, 1.00, 1.00, 0.00, 1.00, 0.00, 0.00, 0.00, 0.00
678,  0,  22.775,  0.98,  1, 0.17, 0.00, 0.64, 0.00, 0.17, 0.75, 0.15, 0.12, 0.72, 0.22, 0.90, 1.13, 0.05, 0.00, 0.00, 0.13, 0.00, 0.00, 0.00, 0.00, 1.00, 0.00, 0.00, 0.00, 0.00, 0.00, 0.00, 1.00, 1.00, 0.00, 1.00, 0.00, 0.00, 0.00, 0.00
679,  0,  22.808,  0.98,  1, 0.16, 0.00, 0.51, 0.00, 0.12, 0.68, 0.21, 0.14, 0.71, 0.24, 1.01, 0.98, 0.00, 0.00, 0.06, 0.20, 0.00, 0.00, 0.00, 0.00, 1.00, 0.00, 0.00, 0.00, 0.00, 0.00, 0.00, 1.00, 1.00, 0.00, 1.00, 0.00, 0.00, 0.00, 0.00
680,  0,  22.842,  0.98,  1, 0.14, 0.00, 0.47, 0.00, 0.09, 0.48, 0.16, 0.19, 0.75, 0.26, 1.09, 0.90, 0.00, 0.00, 0.06, 0.11, 0.00, 0.00, 0.00, 0.00, 1.00, 0.00, 0.00, 0.00, 0.00, 0.00, 0.00, 1.00, 1.00, 0.00, 1.00, 0.00, 0.00, 0.00, 0.00
681,  0,  22.876,  0.98,  1, 0.11, 0.02, 0.47, 0.00, 0.05, 0.63, 0.06, 0.21, 0.82, 0.41, 1.00, 0.86, 0.00, 0.00, 0.18, 0.13, 0.00, 0.00, 0.00, 0.00, 1.00, 0.00, 0.00, 0.00, 0.00, 0.00, 1.00, 1.00, 1.00, 0.00, 1.00, 0.00, 0.00, 0.00, 0.00
682,  0,  22.909,  0.98,  1, 0.09, 0.02, 0.42, 0.00, 0.08, 0.69, 0.01, 0.14, 0.83, 0.29, 0.78, 0.95, 0.00, 0.00, 0.12, 0.03, 0.00, 0.00, 0.00, 0.00, 1.00, 0.00, 0.00, 0.00, 0.00, 0.00, 0.00, 1.00, 1.00, 0.00, 1.00, 0.00, 0.00, 0.00, 0.00
683,  0,  22.943,  0.98,  1, 0.08, 0.02, 0.49, 0.00, 0.09, 0.67, 0.01, 0.04, 0.85, 0.20, 0.56, 0.98, 0.00, 0.00, 0.12, 0.04, 0.00, 0.00, 0.00, 0.00, 1.00, 0.00, 0.00, 0.00, 0.00, 0.00, 1.00, 1.00, 1.00, 0.00, 1.00, 0.00, 0.00, 0.00, 0.00
684,  0,  22.976,  0.98,  1, 0.07, 0.00, 0.49, 0.00, 0.19, 0.69, 0.01, 0.02, 0.89, 0.03, 0.36, 0.91, 0.00, 0.00, 0.03, 0.05, 0.00, 0.00, 0.00, 0.00, 1.00, 0.00, 0.00, 0.00, 0.00, 0.00, 1.00, 1.00, 1.00, 0.00, 0.00, 0.00, 0.00, 0.00, 0.00
685,  0,  23.010,  0.98,  1, 0.10, 0.00, 0.60, 0.00, 0.21, 0.60, 0.04, 0.01, 0.88, 0.15, 0.31, 0.82, 0.02, 0.00, 0.03, 0.09, 0.00, 0.00, 0.00, 0.00, 1.00, 0.00, 0.00, 0.00, 0.00, 0.00, 1.00, 1.00, 1.00, 0.00, 0.00, 0.00, 0.00, 0.00, 0.00
686,  0,  23.044,  0.98,  1, 0.13, 0.00, 0.59, 0.00, 0.25, 0.78, 0.08, 0.01, 0.88, 0.18, 0.19, 0.67, 0.02, 0.00, 0.03, 0.08, 0.00, 0.00, 0.00, 0.00, 1.00, 0.00, 0.00, 0.00, 0.00, 0.00, 1.00, 0.00, 0.00, 0.00, 0.00, 0.00, 0.00, 0.00, 0.00
687,  0,  23.077,  0.98,  1, 0.13, 0.00, 0.55, 0.00, 0.22, 0.89, 0.09, 0.01, 0.86, 0.22, 0.15, 0.61, 0.08, 0.00, 0.00, 0.04, 0.00, 0.00, 0.00, 0.00, 1.00, 0.00, 0.00, 0.00, 0.00, 0.00, 1.00, 0.00, 0.00, 0.00, 1.00, 0.00, 0.00, 0.00, 0.00
688,  0,  23.111,  0.98,  1, 0.06, 0.00, 0.55, 0.00, 0.19, 0.94, 0.07, 0.00, 0.91, 0.16, 0.04, 0.52, 0.06, 0.00, 0.01, 0.02, 0.00, 0.00, 0.00, 0.00, 1.00, 0.00, 0.00, 0.00, 0.00, 0.00, 1.00, 0.00, 0.00, 0.00, 1.00, 0.00, 0.00, 0.00, 0.00
689,  0,  23.145,  0.98,  1, 0.05, 0.00, 0.61, 0.01, 0.20, 0.87, 0.03, 0.00, 0.94, 0.17, 0.12, 0.66, 0.07, 0.02, 0.01, 0.01, 0.00, 0.00, 0.00, 0.00, 1.00, 0.00, 0.00, 0.00, 0.00, 0.00, 1.00, 0.00, 0.00, 0.00, 1.00, 0.00, 0.00, 0.00, 0.00
690,  0,  23.178,  0.98,  1, 0.07, 0.00, 0.67, 0.01, 0.24, 0.72, 0.10, 0.01, 0.91, 0.29, 0.20, 0.72, 0.07, 0.02, 0.01, 0.02, 0.00, 0.00, 0.00, 0.00, 1.00, 0.00, 0.00, 0.00, 0.00, 0.00, 1.00, 0.00, 1.00, 0.00, 1.00, 0.00, 0.00, 0.00, 0.00
691,  0,  23.212,  0.98,  1, 0.10, 0.02, 0.69, 0.01, 0.32, 0.61, 0.15, 0.01, 0.85, 0.35, 0.38, 0.84, 0.23, 0.03, 0.00, 0.05, 0.00, 0.00, 0.00, 0.00, 1.00, 0.00, 0.00, 0.00, 0.00, 1.00, 1.00, 0.00, 1.00, 0.00, 1.00, 0.00, 0.00, 0.00, 0.00
692,  0,  23.246,  0.98,  1, 0.09, 0.02, 0.60, 0.00, 0.32, 0.49, 0.15, 0.01, 0.89, 0.37, 0.44, 0.85, 0.27, 0.04, 0.00, 0.06, 0.00, 0.00, 0.00, 0.00, 1.00, 0.00, 0.00, 0.00, 0.00, 1.00, 1.00, 0.00, 1.00, 0.00, 1.00, 0.00, 0.00, 0.00, 0.00
693,  0,  23.279,  0.93,  1, 0.07, 0.02, 0.53, 0.00, 0.28, 0.57, 0.08, 0.02, 1.00, 0.34, 0.53, 0.85, 0.21, 0.04, 0.00, 0.05, 0.00, 0.00, 0.00, 0.00, 1.00, 0.00, 0.00, 0.00, 0.00, 1.00, 1.00, 0.00, 1.00, 0.00, 1.00, 0.00, 0.00, 0.00, 0.00
694,  0,  23.313,  0.98,  1, 0.03, 0.00, 0.35, 0.00, 0.20, 0.60, 0.01, 0.02, 1.11, 0.30, 0.50, 0.80, 0.04, 0.02, 0.08, 0.15, 0.00, 0.00, 0.00, 0.00, 1.00, 0.00, 0.00, 0.00, 0.00, 1.00, 1.00, 0.00, 0.00, 0.00, 1.00, 0.00, 0.00, 0.00, 0.00
695,  0,  23.347,  0.98,  1, 0.00, 0.00, 0.38, 0.00, 0.17, 0.60, 0.01, 0.02, 1.08, 0.32, 0.51, 0.72, 0.04, 0.00, 0.08, 0.24, 0.00, 0.00, 0.00, 0.00, 1.00, 0.00, 0.00, 0.00, 0.00, 1.00, 1.00, 0.00, 0.00, 0.00, 1.00, 0.00, 0.00, 0.00, 0.00
696,  0,  23.380,  0.98,  1, 0.02, 0.00, 0.38, 0.00, 0.16, 0.40, 0.00, 0.00, 1.02, 0.29, 0.35, 0.69, 0.16, 0.00, 0.09, 0.24, 0.00, 0.00, 0.00, 0.00, 1.00, 0.00, 0.00, 0.00, 0.00, 1.00, 1.00, 0.00, 0.00, 0.00, 1.00, 0.00, 0.00, 0.00, 0.00
697,  0,  23.414,  0.98,  1, 0.06, 0.00, 0.56, 0.00, 0.17, 0.41, 0.00, 0.00, 0.98, 0.25, 0.25, 0.64, 0.19, 0.00, 0.01, 0.14, 0.00, 0.00, 0.00, 0.00, 1.00, 0.00, 0.00, 0.00, 0.00, 1.00, 1.00, 0.00, 0.00, 0.00, 0.00, 0.00, 0.00, 0.00, 0.00
698,  0,  23.447,  0.98,  1, 0.13, 0.00, 0.49, 0.00, 0.15, 0.31, 0.00, 0.00, 0.97, 0.25, 0.09, 0.59, 0.14, 0.00, 0.03, 0.04, 0.00, 0.00, 0.00, 0.00, 1.00, 0.00, 0.00, 0.00, 0.00, 1.00, 1.00, 0.00, 0.00, 0.00, 0.00, 0.00, 0.00, 0.00, 0.00
699,  0,  23.481,  0.98,  1, 0.19, 0.04, 0.60, 0.00, 0.16, 0.46, 0.00, 0.00, 0.91, 0.28, 0.06, 0.53, 0.03, 0.00, 0.08, 0.04, 0.00, 0.00, 0.00, 0.00, 1.00, 0.00, 0.00, 0.00, 0.00, 1.00, 1.00, 0.00, 0.00, 0.00, 0.00, 0.00, 0.00, 0.00, 0.00
700,  0,  23.515,  0.98,  1, 0.19, 0.05, 0.63, 0.00, 0.17, 0.58, 0.00, 0.02, 0.88, 0.36, 0.04, 0.55, 0.02, 0.00, 0.08, 0.00, 0.00, 0.00, 0.00, 0.00, 1.00, 0.00, 0.00, 0.00, 0.00, 1.00, 1.00, 0.00, 0.00, 0.00, 0.00, 0.00, 0.00, 0.00, 0.00
701,  0,  23.548,  0.98,  1, 0.13, 0.05, 0.62, 0.00, 0.22, 0.71, 0.00, 0.02, 0.88, 0.28, 0.04, 0.65, 0.02, 0.00, 0.14, 0.00, 0.00, 0.00, 0.00, 0.00, 1.00, 0.00, 0.00, 0.00, 0.00, 1.00, 1.00, 0.00, 0.00, 0.00, 0.00, 0.00, 0.00, 0.00, 0.00
702,  0,  23.582,  0.98,  1, 0.06, 0.01, 0.47, 0.00, 0.18, 0.62, 0.00, 0.02, 0.94, 0.17, 0.04, 0.60, 0.07, 0.00, 0.08, 0.02, 0.00, 0.00, 0.00, 0.00, 1.00, 0.00, 0.00, 0.00, 0.00, 1.00, 1.00, 0.00, 0.00, 0.00, 0.00, 0.00, 0.00, 0.00, 0.00
703,  0,  23.616,  0.98,  1, 0.06, 0.09, 0.35, 0.00, 0.15, 0.53, 0.00, 0.00, 0.92, 0.22, 0.03, 0.58, 0.05, 0.00, 0.09, 0.09, 0.00, 0.00, 0.00, 0.00, 1.00, 0.00, 0.00, 0.00, 0.00, 1.00, 1.00, 0.00, 0.00, 0.00, 0.00, 0.00, 0.00, 0.00, 0.00
704,  0,  23.649,  0.98,  1, 0.18, 0.17, 0.49, 0.07, 0.13, 0.58, 0.08, 0.00, 0.91, 0.28, 0.03, 0.44, 0.08, 0.00, 0.04, 0.10, 0.00, 0.00, 0.00, 0.00, 1.00, 0.00, 0.00, 0.00, 0.00, 1.00, 1.00, 0.00, 0.00, 0.00, 1.00, 0.00, 0.00, 0.00, 0.00
705,  0,  23.683,  0.98,  1, 0.19, 0.17, 0.61, 0.07, 0.13, 0.50, 0.11, 0.00, 0.90, 0.30, 0.03, 0.49, 0.03, 0.00, 0.08, 0.08, 0.00, 0.00, 0.00, 0.00, 1.00, 0.00, 0.00, 0.00, 0.00, 1.00, 1.00, 0.00, 0.00, 0.00, 1.00, 0.00, 0.00, 0.00, 0.00
706,  0,  23.717,  0.98,  1, 0.25, 0.08, 0.66, 0.07, 0.14, 0.54, 0.13, 0.00, 0.93, 0.22, 0.15, 0.54, 0.03, 0.00, 0.17, 0.10, 0.00, 0.00, 0.00, 0.00, 1.00, 0.00, 0.00, 0.00, 0.00, 1.00, 1.00, 0.00, 0.00, 0.00, 1.00, 0.00, 0.00, 0.00, 0.00
707,  0,  23.750,  0.98,  1, 0.19, 0.06, 0.58, 0.00, 0.11, 0.34, 0.10, 0.00, 0.95, 0.29, 0.26, 0.53, 0.07, 0.00, 0.20, 0.23, 0.00, 0.00, 0.00, 0.00, 1.00, 0.00, 0.00, 0.00, 0.00, 1.00, 1.00, 0.00, 0.00, 0.00, 0.00, 0.00, 0.00, 0.00, 0.00
708,  0,  23.784,  0.98,  1, 0.20, 0.06, 0.50, 0.00, 0.10, 0.27, 0.07, 0.00, 0.94, 0.46, 0.26, 0.54, 0.10, 0.00, 0.20, 0.31, 0.00, 0.00, 0.00, 0.00, 1.00, 0.00, 0.00, 0.00, 0.00, 1.00, 1.00, 0.00, 0.00, 0.00, 1.00, 0.00, 0.00, 0.00, 0.00
709,  0,  23.818,  0.98,  1, 0.10, 0.07, 0.44, 0.00, 0.05, 0.10, 0.04, 0.00, 0.88, 0.51, 0.13, 0.52, 0.10, 0.00, 0.11, 0.40, 0.00, 0.00, 0.00, 0.00, 1.00, 0.00, 0.00, 0.00, 0.00, 1.00, 1.00, 0.00, 0.00, 0.00, 1.00, 0.00, 0.00, 0.00, 0.00
710,  0,  23.851,  0.98,  1, 0.05, 0.01, 0.37, 0.00, 0.04, 0.14, 0.00, 0.00, 0.84, 0.46, 0.07, 0.56, 0.02, 0.00, 0.14, 0.42, 0.00, 0.00, 0.00, 0.00, 1.00, 0.00, 0.00, 0.00, 0.00, 1.00, 1.00, 0.00, 0.00, 0.00, 0.00, 0.00, 0.00, 0.00, 0.00
711,  0,  23.885,  0.98,  1, 0.12, 0.01, 0.35, 0.00, 0.07, 0.42, 0.00, 0.00, 0.81, 0.37, 0.11, 0.56, 0.00, 0.00, 0.12, 0.52, 0.00, 0.00, 0.00, 0.00, 1.00, 0.00, 0.00, 0.00, 0.00, 1.00, 1.00, 0.00, 0.00, 0.00, 0.00, 0.00, 0.00, 0.00, 0.00
712,  0,  23.918,  0.98,  1, 0.14, 0.00, 0.43, 0.00, 0.08, 0.71, 0.00, 0.00, 0.80, 0.29, 0.10, 0.53, 0.00, 0.00, 0.18, 0.43, 0.00, 0.00, 0.00, 0.00, 1.00, 0.00, 0.00, 0.00, 0.00, 1.00, 1.00, 0.00, 0.00, 0.00, 0.00, 0.00, 0.00, 0.00, 0.00
713,  0,  23.952,  0.98,  1, 0.22, 0.03, 0.50, 0.00, 0.08, 0.92, 0.00, 0.00, 0.85, 0.23, 0.10, 0.50, 0.00, 0.00, 0.16, 0.33, 0.00, 0.00, 0.00, 0.00, 1.00, 0.00, 0.00, 0.00, 0.00, 1.00, 1.00, 0.00, 0.00, 0.00, 0.00, 0.00, 0.00, 0.00, 0.00
714,  0,  23.986,  0.98,  1, 0.10, 0.03, 0.59, 0.00, 0.11, 0.96, 0.01, 0.00, 0.85, 0.17, 0.19, 0.40, 0.07, 0.00, 0.20, 0.21, 0.00, 0.00, 0.00, 0.00, 1.00, 0.00, 0.00, 0.00, 0.00, 1.00, 1.00, 0.00, 0.00, 0.00, 0.00, 0.00, 0.00, 0.00, 0.00
715,  0,  24.019,  0.98,  1, 0.07, 0.03, 0.49, 0.00, 0.14, 0.93, 0.03, 0.00, 0.90, 0.29, 0.19, 0.38, 0.07, 0.00, 0.16, 0.17, 0.00, 0.00, 0.00, 0.00, 1.00, 0.00, 0.00, 0.00, 0.00, 1.00, 1.00, 0.00, 0.00, 0.00, 0.00, 0.00, 0.00, 0.00, 0.00
716,  0,  24.053,  0.98,  1, 0.08, 0.00, 0.52, 0.00, 0.15, 0.92, 0.08, 0.00, 0.86, 0.26, 0.13, 0.37, 0.07, 0.00, 0.19, 0.26, 0.00, 0.00, 0.00, 0.00, 1.00, 0.00, 0.00, 0.00, 0.00, 1.00, 1.00, 0.00, 0.00, 0.00, 0.00, 0.00, 0.00, 0.00, 0.00
717,  0,  24.087,  0.98,  1, 0.17, 0.12, 0.49, 0.00, 0.12, 0.76, 0.12, 0.00, 0.86, 0.29, 0.00, 0.50, 0.05, 0.00, 0.15, 0.27, 0.00, 0.00, 0.00, 0.00, 1.00, 0.00, 0.00, 0.00, 0.00, 1.00, 1.00, 0.00, 0.00, 0.00, 0.00, 0.00, 0.00, 0.00, 0.00
718,  0,  24.120,  0.98,  1, 0.24, 0.16, 0.52, 0.00, 0.09, 0.57, 0.18, 0.00, 0.81, 0.15, 0.14, 0.62, 0.17, 0.00, 0.13, 0.31, 0.00, 0.00, 0.00, 0.00, 1.00, 0.00, 0.00, 0.00, 0.00, 1.00, 1.00, 0.00, 0.00, 0.00, 0.00, 0.00, 0.00, 0.00, 0.00
719,  0,  24.154,  0.98,  1, 0.22, 0.16, 0.45, 0.00, 0.11, 0.43, 0.18, 0.00, 0.82, 0.16, 0.25, 0.67, 0.17, 0.00, 0.06, 0.23, 0.00, 0.00, 0.00, 0.00, 1.00, 0.00, 0.00, 0.00, 0.00, 1.00, 1.00, 0.00, 0.00, 0.00, 0.00, 0.00, 0.00, 0.00, 0.00
720,  0,  24.188,  0.98,  1, 0.16, 0.15, 0.39, 0.00, 0.10, 0.43, 0.19, 0.00, 0.74, 0.20, 0.25, 0.79, 0.13, 0.00, 0.06, 0.18, 0.00, 0.00, 0.00, 0.00, 1.00, 0.00, 0.00, 0.00, 0.00, 1.00, 1.00, 0.00, 1.00, 0.00, 0.00, 0.00, 0.00, 0.00, 0.00
721,  0,  24.221,  0.98,  1, 0.08, 0.10, 0.31, 0.00, 0.14, 0.50, 0.15, 0.00, 0.76, 0.35, 0.10, 0.74, 0.00, 0.00, 0.05, 0.15, 0.00, 0.00, 0.00, 0.00, 1.00, 0.00, 0.00, 0.00, 0.00, 1.00, 1.00, 0.00, 1.00, 0.00, 0.00, 0.00, 0.00, 0.00, 0.00
722,  0,  24.255,  0.98,  1, 0.03, 0.10, 0.30, 0.00, 0.15, 0.55, 0.09, 0.00, 0.79, 0.39, 0.00, 0.74, 0.00, 0.00, 0.05, 0.10, 0.00, 0.00, 0.00, 0.00, 1.00, 0.00, 0.00, 0.00, 0.00, 1.00, 1.00, 0.00, 1.00, 0.00, 1.00, 0.00, 0.00, 0.00, 0.00
723,  0,  24.288,  0.98,  1, 0.00, 0.00, 0.40, 0.00, 0.18, 0.52, 0.05, 0.00, 0.89, 0.34, 0.03, 0.62, 0.00, 0.00, 0.05, 0.11, 0.00, 0.00, 0.00, 0.00, 1.00, 0.00, 0.00, 0.00, 0.00, 1.00, 1.00, 0.00, 1.00, 0.00, 0.00, 0.00, 0.00, 0.00, 0.00
724,  0,  24.322,  0.98,  1, 0.00, 0.00, 0.51, 0.00, 0.14, 0.34, 0.01, 0.00, 0.92, 0.29, 0.05, 0.73, 0.00, 0.00, 0.10, 0.10, 0.00, 0.00, 0.00, 0.00, 1.00, 0.00, 0.00, 0.00, 0.00, 1.00, 1.00, 0.00, 1.00, 0.00, 0.00, 0.00, 0.00, 0.00, 0.00
725,  0,  24.356,  0.98,  1, 0.01, 0.00, 0.50, 0.00, 0.10, 0.25, 0.01, 0.00, 0.86, 0.25, 0.05, 0.83, 0.04, 0.00, 0.27, 0.16, 0.02, 0.00, 0.00, 0.00, 1.00, 0.00, 0.00, 0.00, 0.00, 1.00, 1.00, 0.00, 1.00, 0.00, 0.00, 0.00, 0.00, 0.00, 0.00
726,  0,  24.389,  0.98,  1, 0.09, 0.10, 0.42, 0.00, 0.04, 0.14, 0.01, 0.00, 0.80, 0.32, 0.02, 0.86, 0.04, 0.00, 0.40, 0.25, 0.02, 0.00, 0.00, 0.00, 1.00, 0.00, 0.00, 0.00, 0.00, 1.00, 1.00, 0.00, 1.00, 0.00, 0.00, 0.00, 0.00, 0.00, 0.00
727,  0,  24.423,  0.98,  1, 0.09, 0.10, 0.39, 0.00, 0.04, 0.12, 0.07, 0.00, 0.75, 0.24, 0.02, 0.68, 0.05, 0.00, 0.46, 0.32, 0.02, 0.00, 0.00, 0.00, 1.00, 0.00, 0.00, 0.00, 0.00, 1.00, 1.00, 0.00, 0.00, 0.00, 0.00, 0.00, 0.00, 0.00, 0.00
728,  0,  24.457,  0.98,  1, 0.14, 0.10, 0.41, 0.00, 0.04, 0.04, 0.09, 0.00, 0.72, 0.19, 0.06, 0.51, 0.01, 0.00, 0.33, 0.32, 0.00, 0.00, 0.00, 0.00, 1.00, 0.00, 0.00, 0.00, 0.00, 0.00, 1.00, 0.00, 1.00, 0.00, 0.00, 0.00, 0.00, 0.00, 0.00
729,  0,  24.490,  0.98,  1, 0.09, 0.00, 0.47, 0.00, 0.04, 0.12, 0.10, 0.00, 0.82, 0.06, 0.08, 0.49, 0.01, 0.00, 0.21, 0.21, 0.01, 0.00, 0.00, 0.00, 1.00, 0.00, 0.00, 0.00, 0.00, 0.00, 1.00, 0.00, 1.00, 0.00, 0.00, 0.00, 0.00, 0.00, 0.00
730,  0,  24.524,  0.98,  1, 0.15, 0.00, 0.48, 0.00, 0.06, 0.32, 0.12, 0.00, 0.85, 0.12, 0.09, 0.62, 0.00, 0.00, 0.15, 0.17, 0.01, 0.00, 0.00, 0.00, 1.00, 0.00, 0.00, 0.00, 0.00, 0.00, 1.00, 0.00, 1.00, 0.00, 0.00, 0.00, 0.00, 0.00, 0.00
731,  0,  24.558,  0.98,  1, 0.14, 0.00, 0.50, 0.00, 0.10, 0.65, 0.16, 0.00, 0.87, 0.21, 0.16, 0.88, 0.00, 0.00, 0.13, 0.16, 0.01, 0.00, 0.00, 0.00, 1.00, 0.00, 0.00, 0.00, 0.00, 0.00, 0.00, 0.00, 0.00, 0.00, 0.00, 0.00, 0.00, 0.00, 0.00
732,  0,  24.591,  0.98,  1, 0.11, 0.00, 0.44, 0.00, 0.14, 0.72, 0.18, 0.00, 0.77, 0.18, 0.29, 0.95, 0.00, 0.00, 0.13, 0.16, 0.00, 0.00, 0.00, 0.00, 1.00, 0.00, 0.00, 0.00, 0.00, 0.00, 0.00, 0.00, 1.00, 0.00, 0.00, 0.00, 0.00, 0.00, 0.00
733,  0,  24.625,  0.98,  1, 0.05, 0.00, 0.38, 0.00, 0.11, 0.55, 0.11, 0.00, 0.75, 0.09, 0.32, 0.88, 0.00, 0.00, 0.13, 0.13, 0.00, 0.00, 0.00, 0.00, 1.00, 0.00, 0.00, 0.00, 0.00, 0.00, 1.00, 0.00, 1.00, 0.00, 0.00, 0.00, 0.00, 0.00, 0.00
734,  0,  24.659,  0.98,  1, 0.01, 0.00, 0.28, 0.00, 0.05, 0.26, 0.04, 0.00, 0.74, 0.05, 0.21, 0.76, 0.04, 0.00, 0.06, 0.08, 0.00, 0.00, 0.00, 0.00, 1.00, 0.00, 0.00, 0.00, 0.00, 0.00, 1.00, 0.00, 1.00, 0.00, 0.00, 0.00, 0.00, 0.00, 0.00
735,  0,  24.692,  0.98,  1, 0.08, 0.00, 0.20, 0.00, 0.04, 0.18, 0.00, 0.00, 0.73, 0.14, 0.06, 0.69, 0.09, 0.00, 0.06, 0.08, 0.00, 0.00, 0.00, 0.00, 1.00, 0.00, 0.00, 0.00, 0.00, 0.00, 1.00, 0.00, 1.00, 0.00, 0.00, 0.00, 0.00, 0.00, 0.00
736,  0,  24.726,  0.98,  1, 0.12, 0.00, 0.23, 0.00, 0.07, 0.20, 0.02, 0.00, 0.73, 0.30, 0.09, 0.67, 0.10, 0.00, 0.07, 0.02, 0.00, 0.00, 0.00, 0.00, 1.00, 0.00, 0.00, 0.00, 0.00, 0.00, 1.00, 0.00, 0.00, 0.00, 0.00, 0.00, 0.00, 0.00, 0.00
737,  0,  24.759,  0.98,  1, 0.14, 0.00, 0.19, 0.00, 0.12, 0.25, 0.02, 0.00, 0.76, 0.37, 0.23, 0.68, 0.16, 0.00, 0.07, 0.07, 0.00, 0.00, 0.00, 0.00, 1.00, 0.00, 0.00, 0.00, 0.00, 0.00, 1.00, 0.00, 0.00, 0.00, 0.00, 0.00, 0.00, 0.00, 0.00
738,  0,  24.793,  0.98,  1, 0.16, 0.10, 0.19, 0.00, 0.14, 0.35, 0.02, 0.00, 0.88, 0.31, 0.36, 0.69, 0.12, 0.00, 0.13, 0.18, 0.00, 0.00, 0.00, 0.00, 1.00, 0.00, 0.00, 0.00, 0.00, 1.00, 1.00, 0.00, 0.00, 0.00, 0.00, 0.00, 0.00, 0.00, 0.00
739,  0,  24.827,  0.98,  1, 0.23, 0.25, 0.16, 0.00, 0.11, 0.57, 0.00, 0.00, 0.89, 0.22, 0.47, 0.67, 0.19, 0.00, 0.09, 0.17, 0.00, 0.00, 0.00, 0.00, 1.00, 0.00, 0.00, 0.00, 0.00, 1.00, 1.00, 0.00, 0.00, 0.00, 0.00, 0.00, 0.00, 0.00, 0.00
740,  0,  24.860,  0.98,  1, 0.19, 0.25, 0.27, 0.00, 0.10, 0.67, 0.00, 0.00, 0.90, 0.25, 0.54, 0.65, 0.12, 0.00, 0.14, 0.11, 0.00, 0.00, 0.00, 0.00, 1.00, 0.00, 0.00, 0.00, 0.00, 1.00, 1.00, 0.00, 0.00, 0.00, 1.00, 0.00, 0.00, 0.00, 0.00
741,  0,  24.894,  0.98,  1, 0.10, 0.15, 0.34, 0.00, 0.13, 0.84, 0.02, 0.00, 0.92, 0.28, 0.43, 0.64, 0.10, 0.00, 0.09, 0.06, 0.05, 0.00, 0.00, 0.00, 1.00, 0.00, 0.00, 0.00, 0.00, 1.00, 1.00, 0.00, 0.00, 0.00, 1.00, 0.00, 0.00, 0.00, 0.00
742,  0,  24.928,  0.98,  1, 0.04, 0.04, 0.35, 0.00, 0.15, 0.76, 0.06, 0.00, 1.02, 0.37, 0.22, 0.65, 0.04, 0.00, 0.11, 0.18, 0.06, 0.00, 0.00, 0.00, 1.00, 0.00, 0.00, 0.00, 0.00, 1.00, 1.00, 0.00, 0.00, 0.00, 1.00, 0.00, 0.00, 0.00, 1.00
743,  0,  24.961,  0.98,  1, 0.09, 0.04, 0.29, 0.00, 0.14, 0.76, 0.11, 0.00, 1.04, 0.36, 0.01, 0.60, 0.00, 0.00, 0.18, 0.27, 0.06, 0.00, 0.00, 0.00, 1.00, 0.00, 0.00, 0.00, 0.00, 1.00, 1.00, 0.00, 0.00, 0.00, 1.00, 0.00, 0.00, 0.00, 1.00
744,  0,  24.995,  0.98,  1, 0.11, 0.04, 0.34, 0.00, 0.11, 0.63, 0.09, 0.00, 0.98, 0.44, 0.03, 0.56, 0.00, 0.00, 0.22, 0.33, 0.01, 0.00, 0.00, 0.00, 1.00, 0.00, 0.00, 0.00, 0.00, 1.00, 1.00, 0.00, 0.00, 0.00, 1.00, 0.00, 0.00, 0.00, 1.00
745,  0,  25.029,  0.98,  1, 0.10, 0.00, 0.33, 0.00, 0.12, 0.66, 0.05, 0.00, 0.88, 0.53, 0.03, 0.63, 0.03, 0.00, 0.27, 0.40, 0.00, 0.00, 0.00, 0.00, 1.00, 0.00, 0.00, 0.00, 0.00, 1.00, 1.00, 0.00, 0.00, 0.00, 1.00, 0.00, 0.00, 0.00, 1.00
746,  0,  25.062,  0.98,  1, 0.10, 0.00, 0.38, 0.00, 0.14, 0.73, 0.00, 0.00, 0.79, 0.53, 0.07, 0.70, 0.04, 0.00, 0.20, 0.49, 0.00, 0.00, 0.00, 0.00, 1.00, 0.00, 0.00, 0.00, 0.00, 1.00, 1.00, 0.00, 0.00, 0.00, 1.00, 0.00, 0.00, 0.00, 1.00
747,  0,  25.096,  0.98,  1, 0.08, 0.00, 0.35, 0.00, 0.17, 0.76, 0.00, 0.00, 0.74, 0.53, 0.11, 0.78, 0.04, 0.00, 0.15, 0.48, 0.00, 0.00, 0.00, 0.00, 1.00, 0.00, 0.00, 0.00, 0.00, 1.00, 1.00, 0.00, 1.00, 0.00, 1.00, 0.00, 0.00, 0.00, 1.00
748,  0,  25.129,  0.98,  1, 0.11, 0.00, 0.40, 0.00, 0.14, 0.70, 0.03, 0.00, 0.73, 0.43, 0.11, 0.76, 0.01, 0.00, 0.06, 0.36, 0.00, 0.00, 0.00, 0.00, 1.00, 0.00, 0.00, 0.00, 0.00, 1.00, 1.00, 0.00, 1.00, 0.00, 1.00, 0.00, 0.00, 0.00, 1.00
749,  0,  25.163,  0.98,  1, 0.10, 0.00, 0.44, 0.00, 0.10, 0.76, 0.09, 0.00, 0.76, 0.33, 0.06, 0.75, 0.00, 0.00, 0.11, 0.30, 0.00, 0.00, 0.00, 0.00, 1.00, 0.00, 0.00, 0.00, 0.00, 1.00, 1.00, 0.00, 1.00, 0.00, 1.00, 0.00, 0.00, 0.00, 0.00
750,  0,  25.197,  0.98,  1, 0.23, 0.06, 0.44, 0.00, 0.08, 0.80, 0.12, 0.00, 0.86, 0.22, 0.05, 0.74, 0.05, 0.00, 0.18, 0.26, 0.00, 0.00, 0.00, 0.00, 1.00, 0.00, 0.00, 0.00, 0.00, 1.00, 1.00, 0.00, 1.00, 0.00, 1.00, 0.00, 0.00, 0.00, 0.00
751,  0,  25.230,  0.98,  1, 0.21, 0.06, 0.47, 0.00, 0.08, 0.75, 0.12, 0.00, 0.95, 0.16, 0.14, 0.71, 0.05, 0.00, 0.17, 0.20, 0.00, 0.00, 0.00, 0.00, 1.00, 0.00, 0.00, 0.00, 0.00, 1.00, 1.00, 0.00, 1.00, 0.00, 1.00, 0.00, 0.00, 0.00, 0.00
752,  0,  25.264,  0.98,  1, 0.20, 0.06, 0.36, 0.00, 0.11, 0.74, 0.15, 0.00, 1.03, 0.23, 0.23, 0.67, 0.06, 0.00, 0.14, 0.19, 0.11, 0.00, 0.00, 0.00, 1.00, 0.00, 0.00, 0.00, 0.00, 1.00, 1.00, 0.00, 1.00, 0.00, 1.00, 0.00, 0.00, 0.00, 0.00
753,  0,  25.298,  0.98,  1, 0.14, 0.00, 0.40, 0.00, 0.13, 0.80, 0.21, 0.00, 1.06, 0.34, 0.18, 0.60, 0.08, 0.00, 0.06, 0.21, 0.18, 0.00, 0.00, 0.00, 1.00, 0.00, 0.00, 0.00, 0.00, 1.00, 1.00, 0.00, 1.00, 0.00, 1.00, 0.00, 0.00, 0.00, 0.00
754,  0,  25.331,  0.98,  1, 0.17, 0.05, 0.33, 0.00, 0.17, 1.10, 0.23, 0.00, 1.05, 0.28, 0.19, 0.68, 0.08, 0.00, 0.06, 0.33, 0.18, 0.00, 0.00, 0.00, 1.00, 0.00, 0.00, 0.00, 0.00, 1.00, 1.00, 0.00, 1.00, 0.00, 1.00, 0.00, 0.00, 0.00, 0.00
755,  0,  25.365,  0.98,  1, 0.18, 0.05, 0.31, 0.00, 0.17, 1.12, 0.15, 0.00, 1.03, 0.24, 0.15, 0.81, 0.11, 0.00, 0.06, 0.29, 0.07, 0.00, 0.00, 0.00, 1.00, 0.00, 0.00, 0.00, 0.00, 1.00, 1.00, 0.00, 1.00, 0.00, 1.00, 0.00, 0.00, 0.00, 0.00
756,  0,  25.399,  0.98,  1, 0.12, 0.05, 0.22, 0.00, 0.15, 1.09, 0.08, 0.00, 0.97, 0.16, 0.23, 0.92, 0.07, 0.00, 0.09, 0.23, 0.00, 0.00, 0.00, 0.00, 1.00, 0.00, 0.00, 0.00, 0.00, 1.00, 1.00, 0.00, 0.00, 0.00, 1.00, 0.00, 0.00, 0.00, 0.00
757,  0,  25.432,  0.98,  1, 0.04, 0.00, 0.18, 0.00, 0.10, 0.79, 0.04, 0.00, 0.97, 0.14, 0.27, 0.89, 0.07, 0.00, 0.16, 0.15, 0.00, 0.00, 0.00, 0.00, 1.00, 0.00, 0.00, 0.00, 0.00, 1.00, 1.00, 0.00, 0.00, 0.00, 1.00, 0.00, 0.00, 0.00, 0.00
758,  0,  25.466,  0.98,  1, 0.00, 0.00, 0.14, 0.00, 0.06, 0.44, 0.02, 0.00, 0.98, 0.18, 0.21, 0.82, 0.03, 0.00, 0.17, 0.10, 0.00, 0.00, 0.00, 0.00, 1.00, 0.00, 0.00, 0.00, 0.00, 1.00, 1.00, 0.00, 0.00, 0.00, 1.00, 0.00, 0.00, 0.00, 0.00
759,  0,  25.500,  0.98,  1, 0.00, 0.00, 0.09, 0.00, 0.03, 0.23, 0.00, 0.00, 0.98, 0.17, 0.12, 0.65, 0.08, 0.00, 0.19, 0.14, 0.00, 0.00, 0.00, 0.00, 1.00, 0.00, 0.00, 0.00, 0.00, 1.00, 1.00, 0.00, 0.00, 0.00, 1.00, 0.00, 0.00, 0.00, 0.00
760,  0,  25.533,  0.98,  1, 0.01, 0.00, 0.14, 0.00, 0.01, 0.21, 0.04, 0.00, 0.92, 0.30, 0.00, 0.60, 0.08, 0.00, 0.17, 0.13, 0.00, 0.00, 0.00, 0.00, 1.00, 0.00, 0.00, 0.00, 0.00, 1.00, 1.00, 0.00, 0.00, 0.00, 1.00, 0.00, 0.00, 0.00, 0.00
761,  0,  25.567,  0.98,  1, 0.01, 0.00, 0.21, 0.00, 0.02, 0.37, 0.06, 0.00, 0.88, 0.36, 0.05, 0.50, 0.11, 0.00, 0.12, 0.16, 0.00, 0.00, 0.00, 0.00, 1.00, 0.00, 0.00, 0.00, 0.00, 1.00, 1.00, 0.00, 0.00, 0.00, 1.00, 0.00, 0.00, 0.00, 0.00
762,  0,  25.600,  0.98,  1, 0.11, 0.00, 0.40, 0.00, 0.06, 0.45, 0.10, 0.00, 0.84, 0.51, 0.11, 0.53, 0.15, 0.00, 0.22, 0.14, 0.00, 0.00, 0.00, 0.00, 1.00, 0.00, 0.00, 0.00, 0.00, 1.00, 1.00, 0.00, 0.00, 0.00, 1.00, 0.00, 0.00, 0.00, 0.00
763,  0,  25.634,  0.98,  1, 0.22, 0.01, 0.59, 0.00, 0.12, 0.67, 0.18, 0.10, 0.93, 0.64, 0.18, 0.61, 0.15, 0.00, 0.24, 0.15, 0.00, 0.00, 1.00, 0.00, 1.00, 0.00, 0.00, 0.00, 0.00, 1.00, 1.00, 0.00, 0.00, 0.00, 1.00, 0.00, 0.00, 0.00, 0.00
764,  0,  25.668,  0.98,  1, 0.31, 0.03, 0.88, 0.00, 0.15, 0.89, 0.22, 0.10, 0.96, 0.65, 0.20, 0.69, 0.12, 0.00, 0.24, 0.16, 0.00, 0.00, 1.00, 0.00, 1.00, 0.00, 0.00, 0.00, 0.00, 1.00, 1.00, 0.00, 0.00, 0.00, 1.00, 0.00, 0.00, 0.00, 0.00
765,  0,  25.701,  0.98,  1, 0.33, 0.11, 0.79, 0.00, 0.12, 0.92, 0.21, 0.10, 0.97, 0.64, 0.14, 0.76, 0.00, 0.00, 0.15, 0.19, 0.00, 0.00, 1.00, 0.00, 1.00, 0.00, 0.00, 0.00, 0.00, 1.00, 1.00, 0.00, 1.00, 0.00, 1.00, 0.00, 0.00, 0.00, 0.00
766,  0,  25.735,  0.98,  1, 0.32, 0.26, 0.70, 0.11, 0.07, 0.65, 0.21, 0.00, 0.92, 0.52, 0.21, 0.64, 0.00, 0.00, 0.22, 0.25, 0.00, 0.00, 1.00, 0.00, 1.00, 0.00, 0.00, 0.00, 0.00, 1.00, 1.00, 0.00, 1.00, 0.00, 1.00, 0.00, 0.00, 0.00, 0.00
767,  0,  25.769,  0.98,  1, 0.35, 0.24, 0.65, 0.19, 0.03, 0.42, 0.15, 0.00, 0.87, 0.60, 0.23, 0.71, 0.00, 0.01, 0.31, 0.23, 0.00, 0.00, 1.00, 0.00, 1.00, 0.00, 0.00, 0.00, 0.00, 1.00, 1.00, 0.00, 1.00, 0.00, 1.00, 0.00, 0.00, 0.00, 0.00
768,  0,  25.802,  0.98,  1, 0.25, 0.16, 0.77, 0.19, 0.01, 0.31, 0.13, 0.00, 0.85, 0.49, 0.35, 0.82, 0.00, 0.03, 0.46, 0.21, 0.00, 0.00, 0.00, 0.00, 1.00, 0.00, 0.00, 0.00, 0.00, 1.00, 1.00, 0.00, 1.00, 0.00, 1.00, 0.00, 0.00, 0.00, 0.00
769,  0,  25.836,  0.98,  1, 0.14, 0.00, 0.83, 0.08, 0.00, 0.38, 0.04, 0.02, 0.81, 0.55, 0.29, 0.77, 0.00, 0.03, 0.46, 0.19, 0.00, 0.00, 0.00, 0.00, 1.00, 0.00, 0.00, 0.00, 0.00, 1.00, 1.00, 0.00, 1.00, 0.00, 1.00, 0.00, 0.00, 0.00, 0.00
770,  0,  25.870,  0.98,  1, 0.06, 0.00, 0.66, 0.03, 0.03, 0.37, 0.13, 0.02, 0.82, 0.54, 0.20, 0.66, 0.04, 0.02, 0.59, 0.18, 0.00, 0.00, 0.00, 0.00, 1.00, 0.00, 0.00, 0.00, 0.00, 1.00, 1.00, 0.00, 1.00, 0.00, 1.00, 0.00, 0.00, 0.00, 0.00
771,  0,  25.903,  0.98,  1, 0.03, 0.00, 0.55, 0.03, 0.05, 0.35, 0.16, 0.02, 0.84, 0.65, 0.19, 0.64, 0.06, 0.00, 0.51, 0.11, 0.00, 0.00, 0.00, 0.00, 1.00, 0.00, 0.00, 0.00, 0.00, 1.00, 1.00, 0.00, 1.00, 0.00, 1.00, 0.00, 0.00, 0.00, 0.00
772,  0,  25.937,  0.98,  1, 0.12, 0.00, 0.55, 0.11, 0.09, 0.23, 0.17, 0.06, 0.91, 0.65, 0.21, 0.71, 0.07, 0.00, 0.37, 0.09, 0.00, 0.00, 0.00, 0.00, 1.00, 0.00, 0.00, 0.00, 0.00, 1.00, 1.00, 0.00, 1.00, 0.00, 1.00, 0.00, 0.00, 0.00, 0.00
773,  0,  25.971,  0.98,  1, 0.12, 0.00, 0.59, 0.08, 0.09, 0.10, 0.15, 0.06, 0.96, 0.60, 0.38, 0.76, 0.06, 0.00, 0.28, 0.23, 0.00, 0.00, 0.00, 0.00, 1.00, 0.00, 0.00, 0.00, 0.00, 1.00, 1.00, 0.00, 1.00, 0.00, 1.00, 0.00, 0.00, 0.00, 0.00
774,  0,  26.004,  0.98,  1, 0.12, 0.03, 0.63, 0.08, 0.09, 0.06, 0.21, 0.06, 0.96, 0.59, 0.39, 0.67, 0.04, 0.00, 0.29, 0.43, 0.06, 0.00, 0.00, 0.00, 1.00, 0.00, 0.00, 0.00, 0.00, 1.00, 1.00, 0.00, 1.00, 0.00, 1.00, 0.00, 0.00, 0.00, 0.00
775,  0,  26.038,  0.98,  1, 0.03, 0.03, 0.52, 0.00, 0.09, 0.13, 0.16, 0.00, 0.99, 0.47, 0.42, 0.78, 0.03, 0.00, 0.52, 0.61, 0.06, 0.00, 0.00, 0.00, 1.00, 0.00, 0.00, 0.00, 0.00, 1.00, 1.00, 0.00, 1.00, 0.00, 1.00, 0.00, 0.00, 0.00, 0.00
776,  0,  26.071,  0.98,  1, 0.00, 0.03, 0.56, 0.00, 0.15, 0.33, 0.18, 0.00, 1.02, 0.56, 0.25, 0.71, 0.11, 0.00, 0.54, 0.54, 0.06, 0.00, 1.00, 0.00, 1.00, 0.00, 0.00, 0.00, 0.00, 1.00, 1.00, 0.00, 1.00, 0.00, 1.00, 0.00, 0.00, 0.00, 0.00
777,  0,  26.105,  0.98,  1, 0.05, 0.00, 0.56, 0.00, 0.17, 0.44, 0.13, 0.02, 1.04, 0.55, 0.14, 0.73, 0.11, 0.00, 0.53, 0.45, 0.03, 0.00, 1.00, 0.00, 1.00, 0.00, 0.00, 0.00, 0.00, 1.00, 1.00, 0.00, 1.00, 0.00, 0.00, 0.00, 0.00, 0.00, 0.00
778,  0,  26.139,  0.98,  1, 0.18, 0.00, 0.69, 0.00, 0.21, 0.56, 0.25, 0.05, 0.96, 0.67, 0.08, 0.61, 0.14, 0.00, 0.37, 0.30, 0.03, 0.00, 1.00, 0.00, 1.00, 0.00, 0.00, 0.00, 0.00, 1.00, 1.00, 0.00, 1.00, 0.00, 0.00, 0.00, 0.00, 0.00, 0.00
779,  0,  26.172,  0.98,  1, 0.23, 0.00, 0.71, 0.00, 0.18, 0.54, 0.25, 0.06, 0.90, 0.50, 0.12, 0.61, 0.05, 0.00, 0.31, 0.21, 0.03, 0.00, 1.00, 0.00, 1.00, 0.00, 0.00, 0.00, 0.00, 1.00, 1.00, 0.00, 0.00, 0.00, 0.00, 0.00, 0.00, 0.00, 0.00
780,  0,  26.206,  0.98,  1, 0.22, 0.00, 0.77, 0.00, 0.17, 0.61, 0.31, 0.04, 0.86, 0.40, 0.16, 0.55, 0.17, 0.00, 0.28, 0.21, 0.00, 0.00, 1.00, 0.00, 1.00, 0.00, 0.00, 0.00, 0.00, 1.00, 1.00, 0.00, 0.00, 0.00, 1.00, 0.00, 0.00, 0.00, 0.00
781,  0,  26.240,  0.98,  1, 0.15, 0.00, 0.77, 0.00, 0.13, 0.59, 0.27, 0.02, 0.86, 0.27, 0.14, 0.58, 0.27, 0.00, 0.20, 0.21, 0.00, 0.00, 0.00, 0.00, 1.00, 0.00, 0.00, 0.00, 0.00, 1.00, 1.00, 0.00, 0.00, 0.00, 1.00, 0.00, 0.00, 0.00, 0.00
782,  0,  26.273,  0.98,  1, 0.11, 0.00, 0.71, 0.00, 0.16, 0.59, 0.23, 0.00, 0.92, 0.32, 0.10, 0.64, 0.31, 0.00, 0.10, 0.27, 0.00, 0.00, 0.00, 0.00, 1.00, 0.00, 0.00, 0.00, 0.00, 1.00, 1.00, 0.00, 0.00, 0.00, 1.00, 0.00, 0.00, 0.00, 0.00
783,  0,  26.307,  0.98,  1, 0.13, 0.05, 0.72, 0.00, 0.21, 0.60, 0.26, 0.00, 1.00, 0.38, 0.10, 0.59, 0.27, 0.00, 0.13, 0.34, 0.05, 0.00, 0.00, 0.00, 1.00, 0.00, 0.00, 0.00, 0.00, 1.00, 1.00, 0.00, 0.00, 0.00, 1.00, 0.00, 0.00, 0.00, 0.00
784,  0,  26.341,  0.98,  1, 0.06, 0.05, 0.69, 0.00, 0.24, 0.50, 0.32, 0.00, 1.04, 0.52, 0.13, 0.54, 0.13, 0.00, 0.27, 0.35, 0.09, 0.00, 0.00, 0.00, 1.00, 0.00, 0.00, 0.00, 0.00, 1.00, 1.00, 0.00, 0.00, 0.00, 1.00, 0.00, 0.00, 0.00, 0.00
785,  0,  26.374,  0.98,  1, 0.06, 0.05, 0.67, 0.00, 0.24, 0.53, 0.34, 0.00, 1.04, 0.58, 0.13, 0.53, 0.08, 0.00, 0.36, 0.26, 0.14, 0.00, 0.00, 0.00, 1.00, 0.00, 0.00, 0.00, 0.00, 1.00, 1.00, 0.00, 0.00, 0.00, 1.00, 0.00, 0.00, 0.00, 0.00
786,  0,  26.408,  0.98,  1, 0.00, 0.00, 0.55, 0.00, 0.22, 0.58, 0.23, 0.00, 1.05, 0.64, 0.09, 0.61, 0.06, 0.00, 0.37, 0.15, 0.22, 0.00, 0.00, 0.00, 1.00, 0.00, 0.00, 0.00, 0.00, 1.00, 1.00, 0.00, 0.00, 0.00, 1.00, 0.00, 0.00, 0.00, 0.00
787,  0,  26.441,  0.98,  1, 0.03, 0.00, 0.41, 0.00, 0.17, 0.51, 0.17, 0.00, 1.06, 0.58, 0.00, 0.55, 0.06, 0.00, 0.33, 0.06, 0.19, 0.00, 0.00, 0.00, 1.00, 0.00, 0.00, 0.00, 0.00, 1.00, 1.00, 0.00, 0.00, 0.00, 1.00, 0.00, 0.00, 0.00, 0.00
788,  0,  26.475,  0.98,  1, 0.07, 0.00, 0.34, 0.00, 0.15, 0.46, 0.13, 0.00, 1.09, 0.55, 0.02, 0.54, 0.06, 0.00, 0.38, 0.09, 0.14, 0.00, 0.00, 0.00, 1.00, 0.00, 0.00, 0.00, 0.00, 1.00, 1.00, 0.00, 0.00, 0.00, 1.00, 0.00, 0.00, 0.00, 0.00
789,  0,  26.509,  0.98,  1, 0.10, 0.00, 0.39, 0.00, 0.18, 0.53, 0.17, 0.00, 1.09, 0.48, 0.14, 0.51, 0.02, 0.00, 0.44, 0.11, 0.09, 0.00, 0.00, 0.00, 1.00, 0.00, 0.00, 0.00, 0.00, 1.00, 1.00, 0.00, 0.00, 0.00, 1.00, 0.00, 0.00, 0.00, 0.00
790,  0,  26.542,  0.98,  1, 0.15, 0.00, 0.40, 0.03, 0.23, 0.74, 0.15, 0.00, 1.09, 0.41, 0.29, 0.64, 0.02, 0.00, 0.33, 0.17, 0.15, 0.00, 0.00, 0.00, 1.00, 0.00, 0.00, 0.00, 0.00, 1.00, 1.00, 0.00, 0.00, 0.00, 1.00, 0.00, 0.00, 0.00, 0.00
791,  0,  26.576,  0.98,  1, 0.16, 0.01, 0.47, 0.03, 0.24, 0.68, 0.21, 0.00, 1.06, 0.27, 0.39, 0.64, 0.09, 0.00, 0.19, 0.23, 0.15, 0.00, 0.00, 0.00, 1.00, 0.00, 0.00, 0.00, 0.00, 1.00, 1.00, 0.00, 0.00, 0.00, 1.00, 0.00, 0.00, 0.00, 0.00
792,  0,  26.610,  0.98,  1, 0.14, 0.01, 0.43, 0.03, 0.22, 0.51, 0.22, 0.00, 1.05, 0.23, 0.32, 0.68, 0.07, 0.00, 0.12, 0.30, 0.06, 0.00, 0.00, 0.00, 1.00, 0.00, 0.00, 0.00, 0.00, 1.00, 1.00, 0.00, 0.00, 0.00, 1.00, 0.00, 0.00, 0.00, 0.00
793,  0,  26.643,  0.98,  1, 0.05, 0.01, 0.46, 0.00, 0.18, 0.39, 0.21, 0.00, 1.07, 0.26, 0.16, 0.62, 0.14, 0.00, 0.23, 0.27, 0.00, 0.00, 0.00, 0.00, 1.00, 0.00, 0.00, 0.00, 0.00, 1.00, 1.00, 0.00, 0.00, 0.00, 1.00, 0.00, 0.00, 0.00, 0.00
794,  0,  26.677,  0.98,  1, 0.02, 0.04, 0.38, 0.00, 0.14, 0.41, 0.12, 0.00, 1.08, 0.24, 0.15, 0.63, 0.08, 0.00, 0.31, 0.30, 0.00, 0.00, 0.00, 0.00, 1.00, 0.00, 0.00, 0.00, 0.00, 1.00, 1.00, 0.00, 0.00, 0.00, 1.00, 0.00, 0.00, 0.00, 0.00
795,  0,  26.711,  0.98,  1, 0.04, 0.04, 0.36, 0.00, 0.11, 0.34, 0.12, 0.00, 1.06, 0.26, 0.12, 0.59, 0.15, 0.00, 0.29, 0.35, 0.00, 0.00, 0.00, 0.00, 1.00, 0.00, 0.00, 0.00, 0.00, 1.00, 1.00, 0.00, 0.00, 0.00, 0.00, 0.00, 0.00, 0.00, 0.00
796,  0,  26.744,  0.98,  1, 0.04, 0.04, 0.34, 0.00, 0.15, 0.24, 0.07, 0.00, 1.05, 0.24, 0.12, 0.52, 0.17, 0.00, 0.25, 0.40, 0.00, 0.00, 0.00, 0.00, 1.00, 0.00, 0.00, 0.00, 0.00, 1.00, 1.00, 0.00, 0.00, 0.00, 0.00, 0.00, 0.00, 0.00, 0.00
797,  0,  26.778,  0.98,  1, 0.03, 0.00, 0.30, 0.00, 0.22, 0.23, 0.06, 0.00, 1.05, 0.35, 0.02, 0.46, 0.17, 0.00, 0.26, 0.31, 0.00, 0.00, 0.00, 0.00, 1.00, 0.00, 0.00, 0.00, 0.00, 1.00, 1.00, 0.00, 0.00, 0.00, 0.00, 0.00, 0.00, 0.00, 0.00
798,  0,  26.812,  0.98,  1, 0.00, 0.00, 0.22, 0.00, 0.19, 0.14, 0.07, 0.00, 1.03, 0.35, 0.07, 0.48, 0.21, 0.00, 0.17, 0.15, 0.00, 0.00, 0.00, 0.00, 1.00, 0.00, 0.00, 0.00, 0.00, 1.00, 1.00, 0.00, 0.00, 0.00, 0.00, 0.00, 0.00, 0.00, 0.00
799,  0,  26.845,  0.98,  1, 0.00, 0.00, 0.18, 0.00, 0.18, 0.10, 0.18, 0.00, 0.99, 0.28, 0.15, 0.70, 0.19, 0.00, 0.15, 0.15, 0.00, 0.00, 0.00, 0.00, 1.00, 0.00, 0.00, 0.00, 0.00, 1.00, 1.00, 0.00, 0.00, 0.00, 0.00, 0.00, 0.00, 0.00, 0.00
800,  0,  26.879,  0.98,  1, 0.00, 0.00, 0.19, 0.00, 0.11, 0.00, 0.20, 0.00, 0.94, 0.29, 0.18, 0.82, 0.17, 0.00, 0.15, 0.12, 0.00, 0.00, 0.00, 0.00, 1.00, 0.00, 0.00, 0.00, 0.00, 1.00, 1.00, 0.00, 0.00, 0.00, 0.00, 0.00, 0.00, 0.00, 0.00
801,  0,  26.912,  0.98,  1, 0.00, 0.00, 0.16, 0.00, 0.13, 0.04, 0.14, 0.00, 0.96, 0.40, 0.10, 0.90, 0.08, 0.02, 0.28, 0.09, 0.00, 0.00, 0.00, 0.00, 1.00, 0.00, 0.00, 0.00, 0.00, 1.00, 1.00, 0.00, 0.00, 0.00, 0.00, 0.00, 0.00, 0.00, 0.00
802,  0,  26.946,  0.98,  1, 0.00, 0.00, 0.13, 0.00, 0.14, 0.05, 0.05, 0.00, 1.00, 0.52, 0.03, 0.74, 0.03, 0.02, 0.45, 0.01, 0.00, 0.00, 0.00, 0.00, 1.00, 0.00, 0.00, 0.00, 0.00, 1.00, 1.00, 0.00, 1.00, 0.00, 0.00, 0.00, 0.00, 0.00, 0.00
803,  0,  26.980,  0.98,  1, 0.00, 0.00, 0.12, 0.00, 0.20, 0.21, 0.10, 0.03, 1.03, 0.51, 0.08, 0.70, 0.06, 0.02, 0.34, 0.04, 0.00, 0.00, 0.00, 0.00, 1.00, 0.00, 0.00, 0.00, 0.00, 1.00, 1.00, 0.00, 1.00, 0.00, 0.00, 0.00, 0.00, 0.00, 0.00
804,  0,  27.013,  0.98,  1, 0.00, 0.05, 0.18, 0.00, 0.28, 0.41, 0.10, 0.06, 1.12, 0.45, 0.11, 0.70, 0.06, 0.00, 0.22, 0.04, 0.00, 0.00, 0.00, 0.00, 1.00, 0.00, 0.00, 0.00, 0.00, 1.00, 1.00, 0.00, 1.00, 0.00, 0.00, 0.00, 0.00, 0.00, 0.00
805,  0,  27.047,  0.98,  1, 0.00, 0.05, 0.25, 0.00, 0.33, 0.55, 0.07, 0.11, 1.12, 0.58, 0.12, 0.84, 0.08, 0.00, 0.10, 0.16, 0.00, 0.00, 0.00, 0.00, 1.00, 0.00, 0.00, 0.00, 0.00, 1.00, 1.00, 0.00, 0.00, 0.00, 1.00, 0.00, 0.00, 0.00, 0.00
806,  0,  27.081,  0.98,  1, 0.00, 0.05, 0.28, 0.00, 0.39, 0.60, 0.00, 0.09, 1.17, 0.63, 0.04, 0.82, 0.06, 0.00, 0.10, 0.13, 0.00, 0.00, 0.00, 0.00, 1.00, 0.00, 0.00, 0.00, 0.00, 1.00, 1.00, 0.00, 0.00, 0.00, 1.00, 0.00, 0.00, 0.00, 0.00
807,  0,  27.114,  0.98,  1, 0.00, 0.00, 0.28, 0.00, 0.40, 0.63, 0.01, 0.05, 1.15, 0.65, 0.01, 0.75, 0.06, 0.00, 0.18, 0.17, 0.00, 0.00, 0.00, 0.00, 1.00, 0.00, 0.00, 0.00, 0.00, 1.00, 1.00, 0.00, 1.00, 0.00, 1.00, 0.00, 0.00, 0.00, 0.00
808,  0,  27.148,  0.98,  1, 0.00, 0.00, 0.13, 0.00, 0.38, 0.76, 0.01, 0.00, 1.15, 0.65, 0.03, 0.70, 0.02, 0.00, 0.13, 0.08, 0.00, 0.00, 0.00, 0.00, 1.00, 0.00, 0.00, 0.00, 0.00, 1.00, 1.00, 0.00, 1.00, 0.00, 1.00, 0.00, 0.00, 0.00, 0.00
809,  0,  27.182,  0.98,  1, 0.00, 0.00, 0.12, 0.00, 0.36, 0.75, 0.01, 0.04, 1.18, 0.61, 0.20, 0.79, 0.07, 0.00, 0.13, 0.20, 0.00, 0.00, 0.00, 0.00, 1.00, 0.00, 0.00, 0.00, 0.00, 1.00, 1.00, 0.00, 0.00, 0.00, 1.00, 0.00, 0.00, 0.00, 0.00
810,  0,  27.215,  0.98,  1, 0.00, 0.00, 0.13, 0.00, 0.32, 0.81, 0.02, 0.04, 1.10, 0.53, 0.22, 0.72, 0.07, 0.00, 0.20, 0.18, 0.00, 0.00, 0.00, 0.00, 1.00, 0.00, 0.00, 0.00, 0.00, 1.00, 1.00, 0.00, 0.00, 0.00, 1.00, 0.00, 0.00, 0.00, 0.00
811,  0,  27.249,  0.98,  1, 0.00, 0.00, 0.21, 0.00, 0.30, 0.66, 0.05, 0.04, 1.11, 0.30, 0.26, 0.63, 0.12, 0.00, 0.28, 0.23, 0.00, 0.00, 0.00, 0.00, 0.00, 0.00, 0.00, 0.00, 0.00, 1.00, 1.00, 0.00, 0.00, 0.00, 1.00, 0.00, 0.00, 0.00, 0.00
812,  0,  27.282,  0.98,  1, 0.00, 0.00, 0.26, 0.00, 0.27, 0.70, 0.05, 0.00, 1.05, 0.23, 0.09, 0.49, 0.08, 0.00, 0.37, 0.15, 0.00, 0.00, 0.00, 0.00, 0.00, 0.00, 0.00, 0.00, 0.00, 1.00, 1.00, 0.00, 1.00, 0.00, 1.00, 0.00, 0.00, 0.00, 0.00
813,  0,  27.316,  0.98,  1, 0.00, 0.00, 0.31, 0.00, 0.25, 0.57, 0.05, 0.00, 1.08, 0.23, 0.07, 0.54, 0.13, 0.00, 0.27, 0.15, 0.00, 0.00, 0.00, 0.00, 0.00, 0.00, 0.00, 0.00, 0.00, 1.00, 1.00, 0.00, 0.00, 0.00, 1.00, 0.00, 0.00, 0.00, 0.00
814,  0,  27.350,  0.98,  1, 0.00, 0.00, 0.32, 0.00, 0.17, 0.75, 0.03, 0.00, 1.08, 0.26, 0.00, 0.61, 0.05, 0.00, 0.19, 0.05, 0.00, 0.00, 0.00, 0.00, 0.00, 0.00, 0.00, 0.00, 0.00, 1.00, 1.00, 0.00, 0.00, 0.00, 1.00, 0.00, 0.00, 0.00, 0.00
815,  0,  27.383,  0.98,  1, 0.00, 0.00, 0.32, 0.00, 0.13, 0.71, 0.03, 0.00, 1.05, 0.32, 0.00, 0.59, 0.14, 0.00, 0.23, 0.04, 0.00, 0.00, 0.00, 0.00, 0.00, 0.00, 0.00, 0.00, 0.00, 1.00, 1.00, 0.00, 0.00, 0.00, 1.00, 0.00, 0.00, 0.00, 0.00
816,  0,  27.417,  0.98,  1, 0.00, 0.00, 0.32, 0.00, 0.13, 0.55, 0.00, 0.00, 1.01, 0.37, 0.06, 0.65, 0.22, 0.00, 0.18, 0.13, 0.00, 0.00, 0.00, 0.00, 1.00, 0.00, 0.00, 0.00, 0.00, 1.00, 1.00, 0.00, 0.00, 0.00, 1.00, 0.00, 0.00, 0.00, 0.00
817,  0,  27.451,  0.98,  1, 0.00, 0.00, 0.34, 0.00, 0.24, 0.56, 0.00, 0.00, 1.01, 0.28, 0.06, 0.56, 0.37, 0.00, 0.16, 0.14, 0.00, 0.00, 0.00, 0.00, 1.00, 0.00, 0.00, 0.00, 0.00, 1.00, 1.00, 0.00, 0.00, 0.00, 1.00, 0.00, 0.00, 0.00, 0.00
818,  0,  27.484,  0.98,  1, 0.00, 0.00, 0.34, 0.00, 0.36, 0.77, 0.00, 0.00, 1.07, 0.20, 0.06, 0.60, 0.30, 0.00, 0.04, 0.19, 0.00, 0.00, 0.00, 0.00, 1.00, 0.00, 0.00, 0.00, 0.00, 1.00, 1.00, 0.00, 0.00, 0.00, 1.00, 0.00, 0.00, 0.00, 0.00
819,  0,  27.518,  0.98,  1, 0.00, 0.00, 0.29, 0.00, 0.40, 0.74, 0.00, 0.00, 1.11, 0.07, 0.00, 0.54, 0.16, 0.00, 0.04, 0.08, 0.00, 0.00, 0.00, 0.00, 1.00, 0.00, 0.00, 0.00, 0.00, 1.00, 1.00, 0.00, 0.00, 0.00, 1.00, 0.00, 0.00, 0.00, 0.00
820,  0,  27.552,  0.98,  1, 0.00, 0.00, 0.27, 0.00, 0.39, 0.71, 0.00, 0.00, 1.09, 0.32, 0.00, 0.58, 0.04, 0.00, 0.02, 0.07, 0.00, 0.00, 0.00, 0.00, 1.00, 0.00, 0.00, 0.00, 0.00, 1.00, 1.00, 0.00, 0.00, 0.00, 1.00, 0.00, 0.00, 0.00, 0.00
821,  0,  27.585,  0.98,  1, 0.00, 0.00, 0.19, 0.00, 0.38, 0.41, 0.01, 0.00, 1.03, 0.46, 0.00, 0.59, 0.03, 0.00, 0.08, 0.06, 0.00, 0.00, 0.00, 0.00, 1.00, 0.00, 0.00, 0.00, 0.00, 1.00, 1.00, 0.00, 0.00, 0.00, 0.00, 0.00, 0.00, 0.00, 0.00
822,  0,  27.619,  0.98,  1, 0.04, 0.00, 0.25, 0.00, 0.40, 0.65, 0.01, 0.01, 1.04, 0.55, 0.00, 0.42, 0.03, 0.00, 0.12, 0.06, 0.00, 0.00, 0.00, 0.00, 1.00, 0.00, 0.00, 0.00, 0.00, 1.00, 1.00, 0.00, 0.00, 0.00, 0.00, 0.00, 0.00, 0.00, 0.00
823,  0,  27.653,  0.98,  1, 0.04, 0.00, 0.16, 0.00, 0.40, 0.43, 0.01, 0.01, 0.99, 0.39, 0.00, 0.47, 0.00, 0.00, 0.11, 0.06, 0.00, 0.00, 0.00, 0.00, 1.00, 0.00, 0.00, 0.00, 0.00, 0.00, 1.00, 0.00, 0.00, 0.00, 0.00, 0.00, 0.00, 0.00, 0.00
824,  0,  27.686,  0.98,  1, 0.04, 0.00, 0.13, 0.02, 0.37, 0.36, 0.00, 0.01, 0.98, 0.27, 0.00, 0.50, 0.00, 0.00, 0.05, 0.00, 0.00, 0.00, 0.00, 0.00, 1.00, 0.00, 0.00, 0.00, 0.00, 0.00, 1.00, 0.00, 0.00, 0.00, 0.00, 0.00, 0.00, 0.00, 0.00
825,  0,  27.720,  0.98,  1, 0.00, 0.00, 0.00, 0.02, 0.37, 0.15, 0.00, 0.00, 0.88, 0.27, 0.00, 0.74, 0.00, 0.00, 0.06, 0.00, 0.00, 0.00, 0.00, 0.00, 1.00, 0.00, 0.00, 0.00, 0.00, 0.00, 1.00, 0.00, 0.00, 0.00, 0.00, 0.00, 0.00, 0.00, 0.00
826,  0,  27.753,  0.98,  1, 0.00, 0.00, 0.02, 0.02, 0.35, 0.08, 0.00, 0.00, 0.92, 0.17, 0.00, 0.76, 0.00, 0.00, 0.23, 0.02, 0.00, 0.00, 0.00, 0.00, 1.00, 0.00, 0.00, 0.00, 0.00, 0.00, 1.00, 0.00, 0.00, 0.00, 0.00, 0.00, 0.00, 0.00, 0.00
827,  0,  27.787,  0.98,  1, 0.00, 0.00, 0.07, 0.00, 0.28, 0.10, 0.00, 0.00, 0.91, 0.26, 0.00, 0.85, 0.00, 0.00, 0.35, 0.09, 0.00, 0.00, 0.00, 0.00, 1.00, 0.00, 0.00, 0.00, 0.00, 0.00, 1.00, 0.00, 0.00, 0.00, 0.00, 0.00, 0.00, 0.00, 0.00
828,  0,  27.821,  0.98,  1, 0.00, 0.00, 0.07, 0.00, 0.26, 0.22, 0.00, 0.00, 1.00, 0.52, 0.00, 0.82, 0.00, 0.00, 0.40, 0.11, 0.00, 0.00, 0.00, 0.00, 1.00, 0.00, 0.00, 0.00, 0.00, 1.00, 1.00, 0.00, 0.00, 0.00, 0.00, 0.00, 0.00, 0.00, 0.00
829,  0,  27.854,  0.98,  1, 0.01, 0.00, 0.11, 0.00, 0.32, 0.34, 0.00, 0.05, 1.03, 0.85, 0.00, 0.79, 0.03, 0.00, 0.33, 0.10, 0.00, 0.00, 0.00, 0.00, 1.00, 0.00, 0.00, 0.00, 0.00, 1.00, 1.00, 0.00, 1.00, 0.00, 0.00, 0.00, 0.00, 0.00, 0.00
830,  0,  27.888,  0.98,  1, 0.01, 0.00, 0.11, 0.00, 0.39, 0.39, 0.00, 0.11, 1.11, 1.00, 0.00, 0.67, 0.15, 0.00, 0.38, 0.11, 0.00, 0.00, 0.00, 0.00, 1.00, 0.00, 0.00, 0.00, 0.00, 1.00, 1.00, 0.00, 1.00, 0.00, 0.00, 0.00, 0.00, 0.00, 0.00
831,  0,  27.922,  0.98,  1, 0.01, 0.00, 0.11, 0.00, 0.39, 0.46, 0.00, 0.14, 1.12, 0.93, 0.00, 0.71, 0.15, 0.00, 0.32, 0.15, 0.00, 0.00, 0.00, 0.00, 1.00, 0.00, 0.00, 0.00, 0.00, 1.00, 1.00, 0.00, 1.00, 0.00, 0.00, 0.00, 0.00, 0.00, 0.00
832,  0,  27.955,  0.98,  1, 0.00, 0.00, 0.06, 0.00, 0.29, 0.61, 0.00, 0.09, 1.17, 0.88, 0.00, 0.72, 0.15, 0.00, 0.31, 0.18, 0.00, 0.00, 0.00, 0.00, 1.00, 0.00, 0.00, 0.00, 0.00, 1.00, 1.00, 0.00, 0.00, 0.00, 0.00, 0.00, 0.00, 0.00, 0.00
833,  0,  27.989,  0.98,  1, 0.00, 0.00, 0.02, 0.08, 0.27, 0.78, 0.00, 0.03, 1.13, 0.83, 0.00, 0.69, 0.03, 0.00, 0.25, 0.10, 0.00, 0.00, 0.00, 0.00, 1.00, 0.00, 0.00, 0.00, 0.00, 1.00, 1.00, 0.00, 0.00, 0.00, 0.00, 0.00, 0.00, 0.00, 0.00
834,  0,  28.023,  0.98,  1, 0.00, 0.00, 0.15, 0.08, 0.26, 0.64, 0.00, 0.00, 1.19, 0.72, 0.04, 0.69, 0.03, 0.01, 0.22, 0.04, 0.00, 0.00, 0.00, 0.00, 1.00, 0.00, 0.00, 0.00, 0.00, 1.00, 1.00, 0.00, 0.00, 0.00, 0.00, 0.00, 0.00, 0.00, 0.00
835,  0,  28.056,  0.98,  1, 0.00, 0.00, 0.21, 0.08, 0.35, 0.54, 0.00, 0.02, 1.20, 0.66, 0.20, 0.72, 0.00, 0.04, 0.22, 0.06, 0.00, 0.00, 0.00, 0.00, 1.00, 0.00, 0.00, 0.00, 0.00, 1.00, 1.00, 0.00, 0.00, 0.00, 0.00, 0.00, 0.00, 0.00, 0.00
836,  0,  28.090,  0.98,  1, 0.00, 0.00, 0.28, 0.00, 0.35, 0.54, 0.00, 0.06, 1.27, 0.70, 0.27, 0.84, 0.03, 0.07, 0.14, 0.15, 0.00, 0.00, 0.00, 0.00, 1.00, 0.00, 0.00, 0.00, 0.00, 1.00, 1.00, 0.00, 0.00, 0.00, 0.00, 0.00, 0.00, 0.00, 0.00
837,  0,  28.124,  0.93,  1, 0.00, 0.00, 0.26, 0.00, 0.39, 0.64, 0.00, 0.06, 1.23, 0.82, 0.23, 0.67, 0.10, 0.08, 0.16, 0.15, 0.00, 0.00, 0.00, 0.00, 1.00, 0.00, 0.00, 0.00, 0.00, 1.00, 1.00, 0.00, 0.00, 0.00, 0.00, 0.00, 0.00, 0.00, 0.00
838,  0,  28.157,  0.98,  1, 0.00, 0.00, 0.30, 0.00, 0.35, 0.69, 0.00, 0.10, 1.30, 1.03, 0.07, 0.65, 0.10, 0.05, 0.16, 0.11, 0.00, 0.00, 0.00, 0.00, 1.00, 0.00, 0.00, 0.00, 0.00, 1.00, 1.00, 0.00, 0.00, 0.00, 0.00, 0.00, 0.00, 0.00, 0.00
839,  0,  28.191,  0.98,  1, 0.00, 0.00, 0.33, 0.00, 0.37, 0.59, 0.00, 0.06, 1.26, 1.00, 0.10, 0.59, 0.09, 0.02, 0.21, 0.02, 0.00, 0.00, 0.00, 0.00, 1.00, 0.00, 0.00, 0.00, 0.00, 1.00, 1.00, 0.00, 0.00, 0.00, 0.00, 0.00, 0.00, 0.00, 0.00
840,  0,  28.224,  0.93,  1, 0.00, 0.00, 0.28, 0.00, 0.35, 0.41, 0.00, 0.11, 1.23, 0.97, 0.10, 0.61, 0.08, 0.00, 0.23, 0.01, 0.00, 0.00, 0.00, 0.00, 1.00, 0.00, 0.00, 0.00, 0.00, 1.00, 1.00, 0.00, 0.00, 0.00, 0.00, 0.00, 0.00, 0.00, 0.00
841,  0,  28.258,  0.98,  1, 0.00, 0.00, 0.17, 0.00, 0.33, 0.18, 0.00, 0.10, 1.14, 0.68, 0.10, 0.60, 0.08, 0.00, 0.25, 0.00, 0.00, 0.00, 0.00, 0.00, 1.00, 0.00, 0.00, 0.00, 0.00, 1.00, 1.00, 0.00, 0.00, 0.00, 0.00, 0.00, 0.00, 0.00, 0.00
842,  0,  28.292,  0.98,  1, 0.00, 0.00, 0.18, 0.00, 0.31, 0.18, 0.00, 0.10, 1.11, 0.75, 0.01, 0.64, 0.08, 0.00, 0.21, 0.00, 0.00, 0.00, 0.00, 0.00, 1.00, 0.00, 0.00, 0.00, 0.00, 1.00, 1.00, 0.00, 1.00, 0.00, 0.00, 0.00, 0.00, 0.00, 0.00
843,  0,  28.325,  0.98,  1, 0.00, 0.00, 0.18, 0.00, 0.27, 0.54, 0.00, 0.07, 1.15, 0.80, 0.01, 0.83, 0.03, 0.00, 0.18, 0.00, 0.00, 0.00, 0.00, 0.00, 1.00, 0.00, 0.00, 0.00, 0.00, 1.00, 1.00, 0.00, 0.00, 0.00, 0.00, 0.00, 0.00, 0.00, 0.00
844,  0,  28.359,  0.98,  1, 0.00, 0.00, 0.21, 0.07, 0.32, 0.63, 0.00, 0.06, 1.13, 0.90, 0.01, 0.90, 0.03, 0.00, 0.11, 0.00, 0.00, 0.00, 0.00, 0.00, 1.00, 0.00, 0.00, 0.00, 0.00, 1.00, 1.00, 0.00, 1.00, 0.00, 0.00, 0.00, 0.00, 0.00, 0.00
845,  0,  28.393,  0.98,  1, 0.00, 0.00, 0.12, 0.07, 0.35, 0.71, 0.01, 0.06, 1.15, 0.75, 0.00, 0.78, 0.07, 0.00, 0.17, 0.16, 0.00, 0.00, 0.00, 0.00, 1.00, 0.00, 0.00, 0.00, 0.00, 1.00, 1.00, 0.00, 1.00, 0.00, 0.00, 0.00, 0.00, 0.00, 0.00
846,  0,  28.426,  0.98,  1, 0.00, 0.00, 0.21, 0.12, 0.37, 0.65, 0.01, 0.03, 1.16, 0.70, 0.00, 0.64, 0.11, 0.00, 0.14, 0.26, 0.00, 0.00, 0.00, 0.00, 1.00, 0.00, 0.00, 0.00, 0.00, 1.00, 1.00, 0.00, 1.00, 0.00, 0.00, 0.00, 0.00, 0.00, 0.00
847,  0,  28.460,  0.98,  1, 0.00, 0.00, 0.40, 0.05, 0.38, 0.91, 0.01, 0.00, 1.15, 0.58, 0.00, 0.60, 0.12, 0.00, 0.16, 0.28, 0.00, 0.00, 0.00, 0.00, 1.00, 0.00, 0.00, 0.00, 0.00, 1.00, 1.00, 0.00, 1.00, 0.00, 0.00, 0.00, 0.00, 0.00, 0.00
848,  0,  28.494,  0.98,  1, 0.00, 0.00, 0.55, 0.05, 0.37, 0.89, 0.00, 0.00, 1.18, 0.49, 0.05, 0.78, 0.11, 0.00, 0.06, 0.12, 0.00, 0.00, 0.00, 0.00, 1.00, 0.00, 0.00, 0.00, 0.00, 1.00, 1.00, 0.00, 1.00, 0.00, 0.00, 0.00, 0.00, 0.00, 0.00
849,  0,  28.527,  0.98,  1, 0.00, 0.00, 0.49, 0.00, 0.36, 0.98, 0.00, 0.00, 1.15, 0.34, 0.21, 0.79, 0.21, 0.00, 0.13, 0.08, 0.00, 0.00, 0.00, 0.00, 1.00, 0.00, 0.00, 0.00, 0.00, 1.00, 1.00, 0.00, 1.00, 0.00, 0.00, 0.00, 0.00, 0.00, 0.00
850,  0,  28.561,  0.98,  1, 0.00, 0.00, 0.41, 0.00, 0.35, 0.90, 0.00, 0.00, 1.20, 0.47, 0.33, 0.78, 0.27, 0.01, 0.09, 0.08, 0.00, 0.00, 0.00, 0.00, 1.00, 0.00, 0.00, 0.00, 0.00, 1.00, 1.00, 0.00, 1.00, 0.00, 0.00, 0.00, 0.00, 0.00, 0.00
851,  0,  28.594,  0.98,  1, 0.00, 0.00, 0.33, 0.01, 0.34, 0.92, 0.00, 0.00, 1.18, 0.55, 0.35, 0.73, 0.35, 0.03, 0.21, 0.17, 0.00, 0.00, 0.00, 0.00, 1.00, 0.00, 0.00, 0.00, 0.00, 1.00, 1.00, 0.00, 1.00, 0.00, 0.00, 0.00, 0.00, 0.00, 0.00
852,  0,  28.628,  0.98,  1, 0.00, 0.00, 0.30, 0.01, 0.36, 0.86, 0.00, 0.00, 1.25, 0.62, 0.33, 0.72, 0.29, 0.05, 0.24, 0.11, 0.00, 0.00, 0.00, 0.00, 1.00, 0.00, 0.00, 0.00, 0.00, 1.00, 1.00, 0.00, 0.00, 0.00, 0.00, 0.00, 0.00, 0.00, 0.00
853,  0,  28.662,  0.98,  1, 0.00, 0.00, 0.22, 0.01, 0.32, 1.03, 0.00, 0.00, 1.21, 0.65, 0.24, 0.76, 0.30, 0.04, 0.22, 0.15, 0.00, 0.00, 0.00, 0.00, 1.00, 0.00, 0.00, 0.00, 0.00, 1.00, 1.00, 0.00, 0.00, 0.00, 0.00, 0.00, 0.00, 0.00, 0.00
854,  0,  28.695,  0.98,  1, 0.00, 0.00, 0.19, 0.00, 0.34, 1.14, 0.00, 0.00, 1.24, 0.70, 0.20, 0.69, 0.16, 0.02, 0.22, 0.16, 0.00, 0.00, 0.00, 0.00, 1.00, 0.00, 0.00, 0.00, 0.00, 1.00, 1.00, 0.00, 0.00, 0.00, 1.00, 0.00, 0.00, 0.00, 0.00
855,  0,  28.729,  0.98,  1, 0.00, 0.00, 0.21, 0.00, 0.36, 1.15, 0.02, 0.00, 1.22, 0.69, 0.12, 0.63, 0.16, 0.00, 0.25, 0.23, 0.00, 0.00, 0.00, 0.00, 1.00, 0.00, 0.00, 0.00, 0.00, 1.00, 1.00, 0.00, 0.00, 0.00, 1.00, 0.00, 0.00, 0.00, 0.00
856,  0,  28.763,  0.98,  1, 0.00, 0.00, 0.26, 0.00, 0.39, 0.98, 0.02, 0.00, 1.19, 0.63, 0.26, 0.51, 0.19, 0.00, 0.25, 0.17, 0.00, 0.00, 0.00, 0.00, 0.00, 0.00, 0.00, 0.00, 0.00, 1.00, 1.00, 0.00, 0.00, 0.00, 1.00, 0.00, 0.00, 0.00, 0.00
857,  0,  28.796,  0.98,  1, 0.00, 0.00, 0.24, 0.00, 0.40, 0.90, 0.02, 0.00, 1.15, 0.55, 0.40, 0.62, 0.21, 0.00, 0.12, 0.14, 0.00, 0.00, 0.00, 0.00, 0.00, 0.00, 0.00, 0.00, 0.00, 1.00, 1.00, 0.00, 0.00, 0.00, 1.00, 0.00, 0.00, 0.00, 0.00
858,  0,  28.830,  0.98,  1, 0.00, 0.00, 0.26, 0.00, 0.46, 0.89, 0.00, 0.00, 1.15, 0.62, 0.42, 0.63, 0.29, 0.00, 0.01, 0.17, 0.00, 0.00, 0.00, 0.00, 0.00, 0.00, 0.00, 0.00, 0.00, 1.00, 1.00, 0.00, 0.00, 0.00, 1.00, 0.00, 0.00, 0.00, 0.00
859,  0,  28.864,  0.98,  1, 0.00, 0.00, 0.32, 0.00, 0.52, 0.87, 0.00, 0.00, 1.21, 0.70, 0.31, 0.66, 0.26, 0.00, 0.06, 0.17, 0.00, 0.00, 0.00, 0.00, 1.00, 0.00, 0.00, 0.00, 0.00, 1.00, 1.00, 0.00, 0.00, 0.00, 1.00, 0.00, 0.00, 0.00, 0.00
860,  0,  28.897,  0.98,  1, 0.00, 0.00, 0.37, 0.00, 0.52, 0.89, 0.00, 0.00, 1.25, 0.77, 0.23, 0.53, 0.34, 0.00, 0.18, 0.15, 0.00, 0.00, 0.00, 0.00, 0.00, 0.00, 0.00, 0.00, 0.00, 1.00, 1.00, 0.00, 0.00, 0.00, 1.00, 0.00, 0.00, 0.00, 0.00
861,  0,  28.931,  0.98,  1, 0.00, 0.00, 0.42, 0.00, 0.48, 0.83, 0.00, 0.00, 1.25, 0.84, 0.21, 0.63, 0.24, 0.01, 0.16, 0.05, 0.00, 0.00, 0.00, 0.00, 1.00, 0.00, 0.00, 0.00, 0.00, 1.00, 1.00, 0.00, 0.00, 0.00, 1.00, 0.00, 0.00, 0.00, 0.00
862,  0,  28.965,  0.98,  1, 0.00, 0.00, 0.42, 0.00, 0.45, 1.08, 0.00, 0.00, 1.28, 0.80, 0.16, 0.66, 0.28, 0.01, 0.14, 0.13, 0.00, 0.00, 0.00, 0.00, 1.00, 0.00, 0.00, 0.00, 0.00, 1.00, 1.00, 0.00, 0.00, 0.00, 1.00, 0.00, 0.00, 0.00, 0.00
863,  0,  28.998,  0.98,  1, 0.00, 0.00, 0.34, 0.02, 0.47, 1.19, 0.00, 0.00, 1.25, 0.94, 0.11, 0.69, 0.20, 0.01, 0.03, 0.11, 0.00, 0.00, 0.00, 0.00, 1.00, 0.00, 0.00, 0.00, 0.00, 1.00, 1.00, 0.00, 0.00, 0.00, 1.00, 0.00, 0.00, 0.00, 0.00
864,  0,  29.032,  0.98,  1, 0.00, 0.00, 0.24, 0.02, 0.51, 1.16, 0.00, 0.00, 1.25, 0.95, 0.10, 0.68, 0.25, 0.00, 0.03, 0.17, 0.00, 0.00, 0.00, 0.00, 1.00, 0.00, 0.00, 0.00, 0.00, 1.00, 1.00, 0.00, 1.00, 0.00, 1.00, 0.00, 0.00, 0.00, 0.00
865,  0,  29.065,  0.98,  1, 0.00, 0.00, 0.23, 0.02, 0.51, 1.02, 0.00, 0.00, 1.24, 0.92, 0.25, 0.69, 0.14, 0.00, 0.00, 0.12, 0.00, 0.00, 0.00, 0.00, 1.00, 0.00, 0.00, 0.00, 0.00, 1.00, 1.00, 0.00, 1.00, 0.00, 1.00, 0.00, 0.00, 0.00, 0.00
866,  0,  29.099,  0.98,  1, 0.00, 0.00, 0.33, 0.00, 0.50, 0.88, 0.00, 0.00, 1.24, 0.79, 0.32, 0.74, 0.23, 0.00, 0.05, 0.27, 0.00, 0.00, 0.00, 0.00, 1.00, 0.00, 0.00, 0.00, 0.00, 1.00, 1.00, 0.00, 1.00, 0.00, 1.00, 0.00, 0.00, 0.00, 0.00
867,  0,  29.133,  0.98,  1, 0.02, 0.00, 0.39, 0.00, 0.46, 0.89, 0.04, 0.00, 1.22, 0.77, 0.29, 0.70, 0.15, 0.00, 0.21, 0.28, 0.00, 0.00, 0.00, 0.00, 1.00, 0.00, 0.00, 0.00, 0.00, 1.00, 1.00, 0.00, 1.00, 0.00, 1.00, 0.00, 0.00, 0.00, 0.00
868,  0,  29.166,  0.98,  1, 0.02, 0.00, 0.38, 0.00, 0.44, 0.93, 0.06, 0.00, 1.20, 0.86, 0.21, 0.66, 0.26, 0.00, 0.38, 0.40, 0.00, 0.00, 0.00, 0.00, 1.00, 0.00, 0.00, 0.00, 0.00, 1.00, 1.00, 0.00, 1.00, 0.00, 1.00, 0.00, 0.00, 0.00, 0.00
869,  0,  29.200,  0.98,  1, 0.07, 0.00, 0.44, 0.00, 0.32, 0.88, 0.06, 0.00, 1.19, 0.82, 0.09, 0.68, 0.26, 0.00, 0.35, 0.30, 0.00, 0.00, 0.00, 0.00, 1.00, 0.00, 0.00, 0.00, 0.00, 1.00, 1.00, 0.00, 1.00, 0.00, 1.00, 0.00, 0.00, 0.00, 0.00
870,  0,  29.234,  0.98,  1, 0.05, 0.00, 0.47, 0.00, 0.26, 0.93, 0.02, 0.01, 1.18, 0.79, 0.11, 0.63, 0.38, 0.00, 0.24, 0.31, 0.00, 0.00, 0.00, 0.00, 1.00, 0.00, 0.00, 0.00, 0.00, 1.00, 1.00, 0.00, 1.00, 0.00, 0.00, 0.00, 0.00, 0.00, 0.00
871,  0,  29.267,  0.98,  1, 0.05, 0.00, 0.39, 0.00, 0.24, 0.86, 0.00, 0.01, 1.17, 0.71, 0.15, 0.55, 0.46, 0.00, 0.13, 0.21, 0.00, 0.00, 0.00, 0.00, 1.00, 0.00, 0.00, 0.00, 0.00, 1.00, 1.00, 0.00, 0.00, 0.00, 0.00, 0.00, 0.00, 0.00, 0.00
872,  0,  29.301,  0.98,  1, 0.00, 0.00, 0.23, 0.00, 0.32, 1.06, 0.00, 0.01, 1.16, 0.74, 0.15, 0.60, 0.42, 0.00, 0.10, 0.16, 0.00, 0.00, 0.00, 0.00, 1.00, 0.00, 0.00, 0.00, 0.00, 1.00, 1.00, 0.00, 0.00, 0.00, 0.00, 0.00, 0.00, 0.00, 0.00
873,  0,  29.335,  0.98,  1, 0.00, 0.00, 0.17, 0.00, 0.36, 1.18, 0.01, 0.01, 1.18, 0.62, 0.15, 0.59, 0.32, 0.00, 0.20, 0.08, 0.06, 0.00, 0.00, 0.00, 1.00, 0.00, 0.00, 0.00, 0.00, 1.00, 1.00, 0.00, 0.00, 0.00, 0.00, 0.00, 0.00, 0.00, 0.00
874,  0,  29.368,  0.98,  1, 0.00, 0.00, 0.16, 0.00, 0.40, 1.20, 0.01, 0.01, 1.16, 0.63, 0.10, 0.69, 0.13, 0.00, 0.31, 0.03, 0.06, 0.00, 0.00, 0.00, 1.00, 0.00, 0.00, 0.00, 0.00, 1.00, 1.00, 0.00, 0.00, 0.00, 0.00, 0.00, 0.00, 0.00, 0.00
875,  0,  29.402,  0.98,  1, 0.00, 0.00, 0.24, 0.00, 0.41, 1.05, 0.02, 0.01, 1.19, 0.69, 0.10, 0.56, 0.09, 0.00, 0.47, 0.00, 0.06, 0.00, 0.00, 0.00, 1.00, 0.00, 0.00, 0.00, 0.00, 1.00, 1.00, 0.00, 0.00, 0.00, 0.00, 0.00, 0.00, 0.00, 0.00
876,  0,  29.435,  0.98,  1, 0.00, 0.00, 0.23, 0.00, 0.36, 0.74, 0.02, 0.01, 1.19, 0.63, 0.07, 0.65, 0.18, 0.00, 0.44, 0.02, 0.00, 0.00, 0.00, 0.00, 1.00, 0.00, 0.00, 0.00, 0.00, 1.00, 1.00, 0.00, 0.00, 0.00, 0.00, 0.00, 0.00, 0.00, 0.00
877,  0,  29.469,  0.98,  1, 0.00, 0.00, 0.28, 0.00, 0.34, 0.51, 0.02, 0.01, 1.25, 0.48, 0.04, 0.60, 0.32, 0.00, 0.32, 0.06, 0.00, 0.00, 0.00, 0.00, 1.00, 0.00, 0.00, 0.00, 0.00, 1.00, 1.00, 0.00, 0.00, 0.00, 1.00, 0.00, 0.00, 0.00, 0.00
878,  0,  29.503,  0.98,  1, 0.00, 0.00, 0.28, 0.00, 0.37, 0.48, 0.00, 0.00, 1.30, 0.29, 0.08, 0.56, 0.46, 0.00, 0.17, 0.12, 0.00, 0.00, 0.00, 0.00, 1.00, 0.00, 0.00, 0.00, 0.00, 1.00, 1.00, 0.00, 0.00, 0.00, 1.00, 0.00, 0.00, 0.00, 0.00
879,  0,  29.536,  0.98,  1, 0.00, 0.00, 0.32, 0.00, 0.37, 0.64, 0.00, 0.00, 1.27, 0.29, 0.06, 0.41, 0.41, 0.00, 0.10, 0.11, 0.00, 0.00, 0.00, 0.00, 1.00, 0.00, 0.00, 0.00, 0.00, 1.00, 1.00, 0.00, 0.00, 0.00, 1.00, 0.00, 0.00, 0.00, 0.00
880,  0,  29.570,  0.98,  1, 0.00, 0.00, 0.39, 0.00, 0.37, 0.82, 0.00, 0.00, 1.24, 0.32, 0.08, 0.41, 0.31, 0.00, 0.08, 0.06, 0.00, 0.00, 0.00, 0.00, 1.00, 0.00, 0.00, 0.00, 0.00, 1.00, 1.00, 0.00, 0.00, 0.00, 0.00, 0.00, 0.00, 0.00, 0.00
881,  0,  29.604,  0.98,  1, 0.00, 0.00, 0.43, 0.00, 0.34, 0.85, 0.00, 0.00, 1.23, 0.34, 0.04, 0.51, 0.17, 0.00, 0.15, 0.00, 0.00, 0.00, 0.00, 0.00, 1.00, 0.00, 0.00, 0.00, 0.00, 1.00, 1.00, 0.00, 0.00, 0.00, 1.00, 0.00, 0.00, 0.00, 0.00
882,  0,  29.637,  0.98,  1, 0.00, 0.00, 0.33, 0.00, 0.34, 0.88, 0.00, 0.00, 1.22, 0.37, 0.05, 0.71, 0.07, 0.00, 0.11, 0.00, 0.00, 0.00, 0.00, 0.00, 1.00, 0.00, 0.00, 0.00, 0.00, 1.00, 1.00, 0.00, 0.00, 0.00, 1.00, 0.00, 0.00, 0.00, 0.00
883,  0,  29.671,  0.98,  1, 0.00, 0.00, 0.30, 0.00, 0.35, 1.02, 0.00, 0.00, 1.20, 0.46, 0.02, 0.78, 0.07, 0.00, 0.09, 0.00, 0.01, 0.00, 0.00, 0.00, 1.00, 0.00, 0.00, 0.00, 0.00, 1.00, 1.00, 0.00, 0.00, 0.00, 1.00, 0.00, 0.00, 0.00, 0.00
884,  0,  29.705,  0.98,  1, 0.06, 0.04, 0.29, 0.00, 0.40, 1.18, 0.00, 0.00, 1.16, 0.52, 0.02, 0.70, 0.16, 0.00, 0.00, 0.03, 0.01, 0.00, 0.00, 0.00, 1.00, 0.00, 0.00, 0.00, 0.00, 1.00, 1.00, 0.00, 0.00, 0.00, 1.00, 0.00, 0.00, 0.00, 0.00
885,  0,  29.738,  0.98,  1, 0.11, 0.04, 0.46, 0.00, 0.45, 1.20, 0.00, 0.00, 1.13, 0.64, 0.00, 0.62, 0.30, 0.00, 0.00, 0.03, 0.01, 0.00, 0.00, 0.00, 1.00, 0.00, 0.00, 0.00, 0.00, 1.00, 1.00, 0.00, 0.00, 0.00, 1.00, 0.00, 0.00, 0.00, 0.00
886,  0,  29.772,  0.98,  1, 0.16, 0.04, 0.47, 0.00, 0.46, 1.12, 0.00, 0.00, 1.11, 0.62, 0.00, 0.64, 0.32, 0.00, 0.06, 0.03, 0.00, 0.00, 0.00, 0.00, 1.00, 0.00, 0.00, 0.00, 0.00, 1.00, 1.00, 0.00, 1.00, 0.00, 1.00, 0.00, 0.00, 0.00, 0.00
887,  0,  29.806,  0.98,  1, 0.17, 0.01, 0.53, 0.00, 0.42, 1.08, 0.00, 0.00, 1.11, 0.65, 0.00, 0.66, 0.26, 0.00, 0.11, 0.00, 0.00, 0.00, 0.00, 0.00, 1.00, 0.00, 0.00, 0.00, 0.00, 1.00, 1.00, 0.00, 0.00, 0.00, 1.00, 0.00, 0.00, 0.00, 0.00
888,  0,  29.839,  0.98,  1, 0.16, 0.01, 0.51, 0.05, 0.42, 1.12, 0.07, 0.00, 1.13, 0.62, 0.08, 0.68, 0.12, 0.00, 0.12, 0.00, 0.00, 0.00, 0.00, 0.00, 1.00, 0.00, 0.00, 0.00, 0.00, 1.00, 1.00, 0.00, 0.00, 0.00, 1.00, 0.00, 0.00, 0.00, 0.00
889,  0,  29.873,  0.98,  1, 0.11, 0.01, 0.50, 0.05, 0.40, 1.13, 0.12, 0.00, 1.17, 0.64, 0.10, 0.59, 0.18, 0.00, 0.09, 0.05, 0.00, 0.00, 0.00, 0.00, 1.00, 0.00, 1.00, 0.00, 0.00, 1.00, 1.00, 0.00, 0.00, 0.00, 1.00, 0.00, 0.00, 0.00, 0.00
890,  0,  29.906,  0.98,  1, 0.04, 0.00, 0.36, 0.05, 0.40, 0.99, 0.12, 0.00, 1.20, 0.64, 0.17, 0.56, 0.24, 0.00, 0.06, 0.05, 0.00, 0.00, 0.00, 0.00, 1.00, 0.00, 1.00, 0.00, 0.00, 1.00, 1.00, 0.00, 0.00, 0.00, 1.00, 0.00, 0.00, 0.00, 0.00
891,  0,  29.940,  0.98,  1, 0.00, 0.00, 0.24, 0.00, 0.44, 1.07, 0.04, 0.01, 1.22, 0.66, 0.22, 0.50, 0.22, 0.00, 0.14, 0.05, 0.00, 0.00, 0.00, 0.00, 1.00, 0.00, 1.00, 0.00, 0.00, 1.00, 1.00, 0.00, 0.00, 0.00, 1.00, 0.00, 0.00, 0.00, 0.00
892,  0,  29.974,  0.98,  1, 0.00, 0.00, 0.16, 0.00, 0.46, 0.93, 0.00, 0.01, 1.21, 0.74, 0.24, 0.45, 0.20, 0.00, 0.11, 0.00, 0.00, 0.00, 0.00, 0.00, 1.00, 0.00, 1.00, 0.00, 0.00, 1.00, 1.00, 0.00, 0.00, 0.00, 1.00, 0.00, 0.00, 0.00, 0.00
893,  0,  30.007,  0.98,  1, 0.00, 0.00, 0.19, 0.00, 0.45, 0.91, 0.01, 0.01, 1.16, 0.79, 0.17, 0.48, 0.15, 0.00, 0.09, 0.00, 0.00, 0.00, 0.00, 0.00, 1.00, 0.00, 1.00, 0.00, 0.00, 1.00, 1.00, 0.00, 0.00, 0.00, 1.00, 0.00, 0.00, 0.00, 0.00
894,  0,  30.041,  0.98,  1, 0.00, 0.00, 0.27, 0.00, 0.39, 0.70, 0.01, 0.00, 1.13, 0.74, 0.05, 0.57, 0.15, 0.00, 0.01, 0.01, 0.00, 0.00, 0.00, 0.00, 1.00, 0.00, 0.00, 0.00, 0.00, 1.00, 1.00, 0.00, 0.00, 0.00, 1.00, 0.00, 0.00, 0.00, 0.00
895,  0,  30.075,  0.98,  1, 0.00, 0.00, 0.34, 0.00, 0.36, 0.72, 0.01, 0.00, 1.12, 0.72, 0.01, 0.64, 0.03, 0.00, 0.04, 0.02, 0.00, 0.00, 0.00, 0.00, 1.00, 0.00, 0.00, 0.00, 0.00, 1.00, 1.00, 0.00, 0.00, 0.00, 1.00, 0.00, 0.00, 0.00, 0.00
896,  0,  30.108,  0.98,  1, 0.00, 0.00, 0.37, 0.00, 0.32, 0.50, 0.00, 0.00, 1.13, 0.66, 0.01, 0.66, 0.05, 0.00, 0.12, 0.03, 0.00, 0.00, 0.00, 0.00, 1.00, 0.00, 0.00, 0.00, 0.00, 1.00, 1.00, 0.00, 0.00, 0.00, 1.00, 0.00, 0.00, 0.00, 0.00
897,  0,  30.142,  0.98,  1, 0.00, 0.00, 0.41, 0.00, 0.29, 0.33, 0.00, 0.00, 1.18, 0.66, 0.00, 0.54, 0.06, 0.00, 0.24, 0.11, 0.00, 0.00, 0.00, 0.00, 1.00, 0.00, 0.00, 0.00, 0.00, 1.00, 1.00, 0.00, 0.00, 0.00, 1.00, 0.00, 0.00, 0.00, 0.00
898,  0,  30.176,  0.98,  1, 0.00, 0.00, 0.47, 0.00, 0.26, 0.18, 0.00, 0.00, 1.19, 0.61, 0.00, 0.53, 0.06, 0.00, 0.30, 0.18, 0.00, 0.00, 0.00, 0.00, 1.00, 0.00, 0.00, 0.00, 0.00, 1.00, 1.00, 0.00, 0.00, 0.00, 0.00, 0.00, 0.00, 0.00, 0.00
899,  0,  30.209,  0.98,  1, 0.00, 0.00, 0.53, 0.00, 0.22, 0.28, 0.00, 0.00, 1.17, 0.57, 0.00, 0.50, 0.02, 0.00, 0.28, 0.23, 0.00, 0.00, 0.00, 0.00, 1.00, 0.00, 0.00, 0.00, 0.00, 1.00, 1.00, 0.00, 0.00, 0.00, 0.00, 0.00, 0.00, 0.00, 0.00
900,  0,  30.243,  0.98,  1, 0.00, 0.00, 0.50, 0.00, 0.20, 0.37, 0.00, 0.00, 1.15, 0.45, 0.08, 0.43, 0.05, 0.00, 0.30, 0.14, 0.00, 0.00, 0.00, 0.00, 1.00, 0.00, 0.00, 0.00, 0.00, 1.00, 1.00, 0.00, 0.00, 0.00, 1.00, 0.00, 0.00, 0.00, 0.00
901,  0,  30.276,  0.98,  1, 0.00, 0.00, 0.38, 0.00, 0.22, 0.34, 0.00, 0.00, 1.15, 0.38, 0.20, 0.33, 0.15, 0.00, 0.32, 0.06, 0.00, 0.00, 0.00, 0.00, 1.00, 0.00, 0.00, 0.00, 0.00, 1.00, 1.00, 0.00, 0.00, 0.00, 1.00, 0.00, 0.00, 0.00, 0.00
902,  0,  30.310,  0.98,  1, 0.00, 0.00, 0.27, 0.00, 0.25, 0.21, 0.00, 0.00, 1.18, 0.39, 0.27, 0.36, 0.22, 0.00, 0.38, 0.06, 0.00, 0.00, 0.00, 0.00, 1.00, 0.00, 0.00, 0.00, 0.00, 1.00, 1.00, 0.00, 0.00, 0.00, 1.00, 0.00, 0.00, 0.00, 0.00
903,  0,  30.344,  0.98,  1, 0.00, 0.00, 0.22, 0.00, 0.27, 0.08, 0.00, 0.00, 1.18, 0.51, 0.22, 0.47, 0.17, 0.00, 0.31, 0.15, 0.00, 0.00, 0.00, 0.00, 1.00, 0.00, 0.00, 0.00, 0.00, 1.00, 1.00, 0.00, 0.00, 0.00, 0.00, 0.00, 0.00, 0.00, 0.00
904,  0,  30.377,  0.98,  1, 0.00, 0.00, 0.23, 0.00, 0.29, 0.00, 0.00, 0.00, 1.17, 0.57, 0.16, 0.54, 0.16, 0.00, 0.26, 0.21, 0.00, 0.00, 0.00, 0.00, 1.00, 0.00, 0.00, 0.00, 0.00, 1.00, 1.00, 0.00, 0.00, 0.00, 0.00, 0.00, 0.00, 0.00, 0.00
905,  0,  30.411,  0.98,  1, 0.00, 0.00, 0.28, 0.00, 0.34, 0.00, 0.00, 0.00, 1.18, 0.57, 0.10, 0.58, 0.32, 0.00, 0.24, 0.20, 0.00, 0.00, 0.00, 0.00, 1.00, 0.00, 0.00, 0.00, 0.00, 1.00, 1.00, 0.00, 0.00, 0.00, 0.00, 0.00, 0.00, 0.00, 0.00
906,  0,  30.445,  0.98,  1, 0.00, 0.00, 0.28, 0.00, 0.38, 0.12, 0.00, 0.00, 1.21, 0.59, 0.10, 0.70, 0.41, 0.00, 0.23, 0.17, 0.00, 0.00, 0.00, 0.00, 1.00, 0.00, 0.00, 0.00, 0.00, 1.00, 1.00, 0.00, 0.00, 0.00, 0.00, 0.00, 0.00, 0.00, 0.00
907,  0,  30.478,  0.98,  1, 0.00, 0.00, 0.24, 0.00, 0.34, 0.15, 0.00, 0.00, 1.24, 0.68, 0.05, 0.74, 0.35, 0.00, 0.34, 0.12, 0.00, 0.00, 0.00, 0.00, 1.00, 0.00, 0.00, 0.00, 0.00, 1.00, 1.00, 0.00, 0.00, 0.00, 0.00, 0.00, 0.00, 0.00, 0.00
908,  0,  30.512,  0.98,  1, 0.00, 0.00, 0.18, 0.00, 0.32, 0.15, 0.00, 0.00, 1.23, 0.72, 0.13, 0.68, 0.28, 0.00, 0.36, 0.13, 0.00, 0.00, 0.00, 0.00, 1.00, 0.00, 0.00, 0.00, 0.00, 1.00, 1.00, 0.00, 0.00, 1.00, 0.00, 0.00, 0.00, 0.00, 0.00
909,  0,  30.546,  0.98,  1, 0.00, 0.00, 0.21, 0.00, 0.32, 0.12, 0.00, 0.00, 1.21, 0.78, 0.08, 0.56, 0.42, 0.00, 0.28, 0.22, 0.00, 0.00, 0.00, 0.00, 1.00, 0.00, 0.00, 0.00, 0.00, 1.00, 1.00, 0.00, 0.00, 1.00, 0.00, 0.00, 0.00, 0.00, 0.00
910,  0,  30.579,  0.98,  1, 0.00, 0.00, 0.28, 0.00, 0.30, 0.20, 0.00, 0.00, 1.12, 0.66, 0.08, 0.45, 0.56, 0.00, 0.12, 0.29, 0.00, 0.00, 0.00, 0.00, 1.00, 0.00, 0.00, 0.00, 0.00, 1.00, 1.00, 0.00, 0.00, 0.00, 0.00, 0.00, 0.00, 0.00, 0.00
911,  0,  30.613,  0.98,  1, 0.00, 0.00, 0.33, 0.00, 0.25, 0.33, 0.00, 0.00, 1.13, 0.63, 0.00, 0.39, 0.45, 0.00, 0.11, 0.30, 0.00, 0.00, 0.00, 0.00, 1.00, 0.00, 0.00, 0.00, 0.00, 1.00, 1.00, 0.00, 0.00, 0.00, 0.00, 0.00, 0.00, 0.00, 0.00
912,  0,  30.647,  0.98,  1, 0.00, 0.00, 0.29, 0.00, 0.20, 0.25, 0.00, 0.00, 1.11, 0.66, 0.00, 0.44, 0.22, 0.00, 0.17, 0.17, 0.00, 0.00, 0.00, 0.00, 1.00, 0.00, 0.00, 0.00, 0.00, 1.00, 1.00, 0.00, 0.00, 0.00, 0.00, 0.00, 0.00, 0.00, 0.00
913,  0,  30.680,  0.98,  1, 0.00, 0.00, 0.25, 0.00, 0.19, 0.14, 0.00, 0.00, 1.18, 0.72, 0.00, 0.47, 0.10, 0.00, 0.27, 0.07, 0.00, 0.00, 0.00, 0.00, 1.00, 0.00, 0.00, 0.00, 0.00, 1.00, 1.00, 0.00, 0.00, 0.00, 0.00, 0.00, 0.00, 0.00, 0.00
914,  0,  30.714,  0.98,  1, 0.00, 0.00, 0.21, 0.09, 0.23, 0.11, 0.02, 0.00, 1.12, 0.72, 0.00, 0.45, 0.11, 0.00, 0.18, 0.01, 0.00, 0.00, 0.00, 0.00, 1.00, 0.00, 0.00, 0.00, 0.00, 1.00, 1.00, 0.00, 0.00, 0.00, 0.00, 0.00, 0.00, 0.00, 0.00
915,  0,  30.747,  0.98,  1, 0.01, 0.00, 0.17, 0.17, 0.25, 0.10, 0.02, 0.00, 1.14, 0.55, 0.03, 0.41, 0.16, 0.01, 0.12, 0.00, 0.00, 0.00, 0.00, 0.00, 1.00, 0.00, 0.00, 0.00, 0.00, 1.00, 1.00, 0.00, 0.00, 0.00, 0.00, 0.00, 0.00, 0.00, 0.00
916,  0,  30.781,  0.98,  1, 0.01, 0.00, 0.12, 0.25, 0.33, 0.11, 0.02, 0.00, 1.21, 0.59, 0.03, 0.49, 0.18, 0.06, 0.01, 0.00, 0.00, 0.00, 0.00, 0.00, 1.00, 0.00, 0.00, 0.00, 0.00, 1.00, 1.00, 0.00, 0.00, 0.00, 0.00, 0.00, 0.00, 0.00, 0.00
917,  0,  30.815,  0.98,  1, 0.02, 0.00, 0.09, 0.20, 0.34, 0.10, 0.00, 0.00, 1.34, 0.63, 0.03, 0.49, 0.16, 0.06, 0.03, 0.00, 0.00, 0.00, 0.00, 0.00, 1.00, 0.00, 0.00, 0.00, 0.00, 1.00, 1.00, 0.00, 0.00, 0.00, 0.00, 0.00, 0.00, 0.00, 0.00
918,  0,  30.848,  0.98,  1, 0.02, 0.00, 0.10, 0.19, 0.34, 0.10, 0.00, 0.00, 1.38, 0.73, 0.08, 0.44, 0.20, 0.08, 0.03, 0.00, 0.00, 0.00, 0.00, 0.00, 1.00, 0.00, 0.00, 0.00, 0.00, 1.00, 1.00, 0.00, 0.00, 0.00, 0.00, 0.00, 0.00, 0.00, 0.00
919,  0,  30.882,  0.98,  1, 0.03, 0.00, 0.17, 0.15, 0.32, 0.33, 0.00, 0.00, 1.36, 0.64, 0.08, 0.33, 0.21, 0.05, 0.06, 0.00, 0.00, 0.00, 0.00, 0.00, 1.00, 0.00, 0.00, 0.00, 0.00, 1.00, 1.00, 0.00, 0.00, 0.00, 0.00, 0.00, 0.00, 0.00, 0.00
920,  0,  30.916,  0.98,  1, 0.01, 0.00, 0.17, 0.12, 0.31, 0.52, 0.00, 0.00, 1.35, 0.60, 0.08, 0.28, 0.24, 0.05, 0.03, 0.01, 0.00, 0.00, 0.00, 0.00, 1.00, 0.00, 0.00, 0.00, 0.00, 1.00, 1.00, 0.00, 0.00, 0.00, 1.00, 0.00, 0.00, 0.00, 0.00
921,  0,  30.949,  0.98,  1, 0.00, 0.00, 0.18, 0.04, 0.34, 0.81, 0.00, 0.00, 1.38, 0.47, 0.05, 0.21, 0.15, 0.02, 0.03, 0.04, 0.00, 0.00, 0.00, 0.00, 1.00, 0.00, 0.00, 0.00, 0.00, 1.00, 1.00, 0.00, 0.00, 0.00, 1.00, 0.00, 0.00, 0.00, 0.00
922,  0,  30.983,  0.98,  1, 0.00, 0.00, 0.20, 0.00, 0.33, 0.90, 0.00, 0.00, 1.36, 0.45, 0.05, 0.23, 0.08, 0.04, 0.01, 0.18, 0.00, 0.00, 0.00, 0.00, 1.00, 0.00, 0.00, 0.00, 0.00, 1.00, 1.00, 0.00, 0.00, 0.00, 1.00, 0.00, 0.00, 0.00, 0.00
923,  0,  31.017,  0.98,  1, 0.00, 0.00, 0.23, 0.00, 0.31, 0.82, 0.00, 0.00, 1.36, 0.41, 0.05, 0.26, 0.13, 0.06, 0.08, 0.27, 0.00, 0.00, 0.00, 0.00, 1.00, 0.00, 0.00, 0.00, 0.00, 1.00, 1.00, 0.00, 0.00, 0.00, 1.00, 0.00, 0.00, 0.00, 0.00
924,  0,  31.050,  0.98,  1, 0.00, 0.00, 0.24, 0.00, 0.32, 0.75, 0.00, 0.00, 1.34, 0.54, 0.05, 0.33, 0.26, 0.07, 0.15, 0.39, 0.00, 0.00, 0.00, 0.00, 1.00, 0.00, 0.00, 0.00, 0.00, 1.00, 1.00, 0.00, 0.00, 0.00, 1.00, 0.00, 0.00, 0.00, 0.00
925,  0,  31.084,  0.98,  1, 0.00, 0.00, 0.30, 0.00, 0.31, 0.75, 0.00, 0.00, 1.34, 0.69, 0.05, 0.40, 0.32, 0.06, 0.20, 0.44, 0.00, 0.00, 0.00, 0.00, 1.00, 0.00, 0.00, 0.00, 0.00, 1.00, 1.00, 0.00, 0.00, 0.00, 1.00, 0.00, 0.00, 0.00, 0.00
926,  0,  31.118,  0.98,  1, 0.00, 0.00, 0.36, 0.00, 0.28, 0.75, 0.00, 0.00, 1.33, 0.82, 0.07, 0.53, 0.22, 0.07, 0.23, 0.45, 0.00, 0.00, 0.00, 0.00, 1.00, 0.00, 0.00, 0.00, 0.00, 1.00, 1.00, 0.00, 0.00, 0.00, 1.00, 0.00, 0.00, 0.00, 0.00
927,  0,  31.151,  0.98,  1, 0.00, 0.00, 0.45, 0.00, 0.26, 0.73, 0.00, 0.00, 1.33, 0.84, 0.01, 0.57, 0.09, 0.06, 0.16, 0.37, 0.00, 0.00, 0.00, 0.00, 1.00, 0.00, 0.00, 0.00, 0.00, 1.00, 1.00, 0.00, 0.00, 0.00, 1.00, 0.00, 0.00, 0.00, 0.00
928,  0,  31.185,  0.98,  1, 0.00, 0.00, 0.47, 0.00, 0.24, 0.60, 0.00, 0.00, 1.28, 0.80, 0.05, 0.53, 0.05, 0.04, 0.10, 0.24, 0.00, 0.00, 0.00, 0.00, 1.00, 0.00, 0.00, 0.00, 0.00, 1.00, 1.00, 0.00, 0.00, 0.00, 1.00, 0.00, 0.00, 0.00, 0.00
929,  0,  31.218,  0.98,  1, 0.00, 0.00, 0.47, 0.11, 0.23, 0.57, 0.00, 0.00, 1.26, 0.77, 0.04, 0.55, 0.04, 0.00, 0.01, 0.15, 0.00, 0.00, 0.00, 0.00, 1.00, 0.00, 0.00, 0.00, 0.00, 1.00, 1.00, 0.00, 0.00, 0.00, 1.00, 0.00, 0.00, 0.00, 0.00
930,  0,  31.252,  0.98,  1, 0.00, 0.00, 0.39, 0.25, 0.21, 0.35, 0.00, 0.00, 1.15, 0.62, 0.04, 0.52, 0.03, 0.00, 0.12, 0.16, 0.00, 0.00, 0.00, 0.00, 1.00, 0.00, 0.00, 0.00, 0.00, 1.00, 1.00, 0.00, 0.00, 0.00, 0.00, 0.00, 0.00, 0.00, 0.00
931,  0,  31.286,  0.98,  1, 0.02, 0.00, 0.32, 0.38, 0.19, 0.26, 0.00, 0.00, 1.16, 0.51, 0.00, 0.38, 0.00, 0.00, 0.23, 0.23, 0.00, 0.00, 0.00, 0.00, 1.00, 0.00, 0.00, 0.00, 0.00, 1.00, 1.00, 0.00, 0.00, 0.00, 0.00, 0.00, 0.00, 0.00, 0.00
932,  0,  31.319,  0.98,  1, 0.02, 0.00, 0.20, 0.27, 0.13, 0.10, 0.00, 0.00, 1.10, 0.34, 0.00, 0.30, 0.00, 0.00, 0.29, 0.25, 0.00, 0.00, 0.00, 0.00, 1.00, 0.00, 0.00, 0.00, 0.00, 1.00, 1.00, 0.00, 0.00, 0.00, 0.00, 0.00, 0.00, 0.00, 0.00
933,  0,  31.353,  0.98,  1, 0.02, 0.00, 0.18, 0.12, 0.10, 0.10, 0.00, 0.00, 1.15, 0.31, 0.00, 0.20, 0.02, 0.00, 0.35, 0.17, 0.00, 0.00, 0.00, 0.00, 1.00, 0.00, 0.00, 0.00, 0.00, 1.00, 1.00, 0.00, 0.00, 0.00, 0.00, 0.00, 0.00, 0.00, 0.00
934,  0,  31.387,  0.98,  1, 0.00, 0.00, 0.11, 0.00, 0.08, 0.00, 0.03, 0.00, 1.12, 0.44, 0.00, 0.29, 0.09, 0.00, 0.37, 0.13, 0.00, 0.00, 0.00, 0.00, 1.00, 0.00, 0.00, 0.00, 0.00, 1.00, 1.00, 0.00, 0.00, 0.00, 0.00, 0.00, 0.00, 0.00, 0.00
935,  0,  31.420,  0.98,  1, 0.00, 0.00, 0.12, 0.00, 0.14, 0.00, 0.03, 0.00, 1.13, 0.66, 0.00, 0.22, 0.16, 0.00, 0.42, 0.10, 0.00, 0.00, 0.00, 0.00, 1.00, 0.00, 0.00, 0.00, 0.00, 1.00, 1.00, 0.00, 0.00, 0.00, 0.00, 0.00, 0.00, 0.00, 0.00
936,  0,  31.454,  0.98,  1, 0.00, 0.00, 0.06, 0.00, 0.11, 0.00, 0.03, 0.00, 1.13, 0.85, 0.00, 0.21, 0.16, 0.00, 0.32, 0.13, 0.00, 0.00, 0.00, 0.00, 1.00, 0.00, 0.00, 0.00, 0.00, 1.00, 1.00, 0.00, 0.00, 0.00, 0.00, 0.00, 0.00, 0.00, 0.00
937,  0,  31.488,  0.98,  1, 0.00, 0.00, 0.00, 0.00, 0.02, 0.00, 0.00, 0.00, 1.14, 0.81, 0.00, 0.14, 0.07, 0.00, 0.21, 0.08, 0.00, 0.00, 0.00, 0.00, 1.00, 0.00, 0.00, 0.00, 0.00, 1.00, 1.00, 0.00, 0.00, 0.00, 0.00, 0.00, 0.00, 0.00, 0.00
