frame, face_id, timestamp, confidence, success, AU01_r, AU02_r, AU04_r, AU05_r, AU06_r, AU07_r, AU09_r, AU10_r, AU12_r, AU14_r, AU15_r, AU17_r, AU20_r, AU23_r, AU25_r, AU26_r, AU45_r, AU01_c, AU02_c, AU04_c, AU05_c, AU06_c, AU07_c, AU09_c, AU10_c, AU12_c, AU14_c, AU15_c, AU17_c, AU20_c, AU23_c, AU25_c, AU26_c, AU28_c, AU45_c
1,  0,  0.000,  0.98,  1, 0.03, 0.00, 0.18, 0.00, 0.05, 1.04, 0.31, 0.00, 0.63, 0.74, 0.18, 1.66, 0.31, 0.00, 0.00, 0.44, 0.00, 0.00, 0.00, 0.00, 1.00, 0.00, 0.00, 0.00, 0.00, 0.00, 1.00, 1.00, 1.00, 0.00, 1.00, 0.00, 0.00, 0.00, 1.00
2,  0,  0.034,  0.98,  1, 0.37, 0.01, 0.22, 0.00, 0.02, 0.49, 0.20, 0.00, 0.61, 0.44, 0.31, 1.93, 0.21, 0.00, 0.02, 0.55, 0.00, 0.00, 0.00, 0.00, 1.00, 0.00, 0.00, 0.00, 0.00, 0.00, 0.00, 1.00, 1.00, 1.00, 1.00, 0.00, 0.00, 0.00, 0.00
3,  0,  0.067,  0.98,  1, 0.46, 0.08, 0.16, 0.00, 0.00, 0.14, 0.09, 0.00, 0.61, 0.27, 0.42, 1.97, 0.13, 0.00, 0.06, 0.49, 0.00, 0.00, 0.00, 0.00, 1.00, 0.00, 0.00, 0.00, 0.00, 0.00, 1.00, 1.00, 1.00, 1.00, 1.00, 0.00, 0.00, 0.00, 1.00
4,  0,  0.101,  0.98,  1, 0.37, 0.08, 0.06, 0.00, 0.00, 0.14, 0.07, 0.00, 0.62, 0.22, 0.47, 1.93, 0.11, 0.00, 0.17, 0.47, 0.00, 0.00, 0.00, 0.00, 1.00, 0.00, 0.00, 0.00, 0.00, 0.00, 0.00, 1.00, 1.00, 0.00, 1.00, 0.00, 0.00, 0.00, 0.00
5,  0,  0.134,  0.98,  1, 0.31, 0.07, 0.07, 0.00, 0.00, 0.00, 0.08, 0.00, 0.60, 0.19, 0.54, 1.77, 0.15, 0.00, 0.16, 0.53, 0.00, 0.00, 0.00, 0.00, 1.00, 0.00, 0.00, 0.00, 0.00, 0.00, 0.00, 1.00, 1.00, 1.00, 1.00, 0.00, 0.00, 0.00, 0.00
6,  0,  0.168,  0.98,  1, 0.32, 0.00, 0.11, 0.00, 0.00, 0.00, 0.09, 0.00, 0.58, 0.14, 0.61, 1.77, 0.13, 0.00, 0.23, 0.61, 0.00, 0.00, 0.00, 0.00, 1.00, 0.00, 0.00, 0.00, 0.00, 0.00, 0.00, 1.00, 1.00, 1.00, 1.00, 0.00, 0.00, 0.00, 0.00
7,  0,  0.202,  0.98,  1, 0.33, 0.00, 0.12, 0.00, 0.00, 0.00, 0.07, 0.00, 0.56, 0.14, 0.71, 1.76, 0.20, 0.00, 0.21, 0.57, 0.00, 0.00, 0.00, 0.00, 1.00, 0.00, 0.00, 0.00, 0.00, 0.00, 0.00, 1.00, 1.00, 1.00, 1.00, 0.00, 0.00, 0.00, 0.00
8,  0,  0.235,  0.98,  1, 0.30, 0.00, 0.10, 0.00, 0.00, 0.00, 0.07, 0.00, 0.60, 0.14, 0.70, 1.72, 0.16, 0.00, 0.25, 0.63, 0.00, 0.00, 0.00, 0.00, 1.00, 0.00, 0.00, 0.00, 0.00, 0.00, 0.00, 1.00, 1.00, 1.00, 1.00, 0.00, 0.00, 0.00, 0.00
9,  0,  0.269,  0.98,  1, 0.30, 0.00, 0.13, 0.00, 0.00, 0.20, 0.12, 0.00, 0.61, 0.18, 0.69, 1.73, 0.22, 0.00, 0.16, 0.75, 0.00, 0.00, 0.00, 0.00, 1.00, 0.00, 0.00, 0.00, 0.00, 0.00, 0.00, 1.00, 1.00, 1.00, 1.00, 0.00, 0.00, 0.00, 0.00
10,  0,  0.302,  0.98,  1, 0.25, 0.00, 0.15, 0.00, 0.00, 0.28, 0.17, 0.00, 0.60, 0.17, 0.56, 1.76, 0.16, 0.00, 0.11, 0.73, 0.00, 0.00, 0.00, 0.00, 1.00, 0.00, 0.00, 0.00, 0.00, 0.00, 0.00, 1.00, 1.00, 0.00, 1.00, 0.00, 0.00, 0.00, 0.00
11,  0,  0.336,  0.98,  1, 0.15, 0.00, 0.14, 0.00, 0.00, 0.55, 0.20, 0.00, 0.64, 0.07, 0.54, 1.82, 0.10, 0.00, 0.10, 0.71, 0.00, 0.00, 0.00, 0.00, 1.00, 0.00, 0.00, 0.00, 0.00, 0.00, 0.00, 1.00, 1.00, 0.00, 1.00, 0.00, 0.00, 0.00, 0.00
12,  0,  0.370,  0.98,  1, 0.04, 0.00, 0.12, 0.00, 0.00, 0.48, 0.18, 0.00, 0.74, 0.07, 0.52, 1.96, 0.04, 0.00, 0.08, 0.82, 0.00, 0.00, 0.00, 0.00, 1.00, 0.00, 0.00, 0.00, 0.00, 0.00, 0.00, 1.00, 1.00, 0.00, 1.00, 0.00, 0.00, 0.00, 0.00
13,  0,  0.403,  0.98,  1, 0.01, 0.00, 0.09, 0.00, 0.00, 0.46, 0.12, 0.00, 0.81, 0.19, 0.59, 1.98, 0.00, 0.00, 0.04, 1.03, 0.00, 0.00, 0.00, 0.00, 1.00, 0.00, 0.00, 0.00, 0.00, 0.00, 0.00, 1.00, 1.00, 0.00, 1.00, 0.00, 0.00, 0.00, 0.00
14,  0,  0.437,  0.98,  1, 0.01, 0.00, 0.12, 0.00, 0.00, 0.27, 0.13, 0.00, 0.80, 0.19, 0.51, 1.98, 0.00, 0.00, 0.00, 0.97, 0.00, 0.00, 0.00, 0.00, 1.00, 0.00, 0.00, 0.00, 0.00, 0.00, 0.00, 1.00, 1.00, 0.00, 1.00, 0.00, 0.00, 0.00, 0.00
15,  0,  0.470,  0.98,  1, 0.01, 0.00, 0.09, 0.00, 0.00, 0.17, 0.14, 0.00, 0.78, 0.24, 0.38, 1.83, 0.07, 0.00, 0.00, 0.81, 0.00, 0.00, 0.00, 0.00, 1.00, 0.00, 0.00, 0.00, 0.00, 0.00, 0.00, 1.00, 1.00, 0.00, 1.00, 0.00, 0.00, 0.00, 0.00
16,  0,  0.504,  0.98,  1, 0.00, 0.00, 0.10, 0.00, 0.02, 0.30, 0.15, 0.00, 0.85, 0.33, 0.22, 1.85, 0.15, 0.00, 0.02, 0.70, 0.00, 0.00, 0.00, 0.00, 1.00, 0.00, 0.00, 0.00, 0.00, 0.00, 1.00, 1.00, 1.00, 0.00, 1.00, 0.00, 0.00, 0.00, 0.00
17,  0,  0.537,  0.98,  1, 0.00, 0.00, 0.02, 0.00, 0.08, 0.23, 0.07, 0.00, 0.97, 0.45, 0.35, 1.79, 0.28, 0.00, 0.07, 0.69, 0.00, 0.00, 0.00, 0.00, 1.00, 0.00, 0.00, 0.00, 0.00, 1.00, 1.00, 1.00, 1.00, 0.00, 1.00, 0.00, 0.00, 0.00, 0.00
18,  0,  0.571,  0.98,  1, 0.00, 0.00, 0.01, 0.00, 0.15, 0.19, 0.07, 0.00, 1.05, 0.48, 0.36, 1.79, 0.39, 0.00, 0.08, 0.68, 0.00, 0.00, 0.00, 0.00, 1.00, 0.00, 0.00, 0.00, 0.00, 1.00, 1.00, 1.00, 1.00, 0.00, 0.00, 0.00, 0.00, 0.00, 0.00
19,  0,  0.605,  0.98,  1, 0.00, 0.00, 0.00, 0.00, 0.18, 0.00, 0.10, 0.00, 1.07, 0.32, 0.38, 1.71, 0.40, 0.00, 0.18, 0.69, 0.00, 0.00, 0.00, 0.00, 1.00, 0.00, 0.00, 0.00, 0.00, 1.00, 1.00, 1.00, 1.00, 0.00, 0.00, 0.00, 0.00, 0.00, 0.00
20,  0,  0.638,  0.98,  1, 0.05, 0.00, 0.05, 0.00, 0.23, 0.05, 0.17, 0.00, 1.10, 0.44, 0.29, 1.71, 0.46, 0.00, 0.18, 0.67, 0.00, 0.00, 0.00, 0.00, 1.00, 0.00, 0.00, 0.00, 0.00, 1.00, 1.00, 1.00, 1.00, 0.00, 1.00, 0.00, 0.00, 0.00, 0.00
21,  0,  0.672,  0.98,  1, 0.08, 0.00, 0.07, 0.00, 0.24, 0.16, 0.21, 0.00, 1.12, 0.48, 0.28, 1.74, 0.48, 0.00, 0.17, 0.70, 0.00, 0.00, 0.00, 0.00, 1.00, 0.00, 0.00, 0.00, 0.00, 1.00, 1.00, 1.00, 1.00, 0.00, 1.00, 0.00, 0.00, 0.00, 0.00
22,  0,  0.705,  0.98,  1, 0.08, 0.00, 0.09, 0.00, 0.25, 0.20, 0.20, 0.00, 1.13, 0.59, 0.32, 1.72, 0.44, 0.00, 0.10, 0.67, 0.00, 0.00, 0.00, 0.00, 1.00, 0.00, 0.00, 0.00, 0.00, 1.00, 1.00, 1.00, 1.00, 0.00, 1.00, 0.00, 0.00, 0.00, 0.00
23,  0,  0.739,  0.98,  1, 0.05, 0.00, 0.07, 0.00, 0.27, 0.15, 0.15, 0.00, 1.16, 0.52, 0.25, 1.87, 0.27, 0.00, 0.18, 0.72, 0.00, 0.00, 0.00, 0.00, 1.00, 0.00, 0.00, 0.00, 0.00, 1.00, 1.00, 1.00, 1.00, 0.00, 1.00, 0.00, 0.00, 0.00, 0.00
24,  0,  0.773,  0.98,  1, 0.08, 0.00, 0.07, 0.00, 0.30, 0.15, 0.13, 0.00, 1.21, 0.50, 0.21, 1.89, 0.12, 0.00, 0.22, 0.72, 0.00, 0.00, 0.00, 0.00, 1.00, 0.00, 0.00, 0.00, 0.00, 1.00, 1.00, 1.00, 1.00, 0.00, 1.00, 0.00, 0.00, 0.00, 0.00
25,  0,  0.806,  0.98,  1, 0.15, 0.01, 0.06, 0.00, 0.34, 0.26, 0.08, 0.00, 1.23, 0.65, 0.13, 1.82, 0.14, 0.00, 0.26, 0.77, 0.00, 0.00, 0.00, 0.00, 1.00, 0.00, 0.00, 0.00, 0.00, 1.00, 1.00, 1.00, 1.00, 0.00, 1.00, 0.00, 0.00, 0.00, 0.00
26,  0,  0.840,  0.98,  1, 0.15, 0.02, 0.07, 0.00, 0.34, 0.44, 0.10, 0.00, 1.23, 0.65, 0.16, 1.72, 0.21, 0.00, 0.21, 0.86, 0.00, 0.00, 0.00, 0.00, 1.00, 0.00, 0.00, 0.00, 0.00, 1.00, 1.00, 1.00, 1.00, 0.00, 1.00, 0.00, 0.00, 0.00, 0.00
27,  0,  0.873,  0.98,  1, 0.08, 0.02, 0.13, 0.00, 0.31, 0.52, 0.06, 0.00, 1.21, 0.68, 0.16, 1.72, 0.29, 0.00, 0.17, 1.01, 0.00, 0.00, 0.00, 0.00, 1.00, 0.00, 0.00, 0.00, 0.00, 1.00, 1.00, 1.00, 1.00, 0.00, 1.00, 0.00, 0.00, 0.00, 0.00
28,  0,  0.907,  0.98,  1, 0.01, 0.01, 0.18, 0.00, 0.31, 0.55, 0.09, 0.00, 1.21, 0.49, 0.13, 1.78, 0.30, 0.00, 0.07, 0.99, 0.00, 0.00, 0.00, 0.00, 1.00, 0.00, 0.00, 0.00, 0.00, 1.00, 1.00, 1.00, 1.00, 0.00, 1.00, 0.00, 0.00, 0.00, 0.00
29,  0,  0.941,  0.98,  1, 0.02, 0.00, 0.18, 0.00, 0.31, 0.61, 0.08, 0.00, 1.19, 0.41, 0.11, 1.79, 0.35, 0.00, 0.04, 0.89, 0.00, 0.00, 0.00, 0.00, 1.00, 0.00, 0.00, 0.00, 0.00, 1.00, 1.00, 1.00, 1.00, 1.00, 1.00, 0.00, 0.00, 0.00, 0.00
30,  0,  0.974,  0.98,  1, 0.03, 0.00, 0.15, 0.00, 0.36, 0.61, 0.19, 0.00, 1.18, 0.31, 0.05, 1.69, 0.37, 0.00, 0.03, 0.73, 0.00, 0.00, 0.00, 0.00, 1.00, 0.00, 0.00, 0.00, 0.00, 1.00, 1.00, 1.00, 1.00, 1.00, 1.00, 0.00, 0.00, 0.00, 0.00
31,  0,  1.008,  0.98,  1, 0.11, 0.00, 0.14, 0.00, 0.40, 0.64, 0.23, 0.00, 1.18, 0.23, 0.11, 1.70, 0.40, 0.00, 0.09, 0.64, 0.00, 0.00, 0.00, 0.00, 1.00, 0.00, 0.00, 0.00, 0.00, 1.00, 1.00, 1.00, 1.00, 0.00, 1.00, 0.00, 0.00, 0.00, 0.00
32,  0,  1.041,  0.98,  1, 0.11, 0.00, 0.14, 0.00, 0.38, 0.66, 0.24, 0.00, 1.13, 0.21, 0.06, 1.62, 0.26, 0.00, 0.14, 0.70, 0.00, 0.00, 0.00, 0.00, 1.00, 0.00, 0.00, 0.00, 0.00, 1.00, 1.00, 1.00, 1.00, 0.00, 1.00, 0.00, 0.00, 0.00, 0.00
33,  0,  1.075,  0.98,  1, 0.10, 0.00, 0.17, 0.00, 0.33, 0.72, 0.17, 0.00, 1.08, 0.19, 0.06, 1.71, 0.12, 0.00, 0.24, 0.64, 0.00, 0.00, 0.00, 0.00, 1.00, 0.00, 0.00, 0.00, 0.00, 1.00, 1.00, 1.00, 1.00, 0.00, 1.00, 0.00, 0.00, 0.00, 0.00
34,  0,  1.109,  0.98,  1, 0.06, 0.00, 0.20, 0.00, 0.30, 0.77, 0.18, 0.00, 1.04, 0.26, 0.00, 1.73, 0.05, 0.00, 0.18, 0.59, 0.00, 0.00, 0.00, 0.00, 1.00, 0.00, 0.00, 0.00, 0.00, 1.00, 1.00, 1.00, 1.00, 0.00, 1.00, 0.00, 0.00, 0.00, 0.00
35,  0,  1.142,  0.98,  1, 0.05, 0.00, 0.20, 0.00, 0.29, 0.77, 0.23, 0.00, 1.04, 0.31, 0.00, 1.62, 0.05, 0.00, 0.20, 0.53, 0.00, 0.00, 0.00, 0.00, 1.00, 0.00, 0.00, 0.00, 0.00, 1.00, 1.00, 1.00, 1.00, 0.00, 1.00, 0.00, 0.00, 0.00, 0.00
36,  0,  1.176,  0.98,  1, 0.06, 0.00, 0.19, 0.00, 0.26, 0.77, 0.24, 0.00, 1.00, 0.22, 0.13, 1.57, 0.11, 0.00, 0.14, 0.61, 0.00, 0.00, 0.00, 0.00, 1.00, 0.00, 0.00, 0.00, 0.00, 1.00, 1.00, 1.00, 1.00, 0.00, 1.00, 0.00, 0.00, 0.00, 0.00
37,  0,  1.209,  0.98,  1, 0.04, 0.00, 0.16, 0.00, 0.28, 0.79, 0.26, 0.00, 1.01, 0.17, 0.21, 1.45, 0.06, 0.00, 0.22, 0.67, 0.00, 0.00, 0.00, 0.00, 1.00, 0.00, 0.00, 0.00, 0.00, 1.00, 0.00, 1.00, 1.00, 0.00, 1.00, 0.00, 0.00, 0.00, 0.00
38,  0,  1.243,  0.98,  1, 0.09, 0.00, 0.13, 0.00, 0.27, 0.80, 0.27, 0.00, 1.03, 0.11, 0.31, 1.51, 0.12, 0.00, 0.17, 0.65, 0.00, 0.00, 0.00, 0.00, 1.00, 0.00, 0.00, 0.00, 0.00, 1.00, 0.00, 1.00, 1.00, 1.00, 0.00, 0.00, 0.00, 0.00, 0.00
39,  0,  1.277,  0.98,  1, 0.17, 0.00, 0.15, 0.00, 0.31, 0.78, 0.41, 0.00, 1.07, 0.11, 0.23, 1.37, 0.24, 0.00, 0.15, 0.61, 0.00, 0.00, 0.00, 0.00, 1.00, 0.00, 0.00, 0.00, 0.00, 1.00, 0.00, 1.00, 1.00, 1.00, 0.00, 0.00, 0.00, 0.00, 0.00
40,  0,  1.310,  0.98,  1, 0.19, 0.05, 0.16, 0.00, 0.27, 0.66, 0.42, 0.00, 1.03, 0.16, 0.22, 1.53, 0.35, 0.00, 0.10, 0.60, 0.00, 0.00, 0.00, 0.00, 1.00, 0.00, 0.00, 0.00, 0.00, 1.00, 0.00, 1.00, 1.00, 1.00, 0.00, 0.00, 0.00, 0.00, 0.00
41,  0,  1.344,  0.98,  1, 0.23, 0.05, 0.23, 0.00, 0.27, 0.44, 0.42, 0.00, 0.99, 0.22, 0.12, 1.56, 0.47, 0.00, 0.12, 0.52, 0.05, 0.00, 0.00, 0.00, 1.00, 0.00, 0.00, 0.00, 0.00, 1.00, 0.00, 1.00, 1.00, 1.00, 0.00, 0.00, 0.00, 0.00, 0.00
42,  0,  1.377,  0.98,  1, 0.29, 0.05, 0.18, 0.00, 0.23, 0.35, 0.33, 0.00, 0.98, 0.33, 0.07, 1.62, 0.44, 0.00, 0.09, 0.40, 0.05, 0.00, 0.00, 0.00, 1.00, 0.00, 0.00, 0.00, 0.00, 1.00, 0.00, 1.00, 1.00, 1.00, 0.00, 0.00, 0.00, 0.00, 0.00
43,  0,  1.411,  0.98,  1, 0.29, 0.00, 0.19, 0.00, 0.20, 0.23, 0.31, 0.00, 0.97, 0.28, 0.00, 1.54, 0.46, 0.00, 0.06, 0.28, 0.10, 0.00, 0.00, 0.00, 1.00, 0.00, 0.00, 0.00, 0.00, 1.00, 0.00, 1.00, 1.00, 1.00, 0.00, 0.00, 0.00, 0.00, 0.00
44,  0,  1.445,  0.98,  1, 0.25, 0.00, 0.10, 0.00, 0.18, 0.26, 0.29, 0.00, 1.01, 0.24, 0.04, 1.53, 0.36, 0.00, 0.08, 0.28, 0.07, 0.00, 0.00, 0.00, 1.00, 0.00, 0.00, 0.00, 0.00, 1.00, 0.00, 1.00, 1.00, 1.00, 0.00, 0.00, 0.00, 0.00, 0.00
45,  0,  1.478,  0.98,  1, 0.11, 0.00, 0.11, 0.00, 0.18, 0.15, 0.31, 0.00, 1.04, 0.18, 0.07, 1.63, 0.33, 0.00, 0.16, 0.37, 0.09, 0.00, 0.00, 0.00, 1.00, 0.00, 0.00, 0.00, 0.00, 1.00, 0.00, 1.00, 1.00, 1.00, 0.00, 0.00, 0.00, 0.00, 1.00
46,  0,  1.512,  0.98,  1, 0.11, 0.00, 0.05, 0.00, 0.20, 0.22, 0.29, 0.00, 1.10, 0.22, 0.14, 1.60, 0.34, 0.00, 0.23, 0.50, 0.04, 0.00, 0.00, 0.00, 1.00, 0.00, 0.00, 0.00, 0.00, 1.00, 0.00, 1.00, 1.00, 1.00, 0.00, 0.00, 0.00, 0.00, 1.00
47,  0,  1.545,  0.98,  1, 0.09, 0.03, 0.04, 0.00, 0.27, 0.34, 0.35, 0.00, 1.15, 0.21, 0.11, 1.63, 0.26, 0.00, 0.20, 0.62, 0.02, 0.00, 0.00, 0.00, 1.00, 0.00, 0.00, 0.00, 0.00, 1.00, 0.00, 1.00, 1.00, 1.00, 0.00, 0.00, 0.00, 0.00, 1.00
48,  0,  1.579,  0.98,  1, 0.13, 0.06, 0.00, 0.00, 0.34, 0.54, 0.34, 0.00, 1.15, 0.26, 0.09, 1.60, 0.28, 0.00, 0.18, 0.65, 0.05, 0.00, 0.00, 0.00, 1.00, 0.00, 0.00, 0.00, 0.00, 1.00, 0.00, 1.00, 1.00, 1.00, 1.00, 0.00, 0.00, 0.00, 1.00
49,  0,  1.612,  0.98,  1, 0.15, 0.12, 0.02, 0.00, 0.37, 0.42, 0.39, 0.00, 1.16, 0.37, 0.02, 1.58, 0.38, 0.00, 0.21, 0.59, 0.09, 0.00, 0.00, 0.00, 1.00, 0.00, 0.00, 0.00, 0.00, 1.00, 1.00, 1.00, 1.00, 0.00, 1.00, 0.00, 0.00, 0.00, 1.00
50,  0,  1.646,  0.98,  1, 0.11, 0.09, 0.02, 0.00, 0.41, 0.32, 0.25, 0.05, 1.20, 0.53, 0.02, 1.63, 0.38, 0.00, 0.15, 0.53, 0.15, 0.00, 0.00, 0.00, 1.00, 0.00, 0.00, 0.00, 0.00, 1.00, 1.00, 1.00, 1.00, 0.00, 1.00, 0.00, 0.00, 0.00, 1.00
51,  0,  1.680,  0.98,  1, 0.16, 0.06, 0.02, 0.00, 0.47, 0.12, 0.21, 0.13, 1.24, 0.70, 0.02, 1.68, 0.31, 0.00, 0.09, 0.31, 0.11, 0.00, 0.00, 0.00, 1.00, 0.00, 0.00, 0.00, 0.00, 1.00, 1.00, 1.00, 1.00, 0.00, 0.00, 0.00, 0.00, 0.00, 1.00
52,  0,  1.713,  0.98,  1, 0.22, 0.04, 0.00, 0.00, 0.48, 0.20, 0.06, 0.13, 1.24, 0.68, 0.01, 1.86, 0.07, 0.00, 0.05, 0.28, 0.09, 0.00, 0.00, 0.00, 1.00, 0.00, 0.00, 0.00, 0.00, 1.00, 1.00, 1.00, 1.00, 0.00, 0.00, 0.00, 0.00, 0.00, 1.00
53,  0,  1.747,  0.98,  1, 0.26, 0.04, 0.07, 0.00, 0.32, 0.12, 0.06, 0.08, 1.25, 0.62, 0.11, 1.88, 0.06, 0.00, 0.14, 0.31, 0.05, 0.00, 0.00, 0.00, 1.00, 0.00, 0.00, 0.00, 0.00, 1.00, 1.00, 1.00, 1.00, 0.00, 0.00, 0.00, 0.00, 0.00, 1.00
54,  0,  1.780,  0.98,  1, 0.22, 0.08, 0.07, 0.00, 0.25, 0.12, 0.00, 0.00, 1.29, 0.58, 0.11, 2.00, 0.00, 0.00, 0.34, 0.53, 0.10, 0.00, 0.00, 0.00, 1.00, 0.00, 0.00, 0.00, 0.00, 1.00, 1.00, 1.00, 1.00, 0.00, 0.00, 0.00, 0.00, 0.00, 1.00
55,  0,  1.814,  0.98,  1, 0.20, 0.08, 0.07, 0.00, 0.34, 0.11, 0.00, 0.00, 1.32, 0.40, 0.17, 1.92, 0.00, 0.00, 0.39, 0.57, 0.08, 0.00, 0.00, 0.00, 1.00, 0.00, 0.00, 0.00, 0.00, 1.00, 1.00, 1.00, 1.00, 0.00, 0.00, 0.00, 0.00, 0.00, 1.00
56,  0,  1.848,  0.98,  1, 0.30, 0.08, 0.00, 0.00, 0.56, 0.44, 0.01, 0.00, 1.25, 0.34, 0.06, 1.86, 0.00, 0.00, 0.46, 0.62, 0.15, 0.00, 0.00, 0.00, 1.00, 0.00, 0.00, 0.00, 0.00, 1.00, 1.00, 1.00, 1.00, 0.00, 0.00, 0.00, 0.00, 0.00, 1.00
57,  0,  1.881,  0.98,  1, 0.28, 0.04, 0.00, 0.00, 0.59, 0.57, 0.01, 0.00, 1.25, 0.26, 0.06, 1.75, 0.04, 0.00, 0.29, 0.57, 0.10, 0.00, 0.00, 0.00, 1.00, 0.00, 0.00, 0.00, 0.00, 1.00, 1.00, 1.00, 1.00, 0.00, 0.00, 0.00, 0.00, 0.00, 0.00
58,  0,  1.915,  0.98,  1, 0.34, 0.01, 0.00, 0.00, 0.59, 0.62, 0.11, 0.00, 1.27, 0.42, 0.00, 1.64, 0.04, 0.00, 0.27, 0.65, 0.10, 0.00, 0.00, 0.00, 1.00, 0.00, 0.00, 0.00, 0.00, 1.00, 1.00, 1.00, 1.00, 0.00, 0.00, 0.00, 0.00, 0.00, 0.00
59,  0,  1.948,  0.98,  1, 0.24, 0.01, 0.00, 0.00, 0.58, 0.50, 0.15, 0.01, 1.30, 0.53, 0.00, 1.56, 0.04, 0.00, 0.14, 0.67, 0.01, 0.00, 0.00, 0.00, 1.00, 0.00, 0.00, 0.00, 0.00, 1.00, 1.00, 1.00, 1.00, 0.00, 0.00, 0.00, 0.00, 0.00, 0.00
60,  0,  1.982,  0.98,  1, 0.21, 0.01, 0.00, 0.00, 0.64, 0.58, 0.18, 0.01, 1.25, 0.49, 0.00, 1.41, 0.00, 0.00, 0.22, 0.70, 0.00, 0.00, 0.00, 0.00, 1.00, 0.00, 0.00, 0.00, 0.00, 1.00, 1.00, 1.00, 1.00, 0.00, 0.00, 0.00, 0.00, 0.00, 0.00
61,  0,  2.016,  0.98,  1, 0.09, 0.00, 0.00, 0.00, 0.63, 0.62, 0.10, 0.01, 1.18, 0.47, 0.00, 1.45, 0.00, 0.00, 0.15, 0.66, 0.00, 0.00, 0.00, 0.00, 1.00, 0.00, 0.00, 0.00, 0.00, 1.00, 1.00, 1.00, 1.00, 0.00, 0.00, 0.00, 0.00, 0.00, 0.00
62,  0,  2.049,  0.98,  1, 0.06, 0.00, 0.00, 0.00, 0.56, 0.58, 0.05, 0.00, 1.13, 0.40, 0.00, 1.51, 0.00, 0.00, 0.12, 0.56, 0.02, 0.00, 0.00, 0.00, 1.00, 0.00, 0.00, 0.00, 0.00, 1.00, 1.00, 1.00, 1.00, 0.00, 0.00, 0.00, 0.00, 0.00, 0.00
63,  0,  2.083,  0.98,  1, 0.03, 0.00, 0.00, 0.00, 0.48, 0.59, 0.04, 0.00, 1.11, 0.41, 0.00, 1.53, 0.00, 0.00, 0.16, 0.47, 0.02, 0.00, 0.00, 0.00, 1.00, 0.00, 0.00, 0.00, 0.00, 1.00, 1.00, 1.00, 1.00, 0.00, 0.00, 0.00, 0.00, 0.00, 0.00
64,  0,  2.116,  0.98,  1, 0.05, 0.00, 0.00, 0.00, 0.45, 0.62, 0.03, 0.00, 1.14, 0.32, 0.07, 1.39, 0.00, 0.00, 0.27, 0.42, 0.04, 0.00, 0.00, 0.00, 1.00, 0.00, 0.00, 0.00, 0.00, 1.00, 1.00, 1.00, 1.00, 0.00, 0.00, 0.00, 0.00, 0.00, 0.00
65,  0,  2.150,  0.98,  1, 0.06, 0.00, 0.00, 0.00, 0.46, 0.48, 0.08, 0.00, 1.13, 0.24, 0.08, 1.28, 0.00, 0.00, 0.36, 0.47, 0.02, 0.00, 0.00, 0.00, 1.00, 0.00, 0.00, 0.00, 0.00, 1.00, 1.00, 1.00, 1.00, 0.00, 0.00, 0.00, 0.00, 0.00, 0.00
66,  0,  2.184,  0.98,  1, 0.06, 0.00, 0.00, 0.00, 0.49, 0.31, 0.13, 0.00, 1.12, 0.30, 0.08, 1.19, 0.00, 0.00, 0.33, 0.56, 0.02, 0.00, 0.00, 0.00, 1.00, 0.00, 0.00, 0.00, 0.00, 1.00, 1.00, 1.00, 1.00, 0.00, 0.00, 0.00, 0.00, 0.00, 0.00
67,  0,  2.217,  0.98,  1, 0.08, 0.00, 0.00, 0.00, 0.45, 0.10, 0.16, 0.00, 1.08, 0.29, 0.01, 1.17, 0.00, 0.00, 0.39, 0.63, 0.00, 0.00, 0.00, 0.00, 1.00, 0.00, 0.00, 0.00, 0.00, 1.00, 1.00, 1.00, 1.00, 1.00, 0.00, 0.00, 0.00, 0.00, 0.00
68,  0,  2.251,  0.98,  1, 0.09, 0.00, 0.00, 0.00, 0.40, 0.12, 0.15, 0.00, 1.06, 0.33, 0.00, 1.19, 0.00, 0.00, 0.41, 0.60, 0.16, 0.00, 0.00, 0.00, 1.00, 0.00, 0.00, 0.00, 0.00, 1.00, 1.00, 1.00, 1.00, 1.00, 0.00, 0.00, 0.00, 0.00, 0.00
69,  0,  2.284,  0.98,  1, 0.11, 0.01, 0.00, 0.00, 0.37, 0.21, 0.12, 0.00, 1.07, 0.35, 0.00, 1.31, 0.04, 0.00, 0.34, 0.75, 0.20, 0.00, 0.00, 0.00, 1.00, 0.00, 0.00, 0.00, 0.00, 1.00, 1.00, 1.00, 1.00, 1.00, 0.00, 0.00, 0.00, 0.00, 1.00
70,  0,  2.318,  0.98,  1, 0.05, 0.01, 0.00, 0.00, 0.42, 0.33, 0.14, 0.00, 1.07, 0.39, 0.00, 1.38, 0.19, 0.00, 0.23, 0.71, 0.25, 0.00, 0.00, 0.00, 1.00, 0.00, 0.00, 0.00, 0.00, 1.00, 1.00, 1.00, 1.00, 1.00, 0.00, 0.00, 0.00, 0.00, 1.00
71,  0,  2.352,  0.98,  1, 0.07, 0.01, 0.00, 0.00, 0.49, 0.43, 0.15, 0.00, 1.11, 0.32, 0.00, 1.46, 0.20, 0.00, 0.17, 0.67, 0.10, 0.00, 0.00, 0.00, 1.00, 0.00, 0.00, 0.00, 0.00, 1.00, 1.00, 1.00, 1.00, 1.00, 0.00, 0.00, 0.00, 0.00, 1.00
72,  0,  2.385,  0.98,  1, 0.15, 0.03, 0.00, 0.00, 0.53, 0.46, 0.19, 0.00, 1.09, 0.25, 0.00, 1.49, 0.18, 0.00, 0.20, 0.63, 0.17, 0.00, 0.00, 0.00, 1.00, 0.00, 0.00, 0.00, 0.00, 1.00, 1.00, 1.00, 1.00, 1.00, 0.00, 0.00, 0.00, 0.00, 1.00
73,  0,  2.419,  0.98,  1, 0.23, 0.11, 0.00, 0.00, 0.53, 0.55, 0.24, 0.00, 1.08, 0.19, 0.00, 1.60, 0.03, 0.00, 0.18, 0.69, 0.11, 0.00, 0.00, 0.00, 1.00, 0.00, 0.00, 0.00, 0.00, 1.00, 1.00, 1.00, 1.00, 1.00, 0.00, 0.00, 0.00, 0.00, 1.00
74,  0,  2.452,  0.98,  1, 0.27, 0.11, 0.00, 0.00, 0.57, 0.68, 0.21, 0.00, 1.06, 0.26, 0.00, 1.65, 0.03, 0.00, 0.12, 0.74, 0.21, 0.00, 0.00, 0.00, 1.00, 0.00, 0.00, 0.00, 0.00, 1.00, 1.00, 1.00, 1.00, 0.00, 0.00, 0.00, 0.00, 0.00, 1.00
75,  0,  2.486,  0.98,  1, 0.26, 0.08, 0.00, 0.00, 0.57, 0.57, 0.16, 0.00, 1.11, 0.29, 0.00, 1.64, 0.03, 0.00, 0.04, 0.65, 0.29, 0.00, 0.00, 0.00, 1.00, 0.00, 0.00, 0.00, 0.00, 1.00, 1.00, 1.00, 1.00, 0.00, 0.00, 0.00, 0.00, 0.00, 1.00
76,  0,  2.520,  0.98,  1, 0.25, 0.00, 0.00, 0.00, 0.58, 0.51, 0.06, 0.00, 1.20, 0.32, 0.00, 1.59, 0.03, 0.00, 0.10, 0.59, 0.37, 0.00, 0.00, 0.00, 1.00, 0.00, 0.00, 0.00, 0.00, 1.00, 1.00, 1.00, 1.00, 0.00, 0.00, 0.00, 0.00, 0.00, 1.00
77,  0,  2.553,  0.98,  1, 0.17, 0.00, 0.00, 0.00, 0.57, 0.52, 0.03, 0.00, 1.25, 0.36, 0.00, 1.57, 0.04, 0.00, 0.10, 0.54, 0.39, 0.00, 0.00, 0.00, 1.00, 0.00, 0.00, 0.00, 0.00, 1.00, 1.00, 1.00, 1.00, 0.00, 0.00, 0.00, 0.00, 0.00, 1.00
78,  0,  2.587,  0.98,  1, 0.19, 0.00, 0.00, 0.00, 0.63, 0.72, 0.01, 0.00, 1.22, 0.40, 0.17, 1.65, 0.09, 0.00, 0.10, 0.59, 0.36, 0.00, 0.00, 0.00, 1.00, 0.00, 0.00, 0.00, 0.00, 1.00, 1.00, 1.00, 1.00, 0.00, 0.00, 0.00, 0.00, 0.00, 1.00
79,  0,  2.620,  0.93,  1, 0.16, 0.00, 0.00, 0.00, 0.64, 0.83, 0.01, 0.00, 1.14, 0.56, 0.32, 1.82, 0.09, 0.00, 0.00, 0.70, 0.35, 0.00, 0.00, 0.00, 1.00, 0.00, 0.00, 0.00, 0.00, 1.00, 1.00, 1.00, 1.00, 0.00, 0.00, 0.00, 0.00, 0.00, 1.00
80,  0,  2.654,  0.93,  1, 0.26, 0.03, 0.00, 0.00, 0.61, 0.56, 0.00, 0.06, 1.07, 0.53, 0.49, 1.85, 0.08, 0.00, 0.00, 0.60, 0.26, 0.00, 0.00, 0.00, 1.00, 0.00, 0.00, 0.00, 0.00, 1.00, 1.00, 1.00, 1.00, 0.00, 0.00, 0.00, 0.00, 0.00, 1.00
81,  0,  2.687,  0.98,  1, 0.22, 0.09, 0.00, 0.00, 0.58, 0.53, 0.00, 0.06, 1.08, 0.57, 0.44, 1.95, 0.05, 0.00, 0.00, 0.75, 0.13, 0.00, 0.00, 0.00, 1.00, 0.00, 0.00, 0.00, 0.00, 1.00, 1.00, 1.00, 1.00, 0.00, 0.00, 0.00, 0.00, 0.00, 1.00
82,  0,  2.721,  0.98,  1, 0.25, 0.11, 0.00, 0.00, 0.46, 0.32, 0.00, 0.06, 0.99, 0.49, 0.41, 1.94, 0.05, 0.00, 0.00, 0.82, 0.07, 0.00, 0.00, 0.00, 1.00, 0.00, 0.00, 0.00, 0.00, 0.00, 1.00, 1.00, 1.00, 1.00, 0.00, 0.00, 0.00, 0.00, 1.00
83,  0,  2.755,  0.98,  1, 0.25, 0.10, 0.00, 0.00, 0.39, 0.45, 0.00, 0.00, 0.91, 0.51, 0.24, 1.90, 0.11, 0.00, 0.02, 0.85, 0.03, 0.00, 0.00, 0.00, 1.00, 0.00, 0.00, 0.00, 0.00, 0.00, 1.00, 1.00, 1.00, 0.00, 0.00, 0.00, 0.00, 0.00, 1.00
84,  0,  2.788,  0.98,  1, 0.31, 0.08, 0.00, 0.00, 0.30, 0.36, 0.00, 0.00, 0.80, 0.36, 0.13, 1.76, 0.17, 0.00, 0.14, 0.57, 0.01, 0.00, 0.00, 0.00, 1.00, 0.00, 0.00, 0.00, 0.00, 0.00, 1.00, 1.00, 1.00, 0.00, 0.00, 0.00, 0.00, 0.00, 0.00
85,  0,  2.822,  0.98,  1, 0.39, 0.06, 0.00, 0.00, 0.25, 0.41, 0.00, 0.00, 0.74, 0.22, 0.00, 1.70, 0.20, 0.00, 0.22, 0.35, 0.00, 0.00, 0.00, 0.00, 1.00, 0.00, 0.00, 0.00, 0.00, 0.00, 1.00, 1.00, 1.00, 0.00, 0.00, 0.00, 0.00, 0.00, 0.00
86,  0,  2.855,  0.98,  1, 0.44, 0.08, 0.00, 0.00, 0.22, 0.37, 0.00, 0.00, 0.77, 0.08, 0.10, 1.74, 0.23, 0.00, 0.28, 0.36, 0.00, 0.00, 0.00, 0.00, 1.00, 0.00, 0.00, 0.00, 0.00, 0.00, 0.00, 1.00, 1.00, 0.00, 0.00, 0.00, 0.00, 0.00, 0.00
87,  0,  2.889,  0.98,  1, 0.33, 0.03, 0.00, 0.00, 0.15, 0.28, 0.00, 0.00, 0.80, 0.07, 0.29, 1.83, 0.12, 0.00, 0.27, 0.54, 0.00, 0.00, 0.00, 0.00, 1.00, 0.00, 0.00, 0.00, 0.00, 0.00, 0.00, 1.00, 1.00, 0.00, 0.00, 0.00, 0.00, 0.00, 1.00
88,  0,  2.923,  0.98,  1, 0.17, 0.03, 0.00, 0.00, 0.16, 0.26, 0.00, 0.00, 0.77, 0.07, 0.46, 1.83, 0.08, 0.00, 0.20, 0.60, 0.00, 0.00, 0.00, 0.00, 1.00, 0.00, 0.00, 0.00, 0.00, 0.00, 0.00, 1.00, 1.00, 0.00, 0.00, 0.00, 0.00, 0.00, 1.00
89,  0,  2.956,  0.98,  1, 0.11, 0.04, 0.00, 0.00, 0.16, 0.45, 0.00, 0.00, 0.67, 0.07, 0.52, 1.81, 0.00, 0.00, 0.12, 0.55, 0.04, 0.00, 0.00, 0.00, 1.00, 0.00, 0.00, 0.00, 0.00, 0.00, 0.00, 1.00, 1.00, 0.00, 0.00, 0.00, 0.00, 0.00, 1.00
90,  0,  2.990,  0.98,  1, 0.23, 0.06, 0.00, 0.00, 0.13, 0.44, 0.00, 0.00, 0.58, 0.00, 0.49, 1.80, 0.00, 0.00, 0.00, 0.36, 0.18, 0.00, 0.00, 0.00, 1.00, 0.00, 0.00, 0.00, 0.00, 0.00, 0.00, 1.00, 1.00, 0.00, 0.00, 0.00, 0.00, 0.00, 1.00
91,  0,  3.023,  0.98,  1, 0.27, 0.06, 0.00, 0.00, 0.17, 0.65, 0.00, 0.00, 0.59, 0.10, 0.39, 1.79, 0.03, 0.00, 0.00, 0.44, 0.18, 0.00, 0.00, 0.00, 1.00, 0.00, 0.00, 0.00, 0.00, 0.00, 0.00, 1.00, 1.00, 0.00, 0.00, 0.00, 0.00, 0.00, 1.00
92,  0,  3.057,  0.98,  1, 0.28, 0.03, 0.00, 0.00, 0.14, 0.66, 0.08, 0.00, 0.57, 0.19, 0.24, 1.77, 0.03, 0.00, 0.04, 0.54, 0.14, 0.00, 0.00, 0.00, 1.00, 0.00, 0.00, 0.00, 0.00, 0.00, 0.00, 1.00, 1.00, 1.00, 0.00, 0.00, 0.00, 0.00, 1.00
93,  0,  3.091,  0.98,  1, 0.22, 0.00, 0.00, 0.00, 0.17, 0.76, 0.09, 0.00, 0.52, 0.20, 0.08, 1.67, 0.07, 0.00, 0.04, 0.56, 0.04, 0.00, 0.00, 0.00, 1.00, 0.00, 0.00, 0.00, 0.00, 0.00, 0.00, 1.00, 1.00, 1.00, 0.00, 0.00, 0.00, 0.00, 0.00
94,  0,  3.124,  0.98,  1, 0.29, 0.00, 0.00, 0.00, 0.10, 0.70, 0.17, 0.00, 0.46, 0.16, 0.02, 1.63, 0.09, 0.00, 0.04, 0.46, 0.04, 0.00, 0.00, 0.00, 1.00, 0.00, 0.00, 0.00, 0.00, 0.00, 0.00, 1.00, 1.00, 1.00, 0.00, 0.00, 0.00, 0.00, 0.00
95,  0,  3.158,  0.98,  1, 0.23, 0.00, 0.00, 0.00, 0.08, 0.66, 0.13, 0.00, 0.49, 0.06, 0.01, 1.63, 0.11, 0.00, 0.00, 0.51, 0.04, 0.00, 0.00, 0.00, 1.00, 0.00, 0.00, 0.00, 0.00, 0.00, 0.00, 1.00, 1.00, 1.00, 0.00, 0.00, 0.00, 0.00, 0.00
96,  0,  3.191,  0.98,  1, 0.18, 0.00, 0.00, 0.00, 0.05, 0.74, 0.14, 0.00, 0.56, 0.06, 0.04, 1.72, 0.07, 0.00, 0.00, 0.66, 0.00, 0.00, 0.00, 0.00, 1.00, 0.00, 0.00, 0.00, 0.00, 0.00, 0.00, 1.00, 1.00, 1.00, 0.00, 0.00, 0.00, 0.00, 0.00
97,  0,  3.225,  0.98,  1, 0.07, 0.00, 0.00, 0.00, 0.07, 0.62, 0.05, 0.00, 0.67, 0.00, 0.04, 1.75, 0.02, 0.00, 0.05, 0.66, 0.00, 0.00, 0.00, 0.00, 1.00, 0.00, 0.00, 0.00, 0.00, 0.00, 0.00, 1.00, 1.00, 1.00, 0.00, 0.00, 0.00, 0.00, 0.00
98,  0,  3.259,  0.98,  1, 0.03, 0.00, 0.00, 0.00, 0.11, 0.53, 0.05, 0.00, 0.69, 0.00, 0.13, 1.79, 0.00, 0.00, 0.05, 0.66, 0.00, 0.00, 0.00, 0.00, 1.00, 0.00, 0.00, 0.00, 0.00, 0.00, 0.00, 1.00, 1.00, 1.00, 0.00, 0.00, 0.00, 0.00, 0.00
99,  0,  3.292,  0.98,  1, 0.10, 0.00, 0.00, 0.00, 0.16, 0.33, 0.04, 0.00, 0.66, 0.00, 0.10, 1.72, 0.00, 0.00, 0.07, 0.62, 0.00, 0.00, 0.00, 0.00, 1.00, 0.00, 0.00, 0.00, 0.00, 0.00, 0.00, 1.00, 1.00, 0.00, 0.00, 0.00, 0.00, 0.00, 0.00
100,  0,  3.326,  0.98,  1, 0.19, 0.00, 0.00, 0.00, 0.16, 0.22, 0.04, 0.00, 0.58, 0.02, 0.10, 1.68, 0.00, 0.00, 0.12, 0.73, 0.00, 0.00, 0.00, 0.00, 1.00, 0.00, 0.00, 0.00, 0.00, 0.00, 0.00, 1.00, 1.00, 0.00, 0.00, 0.00, 0.00, 0.00, 0.00
101,  0,  3.359,  0.98,  1, 0.33, 0.00, 0.00, 0.00, 0.10, 0.10, 0.03, 0.00, 0.54, 0.08, 0.08, 1.56, 0.00, 0.00, 0.17, 0.62, 0.00, 0.00, 0.00, 0.00, 1.00, 0.00, 0.00, 0.00, 0.00, 0.00, 0.00, 1.00, 1.00, 0.00, 0.00, 0.00, 0.00, 0.00, 0.00
102,  0,  3.393,  0.98,  1, 0.32, 0.00, 0.00, 0.02, 0.06, 0.22, 0.05, 0.00, 0.51, 0.08, 0.09, 1.51, 0.04, 0.00, 0.25, 0.56, 0.00, 0.00, 0.00, 0.00, 1.00, 0.00, 0.00, 0.00, 0.00, 0.00, 0.00, 1.00, 1.00, 0.00, 0.00, 0.00, 0.00, 0.00, 0.00
103,  0,  3.427,  0.98,  1, 0.41, 0.02, 0.00, 0.02, 0.06, 0.37, 0.05, 0.00, 0.53, 0.06, 0.09, 1.55, 0.04, 0.00, 0.27, 0.40, 0.00, 0.00, 0.00, 0.00, 1.00, 0.00, 0.00, 0.00, 0.00, 0.00, 0.00, 1.00, 1.00, 0.00, 0.00, 0.00, 0.00, 0.00, 0.00
104,  0,  3.460,  0.98,  1, 0.44, 0.08, 0.00, 0.02, 0.12, 0.54, 0.03, 0.00, 0.55, 0.00, 0.05, 1.68, 0.04, 0.00, 0.22, 0.40, 0.00, 0.00, 0.00, 0.00, 1.00, 0.00, 0.00, 0.00, 0.00, 0.00, 0.00, 1.00, 1.00, 0.00, 0.00, 0.00, 0.00, 0.00, 0.00
105,  0,  3.494,  0.98,  1, 0.35, 0.08, 0.00, 0.00, 0.17, 0.56, 0.03, 0.00, 0.57, 0.00, 0.14, 1.68, 0.00, 0.00, 0.22, 0.37, 0.00, 0.00, 0.00, 0.00, 1.00, 0.00, 0.00, 0.00, 0.00, 0.00, 0.00, 1.00, 1.00, 1.00, 0.00, 0.00, 0.00, 0.00, 0.00
106,  0,  3.527,  0.98,  1, 0.26, 0.07, 0.00, 0.00, 0.16, 0.47, 0.04, 0.00, 0.57, 0.00, 0.21, 1.66, 0.03, 0.00, 0.11, 0.40, 0.00, 0.00, 0.00, 0.00, 1.00, 0.00, 0.00, 0.00, 0.00, 0.00, 0.00, 1.00, 1.00, 1.00, 0.00, 0.00, 0.00, 0.00, 0.00
107,  0,  3.561,  0.98,  1, 0.19, 0.00, 0.00, 0.00, 0.16, 0.42, 0.09, 0.00, 0.56, 0.00, 0.21, 1.53, 0.03, 0.00, 0.18, 0.50, 0.00, 0.00, 0.00, 0.00, 1.00, 0.00, 0.00, 0.00, 0.00, 0.00, 0.00, 1.00, 1.00, 1.00, 0.00, 0.00, 0.00, 0.00, 0.00
108,  0,  3.594,  0.98,  1, 0.25, 0.04, 0.00, 0.00, 0.16, 0.43, 0.09, 0.00, 0.61, 0.00, 0.19, 1.62, 0.03, 0.00, 0.15, 0.62, 0.00, 0.00, 0.00, 0.00, 1.00, 0.00, 0.00, 0.00, 0.00, 0.00, 0.00, 1.00, 1.00, 1.00, 0.00, 0.00, 0.00, 0.00, 0.00
109,  0,  3.628,  0.98,  1, 0.28, 0.07, 0.00, 0.00, 0.20, 0.51, 0.10, 0.00, 0.67, 0.00, 0.14, 1.71, 0.00, 0.00, 0.22, 0.72, 0.00, 0.00, 0.00, 0.00, 1.00, 0.00, 0.00, 0.00, 0.00, 0.00, 0.00, 1.00, 1.00, 1.00, 0.00, 0.00, 0.00, 0.00, 0.00
110,  0,  3.662,  0.98,  1, 0.17, 0.07, 0.00, 0.07, 0.22, 0.59, 0.08, 0.00, 0.70, 0.00, 0.10, 1.79, 0.00, 0.00, 0.17, 0.72, 0.00, 0.00, 0.00, 0.00, 1.00, 0.00, 0.00, 0.00, 0.00, 0.00, 0.00, 1.00, 1.00, 1.00, 0.00, 0.00, 0.00, 0.00, 0.00
111,  0,  3.695,  0.98,  1, 0.09, 0.02, 0.00, 0.07, 0.21, 0.54, 0.10, 0.00, 0.67, 0.03, 0.10, 1.81, 0.00, 0.00, 0.10, 0.72, 0.00, 0.00, 0.00, 0.00, 1.00, 0.00, 0.00, 0.00, 0.00, 0.00, 0.00, 1.00, 1.00, 1.00, 0.00, 0.00, 0.00, 0.00, 1.00
112,  0,  3.729,  0.98,  1, 0.00, 0.00, 0.00, 0.06, 0.26, 0.49, 0.07, 0.00, 0.59, 0.03, 0.09, 1.68, 0.00, 0.00, 0.02, 0.70, 0.00, 0.00, 0.00, 0.00, 1.00, 0.00, 0.00, 0.00, 0.00, 0.00, 0.00, 1.00, 1.00, 1.00, 0.00, 0.00, 0.00, 0.00, 1.00
113,  0,  3.762,  0.98,  1, 0.00, 0.00, 0.00, 0.01, 0.23, 0.42, 0.04, 0.00, 0.55, 0.08, 0.19, 1.74, 0.00, 0.00, 0.00, 0.71, 0.00, 0.00, 0.00, 0.00, 1.00, 0.00, 0.00, 0.00, 0.00, 0.00, 0.00, 1.00, 1.00, 1.00, 0.00, 0.00, 0.00, 0.00, 1.00
114,  0,  3.796,  0.98,  1, 0.00, 0.00, 0.00, 0.01, 0.21, 0.34, 0.02, 0.00, 0.54, 0.17, 0.12, 1.76, 0.00, 0.00, 0.00, 0.74, 0.00, 0.00, 0.00, 0.00, 1.00, 0.00, 0.00, 0.00, 0.00, 0.00, 0.00, 1.00, 1.00, 1.00, 0.00, 0.00, 0.00, 0.00, 1.00
115,  0,  3.830,  0.98,  1, 0.00, 0.00, 0.00, 0.01, 0.16, 0.25, 0.08, 0.00, 0.55, 0.30, 0.10, 1.90, 0.09, 0.00, 0.00, 0.82, 0.00, 0.00, 0.00, 0.00, 1.00, 0.00, 0.00, 0.00, 0.00, 0.00, 1.00, 1.00, 1.00, 1.00, 0.00, 0.00, 0.00, 0.00, 1.00
116,  0,  3.863,  0.98,  1, 0.01, 0.00, 0.00, 0.00, 0.19, 0.15, 0.08, 0.00, 0.59, 0.31, 0.00, 1.88, 0.09, 0.00, 0.00, 1.00, 0.00, 0.00, 0.00, 0.00, 1.00, 0.00, 0.00, 0.00, 0.00, 0.00, 1.00, 1.00, 1.00, 1.00, 0.00, 0.00, 0.00, 0.00, 1.00
117,  0,  3.897,  0.98,  1, 0.10, 0.00, 0.00, 0.02, 0.23, 0.18, 0.06, 0.00, 0.70, 0.40, 0.01, 1.76, 0.09, 0.00, 0.04, 1.02, 0.04, 0.00, 0.00, 0.00, 1.00, 0.00, 0.00, 0.00, 0.00, 0.00, 1.00, 1.00, 1.00, 1.00, 0.00, 0.00, 0.00, 0.00, 1.00
118,  0,  3.930,  0.98,  1, 0.18, 0.00, 0.00, 0.02, 0.26, 0.20, 0.00, 0.00, 0.84, 0.50, 0.01, 1.69, 0.04, 0.00, 0.04, 0.96, 0.04, 0.00, 0.00, 0.00, 1.00, 0.00, 0.00, 0.00, 0.00, 1.00, 1.00, 1.00, 1.00, 1.00, 0.00, 0.00, 0.00, 0.00, 0.00
119,  0,  3.964,  0.93,  1, 0.20, 0.10, 0.00, 0.02, 0.24, 0.16, 0.00, 0.00, 0.96, 0.62, 0.12, 1.77, 0.04, 0.00, 0.08, 0.80, 0.04, 0.00, 0.00, 0.00, 1.00, 0.00, 0.00, 0.00, 0.00, 1.00, 1.00, 1.00, 1.00, 1.00, 0.00, 0.00, 0.00, 0.00, 0.00
120,  0,  3.998,  0.98,  1, 0.18, 0.10, 0.00, 0.00, 0.21, 0.02, 0.00, 0.00, 1.01, 0.71, 0.11, 1.82, 0.04, 0.00, 0.04, 0.73, 0.09, 0.00, 0.00, 0.00, 1.00, 0.00, 0.00, 0.00, 0.00, 1.00, 1.00, 1.00, 1.00, 1.00, 0.00, 0.00, 0.00, 0.00, 0.00
121,  0,  4.031,  0.98,  1, 0.15, 0.10, 0.00, 0.15, 0.19, 0.01, 0.00, 0.00, 1.07, 0.75, 0.11, 1.75, 0.00, 0.00, 0.08, 0.59, 0.11, 0.00, 0.00, 0.00, 1.00, 0.00, 0.00, 0.00, 0.00, 1.00, 1.00, 1.00, 1.00, 1.00, 0.00, 0.00, 0.00, 0.00, 0.00
122,  0,  4.065,  0.98,  1, 0.15, 0.00, 0.00, 0.30, 0.18, 0.01, 0.00, 0.02, 1.09, 0.83, 0.00, 1.69, 0.00, 0.00, 0.06, 0.49, 0.11, 0.00, 0.00, 0.00, 1.00, 0.00, 0.00, 0.00, 0.00, 1.00, 1.00, 1.00, 1.00, 1.00, 0.00, 0.00, 0.00, 0.00, 0.00
123,  0,  4.098,  0.98,  1, 0.10, 0.00, 0.00, 0.30, 0.21, 0.01, 0.01, 0.02, 1.06, 0.75, 0.00, 1.73, 0.00, 0.00, 0.06, 0.31, 0.02, 0.00, 0.00, 0.00, 1.00, 0.00, 0.00, 0.00, 0.00, 1.00, 1.00, 1.00, 1.00, 1.00, 0.00, 0.00, 0.00, 0.00, 0.00
124,  0,  4.132,  0.98,  1, 0.06, 0.00, 0.00, 0.21, 0.19, 0.00, 0.01, 0.02, 1.00, 0.70, 0.00, 1.77, 0.00, 0.00, 0.15, 0.40, 0.00, 0.00, 0.00, 0.00, 1.00, 0.00, 0.00, 0.00, 0.00, 1.00, 1.00, 1.00, 1.00, 1.00, 0.00, 0.00, 0.00, 0.00, 0.00
125,  0,  4.166,  0.98,  1, 0.06, 0.00, 0.00, 0.07, 0.21, 0.10, 0.01, 0.00, 0.96, 0.67, 0.00, 1.77, 0.06, 0.00, 0.29, 0.48, 0.00, 0.00, 0.00, 0.00, 1.00, 0.00, 0.00, 0.00, 0.00, 1.00, 1.00, 1.00, 1.00, 1.00, 0.00, 0.00, 0.00, 0.00, 0.00
126,  0,  4.199,  0.98,  1, 0.05, 0.00, 0.00, 0.07, 0.17, 0.23, 0.00, 0.00, 0.93, 0.64, 0.00, 1.76, 0.06, 0.00, 0.29, 0.63, 0.00, 0.00, 0.00, 0.00, 1.00, 0.00, 0.00, 0.00, 0.00, 1.00, 1.00, 1.00, 1.00, 1.00, 0.00, 0.00, 0.00, 0.00, 0.00
127,  0,  4.233,  0.98,  1, 0.10, 0.00, 0.00, 0.00, 0.16, 0.30, 0.00, 0.00, 0.87, 0.62, 0.00, 1.77, 0.08, 0.00, 0.16, 0.64, 0.00, 0.00, 0.00, 0.00, 1.00, 0.00, 0.00, 0.00, 0.00, 0.00, 1.00, 1.00, 1.00, 1.00, 0.00, 0.00, 0.00, 0.00, 0.00
128,  0,  4.266,  0.98,  1, 0.06, 0.00, 0.00, 0.02, 0.11, 0.23, 0.00, 0.00, 0.84, 0.61, 0.00, 1.65, 0.02, 0.00, 0.08, 0.67, 0.00, 0.00, 0.00, 0.00, 1.00, 0.00, 0.00, 0.00, 0.00, 0.00, 1.00, 1.00, 1.00, 1.00, 0.00, 0.00, 0.00, 0.00, 0.00
129,  0,  4.300,  0.98,  1, 0.05, 0.00, 0.00, 0.02, 0.08, 0.18, 0.00, 0.00, 0.82, 0.59, 0.00, 1.55, 0.02, 0.00, 0.12, 0.72, 0.00, 0.00, 0.00, 0.00, 1.00, 0.00, 0.00, 0.00, 0.00, 0.00, 1.00, 1.00, 1.00, 1.00, 0.00, 0.00, 0.00, 0.00, 0.00
130,  0,  4.334,  0.98,  1, 0.00, 0.00, 0.00, 0.06, 0.06, 0.22, 0.00, 0.00, 0.85, 0.59, 0.00, 1.53, 0.01, 0.00, 0.12, 0.65, 0.00, 0.00, 0.00, 0.00, 1.00, 0.00, 0.00, 0.00, 0.00, 0.00, 1.00, 1.00, 1.00, 1.00, 0.00, 0.00, 0.00, 0.00, 0.00
131,  0,  4.367,  0.98,  1, 0.06, 0.00, 0.00, 0.08, 0.11, 0.35, 0.00, 0.00, 0.84, 0.58, 0.00, 1.58, 0.13, 0.00, 0.05, 0.61, 0.00, 0.00, 0.00, 0.00, 1.00, 0.00, 0.00, 0.00, 0.00, 0.00, 1.00, 1.00, 1.00, 1.00, 0.00, 0.00, 0.00, 0.00, 0.00
132,  0,  4.401,  0.98,  1, 0.13, 0.00, 0.00, 0.11, 0.09, 0.26, 0.00, 0.00, 0.88, 0.61, 0.01, 1.66, 0.16, 0.00, 0.00, 0.52, 0.00, 0.00, 0.00, 0.00, 1.00, 0.00, 0.00, 0.00, 0.00, 1.00, 1.00, 1.00, 1.00, 1.00, 0.00, 0.00, 0.00, 0.00, 0.00
133,  0,  4.434,  0.98,  1, 0.13, 0.00, 0.00, 0.25, 0.13, 0.31, 0.00, 0.00, 0.88, 0.53, 0.04, 1.65, 0.16, 0.00, 0.00, 0.53, 0.00, 0.00, 0.00, 0.00, 1.00, 0.00, 0.00, 0.00, 0.00, 1.00, 1.00, 1.00, 1.00, 1.00, 0.00, 0.00, 0.00, 0.00, 0.00
134,  0,  4.468,  0.98,  1, 0.09, 0.00, 0.00, 0.25, 0.17, 0.19, 0.00, 0.00, 0.91, 0.50, 0.04, 1.69, 0.04, 0.00, 0.00, 0.47, 0.00, 0.00, 0.00, 0.00, 1.00, 0.00, 0.00, 0.00, 0.00, 1.00, 1.00, 1.00, 1.00, 1.00, 0.00, 0.00, 0.00, 0.00, 0.00
135,  0,  4.502,  0.98,  1, 0.03, 0.00, 0.00, 0.25, 0.27, 0.23, 0.00, 0.00, 0.93, 0.54, 0.03, 1.56, 0.02, 0.00, 0.06, 0.57, 0.00, 0.00, 0.00, 0.00, 1.00, 0.00, 0.00, 0.00, 0.00, 1.00, 1.00, 1.00, 1.00, 1.00, 0.00, 0.00, 0.00, 0.00, 0.00
136,  0,  4.535,  0.98,  1, 0.04, 0.00, 0.00, 0.14, 0.26, 0.08, 0.00, 0.00, 0.97, 0.53, 0.00, 1.50, 0.08, 0.00, 0.06, 0.58, 0.00, 0.00, 0.00, 0.00, 1.00, 0.00, 0.00, 0.00, 0.00, 1.00, 1.00, 1.00, 1.00, 1.00, 0.00, 0.00, 0.00, 0.00, 0.00
137,  0,  4.569,  0.98,  1, 0.06, 0.00, 0.01, 0.10, 0.21, 0.10, 0.00, 0.00, 1.02, 0.54, 0.02, 1.38, 0.09, 0.00, 0.06, 0.64, 0.00, 0.00, 0.00, 0.00, 1.00, 0.00, 0.00, 0.00, 0.00, 1.00, 1.00, 1.00, 1.00, 1.00, 0.00, 0.00, 0.00, 0.00, 0.00
138,  0,  4.602,  0.98,  1, 0.11, 0.00, 0.01, 0.12, 0.18, 0.07, 0.00, 0.00, 1.03, 0.55, 0.03, 1.42, 0.13, 0.00, 0.08, 0.59, 0.00, 0.00, 0.00, 0.00, 1.00, 0.00, 0.00, 0.00, 0.00, 1.00, 1.00, 1.00, 1.00, 1.00, 0.00, 0.00, 0.00, 0.00, 0.00
139,  0,  4.636,  0.98,  1, 0.16, 0.00, 0.01, 0.12, 0.23, 0.18, 0.00, 0.00, 1.05, 0.61, 0.03, 1.27, 0.12, 0.00, 0.16, 0.61, 0.00, 0.00, 0.00, 0.00, 1.00, 0.00, 0.00, 0.00, 0.00, 1.00, 1.00, 1.00, 1.00, 1.00, 0.00, 0.00, 0.00, 0.00, 0.00
140,  0,  4.669,  0.98,  1, 0.16, 0.00, 0.00, 0.21, 0.27, 0.23, 0.00, 0.00, 1.07, 0.64, 0.01, 1.24, 0.19, 0.00, 0.21, 0.67, 0.00, 0.00, 0.00, 0.00, 1.00, 0.00, 0.00, 0.00, 0.00, 1.00, 1.00, 1.00, 1.00, 1.00, 0.00, 0.00, 0.00, 0.00, 0.00
141,  0,  4.703,  0.98,  1, 0.17, 0.00, 0.03, 0.22, 0.33, 0.36, 0.00, 0.00, 1.12, 0.54, 0.00, 1.25, 0.17, 0.00, 0.18, 0.65, 0.00, 0.00, 0.00, 0.00, 1.00, 0.00, 0.00, 0.00, 0.00, 1.00, 1.00, 1.00, 1.00, 1.00, 0.00, 0.00, 0.00, 0.00, 0.00
142,  0,  4.737,  0.98,  1, 0.12, 0.00, 0.07, 0.16, 0.32, 0.32, 0.00, 0.00, 1.16, 0.57, 0.00, 1.34, 0.11, 0.00, 0.10, 0.66, 0.00, 0.00, 0.00, 0.00, 1.00, 0.00, 0.00, 0.00, 0.00, 1.00, 1.00, 1.00, 1.00, 1.00, 0.00, 0.00, 0.00, 0.00, 0.00
143,  0,  4.770,  0.98,  1, 0.09, 0.00, 0.07, 0.14, 0.40, 0.28, 0.00, 0.00, 1.20, 0.54, 0.00, 1.35, 0.09, 0.00, 0.06, 0.57, 0.00, 0.00, 0.00, 0.00, 1.00, 0.00, 0.00, 0.00, 0.00, 1.00, 1.00, 1.00, 1.00, 1.00, 0.00, 0.00, 0.00, 0.00, 0.00
144,  0,  4.804,  0.98,  1, 0.02, 0.00, 0.03, 0.13, 0.42, 0.36, 0.00, 0.00, 1.22, 0.61, 0.00, 1.22, 0.09, 0.00, 0.03, 0.51, 0.00, 0.00, 0.00, 0.00, 1.00, 0.00, 0.00, 0.00, 0.00, 1.00, 1.00, 1.00, 1.00, 1.00, 0.00, 0.00, 0.00, 0.00, 0.00
145,  0,  4.837,  0.98,  1, 0.01, 0.00, 0.00, 0.23, 0.43, 0.49, 0.00, 0.00, 1.25, 0.60, 0.00, 1.30, 0.09, 0.00, 0.06, 0.38, 0.00, 0.00, 0.00, 0.00, 1.00, 0.00, 0.00, 0.00, 0.00, 1.00, 1.00, 1.00, 1.00, 1.00, 0.00, 0.00, 0.00, 0.00, 0.00
146,  0,  4.871,  0.98,  1, 0.06, 0.00, 0.01, 0.27, 0.40, 0.53, 0.00, 0.00, 1.29, 0.74, 0.00, 1.31, 0.04, 0.00, 0.12, 0.40, 0.00, 0.00, 0.00, 0.00, 1.00, 0.00, 0.00, 0.00, 0.00, 1.00, 1.00, 1.00, 1.00, 0.00, 0.00, 0.00, 0.00, 0.00, 0.00
147,  0,  4.905,  0.98,  1, 0.07, 0.00, 0.03, 0.27, 0.43, 0.48, 0.00, 0.00, 1.29, 0.86, 0.00, 1.35, 0.00, 0.00, 0.11, 0.41, 0.00, 0.00, 0.00, 0.00, 1.00, 0.00, 0.00, 0.00, 0.00, 1.00, 1.00, 1.00, 1.00, 0.00, 0.00, 0.00, 0.00, 0.00, 0.00
148,  0,  4.938,  0.98,  1, 0.07, 0.00, 0.03, 0.18, 0.53, 0.36, 0.00, 0.00, 1.37, 1.07, 0.00, 1.28, 0.00, 0.00, 0.09, 0.53, 0.00, 0.00, 0.00, 0.00, 1.00, 0.00, 0.00, 0.00, 0.00, 1.00, 1.00, 1.00, 1.00, 0.00, 0.00, 0.00, 0.00, 0.00, 0.00
149,  0,  4.972,  0.98,  1, 0.01, 0.00, 0.01, 0.08, 0.60, 0.31, 0.00, 0.00, 1.49, 1.12, 0.00, 1.25, 0.00, 0.00, 0.03, 0.51, 0.00, 0.00, 0.00, 0.00, 1.00, 0.00, 0.00, 0.00, 0.00, 1.00, 1.00, 1.00, 1.00, 0.00, 1.00, 0.00, 0.00, 0.00, 0.00
150,  0,  5.005,  0.98,  1, 0.00, 0.00, 0.00, 0.04, 0.64, 0.34, 0.00, 0.00, 1.71, 1.07, 0.00, 1.23, 0.00, 0.01, 0.02, 0.38, 0.00, 0.00, 0.00, 0.00, 1.00, 0.00, 0.00, 0.00, 0.00, 1.00, 1.00, 1.00, 1.00, 0.00, 1.00, 0.00, 0.00, 0.00, 0.00
151,  0,  5.039,  0.93,  1, 0.02, 0.00, 0.00, 0.07, 0.72, 0.34, 0.00, 0.00, 1.87, 0.98, 0.00, 1.08, 0.00, 0.01, 0.00, 0.27, 0.00, 0.00, 0.00, 0.00, 1.00, 0.00, 0.00, 0.00, 0.00, 1.00, 1.00, 0.00, 1.00, 0.00, 1.00, 0.00, 0.00, 0.00, 0.00
152,  0,  5.073,  0.93,  1, 0.02, 0.00, 0.00, 0.06, 0.82, 0.42, 0.00, 0.00, 2.01, 0.97, 0.00, 0.97, 0.00, 0.01, 0.00, 0.16, 0.00, 0.00, 0.00, 0.00, 1.00, 0.00, 0.00, 0.00, 0.00, 1.00, 1.00, 0.00, 1.00, 0.00, 1.00, 0.00, 0.00, 0.00, 0.00
153,  0,  5.106,  0.98,  1, 0.02, 0.00, 0.00, 0.13, 0.93, 0.44, 0.00, 0.04, 2.13, 1.12, 0.00, 0.95, 0.00, 0.00, 0.00, 0.21, 0.00, 0.00, 0.00, 0.00, 1.00, 0.00, 0.00, 0.00, 0.00, 1.00, 1.00, 0.00, 1.00, 0.00, 1.00, 0.00, 0.00, 0.00, 0.00
154,  0,  5.140,  0.98,  1, 0.00, 0.00, 0.00, 0.32, 0.97, 0.61, 0.00, 0.04, 2.23, 1.21, 0.00, 0.97, 0.00, 0.00, 0.00, 0.18, 0.00, 0.00, 0.00, 0.00, 1.00, 0.00, 0.00, 0.00, 0.00, 1.00, 1.00, 0.00, 1.00, 0.00, 0.00, 0.00, 0.00, 0.00, 0.00
155,  0,  5.173,  0.98,  1, 0.00, 0.00, 0.00, 0.55, 1.07, 0.82, 0.00, 0.04, 2.38, 1.30, 0.00, 0.93, 0.00, 0.00, 0.04, 0.10, 0.00, 0.00, 0.00, 0.00, 1.00, 0.00, 0.00, 0.00, 0.00, 1.00, 1.00, 0.00, 1.00, 0.00, 0.00, 0.00, 0.00, 0.00, 0.00
156,  0,  5.207,  0.98,  1, 0.00, 0.00, 0.00, 0.61, 1.15, 0.94, 0.00, 0.08, 2.50, 1.32, 0.00, 0.88, 0.00, 0.00, 0.05, 0.04, 0.00, 0.00, 0.00, 0.00, 1.00, 1.00, 1.00, 0.00, 0.00, 1.00, 1.00, 0.00, 0.00, 0.00, 0.00, 0.00, 0.00, 0.00, 0.00
157,  0,  5.241,  0.93,  1, 0.00, 0.00, 0.00, 0.56, 1.28, 1.11, 0.00, 0.08, 2.61, 1.28, 0.00, 0.84, 0.00, 0.00, 0.05, 0.00, 0.00, 0.00, 0.00, 0.00, 1.00, 1.00, 1.00, 0.00, 0.00, 1.00, 1.00, 0.00, 0.00, 0.00, 0.00, 0.00, 0.00, 0.00, 0.00
158,  0,  5.274,  0.93,  1, 0.00, 0.00, 0.00, 0.42, 1.35, 1.20, 0.00, 0.12, 2.68, 1.18, 0.00, 0.89, 0.00, 0.00, 0.02, 0.21, 0.00, 0.00, 0.00, 0.00, 1.00, 1.00, 1.00, 0.00, 0.00, 1.00, 1.00, 0.00, 0.00, 0.00, 0.00, 0.00, 0.00, 0.00, 0.00
159,  0,  5.308,  0.93,  1, 0.00, 0.00, 0.00, 0.27, 1.46, 1.15, 0.00, 0.12, 2.79, 1.18, 0.00, 0.87, 0.00, 0.00, 0.00, 0.23, 0.05, 0.00, 0.00, 0.00, 1.00, 1.00, 1.00, 0.00, 0.00, 1.00, 1.00, 0.00, 0.00, 0.00, 0.00, 0.00, 0.00, 0.00, 0.00
160,  0,  5.341,  0.98,  1, 0.00, 0.00, 0.00, 0.10, 1.53, 0.99, 0.00, 0.31, 2.92, 1.27, 0.00, 0.88, 0.00, 0.02, 0.00, 0.24, 0.12, 0.00, 0.00, 0.00, 1.00, 1.00, 1.00, 0.00, 1.00, 1.00, 1.00, 0.00, 0.00, 0.00, 0.00, 0.00, 0.00, 0.00, 0.00
161,  0,  5.375,  0.98,  1, 0.00, 0.00, 0.00, 0.00, 1.56, 0.95, 0.00, 0.41, 2.98, 1.37, 0.00, 0.93, 0.00, 0.04, 0.00, 0.11, 0.20, 0.00, 0.00, 0.00, 1.00, 1.00, 1.00, 0.00, 1.00, 1.00, 1.00, 0.00, 0.00, 0.00, 0.00, 0.00, 0.00, 0.00, 0.00
162,  0,  5.409,  0.98,  1, 0.00, 0.00, 0.00, 0.03, 1.58, 1.02, 0.00, 0.41, 2.99, 1.31, 0.00, 0.95, 0.00, 0.12, 0.00, 0.08, 0.24, 0.00, 0.00, 0.00, 1.00, 1.00, 1.00, 0.00, 1.00, 1.00, 1.00, 0.00, 0.00, 0.00, 0.00, 0.00, 0.00, 0.00, 0.00
163,  0,  5.442,  0.98,  1, 0.00, 0.00, 0.00, 0.06, 1.59, 1.17, 0.00, 0.27, 2.99, 1.31, 0.00, 0.93, 0.00, 0.16, 0.04, 0.07, 0.20, 0.00, 0.00, 0.00, 1.00, 1.00, 1.00, 0.00, 1.00, 1.00, 1.00, 0.00, 0.00, 0.00, 0.00, 0.00, 0.00, 0.00, 0.00
164,  0,  5.476,  0.98,  1, 0.00, 0.00, 0.00, 0.12, 1.65, 1.18, 0.00, 0.20, 3.04, 1.27, 0.00, 0.86, 0.00, 0.19, 0.10, 0.04, 0.15, 0.00, 0.00, 0.00, 1.00, 1.00, 1.00, 0.00, 1.00, 1.00, 1.00, 0.00, 0.00, 0.00, 0.00, 0.00, 0.00, 0.00, 0.00
165,  0,  5.509,  0.98,  1, 0.00, 0.00, 0.00, 0.13, 1.73, 1.13, 0.00, 0.16, 3.13, 1.36, 0.00, 0.95, 0.00, 0.17, 0.14, 0.04, 0.05, 0.00, 0.00, 0.00, 1.00, 1.00, 1.00, 0.00, 1.00, 1.00, 1.00, 0.00, 0.00, 0.00, 0.00, 0.00, 0.00, 0.00, 0.00
166,  0,  5.543,  0.98,  1, 0.00, 0.00, 0.00, 0.11, 1.81, 1.09, 0.00, 0.21, 3.21, 1.35, 0.00, 1.02, 0.00, 0.15, 0.10, 0.04, 0.03, 0.00, 0.00, 0.00, 1.00, 1.00, 1.00, 0.00, 1.00, 1.00, 1.00, 0.00, 0.00, 0.00, 0.00, 0.00, 0.00, 0.00, 0.00
167,  0,  5.576,  0.98,  1, 0.00, 0.00, 0.00, 0.10, 1.88, 1.15, 0.00, 0.27, 3.26, 1.41, 0.00, 1.01, 0.00, 0.16, 0.07, 0.00, 0.00, 0.00, 0.00, 0.00, 1.00, 1.00, 1.00, 0.00, 1.00, 1.00, 1.00, 0.00, 0.00, 0.00, 0.00, 0.00, 0.00, 0.00, 0.00
168,  0,  5.610,  0.98,  1, 0.00, 0.00, 0.00, 0.09, 1.93, 1.29, 0.00, 0.47, 3.33, 1.44, 0.00, 0.91, 0.00, 0.16, 0.02, 0.01, 0.07, 0.00, 0.00, 0.00, 1.00, 1.00, 1.00, 0.00, 1.00, 1.00, 1.00, 0.00, 0.00, 0.00, 0.00, 0.00, 0.00, 0.00, 0.00
169,  0,  5.644,  0.98,  1, 0.00, 0.00, 0.00, 0.15, 1.97, 1.42, 0.00, 0.46, 3.40, 1.51, 0.00, 0.83, 0.00, 0.20, 0.02, 0.01, 0.16, 0.00, 0.00, 0.00, 1.00, 1.00, 1.00, 0.00, 1.00, 1.00, 1.00, 0.00, 0.00, 0.00, 0.00, 0.00, 0.00, 0.00, 0.00
170,  0,  5.677,  0.98,  1, 0.00, 0.00, 0.00, 0.19, 2.01, 1.39, 0.00, 0.47, 3.47, 1.65, 0.00, 0.82, 0.00, 0.20, 0.00, 0.01, 0.15, 0.00, 0.00, 0.00, 1.00, 1.00, 1.00, 0.00, 1.00, 1.00, 1.00, 0.00, 0.00, 0.00, 0.00, 0.00, 0.00, 0.00, 0.00
171,  0,  5.711,  0.98,  1, 0.00, 0.00, 0.00, 0.25, 2.05, 1.54, 0.00, 0.41, 3.49, 1.70, 0.00, 0.74, 0.00, 0.20, 0.00, 0.00, 0.12, 0.00, 0.00, 0.00, 1.00, 1.00, 1.00, 0.00, 1.00, 1.00, 1.00, 0.00, 0.00, 0.00, 0.00, 0.00, 0.00, 0.00, 0.00
172,  0,  5.744,  0.98,  1, 0.00, 0.00, 0.00, 0.35, 2.07, 1.62, 0.00, 0.55, 3.48, 1.72, 0.00, 0.71, 0.00, 0.18, 0.00, 0.00, 0.06, 0.00, 0.00, 0.00, 1.00, 1.00, 1.00, 0.00, 1.00, 1.00, 1.00, 0.00, 0.00, 0.00, 0.00, 0.00, 0.00, 0.00, 0.00
173,  0,  5.778,  0.98,  1, 0.00, 0.00, 0.00, 0.27, 2.17, 1.79, 0.00, 0.59, 3.47, 1.72, 0.00, 0.63, 0.00, 0.19, 0.00, 0.00, 0.13, 0.00, 0.00, 0.00, 1.00, 1.00, 1.00, 0.00, 1.00, 1.00, 1.00, 0.00, 0.00, 0.00, 0.00, 0.00, 0.00, 0.00, 0.00
174,  0,  5.812,  0.98,  1, 0.00, 0.00, 0.00, 0.21, 2.25, 1.92, 0.00, 0.58, 3.46, 1.77, 0.00, 0.44, 0.00, 0.17, 0.00, 0.00, 0.17, 0.00, 0.00, 0.00, 1.00, 1.00, 1.00, 0.00, 1.00, 1.00, 1.00, 0.00, 0.00, 0.00, 0.00, 0.00, 0.00, 0.00, 0.00
175,  0,  5.845,  0.98,  1, 0.00, 0.00, 0.00, 0.05, 2.32, 2.03, 0.00, 0.44, 3.45, 1.77, 0.00, 0.30, 0.00, 0.13, 0.00, 0.00, 0.18, 0.00, 0.00, 0.00, 1.00, 1.00, 1.00, 0.00, 1.00, 1.00, 1.00, 0.00, 0.00, 0.00, 0.00, 0.00, 0.00, 0.00, 0.00
176,  0,  5.879,  0.98,  1, 0.00, 0.00, 0.00, 0.03, 2.31, 2.07, 0.00, 0.32, 3.44, 1.76, 0.00, 0.10, 0.00, 0.12, 0.00, 0.00, 0.19, 0.00, 0.00, 0.00, 1.00, 1.00, 1.00, 0.00, 1.00, 1.00, 1.00, 0.00, 0.00, 0.00, 0.00, 0.00, 0.00, 0.00, 0.00
177,  0,  5.912,  0.98,  1, 0.00, 0.00, 0.00, 0.04, 2.32, 1.88, 0.00, 0.34, 3.48, 1.72, 0.00, 0.15, 0.00, 0.14, 0.00, 0.00, 0.12, 0.00, 0.00, 0.00, 1.00, 1.00, 1.00, 0.00, 1.00, 1.00, 1.00, 0.00, 0.00, 0.00, 0.00, 0.00, 0.00, 0.00, 0.00
178,  0,  5.946,  0.98,  1, 0.00, 0.00, 0.00, 0.08, 2.37, 1.90, 0.00, 0.44, 3.50, 1.56, 0.00, 0.21, 0.00, 0.14, 0.00, 0.00, 0.08, 0.00, 0.00, 0.00, 1.00, 1.00, 1.00, 0.00, 1.00, 1.00, 1.00, 0.00, 0.00, 0.00, 0.00, 0.00, 0.00, 0.00, 0.00
179,  0,  5.980,  0.98,  1, 0.00, 0.00, 0.00, 0.08, 2.40, 1.94, 0.00, 0.57, 3.51, 1.45, 0.00, 0.34, 0.00, 0.14, 0.00, 0.00, 0.00, 0.00, 0.00, 0.00, 1.00, 1.00, 1.00, 0.00, 1.00, 1.00, 1.00, 0.00, 0.00, 0.00, 0.00, 0.00, 0.00, 0.00, 0.00
180,  0,  6.013,  0.98,  1, 0.00, 0.00, 0.00, 0.09, 2.39, 1.96, 0.00, 0.51, 3.46, 1.44, 0.00, 0.28, 0.00, 0.14, 0.05, 0.00, 0.06, 0.00, 0.00, 0.00, 1.00, 1.00, 1.00, 0.00, 1.00, 1.00, 1.00, 0.00, 0.00, 0.00, 0.00, 0.00, 0.00, 0.00, 0.00
181,  0,  6.047,  0.98,  1, 0.00, 0.00, 0.00, 0.06, 2.36, 1.79, 0.00, 0.47, 3.46, 1.46, 0.00, 0.16, 0.00, 0.14, 0.05, 0.00, 0.06, 0.00, 0.00, 0.00, 1.00, 1.00, 1.00, 0.00, 1.00, 1.00, 1.00, 0.00, 0.00, 0.00, 0.00, 0.00, 0.00, 0.00, 0.00
182,  0,  6.080,  0.98,  1, 0.00, 0.00, 0.00, 0.06, 2.38, 1.55, 0.00, 0.31, 3.49, 1.38, 0.00, 0.03, 0.00, 0.15, 0.11, 0.00, 0.06, 0.00, 0.00, 0.00, 1.00, 1.00, 1.00, 0.00, 1.00, 1.00, 1.00, 0.00, 0.00, 0.00, 0.00, 0.00, 0.00, 0.00, 0.00
183,  0,  6.114,  0.98,  1, 0.00, 0.00, 0.00, 0.04, 2.40, 1.43, 0.00, 0.18, 3.56, 1.35, 0.00, 0.03, 0.00, 0.16, 0.12, 0.00, 0.00, 0.00, 0.00, 0.00, 1.00, 1.00, 1.00, 0.00, 1.00, 1.00, 1.00, 0.00, 0.00, 0.00, 0.00, 0.00, 0.00, 0.00, 0.00
184,  0,  6.148,  0.98,  1, 0.00, 0.00, 0.00, 0.03, 2.37, 1.40, 0.00, 0.05, 3.56, 1.37, 0.00, 0.02, 0.00, 0.19, 0.13, 0.00, 0.00, 0.00, 0.00, 0.00, 1.00, 1.00, 1.00, 0.00, 1.00, 1.00, 1.00, 0.00, 0.00, 0.00, 0.00, 0.00, 0.00, 0.00, 0.00
185,  0,  6.181,  0.98,  1, 0.00, 0.00, 0.00, 0.03, 2.36, 1.51, 0.00, 0.03, 3.57, 1.49, 0.00, 0.02, 0.00, 0.17, 0.13, 0.00, 0.00, 0.00, 0.00, 0.00, 1.00, 1.00, 1.00, 0.00, 1.00, 1.00, 1.00, 0.00, 0.00, 0.00, 0.00, 0.00, 0.00, 0.00, 0.00
186,  0,  6.215,  0.98,  1, 0.00, 0.00, 0.00, 0.00, 2.35, 1.58, 0.00, 0.05, 3.58, 1.43, 0.00, 0.05, 0.00, 0.18, 0.18, 0.00, 0.00, 0.00, 0.00, 0.00, 1.00, 1.00, 1.00, 0.00, 1.00, 1.00, 1.00, 0.00, 0.00, 0.00, 0.00, 0.00, 0.00, 0.00, 0.00
187,  0,  6.248,  0.98,  1, 0.00, 0.00, 0.00, 0.00, 2.39, 1.65, 0.00, 0.10, 3.62, 1.46, 0.00, 0.07, 0.00, 0.16, 0.17, 0.00, 0.00, 0.00, 0.00, 0.00, 1.00, 1.00, 1.00, 0.00, 1.00, 1.00, 1.00, 0.00, 0.00, 0.00, 0.00, 0.00, 0.00, 0.00, 0.00
188,  0,  6.282,  0.98,  1, 0.00, 0.00, 0.00, 0.00, 2.39, 1.55, 0.00, 0.15, 3.62, 1.37, 0.00, 0.19, 0.00, 0.19, 0.12, 0.00, 0.00, 0.00, 0.00, 0.00, 1.00, 1.00, 1.00, 0.00, 1.00, 1.00, 1.00, 0.00, 0.00, 0.00, 0.00, 0.00, 0.00, 0.00, 0.00
189,  0,  6.316,  0.98,  1, 0.00, 0.00, 0.00, 0.00, 2.41, 1.59, 0.00, 0.22, 3.68, 1.41, 0.00, 0.32, 0.00, 0.12, 0.00, 0.00, 0.00, 0.00, 0.00, 0.00, 1.00, 1.00, 1.00, 0.00, 1.00, 1.00, 1.00, 0.00, 0.00, 0.00, 0.00, 0.00, 0.00, 0.00, 0.00
190,  0,  6.349,  0.98,  1, 0.00, 0.00, 0.00, 0.00, 2.42, 1.75, 0.00, 0.28, 3.70, 1.46, 0.00, 0.34, 0.00, 0.08, 0.00, 0.00, 0.00, 0.00, 0.00, 0.00, 1.00, 1.00, 1.00, 0.00, 1.00, 1.00, 1.00, 0.00, 0.00, 0.00, 0.00, 0.00, 0.00, 0.00, 0.00
191,  0,  6.383,  0.98,  1, 0.00, 0.00, 0.00, 0.00, 2.46, 1.96, 0.00, 0.29, 3.72, 1.67, 0.00, 0.26, 0.00, 0.10, 0.09, 0.00, 0.00, 0.00, 0.00, 0.00, 1.00, 1.00, 1.00, 0.00, 1.00, 1.00, 1.00, 0.00, 0.00, 0.00, 0.00, 0.00, 0.00, 0.00, 0.00
192,  0,  6.416,  0.98,  1, 0.00, 0.00, 0.00, 0.00, 2.47, 2.01, 0.00, 0.22, 3.72, 1.78, 0.00, 0.11, 0.00, 0.20, 0.21, 0.00, 0.00, 0.00, 0.00, 0.00, 1.00, 1.00, 1.00, 0.00, 1.00, 1.00, 1.00, 0.00, 0.00, 0.00, 0.00, 0.00, 0.00, 0.00, 0.00
193,  0,  6.450,  0.98,  1, 0.00, 0.00, 0.00, 0.00, 2.45, 1.98, 0.00, 0.13, 3.73, 1.93, 0.00, 0.05, 0.00, 0.37, 0.21, 0.00, 0.00, 0.00, 0.00, 0.00, 0.00, 1.00, 1.00, 0.00, 1.00, 1.00, 1.00, 0.00, 0.00, 0.00, 0.00, 0.00, 0.00, 0.00, 0.00
194,  0,  6.484,  0.98,  1, 0.00, 0.00, 0.00, 0.00, 2.44, 2.00, 0.00, 0.14, 3.76, 1.88, 0.00, 0.12, 0.00, 0.47, 0.12, 0.00, 0.00, 0.00, 0.00, 0.00, 0.00, 1.00, 1.00, 0.00, 1.00, 1.00, 1.00, 0.00, 0.00, 0.00, 1.00, 0.00, 0.00, 0.00, 0.00
195,  0,  6.517,  0.98,  1, 0.00, 0.00, 0.00, 0.00, 2.40, 2.01, 0.00, 0.21, 3.70, 1.78, 0.00, 0.29, 0.00, 0.59, 0.03, 0.00, 0.00, 0.00, 0.00, 0.00, 1.00, 1.00, 1.00, 0.00, 1.00, 1.00, 1.00, 0.00, 0.00, 0.00, 1.00, 0.00, 0.00, 0.00, 0.00
196,  0,  6.551,  0.98,  1, 0.00, 0.00, 0.00, 0.00, 2.40, 1.97, 0.00, 0.36, 3.70, 1.61, 0.00, 0.48, 0.00, 0.64, 0.06, 0.00, 0.00, 0.00, 0.00, 0.00, 1.00, 1.00, 1.00, 0.00, 1.00, 1.00, 1.00, 0.00, 0.00, 0.00, 1.00, 0.00, 0.00, 0.00, 0.00
197,  0,  6.584,  0.98,  1, 0.00, 0.00, 0.00, 0.00, 2.38, 1.91, 0.00, 0.40, 3.69, 1.44, 0.00, 0.52, 0.00, 0.62, 0.20, 0.00, 0.03, 0.00, 0.00, 0.00, 0.00, 1.00, 1.00, 0.00, 1.00, 1.00, 1.00, 0.00, 0.00, 0.00, 1.00, 0.00, 0.00, 0.00, 0.00
198,  0,  6.618,  0.98,  1, 0.00, 0.00, 0.00, 0.00, 2.42, 1.86, 0.00, 0.48, 3.72, 1.33, 0.00, 0.49, 0.00, 0.63, 0.19, 0.00, 0.03, 0.00, 0.00, 0.00, 1.00, 1.00, 1.00, 0.00, 1.00, 1.00, 1.00, 0.00, 0.00, 0.00, 1.00, 0.00, 0.00, 0.00, 0.00
199,  0,  6.651,  0.98,  1, 0.00, 0.00, 0.00, 0.00, 2.45, 1.78, 0.00, 0.39, 3.65, 1.17, 0.00, 0.44, 0.00, 0.64, 0.16, 0.00, 0.03, 0.00, 0.00, 0.00, 1.00, 1.00, 1.00, 0.00, 1.00, 1.00, 1.00, 0.00, 0.00, 0.00, 0.00, 0.00, 0.00, 0.00, 0.00
200,  0,  6.685,  0.98,  1, 0.00, 0.00, 0.00, 0.00, 2.49, 1.61, 0.00, 0.42, 3.66, 1.34, 0.00, 0.39, 0.00, 0.71, 0.08, 0.00, 0.00, 0.00, 0.00, 0.00, 1.00, 1.00, 1.00, 0.00, 1.00, 1.00, 1.00, 0.00, 0.00, 0.00, 0.00, 0.00, 0.00, 0.00, 0.00
201,  0,  6.719,  0.98,  1, 0.00, 0.00, 0.00, 0.00, 2.46, 1.59, 0.00, 0.34, 3.65, 1.48, 0.00, 0.38, 0.00, 0.75, 0.05, 0.00, 0.00, 0.00, 0.00, 0.00, 1.00, 1.00, 1.00, 0.00, 1.00, 1.00, 1.00, 0.00, 0.00, 0.00, 0.00, 0.00, 0.00, 0.00, 0.00
202,  0,  6.752,  0.98,  1, 0.00, 0.00, 0.00, 0.00, 2.46, 1.60, 0.00, 0.41, 3.78, 1.62, 0.00, 0.35, 0.00, 0.77, 0.06, 0.00, 0.00, 0.00, 0.00, 0.00, 1.00, 1.00, 1.00, 0.00, 1.00, 1.00, 1.00, 0.00, 0.00, 0.00, 1.00, 0.00, 0.00, 0.00, 0.00
203,  0,  6.786,  0.98,  1, 0.00, 0.00, 0.00, 0.00, 2.49, 1.81, 0.00, 0.44, 3.81, 1.53, 0.00, 0.40, 0.00, 0.75, 0.03, 0.00, 0.00, 0.00, 0.00, 0.00, 1.00, 1.00, 1.00, 0.00, 1.00, 1.00, 1.00, 0.00, 0.00, 0.00, 1.00, 0.00, 0.00, 0.00, 0.00
204,  0,  6.819,  0.98,  1, 0.00, 0.00, 0.00, 0.00, 2.52, 1.80, 0.00, 0.40, 3.82, 1.46, 0.00, 0.32, 0.00, 0.72, 0.08, 0.00, 0.00, 0.00, 0.00, 0.00, 1.00, 1.00, 1.00, 0.00, 1.00, 1.00, 1.00, 0.00, 0.00, 0.00, 1.00, 0.00, 0.00, 0.00, 0.00
205,  0,  6.853,  0.98,  1, 0.00, 0.00, 0.00, 0.00, 2.52, 1.78, 0.00, 0.35, 3.79, 1.39, 0.00, 0.26, 0.00, 0.71, 0.07, 0.00, 0.00, 0.00, 0.00, 0.00, 1.00, 1.00, 1.00, 0.00, 1.00, 1.00, 1.00, 0.00, 0.00, 0.00, 1.00, 0.00, 0.00, 0.00, 0.00
206,  0,  6.887,  0.98,  1, 0.00, 0.00, 0.00, 0.00, 2.53, 1.76, 0.00, 0.25, 3.72, 1.34, 0.00, 0.16, 0.00, 0.67, 0.15, 0.00, 0.00, 0.00, 0.00, 0.00, 0.00, 1.00, 1.00, 0.00, 1.00, 1.00, 1.00, 0.00, 0.00, 0.00, 1.00, 0.00, 0.00, 0.00, 0.00
207,  0,  6.920,  0.98,  1, 0.00, 0.00, 0.00, 0.00, 2.52, 1.79, 0.00, 0.32, 3.72, 1.54, 0.00, 0.11, 0.00, 0.58, 0.25, 0.00, 0.00, 0.00, 0.00, 0.00, 0.00, 1.00, 1.00, 0.00, 1.00, 1.00, 1.00, 0.00, 0.00, 0.00, 1.00, 0.00, 0.00, 0.00, 0.00
208,  0,  6.954,  0.98,  1, 0.00, 0.00, 0.00, 0.00, 2.52, 1.89, 0.00, 0.37, 3.73, 1.62, 0.00, 0.07, 0.00, 0.49, 0.38, 0.00, 0.00, 0.00, 0.00, 0.00, 0.00, 1.00, 1.00, 0.00, 1.00, 1.00, 1.00, 0.00, 0.00, 0.00, 1.00, 0.00, 0.00, 0.00, 0.00
209,  0,  6.987,  0.98,  1, 0.00, 0.00, 0.00, 0.00, 2.54, 1.95, 0.00, 0.51, 3.83, 1.58, 0.00, 0.05, 0.00, 0.46, 0.34, 0.00, 0.01, 0.00, 0.00, 0.00, 0.00, 1.00, 1.00, 0.00, 1.00, 1.00, 1.00, 0.00, 0.00, 0.00, 1.00, 0.00, 0.00, 0.00, 0.00
210,  0,  7.021,  0.98,  1, 0.00, 0.00, 0.00, 0.00, 2.57, 2.12, 0.00, 0.57, 3.78, 1.14, 0.00, 0.15, 0.00, 0.47, 0.36, 0.00, 0.01, 0.00, 0.00, 0.00, 0.00, 1.00, 1.00, 0.00, 1.00, 1.00, 1.00, 0.00, 0.00, 0.00, 1.00, 0.00, 0.00, 0.00, 0.00
211,  0,  7.055,  0.98,  1, 0.00, 0.00, 0.00, 0.00, 2.60, 2.14, 0.00, 0.59, 3.78, 1.03, 0.00, 0.27, 0.00, 0.53, 0.33, 0.00, 0.07, 0.00, 0.00, 0.00, 0.00, 1.00, 1.00, 0.00, 1.00, 1.00, 1.00, 0.00, 0.00, 0.00, 1.00, 0.00, 0.00, 0.00, 0.00
212,  0,  7.088,  0.98,  1, 0.00, 0.00, 0.00, 0.00, 2.64, 2.21, 0.00, 0.50, 3.77, 1.04, 0.00, 0.27, 0.00, 0.57, 0.32, 0.00, 0.06, 0.00, 0.00, 0.00, 0.00, 1.00, 1.00, 0.00, 1.00, 1.00, 1.00, 0.00, 0.00, 0.00, 1.00, 0.00, 0.00, 0.00, 0.00
213,  0,  7.122,  0.98,  1, 0.00, 0.00, 0.00, 0.00, 2.65, 2.26, 0.00, 0.42, 3.83, 1.09, 0.00, 0.20, 0.00, 0.54, 0.22, 0.00, 0.06, 0.00, 0.00, 0.00, 0.00, 1.00, 1.00, 0.00, 1.00, 1.00, 1.00, 0.00, 0.00, 0.00, 1.00, 0.00, 0.00, 0.00, 0.00
214,  0,  7.155,  0.98,  1, 0.00, 0.00, 0.00, 0.00, 2.63, 2.40, 0.00, 0.30, 3.80, 1.13, 0.04, 0.15, 0.00, 0.52, 0.21, 0.00, 0.00, 0.00, 0.00, 0.00, 0.00, 1.00, 1.00, 0.00, 1.00, 1.00, 1.00, 0.00, 0.00, 0.00, 1.00, 0.00, 0.00, 0.00, 0.00
215,  0,  7.189,  0.98,  1, 0.00, 0.00, 0.00, 0.00, 2.51, 2.49, 0.00, 0.24, 3.79, 1.23, 0.07, 0.19, 0.00, 0.51, 0.33, 0.00, 0.01, 0.00, 0.00, 0.00, 0.00, 1.00, 1.00, 0.00, 1.00, 1.00, 1.00, 0.00, 0.00, 0.00, 1.00, 0.00, 0.00, 0.00, 0.00
216,  0,  7.223,  0.98,  1, 0.00, 0.00, 0.00, 0.00, 2.51, 2.52, 0.00, 0.21, 3.77, 1.38, 0.07, 0.26, 0.00, 0.60, 0.28, 0.00, 0.01, 0.00, 0.00, 0.00, 0.00, 1.00, 1.00, 0.00, 1.00, 1.00, 1.00, 0.00, 0.00, 0.00, 1.00, 0.00, 0.00, 0.00, 0.00
217,  0,  7.256,  0.98,  1, 0.00, 0.00, 0.00, 0.00, 2.60, 2.28, 0.00, 0.33, 3.77, 1.26, 0.03, 0.27, 0.00, 0.60, 0.29, 0.00, 0.01, 0.00, 0.00, 0.00, 0.00, 1.00, 1.00, 0.00, 1.00, 1.00, 1.00, 0.00, 0.00, 0.00, 1.00, 0.00, 0.00, 0.00, 0.00
218,  0,  7.290,  0.98,  1, 0.00, 0.00, 0.00, 0.00, 2.73, 2.17, 0.00, 0.36, 3.70, 1.17, 0.00, 0.31, 0.00, 0.64, 0.12, 0.00, 0.03, 0.00, 0.00, 0.00, 1.00, 1.00, 1.00, 0.00, 1.00, 1.00, 1.00, 0.00, 0.00, 0.00, 1.00, 0.00, 0.00, 0.00, 0.00
219,  0,  7.323,  0.98,  1, 0.00, 0.00, 0.00, 0.00, 2.77, 1.91, 0.00, 0.47, 3.70, 0.99, 0.00, 0.41, 0.00, 0.57, 0.24, 0.00, 0.03, 0.00, 0.00, 0.00, 1.00, 1.00, 1.00, 0.00, 1.00, 1.00, 1.00, 0.00, 0.00, 0.00, 1.00, 0.00, 0.00, 0.00, 0.00
220,  0,  7.357,  0.98,  1, 0.00, 0.00, 0.00, 0.00, 2.73, 1.92, 0.00, 0.48, 3.71, 1.26, 0.00, 0.49, 0.00, 0.65, 0.14, 0.00, 0.03, 0.00, 0.00, 0.00, 1.00, 1.00, 1.00, 0.00, 1.00, 1.00, 1.00, 0.00, 0.00, 0.00, 1.00, 0.00, 0.00, 0.00, 0.00
221,  0,  7.391,  0.98,  1, 0.00, 0.00, 0.00, 0.00, 2.68, 1.75, 0.00, 0.55, 3.75, 1.37, 0.01, 0.48, 0.00, 0.64, 0.20, 0.00, 0.00, 0.00, 0.00, 0.00, 1.00, 1.00, 1.00, 0.00, 1.00, 1.00, 1.00, 0.00, 0.00, 0.00, 1.00, 0.00, 0.00, 0.00, 0.00
222,  0,  7.424,  0.98,  1, 0.00, 0.00, 0.00, 0.00, 2.64, 1.70, 0.00, 0.53, 3.73, 1.56, 0.11, 0.45, 0.00, 0.77, 0.16, 0.00, 0.00, 0.00, 0.00, 0.00, 1.00, 1.00, 1.00, 0.00, 1.00, 1.00, 1.00, 0.00, 0.00, 0.00, 0.00, 0.00, 0.00, 0.00, 0.00
223,  0,  7.458,  0.98,  1, 0.00, 0.00, 0.00, 0.00, 2.62, 1.57, 0.00, 0.54, 3.67, 1.56, 0.16, 0.40, 0.00, 0.81, 0.27, 0.00, 0.00, 0.00, 0.00, 0.00, 1.00, 1.00, 1.00, 0.00, 1.00, 1.00, 1.00, 0.00, 0.00, 0.00, 0.00, 0.00, 0.00, 0.00, 0.00
224,  0,  7.491,  0.98,  1, 0.00, 0.00, 0.00, 0.00, 2.56, 1.66, 0.00, 0.62, 3.55, 1.49, 0.25, 0.34, 0.00, 0.88, 0.37, 0.00, 0.04, 0.00, 0.00, 0.00, 1.00, 1.00, 1.00, 0.00, 1.00, 1.00, 1.00, 0.00, 0.00, 0.00, 1.00, 0.00, 0.00, 0.00, 0.00
225,  0,  7.525,  0.98,  1, 0.00, 0.00, 0.00, 0.00, 2.64, 1.90, 0.00, 0.70, 3.62, 1.55, 0.14, 0.43, 0.00, 0.85, 0.28, 0.00, 0.04, 0.00, 0.00, 0.00, 0.00, 1.00, 1.00, 0.00, 1.00, 1.00, 1.00, 0.00, 0.00, 0.00, 1.00, 0.00, 0.00, 0.00, 0.00
226,  0,  7.559,  0.98,  1, 0.00, 0.00, 0.00, 0.00, 2.68, 2.01, 0.00, 0.81, 3.70, 1.46, 0.24, 0.41, 0.00, 0.80, 0.22, 0.00, 0.09, 0.00, 0.00, 0.00, 0.00, 1.00, 1.00, 0.00, 1.00, 1.00, 1.00, 0.00, 0.00, 0.00, 1.00, 0.00, 0.00, 0.00, 0.00
227,  0,  7.592,  0.98,  1, 0.00, 0.00, 0.00, 0.00, 2.77, 2.06, 0.00, 0.96, 3.84, 1.43, 0.33, 0.61, 0.00, 0.81, 0.14, 0.00, 0.05, 0.00, 0.00, 0.00, 0.00, 1.00, 1.00, 0.00, 1.00, 1.00, 1.00, 0.00, 0.00, 0.00, 0.00, 0.00, 0.00, 0.00, 0.00
228,  0,  7.626,  0.98,  1, 0.00, 0.00, 0.00, 0.00, 2.76, 1.99, 0.00, 0.96, 3.90, 1.36, 0.42, 0.57, 0.00, 0.76, 0.16, 0.00, 0.12, 0.00, 0.00, 0.00, 0.00, 1.00, 1.00, 0.00, 1.00, 1.00, 1.00, 0.00, 0.00, 0.00, 0.00, 0.00, 0.00, 0.00, 0.00
229,  0,  7.659,  0.98,  1, 0.00, 0.00, 0.00, 0.03, 2.75, 2.27, 0.00, 0.96, 3.86, 1.44, 0.28, 0.69, 0.00, 0.71, 0.10, 0.00, 0.14, 0.00, 0.00, 0.00, 0.00, 1.00, 1.00, 0.00, 1.00, 1.00, 1.00, 0.00, 0.00, 0.00, 1.00, 0.00, 0.00, 0.00, 0.00
230,  0,  7.693,  0.98,  1, 0.00, 0.00, 0.12, 0.03, 2.82, 2.55, 0.00, 0.70, 3.85, 1.50, 0.09, 0.69, 0.00, 0.64, 0.01, 0.00, 0.20, 0.00, 0.00, 0.00, 0.00, 1.00, 1.00, 0.00, 1.00, 1.00, 1.00, 0.00, 0.00, 0.00, 1.00, 0.00, 0.00, 0.00, 0.00
231,  0,  7.726,  0.98,  1, 0.00, 0.00, 0.12, 0.03, 2.79, 2.68, 0.00, 0.69, 3.78, 1.54, 0.09, 0.69, 0.00, 0.67, 0.02, 0.00, 0.13, 0.00, 0.00, 0.00, 0.00, 1.00, 1.00, 0.00, 1.00, 1.00, 1.00, 0.00, 0.00, 0.00, 1.00, 0.00, 0.00, 0.00, 0.00
232,  0,  7.760,  0.98,  1, 0.00, 0.00, 0.12, 0.00, 2.82, 2.72, 0.00, 0.69, 3.78, 1.56, 0.13, 0.74, 0.00, 0.68, 0.02, 0.00, 0.06, 0.00, 0.00, 0.00, 0.00, 1.00, 1.00, 0.00, 1.00, 1.00, 1.00, 0.00, 0.00, 0.00, 1.00, 0.00, 0.00, 0.00, 0.00
233,  0,  7.794,  0.98,  1, 0.00, 0.00, 0.06, 0.00, 2.78, 2.58, 0.00, 0.79, 3.79, 1.43, 0.20, 0.73, 0.00, 0.65, 0.04, 0.00, 0.13, 0.00, 0.00, 0.00, 0.00, 1.00, 1.00, 0.00, 1.00, 1.00, 1.00, 0.00, 0.00, 0.00, 1.00, 0.00, 0.00, 0.00, 0.00
234,  0,  7.827,  0.98,  1, 0.00, 0.00, 0.07, 0.00, 2.81, 2.48, 0.00, 0.78, 3.81, 1.46, 0.10, 0.66, 0.00, 0.53, 0.13, 0.00, 0.13, 0.00, 0.00, 0.00, 0.00, 1.00, 1.00, 0.00, 1.00, 1.00, 1.00, 0.00, 0.00, 0.00, 1.00, 0.00, 0.00, 0.00, 0.00
235,  0,  7.861,  0.98,  1, 0.00, 0.00, 0.07, 0.00, 2.88, 2.43, 0.00, 0.80, 3.89, 1.24, 0.11, 0.54, 0.00, 0.47, 0.20, 0.00, 0.19, 0.00, 0.00, 0.00, 0.00, 1.00, 1.00, 0.00, 1.00, 1.00, 1.00, 0.00, 0.00, 0.00, 1.00, 0.00, 0.00, 0.00, 0.00
236,  0,  7.894,  0.98,  1, 0.00, 0.00, 0.01, 0.00, 2.95, 2.45, 0.00, 0.86, 3.94, 1.28, 0.12, 0.36, 0.00, 0.50, 0.21, 0.00, 0.11, 0.00, 0.00, 0.00, 0.00, 1.00, 1.00, 0.00, 1.00, 1.00, 1.00, 0.00, 0.00, 0.00, 1.00, 0.00, 0.00, 0.00, 0.00
237,  0,  7.928,  0.98,  1, 0.00, 0.00, 0.00, 0.00, 2.99, 2.75, 0.00, 0.85, 3.98, 1.14, 0.12, 0.26, 0.00, 0.53, 0.16, 0.00, 0.11, 0.00, 0.00, 0.00, 0.00, 1.00, 1.00, 0.00, 1.00, 1.00, 1.00, 0.00, 0.00, 0.00, 1.00, 0.00, 0.00, 0.00, 0.00
238,  0,  7.962,  0.98,  1, 0.00, 0.00, 0.00, 0.00, 3.01, 2.86, 0.00, 0.81, 3.93, 1.33, 0.08, 0.26, 0.00, 0.56, 0.31, 0.00, 0.23, 0.00, 0.00, 0.00, 0.00, 1.00, 1.00, 0.00, 1.00, 1.00, 1.00, 0.00, 0.00, 0.00, 1.00, 0.00, 0.00, 0.00, 0.00
239,  0,  7.995,  0.98,  1, 0.00, 0.00, 0.00, 0.00, 3.02, 2.81, 0.00, 0.78, 3.94, 1.41, 0.00, 0.25, 0.00, 0.52, 0.33, 0.00, 0.22, 0.00, 0.00, 0.00, 0.00, 1.00, 1.00, 0.00, 1.00, 1.00, 1.00, 0.00, 0.00, 0.00, 1.00, 0.00, 0.00, 0.00, 0.00
240,  0,  8.029,  0.98,  1, 0.00, 0.00, 0.00, 0.00, 3.01, 2.65, 0.00, 0.68, 3.88, 1.57, 0.00, 0.23, 0.00, 0.55, 0.31, 0.00, 0.28, 0.00, 0.00, 0.00, 0.00, 1.00, 1.00, 0.00, 1.00, 1.00, 1.00, 0.00, 0.00, 0.00, 1.00, 0.00, 0.00, 0.00, 0.00
241,  0,  8.062,  0.98,  1, 0.00, 0.00, 0.00, 0.00, 2.92, 2.48, 0.00, 0.56, 3.90, 1.33, 0.03, 0.11, 0.00, 0.55, 0.17, 0.00, 0.12, 0.00, 0.00, 0.00, 0.00, 1.00, 1.00, 0.00, 1.00, 1.00, 1.00, 0.00, 0.00, 0.00, 1.00, 0.00, 0.00, 0.00, 0.00
242,  0,  8.096,  0.98,  1, 0.00, 0.00, 0.02, 0.00, 2.84, 2.71, 0.00, 0.43, 3.84, 1.09, 0.29, 0.13, 0.00, 0.66, 0.22, 0.00, 0.22, 0.00, 0.00, 0.00, 0.00, 1.00, 1.00, 0.00, 1.00, 1.00, 1.00, 0.00, 0.00, 0.00, 1.00, 0.00, 0.00, 0.00, 0.00
243,  0,  8.130,  0.98,  1, 0.00, 0.00, 0.03, 0.00, 2.81, 2.80, 0.00, 0.48, 3.82, 0.94, 0.44, 0.20, 0.00, 0.70, 0.25, 0.00, 0.16, 0.00, 0.00, 0.00, 0.00, 1.00, 1.00, 0.00, 1.00, 1.00, 1.00, 0.00, 0.00, 0.00, 1.00, 0.00, 0.00, 0.00, 0.00
244,  0,  8.163,  0.98,  1, 0.00, 0.00, 0.04, 0.00, 2.86, 2.81, 0.00, 0.51, 3.79, 0.98, 0.55, 0.20, 0.00, 0.74, 0.35, 0.00, 0.15, 0.00, 0.00, 0.00, 0.00, 1.00, 1.00, 0.00, 1.00, 1.00, 1.00, 0.00, 0.00, 0.00, 1.00, 0.00, 0.00, 0.00, 0.00
245,  0,  8.197,  0.98,  1, 0.00, 0.00, 0.02, 0.00, 2.78, 2.49, 0.00, 0.54, 3.85, 0.99, 0.35, 0.30, 0.00, 0.66, 0.44, 0.00, 0.06, 0.00, 0.00, 0.00, 0.00, 1.00, 1.00, 0.00, 1.00, 1.00, 1.00, 0.00, 0.00, 0.00, 1.00, 0.00, 0.00, 0.00, 0.00
246,  0,  8.230,  0.98,  1, 0.00, 0.00, 0.01, 0.00, 2.74, 2.25, 0.00, 0.47, 3.89, 0.96, 0.37, 0.29, 0.00, 0.77, 0.54, 0.00, 0.06, 0.00, 0.00, 0.00, 0.00, 1.00, 1.00, 0.00, 1.00, 1.00, 1.00, 0.00, 0.00, 0.00, 1.00, 0.00, 0.00, 0.00, 0.00
247,  0,  8.264,  0.98,  1, 0.00, 0.00, 0.00, 0.00, 2.65, 2.04, 0.00, 0.49, 3.91, 1.00, 0.24, 0.49, 0.00, 0.83, 0.52, 0.00, 0.05, 0.00, 0.00, 0.00, 0.00, 1.00, 1.00, 0.00, 1.00, 1.00, 1.00, 0.00, 0.00, 0.00, 1.00, 0.00, 0.00, 0.00, 0.00
248,  0,  8.298,  0.98,  1, 0.00, 0.00, 0.00, 0.00, 2.76, 2.01, 0.00, 0.56, 3.85, 1.06, 0.32, 0.45, 0.00, 0.96, 0.44, 0.00, 0.00, 0.00, 0.00, 0.00, 0.00, 1.00, 1.00, 0.00, 1.00, 1.00, 1.00, 0.00, 0.00, 0.00, 1.00, 0.00, 0.00, 0.00, 0.00
249,  0,  8.331,  0.98,  1, 0.00, 0.00, 0.00, 0.00, 2.74, 2.05, 0.00, 0.57, 3.85, 1.04, 0.25, 0.49, 0.00, 0.92, 0.32, 0.00, 0.00, 0.00, 0.00, 0.00, 0.00, 1.00, 1.00, 0.00, 1.00, 1.00, 1.00, 0.00, 0.00, 0.00, 1.00, 0.00, 0.00, 0.00, 0.00
250,  0,  8.365,  0.98,  1, 0.00, 0.00, 0.00, 0.00, 2.78, 2.20, 0.00, 0.59, 3.86, 1.21, 0.33, 0.32, 0.00, 0.96, 0.25, 0.00, 0.06, 0.00, 0.00, 0.00, 0.00, 1.00, 1.00, 0.00, 1.00, 1.00, 1.00, 0.00, 0.00, 0.00, 1.00, 0.00, 0.00, 0.00, 0.00
251,  0,  8.398,  0.98,  1, 0.00, 0.00, 0.00, 0.00, 2.73, 2.16, 0.00, 0.49, 3.91, 1.21, 0.44, 0.28, 0.00, 0.92, 0.34, 0.00, 0.06, 0.00, 0.00, 0.00, 0.00, 1.00, 1.00, 0.00, 1.00, 1.00, 1.00, 0.00, 0.00, 0.00, 1.00, 0.00, 0.00, 0.00, 0.00
252,  0,  8.432,  0.98,  1, 0.00, 0.00, 0.00, 0.00, 2.77, 2.34, 0.00, 0.51, 3.93, 1.23, 0.55, 0.30, 0.00, 0.94, 0.49, 0.00, 0.09, 0.00, 0.00, 0.00, 0.00, 1.00, 1.00, 0.00, 1.00, 1.00, 1.00, 0.00, 0.00, 0.00, 1.00, 0.00, 0.00, 0.00, 0.00
253,  0,  8.466,  0.98,  1, 0.00, 0.00, 0.00, 0.00, 2.73, 2.31, 0.00, 0.44, 3.90, 1.14, 0.45, 0.31, 0.00, 0.91, 0.50, 0.00, 0.03, 0.00, 0.00, 0.00, 0.00, 1.00, 1.00, 0.00, 1.00, 1.00, 1.00, 0.00, 0.00, 0.00, 1.00, 0.00, 0.00, 0.00, 0.00
254,  0,  8.499,  0.98,  1, 0.00, 0.00, 0.00, 0.00, 2.71, 2.39, 0.00, 0.53, 3.84, 1.15, 0.32, 0.28, 0.00, 0.89, 0.46, 0.00, 0.03, 0.00, 0.00, 0.00, 0.00, 1.00, 1.00, 0.00, 1.00, 1.00, 1.00, 0.00, 0.00, 0.00, 1.00, 0.00, 0.00, 0.00, 0.00
255,  0,  8.533,  0.98,  1, 0.00, 0.00, 0.00, 0.00, 2.72, 2.41, 0.00, 0.56, 3.83, 1.06, 0.16, 0.22, 0.00, 0.84, 0.37, 0.00, 0.00, 0.00, 0.00, 0.00, 0.00, 1.00, 1.00, 0.00, 1.00, 1.00, 1.00, 0.00, 0.00, 0.00, 1.00, 0.00, 0.00, 0.00, 0.00
256,  0,  8.566,  0.98,  1, 0.00, 0.00, 0.00, 0.00, 2.79, 2.53, 0.00, 0.64, 3.82, 1.05, 0.29, 0.22, 0.00, 0.84, 0.45, 0.00, 0.00, 0.00, 0.00, 0.00, 0.00, 1.00, 1.00, 0.00, 1.00, 1.00, 1.00, 0.00, 0.00, 0.00, 1.00, 0.00, 0.00, 0.00, 0.00
257,  0,  8.600,  0.98,  1, 0.00, 0.00, 0.00, 0.00, 2.86, 2.62, 0.00, 0.66, 3.82, 0.97, 0.28, 0.18, 0.00, 0.86, 0.50, 0.00, 0.00, 0.00, 0.00, 0.00, 0.00, 1.00, 1.00, 0.00, 1.00, 1.00, 1.00, 0.00, 0.00, 0.00, 1.00, 0.00, 0.00, 0.00, 0.00
258,  0,  8.633,  0.98,  1, 0.00, 0.00, 0.00, 0.00, 2.89, 2.32, 0.00, 0.73, 3.74, 1.14, 0.37, 0.20, 0.00, 0.91, 0.53, 0.00, 0.00, 0.00, 0.00, 0.00, 0.00, 1.00, 1.00, 0.00, 1.00, 1.00, 1.00, 0.00, 0.00, 0.00, 1.00, 0.00, 0.00, 0.00, 0.00
259,  0,  8.667,  0.98,  1, 0.00, 0.00, 0.00, 0.00, 2.89, 2.21, 0.00, 0.69, 3.74, 1.09, 0.30, 0.14, 0.00, 0.83, 0.54, 0.00, 0.00, 0.00, 0.00, 0.00, 0.00, 1.00, 1.00, 0.00, 1.00, 1.00, 1.00, 0.00, 0.00, 0.00, 1.00, 0.00, 0.00, 0.00, 0.00
260,  0,  8.701,  0.98,  1, 0.00, 0.00, 0.00, 0.00, 2.85, 2.13, 0.00, 0.64, 3.70, 1.19, 0.21, 0.11, 0.00, 0.77, 0.49, 0.00, 0.00, 0.00, 0.00, 0.00, 0.00, 1.00, 1.00, 0.00, 1.00, 1.00, 1.00, 0.00, 0.00, 0.00, 1.00, 0.00, 0.00, 0.00, 0.00
261,  0,  8.734,  0.98,  1, 0.00, 0.00, 0.00, 0.00, 2.78, 2.29, 0.00, 0.55, 3.74, 1.21, 0.07, 0.01, 0.00, 0.65, 0.44, 0.00, 0.00, 0.00, 0.00, 0.00, 0.00, 1.00, 1.00, 0.00, 1.00, 1.00, 1.00, 0.00, 0.00, 0.00, 0.00, 0.00, 0.00, 0.00, 0.00
262,  0,  8.768,  0.98,  1, 0.00, 0.00, 0.00, 0.00, 2.71, 2.39, 0.00, 0.59, 3.71, 1.26, 0.15, 0.07, 0.00, 0.64, 0.34, 0.00, 0.05, 0.00, 0.00, 0.00, 0.00, 1.00, 1.00, 0.00, 1.00, 1.00, 1.00, 0.00, 0.00, 0.00, 1.00, 0.00, 0.00, 0.00, 0.00
263,  0,  8.801,  0.98,  1, 0.00, 0.00, 0.00, 0.00, 2.64, 2.47, 0.00, 0.58, 3.72, 1.34, 0.23, 0.14, 0.00, 0.53, 0.39, 0.00, 0.05, 0.00, 0.00, 0.00, 0.00, 1.00, 1.00, 0.00, 1.00, 1.00, 1.00, 0.00, 0.00, 0.00, 1.00, 0.00, 0.00, 0.00, 0.00
264,  0,  8.835,  0.98,  1, 0.00, 0.00, 0.01, 0.00, 2.60, 2.76, 0.00, 0.62, 3.69, 1.35, 0.23, 0.13, 0.00, 0.49, 0.45, 0.00, 0.05, 0.00, 0.00, 0.00, 0.00, 1.00, 1.00, 0.00, 1.00, 1.00, 1.00, 0.00, 0.00, 0.00, 1.00, 0.00, 0.00, 0.00, 0.00
265,  0,  8.869,  0.98,  1, 0.00, 0.00, 0.01, 0.00, 2.55, 2.83, 0.00, 0.63, 3.75, 1.51, 0.08, 0.08, 0.00, 0.46, 0.50, 0.00, 0.05, 0.00, 0.00, 0.00, 0.00, 1.00, 1.00, 0.00, 1.00, 1.00, 1.00, 0.00, 0.00, 0.00, 1.00, 0.00, 0.00, 0.00, 0.00
266,  0,  8.902,  0.98,  1, 0.00, 0.00, 0.02, 0.00, 2.48, 2.85, 0.00, 0.58, 3.79, 1.69, 0.00, 0.00, 0.00, 0.44, 0.45, 0.00, 0.10, 0.00, 0.00, 0.00, 0.00, 1.00, 1.00, 0.00, 1.00, 1.00, 1.00, 0.00, 0.00, 0.00, 1.00, 0.00, 0.00, 0.00, 0.00
267,  0,  8.936,  0.98,  1, 0.00, 0.00, 0.01, 0.00, 2.39, 2.57, 0.00, 0.47, 3.82, 1.86, 0.00, 0.00, 0.00, 0.39, 0.49, 0.00, 0.10, 0.00, 0.00, 0.00, 0.00, 1.00, 1.00, 0.00, 1.00, 1.00, 1.00, 0.00, 0.00, 0.00, 1.00, 0.00, 0.00, 0.00, 0.00
268,  0,  8.969,  0.98,  1, 0.00, 0.00, 0.01, 0.00, 2.37, 2.42, 0.00, 0.46, 3.73, 1.90, 0.00, 0.00, 0.00, 0.41, 0.52, 0.00, 0.05, 0.00, 0.00, 0.00, 0.00, 1.00, 1.00, 0.00, 1.00, 1.00, 1.00, 0.00, 0.00, 0.00, 1.00, 0.00, 0.00, 0.00, 0.00
269,  0,  9.003,  0.98,  1, 0.00, 0.00, 0.00, 0.00, 2.43, 2.52, 0.00, 0.55, 3.67, 1.79, 0.00, 0.00, 0.00, 0.46, 0.54, 0.00, 0.00, 0.00, 0.00, 0.00, 0.00, 1.00, 1.00, 0.00, 1.00, 1.00, 1.00, 0.00, 0.00, 0.00, 1.00, 0.00, 0.00, 0.00, 0.00
270,  0,  9.037,  0.98,  1, 0.00, 0.00, 0.00, 0.00, 2.41, 2.53, 0.00, 0.60, 3.63, 1.56, 0.00, 0.00, 0.00, 0.45, 0.53, 0.00, 0.03, 0.00, 0.00, 0.00, 0.00, 1.00, 1.00, 0.00, 1.00, 1.00, 1.00, 0.00, 0.00, 0.00, 1.00, 0.00, 0.00, 0.00, 0.00
271,  0,  9.070,  0.98,  1, 0.00, 0.00, 0.00, 0.00, 2.41, 2.52, 0.00, 0.55, 3.63, 1.35, 0.00, 0.00, 0.00, 0.38, 0.50, 0.00, 0.05, 0.00, 0.00, 0.00, 0.00, 1.00, 1.00, 0.00, 1.00, 1.00, 1.00, 0.00, 0.00, 0.00, 1.00, 0.00, 0.00, 0.00, 0.00
272,  0,  9.104,  0.98,  1, 0.00, 0.00, 0.00, 0.00, 2.36, 2.22, 0.00, 0.52, 3.61, 1.18, 0.00, 0.00, 0.00, 0.32, 0.47, 0.00, 0.07, 0.00, 0.00, 0.00, 0.00, 1.00, 1.00, 0.00, 1.00, 1.00, 1.00, 0.00, 0.00, 0.00, 0.00, 0.00, 0.00, 0.00, 0.00
273,  0,  9.137,  0.98,  1, 0.00, 0.00, 0.04, 0.00, 2.40, 2.07, 0.00, 0.45, 3.59, 1.16, 0.00, 0.00, 0.00, 0.25, 0.44, 0.00, 0.04, 0.00, 0.00, 0.00, 1.00, 1.00, 1.00, 0.00, 1.00, 1.00, 1.00, 0.00, 0.00, 0.00, 0.00, 0.00, 0.00, 0.00, 0.00
274,  0,  9.171,  0.98,  1, 0.00, 0.00, 0.08, 0.00, 2.38, 2.15, 0.00, 0.41, 3.53, 1.18, 0.00, 0.00, 0.00, 0.21, 0.43, 0.00, 0.02, 0.00, 0.00, 0.00, 1.00, 1.00, 1.00, 0.00, 1.00, 1.00, 1.00, 0.00, 0.00, 0.00, 0.00, 0.00, 0.00, 0.00, 0.00
275,  0,  9.205,  0.98,  1, 0.00, 0.00, 0.08, 0.00, 2.27, 2.14, 0.06, 0.37, 3.43, 1.27, 0.00, 0.00, 0.00, 0.10, 0.41, 0.00, 0.00, 0.00, 0.00, 0.00, 1.00, 1.00, 1.00, 0.00, 1.00, 1.00, 1.00, 0.00, 0.00, 0.00, 1.00, 0.00, 0.00, 0.00, 0.00
276,  0,  9.238,  0.98,  1, 0.00, 0.00, 0.04, 0.00, 2.04, 1.93, 0.10, 0.45, 3.17, 1.23, 0.29, 0.34, 0.00, 0.06, 0.26, 0.09, 0.00, 0.00, 0.00, 0.00, 1.00, 1.00, 1.00, 0.00, 1.00, 1.00, 1.00, 0.00, 0.00, 0.00, 1.00, 0.00, 0.00, 0.00, 0.00
277,  0,  9.272,  0.98,  1, 0.01, 0.00, 0.00, 0.00, 1.70, 1.30, 0.16, 0.52, 2.77, 1.15, 0.66, 0.78, 0.14, 0.00, 0.13, 0.09, 0.00, 0.00, 0.00, 0.00, 1.00, 1.00, 1.00, 0.00, 1.00, 1.00, 1.00, 1.00, 1.00, 0.00, 1.00, 0.00, 0.00, 0.00, 0.00
278,  0,  9.305,  0.98,  1, 0.10, 0.05, 0.06, 0.00, 1.39, 1.00, 0.17, 0.59, 2.29, 1.12, 1.21, 1.41, 0.34, 0.00, 0.00, 0.17, 0.00, 0.00, 0.00, 0.00, 1.00, 1.00, 1.00, 0.00, 1.00, 1.00, 1.00, 1.00, 1.00, 0.00, 1.00, 0.00, 0.00, 0.00, 0.00
279,  0,  9.339,  0.98,  1, 0.23, 0.06, 0.09, 0.00, 1.10, 0.86, 0.17, 0.63, 1.91, 1.28, 1.56, 1.84, 0.50, 0.00, 0.00, 0.30, 0.00, 0.00, 0.00, 0.00, 1.00, 0.00, 1.00, 0.00, 1.00, 1.00, 1.00, 1.00, 1.00, 0.00, 1.00, 0.00, 0.00, 0.00, 0.00
280,  0,  9.373,  0.93,  1, 0.29, 0.06, 0.24, 0.00, 0.93, 0.97, 0.14, 0.66, 1.70, 1.32, 1.82, 2.06, 0.57, 0.00, 0.00, 0.49, 0.00, 0.00, 0.00, 0.00, 1.00, 0.00, 0.00, 0.00, 1.00, 1.00, 1.00, 1.00, 1.00, 0.00, 0.00, 0.00, 0.00, 0.00, 0.00
281,  0,  9.406,  0.93,  1, 0.23, 0.01, 0.38, 0.00, 0.85, 0.84, 0.08, 0.58, 1.59, 1.23, 1.85, 2.07, 0.50, 0.00, 0.00, 0.59, 0.00, 0.00, 0.00, 0.00, 1.00, 0.00, 0.00, 0.00, 1.00, 1.00, 1.00, 1.00, 1.00, 1.00, 0.00, 0.00, 0.00, 0.00, 0.00
282,  0,  9.440,  0.93,  1, 0.15, 0.00, 0.51, 0.00, 0.87, 0.75, 0.14, 0.51, 1.58, 1.01, 1.86, 1.94, 0.47, 0.00, 0.00, 0.62, 0.00, 0.00, 0.00, 0.00, 1.00, 0.00, 0.00, 0.00, 1.00, 1.00, 1.00, 1.00, 1.00, 1.00, 0.00, 0.00, 0.00, 0.00, 0.00
283,  0,  9.473,  0.93,  1, 0.11, 0.00, 0.50, 0.00, 0.91, 0.78, 0.19, 0.39, 1.57, 0.88, 1.89, 1.95, 0.43, 0.00, 0.00, 0.75, 0.00, 0.00, 0.00, 0.00, 1.00, 0.00, 0.00, 0.00, 1.00, 1.00, 1.00, 1.00, 1.00, 1.00, 0.00, 0.00, 0.00, 0.00, 0.00
284,  0,  9.507,  0.93,  1, 0.10, 0.00, 0.37, 0.00, 1.00, 0.97, 0.17, 0.41, 1.68, 0.83, 1.91, 2.01, 0.42, 0.00, 0.00, 0.90, 0.00, 0.00, 0.00, 0.00, 1.00, 0.00, 0.00, 0.00, 1.00, 1.00, 1.00, 1.00, 1.00, 1.00, 1.00, 0.00, 0.00, 0.00, 0.00
285,  0,  9.541,  0.93,  1, 0.07, 0.00, 0.24, 0.00, 1.07, 1.18, 0.10, 0.34, 1.81, 0.92, 1.75, 2.00, 0.43, 0.00, 0.00, 0.92, 0.00, 0.00, 0.00, 0.00, 1.00, 0.00, 1.00, 0.00, 1.00, 1.00, 1.00, 1.00, 1.00, 1.00, 1.00, 0.00, 0.00, 0.00, 0.00
286,  0,  9.574,  0.93,  1, 0.09, 0.00, 0.13, 0.00, 1.14, 1.12, 0.03, 0.41, 2.00, 0.92, 1.45, 1.94, 0.32, 0.00, 0.00, 0.85, 0.00, 0.00, 0.00, 0.00, 1.00, 0.00, 1.00, 0.00, 1.00, 1.00, 1.00, 1.00, 1.00, 1.00, 1.00, 0.00, 0.00, 0.00, 0.00
287,  0,  9.608,  0.98,  1, 0.13, 0.00, 0.15, 0.00, 1.19, 1.19, 0.02, 0.47, 2.09, 1.00, 1.26, 1.82, 0.41, 0.00, 0.00, 0.67, 0.00, 0.00, 0.00, 0.00, 1.00, 0.00, 1.00, 0.00, 1.00, 1.00, 1.00, 1.00, 1.00, 1.00, 1.00, 0.00, 0.00, 0.00, 0.00
288,  0,  9.641,  0.98,  1, 0.16, 0.00, 0.21, 0.00, 1.24, 1.23, 0.02, 0.55, 2.13, 1.02, 1.14, 1.77, 0.35, 0.00, 0.00, 0.62, 0.00, 0.00, 0.00, 0.00, 1.00, 0.00, 1.00, 0.00, 1.00, 1.00, 1.00, 1.00, 1.00, 0.00, 1.00, 0.00, 0.00, 0.00, 0.00
289,  0,  9.675,  0.93,  1, 0.15, 0.00, 0.31, 0.00, 1.29, 1.40, 0.04, 0.52, 2.14, 1.08, 1.20, 1.59, 0.55, 0.00, 0.00, 0.56, 0.02, 0.00, 0.00, 0.00, 1.00, 0.00, 1.00, 0.00, 1.00, 1.00, 1.00, 1.00, 1.00, 0.00, 1.00, 0.00, 0.00, 0.00, 0.00
290,  0,  9.708,  0.98,  1, 0.10, 0.00, 0.26, 0.00, 1.31, 1.38, 0.04, 0.45, 2.15, 1.12, 1.06, 1.49, 0.45, 0.00, 0.00, 0.56, 0.05, 0.00, 0.00, 0.00, 1.00, 1.00, 1.00, 0.00, 1.00, 1.00, 1.00, 1.00, 1.00, 0.00, 1.00, 0.00, 0.00, 0.00, 0.00
291,  0,  9.742,  0.98,  1, 0.08, 0.00, 0.21, 0.00, 1.33, 1.37, 0.02, 0.34, 2.24, 1.14, 0.91, 1.36, 0.44, 0.00, 0.00, 0.64, 0.07, 0.00, 0.00, 0.00, 1.00, 1.00, 1.00, 0.00, 1.00, 1.00, 1.00, 1.00, 1.00, 0.00, 1.00, 0.00, 0.00, 0.00, 0.00
292,  0,  9.776,  0.93,  1, 0.11, 0.00, 0.14, 0.00, 1.33, 1.29, 0.00, 0.37, 2.31, 1.25, 0.92, 1.42, 0.30, 0.00, 0.00, 0.62, 0.06, 0.00, 0.00, 0.00, 1.00, 1.00, 1.00, 0.00, 1.00, 1.00, 1.00, 1.00, 1.00, 0.00, 1.00, 0.00, 0.00, 0.00, 0.00
293,  0,  9.809,  0.98,  1, 0.13, 0.00, 0.13, 0.00, 1.35, 1.18, 0.00, 0.34, 2.40, 1.35, 0.85, 1.34, 0.43, 0.00, 0.00, 0.54, 0.11, 0.00, 0.00, 0.00, 1.00, 1.00, 1.00, 0.00, 1.00, 1.00, 1.00, 1.00, 1.00, 0.00, 1.00, 0.00, 0.00, 0.00, 0.00
294,  0,  9.843,  0.98,  1, 0.12, 0.00, 0.09, 0.00, 1.38, 1.11, 0.00, 0.26, 2.48, 1.35, 0.66, 1.21, 0.45, 0.00, 0.05, 0.36, 0.09, 0.00, 0.00, 0.00, 1.00, 1.00, 1.00, 0.00, 1.00, 1.00, 1.00, 1.00, 1.00, 0.00, 1.00, 0.00, 0.00, 0.00, 0.00
295,  0,  9.876,  0.98,  1, 0.06, 0.00, 0.08, 0.00, 1.45, 1.22, 0.00, 0.15, 2.60, 1.29, 0.24, 1.14, 0.35, 0.05, 0.05, 0.32, 0.09, 0.00, 0.00, 0.00, 1.00, 1.00, 1.00, 0.00, 1.00, 1.00, 1.00, 1.00, 1.00, 0.00, 1.00, 0.00, 0.00, 0.00, 0.00
296,  0,  9.910,  0.98,  1, 0.03, 0.00, 0.05, 0.00, 1.51, 1.34, 0.00, 0.06, 2.74, 1.16, 0.06, 1.09, 0.25, 0.12, 0.05, 0.44, 0.04, 0.00, 0.00, 0.00, 1.00, 1.00, 1.00, 0.00, 1.00, 1.00, 1.00, 0.00, 1.00, 0.00, 1.00, 0.00, 0.00, 0.00, 0.00
297,  0,  9.944,  0.98,  1, 0.00, 0.00, 0.04, 0.03, 1.57, 1.22, 0.00, 0.06, 2.84, 1.13, 0.03, 1.08, 0.35, 0.16, 0.10, 0.47, 0.04, 0.00, 0.00, 0.00, 1.00, 1.00, 1.00, 0.00, 1.00, 1.00, 1.00, 0.00, 0.00, 0.00, 1.00, 0.00, 0.00, 0.00, 0.00
298,  0,  9.977,  0.98,  1, 0.00, 0.00, 0.00, 0.03, 1.59, 1.04, 0.00, 0.04, 2.94, 1.15, 0.11, 0.91, 0.43, 0.18, 0.10, 0.43, 0.04, 0.00, 0.00, 0.00, 1.00, 1.00, 1.00, 0.00, 1.00, 1.00, 1.00, 0.00, 0.00, 0.00, 1.00, 0.00, 0.00, 0.00, 0.00
299,  0,  10.011,  0.98,  1, 0.00, 0.00, 0.00, 0.03, 1.61, 1.14, 0.00, 0.07, 2.96, 1.24, 0.14, 0.76, 0.32, 0.16, 0.10, 0.28, 0.00, 0.00, 0.00, 0.00, 1.00, 1.00, 1.00, 0.00, 1.00, 1.00, 1.00, 0.00, 0.00, 0.00, 1.00, 0.00, 0.00, 0.00, 0.00
300,  0,  10.044,  0.98,  1, 0.00, 0.00, 0.00, 0.00, 1.65, 1.38, 0.00, 0.11, 3.03, 1.31, 0.29, 0.69, 0.27, 0.16, 0.02, 0.13, 0.10, 0.00, 0.00, 0.00, 1.00, 1.00, 1.00, 0.00, 1.00, 1.00, 1.00, 0.00, 0.00, 0.00, 1.00, 0.00, 0.00, 0.00, 0.00
301,  0,  10.078,  0.98,  1, 0.00, 0.00, 0.00, 0.00, 1.69, 1.50, 0.00, 0.14, 3.09, 1.31, 0.23, 0.68, 0.16, 0.13, 0.12, 0.13, 0.19, 0.00, 0.00, 0.00, 1.00, 1.00, 1.00, 0.00, 1.00, 1.00, 1.00, 0.00, 0.00, 0.00, 1.00, 0.00, 0.00, 0.00, 0.00
302,  0,  10.112,  0.98,  1, 0.00, 0.00, 0.00, 0.00, 1.79, 1.43, 0.00, 0.14, 3.20, 1.26, 0.16, 0.64, 0.13, 0.15, 0.22, 0.08, 0.21, 0.00, 0.00, 0.00, 1.00, 1.00, 1.00, 0.00, 1.00, 1.00, 1.00, 0.00, 0.00, 0.00, 0.00, 0.00, 0.00, 0.00, 0.00
303,  0,  10.145,  0.98,  1, 0.00, 0.00, 0.00, 0.00, 1.89, 1.43, 0.00, 0.33, 3.32, 1.29, 0.01, 0.55, 0.00, 0.21, 0.20, 0.08, 0.11, 0.00, 0.00, 0.00, 1.00, 1.00, 1.00, 0.00, 1.00, 1.00, 1.00, 0.00, 0.00, 0.00, 0.00, 0.00, 0.00, 0.00, 0.00
304,  0,  10.179,  0.98,  1, 0.00, 0.00, 0.00, 0.00, 2.06, 1.55, 0.00, 0.52, 3.42, 1.31, 0.00, 0.49, 0.01, 0.31, 0.21, 0.00, 0.04, 0.00, 0.00, 0.00, 1.00, 1.00, 1.00, 0.00, 1.00, 1.00, 1.00, 0.00, 0.00, 0.00, 0.00, 0.00, 0.00, 0.00, 0.00
305,  0,  10.212,  0.98,  1, 0.00, 0.00, 0.00, 0.00, 2.15, 1.69, 0.00, 0.70, 3.52, 1.33, 0.00, 0.39, 0.01, 0.38, 0.20, 0.00, 0.12, 0.00, 0.00, 0.00, 1.00, 1.00, 1.00, 0.00, 1.00, 1.00, 1.00, 0.00, 0.00, 0.00, 0.00, 0.00, 0.00, 0.00, 0.00
306,  0,  10.246,  0.98,  1, 0.00, 0.00, 0.00, 0.00, 2.20, 1.79, 0.00, 0.63, 3.52, 1.38, 0.00, 0.29, 0.01, 0.49, 0.23, 0.00, 0.26, 0.00, 0.00, 0.00, 1.00, 1.00, 1.00, 0.00, 1.00, 1.00, 1.00, 0.00, 0.00, 0.00, 0.00, 0.00, 0.00, 0.00, 0.00
307,  0,  10.280,  0.98,  1, 0.00, 0.00, 0.00, 0.00, 2.20, 1.75, 0.00, 0.42, 3.48, 1.32, 0.00, 0.20, 0.00, 0.51, 0.13, 0.00, 0.40, 0.00, 0.00, 0.00, 1.00, 1.00, 1.00, 0.00, 1.00, 1.00, 1.00, 0.00, 0.00, 0.00, 0.00, 0.00, 0.00, 0.00, 0.00
308,  0,  10.313,  0.98,  1, 0.00, 0.00, 0.00, 0.00, 2.22, 1.65, 0.00, 0.37, 3.48, 1.25, 0.00, 0.19, 0.00, 0.52, 0.03, 0.00, 0.40, 0.00, 0.00, 0.00, 1.00, 1.00, 1.00, 0.00, 1.00, 1.00, 1.00, 0.00, 0.00, 0.00, 0.00, 0.00, 0.00, 0.00, 0.00
309,  0,  10.347,  0.98,  1, 0.00, 0.00, 0.00, 0.00, 2.21, 1.71, 0.00, 0.39, 3.49, 0.91, 0.00, 0.15, 0.00, 0.44, 0.00, 0.00, 0.43, 0.00, 0.00, 0.00, 1.00, 1.00, 1.00, 0.00, 1.00, 1.00, 1.00, 0.00, 0.00, 0.00, 0.00, 0.00, 0.00, 0.00, 0.00
310,  0,  10.380,  0.98,  1, 0.00, 0.00, 0.00, 0.00, 2.26, 1.81, 0.00, 0.60, 3.53, 0.63, 0.00, 0.10, 0.00, 0.40, 0.00, 0.00, 0.38, 0.00, 0.00, 0.00, 1.00, 1.00, 1.00, 0.00, 1.00, 1.00, 1.00, 0.00, 0.00, 0.00, 0.00, 0.00, 0.00, 0.00, 0.00
311,  0,  10.414,  0.98,  1, 0.00, 0.00, 0.00, 0.00, 2.27, 1.86, 0.00, 0.62, 3.52, 0.46, 0.00, 0.09, 0.00, 0.37, 0.02, 0.00, 0.42, 0.00, 0.00, 0.00, 1.00, 1.00, 1.00, 0.00, 1.00, 1.00, 1.00, 0.00, 0.00, 0.00, 1.00, 0.00, 0.00, 0.00, 0.00
312,  0,  10.448,  0.98,  1, 0.00, 0.00, 0.00, 0.00, 2.36, 1.75, 0.00, 0.51, 3.61, 0.72, 0.00, 0.16, 0.00, 0.45, 0.10, 0.00, 0.35, 0.00, 0.00, 0.00, 1.00, 1.00, 1.00, 0.00, 1.00, 1.00, 1.00, 0.00, 0.00, 0.00, 1.00, 0.00, 0.00, 0.00, 0.00
313,  0,  10.481,  0.98,  1, 0.00, 0.00, 0.00, 0.00, 2.34, 1.74, 0.00, 0.30, 3.63, 0.85, 0.00, 0.15, 0.00, 0.53, 0.17, 0.00, 0.34, 0.00, 0.00, 0.00, 1.00, 1.00, 1.00, 0.00, 1.00, 1.00, 1.00, 0.00, 0.00, 0.00, 1.00, 0.00, 0.00, 0.00, 0.00
314,  0,  10.515,  0.98,  1, 0.00, 0.00, 0.00, 0.00, 2.36, 1.76, 0.00, 0.11, 3.64, 0.88, 0.02, 0.15, 0.00, 0.65, 0.23, 0.00, 0.23, 0.00, 0.00, 0.00, 1.00, 1.00, 1.00, 0.00, 1.00, 1.00, 1.00, 0.00, 0.00, 0.00, 1.00, 0.00, 0.00, 0.00, 0.00
315,  0,  10.548,  0.98,  1, 0.00, 0.00, 0.00, 0.00, 2.36, 1.93, 0.00, 0.04, 3.54, 0.77, 0.11, 0.11, 0.00, 0.62, 0.15, 0.00, 0.13, 0.00, 0.00, 0.00, 1.00, 1.00, 1.00, 0.00, 1.00, 1.00, 1.00, 0.00, 0.00, 0.00, 1.00, 0.00, 0.00, 0.00, 0.00
316,  0,  10.582,  0.98,  1, 0.00, 0.00, 0.00, 0.00, 2.40, 2.06, 0.00, 0.00, 3.56, 1.01, 0.11, 0.08, 0.00, 0.59, 0.08, 0.00, 0.03, 0.00, 0.00, 0.00, 1.00, 1.00, 1.00, 0.00, 1.00, 1.00, 1.00, 0.00, 0.00, 0.00, 1.00, 0.00, 0.00, 0.00, 0.00
317,  0,  10.615,  0.98,  1, 0.00, 0.00, 0.00, 0.00, 2.41, 2.08, 0.00, 0.00, 3.61, 1.34, 0.09, 0.04, 0.00, 0.52, 0.02, 0.00, 0.00, 0.00, 0.00, 0.00, 1.00, 1.00, 1.00, 0.00, 1.00, 1.00, 1.00, 0.00, 0.00, 0.00, 1.00, 0.00, 0.00, 0.00, 0.00
318,  0,  10.649,  0.98,  1, 0.00, 0.00, 0.00, 0.00, 2.43, 2.07, 0.00, 0.01, 3.67, 1.22, 0.00, 0.05, 0.00, 0.51, 0.13, 0.00, 0.00, 0.00, 0.00, 0.00, 1.00, 1.00, 1.00, 0.00, 1.00, 1.00, 1.00, 0.00, 0.00, 0.00, 1.00, 0.00, 0.00, 0.00, 0.00
319,  0,  10.683,  0.98,  1, 0.00, 0.00, 0.00, 0.00, 2.44, 1.97, 0.00, 0.01, 3.66, 0.97, 0.00, 0.05, 0.00, 0.50, 0.24, 0.00, 0.00, 0.00, 0.00, 0.00, 1.00, 1.00, 1.00, 0.00, 1.00, 1.00, 1.00, 0.00, 0.00, 0.00, 1.00, 0.00, 0.00, 0.00, 0.00
320,  0,  10.716,  0.98,  1, 0.00, 0.00, 0.00, 0.00, 2.47, 1.97, 0.00, 0.09, 3.61, 0.64, 0.00, 0.05, 0.00, 0.50, 0.29, 0.00, 0.00, 0.00, 0.00, 0.00, 1.00, 1.00, 1.00, 0.00, 1.00, 1.00, 1.00, 0.00, 0.00, 0.00, 0.00, 0.00, 0.00, 0.00, 0.00
321,  0,  10.750,  0.98,  1, 0.00, 0.00, 0.00, 0.00, 2.48, 1.84, 0.00, 0.11, 3.63, 0.61, 0.00, 0.00, 0.00, 0.47, 0.28, 0.00, 0.00, 0.00, 0.00, 0.00, 1.00, 1.00, 1.00, 0.00, 1.00, 1.00, 1.00, 0.00, 0.00, 0.00, 1.00, 0.00, 0.00, 0.00, 0.00
322,  0,  10.783,  0.98,  1, 0.00, 0.00, 0.00, 0.00, 2.49, 1.73, 0.00, 0.13, 3.69, 0.53, 0.04, 0.10, 0.00, 0.50, 0.28, 0.00, 0.00, 0.00, 0.00, 0.00, 1.00, 1.00, 1.00, 0.00, 1.00, 1.00, 1.00, 0.00, 0.00, 0.00, 1.00, 0.00, 0.00, 0.00, 0.00
323,  0,  10.817,  0.98,  1, 0.00, 0.00, 0.00, 0.00, 2.53, 1.64, 0.00, 0.11, 3.72, 0.55, 0.04, 0.18, 0.00, 0.50, 0.31, 0.00, 0.00, 0.00, 0.00, 0.00, 1.00, 1.00, 1.00, 0.00, 1.00, 1.00, 1.00, 0.00, 0.00, 0.00, 1.00, 0.00, 0.00, 0.00, 0.00
324,  0,  10.851,  0.98,  1, 0.00, 0.00, 0.00, 0.00, 2.54, 1.61, 0.00, 0.08, 3.76, 0.69, 0.08, 0.20, 0.00, 0.57, 0.34, 0.00, 0.09, 0.00, 0.00, 0.00, 1.00, 1.00, 1.00, 0.00, 1.00, 1.00, 1.00, 0.00, 0.00, 0.00, 1.00, 0.00, 0.00, 0.00, 0.00
325,  0,  10.884,  0.98,  1, 0.00, 0.00, 0.00, 0.00, 2.58, 1.67, 0.00, 0.09, 3.78, 0.92, 0.04, 0.10, 0.00, 0.60, 0.33, 0.00, 0.11, 0.00, 0.00, 0.00, 1.00, 1.00, 1.00, 0.00, 1.00, 1.00, 1.00, 0.00, 0.00, 0.00, 1.00, 0.00, 0.00, 0.00, 0.00
326,  0,  10.918,  0.98,  1, 0.00, 0.00, 0.00, 0.00, 2.60, 1.85, 0.00, 0.10, 3.84, 1.03, 0.10, 0.03, 0.00, 0.64, 0.23, 0.00, 0.16, 0.00, 0.00, 0.00, 1.00, 1.00, 1.00, 0.00, 1.00, 1.00, 1.00, 0.00, 0.00, 0.00, 1.00, 0.00, 0.00, 0.00, 0.00
327,  0,  10.951,  0.98,  1, 0.00, 0.00, 0.00, 0.00, 2.64, 1.94, 0.00, 0.20, 3.89, 0.99, 0.08, 0.08, 0.00, 0.70, 0.10, 0.00, 0.13, 0.00, 0.00, 0.00, 1.00, 1.00, 1.00, 0.00, 1.00, 1.00, 1.00, 0.00, 0.00, 0.00, 1.00, 0.00, 0.00, 0.00, 0.00
328,  0,  10.985,  0.98,  1, 0.00, 0.00, 0.00, 0.00, 2.64, 1.90, 0.00, 0.32, 3.91, 0.81, 0.11, 0.15, 0.00, 0.72, 0.07, 0.00, 0.14, 0.00, 0.00, 0.00, 1.00, 1.00, 1.00, 0.00, 1.00, 1.00, 1.00, 0.00, 0.00, 0.00, 1.00, 0.00, 0.00, 0.00, 0.00
329,  0,  11.019,  0.98,  1, 0.00, 0.00, 0.00, 0.00, 2.60, 1.83, 0.00, 0.30, 3.93, 0.80, 0.09, 0.24, 0.00, 0.74, 0.20, 0.00, 0.19, 0.00, 0.00, 0.00, 1.00, 1.00, 1.00, 0.00, 1.00, 1.00, 1.00, 0.00, 0.00, 0.00, 1.00, 0.00, 0.00, 0.00, 0.00
330,  0,  11.052,  0.98,  1, 0.00, 0.00, 0.00, 0.00, 2.56, 1.76, 0.00, 0.35, 3.85, 0.82, 0.08, 0.18, 0.00, 0.77, 0.26, 0.00, 0.15, 0.00, 0.00, 0.00, 0.00, 1.00, 1.00, 0.00, 1.00, 1.00, 1.00, 0.00, 0.00, 0.00, 1.00, 0.00, 0.00, 0.00, 0.00
331,  0,  11.086,  0.98,  1, 0.00, 0.00, 0.00, 0.00, 2.55, 1.93, 0.00, 0.28, 3.88, 0.81, 0.21, 0.14, 0.00, 0.74, 0.40, 0.00, 0.23, 0.00, 0.00, 0.00, 0.00, 1.00, 1.00, 0.00, 1.00, 1.00, 1.00, 0.00, 0.00, 0.00, 1.00, 0.00, 0.00, 0.00, 0.00
332,  0,  11.119,  0.98,  1, 0.00, 0.00, 0.00, 0.00, 2.54, 1.98, 0.00, 0.36, 3.88, 0.85, 0.18, 0.15, 0.00, 0.73, 0.46, 0.00, 0.26, 0.00, 0.00, 0.00, 0.00, 1.00, 1.00, 0.00, 1.00, 1.00, 1.00, 0.00, 0.00, 0.00, 1.00, 0.00, 0.00, 0.00, 0.00
333,  0,  11.153,  0.98,  1, 0.00, 0.00, 0.00, 0.00, 2.51, 1.97, 0.00, 0.32, 3.89, 0.57, 0.37, 0.24, 0.00, 0.69, 0.47, 0.00, 0.28, 0.00, 0.00, 0.00, 1.00, 1.00, 1.00, 0.00, 1.00, 1.00, 1.00, 0.00, 0.00, 0.00, 1.00, 0.00, 0.00, 0.00, 0.00
334,  0,  11.187,  0.98,  1, 0.00, 0.00, 0.00, 0.00, 2.50, 1.74, 0.00, 0.37, 3.78, 0.78, 0.21, 0.30, 0.00, 0.75, 0.30, 0.00, 0.20, 0.00, 0.00, 0.00, 1.00, 1.00, 1.00, 0.00, 1.00, 1.00, 1.00, 0.00, 0.00, 0.00, 0.00, 0.00, 0.00, 0.00, 0.00
335,  0,  11.220,  0.98,  1, 0.00, 0.00, 0.00, 0.00, 2.50, 1.54, 0.00, 0.31, 3.71, 0.73, 0.25, 0.22, 0.00, 0.78, 0.26, 0.00, 0.16, 0.00, 0.00, 0.00, 1.00, 1.00, 1.00, 0.00, 1.00, 1.00, 1.00, 0.00, 0.00, 0.00, 0.00, 0.00, 0.00, 0.00, 0.00
336,  0,  11.254,  0.98,  1, 0.00, 0.00, 0.00, 0.00, 2.51, 1.51, 0.00, 0.27, 3.74, 0.82, 0.09, 0.11, 0.00, 0.75, 0.42, 0.00, 0.20, 0.00, 0.00, 0.00, 1.00, 1.00, 1.00, 0.00, 1.00, 1.00, 1.00, 0.00, 0.00, 0.00, 0.00, 0.00, 0.00, 0.00, 0.00
337,  0,  11.287,  0.98,  1, 0.00, 0.00, 0.00, 0.00, 2.49, 1.56, 0.00, 0.22, 3.68, 0.56, 0.09, 0.03, 0.00, 0.67, 0.67, 0.00, 0.22, 0.00, 0.00, 0.00, 1.00, 1.00, 1.00, 0.00, 1.00, 1.00, 1.00, 0.00, 0.00, 0.00, 0.00, 0.00, 0.00, 0.00, 0.00
338,  0,  11.321,  0.98,  1, 0.00, 0.00, 0.00, 0.00, 2.51, 1.59, 0.00, 0.15, 3.67, 0.55, 0.03, 0.01, 0.00, 0.65, 0.83, 0.00, 0.24, 0.00, 0.00, 0.00, 1.00, 1.00, 1.00, 0.00, 1.00, 1.00, 1.00, 0.00, 0.00, 0.00, 0.00, 0.00, 0.00, 0.00, 0.00
339,  0,  11.355,  0.98,  1, 0.00, 0.00, 0.00, 0.00, 2.60, 1.69, 0.00, 0.09, 3.62, 0.45, 0.00, 0.05, 0.00, 0.59, 0.81, 0.00, 0.23, 0.00, 0.00, 0.00, 1.00, 1.00, 1.00, 0.00, 1.00, 1.00, 1.00, 0.00, 0.00, 0.00, 1.00, 0.00, 0.00, 0.00, 0.00
340,  0,  11.388,  0.98,  1, 0.00, 0.00, 0.00, 0.00, 2.63, 1.75, 0.00, 0.10, 3.70, 0.61, 0.01, 0.09, 0.00, 0.64, 0.73, 0.00, 0.23, 0.00, 0.00, 0.00, 1.00, 1.00, 1.00, 0.00, 1.00, 1.00, 1.00, 0.00, 0.00, 0.00, 1.00, 0.00, 0.00, 0.00, 0.00
341,  0,  11.422,  0.98,  1, 0.00, 0.00, 0.00, 0.00, 2.65, 1.85, 0.00, 0.11, 3.71, 0.59, 0.02, 0.17, 0.00, 0.61, 0.59, 0.00, 0.15, 0.00, 0.00, 0.00, 1.00, 1.00, 1.00, 0.00, 1.00, 1.00, 1.00, 0.00, 0.00, 0.00, 1.00, 0.00, 0.00, 0.00, 0.00
342,  0,  11.455,  0.98,  1, 0.00, 0.00, 0.00, 0.00, 2.60, 1.84, 0.00, 0.16, 3.70, 0.60, 0.04, 0.14, 0.00, 0.59, 0.46, 0.00, 0.16, 0.00, 0.00, 0.00, 1.00, 1.00, 1.00, 0.00, 1.00, 1.00, 1.00, 0.00, 0.00, 0.00, 1.00, 0.00, 0.00, 0.00, 0.00
343,  0,  11.489,  0.98,  1, 0.00, 0.00, 0.00, 0.00, 2.63, 1.89, 0.00, 0.10, 3.71, 0.62, 0.03, 0.10, 0.00, 0.54, 0.39, 0.00, 0.20, 0.00, 0.00, 0.00, 1.00, 1.00, 1.00, 0.00, 1.00, 1.00, 1.00, 0.00, 0.00, 0.00, 1.00, 0.00, 0.00, 0.00, 0.00
344,  0,  11.523,  0.98,  1, 0.00, 0.00, 0.00, 0.00, 2.62, 1.84, 0.00, 0.19, 3.71, 0.41, 0.06, 0.01, 0.00, 0.43, 0.36, 0.00, 0.26, 0.00, 0.00, 0.00, 1.00, 1.00, 1.00, 0.00, 1.00, 1.00, 1.00, 0.00, 0.00, 0.00, 0.00, 0.00, 0.00, 0.00, 0.00
345,  0,  11.556,  0.98,  1, 0.00, 0.00, 0.00, 0.00, 2.64, 1.81, 0.00, 0.24, 3.74, 0.55, 0.13, 0.01, 0.00, 0.41, 0.41, 0.00, 0.30, 0.00, 0.00, 0.00, 0.00, 1.00, 1.00, 0.00, 1.00, 1.00, 1.00, 0.00, 0.00, 0.00, 0.00, 0.00, 0.00, 0.00, 0.00
346,  0,  11.590,  0.98,  1, 0.00, 0.00, 0.00, 0.00, 2.56, 1.75, 0.00, 0.34, 3.77, 0.50, 0.17, 0.00, 0.00, 0.36, 0.49, 0.00, 0.29, 0.00, 0.00, 0.00, 0.00, 1.00, 1.00, 0.00, 1.00, 1.00, 1.00, 0.00, 0.00, 0.00, 0.00, 0.00, 0.00, 0.00, 0.00
347,  0,  11.623,  0.98,  1, 0.00, 0.00, 0.00, 0.00, 2.56, 1.69, 0.00, 0.34, 3.82, 0.77, 0.12, 0.00, 0.00, 0.37, 0.50, 0.00, 0.29, 0.00, 0.00, 0.00, 0.00, 1.00, 1.00, 0.00, 1.00, 1.00, 1.00, 0.00, 0.00, 0.00, 0.00, 0.00, 0.00, 0.00, 0.00
348,  0,  11.657,  0.98,  1, 0.00, 0.00, 0.00, 0.00, 2.46, 1.68, 0.00, 0.40, 3.81, 0.99, 0.04, 0.00, 0.00, 0.41, 0.59, 0.00, 0.34, 0.00, 0.00, 0.00, 0.00, 1.00, 1.00, 0.00, 1.00, 1.00, 1.00, 0.00, 0.00, 0.00, 0.00, 0.00, 0.00, 0.00, 0.00
349,  0,  11.690,  0.98,  1, 0.00, 0.00, 0.00, 0.00, 2.39, 1.74, 0.00, 0.41, 3.72, 1.28, 0.00, 0.18, 0.00, 0.49, 0.46, 0.00, 0.35, 0.00, 0.00, 0.00, 1.00, 1.00, 1.00, 0.00, 1.00, 1.00, 1.00, 0.00, 0.00, 0.00, 0.00, 0.00, 0.00, 0.00, 0.00
350,  0,  11.724,  0.98,  1, 0.00, 0.13, 0.01, 0.00, 2.10, 1.70, 0.00, 0.54, 3.49, 1.57, 0.02, 0.38, 0.00, 0.53, 0.38, 0.01, 0.25, 0.00, 0.00, 0.00, 1.00, 1.00, 1.00, 0.00, 1.00, 1.00, 1.00, 0.00, 0.00, 0.00, 0.00, 0.00, 0.00, 0.00, 0.00
351,  0,  11.758,  0.98,  1, 0.00, 0.13, 0.01, 0.00, 1.78, 1.59, 0.00, 0.45, 3.20, 1.71, 0.02, 0.55, 0.00, 0.50, 0.18, 0.01, 0.09, 0.00, 0.00, 0.00, 1.00, 1.00, 1.00, 0.00, 1.00, 1.00, 1.00, 0.00, 0.00, 0.00, 0.00, 0.00, 0.00, 0.00, 0.00
352,  0,  11.791,  0.98,  1, 0.00, 0.19, 0.01, 0.00, 1.47, 1.13, 0.00, 0.36, 2.89, 1.72, 0.07, 0.54, 0.13, 0.45, 0.09, 0.01, 0.00, 0.00, 0.00, 0.00, 1.00, 1.00, 1.00, 0.00, 1.00, 1.00, 1.00, 0.00, 0.00, 0.00, 1.00, 0.00, 0.00, 0.00, 0.00
353,  0,  11.825,  0.98,  1, 0.00, 0.07, 0.00, 0.00, 1.32, 0.96, 0.05, 0.21, 2.72, 1.62, 0.04, 0.52, 0.13, 0.44, 0.03, 0.00, 0.00, 0.00, 0.00, 0.00, 1.00, 1.00, 1.00, 0.00, 1.00, 1.00, 1.00, 0.00, 0.00, 0.00, 1.00, 0.00, 0.00, 0.00, 0.00
354,  0,  11.858,  0.98,  1, 0.00, 0.07, 0.00, 0.00, 1.25, 0.80, 0.06, 0.20, 2.61, 1.82, 0.04, 0.60, 0.13, 0.47, 0.01, 0.21, 0.00, 0.00, 0.00, 0.00, 1.00, 1.00, 1.00, 0.00, 1.00, 1.00, 1.00, 0.00, 0.00, 0.00, 1.00, 0.00, 0.00, 0.00, 0.00
355,  0,  11.892,  0.98,  1, 0.00, 0.10, 0.00, 0.00, 1.23, 0.97, 0.08, 0.19, 2.57, 1.78, 0.03, 0.75, 0.00, 0.43, 0.01, 0.32, 0.00, 0.00, 0.00, 0.00, 1.00, 1.00, 1.00, 0.00, 1.00, 1.00, 1.00, 0.00, 0.00, 0.00, 1.00, 0.00, 0.00, 0.00, 0.00
356,  0,  11.926,  0.98,  1, 0.00, 0.14, 0.00, 0.00, 1.22, 1.04, 0.07, 0.23, 2.54, 1.84, 0.03, 0.77, 0.00, 0.36, 0.01, 0.37, 0.01, 0.00, 0.00, 0.00, 1.00, 1.00, 1.00, 0.00, 1.00, 1.00, 1.00, 0.00, 0.00, 0.00, 1.00, 0.00, 0.00, 0.00, 0.00
357,  0,  11.959,  0.98,  1, 0.00, 0.14, 0.00, 0.00, 1.26, 1.08, 0.06, 0.25, 2.55, 1.58, 0.03, 0.74, 0.01, 0.21, 0.00, 0.33, 0.01, 0.00, 0.00, 0.00, 1.00, 1.00, 1.00, 0.00, 1.00, 1.00, 1.00, 0.00, 0.00, 0.00, 1.00, 0.00, 0.00, 0.00, 0.00
358,  0,  11.993,  0.98,  1, 0.00, 0.04, 0.03, 0.00, 1.28, 1.14, 0.04, 0.25, 2.56, 1.57, 0.00, 0.72, 0.01, 0.12, 0.01, 0.37, 0.03, 0.00, 0.00, 0.00, 1.00, 1.00, 1.00, 0.00, 1.00, 1.00, 1.00, 0.00, 0.00, 0.00, 1.00, 0.00, 0.00, 0.00, 0.00
359,  0,  12.026,  0.98,  1, 0.00, 0.00, 0.03, 0.00, 1.28, 1.01, 0.01, 0.15, 2.63, 1.47, 0.05, 0.75, 0.05, 0.07, 0.02, 0.49, 0.02, 0.00, 0.00, 0.00, 1.00, 1.00, 1.00, 0.00, 1.00, 1.00, 1.00, 0.00, 0.00, 0.00, 1.00, 0.00, 0.00, 0.00, 0.00
360,  0,  12.060,  0.98,  1, 0.00, 0.03, 0.05, 0.00, 1.31, 1.13, 0.00, 0.08, 2.66, 1.47, 0.05, 0.73, 0.05, 0.10, 0.18, 0.43, 0.02, 0.00, 0.00, 0.00, 1.00, 1.00, 1.00, 0.00, 1.00, 1.00, 1.00, 0.00, 0.00, 0.00, 1.00, 0.00, 0.00, 0.00, 0.00
361,  0,  12.094,  0.98,  1, 0.02, 0.16, 0.05, 0.00, 1.28, 1.03, 0.00, 0.02, 2.72, 1.52, 0.13, 0.60, 0.05, 0.13, 0.28, 0.34, 0.00, 0.00, 0.00, 0.00, 1.00, 1.00, 1.00, 0.00, 1.00, 1.00, 1.00, 0.00, 0.00, 0.00, 1.00, 0.00, 0.00, 0.00, 0.00
362,  0,  12.127,  0.98,  1, 0.04, 0.16, 0.05, 0.01, 1.29, 1.05, 0.00, 0.00, 2.68, 1.52, 0.09, 0.45, 0.00, 0.21, 0.37, 0.17, 0.00, 0.00, 0.00, 0.00, 1.00, 1.00, 1.00, 0.00, 1.00, 1.00, 1.00, 0.00, 0.00, 0.00, 1.00, 0.00, 0.00, 0.00, 0.00
363,  0,  12.161,  0.98,  1, 0.04, 0.13, 0.02, 0.03, 1.31, 0.72, 0.00, 0.00, 2.72, 1.49, 0.09, 0.38, 0.00, 0.28, 0.37, 0.06, 0.00, 0.00, 0.00, 0.00, 1.00, 1.00, 1.00, 0.00, 1.00, 1.00, 1.00, 0.00, 0.00, 0.00, 1.00, 0.00, 0.00, 0.00, 0.00
364,  0,  12.194,  0.98,  1, 0.03, 0.03, 0.00, 0.08, 1.39, 0.63, 0.00, 0.00, 2.70, 1.45, 0.01, 0.33, 0.01, 0.29, 0.40, 0.00, 0.00, 0.00, 0.00, 0.00, 1.00, 1.00, 1.00, 0.00, 1.00, 1.00, 1.00, 0.00, 0.00, 0.00, 1.00, 0.00, 0.00, 0.00, 0.00
365,  0,  12.228,  0.98,  1, 0.02, 0.07, 0.00, 0.06, 1.48, 0.75, 0.00, 0.00, 2.74, 1.48, 0.01, 0.35, 0.01, 0.27, 0.37, 0.03, 0.00, 0.00, 0.00, 0.00, 1.00, 1.00, 1.00, 0.00, 1.00, 1.00, 1.00, 0.00, 0.00, 0.00, 1.00, 0.00, 0.00, 0.00, 0.00
366,  0,  12.262,  0.98,  1, 0.02, 0.07, 0.00, 0.05, 1.54, 0.89, 0.00, 0.07, 2.79, 1.54, 0.00, 0.29, 0.01, 0.24, 0.38, 0.03, 0.00, 0.00, 0.00, 0.00, 1.00, 1.00, 1.00, 0.00, 1.00, 1.00, 1.00, 0.00, 0.00, 0.00, 1.00, 0.00, 0.00, 0.00, 0.00
367,  0,  12.295,  0.98,  1, 0.01, 0.04, 0.00, 0.04, 1.62, 0.91, 0.00, 0.17, 2.87, 1.57, 0.00, 0.36, 0.00, 0.21, 0.41, 0.04, 0.00, 0.00, 0.00, 0.00, 1.00, 1.00, 1.00, 0.00, 1.00, 1.00, 1.00, 0.00, 0.00, 0.00, 1.00, 0.00, 0.00, 0.00, 0.00
368,  0,  12.329,  0.98,  1, 0.00, 0.00, 0.00, 0.15, 1.72, 0.95, 0.00, 0.21, 3.04, 1.50, 0.00, 0.38, 0.00, 0.23, 0.41, 0.00, 0.00, 0.00, 0.00, 0.00, 1.00, 1.00, 1.00, 0.00, 1.00, 1.00, 1.00, 0.00, 0.00, 0.00, 1.00, 0.00, 0.00, 0.00, 0.00
369,  0,  12.362,  0.98,  1, 0.00, 0.00, 0.00, 0.16, 1.88, 1.00, 0.00, 0.23, 3.24, 1.45, 0.00, 0.35, 0.00, 0.30, 0.32, 0.00, 0.00, 0.00, 0.00, 0.00, 1.00, 1.00, 1.00, 0.00, 1.00, 1.00, 1.00, 0.00, 0.00, 0.00, 1.00, 0.00, 0.00, 0.00, 0.00
370,  0,  12.396,  0.98,  1, 0.00, 0.00, 0.00, 0.11, 1.97, 1.22, 0.00, 0.25, 3.40, 1.40, 0.00, 0.35, 0.00, 0.50, 0.19, 0.00, 0.00, 0.00, 0.00, 0.00, 1.00, 1.00, 1.00, 0.00, 1.00, 1.00, 1.00, 0.00, 0.00, 0.00, 1.00, 0.00, 0.00, 0.00, 0.00
371,  0,  12.430,  0.98,  1, 0.00, 0.00, 0.00, 0.10, 2.02, 1.21, 0.00, 0.22, 3.45, 1.49, 0.00, 0.26, 0.00, 0.56, 0.24, 0.00, 0.00, 0.00, 0.00, 0.00, 1.00, 1.00, 1.00, 0.00, 1.00, 1.00, 1.00, 0.00, 0.00, 0.00, 0.00, 0.00, 0.00, 0.00, 0.00
372,  0,  12.463,  0.98,  1, 0.00, 0.00, 0.00, 0.10, 2.04, 1.29, 0.00, 0.12, 3.46, 1.57, 0.00, 0.27, 0.00, 0.67, 0.31, 0.00, 0.00, 0.00, 0.00, 0.00, 1.00, 1.00, 1.00, 0.00, 1.00, 1.00, 1.00, 0.00, 0.00, 0.00, 0.00, 0.00, 0.00, 0.00, 0.00
373,  0,  12.497,  0.98,  1, 0.00, 0.00, 0.00, 0.15, 2.05, 1.18, 0.00, 0.00, 3.43, 1.68, 0.00, 0.10, 0.00, 0.67, 0.39, 0.00, 0.00, 0.00, 0.00, 0.00, 1.00, 1.00, 1.00, 0.00, 1.00, 1.00, 1.00, 0.00, 0.00, 0.00, 0.00, 0.00, 0.00, 0.00, 0.00
374,  0,  12.530,  0.98,  1, 0.00, 0.00, 0.00, 0.18, 2.09, 0.98, 0.00, 0.07, 3.44, 1.59, 0.00, 0.06, 0.00, 0.66, 0.44, 0.00, 0.00, 0.00, 0.00, 0.00, 1.00, 1.00, 1.00, 0.00, 1.00, 1.00, 1.00, 0.00, 0.00, 0.00, 0.00, 0.00, 0.00, 0.00, 0.00
375,  0,  12.564,  0.98,  1, 0.00, 0.00, 0.00, 0.30, 2.12, 0.95, 0.00, 0.09, 3.42, 1.60, 0.00, 0.00, 0.00, 0.57, 0.59, 0.00, 0.00, 0.00, 0.00, 0.00, 1.00, 1.00, 1.00, 0.00, 1.00, 1.00, 1.00, 0.00, 0.00, 0.00, 0.00, 0.00, 0.00, 0.00, 0.00
376,  0,  12.598,  0.98,  1, 0.00, 0.00, 0.00, 0.34, 2.10, 0.84, 0.00, 0.10, 3.44, 1.47, 0.00, 0.00, 0.00, 0.45, 0.70, 0.00, 0.00, 0.00, 0.00, 0.00, 1.00, 1.00, 1.00, 0.00, 1.00, 1.00, 1.00, 0.00, 0.00, 0.00, 0.00, 0.00, 0.00, 0.00, 0.00
377,  0,  12.631,  0.98,  1, 0.00, 0.00, 0.00, 0.28, 2.09, 1.00, 0.00, 0.10, 3.48, 1.51, 0.00, 0.00, 0.00, 0.37, 0.90, 0.00, 0.00, 0.00, 0.00, 0.00, 1.00, 1.00, 1.00, 0.00, 1.00, 1.00, 1.00, 0.00, 0.00, 0.00, 0.00, 0.00, 0.00, 0.00, 0.00
378,  0,  12.665,  0.98,  1, 0.00, 0.00, 0.00, 0.15, 2.08, 0.93, 0.00, 0.23, 3.50, 1.51, 0.00, 0.00, 0.00, 0.25, 1.18, 0.00, 0.00, 0.00, 0.00, 0.00, 1.00, 1.00, 1.00, 0.00, 1.00, 1.00, 1.00, 0.00, 0.00, 0.00, 0.00, 0.00, 0.00, 0.00, 0.00
379,  0,  12.698,  0.98,  1, 0.00, 0.00, 0.00, 0.06, 2.09, 0.90, 0.00, 0.49, 3.60, 1.36, 0.00, 0.00, 0.00, 0.13, 1.75, 0.00, 0.00, 0.00, 0.00, 0.00, 1.00, 1.00, 1.00, 0.00, 1.00, 1.00, 1.00, 0.00, 0.00, 0.00, 0.00, 1.00, 0.00, 0.00, 0.00
380,  0,  12.732,  0.98,  1, 0.00, 0.00, 0.00, 0.00, 2.00, 0.68, 0.00, 0.64, 3.60, 1.16, 0.00, 0.05, 0.00, 0.03, 2.23, 0.00, 0.04, 0.00, 0.00, 0.00, 1.00, 1.00, 1.00, 0.00, 1.00, 1.00, 1.00, 0.00, 0.00, 0.00, 1.00, 1.00, 0.00, 0.00, 0.00
381,  0,  12.765,  0.98,  1, 0.00, 0.00, 0.00, 0.00, 1.97, 0.54, 0.00, 0.74, 3.62, 1.00, 0.00, 0.05, 0.00, 0.00, 2.57, 0.01, 0.04, 0.00, 0.00, 0.00, 1.00, 1.00, 1.00, 0.00, 1.00, 1.00, 1.00, 0.00, 0.00, 0.00, 1.00, 1.00, 0.00, 0.00, 0.00
382,  0,  12.799,  0.98,  1, 0.00, 0.00, 0.00, 0.00, 1.98, 0.51, 0.00, 0.78, 3.63, 1.10, 0.00, 0.08, 0.00, 0.00, 2.74, 0.09, 0.07, 0.00, 0.00, 0.00, 1.00, 1.00, 1.00, 0.00, 1.00, 1.00, 1.00, 0.00, 0.00, 0.00, 1.00, 1.00, 0.00, 0.00, 0.00
383,  0,  12.833,  0.98,  1, 0.00, 0.00, 0.00, 0.00, 2.06, 0.57, 0.00, 0.81, 3.68, 1.15, 0.00, 0.03, 0.00, 0.00, 2.89, 0.23, 0.03, 0.00, 0.00, 0.00, 1.00, 1.00, 1.00, 0.00, 1.00, 1.00, 1.00, 0.00, 0.00, 0.00, 1.00, 1.00, 1.00, 0.00, 0.00
384,  0,  12.866,  0.98,  1, 0.00, 0.00, 0.00, 0.00, 2.05, 0.58, 0.00, 0.83, 3.70, 1.09, 0.00, 0.03, 0.00, 0.00, 3.12, 0.27, 0.03, 0.00, 0.00, 0.00, 1.00, 1.00, 1.00, 0.00, 1.00, 1.00, 1.00, 0.00, 0.00, 0.00, 1.00, 1.00, 1.00, 0.00, 0.00
385,  0,  12.900,  0.98,  1, 0.00, 0.00, 0.00, 0.00, 2.07, 0.73, 0.00, 0.86, 3.70, 1.09, 0.00, 0.00, 0.00, 0.00, 3.30, 0.26, 0.00, 0.00, 0.00, 0.00, 1.00, 1.00, 1.00, 0.00, 1.00, 1.00, 1.00, 0.00, 0.00, 0.00, 1.00, 1.00, 1.00, 0.00, 0.00
386,  0,  12.933,  0.98,  1, 0.00, 0.00, 0.00, 0.02, 2.09, 0.81, 0.00, 0.95, 3.75, 1.12, 0.00, 0.00, 0.00, 0.00, 3.46, 0.12, 0.00, 0.00, 0.00, 0.00, 1.00, 1.00, 1.00, 0.00, 1.00, 1.00, 1.00, 0.00, 0.00, 0.00, 1.00, 1.00, 1.00, 0.00, 0.00
387,  0,  12.967,  0.98,  1, 0.00, 0.00, 0.01, 0.02, 2.19, 1.09, 0.00, 1.04, 3.79, 1.06, 0.00, 0.02, 0.00, 0.00, 3.47, 0.14, 0.04, 0.00, 0.00, 0.00, 1.00, 1.00, 1.00, 0.00, 1.00, 1.00, 0.00, 0.00, 0.00, 0.00, 1.00, 1.00, 1.00, 0.00, 0.00
388,  0,  13.001,  0.98,  1, 0.00, 0.00, 0.01, 0.02, 2.22, 1.21, 0.00, 1.10, 3.81, 0.97, 0.00, 0.02, 0.00, 0.00, 3.45, 0.07, 0.04, 0.00, 0.00, 0.00, 1.00, 1.00, 1.00, 0.00, 1.00, 1.00, 0.00, 0.00, 0.00, 0.00, 1.00, 1.00, 1.00, 0.00, 0.00
389,  0,  13.034,  0.98,  1, 0.00, 0.00, 0.01, 0.00, 2.28, 1.27, 0.00, 1.17, 3.85, 0.64, 0.00, 0.02, 0.00, 0.00, 3.49, 0.07, 0.04, 0.00, 0.00, 0.00, 1.00, 1.00, 1.00, 0.00, 1.00, 1.00, 0.00, 0.00, 0.00, 0.00, 1.00, 1.00, 1.00, 0.00, 0.00
390,  0,  13.068,  0.98,  1, 0.00, 0.00, 0.01, 0.06, 2.29, 1.24, 0.00, 1.19, 3.95, 0.61, 0.00, 0.02, 0.00, 0.00, 3.61, 0.04, 0.00, 0.00, 0.00, 0.00, 1.00, 1.00, 1.00, 0.00, 1.00, 1.00, 0.00, 0.00, 0.00, 0.00, 1.00, 1.00, 1.00, 0.00, 0.00
391,  0,  13.101,  0.98,  1, 0.00, 0.00, 0.00, 0.13, 2.32, 1.10, 0.00, 1.24, 4.05, 0.47, 0.00, 0.02, 0.00, 0.00, 3.72, 0.04, 0.00, 0.00, 0.00, 0.00, 1.00, 1.00, 1.00, 0.00, 1.00, 1.00, 0.00, 0.00, 0.00, 0.00, 1.00, 1.00, 1.00, 0.00, 0.00
392,  0,  13.135,  0.98,  1, 0.00, 0.00, 0.00, 0.20, 2.30, 1.15, 0.00, 1.24, 4.09, 0.66, 0.00, 0.02, 0.00, 0.00, 3.83, 0.10, 0.00, 0.00, 0.00, 0.00, 1.00, 1.00, 1.00, 0.00, 1.00, 1.00, 0.00, 0.00, 0.00, 0.00, 1.00, 1.00, 1.00, 0.00, 0.00
393,  0,  13.169,  0.98,  1, 0.00, 0.00, 0.00, 0.22, 2.27, 1.14, 0.00, 1.19, 4.11, 0.68, 0.00, 0.00, 0.00, 0.00, 3.82, 0.05, 0.00, 0.00, 0.00, 0.00, 1.00, 1.00, 1.00, 0.00, 1.00, 1.00, 0.00, 0.00, 0.00, 0.00, 1.00, 1.00, 1.00, 0.00, 0.00
394,  0,  13.202,  0.98,  1, 0.00, 0.00, 0.00, 0.15, 2.28, 1.19, 0.00, 1.18, 4.11, 0.80, 0.00, 0.00, 0.00, 0.00, 3.86, 0.13, 0.00, 0.00, 0.00, 0.00, 1.00, 1.00, 1.00, 0.00, 1.00, 1.00, 0.00, 0.00, 0.00, 0.00, 1.00, 1.00, 1.00, 0.00, 0.00
395,  0,  13.236,  0.98,  1, 0.00, 0.00, 0.00, 0.11, 2.26, 1.21, 0.00, 1.18, 4.09, 0.83, 0.00, 0.00, 0.00, 0.00, 3.74, 0.07, 0.00, 0.00, 0.00, 0.00, 1.00, 1.00, 1.00, 0.00, 1.00, 1.00, 0.00, 0.00, 0.00, 0.00, 1.00, 1.00, 1.00, 0.00, 0.00
396,  0,  13.269,  0.98,  1, 0.00, 0.00, 0.00, 0.13, 2.25, 1.09, 0.00, 1.34, 4.07, 0.74, 0.00, 0.00, 0.00, 0.00, 3.72, 0.07, 0.00, 0.00, 0.00, 0.00, 1.00, 1.00, 1.00, 0.00, 1.00, 1.00, 0.00, 0.00, 0.00, 0.00, 1.00, 1.00, 1.00, 0.00, 0.00
397,  0,  13.303,  0.98,  1, 0.00, 0.00, 0.00, 0.36, 2.27, 1.05, 0.00, 1.32, 4.05, 0.59, 0.00, 0.00, 0.00, 0.00, 3.65, 0.05, 0.00, 0.00, 0.00, 0.00, 1.00, 1.00, 1.00, 0.00, 1.00, 1.00, 0.00, 0.00, 0.00, 0.00, 1.00, 1.00, 1.00, 0.00, 0.00
398,  0,  13.337,  0.98,  1, 0.00, 0.00, 0.00, 0.48, 2.36, 1.02, 0.00, 1.31, 4.06, 0.39, 0.00, 0.00, 0.00, 0.00, 3.74, 0.10, 0.00, 0.00, 0.00, 0.00, 1.00, 1.00, 1.00, 0.00, 1.00, 1.00, 0.00, 0.00, 0.00, 0.00, 1.00, 1.00, 1.00, 0.00, 0.00
399,  0,  13.370,  0.98,  1, 0.00, 0.00, 0.00, 0.44, 2.44, 1.30, 0.00, 1.20, 4.05, 0.40, 0.00, 0.00, 0.00, 0.00, 3.78, 0.20, 0.00, 0.00, 0.00, 0.00, 1.00, 1.00, 1.00, 0.00, 1.00, 1.00, 0.00, 0.00, 0.00, 0.00, 1.00, 1.00, 1.00, 0.00, 0.00
400,  0,  13.404,  0.98,  1, 0.00, 0.00, 0.00, 0.30, 2.42, 1.38, 0.00, 1.17, 4.06, 0.40, 0.00, 0.00, 0.00, 0.00, 3.95, 0.18, 0.00, 0.00, 0.00, 0.00, 1.00, 1.00, 1.00, 0.00, 1.00, 1.00, 0.00, 0.00, 0.00, 0.00, 1.00, 1.00, 1.00, 0.00, 0.00
401,  0,  13.437,  0.98,  1, 0.00, 0.00, 0.00, 0.23, 2.39, 1.34, 0.00, 1.21, 4.12, 0.46, 0.00, 0.00, 0.00, 0.00, 4.09, 0.14, 0.00, 0.00, 0.00, 0.00, 1.00, 1.00, 1.00, 0.00, 1.00, 1.00, 0.00, 0.00, 0.00, 0.00, 1.00, 1.00, 1.00, 0.00, 0.00
402,  0,  13.471,  0.98,  1, 0.00, 0.00, 0.00, 0.29, 2.39, 1.28, 0.00, 1.33, 4.17, 0.36, 0.00, 0.00, 0.00, 0.00, 4.16, 0.07, 0.00, 0.00, 0.00, 0.00, 1.00, 1.00, 1.00, 0.00, 1.00, 1.00, 0.00, 0.00, 0.00, 0.00, 1.00, 1.00, 1.00, 0.00, 0.00
403,  0,  13.505,  0.98,  1, 0.00, 0.00, 0.00, 0.21, 2.35, 1.15, 0.00, 1.40, 4.18, 0.32, 0.00, 0.01, 0.00, 0.00, 4.13, 0.04, 0.00, 0.00, 0.00, 0.00, 1.00, 1.00, 1.00, 0.00, 1.00, 1.00, 0.00, 0.00, 0.00, 0.00, 1.00, 1.00, 1.00, 0.00, 0.00
404,  0,  13.538,  0.98,  1, 0.00, 0.00, 0.00, 0.25, 2.38, 1.16, 0.00, 1.36, 4.22, 0.27, 0.00, 0.02, 0.00, 0.00, 4.03, 0.05, 0.00, 0.00, 0.00, 0.00, 1.00, 1.00, 0.00, 0.00, 1.00, 1.00, 0.00, 0.00, 0.00, 0.00, 1.00, 1.00, 1.00, 0.00, 0.00
405,  0,  13.572,  0.98,  1, 0.00, 0.00, 0.01, 0.13, 2.38, 1.16, 0.00, 1.32, 4.20, 0.27, 0.00, 0.03, 0.00, 0.00, 4.03, 0.10, 0.00, 0.00, 0.00, 0.00, 1.00, 1.00, 0.00, 0.00, 1.00, 1.00, 0.00, 0.00, 0.00, 0.00, 1.00, 1.00, 1.00, 0.00, 0.00
406,  0,  13.605,  0.98,  1, 0.00, 0.00, 0.01, 0.16, 2.48, 1.29, 0.00, 1.39, 4.23, 0.29, 0.00, 0.02, 0.00, 0.00, 3.97, 0.20, 0.00, 0.00, 0.00, 0.00, 1.00, 1.00, 0.00, 0.00, 1.00, 1.00, 0.00, 0.00, 0.00, 0.00, 1.00, 1.00, 1.00, 0.00, 0.00
407,  0,  13.639,  0.98,  1, 0.00, 0.00, 0.01, 0.09, 2.42, 1.24, 0.00, 1.48, 4.16, 0.23, 0.00, 0.01, 0.00, 0.00, 3.90, 0.17, 0.00, 0.00, 0.00, 0.00, 1.00, 1.00, 0.00, 0.00, 1.00, 1.00, 0.00, 0.00, 0.00, 0.00, 1.00, 1.00, 1.00, 0.00, 0.00
408,  0,  13.672,  0.98,  1, 0.00, 0.00, 0.00, 0.15, 2.35, 1.11, 0.00, 1.54, 4.11, 0.18, 0.00, 0.08, 0.00, 0.00, 3.78, 0.20, 0.00, 0.00, 0.00, 0.00, 1.00, 1.00, 0.00, 0.00, 1.00, 1.00, 0.00, 0.00, 0.00, 0.00, 1.00, 1.00, 1.00, 0.00, 0.00
409,  0,  13.706,  0.98,  1, 0.00, 0.00, 0.00, 0.18, 2.27, 1.03, 0.00, 1.62, 4.10, 0.24, 0.00, 0.11, 0.00, 0.00, 3.80, 0.19, 0.00, 0.00, 0.00, 0.00, 1.00, 1.00, 0.00, 0.00, 1.00, 1.00, 0.00, 0.00, 0.00, 0.00, 1.00, 1.00, 1.00, 0.00, 0.00
410,  0,  13.740,  0.98,  1, 0.00, 0.00, 0.00, 0.16, 2.31, 1.07, 0.00, 1.65, 4.14, 0.27, 0.00, 0.13, 0.00, 0.00, 3.81, 0.28, 0.00, 0.00, 0.00, 0.00, 1.00, 1.00, 0.00, 0.00, 1.00, 1.00, 0.00, 0.00, 0.00, 0.00, 1.00, 1.00, 1.00, 0.00, 0.00
411,  0,  13.773,  0.98,  1, 0.00, 0.00, 0.00, 0.10, 2.32, 0.98, 0.00, 1.66, 4.23, 0.43, 0.00, 0.15, 0.00, 0.00, 3.94, 0.32, 0.02, 0.00, 0.00, 0.00, 1.00, 1.00, 0.00, 0.00, 1.00, 1.00, 0.00, 0.00, 0.00, 0.00, 1.00, 1.00, 1.00, 0.00, 0.00
412,  0,  13.807,  0.98,  1, 0.00, 0.01, 0.00, 0.10, 2.35, 1.17, 0.00, 1.72, 4.27, 0.41, 0.14, 0.29, 0.00, 0.00, 3.78, 0.23, 0.02, 0.00, 0.00, 0.00, 1.00, 1.00, 0.00, 0.00, 1.00, 1.00, 0.00, 0.00, 0.00, 0.00, 1.00, 1.00, 1.00, 0.00, 0.00
413,  0,  13.840,  0.98,  1, 0.00, 0.01, 0.00, 0.17, 2.39, 1.34, 0.00, 1.75, 4.27, 0.79, 0.23, 0.38, 0.00, 0.00, 3.64, 0.22, 0.02, 0.00, 0.00, 0.00, 1.00, 1.00, 1.00, 0.00, 1.00, 1.00, 0.00, 0.00, 0.00, 0.00, 1.00, 1.00, 1.00, 0.00, 0.00
414,  0,  13.874,  0.98,  1, 0.00, 0.01, 0.05, 0.27, 2.49, 1.63, 0.00, 1.75, 4.25, 0.98, 0.23, 0.41, 0.00, 0.00, 3.56, 0.24, 0.00, 0.00, 0.00, 0.00, 1.00, 1.00, 1.00, 0.00, 1.00, 1.00, 0.00, 0.00, 0.00, 0.00, 1.00, 1.00, 1.00, 0.00, 0.00
415,  0,  13.908,  0.98,  1, 0.00, 0.00, 0.08, 0.21, 2.55, 1.80, 0.00, 1.56, 4.19, 1.09, 0.09, 0.28, 0.00, 0.00, 3.70, 0.28, 0.09, 0.00, 0.00, 0.00, 1.00, 1.00, 1.00, 0.00, 1.00, 1.00, 0.00, 0.00, 0.00, 0.00, 1.00, 1.00, 1.00, 0.00, 0.00
416,  0,  13.941,  0.98,  1, 0.00, 0.00, 0.08, 0.16, 2.54, 1.86, 0.00, 1.51, 4.16, 0.80, 0.00, 0.17, 0.00, 0.00, 3.91, 0.34, 0.20, 0.00, 0.00, 0.00, 1.00, 1.00, 1.00, 0.00, 1.00, 1.00, 0.00, 0.00, 0.00, 0.00, 1.00, 1.00, 1.00, 0.00, 0.00
417,  0,  13.975,  0.98,  1, 0.00, 0.00, 0.03, 0.06, 2.51, 1.82, 0.00, 1.46, 4.16, 0.71, 0.00, 0.08, 0.00, 0.00, 3.81, 0.26, 0.25, 0.00, 0.00, 0.00, 1.00, 1.00, 1.00, 0.00, 1.00, 1.00, 0.00, 0.00, 0.00, 0.00, 0.00, 1.00, 1.00, 0.00, 0.00
418,  0,  14.008,  0.98,  1, 0.00, 0.00, 0.09, 0.06, 2.56, 1.77, 0.00, 1.63, 4.24, 0.74, 0.00, 0.03, 0.00, 0.00, 3.70, 0.40, 0.23, 0.00, 0.00, 0.00, 0.00, 1.00, 1.00, 0.00, 1.00, 1.00, 0.00, 0.00, 0.00, 0.00, 0.00, 1.00, 1.00, 0.00, 0.00
419,  0,  14.042,  0.98,  1, 0.00, 0.00, 0.27, 0.00, 2.62, 1.84, 0.00, 1.68, 4.21, 0.74, 0.00, 0.05, 0.00, 0.00, 3.65, 0.45, 0.12, 0.00, 0.00, 0.00, 0.00, 1.00, 1.00, 0.00, 1.00, 1.00, 0.00, 0.00, 0.00, 0.00, 0.00, 1.00, 1.00, 0.00, 0.00
420,  0,  14.076,  0.98,  1, 0.00, 0.00, 0.37, 0.00, 2.70, 2.02, 0.00, 1.81, 4.24, 0.84, 0.00, 0.24, 0.00, 0.00, 3.58, 0.56, 0.07, 0.00, 0.00, 0.00, 0.00, 1.00, 1.00, 0.00, 1.00, 1.00, 0.00, 0.00, 0.00, 0.00, 0.00, 1.00, 1.00, 0.00, 0.00
421,  0,  14.109,  0.98,  1, 0.00, 0.00, 0.38, 0.00, 2.78, 2.23, 0.00, 1.74, 4.16, 0.96, 0.00, 0.38, 0.00, 0.00, 3.40, 0.51, 0.02, 0.00, 0.00, 0.00, 0.00, 1.00, 1.00, 0.00, 1.00, 1.00, 0.00, 0.00, 0.00, 0.00, 0.00, 1.00, 1.00, 0.00, 0.00
422,  0,  14.143,  0.98,  1, 0.00, 0.00, 0.22, 0.00, 2.83, 2.48, 0.00, 1.74, 4.24, 1.09, 0.00, 0.40, 0.00, 0.00, 3.24, 0.41, 0.04, 0.00, 0.00, 0.00, 0.00, 1.00, 1.00, 0.00, 1.00, 1.00, 0.00, 0.00, 0.00, 0.00, 1.00, 1.00, 1.00, 0.00, 0.00
423,  0,  14.176,  0.98,  1, 0.00, 0.00, 0.14, 0.00, 2.88, 2.34, 0.00, 1.64, 4.18, 0.89, 0.00, 0.18, 0.00, 0.00, 3.32, 0.34, 0.04, 0.00, 0.00, 0.00, 0.00, 1.00, 1.00, 0.00, 1.00, 1.00, 1.00, 0.00, 0.00, 0.00, 1.00, 1.00, 1.00, 0.00, 0.00
424,  0,  14.210,  0.98,  1, 0.00, 0.00, 0.05, 0.00, 2.80, 2.23, 0.00, 1.61, 4.22, 0.61, 0.00, 0.16, 0.00, 0.00, 3.55, 0.33, 0.02, 0.00, 0.00, 0.00, 0.00, 1.00, 1.00, 0.00, 1.00, 1.00, 1.00, 0.00, 0.00, 0.00, 1.00, 1.00, 1.00, 0.00, 0.00
425,  0,  14.244,  0.98,  1, 0.00, 0.00, 0.12, 0.00, 2.72, 2.00, 0.00, 1.56, 4.20, 0.65, 0.14, 0.24, 0.00, 0.00, 3.57, 0.27, 0.00, 0.00, 0.00, 0.00, 0.00, 1.00, 1.00, 0.00, 1.00, 1.00, 0.00, 0.00, 0.00, 0.00, 1.00, 1.00, 1.00, 0.00, 0.00
426,  0,  14.277,  0.98,  1, 0.00, 0.00, 0.10, 0.00, 2.63, 1.91, 0.00, 1.55, 4.20, 0.67, 0.14, 0.28, 0.00, 0.00, 3.57, 0.39, 0.00, 0.00, 0.00, 0.00, 0.00, 1.00, 1.00, 0.00, 1.00, 1.00, 0.00, 0.00, 0.00, 0.00, 1.00, 1.00, 1.00, 0.00, 0.00
427,  0,  14.311,  0.98,  1, 0.00, 0.00, 0.09, 0.02, 2.66, 1.70, 0.00, 1.55, 4.20, 0.69, 0.14, 0.30, 0.00, 0.00, 3.64, 0.44, 0.00, 0.00, 0.00, 0.00, 1.00, 1.00, 1.00, 0.00, 1.00, 1.00, 0.00, 0.00, 0.00, 0.00, 1.00, 1.00, 1.00, 0.00, 0.00
428,  0,  14.344,  0.98,  1, 0.00, 0.00, 0.00, 0.02, 2.65, 1.67, 0.00, 1.48, 4.20, 0.69, 0.00, 0.27, 0.00, 0.00, 3.66, 0.62, 0.04, 0.00, 0.00, 0.00, 1.00, 1.00, 1.00, 0.00, 1.00, 1.00, 0.00, 0.00, 0.00, 0.00, 1.00, 1.00, 1.00, 0.00, 0.00
429,  0,  14.378,  0.98,  1, 0.00, 0.00, 0.00, 0.02, 2.66, 1.76, 0.00, 1.41, 4.24, 0.48, 0.00, 0.38, 0.00, 0.00, 3.69, 0.48, 0.04, 0.00, 0.00, 0.00, 1.00, 1.00, 1.00, 0.00, 1.00, 1.00, 0.00, 0.00, 0.00, 0.00, 1.00, 1.00, 1.00, 0.00, 0.00
430,  0,  14.412,  0.98,  1, 0.00, 0.00, 0.00, 0.00, 2.66, 2.10, 0.00, 1.28, 4.18, 0.49, 0.06, 0.26, 0.00, 0.00, 3.55, 0.50, 0.04, 0.00, 0.00, 0.00, 1.00, 1.00, 1.00, 0.00, 1.00, 1.00, 0.00, 0.00, 0.00, 0.00, 1.00, 1.00, 1.00, 0.00, 0.00
431,  0,  14.445,  0.98,  1, 0.00, 0.00, 0.00, 0.09, 2.61, 1.79, 0.00, 1.26, 4.20, 0.33, 0.21, 0.24, 0.00, 0.00, 3.43, 0.37, 0.00, 0.00, 0.00, 0.00, 1.00, 1.00, 1.00, 0.00, 1.00, 1.00, 0.00, 0.00, 0.00, 0.00, 1.00, 1.00, 1.00, 0.00, 0.00
432,  0,  14.479,  0.98,  1, 0.00, 0.00, 0.00, 0.32, 2.50, 1.69, 0.00, 1.17, 4.16, 0.56, 0.21, 0.16, 0.00, 0.00, 3.31, 0.28, 0.00, 0.00, 0.00, 0.00, 1.00, 1.00, 1.00, 0.00, 1.00, 1.00, 0.00, 0.00, 0.00, 0.00, 1.00, 1.00, 1.00, 0.00, 0.00
433,  0,  14.512,  0.98,  1, 0.00, 0.00, 0.00, 0.34, 2.46, 1.39, 0.00, 1.26, 4.25, 0.70, 0.15, 0.22, 0.00, 0.00, 3.18, 0.17, 0.00, 0.00, 0.00, 0.00, 1.00, 1.00, 1.00, 0.00, 1.00, 1.00, 0.00, 0.00, 0.00, 0.00, 1.00, 1.00, 1.00, 0.00, 0.00
434,  0,  14.546,  0.98,  1, 0.00, 0.00, 0.00, 0.26, 2.47, 1.68, 0.00, 1.27, 4.25, 0.58, 0.07, 0.23, 0.00, 0.00, 3.30, 0.15, 0.00, 0.00, 0.00, 0.00, 1.00, 1.00, 1.00, 0.00, 1.00, 1.00, 0.00, 0.00, 0.00, 0.00, 1.00, 1.00, 1.00, 0.00, 0.00
435,  0,  14.580,  0.98,  1, 0.00, 0.00, 0.00, 0.06, 2.53, 1.66, 0.00, 1.38, 4.32, 0.42, 0.07, 0.26, 0.00, 0.00, 3.43, 0.26, 0.00, 0.00, 0.00, 0.00, 1.00, 1.00, 1.00, 0.00, 1.00, 1.00, 0.00, 0.00, 0.00, 0.00, 1.00, 1.00, 1.00, 0.00, 0.00
436,  0,  14.613,  0.98,  1, 0.00, 0.00, 0.00, 0.06, 2.50, 1.66, 0.00, 1.39, 4.31, 0.39, 0.07, 0.18, 0.00, 0.00, 3.61, 0.23, 0.00, 0.00, 0.00, 0.00, 1.00, 1.00, 1.00, 0.00, 1.00, 1.00, 0.00, 0.00, 0.00, 0.00, 1.00, 1.00, 1.00, 0.00, 0.00
437,  0,  14.647,  0.98,  1, 0.00, 0.00, 0.00, 0.05, 2.51, 1.43, 0.00, 1.35, 4.22, 0.56, 0.00, 0.09, 0.00, 0.00, 3.75, 0.19, 0.00, 0.00, 0.00, 0.00, 1.00, 1.00, 1.00, 0.00, 1.00, 1.00, 0.00, 0.00, 0.00, 0.00, 1.00, 1.00, 1.00, 0.00, 0.00
438,  0,  14.680,  0.98,  1, 0.00, 0.00, 0.00, 0.02, 2.46, 1.44, 0.00, 1.35, 4.14, 0.59, 0.00, 0.00, 0.00, 0.00, 3.78, 0.19, 0.00, 0.00, 0.00, 0.00, 1.00, 1.00, 1.00, 0.00, 1.00, 1.00, 0.00, 0.00, 0.00, 0.00, 1.00, 1.00, 1.00, 0.00, 0.00
439,  0,  14.714,  0.98,  1, 0.00, 0.00, 0.00, 0.00, 2.44, 1.58, 0.00, 1.18, 4.09, 0.72, 0.00, 0.00, 0.00, 0.00, 3.82, 0.26, 0.00, 0.00, 0.00, 0.00, 1.00, 1.00, 1.00, 0.00, 1.00, 1.00, 0.00, 0.00, 0.00, 0.00, 1.00, 1.00, 1.00, 0.00, 0.00
440,  0,  14.747,  0.98,  1, 0.00, 0.00, 0.00, 0.00, 2.37, 1.55, 0.00, 1.12, 4.05, 0.99, 0.00, 0.00, 0.00, 0.00, 3.66, 0.40, 0.04, 0.00, 0.00, 0.00, 1.00, 1.00, 1.00, 0.00, 1.00, 1.00, 0.00, 0.00, 0.00, 0.00, 1.00, 1.00, 1.00, 0.00, 0.00
441,  0,  14.781,  0.98,  1, 0.00, 0.00, 0.00, 0.00, 2.33, 1.51, 0.00, 0.92, 4.03, 1.23, 0.00, 0.00, 0.00, 0.00, 3.57, 0.29, 0.05, 0.00, 0.00, 0.00, 1.00, 1.00, 1.00, 0.00, 1.00, 1.00, 0.00, 0.00, 0.00, 0.00, 1.00, 1.00, 1.00, 0.00, 0.00
442,  0,  14.815,  0.98,  1, 0.00, 0.00, 0.00, 0.00, 2.33, 1.43, 0.00, 1.04, 3.94, 1.10, 0.00, 0.00, 0.00, 0.00, 3.48, 0.43, 0.05, 0.00, 0.00, 0.00, 1.00, 1.00, 0.00, 0.00, 1.00, 1.00, 1.00, 0.00, 0.00, 0.00, 1.00, 1.00, 1.00, 0.00, 0.00
443,  0,  14.848,  0.98,  1, 0.01, 0.00, 0.00, 0.00, 2.23, 1.45, 0.00, 1.01, 3.85, 0.86, 0.00, 0.00, 0.00, 0.00, 3.40, 0.31, 0.01, 0.00, 0.00, 0.00, 1.00, 1.00, 0.00, 0.00, 1.00, 1.00, 1.00, 0.00, 0.00, 0.00, 0.00, 1.00, 1.00, 0.00, 0.00
444,  0,  14.882,  0.98,  1, 0.01, 0.00, 0.00, 0.00, 2.11, 1.09, 0.02, 1.07, 3.65, 0.93, 0.00, 0.08, 0.00, 0.00, 3.20, 0.46, 0.00, 0.00, 0.00, 0.00, 1.00, 1.00, 0.00, 0.00, 1.00, 1.00, 1.00, 0.00, 0.00, 0.00, 0.00, 1.00, 1.00, 0.00, 0.00
445,  0,  14.915,  0.98,  1, 0.06, 0.00, 0.09, 0.00, 1.78, 0.75, 0.05, 1.02, 3.31, 1.11, 0.03, 0.26, 0.20, 0.00, 2.83, 0.57, 0.00, 0.00, 0.00, 0.00, 1.00, 1.00, 0.00, 0.00, 1.00, 1.00, 0.00, 0.00, 0.00, 0.00, 0.00, 1.00, 1.00, 0.00, 0.00
446,  0,  14.949,  0.98,  1, 0.13, 0.00, 0.24, 0.00, 1.55, 0.66, 0.10, 1.07, 2.94, 1.21, 0.06, 0.40, 0.53, 0.00, 2.49, 1.05, 0.00, 0.00, 0.00, 0.00, 1.00, 0.00, 1.00, 0.00, 1.00, 1.00, 1.00, 1.00, 0.00, 0.00, 0.00, 1.00, 1.00, 0.00, 0.00
447,  0,  14.983,  0.98,  1, 0.18, 0.00, 0.53, 0.00, 1.29, 1.07, 0.25, 1.06, 2.59, 1.18, 0.06, 0.51, 0.75, 0.00, 2.38, 1.11, 0.00, 0.00, 0.00, 0.00, 1.00, 0.00, 1.00, 0.00, 1.00, 1.00, 1.00, 1.00, 0.00, 0.00, 0.00, 1.00, 1.00, 0.00, 0.00
448,  0,  15.016,  0.98,  1, 0.27, 0.05, 0.58, 0.00, 1.14, 1.20, 0.24, 0.97, 2.36, 1.08, 0.03, 0.44, 0.57, 0.00, 2.56, 1.14, 0.00, 0.00, 0.00, 0.00, 1.00, 0.00, 1.00, 0.00, 1.00, 1.00, 1.00, 1.00, 0.00, 0.00, 1.00, 1.00, 1.00, 0.00, 0.00
449,  0,  15.050,  0.98,  1, 0.22, 0.15, 0.49, 0.00, 1.07, 1.19, 0.19, 0.87, 2.17, 1.15, 0.00, 0.56, 0.40, 0.00, 2.62, 0.89, 0.00, 0.00, 0.00, 0.00, 1.00, 0.00, 1.00, 0.00, 1.00, 1.00, 0.00, 1.00, 0.00, 0.00, 1.00, 1.00, 1.00, 0.00, 0.00
450,  0,  15.083,  0.98,  1, 0.21, 0.15, 0.22, 0.00, 1.03, 1.22, 0.06, 0.76, 2.07, 1.04, 0.00, 0.52, 0.21, 0.00, 2.56, 1.01, 0.00, 0.00, 0.00, 0.00, 1.00, 0.00, 1.00, 0.00, 1.00, 1.00, 0.00, 1.00, 0.00, 0.00, 1.00, 1.00, 1.00, 0.00, 0.00
451,  0,  15.117,  0.98,  1, 0.07, 0.11, 0.13, 0.00, 1.04, 1.19, 0.04, 0.73, 2.08, 0.98, 0.00, 0.65, 0.19, 0.00, 2.33, 0.92, 0.00, 0.00, 0.00, 0.00, 1.00, 0.00, 1.00, 0.00, 1.00, 1.00, 0.00, 1.00, 0.00, 0.00, 1.00, 1.00, 1.00, 0.00, 0.00
452,  0,  15.151,  0.98,  1, 0.03, 0.00, 0.18, 0.00, 1.09, 1.13, 0.08, 0.73, 2.18, 0.96, 0.00, 0.54, 0.04, 0.00, 2.34, 1.13, 0.00, 0.00, 0.00, 0.00, 1.00, 0.00, 0.00, 0.00, 1.00, 1.00, 0.00, 1.00, 0.00, 0.00, 1.00, 1.00, 1.00, 0.00, 0.00
453,  0,  15.184,  0.98,  1, 0.00, 0.00, 0.16, 0.00, 1.11, 1.11, 0.05, 0.81, 2.29, 0.91, 0.00, 0.51, 0.00, 0.00, 2.44, 1.29, 0.00, 0.00, 0.00, 0.00, 1.00, 0.00, 0.00, 0.00, 1.00, 1.00, 0.00, 1.00, 0.00, 0.00, 1.00, 1.00, 1.00, 0.00, 0.00
454,  0,  15.218,  0.98,  1, 0.00, 0.00, 0.15, 0.00, 1.06, 0.89, 0.05, 0.73, 2.37, 0.91, 0.00, 0.32, 0.00, 0.00, 2.55, 1.27, 0.00, 0.00, 0.00, 0.00, 1.00, 0.00, 0.00, 0.00, 1.00, 1.00, 0.00, 1.00, 0.00, 0.00, 0.00, 1.00, 1.00, 0.00, 0.00
455,  0,  15.251,  0.98,  1, 0.01, 0.00, 0.10, 0.00, 1.04, 0.86, 0.00, 0.65, 2.44, 0.81, 0.00, 0.23, 0.00, 0.00, 2.71, 1.16, 0.00, 0.00, 0.00, 0.00, 1.00, 0.00, 0.00, 0.00, 1.00, 1.00, 0.00, 0.00, 0.00, 0.00, 0.00, 1.00, 1.00, 0.00, 0.00
456,  0,  15.285,  0.98,  1, 0.01, 0.00, 0.18, 0.00, 1.11, 0.59, 0.00, 0.60, 2.50, 0.92, 0.00, 0.13, 0.00, 0.00, 2.74, 0.98, 0.00, 0.00, 0.00, 0.00, 1.00, 0.00, 0.00, 0.00, 1.00, 1.00, 0.00, 0.00, 0.00, 0.00, 0.00, 1.00, 1.00, 0.00, 0.00
457,  0,  15.319,  0.98,  1, 0.01, 0.00, 0.14, 0.00, 1.28, 0.77, 0.00, 0.59, 2.59, 0.98, 0.00, 0.15, 0.00, 0.00, 2.94, 1.15, 0.00, 0.00, 0.00, 0.00, 1.00, 0.00, 0.00, 0.00, 1.00, 1.00, 1.00, 0.00, 0.00, 0.00, 0.00, 1.00, 1.00, 0.00, 0.00
458,  0,  15.352,  0.98,  1, 0.00, 0.00, 0.16, 0.00, 1.40, 1.12, 0.02, 0.69, 2.64, 1.05, 0.00, 0.09, 0.00, 0.00, 3.06, 1.17, 0.00, 0.00, 0.00, 0.00, 1.00, 0.00, 0.00, 0.00, 1.00, 1.00, 1.00, 0.00, 0.00, 0.00, 1.00, 1.00, 1.00, 0.00, 0.00
459,  0,  15.386,  0.98,  1, 0.00, 0.00, 0.12, 0.00, 1.47, 1.31, 0.02, 0.76, 2.76, 1.08, 0.00, 0.06, 0.00, 0.00, 3.11, 1.24, 0.00, 0.00, 0.00, 0.00, 1.00, 1.00, 1.00, 0.00, 1.00, 1.00, 1.00, 0.00, 0.00, 0.00, 1.00, 1.00, 1.00, 0.00, 0.00
460,  0,  15.419,  0.98,  1, 0.00, 0.00, 0.23, 0.00, 1.51, 1.41, 0.06, 0.87, 2.81, 1.20, 0.00, 0.00, 0.00, 0.00, 3.00, 1.01, 0.00, 0.00, 0.00, 0.00, 1.00, 1.00, 1.00, 0.00, 1.00, 1.00, 1.00, 0.00, 0.00, 0.00, 1.00, 1.00, 1.00, 0.00, 0.00
461,  0,  15.453,  0.98,  1, 0.00, 0.00, 0.25, 0.00, 1.49, 1.26, 0.06, 0.84, 2.81, 1.20, 0.00, 0.00, 0.03, 0.00, 2.83, 1.10, 0.00, 0.00, 0.00, 0.00, 1.00, 1.00, 1.00, 0.00, 1.00, 1.00, 1.00, 0.00, 0.00, 0.00, 1.00, 1.00, 1.00, 0.00, 0.00
462,  0,  15.487,  0.98,  1, 0.00, 0.00, 0.21, 0.00, 1.49, 1.29, 0.06, 0.91, 2.77, 1.15, 0.00, 0.00, 0.13, 0.00, 2.85, 1.03, 0.00, 0.00, 0.00, 0.00, 1.00, 1.00, 1.00, 0.00, 1.00, 1.00, 1.00, 0.00, 0.00, 0.00, 1.00, 1.00, 1.00, 0.00, 0.00
463,  0,  15.520,  0.98,  1, 0.00, 0.00, 0.10, 0.00, 1.48, 1.24, 0.01, 0.90, 2.79, 0.94, 0.00, 0.00, 0.13, 0.00, 3.09, 1.21, 0.00, 0.00, 0.00, 0.00, 1.00, 1.00, 1.00, 0.00, 1.00, 1.00, 1.00, 0.00, 0.00, 0.00, 1.00, 1.00, 1.00, 0.00, 0.00
464,  0,  15.554,  0.98,  1, 0.01, 0.00, 0.07, 0.00, 1.46, 1.20, 0.00, 0.90, 2.84, 1.02, 0.00, 0.00, 0.22, 0.00, 3.25, 1.08, 0.00, 0.00, 0.00, 0.00, 1.00, 1.00, 0.00, 0.00, 1.00, 1.00, 1.00, 0.00, 0.00, 0.00, 1.00, 1.00, 1.00, 0.00, 0.00
465,  0,  15.587,  0.98,  1, 0.01, 0.00, 0.07, 0.00, 1.45, 1.05, 0.00, 0.77, 2.91, 0.99, 0.00, 0.14, 0.14, 0.00, 3.13, 1.10, 0.01, 0.00, 0.00, 0.00, 1.00, 1.00, 0.00, 0.00, 1.00, 1.00, 1.00, 0.00, 0.00, 0.00, 1.00, 1.00, 1.00, 0.00, 0.00
466,  0,  15.621,  0.98,  1, 0.01, 0.00, 0.07, 0.00, 1.49, 0.88, 0.00, 0.79, 2.96, 1.09, 0.00, 0.34, 0.14, 0.00, 2.77, 0.91, 0.01, 0.00, 0.00, 0.00, 1.00, 1.00, 0.00, 0.00, 1.00, 1.00, 1.00, 0.00, 0.00, 0.00, 1.00, 1.00, 1.00, 0.00, 0.00
467,  0,  15.654,  0.98,  1, 0.00, 0.00, 0.00, 0.00, 1.52, 0.62, 0.00, 0.74, 2.96, 1.05, 0.00, 0.34, 0.02, 0.00, 2.62, 0.88, 0.01, 0.00, 0.00, 0.00, 1.00, 1.00, 0.00, 0.00, 1.00, 1.00, 1.00, 0.00, 0.00, 0.00, 1.00, 1.00, 1.00, 0.00, 0.00
468,  0,  15.688,  0.98,  1, 0.00, 0.00, 0.02, 0.00, 1.55, 0.54, 0.00, 0.85, 2.92, 1.18, 0.00, 0.20, 0.03, 0.00, 2.68, 0.91, 0.00, 0.00, 0.00, 0.00, 1.00, 1.00, 0.00, 0.00, 1.00, 1.00, 1.00, 0.00, 0.00, 0.00, 1.00, 1.00, 1.00, 0.00, 0.00
469,  0,  15.722,  0.98,  1, 0.00, 0.00, 0.02, 0.00, 1.50, 0.63, 0.00, 0.84, 2.79, 1.25, 0.00, 0.00, 0.03, 0.00, 2.75, 1.05, 0.00, 0.00, 0.00, 0.00, 1.00, 1.00, 0.00, 0.00, 1.00, 1.00, 1.00, 0.00, 0.00, 0.00, 1.00, 1.00, 1.00, 0.00, 0.00
470,  0,  15.755,  0.98,  1, 0.00, 0.00, 0.02, 0.00, 1.50, 0.70, 0.00, 0.94, 2.75, 1.29, 0.00, 0.00, 0.03, 0.00, 2.71, 1.19, 0.00, 0.00, 0.00, 0.00, 1.00, 1.00, 0.00, 0.00, 1.00, 1.00, 1.00, 0.00, 0.00, 0.00, 1.00, 1.00, 1.00, 0.00, 0.00
471,  0,  15.789,  0.98,  1, 0.01, 0.00, 0.00, 0.00, 1.40, 0.66, 0.00, 0.95, 2.71, 1.27, 0.00, 0.03, 0.01, 0.00, 2.67, 1.22, 0.00, 0.00, 0.00, 0.00, 1.00, 1.00, 0.00, 0.00, 1.00, 1.00, 1.00, 0.00, 0.00, 0.00, 1.00, 1.00, 1.00, 0.00, 0.00
472,  0,  15.822,  0.98,  1, 0.01, 0.00, 0.00, 0.00, 1.32, 0.57, 0.00, 0.97, 2.77, 1.23, 0.00, 0.03, 0.00, 0.00, 2.70, 1.26, 0.00, 0.00, 0.00, 0.00, 1.00, 0.00, 0.00, 0.00, 1.00, 1.00, 1.00, 0.00, 0.00, 0.00, 1.00, 1.00, 1.00, 0.00, 0.00
473,  0,  15.856,  0.98,  1, 0.01, 0.00, 0.04, 0.00, 1.23, 0.47, 0.00, 0.98, 2.76, 1.15, 0.00, 0.03, 0.00, 0.00, 2.69, 1.17, 0.00, 0.00, 0.00, 0.00, 1.00, 0.00, 0.00, 0.00, 1.00, 1.00, 1.00, 0.00, 0.00, 0.00, 1.00, 1.00, 1.00, 0.00, 0.00
474,  0,  15.890,  0.98,  1, 0.03, 0.00, 0.04, 0.00, 1.18, 0.34, 0.01, 0.97, 2.71, 1.17, 0.00, 0.14, 0.00, 0.00, 2.64, 1.20, 0.00, 0.00, 0.00, 0.00, 1.00, 0.00, 0.00, 0.00, 1.00, 1.00, 1.00, 0.00, 0.00, 0.00, 1.00, 1.00, 1.00, 0.00, 0.00
475,  0,  15.923,  0.98,  1, 0.03, 0.00, 0.07, 0.00, 1.18, 0.32, 0.02, 1.06, 2.63, 1.22, 0.00, 0.39, 0.06, 0.00, 2.60, 1.28, 0.00, 0.00, 0.00, 0.00, 1.00, 0.00, 0.00, 0.00, 1.00, 1.00, 1.00, 1.00, 0.00, 0.00, 1.00, 1.00, 1.00, 0.00, 0.00
476,  0,  15.957,  0.98,  1, 0.06, 0.00, 0.04, 0.00, 1.20, 0.45, 0.05, 0.98, 2.52, 1.32, 0.02, 0.65, 0.06, 0.00, 2.67, 1.44, 0.00, 0.00, 0.00, 0.00, 1.00, 0.00, 0.00, 0.00, 1.00, 1.00, 1.00, 1.00, 0.00, 0.00, 1.00, 1.00, 1.00, 0.00, 0.00
477,  0,  15.990,  0.98,  1, 0.03, 0.00, 0.08, 0.00, 1.24, 0.52, 0.07, 1.05, 2.44, 1.23, 0.02, 0.70, 0.06, 0.00, 2.81, 1.47, 0.00, 0.00, 0.00, 0.00, 1.00, 0.00, 0.00, 0.00, 1.00, 1.00, 1.00, 1.00, 0.00, 0.00, 1.00, 1.00, 1.00, 0.00, 0.00
478,  0,  16.024,  0.98,  1, 0.03, 0.00, 0.04, 0.00, 1.19, 0.34, 0.06, 1.04, 2.32, 1.08, 0.02, 0.63, 0.13, 0.00, 2.88, 1.44, 0.00, 0.00, 0.00, 0.00, 1.00, 0.00, 0.00, 0.00, 1.00, 1.00, 1.00, 1.00, 0.00, 0.00, 1.00, 1.00, 1.00, 0.00, 0.00
479,  0,  16.058,  0.98,  1, 0.13, 0.00, 0.06, 0.00, 1.00, 0.10, 0.03, 1.09, 2.18, 0.98, 0.00, 0.73, 0.13, 0.00, 2.85, 1.21, 0.00, 0.00, 0.00, 0.00, 1.00, 0.00, 0.00, 0.00, 1.00, 1.00, 0.00, 1.00, 0.00, 0.00, 1.00, 1.00, 1.00, 0.00, 0.00
480,  0,  16.091,  0.98,  1, 0.25, 0.00, 0.10, 0.02, 0.78, 0.13, 0.00, 0.89, 1.94, 0.91, 0.15, 0.99, 0.24, 0.00, 2.50, 1.28, 0.00, 0.00, 0.00, 0.00, 1.00, 0.00, 0.00, 0.00, 1.00, 1.00, 0.00, 1.00, 1.00, 1.00, 1.00, 1.00, 1.00, 0.00, 0.00
481,  0,  16.125,  0.98,  1, 0.47, 0.00, 0.24, 0.15, 0.56, 0.25, 0.00, 0.58, 1.64, 0.72, 0.40, 1.34, 0.35, 0.00, 1.75, 1.26, 0.00, 0.00, 0.00, 0.00, 1.00, 0.00, 0.00, 0.00, 1.00, 1.00, 0.00, 1.00, 1.00, 1.00, 1.00, 1.00, 1.00, 0.00, 0.00
482,  0,  16.158,  0.98,  1, 0.51, 0.00, 0.29, 0.26, 0.55, 0.49, 0.00, 0.29, 1.40, 0.47, 0.79, 1.65, 0.35, 0.00, 0.95, 1.61, 0.00, 0.00, 0.00, 0.00, 1.00, 0.00, 0.00, 0.00, 0.00, 1.00, 0.00, 1.00, 1.00, 1.00, 1.00, 0.00, 0.00, 0.00, 0.00
483,  0,  16.192,  0.98,  1, 0.53, 0.02, 0.31, 0.43, 0.48, 0.49, 0.00, 0.18, 1.28, 0.36, 0.91, 1.94, 0.38, 0.00, 0.31, 1.48, 0.00, 0.00, 0.00, 0.00, 1.00, 0.00, 0.00, 0.00, 0.00, 1.00, 0.00, 1.00, 1.00, 1.00, 1.00, 0.00, 0.00, 0.00, 0.00
484,  0,  16.226,  0.98,  1, 0.40, 0.02, 0.17, 0.40, 0.44, 0.65, 0.00, 0.18, 1.20, 0.58, 0.92, 2.26, 0.24, 0.00, 0.12, 1.49, 0.00, 0.00, 0.00, 0.00, 1.00, 0.00, 0.00, 0.00, 0.00, 1.00, 0.00, 1.00, 1.00, 1.00, 1.00, 0.00, 0.00, 0.00, 0.00
485,  0,  16.259,  0.98,  1, 0.24, 0.02, 0.11, 0.36, 0.37, 0.93, 0.00, 0.36, 1.18, 0.70, 0.93, 2.40, 0.36, 0.00, 0.00, 1.43, 0.00, 0.00, 0.00, 0.00, 1.00, 0.00, 0.00, 0.00, 0.00, 1.00, 0.00, 1.00, 1.00, 1.00, 1.00, 0.00, 0.00, 0.00, 0.00
486,  0,  16.293,  0.98,  1, 0.16, 0.00, 0.08, 0.17, 0.37, 1.02, 0.00, 0.45, 1.12, 0.83, 0.91, 2.38, 0.22, 0.00, 0.00, 1.57, 0.00, 0.00, 0.00, 0.00, 1.00, 0.00, 0.00, 0.00, 0.00, 1.00, 0.00, 1.00, 1.00, 1.00, 1.00, 0.00, 0.00, 0.00, 0.00
487,  0,  16.326,  0.98,  1, 0.12, 0.00, 0.20, 0.07, 0.45, 1.12, 0.00, 0.61, 1.18, 0.79, 0.97, 2.34, 0.13, 0.00, 0.00, 1.55, 0.00, 0.00, 0.00, 0.00, 1.00, 0.00, 0.00, 0.00, 0.00, 1.00, 0.00, 1.00, 1.00, 1.00, 1.00, 0.00, 0.00, 0.00, 0.00
488,  0,  16.360,  0.98,  1, 0.20, 0.00, 0.25, 0.00, 0.44, 0.93, 0.00, 0.66, 1.17, 0.84, 0.98, 2.29, 0.13, 0.00, 0.00, 1.35, 0.00, 0.00, 0.00, 0.00, 1.00, 0.00, 0.00, 0.00, 0.00, 1.00, 1.00, 1.00, 1.00, 0.00, 1.00, 0.00, 0.00, 0.00, 0.00
489,  0,  16.394,  0.98,  1, 0.14, 0.00, 0.19, 0.01, 0.48, 1.09, 0.00, 0.68, 1.28, 0.82, 1.03, 2.32, 0.14, 0.01, 0.00, 1.18, 0.00, 0.00, 0.00, 0.00, 1.00, 0.00, 0.00, 0.00, 0.00, 1.00, 1.00, 1.00, 1.00, 0.00, 1.00, 0.00, 0.00, 0.00, 0.00
490,  0,  16.427,  0.98,  1, 0.08, 0.00, 0.07, 0.14, 0.44, 1.09, 0.00, 0.60, 1.28, 0.81, 1.07, 2.21, 0.17, 0.01, 0.00, 1.16, 0.00, 0.00, 0.00, 0.00, 1.00, 0.00, 0.00, 0.00, 0.00, 1.00, 1.00, 1.00, 1.00, 0.00, 1.00, 0.00, 0.00, 0.00, 0.00
491,  0,  16.461,  0.98,  1, 0.11, 0.00, 0.06, 0.18, 0.41, 0.85, 0.00, 0.47, 1.31, 0.91, 1.07, 2.14, 0.23, 0.01, 0.00, 1.19, 0.00, 0.00, 0.00, 0.00, 1.00, 0.00, 0.00, 0.00, 0.00, 1.00, 1.00, 1.00, 1.00, 0.00, 1.00, 0.00, 0.00, 0.00, 0.00
492,  0,  16.494,  0.93,  1, 0.13, 0.02, 0.05, 0.37, 0.32, 0.70, 0.00, 0.37, 1.20, 0.82, 1.13, 2.05, 0.22, 0.03, 0.00, 1.28, 0.00, 0.00, 0.00, 0.00, 1.00, 0.00, 0.00, 0.00, 0.00, 1.00, 1.00, 1.00, 1.00, 0.00, 1.00, 0.00, 0.00, 0.00, 0.00
493,  0,  16.528,  0.98,  1, 0.28, 0.03, 0.05, 0.50, 0.29, 0.43, 0.00, 0.25, 1.12, 0.65, 1.30, 2.08, 0.18, 0.04, 0.00, 1.41, 0.00, 0.00, 0.00, 0.00, 1.00, 0.00, 0.00, 0.00, 0.00, 1.00, 0.00, 1.00, 1.00, 0.00, 1.00, 0.00, 0.00, 0.00, 0.00
494,  0,  16.562,  0.93,  1, 0.25, 0.06, 0.00, 0.75, 0.24, 0.41, 0.00, 0.19, 1.06, 0.55, 1.43, 2.12, 0.01, 0.06, 0.00, 1.54, 0.00, 0.00, 0.00, 0.00, 1.00, 0.00, 0.00, 0.00, 0.00, 0.00, 0.00, 1.00, 1.00, 0.00, 1.00, 0.00, 0.00, 0.00, 0.00
495,  0,  16.595,  0.93,  1, 0.45, 0.06, 0.13, 0.57, 0.16, 0.37, 0.00, 0.17, 0.96, 0.58, 1.56, 2.16, 0.00, 0.07, 0.00, 1.60, 0.00, 0.00, 0.00, 0.00, 1.00, 0.00, 0.00, 0.00, 0.00, 0.00, 0.00, 1.00, 1.00, 0.00, 1.00, 0.00, 1.00, 0.00, 0.00
496,  0,  16.629,  0.98,  1, 0.48, 0.05, 0.18, 0.46, 0.06, 0.29, 0.00, 0.16, 0.88, 0.72, 1.49, 2.26, 0.00, 0.05, 0.00, 1.52, 0.00, 0.00, 0.00, 0.00, 1.00, 0.00, 0.00, 0.00, 0.00, 0.00, 0.00, 1.00, 1.00, 0.00, 1.00, 0.00, 1.00, 0.00, 0.00
497,  0,  16.662,  0.98,  1, 0.53, 0.15, 0.30, 0.38, 0.00, 0.39, 0.00, 0.14, 0.76, 0.70, 1.53, 2.34, 0.00, 0.05, 0.00, 1.65, 0.00, 0.00, 0.00, 0.00, 1.00, 0.00, 0.00, 0.00, 0.00, 0.00, 0.00, 1.00, 1.00, 0.00, 1.00, 0.00, 1.00, 0.00, 0.00
498,  0,  16.696,  0.98,  1, 0.37, 0.20, 0.32, 0.37, 0.00, 0.41, 0.00, 0.07, 0.71, 0.79, 1.59, 2.41, 0.07, 0.04, 0.00, 1.87, 0.00, 0.00, 0.00, 0.00, 1.00, 0.00, 0.00, 0.00, 0.00, 0.00, 0.00, 1.00, 1.00, 0.00, 1.00, 0.00, 1.00, 0.00, 0.00
499,  0,  16.729,  0.98,  1, 0.38, 0.20, 0.45, 0.34, 0.00, 0.53, 0.00, 0.10, 0.59, 0.72, 1.60, 2.56, 0.07, 0.05, 0.00, 2.02, 0.00, 0.00, 0.00, 0.00, 1.00, 0.00, 0.00, 0.00, 0.00, 0.00, 0.00, 1.00, 1.00, 0.00, 1.00, 0.00, 1.00, 0.00, 0.00
500,  0,  16.763,  0.98,  1, 0.29, 0.08, 0.42, 0.20, 0.00, 0.55, 0.00, 0.09, 0.49, 0.76, 1.58, 2.51, 0.07, 0.07, 0.01, 2.03, 0.00, 0.00, 0.00, 0.00, 1.00, 0.00, 0.00, 0.00, 0.00, 0.00, 0.00, 1.00, 1.00, 0.00, 1.00, 0.00, 1.00, 0.00, 0.00
501,  0,  16.797,  0.98,  1, 0.40, 0.13, 0.45, 0.20, 0.00, 0.59, 0.00, 0.09, 0.41, 0.62, 1.65, 2.56, 0.00, 0.06, 0.01, 1.88, 0.00, 0.00, 0.00, 0.00, 1.00, 0.00, 0.00, 0.00, 0.00, 0.00, 0.00, 1.00, 1.00, 0.00, 1.00, 0.00, 1.00, 0.00, 1.00
502,  0,  16.830,  0.98,  1, 0.37, 0.21, 0.40, 0.08, 0.00, 0.70, 0.00, 0.03, 0.42, 0.59, 1.73, 2.51, 0.02, 0.08, 0.01, 1.79, 0.00, 0.00, 0.00, 0.00, 1.00, 0.00, 1.00, 0.00, 0.00, 0.00, 0.00, 1.00, 1.00, 1.00, 1.00, 0.00, 1.00, 0.00, 1.00
503,  0,  16.864,  0.98,  1, 0.34, 0.21, 0.44, 0.00, 0.00, 0.69, 0.00, 0.00, 0.42, 0.56, 1.87, 2.60, 0.18, 0.15, 0.00, 1.81, 0.00, 0.00, 0.00, 0.00, 1.00, 0.00, 1.00, 0.00, 0.00, 0.00, 0.00, 1.00, 1.00, 0.00, 1.00, 0.00, 1.00, 0.00, 1.00
504,  0,  16.897,  0.98,  1, 0.26, 0.20, 0.41, 0.00, 0.00, 0.66, 0.00, 0.00, 0.50, 0.62, 1.94, 2.64, 0.34, 0.18, 0.00, 1.86, 0.00, 0.00, 0.00, 0.00, 1.00, 0.00, 1.00, 0.00, 0.00, 0.00, 0.00, 1.00, 1.00, 0.00, 1.00, 0.00, 1.00, 0.00, 0.00
505,  0,  16.931,  0.98,  1, 0.17, 0.11, 0.31, 0.00, 0.01, 0.53, 0.00, 0.00, 0.62, 0.73, 1.89, 2.60, 0.32, 0.26, 0.00, 2.00, 0.00, 0.00, 0.00, 0.00, 1.00, 0.00, 1.00, 0.00, 0.00, 0.00, 0.00, 1.00, 1.00, 0.00, 1.00, 0.00, 1.00, 0.00, 0.00
506,  0,  16.965,  0.98,  1, 0.34, 0.19, 0.23, 0.00, 0.08, 0.68, 0.00, 0.00, 0.75, 0.84, 1.61, 2.58, 0.27, 0.27, 0.00, 1.88, 0.00, 0.00, 0.00, 0.00, 1.00, 0.00, 1.00, 0.00, 0.00, 0.00, 0.00, 1.00, 1.00, 0.00, 1.00, 0.00, 1.00, 0.00, 0.00
507,  0,  16.998,  0.98,  1, 0.41, 0.11, 0.16, 0.01, 0.21, 0.65, 0.00, 0.00, 0.87, 0.79, 1.34, 2.46, 0.11, 0.28, 0.00, 1.77, 0.00, 0.00, 0.00, 0.00, 1.00, 0.00, 0.00, 0.00, 0.00, 0.00, 0.00, 1.00, 1.00, 0.00, 1.00, 0.00, 1.00, 0.00, 0.00
508,  0,  17.032,  0.98,  1, 0.41, 0.19, 0.16, 0.01, 0.35, 0.68, 0.00, 0.00, 1.01, 0.89, 1.25, 2.32, 0.11, 0.26, 0.00, 1.55, 0.00, 0.00, 0.00, 0.00, 1.00, 0.00, 0.00, 0.00, 0.00, 1.00, 0.00, 1.00, 1.00, 0.00, 1.00, 0.00, 1.00, 0.00, 0.00
509,  0,  17.065,  0.98,  1, 0.37, 0.17, 0.25, 0.04, 0.42, 0.43, 0.00, 0.00, 1.20, 0.87, 1.22, 2.19, 0.01, 0.20, 0.00, 1.31, 0.00, 0.00, 0.00, 0.00, 1.00, 0.00, 0.00, 0.00, 0.00, 1.00, 0.00, 1.00, 1.00, 0.00, 1.00, 0.00, 1.00, 0.00, 0.00
510,  0,  17.099,  0.98,  1, 0.35, 0.21, 0.20, 0.03, 0.46, 0.37, 0.00, 0.05, 1.35, 0.97, 1.37, 2.14, 0.32, 0.19, 0.00, 0.94, 0.00, 0.00, 0.00, 0.00, 1.00, 0.00, 1.00, 0.00, 0.00, 1.00, 1.00, 1.00, 1.00, 0.00, 1.00, 0.00, 0.00, 0.00, 0.00
511,  0,  17.133,  0.98,  1, 0.33, 0.18, 0.17, 0.03, 0.54, 0.28, 0.00, 0.12, 1.48, 0.99, 1.40, 2.09, 0.32, 0.14, 0.00, 0.65, 0.00, 0.00, 0.00, 0.00, 1.00, 0.00, 1.00, 0.00, 0.00, 1.00, 1.00, 1.00, 1.00, 0.00, 1.00, 0.00, 0.00, 0.00, 0.00
512,  0,  17.166,  0.98,  1, 0.28, 0.12, 0.04, 0.00, 0.67, 0.29, 0.00, 0.23, 1.64, 1.05, 1.40, 1.93, 0.32, 0.13, 0.00, 0.63, 0.00, 0.00, 0.00, 0.00, 1.00, 0.00, 1.00, 0.00, 0.00, 1.00, 1.00, 1.00, 1.00, 0.00, 1.00, 0.00, 0.00, 0.00, 0.00
513,  0,  17.200,  0.98,  1, 0.21, 0.06, 0.01, 0.00, 0.78, 0.18, 0.00, 0.23, 1.70, 1.22, 1.24, 1.74, 0.00, 0.15, 0.00, 0.71, 0.00, 0.00, 0.00, 0.00, 1.00, 0.00, 1.00, 0.00, 0.00, 1.00, 1.00, 1.00, 1.00, 0.00, 1.00, 0.00, 0.00, 0.00, 0.00
514,  0,  17.233,  0.98,  1, 0.15, 0.01, 0.00, 0.00, 0.81, 0.27, 0.02, 0.15, 1.71, 1.26, 1.12, 1.60, 0.00, 0.16, 0.00, 0.84, 0.00, 0.00, 0.00, 0.00, 1.00, 0.00, 1.00, 0.00, 0.00, 1.00, 1.00, 1.00, 1.00, 0.00, 1.00, 0.00, 0.00, 0.00, 0.00
515,  0,  17.267,  0.98,  1, 0.11, 0.00, 0.00, 0.00, 0.82, 0.38, 0.02, 0.05, 1.74, 1.23, 0.94, 1.71, 0.00, 0.23, 0.00, 0.78, 0.00, 0.00, 0.00, 0.00, 1.00, 0.00, 1.00, 0.00, 0.00, 1.00, 1.00, 1.00, 1.00, 0.00, 1.00, 0.00, 0.00, 0.00, 0.00
516,  0,  17.301,  0.98,  1, 0.08, 0.00, 0.00, 0.00, 0.82, 0.57, 0.02, 0.01, 1.81, 1.20, 0.88, 1.87, 0.00, 0.26, 0.00, 0.78, 0.00, 0.00, 0.00, 0.00, 1.00, 0.00, 1.00, 0.00, 0.00, 1.00, 1.00, 1.00, 1.00, 0.00, 1.00, 0.00, 0.00, 0.00, 0.00
517,  0,  17.334,  0.98,  1, 0.12, 0.04, 0.00, 0.00, 0.79, 0.52, 0.00, 0.01, 1.85, 1.06, 0.91, 2.02, 0.00, 0.27, 0.00, 0.62, 0.00, 0.00, 0.00, 0.00, 1.00, 0.00, 1.00, 0.00, 0.00, 1.00, 1.00, 1.00, 1.00, 0.00, 1.00, 0.00, 0.00, 0.00, 0.00
518,  0,  17.368,  0.98,  1, 0.10, 0.08, 0.09, 0.08, 0.80, 0.55, 0.00, 0.01, 1.80, 1.03, 1.00, 2.13, 0.00, 0.32, 0.00, 0.75, 0.00, 0.00, 0.00, 0.00, 1.00, 0.00, 1.00, 0.00, 0.00, 1.00, 1.00, 1.00, 1.00, 0.00, 1.00, 0.00, 0.00, 0.00, 0.00
519,  0,  17.401,  0.98,  1, 0.08, 0.11, 0.10, 0.14, 0.79, 0.33, 0.00, 0.00, 1.77, 0.94, 0.81, 2.13, 0.04, 0.39, 0.00, 0.94, 0.00, 0.00, 0.00, 0.00, 1.00, 0.00, 1.00, 0.00, 0.00, 1.00, 1.00, 1.00, 1.00, 0.00, 1.00, 0.00, 0.00, 0.00, 0.00
520,  0,  17.435,  0.98,  1, 0.04, 0.06, 0.14, 0.14, 0.81, 0.34, 0.00, 0.00, 1.72, 1.02, 0.84, 2.23, 0.05, 0.54, 0.00, 1.18, 0.00, 0.00, 0.00, 0.00, 1.00, 0.00, 1.00, 0.00, 0.00, 1.00, 1.00, 1.00, 1.00, 0.00, 1.00, 0.00, 0.00, 0.00, 0.00
521,  0,  17.469,  0.98,  1, 0.00, 0.02, 0.05, 0.06, 0.83, 0.34, 0.00, 0.00, 1.72, 1.15, 0.87, 2.24, 0.05, 0.65, 0.00, 1.13, 0.00, 0.00, 0.00, 0.00, 1.00, 0.00, 1.00, 0.00, 0.00, 1.00, 1.00, 1.00, 1.00, 0.00, 1.00, 0.00, 0.00, 0.00, 0.00
522,  0,  17.502,  0.98,  1, 0.00, 0.00, 0.06, 0.07, 0.91, 0.43, 0.00, 0.06, 1.72, 1.19, 0.87, 2.26, 0.00, 0.74, 0.00, 0.96, 0.00, 0.00, 0.00, 0.00, 1.00, 0.00, 1.00, 0.00, 0.00, 1.00, 1.00, 1.00, 1.00, 0.00, 1.00, 0.00, 0.00, 0.00, 0.00
523,  0,  17.536,  0.98,  1, 0.00, 0.00, 0.02, 0.21, 0.97, 0.52, 0.00, 0.09, 1.80, 1.26, 0.76, 2.18, 0.00, 0.82, 0.00, 0.79, 0.00, 0.00, 0.00, 0.00, 1.00, 0.00, 1.00, 0.00, 0.00, 1.00, 1.00, 1.00, 1.00, 0.00, 1.00, 0.00, 0.00, 0.00, 0.00
524,  0,  17.569,  0.98,  1, 0.00, 0.00, 0.02, 0.35, 1.01, 0.42, 0.00, 0.09, 1.82, 1.19, 0.63, 2.14, 0.00, 0.79, 0.00, 0.67, 0.00, 0.00, 0.00, 0.00, 1.00, 0.00, 1.00, 0.00, 0.00, 1.00, 1.00, 1.00, 1.00, 0.00, 1.00, 0.00, 0.00, 0.00, 0.00
525,  0,  17.603,  0.98,  1, 0.00, 0.00, 0.05, 0.28, 1.02, 0.50, 0.00, 0.02, 1.88, 1.22, 0.75, 2.18, 0.00, 0.75, 0.00, 0.69, 0.00, 0.00, 0.00, 0.00, 1.00, 0.00, 0.00, 0.00, 0.00, 1.00, 1.00, 1.00, 1.00, 0.00, 1.00, 0.00, 0.00, 0.00, 0.00
526,  0,  17.637,  0.98,  1, 0.00, 0.00, 0.09, 0.14, 1.05, 0.44, 0.00, 0.00, 1.88, 1.02, 0.75, 2.22, 0.00, 0.58, 0.00, 0.67, 0.00, 0.00, 0.00, 0.00, 1.00, 0.00, 0.00, 0.00, 0.00, 1.00, 1.00, 1.00, 1.00, 0.00, 1.00, 0.00, 0.00, 0.00, 0.00
527,  0,  17.670,  0.98,  1, 0.00, 0.00, 0.10, 0.00, 1.00, 0.45, 0.00, 0.02, 1.87, 0.90, 0.83, 2.21, 0.00, 0.46, 0.00, 0.75, 0.00, 0.00, 0.00, 0.00, 1.00, 0.00, 0.00, 0.00, 0.00, 1.00, 1.00, 1.00, 1.00, 0.00, 1.00, 0.00, 0.00, 0.00, 0.00
528,  0,  17.704,  0.98,  1, 0.00, 0.07, 0.07, 0.00, 0.92, 0.41, 0.00, 0.03, 1.83, 0.82, 0.65, 2.19, 0.10, 0.41, 0.00, 0.58, 0.00, 0.00, 0.00, 0.00, 1.00, 0.00, 0.00, 0.00, 0.00, 1.00, 1.00, 1.00, 1.00, 0.00, 1.00, 0.00, 0.00, 0.00, 0.00
529,  0,  17.737,  0.98,  1, 0.00, 0.07, 0.03, 0.05, 0.87, 0.29, 0.00, 0.03, 1.82, 1.07, 0.63, 2.15, 0.11, 0.54, 0.00, 0.60, 0.00, 0.00, 0.00, 0.00, 1.00, 0.00, 0.00, 0.00, 0.00, 1.00, 1.00, 1.00, 1.00, 0.00, 1.00, 0.00, 0.00, 0.00, 0.00
530,  0,  17.771,  0.98,  1, 0.02, 0.07, 0.02, 0.09, 0.92, 0.25, 0.00, 0.01, 1.87, 1.19, 0.66, 2.18, 0.13, 0.65, 0.00, 0.60, 0.00, 0.00, 0.00, 0.00, 1.00, 0.00, 0.00, 0.00, 0.00, 1.00, 1.00, 1.00, 1.00, 0.00, 1.00, 0.00, 0.00, 0.00, 0.00
531,  0,  17.804,  0.98,  1, 0.02, 0.00, 0.00, 0.21, 1.00, 0.31, 0.00, 0.04, 1.93, 1.29, 0.66, 2.20, 0.09, 0.69, 0.00, 0.70, 0.00, 0.00, 0.00, 0.00, 1.00, 0.00, 0.00, 0.00, 0.00, 1.00, 1.00, 1.00, 1.00, 0.00, 1.00, 0.00, 0.00, 0.00, 0.00
532,  0,  17.838,  0.98,  1, 0.02, 0.00, 0.00, 0.27, 1.11, 0.43, 0.00, 0.04, 2.02, 1.19, 0.51, 2.05, 0.16, 0.64, 0.00, 0.59, 0.00, 0.00, 0.00, 0.00, 1.00, 1.00, 0.00, 0.00, 0.00, 1.00, 1.00, 1.00, 1.00, 0.00, 1.00, 0.00, 0.00, 0.00, 0.00
533,  0,  17.872,  0.98,  1, 0.00, 0.00, 0.00, 0.34, 1.20, 0.42, 0.00, 0.04, 2.18, 1.24, 0.40, 2.00, 0.18, 0.63, 0.00, 0.31, 0.00, 0.00, 0.00, 0.00, 1.00, 1.00, 0.00, 0.00, 0.00, 1.00, 1.00, 1.00, 1.00, 0.00, 1.00, 0.00, 0.00, 0.00, 0.00
534,  0,  17.905,  0.93,  1, 0.00, 0.00, 0.00, 0.22, 1.24, 0.46, 0.00, 0.00, 2.33, 1.33, 0.46, 1.99, 0.17, 0.57, 0.00, 0.31, 0.00, 0.00, 0.00, 0.00, 1.00, 1.00, 0.00, 0.00, 0.00, 1.00, 1.00, 1.00, 1.00, 0.00, 1.00, 0.00, 0.00, 0.00, 0.00
535,  0,  17.939,  0.93,  1, 0.00, 0.00, 0.00, 0.13, 1.28, 0.52, 0.00, 0.00, 2.43, 1.48, 0.52, 2.06, 0.12, 0.53, 0.00, 0.30, 0.00, 0.00, 0.00, 0.00, 1.00, 1.00, 1.00, 0.00, 0.00, 1.00, 1.00, 1.00, 1.00, 0.00, 0.00, 0.00, 0.00, 0.00, 0.00
536,  0,  17.972,  0.93,  1, 0.00, 0.00, 0.00, 0.03, 1.34, 0.40, 0.00, 0.02, 2.39, 1.54, 0.41, 2.05, 0.08, 0.50, 0.00, 0.42, 0.04, 0.00, 0.00, 0.00, 1.00, 1.00, 1.00, 0.00, 1.00, 1.00, 1.00, 1.00, 1.00, 0.00, 0.00, 0.00, 0.00, 0.00, 0.00
537,  0,  18.006,  0.93,  1, 0.00, 0.00, 0.00, 0.09, 1.42, 0.38, 0.00, 0.07, 2.43, 1.50, 0.30, 1.86, 0.24, 0.53, 0.00, 0.27, 0.04, 0.00, 0.00, 0.00, 1.00, 1.00, 1.00, 0.00, 1.00, 1.00, 1.00, 1.00, 1.00, 0.00, 0.00, 0.00, 0.00, 0.00, 0.00
538,  0,  18.040,  0.93,  1, 0.00, 0.00, 0.00, 0.12, 1.49, 0.41, 0.00, 0.11, 2.47, 1.34, 0.25, 1.63, 0.31, 0.54, 0.00, 0.17, 0.04, 0.00, 0.00, 0.00, 1.00, 1.00, 1.00, 0.00, 1.00, 1.00, 1.00, 1.00, 1.00, 0.00, 0.00, 0.00, 0.00, 0.00, 0.00
539,  0,  18.073,  0.93,  1, 0.00, 0.00, 0.00, 0.29, 1.54, 0.82, 0.00, 0.15, 2.62, 1.30, 0.19, 1.41, 0.37, 0.54, 0.01, 0.05, 0.00, 0.00, 0.00, 0.00, 1.00, 1.00, 1.00, 0.00, 1.00, 1.00, 1.00, 1.00, 1.00, 0.00, 0.00, 0.00, 0.00, 0.00, 0.00
540,  0,  18.107,  0.98,  1, 0.01, 0.00, 0.00, 0.23, 1.59, 1.11, 0.00, 0.10, 2.69, 1.35, 0.12, 1.31, 0.16, 0.54, 0.01, 0.00, 0.00, 0.00, 0.00, 0.00, 1.00, 1.00, 1.00, 0.00, 1.00, 1.00, 1.00, 0.00, 1.00, 0.00, 1.00, 0.00, 0.00, 0.00, 0.00
541,  0,  18.140,  0.93,  1, 0.01, 0.00, 0.00, 0.32, 1.63, 1.20, 0.00, 0.08, 2.79, 1.28, 0.01, 1.27, 0.07, 0.49, 0.01, 0.00, 0.00, 0.00, 0.00, 0.00, 1.00, 1.00, 1.00, 0.00, 1.00, 1.00, 1.00, 0.00, 1.00, 0.00, 1.00, 0.00, 0.00, 0.00, 0.00
542,  0,  18.174,  0.98,  1, 0.01, 0.00, 0.00, 0.16, 1.68, 1.09, 0.00, 0.02, 2.86, 1.28, 0.01, 1.30, 0.00, 0.54, 0.00, 0.00, 0.00, 0.00, 0.00, 0.00, 1.00, 1.00, 1.00, 0.00, 1.00, 1.00, 1.00, 0.00, 1.00, 0.00, 1.00, 0.00, 0.00, 0.00, 0.00
543,  0,  18.208,  0.98,  1, 0.00, 0.00, 0.00, 0.19, 1.70, 0.93, 0.00, 0.05, 3.00, 1.22, 0.00, 1.21, 0.00, 0.61, 0.00, 0.00, 0.00, 0.00, 0.00, 0.00, 1.00, 1.00, 1.00, 0.00, 1.00, 1.00, 1.00, 0.00, 1.00, 0.00, 1.00, 0.00, 0.00, 0.00, 0.00
544,  0,  18.241,  0.98,  1, 0.00, 0.00, 0.00, 0.11, 1.74, 1.05, 0.00, 0.03, 3.10, 1.30, 0.00, 1.04, 0.00, 0.69, 0.00, 0.00, 0.00, 0.00, 0.00, 0.00, 1.00, 1.00, 1.00, 0.00, 1.00, 1.00, 1.00, 0.00, 1.00, 0.00, 1.00, 0.00, 0.00, 0.00, 0.00
545,  0,  18.275,  0.98,  1, 0.00, 0.02, 0.00, 0.09, 1.77, 0.99, 0.00, 0.03, 3.12, 1.24, 0.00, 0.90, 0.00, 0.77, 0.00, 0.00, 0.00, 0.00, 0.00, 0.00, 1.00, 1.00, 1.00, 0.00, 1.00, 1.00, 1.00, 0.00, 0.00, 0.00, 1.00, 0.00, 0.00, 0.00, 0.00
546,  0,  18.308,  0.98,  1, 0.00, 0.02, 0.00, 0.10, 1.79, 0.95, 0.00, 0.00, 3.10, 1.23, 0.00, 0.85, 0.00, 0.80, 0.00, 0.00, 0.00, 0.00, 0.00, 0.00, 1.00, 1.00, 1.00, 0.00, 1.00, 1.00, 1.00, 0.00, 0.00, 0.00, 1.00, 0.00, 0.00, 0.00, 0.00
547,  0,  18.342,  0.98,  1, 0.00, 0.02, 0.00, 0.11, 1.79, 0.86, 0.00, 0.00, 3.06, 1.24, 0.00, 0.85, 0.00, 0.88, 0.00, 0.00, 0.01, 0.00, 0.00, 0.00, 1.00, 1.00, 1.00, 0.00, 1.00, 1.00, 1.00, 0.00, 0.00, 0.00, 1.00, 0.00, 0.00, 0.00, 0.00
548,  0,  18.376,  0.98,  1, 0.00, 0.00, 0.00, 0.26, 1.83, 1.04, 0.00, 0.00, 3.07, 1.20, 0.00, 0.71, 0.00, 0.87, 0.00, 0.00, 0.01, 0.00, 0.00, 0.00, 1.00, 1.00, 1.00, 0.00, 1.00, 1.00, 1.00, 0.00, 0.00, 0.00, 1.00, 0.00, 0.00, 0.00, 0.00
549,  0,  18.409,  0.98,  1, 0.00, 0.01, 0.00, 0.28, 1.90, 1.10, 0.00, 0.00, 3.06, 1.16, 0.00, 0.60, 0.00, 0.95, 0.00, 0.00, 0.01, 0.00, 0.00, 0.00, 1.00, 1.00, 1.00, 0.00, 1.00, 1.00, 1.00, 0.00, 0.00, 0.00, 1.00, 0.00, 0.00, 0.00, 0.00
550,  0,  18.443,  0.98,  1, 0.00, 0.01, 0.00, 0.22, 1.94, 1.00, 0.00, 0.00, 3.05, 1.19, 0.00, 0.58, 0.00, 0.96, 0.00, 0.00, 0.00, 0.00, 0.00, 0.00, 1.00, 1.00, 1.00, 0.00, 1.00, 1.00, 1.00, 0.00, 0.00, 0.00, 0.00, 0.00, 0.00, 0.00, 0.00
551,  0,  18.476,  0.98,  1, 0.00, 0.01, 0.00, 0.07, 1.95, 0.90, 0.00, 0.04, 3.02, 1.21, 0.00, 0.50, 0.00, 0.92, 0.00, 0.00, 0.00, 0.00, 0.00, 0.00, 1.00, 1.00, 1.00, 0.00, 1.00, 1.00, 1.00, 0.00, 0.00, 0.00, 0.00, 0.00, 0.00, 0.00, 0.00
552,  0,  18.510,  0.98,  1, 0.00, 0.00, 0.00, 0.00, 1.95, 0.87, 0.00, 0.04, 3.05, 1.37, 0.00, 0.52, 0.00, 0.81, 0.00, 0.00, 0.00, 0.00, 0.00, 0.00, 1.00, 1.00, 1.00, 0.00, 1.00, 1.00, 1.00, 0.00, 0.00, 0.00, 0.00, 0.00, 0.00, 0.00, 0.00
553,  0,  18.544,  0.98,  1, 0.00, 0.00, 0.00, 0.00, 1.98, 0.96, 0.00, 0.04, 3.13, 1.42, 0.00, 0.39, 0.00, 0.77, 0.00, 0.00, 0.00, 0.00, 0.00, 0.00, 1.00, 1.00, 1.00, 0.00, 1.00, 1.00, 1.00, 0.00, 0.00, 0.00, 0.00, 0.00, 0.00, 0.00, 0.00
554,  0,  18.577,  0.98,  1, 0.00, 0.00, 0.00, 0.00, 2.02, 1.04, 0.00, 0.00, 3.22, 1.51, 0.00, 0.38, 0.00, 0.83, 0.00, 0.00, 0.00, 0.00, 0.00, 0.00, 1.00, 1.00, 1.00, 0.00, 1.00, 1.00, 1.00, 0.00, 0.00, 0.00, 0.00, 0.00, 0.00, 0.00, 0.00
555,  0,  18.611,  0.98,  1, 0.00, 0.03, 0.00, 0.00, 2.08, 1.15, 0.00, 0.00, 3.24, 1.52, 0.00, 0.32, 0.00, 0.87, 0.00, 0.00, 0.00, 0.00, 0.00, 0.00, 1.00, 1.00, 1.00, 0.00, 1.00, 1.00, 1.00, 0.00, 0.00, 0.00, 0.00, 0.00, 0.00, 0.00, 0.00
556,  0,  18.644,  0.98,  1, 0.00, 0.05, 0.00, 0.00, 2.13, 1.22, 0.00, 0.00, 3.25, 1.58, 0.00, 0.33, 0.00, 0.89, 0.00, 0.00, 0.00, 0.00, 0.00, 0.00, 1.00, 1.00, 1.00, 0.00, 1.00, 1.00, 1.00, 0.00, 0.00, 0.00, 0.00, 0.00, 0.00, 0.00, 0.00
557,  0,  18.678,  0.98,  1, 0.00, 0.05, 0.00, 0.05, 2.12, 1.30, 0.00, 0.00, 3.25, 1.66, 0.00, 0.26, 0.00, 0.88, 0.00, 0.00, 0.01, 0.00, 0.00, 0.00, 1.00, 1.00, 1.00, 0.00, 1.00, 1.00, 1.00, 0.00, 0.00, 0.00, 1.00, 0.00, 0.00, 0.00, 0.00
558,  0,  18.711,  0.98,  1, 0.00, 0.02, 0.00, 0.06, 2.05, 1.25, 0.00, 0.00, 3.27, 1.65, 0.00, 0.23, 0.00, 0.84, 0.00, 0.01, 0.01, 0.00, 0.00, 0.00, 1.00, 1.00, 1.00, 0.00, 1.00, 1.00, 1.00, 0.00, 0.00, 0.00, 1.00, 0.00, 0.00, 0.00, 0.00
559,  0,  18.745,  0.98,  1, 0.00, 0.00, 0.00, 0.15, 1.96, 1.36, 0.00, 0.02, 3.24, 1.55, 0.00, 0.23, 0.00, 0.78, 0.00, 0.01, 0.01, 0.00, 0.00, 0.00, 1.00, 1.00, 1.00, 0.00, 1.00, 1.00, 1.00, 0.00, 0.00, 0.00, 1.00, 0.00, 0.00, 0.00, 0.00
560,  0,  18.779,  0.98,  1, 0.00, 0.01, 0.00, 0.12, 1.88, 1.28, 0.00, 0.06, 3.16, 1.58, 0.00, 0.28, 0.00, 0.70, 0.02, 0.01, 0.00, 0.00, 0.00, 0.00, 1.00, 1.00, 1.00, 0.00, 1.00, 1.00, 1.00, 0.00, 0.00, 0.00, 1.00, 0.00, 0.00, 0.00, 0.00
561,  0,  18.812,  0.98,  1, 0.00, 0.09, 0.01, 0.10, 1.73, 1.24, 0.00, 0.14, 2.99, 1.50, 0.06, 0.47, 0.00, 0.61, 0.02, 0.00, 0.00, 0.00, 0.00, 0.00, 1.00, 1.00, 1.00, 0.00, 1.00, 1.00, 1.00, 0.00, 0.00, 0.00, 1.00, 0.00, 0.00, 0.00, 0.00
562,  0,  18.846,  0.98,  1, 0.00, 0.27, 0.09, 0.01, 1.51, 1.20, 0.00, 0.21, 2.80, 1.52, 0.06, 0.87, 0.00, 0.57, 0.02, 0.00, 0.00, 0.00, 0.00, 0.00, 1.00, 1.00, 1.00, 0.00, 1.00, 1.00, 1.00, 0.00, 0.00, 0.00, 1.00, 0.00, 0.00, 0.00, 0.00
563,  0,  18.879,  0.98,  1, 0.02, 0.25, 0.09, 0.00, 1.34, 1.16, 0.00, 0.27, 2.61, 1.53, 0.21, 1.18, 0.00, 0.56, 0.00, 0.00, 0.00, 0.00, 1.00, 0.00, 1.00, 1.00, 1.00, 0.00, 1.00, 1.00, 1.00, 1.00, 1.00, 0.00, 1.00, 0.00, 0.00, 0.00, 0.00
564,  0,  18.913,  0.98,  1, 0.01, 0.19, 0.09, 0.00, 1.22, 1.07, 0.00, 0.30, 2.51, 1.69, 0.36, 1.38, 0.00, 0.56, 0.00, 0.09, 0.00, 0.00, 1.00, 0.00, 1.00, 1.00, 1.00, 0.00, 1.00, 1.00, 1.00, 1.00, 1.00, 0.00, 1.00, 0.00, 0.00, 0.00, 0.00
565,  0,  18.947,  0.98,  1, 0.09, 0.11, 0.01, 0.00, 1.22, 0.90, 0.00, 0.32, 2.41, 1.77, 0.57, 1.39, 0.00, 0.46, 0.00, 0.18, 0.00, 0.00, 1.00, 0.00, 1.00, 1.00, 1.00, 0.00, 1.00, 1.00, 1.00, 1.00, 1.00, 0.00, 1.00, 0.00, 0.00, 0.00, 0.00
566,  0,  18.980,  0.98,  1, 0.08, 0.19, 0.01, 0.00, 1.23, 0.61, 0.00, 0.28, 2.35, 1.57, 0.58, 1.49, 0.00, 0.31, 0.00, 0.21, 0.00, 0.00, 1.00, 0.00, 1.00, 0.00, 1.00, 0.00, 1.00, 1.00, 1.00, 1.00, 1.00, 0.00, 1.00, 0.00, 0.00, 0.00, 0.00
567,  0,  19.014,  0.98,  1, 0.08, 0.17, 0.00, 0.00, 1.20, 0.54, 0.00, 0.25, 2.23, 1.35, 0.53, 1.49, 0.00, 0.20, 0.00, 0.13, 0.00, 0.00, 0.00, 0.00, 1.00, 0.00, 1.00, 0.00, 1.00, 1.00, 1.00, 1.00, 1.00, 0.00, 1.00, 0.00, 0.00, 0.00, 0.00
568,  0,  19.047,  0.98,  1, 0.01, 0.08, 0.04, 0.04, 1.17, 0.44, 0.00, 0.18, 2.21, 1.13, 0.39, 1.41, 0.04, 0.14, 0.00, 0.07, 0.00, 0.00, 0.00, 0.00, 1.00, 0.00, 1.00, 0.00, 1.00, 1.00, 1.00, 1.00, 1.00, 0.00, 1.00, 0.00, 0.00, 0.00, 0.00
569,  0,  19.081,  0.98,  1, 0.00, 0.00, 0.04, 0.04, 1.08, 0.62, 0.00, 0.28, 2.21, 1.24, 0.34, 1.31, 0.04, 0.07, 0.00, 0.11, 0.00, 0.00, 0.00, 0.00, 1.00, 0.00, 1.00, 0.00, 1.00, 1.00, 1.00, 1.00, 1.00, 0.00, 1.00, 0.00, 0.00, 0.00, 0.00
570,  0,  19.115,  0.98,  1, 0.00, 0.00, 0.12, 0.04, 1.03, 0.48, 0.00, 0.22, 2.20, 1.20, 0.34, 1.26, 0.04, 0.02, 0.00, 0.11, 0.00, 0.00, 0.00, 0.00, 1.00, 0.00, 1.00, 0.00, 1.00, 1.00, 1.00, 1.00, 1.00, 0.00, 1.00, 0.00, 0.00, 0.00, 0.00
571,  0,  19.148,  0.98,  1, 0.02, 0.00, 0.17, 0.00, 0.97, 0.42, 0.00, 0.29, 2.13, 1.22, 0.38, 1.22, 0.00, 0.00, 0.00, 0.07, 0.00, 0.00, 0.00, 0.00, 1.00, 0.00, 1.00, 0.00, 1.00, 1.00, 1.00, 1.00, 1.00, 0.00, 1.00, 0.00, 0.00, 0.00, 0.00
572,  0,  19.182,  0.98,  1, 0.02, 0.00, 0.23, 0.00, 0.90, 0.35, 0.00, 0.22, 2.04, 1.09, 0.39, 1.13, 0.08, 0.00, 0.00, 0.00, 0.00, 0.00, 0.00, 0.00, 1.00, 0.00, 1.00, 0.00, 1.00, 1.00, 1.00, 1.00, 1.00, 0.00, 1.00, 0.00, 0.00, 0.00, 0.00
573,  0,  19.215,  0.98,  1, 0.02, 0.00, 0.15, 0.00, 0.89, 0.42, 0.00, 0.24, 2.00, 1.07, 0.25, 0.94, 0.12, 0.00, 0.00, 0.02, 0.00, 0.00, 0.00, 0.00, 1.00, 0.00, 1.00, 0.00, 1.00, 1.00, 1.00, 1.00, 1.00, 0.00, 1.00, 0.00, 0.00, 0.00, 0.00
574,  0,  19.249,  0.98,  1, 0.04, 0.00, 0.06, 0.00, 0.93, 0.45, 0.00, 0.15, 1.98, 1.00, 0.16, 0.84, 0.16, 0.01, 0.00, 0.16, 0.00, 0.00, 0.00, 0.00, 1.00, 0.00, 1.00, 0.00, 1.00, 1.00, 1.00, 0.00, 1.00, 0.00, 1.00, 0.00, 0.00, 0.00, 0.00
575,  0,  19.283,  0.98,  1, 0.06, 0.00, 0.04, 0.00, 1.01, 0.60, 0.01, 0.07, 1.99, 0.89, 0.16, 0.81, 0.12, 0.01, 0.00, 0.18, 0.00, 0.00, 0.00, 0.00, 1.00, 0.00, 1.00, 0.00, 1.00, 1.00, 1.00, 0.00, 0.00, 0.00, 1.00, 0.00, 0.00, 0.00, 0.00
576,  0,  19.316,  0.98,  1, 0.09, 0.00, 0.04, 0.00, 1.07, 0.58, 0.01, 0.03, 2.05, 0.84, 0.17, 0.87, 0.09, 0.01, 0.00, 0.17, 0.00, 0.00, 0.00, 0.00, 1.00, 0.00, 1.00, 0.00, 1.00, 1.00, 1.00, 0.00, 0.00, 0.00, 1.00, 0.00, 0.00, 0.00, 0.00
577,  0,  19.350,  0.98,  1, 0.05, 0.00, 0.06, 0.06, 1.08, 0.67, 0.01, 0.00, 2.12, 0.89, 0.29, 0.81, 0.05, 0.01, 0.00, 0.05, 0.00, 0.00, 0.00, 0.00, 1.00, 1.00, 1.00, 0.00, 1.00, 1.00, 1.00, 0.00, 0.00, 0.00, 1.00, 0.00, 0.00, 0.00, 0.00
578,  0,  19.383,  0.98,  1, 0.08, 0.11, 0.03, 0.12, 1.11, 0.57, 0.01, 0.06, 2.18, 0.92, 0.23, 0.77, 0.01, 0.02, 0.00, 0.03, 0.00, 0.00, 0.00, 0.00, 1.00, 1.00, 1.00, 0.00, 1.00, 1.00, 1.00, 0.00, 0.00, 0.00, 1.00, 0.00, 0.00, 0.00, 0.00
579,  0,  19.417,  0.98,  1, 0.12, 0.13, 0.03, 0.18, 1.15, 0.71, 0.01, 0.06, 2.21, 1.01, 0.30, 0.70, 0.00, 0.01, 0.03, 0.02, 0.00, 0.00, 0.00, 0.00, 1.00, 1.00, 1.00, 0.00, 1.00, 1.00, 1.00, 0.00, 0.00, 0.00, 1.00, 0.00, 0.00, 0.00, 0.00
580,  0,  19.451,  0.98,  1, 0.15, 0.27, 0.01, 0.29, 1.22, 0.71, 0.01, 0.06, 2.25, 1.02, 0.17, 0.70, 0.00, 0.01, 0.03, 0.01, 0.00, 0.00, 0.00, 0.00, 1.00, 1.00, 1.00, 0.00, 1.00, 1.00, 1.00, 0.00, 0.00, 0.00, 1.00, 0.00, 0.00, 0.00, 0.00
581,  0,  19.484,  0.98,  1, 0.10, 0.29, 0.01, 0.37, 1.28, 0.87, 0.00, 0.06, 2.33, 1.17, 0.11, 0.58, 0.00, 0.00, 0.10, 0.10, 0.01, 0.00, 0.00, 0.00, 1.00, 1.00, 1.00, 0.00, 1.00, 1.00, 1.00, 0.00, 0.00, 0.00, 1.00, 0.00, 0.00, 0.00, 0.00
582,  0,  19.518,  0.98,  1, 0.03, 0.34, 0.00, 0.47, 1.30, 0.74, 0.00, 0.07, 2.42, 1.22, 0.00, 0.50, 0.00, 0.00, 0.11, 0.11, 0.01, 0.00, 0.00, 0.00, 1.00, 1.00, 1.00, 0.00, 1.00, 1.00, 1.00, 0.00, 0.00, 0.00, 1.00, 0.00, 0.00, 0.00, 0.00
583,  0,  19.551,  0.98,  1, 0.00, 0.20, 0.00, 0.30, 1.30, 0.73, 0.00, 0.07, 2.48, 1.31, 0.00, 0.31, 0.00, 0.03, 0.11, 0.11, 0.02, 0.00, 0.00, 0.00, 1.00, 1.00, 1.00, 0.00, 1.00, 1.00, 1.00, 0.00, 0.00, 0.00, 1.00, 0.00, 0.00, 0.00, 0.00
584,  0,  19.585,  0.98,  1, 0.00, 0.08, 0.01, 0.21, 1.32, 0.45, 0.00, 0.01, 2.54, 1.20, 0.00, 0.21, 0.00, 0.05, 0.04, 0.02, 0.01, 0.00, 0.00, 0.00, 1.00, 1.00, 1.00, 0.00, 0.00, 1.00, 1.00, 0.00, 0.00, 0.00, 1.00, 0.00, 0.00, 0.00, 0.00
585,  0,  19.619,  0.98,  1, 0.00, 0.03, 0.01, 0.17, 1.38, 0.62, 0.00, 0.00, 2.62, 1.18, 0.00, 0.20, 0.00, 0.10, 0.03, 0.00, 0.06, 0.00, 0.00, 0.00, 1.00, 1.00, 1.00, 0.00, 0.00, 1.00, 1.00, 0.00, 0.00, 0.00, 1.00, 0.00, 0.00, 0.00, 0.00
586,  0,  19.652,  0.98,  1, 0.00, 0.03, 0.01, 0.40, 1.46, 0.58, 0.00, 0.00, 2.66, 1.15, 0.00, 0.34, 0.00, 0.08, 0.03, 0.00, 0.05, 0.00, 0.00, 0.00, 1.00, 1.00, 1.00, 0.00, 0.00, 1.00, 1.00, 0.00, 0.00, 0.00, 1.00, 0.00, 0.00, 0.00, 0.00
587,  0,  19.686,  0.98,  1, 0.00, 0.03, 0.00, 0.35, 1.55, 0.80, 0.00, 0.00, 2.66, 1.16, 0.00, 0.32, 0.01, 0.07, 0.06, 0.00, 0.05, 0.00, 0.00, 0.00, 1.00, 1.00, 1.00, 0.00, 0.00, 1.00, 1.00, 0.00, 0.00, 0.00, 1.00, 0.00, 0.00, 0.00, 0.00
588,  0,  19.719,  0.98,  1, 0.00, 0.00, 0.00, 0.26, 1.58, 0.76, 0.00, 0.04, 2.71, 1.15, 0.00, 0.20, 0.01, 0.04, 0.08, 0.00, 0.00, 0.00, 0.00, 0.00, 1.00, 1.00, 1.00, 0.00, 0.00, 1.00, 1.00, 0.00, 0.00, 0.00, 1.00, 0.00, 0.00, 0.00, 0.00
589,  0,  19.753,  0.98,  1, 0.00, 0.00, 0.00, 0.03, 1.65, 0.78, 0.00, 0.09, 2.86, 1.13, 0.00, 0.03, 0.01, 0.10, 0.16, 0.00, 0.01, 0.00, 0.00, 0.00, 1.00, 1.00, 1.00, 0.00, 0.00, 1.00, 1.00, 0.00, 0.00, 0.00, 1.00, 0.00, 0.00, 0.00, 0.00
590,  0,  19.786,  0.98,  1, 0.00, 0.00, 0.00, 0.03, 1.71, 0.72, 0.00, 0.11, 3.00, 1.17, 0.00, 0.02, 0.00, 0.15, 0.13, 0.00, 0.05, 0.00, 0.00, 0.00, 1.00, 1.00, 1.00, 0.00, 1.00, 1.00, 1.00, 0.00, 0.00, 0.00, 1.00, 0.00, 0.00, 0.00, 0.00
591,  0,  19.820,  0.98,  1, 0.00, 0.00, 0.00, 0.00, 1.78, 0.86, 0.00, 0.11, 3.12, 1.10, 0.00, 0.00, 0.00, 0.29, 0.26, 0.00, 0.05, 0.00, 0.00, 0.00, 1.00, 1.00, 1.00, 0.00, 1.00, 1.00, 1.00, 0.00, 0.00, 0.00, 1.00, 0.00, 0.00, 0.00, 0.00
592,  0,  19.854,  0.98,  1, 0.00, 0.00, 0.00, 0.00, 1.86, 0.86, 0.00, 0.06, 3.24, 1.19, 0.00, 0.01, 0.00, 0.29, 0.28, 0.00, 0.04, 0.00, 0.00, 0.00, 1.00, 1.00, 1.00, 0.00, 1.00, 1.00, 1.00, 0.00, 0.00, 0.00, 1.00, 0.00, 0.00, 0.00, 0.00
593,  0,  19.887,  0.98,  1, 0.00, 0.00, 0.00, 0.04, 1.97, 1.01, 0.00, 0.12, 3.40, 1.11, 0.00, 0.01, 0.00, 0.38, 0.46, 0.00, 0.04, 0.00, 0.00, 0.00, 1.00, 1.00, 1.00, 0.00, 1.00, 1.00, 1.00, 0.00, 0.00, 0.00, 1.00, 0.00, 0.00, 0.00, 0.00
594,  0,  19.921,  0.98,  1, 0.00, 0.00, 0.00, 0.04, 2.06, 1.01, 0.00, 0.19, 3.52, 1.17, 0.00, 0.01, 0.00, 0.36, 0.49, 0.00, 0.04, 0.00, 0.00, 0.00, 1.00, 1.00, 1.00, 0.00, 1.00, 1.00, 1.00, 0.00, 0.00, 0.00, 1.00, 0.00, 0.00, 0.00, 0.00
595,  0,  19.954,  0.98,  1, 0.00, 0.00, 0.00, 0.03, 2.10, 1.07, 0.00, 0.32, 3.53, 1.13, 0.00, 0.00, 0.00, 0.42, 0.71, 0.00, 0.04, 0.00, 0.00, 0.00, 1.00, 1.00, 1.00, 0.00, 1.00, 1.00, 1.00, 0.00, 0.00, 0.00, 1.00, 0.00, 0.00, 0.00, 0.00
596,  0,  19.988,  0.98,  1, 0.00, 0.00, 0.00, 0.06, 2.09, 1.12, 0.00, 0.29, 3.50, 1.28, 0.00, 0.00, 0.00, 0.39, 0.81, 0.00, 0.00, 0.00, 0.00, 0.00, 1.00, 1.00, 1.00, 0.00, 1.00, 1.00, 1.00, 0.00, 0.00, 0.00, 0.00, 0.00, 0.00, 0.00, 0.00
597,  0,  20.022,  0.98,  1, 0.00, 0.00, 0.00, 0.06, 2.06, 1.11, 0.00, 0.24, 3.44, 1.37, 0.00, 0.00, 0.00, 0.36, 0.81, 0.00, 0.07, 0.00, 0.00, 0.00, 1.00, 1.00, 1.00, 0.00, 1.00, 1.00, 1.00, 0.00, 0.00, 0.00, 0.00, 0.00, 0.00, 0.00, 0.00
598,  0,  20.055,  0.98,  1, 0.00, 0.00, 0.00, 0.06, 2.06, 1.22, 0.00, 0.20, 3.46, 1.43, 0.00, 0.00, 0.00, 0.30, 0.78, 0.00, 0.11, 0.00, 0.00, 0.00, 1.00, 1.00, 1.00, 0.00, 1.00, 1.00, 1.00, 0.00, 0.00, 0.00, 0.00, 0.00, 0.00, 0.00, 0.00
599,  0,  20.089,  0.98,  1, 0.00, 0.00, 0.00, 0.00, 2.09, 1.19, 0.00, 0.27, 3.50, 1.48, 0.00, 0.00, 0.00, 0.24, 0.86, 0.00, 0.18, 0.00, 0.00, 0.00, 1.00, 1.00, 1.00, 0.00, 1.00, 1.00, 1.00, 0.00, 0.00, 0.00, 0.00, 1.00, 0.00, 0.00, 0.00
600,  0,  20.122,  0.98,  1, 0.00, 0.00, 0.00, 0.00, 2.13, 1.17, 0.00, 0.36, 3.65, 1.25, 0.00, 0.01, 0.00, 0.16, 1.41, 0.00, 0.19, 0.00, 0.00, 0.00, 1.00, 1.00, 1.00, 0.00, 1.00, 1.00, 1.00, 0.00, 0.00, 0.00, 0.00, 1.00, 0.00, 0.00, 0.00
601,  0,  20.156,  0.98,  1, 0.00, 0.00, 0.00, 0.00, 2.16, 0.99, 0.00, 0.50, 3.83, 0.90, 0.00, 0.06, 0.00, 0.08, 2.05, 0.05, 0.18, 0.00, 0.00, 0.00, 1.00, 1.00, 0.00, 0.00, 1.00, 1.00, 1.00, 0.00, 0.00, 0.00, 0.00, 1.00, 0.00, 0.00, 0.00
602,  0,  20.190,  0.98,  1, 0.00, 0.00, 0.00, 0.00, 2.17, 0.89, 0.00, 0.75, 3.94, 0.58, 0.00, 0.16, 0.00, 0.03, 2.77, 0.05, 0.21, 0.00, 0.00, 0.00, 1.00, 1.00, 0.00, 0.00, 1.00, 1.00, 0.00, 0.00, 0.00, 0.00, 0.00, 1.00, 0.00, 0.00, 0.00
603,  0,  20.223,  0.98,  1, 0.00, 0.00, 0.00, 0.00, 2.19, 0.88, 0.00, 1.03, 4.03, 0.74, 0.05, 0.34, 0.00, 0.00, 3.28, 0.05, 0.27, 0.00, 0.00, 0.00, 1.00, 1.00, 0.00, 0.00, 1.00, 1.00, 0.00, 0.00, 0.00, 0.00, 0.00, 1.00, 0.00, 0.00, 0.00
604,  0,  20.257,  0.98,  1, 0.00, 0.00, 0.00, 0.00, 2.21, 0.98, 0.00, 1.26, 4.00, 0.89, 0.16, 0.33, 0.00, 0.00, 3.61, 0.01, 0.34, 1.00, 0.00, 0.00, 1.00, 1.00, 0.00, 0.00, 1.00, 1.00, 0.00, 0.00, 0.00, 0.00, 0.00, 1.00, 0.00, 0.00, 0.00
605,  0,  20.290,  0.98,  1, 0.00, 0.00, 0.00, 0.00, 2.32, 1.18, 0.00, 1.41, 4.03, 1.03, 0.16, 0.23, 0.00, 0.00, 3.71, 0.13, 0.31, 1.00, 0.00, 0.00, 1.00, 1.00, 0.00, 0.00, 1.00, 1.00, 0.00, 0.00, 0.00, 0.00, 0.00, 1.00, 1.00, 0.00, 0.00
606,  0,  20.324,  0.98,  1, 0.03, 0.00, 0.00, 0.00, 2.36, 1.20, 0.00, 1.49, 3.95, 0.88, 0.11, 0.04, 0.00, 0.00, 3.81, 0.32, 0.28, 1.00, 0.00, 0.00, 1.00, 1.00, 0.00, 0.00, 1.00, 1.00, 0.00, 0.00, 0.00, 0.00, 0.00, 1.00, 1.00, 0.00, 0.00
607,  0,  20.358,  0.98,  1, 0.03, 0.00, 0.00, 0.00, 2.36, 1.21, 0.00, 1.54, 3.90, 0.75, 0.00, 0.10, 0.00, 0.00, 3.83, 0.53, 0.22, 1.00, 0.00, 0.00, 1.00, 1.00, 0.00, 0.00, 1.00, 1.00, 0.00, 0.00, 0.00, 0.00, 0.00, 1.00, 1.00, 0.00, 1.00
608,  0,  20.391,  0.98,  1, 0.03, 0.00, 0.04, 0.00, 2.33, 1.17, 0.00, 1.58, 3.88, 0.81, 0.00, 0.21, 0.00, 0.00, 3.90, 0.67, 0.35, 1.00, 0.00, 0.00, 1.00, 1.00, 0.00, 0.00, 1.00, 1.00, 0.00, 0.00, 0.00, 0.00, 1.00, 1.00, 1.00, 0.00, 1.00
609,  0,  20.425,  0.98,  1, 0.05, 0.04, 0.04, 0.00, 2.42, 1.41, 0.00, 1.70, 3.93, 0.80, 0.00, 0.32, 0.00, 0.00, 3.81, 0.81, 0.36, 1.00, 0.00, 0.00, 1.00, 1.00, 0.00, 0.00, 1.00, 1.00, 0.00, 0.00, 0.00, 0.00, 1.00, 1.00, 1.00, 0.00, 1.00
610,  0,  20.458,  0.98,  1, 0.05, 0.04, 0.06, 0.00, 2.63, 1.65, 0.00, 1.88, 3.96, 1.03, 0.00, 0.24, 0.00, 0.00, 3.78, 0.98, 0.47, 1.00, 0.00, 0.00, 1.00, 1.00, 1.00, 0.00, 1.00, 1.00, 0.00, 0.00, 0.00, 0.00, 1.00, 1.00, 1.00, 0.00, 1.00
611,  0,  20.492,  0.98,  1, 0.15, 0.09, 0.02, 0.00, 2.76, 1.77, 0.00, 1.99, 4.07, 1.10, 0.00, 0.22, 0.00, 0.00, 3.77, 0.99, 0.59, 1.00, 0.00, 0.00, 1.00, 1.00, 1.00, 0.00, 1.00, 1.00, 1.00, 0.00, 0.00, 0.00, 1.00, 1.00, 1.00, 0.00, 1.00
612,  0,  20.526,  0.98,  1, 0.20, 0.12, 0.07, 0.00, 2.79, 1.85, 0.00, 2.00, 4.15, 1.33, 0.00, 0.15, 0.00, 0.00, 3.70, 0.88, 0.64, 1.00, 0.00, 0.00, 1.00, 1.00, 1.00, 0.00, 1.00, 1.00, 1.00, 0.00, 0.00, 0.00, 1.00, 1.00, 1.00, 0.00, 1.00
613,  0,  20.559,  0.98,  1, 0.23, 0.12, 0.06, 0.00, 2.73, 1.82, 0.00, 2.00, 4.22, 1.33, 0.00, 0.17, 0.00, 0.00, 3.75, 0.86, 0.62, 1.00, 0.00, 0.00, 1.00, 1.00, 1.00, 0.00, 1.00, 1.00, 1.00, 0.00, 0.00, 0.00, 1.00, 1.00, 1.00, 0.00, 1.00
614,  0,  20.593,  0.98,  1, 0.16, 0.07, 0.06, 0.00, 2.74, 1.77, 0.00, 1.95, 4.11, 1.25, 0.00, 0.08, 0.00, 0.00, 3.85, 0.87, 0.42, 1.00, 0.00, 0.00, 1.00, 1.00, 1.00, 0.00, 1.00, 1.00, 1.00, 0.00, 0.00, 0.00, 1.00, 1.00, 1.00, 0.00, 1.00
615,  0,  20.626,  0.98,  1, 0.06, 0.01, 0.01, 0.00, 2.80, 1.65, 0.00, 2.01, 4.07, 1.19, 0.00, 0.07, 0.00, 0.00, 3.97, 0.97, 0.29, 1.00, 0.00, 0.00, 1.00, 1.00, 1.00, 0.00, 1.00, 1.00, 1.00, 0.00, 0.00, 0.00, 1.00, 1.00, 1.00, 0.00, 1.00
616,  0,  20.660,  0.98,  1, 0.03, 0.00, 0.00, 0.00, 2.87, 1.69, 0.00, 1.99, 4.07, 1.25, 0.00, 0.08, 0.00, 0.00, 4.04, 0.93, 0.39, 1.00, 0.00, 0.00, 1.00, 1.00, 1.00, 0.00, 1.00, 1.00, 1.00, 0.00, 0.00, 0.00, 1.00, 1.00, 1.00, 0.00, 1.00
617,  0,  20.693,  0.98,  1, 0.00, 0.00, 0.00, 0.00, 2.87, 1.83, 0.00, 1.96, 4.12, 1.13, 0.00, 0.08, 0.00, 0.00, 3.97, 0.78, 0.41, 1.00, 0.00, 0.00, 1.00, 1.00, 1.00, 0.00, 1.00, 1.00, 1.00, 0.00, 0.00, 0.00, 1.00, 1.00, 1.00, 0.00, 1.00
618,  0,  20.727,  0.98,  1, 0.01, 0.01, 0.00, 0.00, 2.81, 1.96, 0.00, 1.86, 4.12, 0.97, 0.00, 0.04, 0.00, 0.00, 3.97, 0.73, 0.61, 1.00, 0.00, 0.00, 1.00, 1.00, 1.00, 0.00, 1.00, 1.00, 0.00, 0.00, 0.00, 0.00, 1.00, 1.00, 1.00, 0.00, 1.00
619,  0,  20.761,  0.98,  1, 0.01, 0.01, 0.00, 0.00, 2.77, 1.99, 0.00, 1.81, 4.14, 0.94, 0.00, 0.00, 0.00, 0.00, 4.02, 0.65, 0.60, 1.00, 0.00, 0.00, 1.00, 1.00, 1.00, 0.00, 1.00, 1.00, 0.00, 0.00, 0.00, 0.00, 1.00, 1.00, 1.00, 0.00, 1.00
620,  0,  20.794,  0.98,  1, 0.00, 0.01, 0.14, 0.00, 2.75, 1.89, 0.00, 1.79, 4.12, 0.88, 0.00, 0.00, 0.00, 0.00, 4.03, 0.70, 0.61, 1.00, 0.00, 0.00, 1.00, 1.00, 1.00, 0.00, 1.00, 1.00, 0.00, 0.00, 0.00, 0.00, 1.00, 1.00, 1.00, 0.00, 1.00
621,  0,  20.828,  0.98,  1, 0.04, 0.00, 0.14, 0.00, 2.76, 1.82, 0.00, 1.86, 4.17, 1.01, 0.00, 0.00, 0.00, 0.00, 3.90, 0.69, 0.41, 1.00, 0.00, 0.00, 1.00, 1.00, 1.00, 0.00, 1.00, 1.00, 0.00, 0.00, 0.00, 0.00, 1.00, 1.00, 1.00, 0.00, 1.00
622,  0,  20.861,  0.98,  1, 0.08, 0.00, 0.14, 0.00, 2.70, 1.73, 0.00, 1.84, 4.12, 0.82, 0.00, 0.00, 0.00, 0.00, 3.83, 0.55, 0.18, 1.00, 0.00, 0.00, 1.00, 1.00, 1.00, 0.00, 1.00, 1.00, 0.00, 0.00, 0.00, 0.00, 1.00, 1.00, 1.00, 0.00, 1.00
623,  0,  20.895,  0.98,  1, 0.08, 0.00, 0.00, 0.00, 2.57, 1.66, 0.00, 1.85, 4.18, 0.95, 0.00, 0.00, 0.00, 0.00, 3.86, 0.48, 0.04, 1.00, 0.00, 0.00, 1.00, 1.00, 1.00, 0.00, 1.00, 1.00, 0.00, 0.00, 0.00, 0.00, 1.00, 1.00, 1.00, 0.00, 1.00
624,  0,  20.929,  0.98,  1, 0.04, 0.02, 0.00, 0.00, 2.60, 1.78, 0.00, 1.87, 4.17, 0.91, 0.00, 0.00, 0.00, 0.00, 3.98, 0.41, 0.02, 1.00, 0.00, 0.00, 1.00, 1.00, 1.00, 0.00, 1.00, 1.00, 0.00, 0.00, 0.00, 0.00, 1.00, 1.00, 1.00, 0.00, 1.00
625,  0,  20.962,  0.98,  1, 0.12, 0.10, 0.04, 0.00, 2.74, 2.02, 0.00, 1.86, 4.22, 0.99, 0.07, 0.07, 0.00, 0.00, 3.94, 0.42, 0.19, 1.00, 0.00, 0.00, 1.00, 1.00, 1.00, 0.00, 1.00, 1.00, 0.00, 0.00, 0.00, 0.00, 1.00, 1.00, 1.00, 0.00, 1.00
626,  0,  20.996,  0.98,  1, 0.23, 0.28, 0.11, 0.00, 2.95, 2.36, 0.00, 2.07, 4.24, 1.01, 0.14, 0.07, 0.00, 0.00, 3.90, 0.32, 0.44, 1.00, 0.00, 0.00, 1.00, 1.00, 1.00, 0.00, 1.00, 1.00, 0.00, 0.00, 0.00, 0.00, 1.00, 1.00, 1.00, 0.00, 1.00
627,  0,  21.029,  0.98,  1, 0.28, 0.32, 0.28, 0.00, 3.04, 2.45, 0.00, 1.98, 4.34, 1.14, 0.22, 0.18, 0.00, 0.00, 3.79, 0.12, 0.71, 1.00, 0.00, 0.00, 1.00, 1.00, 1.00, 0.00, 1.00, 1.00, 0.00, 0.00, 0.00, 0.00, 1.00, 1.00, 1.00, 0.00, 1.00
628,  0,  21.063,  0.98,  1, 0.45, 0.34, 0.42, 0.00, 3.04, 2.62, 0.00, 2.02, 4.38, 1.38, 0.29, 0.25, 0.00, 0.00, 3.66, 0.00, 0.95, 1.00, 0.00, 0.00, 1.00, 1.00, 1.00, 0.00, 1.00, 1.00, 0.00, 0.00, 0.00, 0.00, 1.00, 1.00, 1.00, 0.00, 1.00
629,  0,  21.097,  0.98,  1, 0.55, 0.17, 0.40, 0.00, 2.93, 2.39, 0.00, 1.74, 4.30, 1.46, 0.22, 0.38, 0.00, 0.00, 3.39, 0.00, 1.02, 1.00, 0.00, 0.00, 1.00, 1.00, 1.00, 0.00, 1.00, 1.00, 0.00, 0.00, 0.00, 0.00, 1.00, 1.00, 1.00, 0.00, 1.00
630,  0,  21.130,  0.98,  1, 0.72, 0.17, 0.33, 0.00, 2.78, 2.19, 0.00, 1.74, 4.14, 1.44, 0.29, 0.41, 0.00, 0.00, 3.12, 0.00, 0.94, 1.00, 0.00, 0.00, 1.00, 1.00, 1.00, 0.00, 1.00, 1.00, 0.00, 0.00, 0.00, 0.00, 1.00, 1.00, 1.00, 0.00, 1.00
631,  0,  21.164,  0.98,  1, 0.75, 0.08, 0.18, 0.00, 2.58, 1.94, 0.00, 1.68, 4.07, 0.92, 0.16, 0.52, 0.00, 0.00, 3.01, 0.14, 0.88, 1.00, 0.00, 0.00, 1.00, 1.00, 1.00, 0.00, 1.00, 1.00, 1.00, 0.00, 0.00, 0.00, 1.00, 1.00, 1.00, 0.00, 1.00
632,  0,  21.197,  0.98,  1, 0.73, 0.17, 0.13, 0.00, 2.63, 2.07, 0.00, 1.87, 4.08, 0.76, 0.16, 0.53, 0.00, 0.09, 3.10, 0.14, 0.79, 1.00, 0.00, 0.00, 0.00, 1.00, 1.00, 0.00, 1.00, 1.00, 1.00, 0.00, 0.00, 0.00, 1.00, 1.00, 1.00, 0.00, 1.00
633,  0,  21.231,  0.98,  1, 0.64, 0.12, 0.03, 0.00, 2.70, 2.15, 0.00, 1.82, 4.05, 0.63, 0.45, 0.43, 0.00, 0.12, 3.20, 0.14, 0.98, 1.00, 0.00, 0.00, 1.00, 1.00, 1.00, 0.00, 1.00, 1.00, 0.00, 0.00, 0.00, 0.00, 1.00, 1.00, 1.00, 0.00, 1.00
634,  0,  21.265,  0.98,  1, 0.44, 0.15, 0.00, 0.00, 2.92, 2.18, 0.00, 1.78, 4.00, 0.91, 0.48, 0.17, 0.00, 0.19, 3.11, 0.00, 1.18, 1.00, 0.00, 0.00, 1.00, 1.00, 1.00, 0.00, 1.00, 1.00, 0.00, 0.00, 0.00, 0.00, 1.00, 1.00, 1.00, 0.00, 1.00
635,  0,  21.298,  0.98,  1, 0.25, 0.05, 0.00, 0.00, 2.92, 2.17, 0.00, 1.59, 3.94, 0.70, 0.60, 0.02, 0.00, 0.10, 3.18, 0.00, 1.36, 1.00, 0.00, 0.00, 1.00, 1.00, 1.00, 0.00, 1.00, 1.00, 0.00, 0.00, 0.00, 0.00, 1.00, 1.00, 1.00, 0.00, 1.00
636,  0,  21.332,  0.98,  1, 0.28, 0.14, 0.05, 0.00, 2.88, 2.13, 0.00, 1.65, 4.01, 0.55, 0.25, 0.00, 0.00, 0.07, 3.13, 0.00, 1.35, 1.00, 0.00, 0.00, 1.00, 1.00, 1.00, 0.00, 1.00, 1.00, 0.00, 0.00, 0.00, 0.00, 1.00, 1.00, 1.00, 0.00, 1.00
637,  0,  21.365,  0.98,  1, 0.38, 0.26, 0.23, 0.00, 2.86, 2.04, 0.00, 1.60, 4.08, 0.53, 0.54, 0.00, 0.00, 0.00, 3.28, 0.00, 1.08, 1.00, 0.00, 0.00, 1.00, 1.00, 1.00, 0.00, 1.00, 1.00, 0.00, 0.00, 0.00, 0.00, 1.00, 1.00, 1.00, 0.00, 1.00
638,  0,  21.399,  0.98,  1, 0.44, 0.36, 0.40, 0.00, 2.88, 2.06, 0.00, 1.62, 4.17, 0.71, 0.50, 0.07, 0.00, 0.00, 3.22, 0.00, 0.98, 1.00, 0.00, 0.00, 1.00, 1.00, 1.00, 0.00, 1.00, 1.00, 0.00, 0.00, 0.00, 0.00, 1.00, 1.00, 1.00, 0.00, 1.00
639,  0,  21.433,  0.98,  1, 0.31, 0.34, 0.46, 0.00, 2.96, 2.38, 0.00, 1.53, 4.18, 0.58, 0.40, 0.07, 0.00, 0.00, 3.43, 0.00, 1.12, 1.00, 0.00, 0.00, 1.00, 1.00, 1.00, 0.00, 1.00, 1.00, 0.00, 0.00, 0.00, 0.00, 1.00, 1.00, 1.00, 0.00, 1.00
640,  0,  21.466,  0.98,  1, 0.18, 0.27, 0.30, 0.00, 2.97, 2.52, 0.00, 1.63, 4.25, 0.58, 0.15, 0.07, 0.00, 0.00, 3.44, 0.01, 0.96, 1.00, 0.00, 0.00, 1.00, 1.00, 1.00, 0.00, 1.00, 1.00, 0.00, 0.00, 0.00, 0.00, 1.00, 1.00, 1.00, 0.00, 1.00
641,  0,  21.500,  0.98,  1, 0.28, 0.38, 0.15, 0.00, 2.96, 2.81, 0.00, 1.70, 4.31, 0.57, 0.07, 0.00, 0.00, 0.00, 3.67, 0.05, 0.83, 1.00, 0.00, 0.00, 1.00, 1.00, 1.00, 0.00, 1.00, 1.00, 0.00, 0.00, 0.00, 0.00, 1.00, 1.00, 1.00, 0.00, 1.00
642,  0,  21.533,  0.98,  1, 0.38, 0.54, 0.07, 0.00, 2.95, 2.80, 0.00, 1.75, 4.39, 0.80, 0.07, 0.00, 0.00, 0.00, 3.67, 0.05, 0.61, 1.00, 0.00, 0.00, 1.00, 1.00, 1.00, 0.00, 1.00, 1.00, 0.00, 0.00, 0.00, 0.00, 1.00, 1.00, 1.00, 0.00, 1.00
643,  0,  21.567,  0.98,  1, 0.46, 0.56, 0.09, 0.00, 2.97, 3.06, 0.00, 1.82, 4.36, 0.72, 0.04, 0.04, 0.00, 0.00, 3.72, 0.05, 0.71, 1.00, 0.00, 0.00, 1.00, 1.00, 1.00, 0.00, 1.00, 1.00, 0.00, 0.00, 0.00, 0.00, 1.00, 1.00, 1.00, 0.00, 1.00
644,  0,  21.601,  0.98,  1, 0.45, 0.42, 0.13, 0.00, 2.96, 2.90, 0.00, 1.90, 4.41, 1.05, 0.03, 0.07, 0.00, 0.00, 3.53, 0.19, 0.62, 1.00, 0.00, 0.00, 1.00, 1.00, 1.00, 0.00, 1.00, 1.00, 0.00, 0.00, 0.00, 0.00, 1.00, 1.00, 1.00, 0.00, 1.00
645,  0,  21.634,  0.98,  1, 0.42, 0.18, 0.20, 0.00, 2.94, 2.66, 0.00, 1.86, 4.41, 1.07, 0.03, 0.17, 0.00, 0.00, 3.51, 0.21, 0.36, 1.00, 0.00, 0.00, 1.00, 1.00, 1.00, 0.00, 1.00, 1.00, 0.00, 0.00, 0.00, 0.00, 1.00, 1.00, 1.00, 0.00, 1.00
646,  0,  21.668,  0.98,  1, 0.35, 0.08, 0.21, 0.00, 2.84, 2.35, 0.00, 1.70, 4.46, 1.16, 0.03, 0.29, 0.00, 0.00, 3.67, 0.22, 0.12, 1.00, 0.00, 0.00, 1.00, 1.00, 1.00, 0.00, 1.00, 1.00, 0.00, 0.00, 0.00, 0.00, 1.00, 1.00, 1.00, 0.00, 1.00
647,  0,  21.701,  0.98,  1, 0.33, 0.06, 0.21, 0.00, 2.78, 2.12, 0.00, 1.55, 4.39, 0.96, 0.15, 0.43, 0.00, 0.01, 3.88, 0.11, 0.10, 1.00, 0.00, 0.00, 1.00, 1.00, 1.00, 0.00, 1.00, 1.00, 0.00, 0.00, 0.00, 0.00, 1.00, 1.00, 1.00, 0.00, 1.00
648,  0,  21.735,  0.98,  1, 0.22, 0.06, 0.11, 0.00, 2.73, 2.03, 0.00, 1.44, 4.38, 0.90, 0.33, 0.48, 0.00, 0.01, 4.02, 0.30, 0.32, 1.00, 0.00, 0.00, 1.00, 1.00, 1.00, 0.00, 1.00, 1.00, 0.00, 0.00, 0.00, 0.00, 1.00, 1.00, 1.00, 0.00, 1.00
649,  0,  21.768,  0.98,  1, 0.12, 0.06, 0.06, 0.00, 2.73, 1.90, 0.00, 1.57, 4.38, 0.83, 0.48, 0.31, 0.00, 0.01, 3.91, 0.32, 0.41, 1.00, 0.00, 0.00, 1.00, 1.00, 1.00, 0.00, 1.00, 1.00, 0.00, 0.00, 0.00, 0.00, 1.00, 1.00, 1.00, 0.00, 1.00
650,  0,  21.802,  0.98,  1, 0.00, 0.00, 0.00, 0.00, 2.72, 1.91, 0.00, 1.58, 4.34, 0.69, 0.37, 0.15, 0.00, 0.01, 3.91, 0.24, 0.34, 1.00, 0.00, 0.00, 1.00, 1.00, 1.00, 0.00, 1.00, 1.00, 0.00, 0.00, 0.00, 0.00, 1.00, 1.00, 1.00, 0.00, 1.00
651,  0,  21.836,  0.98,  1, 0.00, 0.00, 0.00, 0.00, 2.67, 1.69, 0.00, 1.58, 4.29, 0.71, 0.18, 0.00, 0.00, 0.05, 3.84, 0.24, 0.08, 1.00, 0.00, 0.00, 1.00, 1.00, 1.00, 0.00, 1.00, 1.00, 0.00, 0.00, 0.00, 0.00, 1.00, 1.00, 1.00, 0.00, 1.00
652,  0,  21.869,  0.98,  1, 0.00, 0.00, 0.00, 0.00, 2.72, 1.83, 0.00, 1.50, 4.25, 0.71, 0.08, 0.07, 0.00, 0.05, 3.74, 0.28, 0.00, 0.00, 0.00, 0.00, 1.00, 1.00, 1.00, 0.00, 1.00, 1.00, 0.00, 0.00, 0.00, 0.00, 0.00, 1.00, 1.00, 0.00, 1.00
653,  0,  21.903,  0.98,  1, 0.00, 0.01, 0.00, 0.00, 2.70, 1.60, 0.00, 1.35, 4.20, 0.69, 0.08, 0.09, 0.00, 0.09, 3.69, 0.38, 0.00, 0.00, 0.00, 0.00, 1.00, 1.00, 1.00, 0.00, 1.00, 1.00, 0.00, 0.00, 0.00, 0.00, 0.00, 1.00, 1.00, 0.00, 1.00
654,  0,  21.936,  0.98,  1, 0.00, 0.01, 0.00, 0.00, 2.81, 1.83, 0.00, 1.43, 4.27, 0.61, 0.08, 0.09, 0.00, 0.04, 3.61, 0.28, 0.06, 0.00, 0.00, 0.00, 1.00, 1.00, 1.00, 0.00, 1.00, 1.00, 0.00, 0.00, 0.00, 0.00, 0.00, 1.00, 1.00, 0.00, 1.00
655,  0,  21.970,  0.98,  1, 0.00, 0.01, 0.00, 0.00, 2.75, 1.75, 0.00, 1.28, 4.18, 0.37, 0.00, 0.05, 0.00, 0.04, 3.73, 0.30, 0.06, 0.00, 0.00, 0.00, 1.00, 1.00, 1.00, 0.00, 1.00, 1.00, 0.00, 0.00, 0.00, 0.00, 0.00, 1.00, 1.00, 0.00, 1.00
656,  0,  22.004,  0.98,  1, 0.00, 0.00, 0.00, 0.00, 2.84, 1.83, 0.00, 1.34, 4.19, 0.54, 0.00, 0.05, 0.00, 0.00, 3.83, 0.39, 0.06, 0.00, 0.00, 0.00, 1.00, 1.00, 1.00, 0.00, 1.00, 1.00, 0.00, 0.00, 0.00, 0.00, 0.00, 1.00, 1.00, 0.00, 1.00
657,  0,  22.037,  0.98,  1, 0.00, 0.00, 0.00, 0.00, 2.79, 1.89, 0.00, 1.40, 4.15, 0.36, 0.00, 0.12, 0.00, 0.00, 4.01, 0.45, 0.00, 0.00, 0.00, 0.00, 1.00, 1.00, 1.00, 0.00, 1.00, 1.00, 0.00, 0.00, 0.00, 0.00, 0.00, 1.00, 1.00, 0.00, 1.00
658,  0,  22.071,  0.98,  1, 0.00, 0.00, 0.00, 0.00, 2.81, 1.85, 0.00, 1.51, 4.19, 0.57, 0.00, 0.09, 0.00, 0.00, 3.97, 0.49, 0.08, 0.00, 0.00, 0.00, 1.00, 1.00, 1.00, 0.00, 1.00, 1.00, 0.00, 0.00, 0.00, 0.00, 1.00, 1.00, 1.00, 0.00, 1.00
659,  0,  22.104,  0.98,  1, 0.00, 0.00, 0.00, 0.00, 2.74, 1.97, 0.00, 1.62, 4.23, 0.44, 0.09, 0.07, 0.00, 0.00, 3.88, 0.39, 0.08, 0.00, 0.00, 0.00, 1.00, 1.00, 1.00, 0.00, 1.00, 1.00, 0.00, 0.00, 0.00, 0.00, 1.00, 1.00, 1.00, 0.00, 1.00
660,  0,  22.138,  0.98,  1, 0.00, 0.00, 0.00, 0.00, 2.74, 1.86, 0.00, 1.67, 4.23, 0.65, 0.09, 0.00, 0.00, 0.00, 3.91, 0.30, 0.12, 0.00, 0.00, 0.00, 1.00, 1.00, 1.00, 0.00, 1.00, 1.00, 0.00, 0.00, 0.00, 0.00, 1.00, 1.00, 1.00, 0.00, 1.00
661,  0,  22.172,  0.98,  1, 0.00, 0.00, 0.00, 0.00, 2.75, 1.77, 0.00, 1.67, 4.23, 0.77, 0.09, 0.02, 0.00, 0.00, 4.02, 0.25, 0.04, 0.00, 0.00, 0.00, 1.00, 1.00, 1.00, 0.00, 1.00, 1.00, 0.00, 0.00, 0.00, 0.00, 1.00, 1.00, 1.00, 0.00, 1.00
662,  0,  22.205,  0.98,  1, 0.00, 0.00, 0.00, 0.00, 2.75, 1.61, 0.00, 1.62, 4.20, 0.79, 0.00, 0.02, 0.00, 0.00, 4.15, 0.14, 0.04, 0.00, 0.00, 0.00, 1.00, 1.00, 1.00, 0.00, 1.00, 1.00, 0.00, 0.00, 0.00, 0.00, 1.00, 1.00, 1.00, 0.00, 1.00
663,  0,  22.239,  0.98,  1, 0.00, 0.00, 0.00, 0.00, 2.73, 1.58, 0.00, 1.48, 4.17, 0.87, 0.00, 0.02, 0.00, 0.00, 4.10, 0.25, 0.04, 0.00, 0.00, 0.00, 1.00, 1.00, 1.00, 0.00, 1.00, 1.00, 0.00, 0.00, 0.00, 0.00, 1.00, 1.00, 1.00, 0.00, 1.00
664,  0,  22.272,  0.98,  1, 0.00, 0.00, 0.00, 0.00, 2.68, 1.51, 0.00, 1.42, 4.21, 0.80, 0.00, 0.00, 0.00, 0.00, 4.10, 0.33, 0.04, 0.00, 0.00, 0.00, 1.00, 1.00, 1.00, 0.00, 1.00, 1.00, 0.00, 0.00, 0.00, 0.00, 1.00, 1.00, 1.00, 0.00, 0.00
665,  0,  22.306,  0.98,  1, 0.00, 0.00, 0.00, 0.00, 2.66, 1.58, 0.00, 1.40, 4.26, 0.79, 0.00, 0.00, 0.00, 0.00, 4.08, 0.46, 0.04, 0.00, 0.00, 0.00, 1.00, 1.00, 0.00, 0.00, 1.00, 1.00, 0.00, 0.00, 0.00, 0.00, 1.00, 1.00, 1.00, 0.00, 0.00
666,  0,  22.340,  0.98,  1, 0.00, 0.00, 0.00, 0.00, 2.68, 1.64, 0.00, 1.46, 4.27, 0.78, 0.00, 0.00, 0.00, 0.00, 4.03, 0.47, 0.10, 0.00, 0.00, 0.00, 1.00, 1.00, 0.00, 0.00, 1.00, 1.00, 0.00, 0.00, 0.00, 0.00, 1.00, 1.00, 1.00, 0.00, 0.00
667,  0,  22.373,  0.98,  1, 0.00, 0.00, 0.00, 0.00, 2.72, 1.73, 0.00, 1.52, 4.32, 0.95, 0.00, 0.00, 0.00, 0.00, 4.05, 0.47, 0.17, 0.00, 0.00, 0.00, 1.00, 1.00, 0.00, 0.00, 1.00, 1.00, 0.00, 0.00, 0.00, 0.00, 1.00, 1.00, 1.00, 0.00, 1.00
668,  0,  22.407,  0.98,  1, 0.00, 0.00, 0.00, 0.00, 2.72, 1.59, 0.00, 1.56, 4.34, 1.04, 0.00, 0.00, 0.00, 0.00, 4.18, 0.50, 0.30, 0.00, 0.00, 0.00, 1.00, 1.00, 0.00, 0.00, 1.00, 1.00, 0.00, 0.00, 0.00, 0.00, 1.00, 1.00, 1.00, 0.00, 1.00
669,  0,  22.440,  0.98,  1, 0.00, 0.00, 0.00, 0.00, 2.63, 1.44, 0.00, 1.51, 4.36, 0.97, 0.00, 0.00, 0.00, 0.00, 4.27, 0.55, 0.22, 0.00, 0.00, 0.00, 1.00, 1.00, 0.00, 0.00, 1.00, 1.00, 0.00, 0.00, 0.00, 0.00, 1.00, 1.00, 1.00, 0.00, 1.00
670,  0,  22.474,  0.98,  1, 0.00, 0.00, 0.00, 0.00, 2.62, 1.53, 0.00, 1.50, 4.37, 0.86, 0.00, 0.00, 0.00, 0.00, 4.34, 0.63, 0.16, 0.00, 0.00, 0.00, 1.00, 1.00, 1.00, 0.00, 1.00, 1.00, 0.00, 0.00, 0.00, 0.00, 1.00, 1.00, 1.00, 0.00, 1.00
671,  0,  22.508,  0.98,  1, 0.00, 0.00, 0.00, 0.00, 2.64, 1.64, 0.00, 1.47, 4.40, 0.91, 0.00, 0.00, 0.00, 0.00, 4.30, 0.63, 0.11, 0.00, 0.00, 0.00, 1.00, 1.00, 0.00, 0.00, 1.00, 1.00, 1.00, 0.00, 0.00, 0.00, 1.00, 1.00, 1.00, 0.00, 1.00
672,  0,  22.541,  0.98,  1, 0.00, 0.00, 0.00, 0.00, 2.67, 1.81, 0.00, 1.54, 4.37, 0.92, 0.00, 0.00, 0.00, 0.00, 4.31, 0.45, 0.08, 0.00, 0.00, 0.00, 1.00, 1.00, 1.00, 0.00, 1.00, 1.00, 1.00, 0.00, 0.00, 0.00, 1.00, 1.00, 1.00, 0.00, 1.00
673,  0,  22.575,  0.98,  1, 0.00, 0.00, 0.00, 0.00, 2.64, 1.69, 0.00, 1.45, 4.33, 0.97, 0.00, 0.00, 0.00, 0.00, 4.19, 0.38, 0.10, 0.00, 0.00, 0.00, 1.00, 1.00, 1.00, 0.00, 1.00, 1.00, 0.00, 0.00, 0.00, 0.00, 1.00, 1.00, 1.00, 0.00, 0.00
674,  0,  22.608,  0.98,  1, 0.00, 0.00, 0.00, 0.00, 2.64, 1.77, 0.00, 1.43, 4.30, 0.96, 0.00, 0.00, 0.00, 0.00, 4.06, 0.32, 0.03, 0.00, 0.00, 0.00, 1.00, 1.00, 1.00, 0.00, 1.00, 1.00, 0.00, 0.00, 0.00, 0.00, 1.00, 1.00, 1.00, 0.00, 0.00
675,  0,  22.642,  0.98,  1, 0.00, 0.00, 0.00, 0.00, 2.65, 1.64, 0.00, 1.35, 4.31, 1.01, 0.00, 0.00, 0.00, 0.00, 3.98, 0.42, 0.08, 0.00, 0.00, 0.00, 1.00, 1.00, 1.00, 0.00, 1.00, 1.00, 0.00, 0.00, 0.00, 0.00, 1.00, 1.00, 1.00, 0.00, 0.00
676,  0,  22.676,  0.98,  1, 0.00, 0.00, 0.00, 0.00, 2.63, 1.73, 0.00, 1.35, 4.32, 0.92, 0.00, 0.00, 0.00, 0.00, 4.08, 0.42, 0.09, 0.00, 0.00, 0.00, 1.00, 1.00, 1.00, 0.00, 1.00, 1.00, 0.00, 0.00, 0.00, 0.00, 0.00, 1.00, 1.00, 0.00, 0.00
677,  0,  22.709,  0.98,  1, 0.00, 0.00, 0.00, 0.00, 2.62, 1.72, 0.00, 1.37, 4.29, 0.82, 0.00, 0.00, 0.00, 0.00, 4.14, 0.40, 0.20, 0.00, 0.00, 0.00, 1.00, 1.00, 0.00, 0.00, 1.00, 1.00, 0.00, 0.00, 0.00, 0.00, 0.00, 1.00, 1.00, 0.00, 0.00
678,  0,  22.743,  0.98,  1, 0.00, 0.00, 0.00, 0.00, 2.49, 1.55, 0.00, 1.38, 4.37, 0.95, 0.00, 0.00, 0.00, 0.00, 4.21, 0.36, 0.14, 0.00, 0.00, 0.00, 1.00, 1.00, 0.00, 0.00, 1.00, 1.00, 0.00, 0.00, 0.00, 0.00, 0.00, 1.00, 1.00, 0.00, 0.00
679,  0,  22.776,  0.98,  1, 0.00, 0.00, 0.00, 0.00, 2.33, 0.96, 0.00, 1.44, 4.39, 1.03, 0.00, 0.00, 0.00, 0.00, 4.16, 0.27, 0.11, 1.00, 0.00, 0.00, 1.00, 1.00, 0.00, 0.00, 1.00, 1.00, 0.00, 0.00, 0.00, 0.00, 0.00, 1.00, 1.00, 0.00, 0.00
680,  0,  22.810,  0.98,  1, 0.07, 0.08, 0.02, 0.00, 2.14, 0.77, 0.00, 1.40, 4.33, 1.11, 0.00, 0.00, 0.00, 0.00, 4.07, 0.29, 0.03, 1.00, 0.00, 0.00, 1.00, 1.00, 0.00, 0.00, 1.00, 1.00, 0.00, 0.00, 0.00, 0.00, 0.00, 1.00, 1.00, 0.00, 0.00
681,  0,  22.843,  0.98,  1, 0.17, 0.23, 0.02, 0.00, 2.07, 0.71, 0.00, 1.44, 4.21, 1.05, 0.01, 0.06, 0.00, 0.00, 3.96, 0.43, 0.03, 1.00, 0.00, 0.00, 1.00, 1.00, 0.00, 0.00, 1.00, 1.00, 0.00, 0.00, 0.00, 0.00, 0.00, 1.00, 1.00, 0.00, 0.00
682,  0,  22.877,  0.93,  1, 0.24, 0.36, 0.02, 0.00, 2.15, 1.13, 0.00, 1.35, 4.14, 0.99, 0.01, 0.06, 0.00, 0.00, 3.93, 0.50, 0.03, 1.00, 0.00, 0.00, 1.00, 1.00, 0.00, 0.00, 1.00, 1.00, 0.00, 0.00, 0.00, 0.00, 0.00, 1.00, 1.00, 0.00, 0.00
683,  0,  22.911,  0.98,  1, 0.18, 0.44, 0.00, 0.00, 2.15, 1.04, 0.00, 1.17, 4.11, 1.07, 0.01, 0.06, 0.00, 0.00, 3.95, 0.50, 0.11, 1.00, 1.00, 0.00, 1.00, 1.00, 1.00, 0.00, 1.00, 1.00, 0.00, 0.00, 0.00, 0.00, 0.00, 1.00, 1.00, 0.00, 0.00
684,  0,  22.944,  0.98,  1, 0.07, 0.39, 0.00, 0.00, 2.11, 0.89, 0.00, 1.11, 4.04, 1.28, 0.00, 0.00, 0.00, 0.00, 3.97, 0.32, 0.11, 1.00, 1.00, 0.00, 1.00, 1.00, 1.00, 0.00, 1.00, 1.00, 0.00, 0.00, 0.00, 0.00, 0.00, 1.00, 1.00, 0.00, 0.00
685,  0,  22.978,  0.98,  1, 0.10, 0.42, 0.00, 0.00, 2.10, 0.64, 0.00, 1.15, 3.95, 1.36, 0.00, 0.00, 0.00, 0.00, 4.00, 0.36, 0.26, 1.00, 1.00, 0.00, 1.00, 1.00, 1.00, 0.00, 1.00, 1.00, 0.00, 0.00, 0.00, 0.00, 0.00, 1.00, 1.00, 0.00, 0.00
686,  0,  23.011,  0.98,  1, 0.21, 0.46, 0.00, 0.00, 2.12, 0.71, 0.00, 1.27, 3.93, 1.09, 0.00, 0.00, 0.00, 0.00, 4.02, 0.33, 0.33, 1.00, 1.00, 0.00, 1.00, 1.00, 1.00, 0.00, 1.00, 1.00, 0.00, 0.00, 0.00, 0.00, 0.00, 1.00, 1.00, 0.00, 0.00
687,  0,  23.045,  0.98,  1, 0.28, 0.45, 0.01, 0.00, 2.12, 1.01, 0.00, 1.21, 3.96, 0.81, 0.00, 0.00, 0.00, 0.00, 3.93, 0.42, 0.45, 1.00, 1.00, 0.00, 1.00, 1.00, 1.00, 0.00, 1.00, 1.00, 0.00, 0.00, 0.00, 0.00, 0.00, 1.00, 1.00, 0.00, 0.00
688,  0,  23.079,  0.98,  1, 0.18, 0.37, 0.01, 0.00, 2.08, 1.38, 0.00, 1.14, 4.00, 0.70, 0.00, 0.00, 0.00, 0.00, 3.81, 0.49, 0.40, 1.00, 1.00, 0.00, 1.00, 1.00, 1.00, 0.00, 1.00, 1.00, 0.00, 0.00, 0.00, 0.00, 0.00, 1.00, 1.00, 0.00, 1.00
689,  0,  23.112,  0.98,  1, 0.07, 0.27, 0.01, 0.00, 2.09, 1.57, 0.00, 1.19, 4.03, 0.93, 0.00, 0.00, 0.00, 0.00, 3.79, 0.60, 0.39, 1.00, 1.00, 0.00, 1.00, 1.00, 1.00, 0.00, 1.00, 1.00, 0.00, 0.00, 0.00, 0.00, 1.00, 1.00, 1.00, 0.00, 1.00
690,  0,  23.146,  0.98,  1, 0.00, 0.35, 0.00, 0.00, 2.17, 1.65, 0.00, 1.21, 4.05, 0.88, 0.00, 0.00, 0.00, 0.00, 3.70, 0.49, 0.35, 1.00, 1.00, 0.00, 1.00, 1.00, 1.00, 0.00, 1.00, 1.00, 0.00, 0.00, 0.00, 0.00, 1.00, 1.00, 1.00, 0.00, 1.00
691,  0,  23.179,  0.98,  1, 0.00, 0.45, 0.00, 0.00, 2.15, 1.54, 0.00, 1.29, 4.03, 0.91, 0.00, 0.00, 0.00, 0.00, 3.70, 0.25, 0.41, 1.00, 0.00, 0.00, 1.00, 1.00, 1.00, 0.00, 1.00, 1.00, 0.00, 0.00, 0.00, 0.00, 1.00, 1.00, 1.00, 0.00, 1.00
692,  0,  23.213,  0.98,  1, 0.00, 0.40, 0.02, 0.00, 2.17, 1.48, 0.00, 1.22, 4.02, 0.79, 0.00, 0.00, 0.00, 0.00, 3.66, 0.26, 0.62, 0.00, 0.00, 0.00, 1.00, 1.00, 1.00, 0.00, 1.00, 1.00, 0.00, 0.00, 0.00, 0.00, 1.00, 1.00, 1.00, 0.00, 1.00
693,  0,  23.247,  0.98,  1, 0.00, 0.35, 0.04, 0.00, 2.18, 1.34, 0.00, 1.33, 4.05, 0.88, 0.00, 0.00, 0.00, 0.00, 3.68, 0.38, 0.73, 0.00, 0.00, 0.00, 1.00, 1.00, 1.00, 0.00, 1.00, 1.00, 0.00, 0.00, 0.00, 0.00, 1.00, 1.00, 1.00, 0.00, 1.00
694,  0,  23.280,  0.98,  1, 0.00, 0.21, 0.04, 0.00, 2.27, 1.24, 0.00, 1.22, 3.96, 0.91, 0.00, 0.00, 0.00, 0.00, 3.62, 0.52, 0.56, 0.00, 0.00, 0.00, 1.00, 1.00, 1.00, 0.00, 1.00, 1.00, 0.00, 0.00, 0.00, 0.00, 1.00, 1.00, 1.00, 0.00, 1.00
695,  0,  23.314,  0.98,  1, 0.00, 0.28, 0.02, 0.00, 2.37, 1.59, 0.00, 1.26, 3.94, 0.88, 0.00, 0.00, 0.00, 0.00, 3.50, 0.58, 0.26, 0.00, 0.00, 0.00, 1.00, 1.00, 1.00, 0.00, 1.00, 1.00, 0.00, 0.00, 0.00, 0.00, 1.00, 1.00, 1.00, 0.00, 1.00
696,  0,  23.347,  0.98,  1, 0.00, 0.15, 0.00, 0.00, 2.42, 1.80, 0.01, 1.08, 3.89, 0.83, 0.00, 0.00, 0.00, 0.00, 3.47, 0.56, 0.27, 0.00, 0.00, 0.00, 1.00, 1.00, 1.00, 0.00, 1.00, 1.00, 1.00, 0.00, 0.00, 0.00, 1.00, 1.00, 1.00, 0.00, 1.00
697,  0,  23.381,  0.98,  1, 0.00, 0.12, 0.00, 0.00, 2.46, 2.10, 0.01, 1.10, 3.98, 0.92, 0.00, 0.00, 0.00, 0.00, 3.53, 0.53, 0.37, 0.00, 0.00, 0.00, 1.00, 1.00, 1.00, 0.00, 1.00, 1.00, 1.00, 0.00, 0.00, 0.00, 0.00, 1.00, 1.00, 0.00, 1.00
698,  0,  23.415,  0.98,  1, 0.00, 0.00, 0.02, 0.00, 2.50, 2.08, 0.02, 1.10, 4.00, 1.09, 0.00, 0.00, 0.00, 0.00, 3.63, 0.48, 0.47, 0.00, 0.00, 0.00, 1.00, 1.00, 1.00, 0.00, 1.00, 1.00, 1.00, 0.00, 0.00, 0.00, 0.00, 1.00, 1.00, 0.00, 1.00
699,  0,  23.448,  0.98,  1, 0.00, 0.00, 0.02, 0.00, 2.56, 2.16, 0.01, 1.19, 4.02, 1.25, 0.00, 0.00, 0.00, 0.00, 3.74, 0.52, 0.51, 0.00, 0.00, 0.00, 1.00, 1.00, 1.00, 0.00, 1.00, 1.00, 1.00, 0.00, 0.00, 0.00, 0.00, 1.00, 1.00, 0.00, 1.00
700,  0,  23.482,  0.98,  1, 0.00, 0.00, 0.02, 0.00, 2.53, 2.01, 0.01, 1.27, 4.01, 1.20, 0.00, 0.00, 0.00, 0.00, 3.71, 0.55, 0.50, 0.00, 0.00, 0.00, 1.00, 1.00, 1.00, 0.00, 1.00, 1.00, 1.00, 0.00, 0.00, 0.00, 0.00, 1.00, 1.00, 0.00, 1.00
701,  0,  23.515,  0.98,  1, 0.00, 0.07, 0.00, 0.00, 2.47, 1.75, 0.00, 1.20, 3.99, 1.12, 0.00, 0.00, 0.00, 0.00, 3.77, 0.46, 0.53, 0.00, 0.00, 0.00, 1.00, 1.00, 1.00, 0.00, 1.00, 1.00, 1.00, 0.00, 0.00, 0.00, 0.00, 1.00, 1.00, 0.00, 1.00
702,  0,  23.549,  0.98,  1, 0.00, 0.10, 0.00, 0.00, 2.41, 1.87, 0.00, 1.22, 4.00, 0.99, 0.00, 0.00, 0.00, 0.00, 3.78, 0.33, 0.47, 0.00, 0.00, 0.00, 1.00, 1.00, 1.00, 0.00, 1.00, 1.00, 1.00, 0.00, 0.00, 0.00, 0.00, 1.00, 1.00, 0.00, 1.00
703,  0,  23.583,  0.98,  1, 0.00, 0.10, 0.00, 0.00, 2.42, 1.93, 0.00, 1.19, 4.00, 0.95, 0.00, 0.00, 0.00, 0.00, 3.78, 0.23, 0.49, 0.00, 0.00, 0.00, 1.00, 1.00, 1.00, 0.00, 1.00, 1.00, 1.00, 0.00, 0.00, 0.00, 0.00, 1.00, 1.00, 0.00, 1.00
704,  0,  23.616,  0.98,  1, 0.00, 0.03, 0.00, 0.00, 2.41, 1.94, 0.00, 1.27, 4.00, 0.89, 0.00, 0.00, 0.00, 0.00, 3.77, 0.28, 0.52, 0.00, 0.00, 0.00, 1.00, 1.00, 1.00, 0.00, 1.00, 1.00, 1.00, 0.00, 0.00, 0.00, 0.00, 1.00, 1.00, 0.00, 1.00
705,  0,  23.650,  0.98,  1, 0.00, 0.00, 0.03, 0.00, 2.44, 1.79, 0.02, 1.35, 4.04, 0.79, 0.00, 0.03, 0.00, 0.00, 3.74, 0.47, 0.36, 0.00, 0.00, 0.00, 1.00, 1.00, 1.00, 0.00, 1.00, 1.00, 0.00, 0.00, 0.00, 0.00, 0.00, 1.00, 1.00, 0.00, 1.00
706,  0,  23.683,  0.98,  1, 0.01, 0.04, 0.06, 0.00, 2.37, 1.91, 0.02, 1.31, 3.97, 0.86, 0.19, 0.03, 0.00, 0.00, 3.70, 0.51, 0.52, 0.00, 0.00, 0.00, 1.00, 1.00, 1.00, 0.00, 1.00, 1.00, 0.00, 0.00, 0.00, 0.00, 0.00, 1.00, 1.00, 0.00, 1.00
707,  0,  23.717,  0.98,  1, 0.01, 0.06, 0.06, 0.00, 2.31, 1.62, 0.02, 1.26, 3.95, 0.78, 0.19, 0.10, 0.00, 0.00, 3.60, 0.52, 0.34, 1.00, 0.00, 0.00, 1.00, 1.00, 1.00, 0.00, 1.00, 1.00, 0.00, 0.00, 0.00, 0.00, 0.00, 1.00, 1.00, 0.00, 1.00
708,  0,  23.750,  0.98,  1, 0.01, 0.06, 0.02, 0.00, 2.20, 1.27, 0.01, 1.26, 3.86, 0.81, 0.19, 0.11, 0.00, 0.00, 3.56, 0.32, 0.45, 1.00, 0.00, 0.00, 1.00, 1.00, 1.00, 0.00, 1.00, 1.00, 0.00, 0.00, 0.00, 0.00, 0.00, 1.00, 1.00, 0.00, 0.00
709,  0,  23.784,  0.98,  1, 0.00, 0.01, 0.00, 0.00, 2.19, 0.97, 0.01, 1.30, 3.90, 0.86, 0.00, 0.11, 0.00, 0.00, 3.60, 0.32, 0.26, 1.00, 1.00, 0.00, 1.00, 1.00, 1.00, 0.00, 1.00, 1.00, 0.00, 0.00, 0.00, 0.00, 0.00, 1.00, 1.00, 0.00, 0.00
710,  0,  23.818,  0.98,  1, 0.00, 0.03, 0.00, 0.03, 2.23, 1.18, 0.01, 1.38, 3.98, 1.09, 0.00, 0.03, 0.00, 0.00, 3.81, 0.31, 0.19, 1.00, 1.00, 0.00, 1.00, 1.00, 1.00, 0.00, 1.00, 1.00, 0.00, 0.00, 0.00, 0.00, 0.00, 1.00, 1.00, 0.00, 0.00
711,  0,  23.851,  0.98,  1, 0.00, 0.03, 0.00, 0.03, 2.19, 1.38, 0.00, 1.35, 4.01, 1.18, 0.00, 0.00, 0.00, 0.00, 3.87, 0.28, 0.26, 1.00, 1.00, 0.00, 1.00, 1.00, 1.00, 0.00, 1.00, 1.00, 0.00, 0.00, 0.00, 0.00, 1.00, 1.00, 1.00, 0.00, 0.00
712,  0,  23.885,  0.98,  1, 0.03, 0.05, 0.00, 0.07, 2.14, 1.45, 0.00, 1.33, 4.09, 1.14, 0.00, 0.00, 0.00, 0.00, 3.79, 0.28, 0.19, 1.00, 0.00, 0.00, 1.00, 1.00, 0.00, 0.00, 1.00, 1.00, 0.00, 0.00, 0.00, 0.00, 1.00, 1.00, 1.00, 0.00, 0.00
713,  0,  23.918,  0.98,  1, 0.03, 0.08, 0.00, 0.13, 2.08, 1.36, 0.00, 1.27, 4.10, 0.99, 0.00, 0.00, 0.00, 0.00, 3.64, 0.20, 0.19, 1.00, 0.00, 0.00, 1.00, 1.00, 0.00, 0.00, 1.00, 1.00, 0.00, 0.00, 0.00, 0.00, 1.00, 1.00, 1.00, 0.00, 0.00
714,  0,  23.952,  0.98,  1, 0.03, 0.08, 0.00, 0.13, 2.09, 1.04, 0.00, 1.21, 4.14, 0.99, 0.00, 0.00, 0.00, 0.00, 3.64, 0.29, 0.00, 1.00, 0.00, 0.00, 1.00, 1.00, 0.00, 0.00, 1.00, 1.00, 0.00, 0.00, 0.00, 0.00, 1.00, 1.00, 1.00, 0.00, 0.00
715,  0,  23.986,  0.98,  1, 0.00, 0.07, 0.00, 0.10, 2.17, 0.98, 0.00, 1.28, 4.13, 0.85, 0.00, 0.03, 0.00, 0.00, 3.73, 0.48, 0.09, 1.00, 0.00, 0.00, 1.00, 1.00, 0.00, 0.00, 1.00, 1.00, 0.00, 0.00, 0.00, 0.00, 1.00, 1.00, 1.00, 0.00, 0.00
716,  0,  24.019,  0.98,  1, 0.00, 0.00, 0.00, 0.09, 2.16, 0.83, 0.00, 1.31, 4.09, 0.98, 0.00, 0.03, 0.00, 0.00, 3.73, 0.49, 0.09, 1.00, 0.00, 0.00, 1.00, 1.00, 0.00, 0.00, 1.00, 1.00, 0.00, 0.00, 0.00, 0.00, 1.00, 1.00, 1.00, 0.00, 0.00
717,  0,  24.053,  0.98,  1, 0.00, 0.00, 0.00, 0.15, 2.11, 0.94, 0.00, 1.36, 4.01, 1.02, 0.00, 0.03, 0.00, 0.00, 3.87, 0.55, 0.10, 1.00, 0.00, 0.00, 1.00, 1.00, 0.00, 0.00, 1.00, 1.00, 0.00, 0.00, 0.00, 0.00, 1.00, 1.00, 1.00, 0.00, 0.00
718,  0,  24.086,  0.98,  1, 0.00, 0.00, 0.00, 0.15, 2.05, 0.85, 0.00, 1.28, 3.95, 1.09, 0.00, 0.00, 0.00, 0.00, 3.95, 0.48, 0.01, 1.00, 0.00, 0.00, 1.00, 1.00, 0.00, 0.00, 1.00, 1.00, 0.00, 0.00, 0.00, 0.00, 1.00, 1.00, 1.00, 0.00, 0.00
719,  0,  24.120,  0.98,  1, 0.00, 0.00, 0.00, 0.06, 2.00, 1.01, 0.00, 1.26, 3.95, 1.01, 0.00, 0.00, 0.00, 0.00, 4.05, 0.58, 0.07, 1.00, 0.00, 0.00, 1.00, 1.00, 0.00, 0.00, 1.00, 1.00, 0.00, 0.00, 0.00, 0.00, 1.00, 1.00, 1.00, 0.00, 0.00
720,  0,  24.154,  0.98,  1, 0.00, 0.00, 0.00, 0.00, 2.05, 0.92, 0.00, 1.20, 3.96, 0.94, 0.00, 0.00, 0.00, 0.00, 4.05, 0.52, 0.06, 0.00, 0.00, 0.00, 1.00, 1.00, 0.00, 0.00, 1.00, 1.00, 0.00, 0.00, 0.00, 0.00, 1.00, 1.00, 1.00, 0.00, 0.00
721,  0,  24.187,  0.98,  1, 0.00, 0.00, 0.00, 0.00, 2.04, 0.89, 0.00, 1.25, 4.04, 1.02, 0.00, 0.00, 0.00, 0.00, 4.05, 0.33, 0.06, 0.00, 0.00, 0.00, 1.00, 1.00, 0.00, 0.00, 1.00, 1.00, 0.00, 0.00, 0.00, 0.00, 1.00, 1.00, 1.00, 0.00, 0.00
722,  0,  24.221,  0.98,  1, 0.00, 0.00, 0.00, 0.00, 2.03, 0.98, 0.00, 1.11, 4.05, 1.01, 0.00, 0.00, 0.00, 0.00, 4.03, 0.24, 0.07, 0.00, 0.00, 0.00, 1.00, 1.00, 0.00, 0.00, 1.00, 1.00, 0.00, 0.00, 0.00, 0.00, 1.00, 1.00, 1.00, 0.00, 0.00
723,  0,  24.254,  0.98,  1, 0.00, 0.00, 0.00, 0.00, 2.02, 1.11, 0.00, 1.04, 4.08, 1.02, 0.00, 0.00, 0.00, 0.00, 3.94, 0.19, 0.13, 0.00, 0.00, 0.00, 1.00, 1.00, 0.00, 0.00, 1.00, 1.00, 0.00, 0.00, 0.00, 0.00, 1.00, 1.00, 1.00, 0.00, 0.00
724,  0,  24.288,  0.98,  1, 0.00, 0.00, 0.00, 0.00, 2.00, 1.16, 0.00, 0.92, 4.04, 0.99, 0.00, 0.00, 0.00, 0.00, 3.87, 0.21, 0.20, 0.00, 0.00, 0.00, 1.00, 1.00, 0.00, 0.00, 1.00, 1.00, 0.00, 0.00, 0.00, 0.00, 1.00, 1.00, 1.00, 0.00, 0.00
725,  0,  24.322,  0.98,  1, 0.00, 0.00, 0.00, 0.00, 2.02, 1.10, 0.00, 0.96, 3.98, 0.93, 0.00, 0.00, 0.00, 0.00, 3.84, 0.17, 0.14, 0.00, 0.00, 0.00, 1.00, 1.00, 0.00, 0.00, 1.00, 1.00, 0.00, 0.00, 0.00, 0.00, 0.00, 1.00, 1.00, 0.00, 0.00
726,  0,  24.355,  0.98,  1, 0.00, 0.00, 0.00, 0.00, 2.01, 1.16, 0.00, 0.97, 3.93, 0.89, 0.00, 0.00, 0.00, 0.00, 3.89, 0.13, 0.08, 0.00, 0.00, 0.00, 1.00, 1.00, 0.00, 0.00, 1.00, 1.00, 0.00, 0.00, 0.00, 0.00, 0.00, 1.00, 1.00, 0.00, 0.00
727,  0,  24.389,  0.98,  1, 0.00, 0.00, 0.00, 0.00, 2.06, 1.20, 0.00, 0.98, 3.92, 0.93, 0.00, 0.00, 0.00, 0.00, 3.98, 0.21, 0.17, 0.00, 0.00, 0.00, 1.00, 1.00, 0.00, 0.00, 1.00, 1.00, 0.00, 0.00, 0.00, 0.00, 0.00, 1.00, 1.00, 0.00, 0.00
728,  0,  24.422,  0.98,  1, 0.00, 0.00, 0.01, 0.00, 2.11, 1.19, 0.00, 1.07, 3.93, 1.08, 0.00, 0.00, 0.00, 0.00, 3.94, 0.20, 0.18, 0.00, 0.00, 0.00, 1.00, 1.00, 0.00, 0.00, 1.00, 1.00, 0.00, 0.00, 0.00, 0.00, 0.00, 1.00, 1.00, 0.00, 0.00
729,  0,  24.456,  0.98,  1, 0.00, 0.00, 0.01, 0.00, 2.19, 1.35, 0.00, 1.17, 3.97, 1.28, 0.00, 0.00, 0.00, 0.00, 3.83, 0.31, 0.18, 0.00, 0.00, 0.00, 1.00, 1.00, 0.00, 0.00, 1.00, 1.00, 0.00, 0.00, 0.00, 0.00, 0.00, 1.00, 1.00, 0.00, 0.00
730,  0,  24.490,  0.98,  1, 0.00, 0.00, 0.01, 0.00, 2.22, 1.40, 0.00, 1.31, 3.93, 1.22, 0.00, 0.00, 0.00, 0.00, 3.61, 0.32, 0.03, 0.00, 0.00, 0.00, 1.00, 1.00, 0.00, 0.00, 1.00, 1.00, 0.00, 0.00, 0.00, 0.00, 0.00, 1.00, 1.00, 0.00, 0.00
731,  0,  24.523,  0.98,  1, 0.00, 0.00, 0.00, 0.00, 2.25, 1.53, 0.00, 1.25, 3.92, 1.25, 0.00, 0.00, 0.00, 0.00, 3.50, 0.43, 0.00, 0.00, 0.00, 0.00, 1.00, 1.00, 0.00, 0.00, 1.00, 1.00, 0.00, 0.00, 0.00, 0.00, 1.00, 1.00, 1.00, 0.00, 0.00
732,  0,  24.557,  0.98,  1, 0.00, 0.00, 0.00, 0.00, 2.30, 1.59, 0.00, 1.23, 3.91, 1.13, 0.00, 0.00, 0.00, 0.00, 3.45, 0.44, 0.00, 0.00, 0.00, 0.00, 1.00, 1.00, 1.00, 0.00, 1.00, 1.00, 0.00, 0.00, 0.00, 0.00, 1.00, 1.00, 1.00, 0.00, 0.00
733,  0,  24.590,  0.98,  1, 0.00, 0.00, 0.00, 0.00, 2.36, 1.68, 0.00, 1.15, 3.96, 1.14, 0.00, 0.00, 0.00, 0.00, 3.48, 0.47, 0.00, 0.00, 0.00, 0.00, 1.00, 1.00, 1.00, 0.00, 1.00, 1.00, 0.00, 0.00, 0.00, 0.00, 1.00, 1.00, 1.00, 0.00, 0.00
734,  0,  24.624,  0.98,  1, 0.00, 0.00, 0.00, 0.00, 2.36, 1.69, 0.00, 1.15, 3.92, 0.92, 0.00, 0.00, 0.00, 0.00, 3.60, 0.49, 0.00, 0.00, 0.00, 0.00, 1.00, 1.00, 1.00, 0.00, 1.00, 1.00, 0.00, 0.00, 0.00, 0.00, 1.00, 1.00, 1.00, 0.00, 0.00
735,  0,  24.658,  0.98,  1, 0.00, 0.00, 0.00, 0.00, 2.32, 1.55, 0.00, 1.08, 3.86, 0.83, 0.00, 0.00, 0.00, 0.00, 3.75, 0.54, 0.00, 0.00, 0.00, 0.00, 1.00, 1.00, 0.00, 0.00, 1.00, 1.00, 0.00, 0.00, 0.00, 0.00, 1.00, 1.00, 1.00, 0.00, 0.00
736,  0,  24.691,  0.98,  1, 0.00, 0.00, 0.00, 0.00, 2.29, 1.52, 0.00, 1.14, 3.78, 0.79, 0.00, 0.00, 0.00, 0.00, 3.86, 0.58, 0.19, 1.00, 0.00, 0.00, 1.00, 1.00, 1.00, 0.00, 1.00, 1.00, 0.00, 0.00, 0.00, 0.00, 1.00, 1.00, 1.00, 0.00, 0.00
737,  0,  24.725,  0.98,  1, 0.00, 0.00, 0.00, 0.00, 2.27, 1.36, 0.00, 1.19, 3.80, 0.85, 0.00, 0.00, 0.00, 0.00, 3.86, 0.61, 0.26, 1.00, 0.00, 0.00, 1.00, 1.00, 1.00, 0.00, 1.00, 1.00, 0.00, 0.00, 0.00, 0.00, 1.00, 1.00, 1.00, 0.00, 0.00
738,  0,  24.758,  0.98,  1, 0.00, 0.04, 0.00, 0.00, 2.26, 1.42, 0.00, 1.25, 3.84, 0.87, 0.00, 0.00, 0.00, 0.00, 3.91, 0.58, 0.39, 1.00, 0.00, 0.00, 1.00, 1.00, 1.00, 0.00, 1.00, 1.00, 0.00, 0.00, 0.00, 0.00, 1.00, 1.00, 1.00, 0.00, 0.00
739,  0,  24.792,  0.98,  1, 0.00, 0.05, 0.00, 0.00, 2.19, 1.34, 0.00, 1.15, 3.88, 0.96, 0.00, 0.00, 0.00, 0.00, 4.04, 0.38, 0.34, 1.00, 0.00, 0.00, 1.00, 1.00, 1.00, 0.00, 1.00, 1.00, 0.00, 0.00, 0.00, 0.00, 1.00, 1.00, 1.00, 0.00, 0.00
740,  0,  24.825,  0.98,  1, 0.02, 0.05, 0.07, 0.00, 2.16, 1.30, 0.00, 1.11, 3.87, 0.99, 0.00, 0.00, 0.00, 0.00, 3.93, 0.16, 0.43, 1.00, 0.00, 0.00, 1.00, 1.00, 1.00, 0.00, 1.00, 1.00, 0.00, 0.00, 0.00, 0.00, 1.00, 1.00, 1.00, 0.00, 0.00
741,  0,  24.859,  0.98,  1, 0.04, 0.05, 0.07, 0.00, 2.07, 1.09, 0.00, 1.12, 3.82, 1.07, 0.00, 0.00, 0.00, 0.00, 3.73, 0.04, 0.47, 1.00, 0.00, 0.00, 1.00, 1.00, 1.00, 0.00, 1.00, 1.00, 0.00, 0.00, 0.00, 0.00, 1.00, 1.00, 1.00, 0.00, 0.00
742,  0,  24.893,  0.98,  1, 0.04, 0.03, 0.07, 0.00, 2.03, 1.08, 0.00, 1.05, 3.75, 1.00, 0.00, 0.00, 0.00, 0.00, 3.49, 0.18, 0.45, 1.00, 0.00, 0.00, 1.00, 1.00, 1.00, 0.00, 1.00, 1.00, 0.00, 0.00, 0.00, 0.00, 1.00, 1.00, 1.00, 0.00, 1.00
743,  0,  24.926,  0.98,  1, 0.03, 0.06, 0.00, 0.00, 1.95, 0.94, 0.00, 0.92, 3.67, 1.05, 0.00, 0.00, 0.00, 0.00, 3.43, 0.16, 0.37, 1.00, 0.00, 0.00, 1.00, 1.00, 1.00, 0.00, 1.00, 1.00, 0.00, 0.00, 0.00, 0.00, 1.00, 1.00, 1.00, 0.00, 1.00
744,  0,  24.960,  0.98,  1, 0.00, 0.04, 0.00, 0.00, 1.94, 0.99, 0.00, 0.75, 3.65, 0.98, 0.00, 0.03, 0.00, 0.00, 3.36, 0.23, 0.27, 1.00, 1.00, 0.00, 1.00, 1.00, 1.00, 0.00, 1.00, 1.00, 0.00, 0.00, 0.00, 0.00, 1.00, 1.00, 1.00, 0.00, 1.00
745,  0,  24.993,  0.98,  1, 0.00, 0.04, 0.00, 0.00, 1.88, 0.99, 0.00, 0.69, 3.65, 0.86, 0.00, 0.04, 0.00, 0.00, 3.25, 0.09, 0.22, 1.00, 1.00, 0.00, 1.00, 1.00, 1.00, 0.00, 1.00, 1.00, 0.00, 0.00, 0.00, 0.00, 1.00, 1.00, 1.00, 0.00, 0.00
746,  0,  25.027,  0.98,  1, 0.00, 0.01, 0.00, 0.05, 1.85, 0.95, 0.00, 0.74, 3.66, 0.87, 0.00, 0.07, 0.00, 0.00, 3.19, 0.09, 0.14, 1.00, 1.00, 0.00, 1.00, 1.00, 1.00, 0.00, 1.00, 1.00, 0.00, 0.00, 0.00, 0.00, 1.00, 1.00, 1.00, 0.00, 0.00
747,  0,  25.061,  0.98,  1, 0.00, 0.02, 0.06, 0.05, 1.83, 0.86, 0.00, 0.79, 3.66, 0.93, 0.00, 0.17, 0.00, 0.00, 3.16, 0.03, 0.19, 1.00, 1.00, 0.00, 1.00, 1.00, 1.00, 0.00, 1.00, 1.00, 0.00, 0.00, 0.00, 0.00, 1.00, 1.00, 1.00, 0.00, 0.00
748,  0,  25.094,  0.98,  1, 0.00, 0.05, 0.06, 0.05, 1.85, 0.73, 0.00, 0.83, 3.59, 1.07, 0.00, 0.20, 0.00, 0.00, 3.22, 0.05, 0.11, 1.00, 1.00, 0.00, 1.00, 1.00, 1.00, 0.00, 1.00, 1.00, 0.00, 0.00, 0.00, 0.00, 1.00, 1.00, 1.00, 0.00, 0.00
749,  0,  25.128,  0.98,  1, 0.00, 0.05, 0.06, 0.00, 1.91, 0.81, 0.00, 0.82, 3.56, 1.07, 0.00, 0.17, 0.00, 0.00, 3.24, 0.05, 0.14, 1.00, 1.00, 0.00, 1.00, 1.00, 1.00, 0.00, 1.00, 1.00, 0.00, 0.00, 0.00, 0.00, 1.00, 1.00, 1.00, 0.00, 0.00
750,  0,  25.161,  0.98,  1, 0.00, 0.03, 0.00, 0.00, 1.89, 1.02, 0.00, 0.80, 3.43, 1.09, 0.00, 0.05, 0.00, 0.00, 3.12, 0.11, 0.02, 1.00, 1.00, 0.00, 1.00, 1.00, 1.00, 0.00, 1.00, 1.00, 0.00, 0.00, 0.00, 0.00, 1.00, 1.00, 1.00, 0.00, 0.00
751,  0,  25.195,  0.98,  1, 0.00, 0.00, 0.00, 0.00, 1.84, 1.23, 0.00, 0.84, 3.33, 1.17, 0.00, 0.00, 0.00, 0.00, 3.07, 0.09, 0.02, 1.00, 1.00, 0.00, 1.00, 1.00, 1.00, 0.00, 1.00, 1.00, 0.00, 0.00, 0.00, 0.00, 1.00, 1.00, 1.00, 0.00, 0.00
752,  0,  25.229,  0.98,  1, 0.00, 0.00, 0.00, 0.05, 1.73, 1.40, 0.00, 0.84, 3.18, 1.09, 0.00, 0.00, 0.00, 0.00, 2.91, 0.09, 0.00, 1.00, 1.00, 0.00, 1.00, 1.00, 1.00, 0.00, 1.00, 1.00, 0.00, 0.00, 0.00, 0.00, 1.00, 1.00, 1.00, 0.00, 0.00
753,  0,  25.262,  0.98,  1, 0.00, 0.00, 0.00, 0.05, 1.63, 1.30, 0.00, 0.86, 3.08, 1.03, 0.00, 0.04, 0.00, 0.00, 2.84, 0.00, 0.00, 1.00, 0.00, 0.00, 1.00, 1.00, 1.00, 0.00, 1.00, 1.00, 0.00, 0.00, 0.00, 0.00, 1.00, 1.00, 1.00, 0.00, 0.00
754,  0,  25.296,  0.98,  1, 0.04, 0.07, 0.00, 0.05, 1.52, 1.20, 0.03, 0.89, 2.98, 0.93, 0.00, 0.04, 0.01, 0.00, 2.71, 0.10, 0.00, 1.00, 0.00, 0.00, 1.00, 1.00, 1.00, 0.00, 1.00, 1.00, 0.00, 0.00, 0.00, 0.00, 1.00, 1.00, 1.00, 0.00, 0.00
755,  0,  25.329,  0.98,  1, 0.05, 0.16, 0.01, 0.06, 1.43, 1.06, 0.03, 0.88, 2.86, 0.81, 0.00, 0.22, 0.08, 0.00, 2.74, 0.24, 0.00, 1.00, 0.00, 0.00, 1.00, 1.00, 1.00, 0.00, 1.00, 1.00, 0.00, 0.00, 0.00, 0.00, 1.00, 1.00, 0.00, 0.00, 0.00
756,  0,  25.363,  0.98,  1, 0.06, 0.16, 0.02, 0.09, 1.41, 0.80, 0.05, 0.98, 2.74, 0.87, 0.00, 0.29, 0.20, 0.00, 2.74, 0.36, 0.00, 1.00, 0.00, 0.00, 1.00, 1.00, 1.00, 0.00, 1.00, 1.00, 0.00, 0.00, 0.00, 0.00, 1.00, 1.00, 0.00, 0.00, 0.00
757,  0,  25.397,  0.98,  1, 0.03, 0.09, 0.05, 0.10, 1.40, 0.67, 0.04, 0.93, 2.63, 0.83, 0.00, 0.31, 0.19, 0.00, 2.70, 0.37, 0.00, 1.00, 0.00, 0.00, 1.00, 1.00, 1.00, 0.00, 1.00, 1.00, 0.00, 0.00, 0.00, 0.00, 1.00, 1.00, 0.00, 0.00, 0.00
758,  0,  25.430,  0.98,  1, 0.01, 0.00, 0.06, 0.04, 1.34, 0.47, 0.04, 0.91, 2.56, 0.91, 0.00, 0.23, 0.13, 0.00, 2.58, 0.37, 0.00, 0.00, 0.00, 0.00, 1.00, 1.00, 1.00, 0.00, 1.00, 1.00, 0.00, 0.00, 0.00, 0.00, 1.00, 1.00, 0.00, 0.00, 0.00
759,  0,  25.464,  0.98,  1, 0.01, 0.02, 0.17, 0.01, 1.28, 0.66, 0.02, 0.88, 2.49, 0.80, 0.06, 0.18, 0.01, 0.00, 2.67, 0.25, 0.00, 0.00, 0.00, 0.00, 1.00, 1.00, 1.00, 0.00, 1.00, 1.00, 0.00, 1.00, 0.00, 0.00, 1.00, 1.00, 1.00, 0.00, 0.00
760,  0,  25.497,  0.98,  1, 0.01, 0.02, 0.24, 0.00, 1.25, 0.86, 0.00, 0.89, 2.46, 0.72, 0.14, 0.26, 0.16, 0.00, 2.62, 0.14, 0.00, 0.00, 0.00, 0.00, 1.00, 1.00, 1.00, 0.00, 1.00, 1.00, 0.00, 1.00, 0.00, 0.00, 1.00, 1.00, 1.00, 0.00, 0.00
761,  0,  25.531,  0.98,  1, 0.11, 0.03, 0.37, 0.00, 1.29, 1.33, 0.05, 1.08, 2.50, 0.74, 0.38, 0.36, 0.19, 0.00, 2.62, 0.00, 0.00, 0.00, 0.00, 0.00, 1.00, 1.00, 1.00, 0.00, 1.00, 1.00, 0.00, 1.00, 0.00, 0.00, 1.00, 1.00, 1.00, 0.00, 0.00
762,  0,  25.565,  0.98,  1, 0.18, 0.15, 0.31, 0.00, 1.27, 1.17, 0.11, 1.10, 2.49, 0.78, 0.38, 0.49, 0.28, 0.00, 2.45, 0.10, 0.12, 0.00, 0.00, 0.00, 1.00, 1.00, 1.00, 0.00, 1.00, 1.00, 0.00, 1.00, 0.00, 0.00, 1.00, 1.00, 1.00, 0.00, 0.00
763,  0,  25.598,  0.98,  1, 0.27, 0.15, 0.21, 0.00, 1.21, 1.06, 0.12, 1.22, 2.53, 0.81, 0.41, 0.60, 0.13, 0.00, 2.46, 0.20, 0.21, 0.00, 0.00, 0.00, 1.00, 1.00, 1.00, 0.00, 1.00, 1.00, 1.00, 1.00, 0.00, 0.00, 1.00, 1.00, 1.00, 0.00, 0.00
764,  0,  25.632,  0.98,  1, 0.19, 0.21, 0.14, 0.00, 1.12, 0.76, 0.07, 1.21, 2.45, 0.89, 0.17, 0.54, 0.18, 0.00, 2.55, 0.51, 0.38, 0.00, 0.00, 0.00, 1.00, 0.00, 1.00, 0.00, 1.00, 1.00, 1.00, 1.00, 0.00, 1.00, 1.00, 1.00, 1.00, 0.00, 1.00
765,  0,  25.665,  0.98,  1, 0.12, 0.07, 0.15, 0.00, 1.09, 0.73, 0.05, 1.23, 2.45, 0.93, 0.11, 0.52, 0.28, 0.00, 2.62, 0.56, 0.29, 0.00, 1.00, 0.00, 1.00, 0.00, 1.00, 0.00, 1.00, 1.00, 1.00, 1.00, 0.00, 1.00, 1.00, 1.00, 1.00, 0.00, 1.00
766,  0,  25.699,  0.98,  1, 0.04, 0.13, 0.21, 0.00, 1.09, 0.70, 0.11, 1.05, 2.41, 1.04, 0.00, 0.42, 0.44, 0.00, 2.68, 0.71, 0.25, 0.00, 1.00, 0.00, 1.00, 0.00, 1.00, 0.00, 1.00, 1.00, 1.00, 1.00, 0.00, 1.00, 1.00, 1.00, 1.00, 0.00, 1.00
767,  0,  25.732,  0.98,  1, 0.05, 0.06, 0.23, 0.00, 1.09, 0.73, 0.19, 0.93, 2.38, 1.02, 0.00, 0.38, 0.52, 0.00, 2.60, 0.64, 0.10, 0.00, 0.00, 0.00, 1.00, 0.00, 1.00, 0.00, 1.00, 1.00, 1.00, 1.00, 0.00, 1.00, 1.00, 1.00, 1.00, 0.00, 1.00
768,  0,  25.766,  0.98,  1, 0.05, 0.06, 0.28, 0.00, 1.10, 0.86, 0.16, 0.90, 2.33, 1.04, 0.00, 0.37, 0.50, 0.00, 2.53, 0.79, 0.21, 0.00, 1.00, 0.00, 1.00, 0.00, 1.00, 0.00, 1.00, 1.00, 1.00, 1.00, 0.00, 1.00, 1.00, 1.00, 1.00, 0.00, 1.00
769,  0,  25.800,  0.98,  1, 0.06, 0.00, 0.35, 0.00, 1.12, 0.99, 0.19, 1.03, 2.28, 1.05, 0.00, 0.38, 0.50, 0.00, 2.52, 0.78, 0.27, 0.00, 0.00, 0.00, 1.00, 0.00, 1.00, 0.00, 1.00, 1.00, 1.00, 1.00, 0.00, 1.00, 1.00, 1.00, 1.00, 0.00, 1.00
770,  0,  25.833,  0.98,  1, 0.03, 0.00, 0.27, 0.00, 1.13, 1.08, 0.19, 1.10, 2.28, 0.99, 0.00, 0.45, 0.41, 0.00, 2.45, 0.86, 0.45, 0.00, 1.00, 0.00, 1.00, 0.00, 1.00, 0.00, 1.00, 1.00, 1.00, 1.00, 0.00, 1.00, 1.00, 1.00, 1.00, 0.00, 1.00
771,  0,  25.867,  0.98,  1, 0.01, 0.04, 0.16, 0.00, 1.18, 1.43, 0.20, 1.09, 2.32, 0.87, 0.00, 0.52, 0.27, 0.00, 2.31, 0.81, 0.46, 0.00, 1.00, 0.00, 1.00, 0.00, 1.00, 0.00, 1.00, 1.00, 1.00, 0.00, 0.00, 1.00, 1.00, 1.00, 1.00, 0.00, 1.00
772,  0,  25.900,  0.98,  1, 0.00, 0.04, 0.14, 0.00, 1.24, 1.57, 0.23, 1.07, 2.32, 0.89, 0.00, 0.43, 0.18, 0.00, 2.26, 0.99, 0.50, 0.00, 0.00, 0.00, 1.00, 1.00, 1.00, 0.00, 1.00, 1.00, 1.00, 0.00, 0.00, 1.00, 1.00, 1.00, 1.00, 0.00, 1.00
773,  0,  25.934,  0.98,  1, 0.04, 0.04, 0.20, 0.00, 1.27, 1.47, 0.26, 0.95, 2.33, 0.98, 0.06, 0.42, 0.16, 0.00, 2.21, 0.92, 0.49, 0.00, 1.00, 0.00, 1.00, 1.00, 1.00, 0.00, 1.00, 1.00, 1.00, 0.00, 0.00, 0.00, 1.00, 1.00, 1.00, 0.00, 1.00
774,  0,  25.968,  0.98,  1, 0.04, 0.00, 0.21, 0.00, 1.27, 1.27, 0.30, 0.93, 2.37, 1.14, 0.06, 0.31, 0.14, 0.00, 2.25, 0.86, 0.43, 0.00, 1.00, 0.00, 1.00, 1.00, 1.00, 0.00, 1.00, 1.00, 1.00, 0.00, 0.00, 0.00, 1.00, 1.00, 0.00, 0.00, 1.00
775,  0,  26.001,  0.98,  1, 0.04, 0.02, 0.23, 0.00, 1.25, 1.22, 0.20, 0.78, 2.43, 1.27, 0.06, 0.48, 0.11, 0.00, 2.15, 0.67, 0.40, 0.00, 0.00, 0.00, 1.00, 1.00, 1.00, 0.00, 1.00, 1.00, 1.00, 0.00, 0.00, 1.00, 1.00, 1.00, 0.00, 0.00, 1.00
776,  0,  26.035,  0.98,  1, 0.00, 0.02, 0.14, 0.00, 1.27, 1.51, 0.14, 0.81, 2.48, 1.33, 0.00, 0.56, 0.09, 0.00, 2.13, 0.69, 0.28, 0.00, 0.00, 0.00, 1.00, 1.00, 1.00, 0.00, 1.00, 1.00, 1.00, 0.00, 0.00, 1.00, 1.00, 1.00, 0.00, 0.00, 1.00
777,  0,  26.068,  0.98,  1, 0.00, 0.02, 0.20, 0.00, 1.29, 1.63, 0.09, 0.83, 2.49, 1.43, 0.01, 0.60, 0.15, 0.00, 2.06, 0.72, 0.33, 0.00, 0.00, 0.00, 1.00, 1.00, 1.00, 0.00, 1.00, 1.00, 1.00, 0.00, 0.00, 1.00, 1.00, 1.00, 0.00, 0.00, 1.00
778,  0,  26.102,  0.98,  1, 0.00, 0.00, 0.12, 0.00, 1.26, 1.65, 0.06, 0.79, 2.52, 1.43, 0.01, 0.63, 0.25, 0.00, 2.07, 0.72, 0.26, 0.00, 0.00, 0.00, 1.00, 1.00, 1.00, 0.00, 1.00, 1.00, 1.00, 0.00, 0.00, 0.00, 1.00, 1.00, 0.00, 0.00, 0.00
779,  0,  26.136,  0.98,  1, 0.00, 0.00, 0.15, 0.00, 1.17, 1.62, 0.01, 0.74, 2.48, 1.43, 0.03, 0.77, 0.20, 0.00, 1.90, 0.56, 0.29, 0.00, 0.00, 0.00, 1.00, 0.00, 1.00, 0.00, 1.00, 1.00, 1.00, 0.00, 1.00, 0.00, 1.00, 1.00, 0.00, 0.00, 0.00
780,  0,  26.169,  0.98,  1, 0.04, 0.00, 0.22, 0.00, 1.06, 1.67, 0.03, 0.47, 2.39, 1.11, 0.19, 0.96, 0.13, 0.00, 1.69, 0.44, 0.30, 0.00, 0.00, 0.00, 1.00, 0.00, 1.00, 0.00, 1.00, 1.00, 1.00, 0.00, 1.00, 0.00, 1.00, 1.00, 0.00, 0.00, 0.00
781,  0,  26.203,  0.98,  1, 0.11, 0.03, 0.36, 0.00, 1.02, 1.74, 0.05, 0.38, 2.25, 0.92, 0.40, 1.18, 0.06, 0.00, 1.22, 0.52, 0.44, 0.00, 0.00, 0.00, 1.00, 0.00, 1.00, 0.00, 1.00, 1.00, 1.00, 1.00, 1.00, 0.00, 1.00, 1.00, 0.00, 0.00, 0.00
782,  0,  26.236,  0.98,  1, 0.16, 0.09, 0.40, 0.00, 0.96, 1.46, 0.11, 0.16, 2.10, 0.73, 0.73, 1.34, 0.11, 0.00, 0.86, 0.54, 0.35, 0.00, 0.00, 0.00, 1.00, 0.00, 1.00, 0.00, 1.00, 1.00, 1.00, 1.00, 1.00, 0.00, 1.00, 0.00, 0.00, 0.00, 0.00
783,  0,  26.270,  0.98,  1, 0.12, 0.09, 0.27, 0.00, 0.84, 1.07, 0.08, 0.20, 2.01, 0.82, 1.06, 1.59, 0.11, 0.00, 0.49, 0.83, 0.30, 0.00, 0.00, 0.00, 1.00, 0.00, 1.00, 0.00, 1.00, 1.00, 1.00, 1.00, 1.00, 0.00, 1.00, 0.00, 0.00, 0.00, 0.00
784,  0,  26.304,  0.98,  1, 0.05, 0.07, 0.10, 0.00, 0.72, 0.82, 0.06, 0.26, 1.86, 0.80, 1.21, 1.75, 0.06, 0.00, 0.34, 0.88, 0.14, 0.00, 0.00, 0.00, 1.00, 0.00, 1.00, 0.00, 1.00, 1.00, 1.00, 1.00, 1.00, 0.00, 1.00, 0.00, 0.00, 0.00, 0.00
785,  0,  26.337,  0.98,  1, 0.07, 0.01, 0.04, 0.00, 0.57, 0.82, 0.06, 0.35, 1.69, 0.87, 1.28, 1.82, 0.00, 0.00, 0.25, 0.88, 0.34, 0.00, 0.00, 0.00, 1.00, 0.00, 1.00, 0.00, 0.00, 1.00, 1.00, 1.00, 1.00, 0.00, 1.00, 0.00, 0.00, 0.00, 0.00
786,  0,  26.371,  0.93,  1, 0.16, 0.02, 0.08, 0.00, 0.52, 0.93, 0.18, 0.51, 1.49, 0.72, 1.40, 1.84, 0.00, 0.00, 0.17, 0.80, 0.28, 0.00, 0.00, 0.00, 1.00, 0.00, 1.00, 0.00, 0.00, 1.00, 0.00, 1.00, 1.00, 0.00, 1.00, 0.00, 0.00, 0.00, 0.00
787,  0,  26.404,  0.98,  1, 0.22, 0.16, 0.15, 0.00, 0.46, 0.99, 0.23, 0.49, 1.32, 0.48, 1.69, 1.80, 0.00, 0.00, 0.09, 0.67, 0.38, 0.00, 0.00, 0.00, 1.00, 0.00, 1.00, 0.00, 0.00, 1.00, 0.00, 1.00, 1.00, 0.00, 1.00, 0.00, 0.00, 0.00, 1.00
788,  0,  26.438,  0.98,  1, 0.33, 0.25, 0.27, 0.00, 0.39, 1.06, 0.26, 0.56, 1.25, 0.31, 1.91, 1.76, 0.03, 0.00, 0.02, 0.68, 0.17, 0.00, 0.00, 0.00, 1.00, 0.00, 1.00, 0.00, 0.00, 1.00, 0.00, 1.00, 1.00, 0.00, 1.00, 0.00, 0.00, 0.00, 1.00
789,  0,  26.472,  0.98,  1, 0.43, 0.24, 0.30, 0.00, 0.24, 1.13, 0.22, 0.48, 1.14, 0.35, 2.01, 1.91, 0.11, 0.00, 0.02, 0.65, 0.32, 0.00, 0.00, 0.00, 1.00, 0.00, 1.00, 0.00, 0.00, 1.00, 0.00, 1.00, 1.00, 0.00, 1.00, 0.00, 0.00, 0.00, 1.00
790,  0,  26.505,  0.98,  1, 0.57, 0.18, 0.44, 0.00, 0.09, 1.14, 0.24, 0.54, 0.97, 0.46, 2.10, 2.08, 0.11, 0.00, 0.00, 0.66, 0.22, 0.00, 0.00, 0.00, 1.00, 0.00, 1.00, 0.00, 0.00, 1.00, 0.00, 1.00, 1.00, 0.00, 1.00, 0.00, 0.00, 0.00, 1.00
791,  0,  26.539,  0.98,  1, 0.60, 0.19, 0.47, 0.00, 0.01, 1.07, 0.23, 0.49, 0.82, 0.46, 2.09, 2.28, 0.08, 0.00, 0.05, 0.87, 0.22, 0.00, 0.00, 0.00, 1.00, 0.00, 1.00, 0.00, 0.00, 0.00, 0.00, 1.00, 1.00, 0.00, 1.00, 0.00, 0.00, 0.00, 1.00
792,  0,  26.572,  0.98,  1, 0.64, 0.24, 0.59, 0.00, 0.00, 1.05, 0.24, 0.47, 0.72, 0.36, 2.08, 2.41, 0.00, 0.00, 0.10, 0.97, 0.06, 0.00, 0.00, 0.00, 1.00, 0.00, 1.00, 0.00, 0.00, 0.00, 0.00, 1.00, 1.00, 0.00, 1.00, 0.00, 0.00, 0.00, 1.00
793,  0,  26.606,  0.98,  1, 0.67, 0.25, 0.51, 0.00, 0.00, 0.77, 0.20, 0.44, 0.69, 0.33, 2.00, 2.58, 0.01, 0.00, 0.10, 1.28, 0.00, 0.00, 0.00, 0.00, 1.00, 0.00, 1.00, 0.00, 0.00, 0.00, 0.00, 1.00, 1.00, 0.00, 1.00, 0.00, 0.00, 0.00, 1.00
794,  0,  26.640,  0.98,  1, 0.54, 0.16, 0.40, 0.00, 0.00, 0.67, 0.18, 0.30, 0.62, 0.24, 2.07, 2.64, 0.03, 0.00, 0.05, 1.40, 0.00, 0.00, 0.00, 0.00, 1.00, 0.00, 1.00, 0.00, 0.00, 0.00, 0.00, 1.00, 1.00, 0.00, 1.00, 0.00, 0.00, 0.00, 0.00
795,  0,  26.673,  0.98,  1, 0.49, 0.10, 0.40, 0.00, 0.05, 0.69, 0.12, 0.15, 0.63, 0.29, 1.88, 2.67, 0.03, 0.00, 0.00, 1.43, 0.00, 0.00, 0.00, 0.00, 1.00, 0.00, 1.00, 0.00, 0.00, 0.00, 0.00, 1.00, 1.00, 0.00, 1.00, 0.00, 0.00, 0.00, 0.00
796,  0,  26.707,  0.98,  1, 0.39, 0.00, 0.40, 0.00, 0.05, 0.84, 0.11, 0.00, 0.66, 0.22, 1.66, 2.76, 0.08, 0.00, 0.00, 1.24, 0.00, 0.00, 0.00, 0.00, 1.00, 0.00, 0.00, 0.00, 0.00, 0.00, 0.00, 1.00, 1.00, 0.00, 1.00, 0.00, 0.00, 0.00, 0.00
797,  0,  26.740,  0.98,  1, 0.49, 0.00, 0.40, 0.00, 0.17, 0.79, 0.07, 0.00, 0.82, 0.48, 1.33, 2.81, 0.05, 0.00, 0.00, 1.12, 0.00, 0.00, 0.00, 0.00, 1.00, 0.00, 0.00, 0.00, 0.00, 0.00, 0.00, 1.00, 1.00, 0.00, 1.00, 0.00, 0.00, 0.00, 0.00
798,  0,  26.774,  0.98,  1, 0.51, 0.06, 0.23, 0.00, 0.26, 0.71, 0.05, 0.01, 1.02, 0.53, 1.12, 2.66, 0.05, 0.00, 0.08, 1.10, 0.00, 0.00, 0.00, 0.00, 1.00, 0.00, 1.00, 0.00, 0.00, 1.00, 0.00, 1.00, 1.00, 0.00, 1.00, 0.00, 0.00, 0.00, 0.00
799,  0,  26.807,  0.98,  1, 0.55, 0.05, 0.22, 0.00, 0.42, 0.76, 0.05, 0.16, 1.28, 0.55, 0.89, 2.32, 0.06, 0.00, 0.32, 1.19, 0.00, 0.00, 0.00, 0.00, 1.00, 0.00, 0.00, 0.00, 0.00, 1.00, 0.00, 1.00, 1.00, 0.00, 1.00, 0.00, 0.00, 0.00, 0.00
800,  0,  26.841,  0.98,  1, 0.56, 0.08, 0.30, 0.00, 0.46, 0.90, 0.03, 0.39, 1.39, 0.57, 0.78, 2.19, 0.23, 0.00, 0.77, 1.44, 0.00, 0.00, 0.00, 0.00, 1.00, 0.00, 0.00, 0.00, 1.00, 1.00, 0.00, 1.00, 1.00, 0.00, 1.00, 0.00, 1.00, 0.00, 0.00
801,  0,  26.875,  0.98,  1, 0.57, 0.04, 0.34, 0.00, 0.45, 0.61, 0.06, 0.52, 1.46, 0.60, 0.79, 2.09, 0.29, 0.00, 1.20, 1.68, 0.00, 0.00, 0.00, 0.00, 1.00, 0.00, 0.00, 0.00, 1.00, 1.00, 0.00, 1.00, 1.00, 0.00, 1.00, 0.00, 1.00, 0.00, 0.00
802,  0,  26.908,  0.98,  1, 0.59, 0.08, 0.39, 0.00, 0.50, 0.41, 0.10, 0.67, 1.43, 0.75, 0.87, 2.08, 0.31, 0.00, 1.42, 1.60, 0.00, 0.00, 0.00, 0.00, 1.00, 0.00, 0.00, 0.00, 1.00, 1.00, 0.00, 1.00, 1.00, 0.00, 1.00, 1.00, 1.00, 0.00, 0.00
803,  0,  26.942,  0.98,  1, 0.49, 0.06, 0.39, 0.10, 0.55, 0.39, 0.19, 0.71, 1.49, 0.66, 0.88, 2.05, 0.15, 0.00, 1.50, 1.63, 0.00, 0.00, 0.00, 0.00, 1.00, 0.00, 0.00, 0.00, 1.00, 1.00, 0.00, 1.00, 1.00, 0.00, 1.00, 1.00, 1.00, 0.00, 0.00
804,  0,  26.975,  0.98,  1, 0.33, 0.04, 0.37, 0.10, 0.63, 0.64, 0.26, 0.88, 1.47, 0.56, 0.89, 1.97, 0.19, 0.00, 1.50, 1.59, 0.00, 0.00, 0.00, 0.00, 1.00, 0.00, 0.00, 0.00, 1.00, 1.00, 0.00, 1.00, 1.00, 0.00, 1.00, 1.00, 1.00, 0.00, 0.00
805,  0,  27.009,  0.98,  1, 0.28, 0.15, 0.36, 0.10, 0.63, 0.79, 0.27, 0.87, 1.48, 0.49, 0.73, 1.90, 0.21, 0.00, 1.74, 1.92, 0.00, 0.00, 0.00, 0.00, 1.00, 0.00, 0.00, 0.00, 1.00, 1.00, 0.00, 1.00, 1.00, 0.00, 1.00, 1.00, 1.00, 0.00, 0.00
806,  0,  27.043,  0.98,  1, 0.33, 0.15, 0.40, 0.00, 0.63, 0.74, 0.26, 0.89, 1.42, 0.44, 0.57, 1.59, 0.28, 0.00, 1.60, 1.80, 0.00, 0.00, 0.00, 0.00, 1.00, 0.00, 0.00, 0.00, 1.00, 1.00, 0.00, 1.00, 1.00, 0.00, 1.00, 1.00, 1.00, 0.00, 0.00
807,  0,  27.076,  0.98,  1, 0.38, 0.20, 0.45, 0.00, 0.66, 0.81, 0.21, 0.81, 1.45, 0.50, 0.29, 1.44, 0.33, 0.00, 1.67, 1.75, 0.00, 0.00, 0.00, 0.00, 1.00, 0.00, 1.00, 0.00, 1.00, 1.00, 0.00, 1.00, 1.00, 0.00, 1.00, 1.00, 1.00, 0.00, 0.00
808,  0,  27.110,  0.98,  1, 0.30, 0.06, 0.44, 0.00, 0.66, 0.66, 0.14, 0.58, 1.40, 0.53, 0.46, 1.29, 0.46, 0.00, 1.55, 1.42, 0.00, 0.00, 0.00, 0.00, 1.00, 0.00, 1.00, 0.00, 1.00, 1.00, 0.00, 1.00, 1.00, 0.00, 1.00, 1.00, 1.00, 0.00, 0.00
809,  0,  27.143,  0.98,  1, 0.20, 0.06, 0.38, 0.00, 0.65, 0.72, 0.05, 0.36, 1.43, 0.52, 0.57, 1.44, 0.53, 0.00, 1.51, 1.28, 0.08, 0.00, 0.00, 0.00, 1.00, 0.00, 1.00, 0.00, 1.00, 1.00, 0.00, 1.00, 1.00, 1.00, 1.00, 1.00, 1.00, 0.00, 0.00
810,  0,  27.177,  0.98,  1, 0.10, 0.00, 0.34, 0.00, 0.64, 0.67, 0.01, 0.13, 1.39, 0.34, 0.75, 1.58, 0.53, 0.00, 1.17, 0.92, 0.12, 0.00, 0.00, 0.00, 1.00, 0.00, 1.00, 0.00, 1.00, 1.00, 0.00, 1.00, 1.00, 1.00, 1.00, 1.00, 0.00, 0.00, 0.00
811,  0,  27.211,  0.98,  1, 0.08, 0.16, 0.35, 0.00, 0.69, 0.85, 0.01, 0.15, 1.43, 0.21, 0.57, 1.92, 0.45, 0.00, 0.77, 0.85, 0.11, 0.00, 0.00, 0.00, 1.00, 0.00, 1.00, 0.00, 1.00, 1.00, 0.00, 1.00, 1.00, 1.00, 1.00, 0.00, 0.00, 0.00, 0.00
812,  0,  27.244,  0.98,  1, 0.10, 0.24, 0.31, 0.00, 0.68, 0.93, 0.02, 0.15, 1.42, 0.22, 0.61, 2.09, 0.46, 0.00, 0.45, 0.77, 0.04, 0.00, 0.00, 0.00, 1.00, 0.00, 1.00, 0.00, 1.00, 1.00, 0.00, 1.00, 1.00, 1.00, 1.00, 0.00, 0.00, 0.00, 0.00
813,  0,  27.278,  0.98,  1, 0.21, 0.30, 0.34, 0.00, 0.65, 1.01, 0.07, 0.17, 1.41, 0.53, 0.54, 2.24, 0.51, 0.00, 0.29, 0.85, 0.00, 0.00, 0.00, 0.00, 1.00, 0.00, 1.00, 0.00, 1.00, 1.00, 1.00, 1.00, 1.00, 1.00, 1.00, 0.00, 0.00, 0.00, 0.00
814,  0,  27.311,  0.98,  1, 0.22, 0.22, 0.27, 0.00, 0.62, 0.82, 0.06, 0.21, 1.38, 0.70, 0.67, 2.28, 0.59, 0.00, 0.16, 0.84, 0.05, 0.00, 0.00, 0.00, 1.00, 0.00, 1.00, 0.00, 1.00, 1.00, 1.00, 1.00, 1.00, 1.00, 1.00, 0.00, 0.00, 0.00, 0.00
815,  0,  27.345,  0.98,  1, 0.21, 0.13, 0.23, 0.00, 0.63, 0.75, 0.09, 0.13, 1.38, 0.79, 0.66, 2.30, 0.55, 0.00, 0.12, 0.91, 0.05, 0.00, 0.00, 0.00, 1.00, 0.00, 1.00, 0.00, 1.00, 1.00, 1.00, 1.00, 1.00, 1.00, 1.00, 0.00, 0.00, 0.00, 0.00
816,  0,  27.379,  0.98,  1, 0.12, 0.07, 0.11, 0.03, 0.62, 0.69, 0.09, 0.15, 1.36, 0.71, 0.77, 2.39, 0.60, 0.00, 0.05, 0.98, 0.05, 0.00, 0.00, 0.00, 1.00, 0.00, 1.00, 0.00, 1.00, 1.00, 1.00, 1.00, 1.00, 1.00, 1.00, 0.00, 0.00, 0.00, 0.00
817,  0,  27.412,  0.98,  1, 0.15, 0.00, 0.06, 0.03, 0.60, 0.83, 0.13, 0.03, 1.36, 0.71, 0.82, 2.22, 0.50, 0.00, 0.01, 0.93, 0.00, 0.00, 0.00, 0.00, 1.00, 0.00, 1.00, 0.00, 0.00, 1.00, 1.00, 1.00, 1.00, 1.00, 1.00, 0.00, 0.00, 0.00, 0.00
818,  0,  27.446,  0.98,  1, 0.09, 0.00, 0.05, 0.03, 0.62, 0.87, 0.09, 0.03, 1.35, 0.74, 0.91, 2.10, 0.56, 0.00, 0.01, 0.81, 0.01, 0.00, 0.00, 0.00, 1.00, 0.00, 1.00, 0.00, 0.00, 1.00, 1.00, 1.00, 1.00, 1.00, 1.00, 0.00, 0.00, 0.00, 0.00
819,  0,  27.479,  0.98,  1, 0.14, 0.12, 0.05, 0.00, 0.70, 0.96, 0.05, 0.00, 1.39, 0.72, 0.82, 1.87, 0.50, 0.00, 0.01, 0.66, 0.01, 0.00, 0.00, 0.00, 1.00, 0.00, 1.00, 0.00, 0.00, 1.00, 1.00, 1.00, 1.00, 1.00, 1.00, 0.00, 0.00, 0.00, 0.00
820,  0,  27.513,  0.98,  1, 0.13, 0.22, 0.00, 0.00, 0.77, 1.08, 0.01, 0.00, 1.51, 0.73, 0.74, 1.93, 0.51, 0.03, 0.00, 0.52, 0.03, 0.00, 0.00, 0.00, 1.00, 0.00, 1.00, 0.00, 0.00, 1.00, 1.00, 1.00, 1.00, 1.00, 1.00, 0.00, 0.00, 0.00, 0.00
821,  0,  27.547,  0.98,  1, 0.17, 0.28, 0.00, 0.04, 0.84, 1.24, 0.01, 0.00, 1.59, 0.78, 0.52, 1.90, 0.46, 0.06, 0.00, 0.56, 0.09, 0.00, 0.00, 0.00, 1.00, 0.00, 1.00, 0.00, 0.00, 1.00, 1.00, 1.00, 1.00, 1.00, 1.00, 0.00, 0.00, 0.00, 0.00
822,  0,  27.580,  0.98,  1, 0.16, 0.15, 0.00, 0.06, 0.91, 1.17, 0.01, 0.06, 1.73, 0.87, 0.34, 1.75, 0.31, 0.06, 0.04, 0.57, 0.09, 0.00, 0.00, 0.00, 1.00, 0.00, 1.00, 0.00, 1.00, 1.00, 1.00, 1.00, 1.00, 1.00, 1.00, 0.00, 0.00, 0.00, 0.00
823,  0,  27.614,  0.98,  1, 0.09, 0.05, 0.00, 0.16, 1.01, 1.15, 0.02, 0.06, 1.83, 0.89, 0.31, 1.46, 0.20, 0.03, 0.06, 0.65, 0.06, 0.00, 0.00, 0.00, 1.00, 0.00, 1.00, 0.00, 1.00, 1.00, 1.00, 1.00, 1.00, 0.00, 1.00, 0.00, 0.00, 0.00, 0.00
824,  0,  27.647,  0.98,  1, 0.05, 0.00, 0.00, 0.26, 1.14, 1.11, 0.06, 0.06, 1.98, 1.03, 0.26, 1.28, 0.05, 0.00, 0.06, 0.60, 0.00, 0.00, 0.00, 0.00, 1.00, 0.00, 1.00, 0.00, 1.00, 1.00, 1.00, 1.00, 1.00, 0.00, 1.00, 0.00, 0.00, 0.00, 0.00
825,  0,  27.681,  0.98,  1, 0.00, 0.00, 0.00, 0.24, 1.19, 1.01, 0.05, 0.00, 2.10, 1.09, 0.27, 1.17, 0.09, 0.01, 0.04, 0.60, 0.14, 0.00, 0.00, 0.00, 1.00, 0.00, 1.00, 0.00, 1.00, 1.00, 1.00, 1.00, 1.00, 0.00, 1.00, 0.00, 0.00, 0.00, 0.00
826,  0,  27.715,  0.98,  1, 0.00, 0.00, 0.00, 0.13, 1.19, 0.97, 0.05, 0.00, 2.14, 1.21, 0.09, 1.10, 0.23, 0.02, 0.03, 0.61, 0.14, 0.00, 0.00, 0.00, 1.00, 0.00, 1.00, 0.00, 1.00, 1.00, 1.00, 1.00, 1.00, 0.00, 1.00, 0.00, 0.00, 0.00, 0.00
827,  0,  27.748,  0.98,  1, 0.05, 0.00, 0.07, 0.07, 1.11, 0.96, 0.00, 0.00, 2.22, 1.02, 0.05, 1.08, 0.35, 0.05, 0.03, 0.66, 0.14, 0.00, 0.00, 0.00, 1.00, 0.00, 1.00, 0.00, 0.00, 1.00, 1.00, 0.00, 1.00, 0.00, 1.00, 0.00, 0.00, 0.00, 0.00
828,  0,  27.782,  0.98,  1, 0.05, 0.00, 0.10, 0.13, 1.08, 0.80, 0.00, 0.00, 2.25, 0.95, 0.11, 1.13, 0.41, 0.07, 0.02, 0.71, 0.12, 0.00, 0.00, 0.00, 1.00, 0.00, 1.00, 0.00, 0.00, 1.00, 1.00, 0.00, 1.00, 0.00, 1.00, 0.00, 0.00, 0.00, 0.00
829,  0,  27.815,  0.98,  1, 0.05, 0.08, 0.10, 0.28, 1.09, 0.51, 0.00, 0.00, 2.30, 0.84, 0.12, 1.10, 0.26, 0.10, 0.01, 0.70, 0.17, 0.00, 0.00, 0.00, 1.00, 0.00, 1.00, 0.00, 0.00, 1.00, 1.00, 0.00, 1.00, 0.00, 1.00, 0.00, 0.00, 0.00, 0.00
830,  0,  27.849,  0.98,  1, 0.03, 0.11, 0.03, 0.32, 1.06, 0.08, 0.00, 0.01, 2.27, 0.83, 0.13, 1.02, 0.14, 0.13, 0.01, 0.50, 0.16, 0.00, 0.00, 0.00, 1.00, 0.00, 1.00, 0.00, 0.00, 1.00, 1.00, 0.00, 1.00, 0.00, 1.00, 0.00, 0.00, 0.00, 0.00
831,  0,  27.882,  0.98,  1, 0.03, 0.11, 0.04, 0.29, 1.05, 0.41, 0.00, 0.01, 2.23, 0.80, 0.09, 1.03, 0.15, 0.12, 0.01, 0.26, 0.05, 0.00, 0.00, 0.00, 1.00, 0.00, 1.00, 0.00, 0.00, 1.00, 1.00, 0.00, 1.00, 0.00, 1.00, 0.00, 0.00, 0.00, 0.00
832,  0,  27.916,  0.98,  1, 0.03, 0.03, 0.04, 0.14, 1.04, 0.68, 0.00, 0.04, 2.23, 0.84, 0.10, 1.06, 0.24, 0.08, 0.00, 0.15, 0.04, 0.00, 0.00, 0.00, 1.00, 0.00, 1.00, 0.00, 0.00, 1.00, 1.00, 0.00, 1.00, 0.00, 1.00, 0.00, 0.00, 0.00, 0.00
833,  0,  27.950,  0.98,  1, 0.00, 0.00, 0.07, 0.02, 1.14, 0.96, 0.00, 0.08, 2.22, 0.77, 0.06, 1.11, 0.28, 0.05, 0.00, 0.09, 0.10, 0.00, 0.00, 0.00, 1.00, 0.00, 1.00, 0.00, 0.00, 1.00, 1.00, 0.00, 1.00, 0.00, 1.00, 0.00, 0.00, 0.00, 0.00
834,  0,  27.983,  0.98,  1, 0.00, 0.00, 0.03, 0.00, 1.20, 0.89, 0.00, 0.08, 2.24, 0.84, 0.16, 1.15, 0.34, 0.03, 0.00, 0.27, 0.23, 0.00, 0.00, 0.00, 1.00, 0.00, 1.00, 0.00, 0.00, 1.00, 1.00, 0.00, 1.00, 0.00, 1.00, 0.00, 0.00, 0.00, 0.00
835,  0,  28.017,  0.98,  1, 0.00, 0.00, 0.03, 0.00, 1.21, 0.91, 0.00, 0.05, 2.22, 0.77, 0.28, 1.20, 0.30, 0.04, 0.00, 0.38, 0.31, 0.00, 0.00, 0.00, 1.00, 0.00, 1.00, 0.00, 0.00, 1.00, 1.00, 0.00, 1.00, 0.00, 1.00, 0.00, 0.00, 0.00, 0.00
836,  0,  28.050,  0.98,  1, 0.00, 0.00, 0.01, 0.07, 1.21, 1.00, 0.00, 0.01, 2.28, 0.89, 0.43, 1.24, 0.30, 0.02, 0.00, 0.50, 0.34, 0.00, 0.00, 0.00, 1.00, 0.00, 1.00, 0.00, 0.00, 1.00, 1.00, 0.00, 1.00, 0.00, 1.00, 0.00, 0.00, 0.00, 0.00
837,  0,  28.084,  0.98,  1, 0.00, 0.00, 0.01, 0.07, 1.23, 0.86, 0.00, 0.00, 2.25, 0.89, 0.39, 1.15, 0.25, 0.06, 0.05, 0.43, 0.20, 0.00, 0.00, 0.00, 1.00, 0.00, 1.00, 0.00, 0.00, 1.00, 1.00, 0.00, 1.00, 0.00, 1.00, 0.00, 0.00, 0.00, 0.00
838,  0,  28.118,  0.98,  1, 0.03, 0.16, 0.10, 0.16, 1.29, 0.85, 0.00, 0.00, 2.29, 0.99, 0.24, 1.01, 0.33, 0.04, 0.06, 0.43, 0.14, 0.00, 0.00, 0.00, 1.00, 0.00, 1.00, 0.00, 0.00, 1.00, 1.00, 0.00, 1.00, 0.00, 1.00, 0.00, 0.00, 0.00, 0.00
839,  0,  28.151,  0.98,  1, 0.03, 0.20, 0.15, 0.09, 1.35, 0.64, 0.00, 0.00, 2.27, 1.13, 0.07, 0.95, 0.30, 0.06, 0.06, 0.44, 0.07, 0.00, 0.00, 0.00, 1.00, 1.00, 1.00, 0.00, 0.00, 1.00, 1.00, 0.00, 1.00, 0.00, 1.00, 0.00, 0.00, 0.00, 0.00
840,  0,  28.185,  0.98,  1, 0.03, 0.20, 0.23, 0.11, 1.33, 0.55, 0.00, 0.00, 2.34, 1.17, 0.00, 0.78, 0.29, 0.02, 0.00, 0.35, 0.07, 0.00, 0.00, 0.00, 1.00, 1.00, 1.00, 0.00, 0.00, 1.00, 1.00, 0.00, 1.00, 0.00, 1.00, 0.00, 0.00, 0.00, 0.00
841,  0,  28.218,  0.98,  1, 0.00, 0.04, 0.17, 0.02, 1.35, 0.56, 0.00, 0.00, 2.40, 1.22, 0.00, 0.79, 0.15, 0.03, 0.00, 0.26, 0.02, 0.00, 0.00, 0.00, 1.00, 1.00, 1.00, 0.00, 0.00, 1.00, 1.00, 0.00, 1.00, 0.00, 1.00, 0.00, 0.00, 0.00, 0.00
842,  0,  28.252,  0.98,  1, 0.00, 0.00, 0.11, 0.02, 1.33, 0.64, 0.00, 0.03, 2.47, 1.10, 0.00, 0.73, 0.13, 0.01, 0.00, 0.27, 0.00, 0.00, 0.00, 0.00, 1.00, 1.00, 1.00, 0.00, 0.00, 1.00, 1.00, 0.00, 0.00, 0.00, 1.00, 0.00, 0.00, 0.00, 0.00
843,  0,  28.286,  0.98,  1, 0.00, 0.00, 0.04, 0.00, 1.35, 0.88, 0.00, 0.03, 2.47, 1.05, 0.00, 0.83, 0.21, 0.04, 0.00, 0.27, 0.03, 0.00, 0.00, 0.00, 1.00, 1.00, 1.00, 0.00, 0.00, 1.00, 1.00, 0.00, 0.00, 0.00, 1.00, 0.00, 0.00, 0.00, 0.00
844,  0,  28.319,  0.98,  1, 0.03, 0.01, 0.00, 0.00, 1.37, 1.00, 0.00, 0.03, 2.46, 1.09, 0.00, 0.81, 0.30, 0.04, 0.02, 0.21, 0.05, 0.00, 0.00, 0.00, 1.00, 1.00, 1.00, 0.00, 0.00, 1.00, 1.00, 0.00, 0.00, 0.00, 1.00, 0.00, 0.00, 0.00, 0.00
845,  0,  28.353,  0.98,  1, 0.07, 0.01, 0.00, 0.00, 1.39, 1.08, 0.00, 0.00, 2.43, 1.15, 0.00, 0.74, 0.44, 0.07, 0.02, 0.13, 0.05, 0.00, 0.00, 0.00, 1.00, 1.00, 1.00, 0.00, 0.00, 1.00, 1.00, 0.00, 0.00, 0.00, 1.00, 0.00, 0.00, 0.00, 0.00
846,  0,  28.386,  0.98,  1, 0.10, 0.01, 0.00, 0.00, 1.42, 1.12, 0.00, 0.00, 2.46, 1.20, 0.00, 0.74, 0.42, 0.06, 0.06, 0.18, 0.03, 0.00, 0.00, 0.00, 1.00, 1.00, 1.00, 0.00, 0.00, 1.00, 1.00, 0.00, 0.00, 0.00, 1.00, 0.00, 0.00, 0.00, 0.00
847,  0,  28.420,  0.98,  1, 0.17, 0.00, 0.01, 0.00, 1.42, 1.08, 0.00, 0.00, 2.48, 1.25, 0.00, 0.74, 0.36, 0.07, 0.05, 0.17, 0.00, 0.00, 0.00, 0.00, 1.00, 0.00, 1.00, 0.00, 0.00, 1.00, 1.00, 0.00, 0.00, 0.00, 1.00, 0.00, 0.00, 0.00, 0.00
848,  0,  28.454,  0.98,  1, 0.18, 0.00, 0.01, 0.08, 1.41, 1.09, 0.00, 0.00, 2.43, 1.27, 0.00, 0.70, 0.31, 0.08, 0.05, 0.08, 0.00, 0.00, 0.00, 0.00, 1.00, 0.00, 1.00, 0.00, 0.00, 1.00, 1.00, 0.00, 0.00, 0.00, 1.00, 0.00, 0.00, 0.00, 0.00
849,  0,  28.487,  0.98,  1, 0.21, 0.04, 0.01, 0.08, 1.38, 0.86, 0.00, 0.00, 2.35, 1.24, 0.00, 0.64, 0.27, 0.06, 0.00, 0.00, 0.01, 0.00, 0.00, 0.00, 1.00, 0.00, 1.00, 0.00, 0.00, 1.00, 1.00, 0.00, 0.00, 0.00, 1.00, 0.00, 0.00, 0.00, 0.00
850,  0,  28.521,  0.98,  1, 0.18, 0.12, 0.00, 0.14, 1.28, 0.71, 0.00, 0.00, 2.36, 0.96, 0.00, 0.58, 0.30, 0.09, 0.00, 0.00, 0.06, 0.00, 0.00, 0.00, 1.00, 0.00, 1.00, 0.00, 0.00, 1.00, 1.00, 0.00, 0.00, 0.00, 1.00, 0.00, 0.00, 0.00, 0.00
851,  0,  28.554,  0.98,  1, 0.22, 0.28, 0.00, 0.12, 1.23, 0.62, 0.00, 0.03, 2.42, 0.86, 0.00, 0.57, 0.41, 0.06, 0.00, 0.00, 0.20, 0.00, 0.00, 0.00, 1.00, 0.00, 1.00, 0.00, 0.00, 1.00, 1.00, 0.00, 0.00, 0.00, 1.00, 0.00, 0.00, 0.00, 0.00
852,  0,  28.588,  0.98,  1, 0.15, 0.25, 0.00, 0.12, 1.17, 0.51, 0.00, 0.03, 2.45, 0.90, 0.00, 0.57, 0.35, 0.06, 0.06, 0.03, 0.24, 0.00, 0.00, 0.00, 1.00, 0.00, 1.00, 0.00, 0.00, 1.00, 1.00, 0.00, 0.00, 0.00, 1.00, 0.00, 0.00, 0.00, 0.00
853,  0,  28.622,  0.98,  1, 0.08, 0.23, 0.00, 0.05, 1.19, 0.44, 0.00, 0.03, 2.34, 1.03, 0.00, 0.63, 0.32, 0.01, 0.06, 0.03, 0.28, 0.00, 0.00, 0.00, 1.00, 0.00, 0.00, 0.00, 0.00, 1.00, 1.00, 0.00, 0.00, 0.00, 1.00, 0.00, 0.00, 0.00, 0.00
854,  0,  28.655,  0.98,  1, 0.02, 0.16, 0.00, 0.00, 1.17, 0.35, 0.00, 0.00, 2.24, 1.06, 0.00, 0.67, 0.22, 0.01, 0.06, 0.03, 0.18, 0.00, 0.00, 0.00, 1.00, 0.00, 1.00, 0.00, 0.00, 1.00, 1.00, 0.00, 0.00, 0.00, 1.00, 0.00, 0.00, 0.00, 0.00
855,  0,  28.689,  0.98,  1, 0.06, 0.27, 0.00, 0.00, 1.14, 0.46, 0.00, 0.00, 2.16, 0.99, 0.00, 0.75, 0.30, 0.02, 0.00, 0.11, 0.24, 0.00, 0.00, 0.00, 1.00, 0.00, 1.00, 0.00, 0.00, 1.00, 1.00, 0.00, 0.00, 0.00, 1.00, 0.00, 0.00, 0.00, 0.00
856,  0,  28.722,  0.98,  1, 0.14, 0.28, 0.00, 0.00, 1.16, 0.61, 0.00, 0.00, 2.17, 1.03, 0.00, 0.79, 0.43, 0.02, 0.00, 0.11, 0.17, 0.00, 0.00, 0.00, 1.00, 0.00, 1.00, 0.00, 0.00, 1.00, 1.00, 0.00, 0.00, 0.00, 1.00, 0.00, 0.00, 0.00, 0.00
857,  0,  28.756,  0.98,  1, 0.12, 0.23, 0.00, 0.00, 1.14, 0.65, 0.00, 0.00, 2.16, 0.94, 0.00, 0.81, 0.41, 0.01, 0.00, 0.11, 0.17, 0.00, 0.00, 0.00, 1.00, 0.00, 1.00, 0.00, 0.00, 1.00, 1.00, 0.00, 0.00, 0.00, 1.00, 0.00, 0.00, 0.00, 0.00
858,  0,  28.789,  0.98,  1, 0.08, 0.12, 0.00, 0.00, 1.14, 0.57, 0.00, 0.00, 2.19, 0.96, 0.00, 0.85, 0.26, 0.05, 0.00, 0.16, 0.27, 0.00, 0.00, 0.00, 1.00, 0.00, 1.00, 0.00, 0.00, 1.00, 1.00, 0.00, 1.00, 0.00, 1.00, 0.00, 0.00, 0.00, 0.00
859,  0,  28.823,  0.98,  1, 0.00, 0.04, 0.00, 0.00, 1.07, 0.46, 0.00, 0.05, 2.22, 0.98, 0.00, 0.86, 0.17, 0.09, 0.00, 0.21, 0.34, 0.00, 0.00, 0.00, 1.00, 0.00, 1.00, 0.00, 0.00, 1.00, 1.00, 0.00, 1.00, 0.00, 1.00, 0.00, 0.00, 0.00, 0.00
860,  0,  28.857,  0.98,  1, 0.04, 0.00, 0.00, 0.00, 1.08, 0.48, 0.00, 0.06, 2.27, 1.20, 0.01, 0.99, 0.17, 0.08, 0.00, 0.30, 0.35, 0.00, 0.00, 0.00, 1.00, 0.00, 1.00, 0.00, 0.00, 1.00, 1.00, 0.00, 1.00, 0.00, 1.00, 0.00, 0.00, 0.00, 0.00
861,  0,  28.890,  0.98,  1, 0.04, 0.00, 0.00, 0.00, 1.15, 0.68, 0.01, 0.08, 2.27, 1.19, 0.12, 0.97, 0.15, 0.04, 0.00, 0.20, 0.23, 0.00, 0.00, 0.00, 1.00, 0.00, 1.00, 0.00, 0.00, 1.00, 1.00, 0.00, 1.00, 0.00, 1.00, 0.00, 0.00, 0.00, 0.00
862,  0,  28.924,  0.98,  1, 0.08, 0.00, 0.00, 0.00, 1.16, 0.69, 0.01, 0.04, 2.27, 1.05, 0.13, 0.94, 0.07, 0.00, 0.00, 0.14, 0.25, 0.00, 0.00, 0.00, 1.00, 0.00, 1.00, 0.00, 0.00, 1.00, 1.00, 0.00, 1.00, 0.00, 1.00, 0.00, 0.00, 0.00, 0.00
863,  0,  28.957,  0.98,  1, 0.04, 0.00, 0.00, 0.00, 1.12, 0.71, 0.01, 0.04, 2.26, 0.87, 0.12, 0.94, 0.00, 0.00, 0.03, 0.16, 0.28, 0.00, 0.00, 0.00, 1.00, 0.00, 1.00, 0.00, 0.00, 1.00, 1.00, 0.00, 0.00, 0.00, 1.00, 0.00, 0.00, 0.00, 0.00
864,  0,  28.991,  0.98,  1, 0.06, 0.00, 0.00, 0.00, 1.08, 0.71, 0.00, 0.01, 2.30, 0.87, 0.02, 0.88, 0.00, 0.00, 0.08, 0.11, 0.30, 0.00, 0.00, 0.00, 1.00, 0.00, 1.00, 0.00, 0.00, 1.00, 1.00, 0.00, 0.00, 0.00, 1.00, 0.00, 0.00, 0.00, 0.00
865,  0,  29.025,  0.98,  1, 0.02, 0.00, 0.00, 0.00, 1.12, 0.71, 0.00, 0.01, 2.30, 0.87, 0.01, 0.90, 0.00, 0.00, 0.10, 0.16, 0.28, 0.00, 0.00, 0.00, 1.00, 0.00, 1.00, 0.00, 0.00, 1.00, 1.00, 0.00, 0.00, 0.00, 1.00, 0.00, 0.00, 0.00, 0.00
866,  0,  29.058,  0.98,  1, 0.02, 0.00, 0.00, 0.00, 1.09, 0.66, 0.00, 0.00, 2.29, 0.87, 0.01, 0.77, 0.00, 0.00, 0.14, 0.06, 0.38, 0.00, 0.00, 0.00, 1.00, 0.00, 1.00, 0.00, 0.00, 1.00, 1.00, 0.00, 0.00, 0.00, 1.00, 0.00, 0.00, 0.00, 0.00
867,  0,  29.092,  0.98,  1, 0.01, 0.04, 0.00, 0.00, 1.07, 0.61, 0.00, 0.00, 2.25, 0.79, 0.00, 0.68, 0.01, 0.00, 0.13, 0.05, 0.46, 0.00, 0.00, 0.00, 1.00, 0.00, 1.00, 0.00, 0.00, 1.00, 1.00, 0.00, 0.00, 0.00, 1.00, 0.00, 0.00, 0.00, 0.00
868,  0,  29.125,  0.98,  1, 0.01, 0.04, 0.00, 0.00, 1.00, 0.52, 0.00, 0.00, 2.18, 0.79, 0.00, 0.60, 0.01, 0.00, 0.18, 0.00, 0.51, 0.00, 0.00, 0.00, 1.00, 0.00, 1.00, 0.00, 0.00, 1.00, 1.00, 0.00, 0.00, 0.00, 1.00, 0.00, 0.00, 0.00, 0.00
869,  0,  29.159,  0.98,  1, 0.01, 0.04, 0.00, 0.00, 0.99, 0.62, 0.01, 0.00, 2.11, 0.83, 0.00, 0.58, 0.01, 0.00, 0.15, 0.00, 0.52, 0.00, 0.00, 0.00, 1.00, 0.00, 1.00, 0.00, 0.00, 1.00, 1.00, 0.00, 0.00, 0.00, 1.00, 0.00, 0.00, 0.00, 0.00
870,  0,  29.193,  0.98,  1, 0.00, 0.00, 0.00, 0.00, 0.97, 0.63, 0.00, 0.00, 2.12, 0.92, 0.00, 0.62, 0.01, 0.00, 0.11, 0.00, 0.54, 0.00, 0.00, 0.00, 1.00, 0.00, 1.00, 0.00, 0.00, 1.00, 1.00, 0.00, 0.00, 0.00, 1.00, 0.00, 0.00, 0.00, 0.00
871,  0,  29.226,  0.98,  1, 0.00, 0.00, 0.00, 0.00, 0.96, 0.57, 0.00, 0.00, 2.14, 1.01, 0.00, 0.65, 0.01, 0.00, 0.05, 0.00, 0.53, 0.00, 0.00, 0.00, 1.00, 0.00, 1.00, 0.00, 0.00, 1.00, 1.00, 0.00, 0.00, 0.00, 1.00, 0.00, 0.00, 0.00, 0.00
872,  0,  29.260,  0.98,  1, 0.00, 0.00, 0.00, 0.00, 0.99, 0.54, 0.00, 0.00, 2.20, 1.13, 0.00, 0.65, 0.03, 0.00, 0.00, 0.00, 0.46, 0.00, 0.00, 0.00, 1.00, 0.00, 1.00, 0.00, 0.00, 1.00, 1.00, 0.00, 0.00, 0.00, 1.00, 0.00, 0.00, 0.00, 0.00
873,  0,  29.293,  0.98,  1, 0.00, 0.00, 0.00, 0.00, 1.00, 0.55, 0.00, 0.00, 2.15, 1.17, 0.00, 0.59, 0.02, 0.00, 0.00, 0.03, 0.31, 0.00, 0.00, 0.00, 1.00, 0.00, 1.00, 0.00, 0.00, 1.00, 1.00, 0.00, 0.00, 0.00, 1.00, 0.00, 0.00, 0.00, 0.00
874,  0,  29.327,  0.98,  1, 0.02, 0.00, 0.00, 0.00, 1.00, 0.80, 0.00, 0.00, 2.14, 1.30, 0.00, 0.46, 0.02, 0.00, 0.00, 0.07, 0.19, 0.00, 0.00, 0.00, 1.00, 0.00, 1.00, 0.00, 0.00, 1.00, 1.00, 0.00, 0.00, 0.00, 1.00, 0.00, 0.00, 0.00, 0.00
875,  0,  29.361,  0.98,  1, 0.02, 0.00, 0.00, 0.00, 0.97, 0.80, 0.00, 0.00, 2.12, 1.24, 0.00, 0.38, 0.00, 0.00, 0.02, 0.15, 0.12, 0.00, 0.00, 0.00, 1.00, 0.00, 1.00, 0.00, 0.00, 1.00, 1.00, 0.00, 0.00, 0.00, 1.00, 0.00, 0.00, 0.00, 0.00
876,  0,  29.394,  0.98,  1, 0.04, 0.00, 0.01, 0.00, 0.95, 0.75, 0.00, 0.00, 2.12, 1.35, 0.02, 0.43, 0.05, 0.00, 0.02, 0.12, 0.10, 0.00, 0.00, 0.00, 1.00, 0.00, 1.00, 0.00, 0.00, 1.00, 1.00, 0.00, 0.00, 0.00, 1.00, 0.00, 0.00, 0.00, 0.00
877,  0,  29.428,  0.98,  1, 0.06, 0.00, 0.03, 0.00, 0.95, 0.72, 0.00, 0.00, 2.08, 1.27, 0.02, 0.54, 0.09, 0.00, 0.02, 0.19, 0.21, 0.00, 0.00, 0.00, 1.00, 0.00, 1.00, 0.00, 0.00, 1.00, 1.00, 0.00, 0.00, 0.00, 1.00, 0.00, 0.00, 0.00, 0.00
878,  0,  29.461,  0.98,  1, 0.06, 0.00, 0.03, 0.00, 0.95, 0.61, 0.00, 0.00, 2.07, 1.23, 0.02, 0.66, 0.18, 0.00, 0.00, 0.19, 0.20, 0.00, 0.00, 0.00, 1.00, 0.00, 1.00, 0.00, 0.00, 1.00, 1.00, 0.00, 0.00, 0.00, 1.00, 0.00, 0.00, 0.00, 0.00
879,  0,  29.495,  0.98,  1, 0.05, 0.00, 0.02, 0.06, 0.95, 0.72, 0.00, 0.00, 2.02, 1.04, 0.00, 0.73, 0.19, 0.00, 0.04, 0.26, 0.28, 0.00, 0.00, 0.00, 1.00, 0.00, 0.00, 0.00, 0.00, 1.00, 1.00, 0.00, 0.00, 0.00, 1.00, 0.00, 0.00, 0.00, 0.00
880,  0,  29.529,  0.98,  1, 0.09, 0.00, 0.00, 0.10, 0.93, 0.59, 0.01, 0.00, 2.01, 0.99, 0.00, 0.78, 0.23, 0.00, 0.05, 0.15, 0.32, 0.00, 0.00, 0.00, 1.00, 0.00, 0.00, 0.00, 0.00, 1.00, 1.00, 0.00, 0.00, 0.00, 1.00, 0.00, 0.00, 0.00, 0.00
881,  0,  29.562,  0.98,  1, 0.12, 0.00, 0.00, 0.10, 0.91, 0.59, 0.03, 0.00, 1.91, 0.96, 0.00, 0.80, 0.16, 0.00, 0.07, 0.09, 0.45, 0.00, 0.00, 0.00, 1.00, 0.00, 0.00, 0.00, 0.00, 1.00, 1.00, 0.00, 0.00, 0.00, 1.00, 0.00, 0.00, 0.00, 0.00
882,  0,  29.596,  0.98,  1, 0.13, 0.00, 0.00, 0.04, 0.91, 0.46, 0.05, 0.00, 1.90, 1.00, 0.00, 0.86, 0.14, 0.00, 0.03, 0.15, 0.40, 0.00, 0.00, 0.00, 1.00, 0.00, 0.00, 0.00, 0.00, 1.00, 1.00, 0.00, 0.00, 0.00, 1.00, 0.00, 0.00, 0.00, 0.00
883,  0,  29.629,  0.98,  1, 0.07, 0.00, 0.00, 0.00, 0.91, 0.38, 0.08, 0.00, 1.89, 0.94, 0.00, 0.88, 0.14, 0.00, 0.05, 0.34, 0.35, 0.00, 0.00, 0.00, 1.00, 0.00, 0.00, 0.00, 0.00, 1.00, 1.00, 0.00, 0.00, 0.00, 1.00, 0.00, 0.00, 0.00, 0.00
884,  0,  29.663,  0.98,  1, 0.07, 0.00, 0.00, 0.00, 0.90, 0.33, 0.08, 0.00, 1.91, 0.91, 0.00, 0.87, 0.14, 0.00, 0.07, 0.41, 0.35, 0.00, 0.00, 0.00, 1.00, 0.00, 0.00, 0.00, 0.00, 1.00, 1.00, 0.00, 0.00, 0.00, 1.00, 0.00, 0.00, 0.00, 0.00
885,  0,  29.697,  0.98,  1, 0.07, 0.00, 0.00, 0.00, 0.91, 0.27, 0.10, 0.00, 1.89, 0.86, 0.00, 0.86, 0.14, 0.00, 0.12, 0.37, 0.34, 0.00, 0.00, 0.00, 1.00, 0.00, 0.00, 0.00, 1.00, 1.00, 1.00, 0.00, 0.00, 0.00, 1.00, 0.00, 0.00, 0.00, 0.00
886,  0,  29.730,  0.98,  1, 0.06, 0.00, 0.00, 0.00, 0.93, 0.45, 0.06, 0.00, 1.82, 0.99, 0.00, 0.95, 0.06, 0.00, 0.19, 0.30, 0.23, 0.00, 0.00, 0.00, 1.00, 0.00, 0.00, 0.00, 1.00, 1.00, 1.00, 0.00, 1.00, 0.00, 1.00, 0.00, 0.00, 0.00, 0.00
887,  0,  29.764,  0.98,  1, 0.08, 0.00, 0.00, 0.00, 0.94, 0.35, 0.04, 0.00, 1.83, 0.93, 0.08, 1.03, 0.04, 0.00, 0.21, 0.25, 0.07, 0.00, 0.00, 0.00, 1.00, 0.00, 0.00, 0.00, 0.00, 1.00, 1.00, 0.00, 0.00, 0.00, 1.00, 0.00, 0.00, 0.00, 0.00
888,  0,  29.797,  0.98,  1, 0.17, 0.00, 0.00, 0.00, 0.98, 0.50, 0.12, 0.01, 1.86, 1.01, 0.08, 1.03, 0.02, 0.00, 0.21, 0.25, 0.02, 0.00, 0.00, 0.00, 1.00, 0.00, 0.00, 0.00, 0.00, 1.00, 1.00, 0.00, 1.00, 0.00, 1.00, 0.00, 0.00, 0.00, 0.00
889,  0,  29.831,  0.98,  1, 0.27, 0.06, 0.00, 0.00, 0.98, 0.25, 0.16, 0.01, 1.94, 1.02, 0.08, 0.93, 0.19, 0.00, 0.23, 0.22, 0.04, 0.00, 0.00, 0.00, 1.00, 0.00, 0.00, 0.00, 0.00, 1.00, 1.00, 0.00, 1.00, 0.00, 1.00, 0.00, 0.00, 0.00, 0.00
890,  0,  29.864,  0.98,  1, 0.24, 0.06, 0.00, 0.00, 0.96, 0.30, 0.20, 0.01, 1.92, 1.09, 0.06, 0.94, 0.23, 0.00, 0.25, 0.19, 0.12, 0.00, 0.00, 0.00, 1.00, 0.00, 0.00, 0.00, 0.00, 1.00, 1.00, 0.00, 1.00, 0.00, 1.00, 0.00, 0.00, 0.00, 0.00
891,  0,  29.898,  0.98,  1, 0.19, 0.06, 0.03, 0.00, 0.91, 0.11, 0.12, 0.00, 1.88, 0.97, 0.10, 0.97, 0.36, 0.00, 0.34, 0.10, 0.27, 0.00, 0.00, 0.00, 1.00, 0.00, 0.00, 0.00, 0.00, 1.00, 1.00, 0.00, 1.00, 0.00, 1.00, 0.00, 0.00, 0.00, 0.00
892,  0,  29.932,  0.98,  1, 0.17, 0.00, 0.03, 0.00, 0.87, 0.11, 0.10, 0.00, 1.85, 0.86, 0.10, 0.99, 0.35, 0.00, 0.28, 0.02, 0.41, 0.00, 0.00, 0.00, 1.00, 0.00, 0.00, 0.00, 0.00, 1.00, 1.00, 0.00, 1.00, 0.00, 1.00, 0.00, 0.00, 0.00, 0.00
893,  0,  29.965,  0.98,  1, 0.19, 0.00, 0.03, 0.00, 0.89, 0.08, 0.07, 0.00, 1.83, 0.81, 0.05, 1.00, 0.47, 0.00, 0.26, 0.02, 0.42, 0.00, 0.00, 0.00, 1.00, 0.00, 0.00, 0.00, 0.00, 1.00, 1.00, 0.00, 1.00, 0.00, 1.00, 0.00, 0.00, 0.00, 0.00
894,  0,  29.999,  0.98,  1, 0.20, 0.00, 0.02, 0.00, 0.92, 0.24, 0.11, 0.00, 1.86, 0.89, 0.02, 1.00, 0.36, 0.00, 0.23, 0.10, 0.32, 0.00, 0.00, 0.00, 1.00, 0.00, 0.00, 0.00, 0.00, 1.00, 1.00, 0.00, 1.00, 0.00, 1.00, 0.00, 0.00, 0.00, 0.00
895,  0,  30.032,  0.98,  1, 0.18, 0.00, 0.02, 0.00, 0.95, 0.52, 0.15, 0.00, 1.83, 1.01, 0.08, 1.09, 0.30, 0.00, 0.22, 0.12, 0.26, 0.00, 0.00, 0.00, 1.00, 0.00, 1.00, 0.00, 0.00, 1.00, 1.00, 0.00, 1.00, 0.00, 1.00, 0.00, 0.00, 0.00, 0.00
896,  0,  30.066,  0.98,  1, 0.25, 0.00, 0.04, 0.00, 0.97, 0.84, 0.22, 0.00, 1.82, 1.11, 0.08, 1.06, 0.35, 0.00, 0.34, 0.11, 0.39, 0.00, 0.00, 0.00, 1.00, 0.00, 1.00, 0.00, 0.00, 1.00, 1.00, 0.00, 1.00, 0.00, 1.00, 0.00, 0.00, 0.00, 0.00
897,  0,  30.100,  0.98,  1, 0.24, 0.00, 0.03, 0.00, 0.93, 0.89, 0.20, 0.00, 1.82, 1.00, 0.05, 1.10, 0.45, 0.00, 0.36, 0.10, 0.45, 0.00, 0.00, 0.00, 1.00, 0.00, 1.00, 0.00, 1.00, 1.00, 1.00, 0.00, 1.00, 0.00, 1.00, 0.00, 0.00, 0.00, 0.00
898,  0,  30.133,  0.98,  1, 0.27, 0.00, 0.03, 0.00, 0.95, 0.96, 0.21, 0.00, 1.86, 0.87, 0.05, 1.08, 0.45, 0.00, 0.37, 0.13, 0.40, 0.00, 0.00, 0.00, 1.00, 0.00, 1.00, 0.00, 1.00, 1.00, 1.00, 0.00, 1.00, 0.00, 1.00, 0.00, 0.00, 0.00, 0.00
899,  0,  30.167,  0.98,  1, 0.22, 0.00, 0.00, 0.00, 0.92, 0.82, 0.17, 0.00, 1.92, 0.94, 0.08, 1.17, 0.39, 0.00, 0.19, 0.19, 0.33, 0.00, 0.00, 0.00, 1.00, 0.00, 1.00, 0.00, 1.00, 1.00, 1.00, 1.00, 1.00, 0.00, 1.00, 0.00, 0.00, 0.00, 0.00
900,  0,  30.200,  0.98,  1, 0.21, 0.00, 0.00, 0.00, 0.96, 0.88, 0.15, 0.00, 1.86, 1.15, 0.22, 1.12, 0.31, 0.00, 0.14, 0.13, 0.34, 0.00, 0.00, 0.00, 1.00, 0.00, 1.00, 0.00, 1.00, 1.00, 1.00, 1.00, 1.00, 0.00, 1.00, 0.00, 0.00, 0.00, 0.00
901,  0,  30.234,  0.98,  1, 0.17, 0.00, 0.00, 0.00, 0.92, 0.61, 0.07, 0.00, 1.84, 1.19, 0.35, 1.15, 0.38, 0.00, 0.19, 0.15, 0.50, 0.00, 0.00, 0.00, 1.00, 0.00, 1.00, 0.00, 1.00, 1.00, 1.00, 1.00, 1.00, 0.00, 1.00, 0.00, 0.00, 0.00, 0.00
902,  0,  30.268,  0.98,  1, 0.18, 0.01, 0.00, 0.00, 0.93, 0.51, 0.01, 0.00, 1.83, 1.01, 0.43, 1.04, 0.27, 0.00, 0.27, 0.09, 0.57, 0.00, 0.00, 0.00, 1.00, 0.00, 1.00, 0.00, 1.00, 1.00, 1.00, 1.00, 1.00, 0.00, 1.00, 0.00, 0.00, 0.00, 0.00
903,  0,  30.301,  0.98,  1, 0.19, 0.07, 0.00, 0.00, 0.91, 0.35, 0.03, 0.00, 1.83, 0.92, 0.38, 1.01, 0.31, 0.00, 0.29, 0.07, 0.58, 0.00, 0.00, 0.00, 1.00, 0.00, 1.00, 0.00, 1.00, 1.00, 1.00, 1.00, 1.00, 0.00, 1.00, 0.00, 0.00, 0.00, 0.00
904,  0,  30.335,  0.98,  1, 0.22, 0.19, 0.00, 0.00, 0.91, 0.49, 0.03, 0.00, 1.81, 0.89, 0.25, 0.88, 0.14, 0.00, 0.21, 0.02, 0.45, 0.00, 0.00, 0.00, 1.00, 0.00, 1.00, 0.00, 1.00, 1.00, 1.00, 1.00, 1.00, 0.00, 1.00, 0.00, 0.00, 0.00, 0.00
905,  0,  30.368,  0.98,  1, 0.20, 0.22, 0.00, 0.00, 0.89, 0.63, 0.04, 0.00, 1.80, 0.92, 0.20, 0.90, 0.14, 0.00, 0.17, 0.02, 0.36, 0.00, 0.00, 0.00, 1.00, 0.00, 1.00, 0.00, 1.00, 1.00, 1.00, 1.00, 1.00, 0.00, 1.00, 0.00, 0.00, 0.00, 0.00
906,  0,  30.402,  0.98,  1, 0.23, 0.15, 0.00, 0.00, 0.89, 0.75, 0.07, 0.07, 1.86, 1.04, 0.11, 0.87, 0.09, 0.00, 0.15, 0.02, 0.29, 0.00, 0.00, 0.00, 1.00, 0.00, 1.00, 0.00, 1.00, 1.00, 1.00, 1.00, 1.00, 0.00, 1.00, 0.00, 0.00, 0.00, 0.00
907,  0,  30.436,  0.98,  1, 0.18, 0.05, 0.00, 0.00, 0.93, 0.78, 0.12, 0.07, 1.87, 1.09, 0.12, 0.99, 0.18, 0.00, 0.15, 0.01, 0.19, 0.00, 0.00, 0.00, 1.00, 0.00, 1.00, 0.00, 1.00, 1.00, 1.00, 1.00, 1.00, 0.00, 1.00, 0.00, 0.00, 0.00, 0.00
908,  0,  30.469,  0.98,  1, 0.14, 0.02, 0.04, 0.00, 1.00, 0.89, 0.13, 0.10, 1.87, 1.10, 0.22, 1.04, 0.36, 0.00, 0.10, 0.07, 0.07, 0.00, 0.00, 0.00, 1.00, 0.00, 1.00, 0.00, 1.00, 1.00, 1.00, 1.00, 1.00, 0.00, 1.00, 0.00, 0.00, 0.00, 0.00
909,  0,  30.503,  0.98,  1, 0.12, 0.02, 0.13, 0.00, 1.06, 0.76, 0.07, 0.02, 1.85, 0.98, 0.34, 1.14, 0.42, 0.00, 0.11, 0.12, 0.00, 0.00, 0.00, 0.00, 1.00, 0.00, 1.00, 0.00, 1.00, 1.00, 1.00, 1.00, 1.00, 0.00, 1.00, 0.00, 0.00, 0.00, 0.00
910,  0,  30.536,  0.98,  1, 0.22, 0.04, 0.15, 0.00, 1.05, 0.61, 0.03, 0.02, 1.84, 0.97, 0.30, 1.18, 0.56, 0.00, 0.13, 0.30, 0.00, 0.00, 0.00, 0.00, 1.00, 0.00, 1.00, 0.00, 1.00, 1.00, 1.00, 1.00, 1.00, 1.00, 1.00, 0.00, 0.00, 0.00, 0.00
911,  0,  30.570,  0.98,  1, 0.32, 0.04, 0.16, 0.00, 1.00, 0.37, 0.10, 0.00, 1.78, 0.99, 0.14, 1.17, 0.53, 0.00, 0.28, 0.42, 0.00, 0.00, 0.00, 0.00, 1.00, 0.00, 1.00, 0.00, 1.00, 1.00, 1.00, 1.00, 1.00, 1.00, 1.00, 0.00, 0.00, 0.00, 0.00
912,  0,  30.604,  0.98,  1, 0.34, 0.16, 0.07, 0.00, 0.92, 0.46, 0.14, 0.05, 1.76, 0.89, 0.00, 1.28, 0.63, 0.00, 0.21, 0.51, 0.00, 0.00, 0.00, 0.00, 1.00, 0.00, 0.00, 0.00, 1.00, 1.00, 1.00, 1.00, 1.00, 1.00, 1.00, 0.00, 0.00, 0.00, 0.00
913,  0,  30.637,  0.98,  1, 0.43, 0.14, 0.08, 0.00, 0.87, 0.63, 0.21, 0.05, 1.75, 0.99, 0.08, 1.44, 0.37, 0.04, 0.16, 0.44, 0.00, 0.00, 0.00, 0.00, 1.00, 0.00, 0.00, 0.00, 0.00, 1.00, 1.00, 1.00, 1.00, 0.00, 1.00, 0.00, 0.00, 0.00, 0.00
914,  0,  30.671,  0.98,  1, 0.52, 0.21, 0.03, 0.00, 0.83, 0.81, 0.19, 0.05, 1.73, 0.80, 0.14, 1.73, 0.22, 0.08, 0.01, 0.31, 0.00, 0.00, 0.00, 0.00, 1.00, 0.00, 0.00, 0.00, 0.00, 1.00, 1.00, 1.00, 1.00, 0.00, 1.00, 0.00, 0.00, 0.00, 0.00
915,  0,  30.704,  0.98,  1, 0.57, 0.10, 0.09, 0.00, 0.79, 0.62, 0.24, 0.00, 1.68, 0.84, 0.30, 1.72, 0.13, 0.10, 0.00, 0.19, 0.00, 0.00, 0.00, 0.00, 1.00, 0.00, 0.00, 0.00, 0.00, 1.00, 1.00, 1.00, 1.00, 0.00, 1.00, 0.00, 0.00, 0.00, 0.00
916,  0,  30.738,  0.98,  1, 0.48, 0.18, 0.06, 0.00, 0.80, 0.69, 0.25, 0.00, 1.65, 0.59, 0.33, 1.69, 0.15, 0.06, 0.00, 0.35, 0.00, 0.00, 0.00, 0.00, 1.00, 0.00, 0.00, 0.00, 0.00, 1.00, 1.00, 1.00, 1.00, 0.00, 1.00, 0.00, 0.00, 0.00, 0.00
917,  0,  30.771,  0.98,  1, 0.40, 0.17, 0.06, 0.00, 0.81, 0.81, 0.28, 0.04, 1.62, 0.58, 0.37, 1.56, 0.17, 0.02, 0.08, 0.45, 0.00, 0.00, 0.00, 0.00, 1.00, 0.00, 0.00, 0.00, 0.00, 1.00, 1.00, 1.00, 1.00, 0.00, 1.00, 0.00, 0.00, 0.00, 0.00
918,  0,  30.805,  0.98,  1, 0.34, 0.17, 0.09, 0.00, 0.81, 1.12, 0.32, 0.04, 1.61, 0.34, 0.36, 1.64, 0.06, 0.01, 0.16, 0.62, 0.00, 0.00, 0.00, 0.00, 1.00, 0.00, 0.00, 0.00, 0.00, 1.00, 1.00, 1.00, 1.00, 0.00, 1.00, 0.00, 0.00, 0.00, 0.00
919,  0,  30.839,  0.98,  1, 0.26, 0.09, 0.12, 0.00, 0.74, 1.06, 0.32, 0.04, 1.52, 0.30, 0.24, 1.51, 0.09, 0.00, 0.37, 0.59, 0.00, 0.00, 0.00, 0.00, 1.00, 0.00, 0.00, 0.00, 0.00, 1.00, 0.00, 1.00, 1.00, 0.00, 1.00, 0.00, 0.00, 0.00, 0.00
920,  0,  30.872,  0.98,  1, 0.25, 0.03, 0.15, 0.00, 0.71, 1.21, 0.29, 0.00, 1.48, 0.21, 0.15, 1.42, 0.10, 0.00, 0.29, 0.61, 0.00, 0.00, 0.00, 0.00, 1.00, 0.00, 0.00, 0.00, 0.00, 1.00, 0.00, 1.00, 1.00, 0.00, 1.00, 0.00, 0.00, 0.00, 0.00
921,  0,  30.906,  0.98,  1, 0.17, 0.03, 0.06, 0.00, 0.69, 1.21, 0.22, 0.00, 1.37, 0.32, 0.00, 1.32, 0.10, 0.00, 0.22, 0.53, 0.00, 0.00, 0.00, 0.00, 1.00, 0.00, 0.00, 0.00, 0.00, 1.00, 0.00, 1.00, 1.00, 0.00, 1.00, 0.00, 0.00, 0.00, 0.00
922,  0,  30.939,  0.98,  1, 0.14, 0.00, 0.03, 0.00, 0.71, 1.14, 0.22, 0.00, 1.37, 0.32, 0.00, 1.28, 0.05, 0.00, 0.03, 0.31, 0.00, 0.00, 0.00, 0.00, 1.00, 0.00, 0.00, 0.00, 0.00, 1.00, 1.00, 1.00, 1.00, 0.00, 1.00, 0.00, 0.00, 0.00, 0.00
923,  0,  30.973,  0.98,  1, 0.15, 0.02, 0.00, 0.00, 0.71, 1.09, 0.26, 0.00, 1.42, 0.45, 0.00, 1.20, 0.00, 0.00, 0.22, 0.22, 0.01, 0.00, 0.00, 0.00, 1.00, 0.00, 0.00, 0.00, 0.00, 1.00, 1.00, 1.00, 1.00, 0.00, 1.00, 0.00, 0.00, 0.00, 0.00
924,  0,  31.007,  0.98,  1, 0.36, 0.06, 0.07, 0.00, 0.69, 0.92, 0.23, 0.00, 1.45, 0.56, 0.05, 1.12, 0.00, 0.00, 0.26, 0.11, 0.01, 0.00, 0.00, 0.00, 1.00, 0.00, 0.00, 0.00, 0.00, 1.00, 0.00, 1.00, 1.00, 0.00, 1.00, 0.00, 0.00, 0.00, 0.00
925,  0,  31.040,  0.98,  1, 0.55, 0.08, 0.13, 0.00, 0.68, 0.87, 0.24, 0.00, 1.49, 0.58, 0.05, 1.12, 0.00, 0.00, 0.36, 0.12, 0.01, 0.00, 0.00, 0.00, 1.00, 0.00, 0.00, 0.00, 0.00, 1.00, 1.00, 1.00, 1.00, 0.00, 1.00, 0.00, 0.00, 0.00, 0.00
926,  0,  31.074,  0.98,  1, 0.65, 0.20, 0.18, 0.00, 0.69, 0.57, 0.22, 0.00, 1.49, 0.55, 0.11, 1.16, 0.00, 0.00, 0.26, 0.04, 0.18, 0.00, 0.00, 0.00, 1.00, 0.00, 0.00, 0.00, 0.00, 1.00, 1.00, 1.00, 1.00, 0.00, 1.00, 0.00, 0.00, 0.00, 0.00
927,  0,  31.107,  0.98,  1, 0.61, 0.18, 0.15, 0.00, 0.72, 0.70, 0.25, 0.00, 1.56, 0.48, 0.15, 1.20, 0.04, 0.00, 0.23, 0.12, 0.22, 0.00, 1.00, 0.00, 1.00, 0.00, 0.00, 0.00, 1.00, 1.00, 1.00, 1.00, 1.00, 0.00, 1.00, 0.00, 0.00, 0.00, 0.00
928,  0,  31.141,  0.98,  1, 0.50, 0.19, 0.13, 0.00, 0.76, 0.89, 0.21, 0.15, 1.66, 0.47, 0.27, 1.28, 0.04, 0.00, 0.18, 0.09, 0.27, 0.00, 1.00, 0.00, 1.00, 0.00, 0.00, 0.00, 1.00, 1.00, 1.00, 1.00, 1.00, 0.00, 1.00, 0.00, 0.00, 0.00, 0.00
929,  0,  31.175,  0.98,  1, 0.49, 0.35, 0.18, 0.00, 0.77, 1.01, 0.28, 0.19, 1.71, 0.61, 0.23, 1.30, 0.04, 0.00, 0.19, 0.21, 0.11, 0.00, 1.00, 0.00, 1.00, 0.00, 0.00, 0.00, 1.00, 1.00, 1.00, 1.00, 1.00, 0.00, 1.00, 0.00, 0.00, 0.00, 0.00
930,  0,  31.208,  0.98,  1, 0.39, 0.33, 0.14, 0.00, 0.75, 0.80, 0.30, 0.19, 1.65, 0.52, 0.21, 1.25, 0.05, 0.00, 0.17, 0.13, 0.07, 0.00, 1.00, 0.00, 1.00, 0.00, 0.00, 0.00, 1.00, 1.00, 1.00, 1.00, 1.00, 0.00, 1.00, 0.00, 0.00, 0.00, 0.00
931,  0,  31.242,  0.98,  1, 0.49, 0.44, 0.10, 0.00, 0.70, 0.58, 0.28, 0.05, 1.57, 0.51, 0.10, 1.09, 0.17, 0.00, 0.22, 0.16, 0.02, 0.00, 1.00, 0.00, 1.00, 0.00, 0.00, 0.00, 1.00, 1.00, 1.00, 1.00, 1.00, 0.00, 1.00, 0.00, 0.00, 0.00, 0.00
932,  0,  31.275,  0.98,  1, 0.42, 0.20, 0.00, 0.00, 0.66, 0.38, 0.23, 0.01, 1.48, 0.37, 0.10, 0.93, 0.17, 0.00, 0.16, 0.04, 0.12, 0.00, 1.00, 0.00, 1.00, 0.00, 0.00, 0.00, 1.00, 1.00, 1.00, 1.00, 1.00, 0.00, 1.00, 0.00, 0.00, 0.00, 0.00
933,  0,  31.309,  0.98,  1, 0.51, 0.24, 0.00, 0.00, 0.66, 0.31, 0.25, 0.01, 1.50, 0.51, 0.03, 0.91, 0.16, 0.00, 0.34, 0.14, 0.23, 0.00, 1.00, 0.00, 1.00, 0.00, 0.00, 0.00, 1.00, 1.00, 1.00, 1.00, 1.00, 0.00, 0.00, 0.00, 0.00, 0.00, 0.00
934,  0,  31.343,  0.98,  1, 0.48, 0.09, 0.00, 0.00, 0.72, 0.22, 0.31, 0.00, 1.45, 0.52, 0.03, 0.99, 0.05, 0.00, 0.28, 0.17, 0.30, 0.00, 0.00, 0.00, 1.00, 0.00, 0.00, 0.00, 1.00, 1.00, 1.00, 1.00, 1.00, 0.00, 0.00, 0.00, 0.00, 0.00, 0.00
935,  0,  31.376,  0.98,  1, 0.50, 0.05, 0.00, 0.00, 0.73, 0.32, 0.25, 0.03, 1.54, 0.53, 0.00, 1.10, 0.05, 0.00, 0.31, 0.29, 0.18, 0.00, 0.00, 0.00, 1.00, 0.00, 0.00, 0.00, 1.00, 1.00, 1.00, 1.00, 1.00, 0.00, 0.00, 0.00, 0.00, 0.00, 0.00
936,  0,  31.410,  0.98,  1, 0.42, 0.00, 0.03, 0.00, 0.75, 0.37, 0.21, 0.03, 1.54, 0.60, 0.08, 1.12, 0.06, 0.00, 0.24, 0.32, 0.10, 0.00, 0.00, 0.00, 1.00, 0.00, 0.00, 0.00, 0.00, 1.00, 1.00, 1.00, 1.00, 0.00, 0.00, 0.00, 0.00, 0.00, 0.00
937,  0,  31.443,  0.98,  1, 0.35, 0.06, 0.05, 0.00, 0.72, 0.57, 0.26, 0.03, 1.58, 0.64, 0.08, 1.11, 0.06, 0.00, 0.42, 0.34, 0.19, 0.00, 0.00, 0.00, 1.00, 0.00, 0.00, 0.00, 0.00, 1.00, 1.00, 1.00, 1.00, 0.00, 1.00, 0.00, 0.00, 0.00, 0.00
938,  0,  31.477,  0.98,  1, 0.31, 0.14, 0.14, 0.00, 0.74, 0.48, 0.34, 0.00, 1.46, 0.58, 0.11, 1.08, 0.06, 0.00, 0.62, 0.23, 0.19, 0.00, 0.00, 0.00, 1.00, 0.00, 0.00, 0.00, 0.00, 1.00, 1.00, 1.00, 1.00, 0.00, 1.00, 0.00, 0.00, 0.00, 0.00
939,  0,  31.511,  0.98,  1, 0.23, 0.14, 0.29, 0.00, 0.70, 0.66, 0.36, 0.00, 1.42, 0.36, 0.06, 1.02, 0.02, 0.00, 0.82, 0.19, 0.17, 0.00, 0.00, 0.00, 1.00, 0.00, 0.00, 0.00, 0.00, 1.00, 0.00, 1.00, 1.00, 0.00, 1.00, 0.00, 0.00, 0.00, 0.00
940,  0,  31.544,  0.98,  1, 0.24, 0.14, 0.35, 0.00, 0.69, 0.65, 0.27, 0.01, 1.38, 0.32, 0.12, 1.13, 0.00, 0.00, 0.78, 0.10, 0.00, 0.00, 0.00, 0.00, 1.00, 0.00, 0.00, 0.00, 0.00, 1.00, 0.00, 1.00, 1.00, 0.00, 1.00, 0.00, 0.00, 0.00, 0.00
941,  0,  31.578,  0.98,  1, 0.31, 0.13, 0.26, 0.00, 0.60, 0.69, 0.13, 0.01, 1.39, 0.26, 0.16, 1.38, 0.07, 0.00, 0.65, 0.25, 0.00, 0.00, 0.00, 0.00, 1.00, 0.00, 0.00, 0.00, 0.00, 1.00, 0.00, 1.00, 1.00, 0.00, 1.00, 0.00, 0.00, 0.00, 0.00
942,  0,  31.611,  0.98,  1, 0.43, 0.13, 0.09, 0.00, 0.56, 0.58, 0.05, 0.01, 1.33, 0.16, 0.23, 1.69, 0.09, 0.00, 0.56, 0.43, 0.00, 0.00, 0.00, 0.00, 1.00, 0.00, 0.00, 0.00, 0.00, 1.00, 0.00, 1.00, 1.00, 0.00, 1.00, 0.00, 0.00, 0.00, 0.00
943,  0,  31.645,  0.98,  1, 0.46, 0.17, 0.07, 0.00, 0.47, 0.33, 0.00, 0.06, 1.27, 0.03, 0.36, 1.77, 0.09, 0.00, 0.74, 0.57, 0.00, 0.00, 0.00, 0.00, 1.00, 0.00, 0.00, 0.00, 0.00, 1.00, 0.00, 1.00, 1.00, 0.00, 1.00, 0.00, 0.00, 0.00, 0.00
944,  0,  31.679,  0.98,  1, 0.44, 0.20, 0.12, 0.00, 0.45, 0.28, 0.00, 0.09, 1.21, 0.02, 0.32, 1.66, 0.02, 0.00, 0.93, 0.56, 0.00, 0.00, 0.00, 0.00, 1.00, 0.00, 0.00, 0.00, 0.00, 1.00, 0.00, 1.00, 1.00, 0.00, 1.00, 0.00, 0.00, 0.00, 0.00
945,  0,  31.712,  0.98,  1, 0.40, 0.20, 0.19, 0.00, 0.45, 0.27, 0.01, 0.15, 1.22, 0.04, 0.38, 1.45, 0.00, 0.00, 1.10, 0.51, 0.00, 0.00, 0.00, 0.00, 1.00, 0.00, 0.00, 0.00, 0.00, 1.00, 0.00, 1.00, 1.00, 0.00, 1.00, 0.00, 0.00, 0.00, 0.00
946,  0,  31.746,  0.98,  1, 0.33, 0.14, 0.19, 0.00, 0.41, 0.27, 0.02, 0.15, 1.19, 0.04, 0.23, 1.41, 0.01, 0.00, 1.09, 0.49, 0.00, 0.00, 0.00, 0.00, 1.00, 0.00, 0.00, 0.00, 0.00, 1.00, 0.00, 1.00, 1.00, 0.00, 1.00, 0.00, 0.00, 0.00, 0.00
947,  0,  31.779,  0.98,  1, 0.19, 0.04, 0.20, 0.00, 0.33, 0.24, 0.07, 0.21, 1.21, 0.05, 0.37, 1.44, 0.01, 0.00, 1.12, 0.64, 0.00, 0.00, 0.00, 0.00, 1.00, 0.00, 0.00, 0.00, 0.00, 1.00, 0.00, 1.00, 1.00, 0.00, 1.00, 0.00, 0.00, 0.00, 0.00
948,  0,  31.813,  0.98,  1, 0.21, 0.04, 0.21, 0.00, 0.23, 0.21, 0.09, 0.18, 1.19, 0.10, 0.40, 1.51, 0.04, 0.00, 1.18, 0.64, 0.00, 0.00, 0.00, 0.00, 1.00, 0.00, 0.00, 0.00, 0.00, 1.00, 0.00, 1.00, 1.00, 0.00, 1.00, 0.00, 0.00, 0.00, 0.00
949,  0,  31.846,  0.98,  1, 0.17, 0.00, 0.18, 0.00, 0.20, 0.22, 0.09, 0.17, 1.18, 0.11, 0.55, 1.59, 0.07, 0.00, 1.18, 0.58, 0.00, 0.00, 0.00, 0.00, 1.00, 0.00, 0.00, 0.00, 0.00, 1.00, 0.00, 1.00, 1.00, 0.00, 1.00, 0.00, 0.00, 0.00, 0.00
950,  0,  31.880,  0.98,  1, 0.25, 0.00, 0.32, 0.00, 0.21, 0.28, 0.18, 0.07, 1.14, 0.11, 0.39, 1.56, 0.07, 0.00, 1.11, 0.43, 0.00, 0.00, 0.00, 0.00, 1.00, 0.00, 0.00, 0.00, 0.00, 1.00, 0.00, 1.00, 1.00, 0.00, 1.00, 0.00, 0.00, 0.00, 0.00
951,  0,  31.914,  0.98,  1, 0.30, 0.00, 0.42, 0.00, 0.24, 0.39, 0.31, 0.04, 1.11, 0.06, 0.37, 1.52, 0.05, 0.00, 1.13, 0.39, 0.00, 0.00, 0.00, 0.00, 1.00, 0.00, 0.00, 0.00, 0.00, 1.00, 0.00, 1.00, 1.00, 0.00, 1.00, 0.00, 0.00, 0.00, 0.00
952,  0,  31.947,  0.98,  1, 0.42, 0.05, 0.41, 0.00, 0.18, 0.57, 0.40, 0.00, 1.08, 0.04, 0.36, 1.31, 0.02, 0.00, 1.19, 0.41, 0.00, 0.00, 0.00, 0.00, 1.00, 0.00, 0.00, 0.00, 0.00, 1.00, 0.00, 1.00, 1.00, 0.00, 1.00, 0.00, 0.00, 0.00, 0.00
953,  0,  31.981,  0.98,  1, 0.50, 0.13, 0.31, 0.00, 0.19, 0.68, 0.41, 0.00, 1.10, 0.17, 0.57, 1.28, 0.15, 0.00, 1.28, 0.46, 0.00, 0.00, 0.00, 0.00, 1.00, 0.00, 0.00, 0.00, 0.00, 1.00, 0.00, 1.00, 1.00, 0.00, 1.00, 0.00, 0.00, 0.00, 0.00
954,  0,  32.014,  0.98,  1, 0.51, 0.21, 0.37, 0.00, 0.24, 0.70, 0.43, 0.01, 1.13, 0.16, 0.57, 1.29, 0.21, 0.00, 1.19, 0.44, 0.00, 0.00, 0.00, 0.00, 1.00, 0.00, 0.00, 0.00, 0.00, 1.00, 0.00, 1.00, 1.00, 0.00, 1.00, 0.00, 0.00, 0.00, 0.00
955,  0,  32.048,  0.98,  1, 0.46, 0.16, 0.50, 0.00, 0.31, 0.57, 0.51, 0.01, 1.13, 0.22, 0.47, 1.35, 0.28, 0.00, 1.21, 0.41, 0.00, 0.00, 0.00, 0.00, 1.00, 0.00, 0.00, 0.00, 1.00, 1.00, 0.00, 1.00, 1.00, 0.00, 1.00, 1.00, 0.00, 0.00, 0.00
956,  0,  32.082,  0.98,  1, 0.49, 0.08, 0.59, 0.00, 0.31, 0.44, 0.47, 0.07, 1.13, 0.21, 0.42, 1.40, 0.22, 0.00, 1.23, 0.43, 0.00, 0.00, 0.00, 0.00, 1.00, 0.00, 0.00, 0.00, 1.00, 1.00, 0.00, 1.00, 1.00, 0.00, 1.00, 1.00, 0.00, 0.00, 0.00
957,  0,  32.115,  0.98,  1, 0.47, 0.00, 0.54, 0.00, 0.24, 0.29, 0.39, 0.11, 1.15, 0.38, 0.45, 1.50, 0.18, 0.00, 1.30, 0.47, 0.00, 0.00, 0.00, 0.00, 1.00, 0.00, 0.00, 0.00, 1.00, 1.00, 0.00, 1.00, 1.00, 0.00, 1.00, 1.00, 0.00, 0.00, 0.00
958,  0,  32.149,  0.98,  1, 0.46, 0.00, 0.51, 0.00, 0.23, 0.45, 0.35, 0.19, 1.19, 0.51, 0.57, 1.51, 0.10, 0.00, 1.33, 0.70, 0.00, 0.00, 0.00, 0.00, 1.00, 0.00, 0.00, 0.00, 1.00, 1.00, 0.00, 1.00, 1.00, 0.00, 1.00, 1.00, 0.00, 0.00, 0.00
959,  0,  32.182,  0.98,  1, 0.37, 0.03, 0.45, 0.00, 0.24, 0.48, 0.38, 0.17, 1.24, 0.44, 0.56, 1.52, 0.06, 0.00, 1.37, 0.88, 0.00, 0.00, 0.00, 0.00, 1.00, 0.00, 0.00, 0.00, 1.00, 1.00, 0.00, 1.00, 1.00, 0.00, 1.00, 1.00, 0.00, 0.00, 0.00
960,  0,  32.216,  0.98,  1, 0.37, 0.04, 0.43, 0.00, 0.26, 0.54, 0.42, 0.12, 1.22, 0.34, 0.41, 1.36, 0.15, 0.00, 1.34, 0.90, 0.00, 0.00, 0.00, 0.00, 1.00, 0.00, 0.00, 0.00, 1.00, 1.00, 0.00, 1.00, 1.00, 0.00, 1.00, 1.00, 0.00, 0.00, 0.00
961,  0,  32.250,  0.93,  1, 0.41, 0.07, 0.45, 0.00, 0.24, 0.57, 0.41, 0.05, 1.21, 0.26, 0.27, 1.39, 0.36, 0.00, 1.30, 0.82, 0.00, 0.00, 0.00, 0.00, 1.00, 0.00, 0.00, 0.00, 1.00, 1.00, 0.00, 1.00, 1.00, 0.00, 1.00, 1.00, 0.00, 0.00, 0.00
962,  0,  32.283,  0.98,  1, 0.49, 0.04, 0.46, 0.00, 0.24, 0.79, 0.39, 0.03, 1.19, 0.24, 0.20, 1.34, 0.42, 0.00, 1.29, 0.72, 0.04, 0.00, 0.00, 0.00, 1.00, 0.00, 0.00, 0.00, 1.00, 1.00, 0.00, 1.00, 1.00, 1.00, 1.00, 1.00, 0.00, 0.00, 0.00
963,  0,  32.317,  0.93,  1, 0.43, 0.03, 0.42, 0.00, 0.25, 0.74, 0.34, 0.03, 1.18, 0.19, 0.18, 1.41, 0.42, 0.00, 1.33, 0.76, 0.04, 0.00, 0.00, 0.00, 1.00, 0.00, 0.00, 0.00, 1.00, 1.00, 0.00, 1.00, 1.00, 1.00, 1.00, 1.00, 0.00, 0.00, 0.00
964,  0,  32.350,  0.93,  1, 0.38, 0.00, 0.46, 0.00, 0.32, 0.73, 0.40, 0.03, 1.14, 0.12, 0.28, 1.33, 0.32, 0.00, 1.35, 0.70, 0.04, 0.00, 0.00, 0.00, 1.00, 0.00, 0.00, 0.00, 0.00, 1.00, 0.00, 1.00, 1.00, 1.00, 1.00, 1.00, 0.00, 0.00, 0.00
965,  0,  32.384,  0.93,  1, 0.22, 0.00, 0.45, 0.00, 0.31, 0.44, 0.46, 0.03, 1.08, 0.15, 0.45, 1.14, 0.28, 0.00, 1.40, 0.61, 0.03, 0.00, 0.00, 0.00, 1.00, 0.00, 0.00, 0.00, 0.00, 1.00, 0.00, 1.00, 1.00, 1.00, 1.00, 1.00, 0.00, 0.00, 0.00
966,  0,  32.418,  0.98,  1, 0.26, 0.10, 0.47, 0.00, 0.32, 0.61, 0.54, 0.03, 1.06, 0.16, 0.65, 1.09, 0.24, 0.00, 1.39, 0.49, 0.03, 0.00, 0.00, 0.00, 1.00, 0.00, 0.00, 0.00, 1.00, 1.00, 0.00, 1.00, 1.00, 1.00, 1.00, 1.00, 0.00, 0.00, 0.00
967,  0,  32.451,  0.98,  1, 0.26, 0.10, 0.39, 0.00, 0.30, 0.58, 0.48, 0.02, 1.08, 0.31, 0.73, 1.13, 0.13, 0.00, 1.44, 0.49, 0.05, 0.00, 0.00, 0.00, 1.00, 0.00, 0.00, 0.00, 1.00, 1.00, 0.00, 1.00, 1.00, 1.00, 1.00, 1.00, 0.00, 0.00, 0.00
968,  0,  32.485,  0.98,  1, 0.28, 0.10, 0.33, 0.00, 0.26, 0.64, 0.41, 0.00, 1.07, 0.35, 0.75, 1.28, 0.13, 0.00, 1.36, 0.55, 0.02, 0.00, 0.00, 0.00, 1.00, 0.00, 0.00, 0.00, 1.00, 1.00, 0.00, 1.00, 1.00, 1.00, 1.00, 1.00, 0.00, 0.00, 0.00
969,  0,  32.518,  0.98,  1, 0.18, 0.00, 0.36, 0.00, 0.25, 0.52, 0.43, 0.00, 1.08, 0.28, 0.73, 1.27, 0.05, 0.00, 1.30, 0.54, 0.04, 0.00, 0.00, 0.00, 1.00, 0.00, 0.00, 0.00, 1.00, 1.00, 0.00, 1.00, 1.00, 1.00, 1.00, 1.00, 0.00, 0.00, 0.00
970,  0,  32.552,  0.93,  1, 0.14, 0.00, 0.36, 0.00, 0.18, 0.51, 0.48, 0.00, 1.03, 0.18, 0.76, 1.29, 0.13, 0.00, 1.14, 0.57, 0.03, 0.00, 0.00, 0.00, 1.00, 0.00, 0.00, 0.00, 1.00, 1.00, 0.00, 1.00, 1.00, 1.00, 1.00, 1.00, 0.00, 0.00, 0.00
971,  0,  32.586,  0.93,  1, 0.18, 0.00, 0.34, 0.00, 0.19, 0.44, 0.48, 0.00, 1.02, 0.09, 0.65, 1.26, 0.09, 0.00, 1.15, 0.53, 0.03, 0.00, 0.00, 0.00, 1.00, 0.00, 0.00, 0.00, 1.00, 1.00, 0.00, 1.00, 1.00, 1.00, 1.00, 1.00, 0.00, 0.00, 0.00
972,  0,  32.619,  0.93,  1, 0.32, 0.00, 0.18, 0.00, 0.20, 0.46, 0.41, 0.00, 1.01, 0.17, 0.65, 1.30, 0.16, 0.00, 1.17, 0.62, 0.01, 0.00, 0.00, 0.00, 1.00, 0.00, 0.00, 0.00, 1.00, 1.00, 0.00, 1.00, 1.00, 1.00, 1.00, 1.00, 0.00, 0.00, 0.00
973,  0,  32.653,  0.98,  1, 0.44, 0.00, 0.14, 0.00, 0.21, 0.28, 0.39, 0.00, 0.97, 0.12, 0.52, 1.29, 0.11, 0.00, 1.29, 0.57, 0.05, 0.00, 0.00, 0.00, 1.00, 0.00, 0.00, 0.00, 1.00, 1.00, 0.00, 1.00, 1.00, 1.00, 1.00, 1.00, 0.00, 0.00, 0.00
974,  0,  32.686,  0.93,  1, 0.52, 0.02, 0.15, 0.00, 0.22, 0.47, 0.46, 0.00, 0.89, 0.26, 0.48, 1.32, 0.10, 0.00, 1.20, 0.51, 0.05, 0.00, 0.00, 0.00, 1.00, 0.00, 0.00, 0.00, 1.00, 1.00, 0.00, 1.00, 1.00, 1.00, 1.00, 0.00, 0.00, 0.00, 0.00
975,  0,  32.720,  0.98,  1, 0.52, 0.04, 0.26, 0.00, 0.18, 0.51, 0.51, 0.00, 0.90, 0.30, 0.41, 1.32, 0.06, 0.00, 1.10, 0.38, 0.05, 0.00, 0.00, 0.00, 1.00, 0.00, 0.00, 0.00, 1.00, 1.00, 0.00, 1.00, 1.00, 1.00, 1.00, 0.00, 0.00, 0.00, 0.00
976,  0,  32.754,  0.98,  1, 0.54, 0.04, 0.30, 0.00, 0.26, 0.68, 0.53, 0.00, 0.88, 0.33, 0.43, 1.37, 0.24, 0.00, 0.92, 0.45, 0.00, 0.00, 0.00, 0.00, 1.00, 0.00, 0.00, 0.00, 1.00, 1.00, 0.00, 1.00, 1.00, 1.00, 1.00, 0.00, 0.00, 0.00, 0.00
977,  0,  32.787,  0.98,  1, 0.53, 0.03, 0.30, 0.00, 0.35, 0.77, 0.48, 0.00, 0.95, 0.26, 0.52, 1.46, 0.41, 0.00, 0.83, 0.51, 0.00, 0.00, 0.00, 0.00, 1.00, 0.00, 0.00, 0.00, 1.00, 1.00, 0.00, 1.00, 1.00, 1.00, 1.00, 0.00, 0.00, 0.00, 0.00
978,  0,  32.821,  0.93,  1, 0.48, 0.00, 0.38, 0.00, 0.43, 0.91, 0.45, 0.13, 0.92, 0.22, 0.63, 1.48, 0.65, 0.00, 0.79, 0.62, 0.08, 0.00, 0.00, 0.00, 1.00, 0.00, 0.00, 0.00, 1.00, 0.00, 0.00, 1.00, 1.00, 1.00, 1.00, 0.00, 0.00, 0.00, 1.00
979,  0,  32.854,  0.93,  1, 0.43, 0.00, 0.51, 0.00, 0.44, 1.14, 0.43, 0.23, 0.94, 0.22, 0.69, 1.46, 0.61, 0.00, 0.89, 0.54, 0.08, 0.00, 0.00, 0.00, 1.00, 0.00, 0.00, 0.00, 1.00, 0.00, 0.00, 1.00, 1.00, 1.00, 1.00, 0.00, 0.00, 0.00, 1.00
980,  0,  32.888,  0.93,  1, 0.41, 0.02, 0.65, 0.00, 0.36, 1.12, 0.42, 0.25, 0.87, 0.34, 0.73, 1.44, 0.52, 0.00, 0.86, 0.55, 0.11, 0.00, 0.00, 0.00, 1.00, 0.00, 0.00, 0.00, 1.00, 0.00, 0.00, 1.00, 1.00, 1.00, 1.00, 0.00, 0.00, 0.00, 1.00
981,  0,  32.921,  0.98,  1, 0.44, 0.03, 0.66, 0.00, 0.31, 1.02, 0.39, 0.12, 0.83, 0.36, 0.63, 1.58, 0.29, 0.00, 0.87, 0.64, 0.10, 0.00, 0.00, 0.00, 1.00, 0.00, 0.00, 0.00, 0.00, 0.00, 0.00, 1.00, 1.00, 1.00, 1.00, 0.00, 0.00, 0.00, 1.00
982,  0,  32.955,  0.98,  1, 0.47, 0.03, 0.59, 0.00, 0.22, 0.90, 0.40, 0.03, 0.77, 0.28, 0.70, 1.88, 0.29, 0.00, 0.50, 0.85, 0.25, 0.00, 0.00, 0.00, 1.00, 0.00, 0.00, 0.00, 0.00, 0.00, 0.00, 1.00, 1.00, 1.00, 1.00, 0.00, 0.00, 0.00, 1.00
983,  0,  32.989,  0.98,  1, 0.63, 0.04, 0.53, 0.00, 0.17, 0.90, 0.38, 0.00, 0.68, 0.10, 1.03, 2.15, 0.27, 0.00, 0.27, 0.83, 0.25, 0.00, 0.00, 0.00, 1.00, 0.00, 0.00, 0.00, 0.00, 0.00, 0.00, 1.00, 1.00, 1.00, 1.00, 0.00, 0.00, 0.00, 1.00
984,  0,  33.022,  0.98,  1, 0.78, 0.07, 0.52, 0.00, 0.09, 0.93, 0.28, 0.00, 0.57, 0.00, 1.74, 2.59, 0.35, 0.00, 0.00, 0.76, 0.26, 0.00, 0.00, 0.00, 1.00, 0.00, 0.00, 0.00, 0.00, 0.00, 0.00, 1.00, 1.00, 1.00, 1.00, 0.00, 0.00, 0.00, 1.00
985,  0,  33.056,  0.93,  1, 0.91, 0.17, 0.52, 0.00, 0.05, 1.02, 0.18, 0.01, 0.49, 0.13, 2.26, 2.89, 0.28, 0.00, 0.00, 0.70, 0.11, 0.00, 0.00, 0.00, 1.00, 0.00, 0.00, 0.00, 0.00, 0.00, 0.00, 1.00, 1.00, 1.00, 1.00, 0.00, 0.00, 0.00, 0.00
986,  0,  33.089,  0.93,  1, 0.90, 0.21, 0.53, 0.00, 0.02, 0.91, 0.19, 0.03, 0.46, 0.18, 2.44, 3.15, 0.39, 0.00, 0.00, 0.83, 0.08, 0.00, 0.00, 0.00, 1.00, 0.00, 0.00, 0.00, 0.00, 0.00, 0.00, 1.00, 1.00, 1.00, 0.00, 0.00, 0.00, 0.00, 0.00
987,  0,  33.123,  0.98,  1, 0.89, 0.17, 0.54, 0.00, 0.04, 0.97, 0.28, 0.03, 0.41, 0.31, 2.38, 3.08, 0.49, 0.00, 0.00, 0.81, 0.00, 0.00, 0.00, 0.00, 1.00, 0.00, 0.00, 0.00, 0.00, 0.00, 0.00, 1.00, 1.00, 1.00, 1.00, 0.00, 0.00, 0.00, 0.00
988,  0,  33.157,  0.93,  1, 0.87, 0.07, 0.58, 0.00, 0.03, 0.98, 0.33, 0.02, 0.37, 0.25, 2.29, 2.96, 0.57, 0.00, 0.00, 0.86, 0.00, 0.00, 0.00, 0.00, 1.00, 0.00, 0.00, 0.00, 0.00, 0.00, 0.00, 1.00, 1.00, 1.00, 1.00, 0.00, 0.00, 0.00, 0.00
989,  0,  33.190,  0.93,  1, 0.85, 0.00, 0.51, 0.00, 0.07, 1.11, 0.30, 0.00, 0.32, 0.38, 2.19, 2.80, 0.70, 0.00, 0.00, 0.76, 0.00, 0.00, 0.00, 0.00, 1.00, 0.00, 0.00, 0.00, 0.00, 0.00, 0.00, 1.00, 1.00, 1.00, 1.00, 0.00, 0.00, 0.00, 0.00
990,  0,  33.224,  0.93,  1, 0.76, 0.00, 0.48, 0.00, 0.06, 1.14, 0.34, 0.00, 0.30, 0.43, 2.11, 2.82, 0.73, 0.00, 0.00, 0.86, 0.00, 0.00, 0.00, 0.00, 1.00, 0.00, 0.00, 0.00, 0.00, 0.00, 0.00, 1.00, 1.00, 1.00, 1.00, 0.00, 0.00, 0.00, 0.00
991,  0,  33.257,  0.98,  1, 0.68, 0.01, 0.41, 0.00, 0.06, 0.96, 0.38, 0.00, 0.26, 0.60, 2.05, 2.75, 0.68, 0.00, 0.00, 0.79, 0.03, 0.00, 0.00, 0.00, 1.00, 0.00, 0.00, 0.00, 0.00, 0.00, 1.00, 1.00, 1.00, 1.00, 1.00, 0.00, 0.00, 0.00, 0.00
992,  0,  33.291,  0.93,  1, 0.64, 0.01, 0.44, 0.00, 0.02, 0.85, 0.37, 0.00, 0.28, 0.70, 2.11, 2.78, 0.58, 0.05, 0.00, 0.96, 0.11, 0.00, 0.00, 0.00, 1.00, 0.00, 0.00, 0.00, 0.00, 0.00, 1.00, 1.00, 1.00, 1.00, 1.00, 0.00, 0.00, 0.00, 1.00
993,  0,  33.325,  0.98,  1, 0.57, 0.03, 0.37, 0.00, 0.00, 0.63, 0.32, 0.01, 0.32, 0.84, 2.10, 2.88, 0.39, 0.22, 0.00, 1.09, 0.11, 0.00, 0.00, 0.00, 1.00, 0.00, 0.00, 0.00, 0.00, 0.00, 1.00, 1.00, 1.00, 1.00, 1.00, 0.00, 0.00, 0.00, 1.00
994,  0,  33.358,  0.98,  1, 0.63, 0.08, 0.41, 0.00, 0.00, 0.79, 0.18, 0.07, 0.37, 0.91, 2.24, 2.83, 0.27, 0.29, 0.00, 1.43, 0.13, 0.00, 0.00, 0.00, 1.00, 0.00, 0.00, 0.00, 0.00, 0.00, 1.00, 1.00, 1.00, 1.00, 1.00, 0.00, 0.00, 0.00, 1.00
995,  0,  33.392,  0.98,  1, 0.65, 0.14, 0.48, 0.00, 0.00, 0.90, 0.09, 0.08, 0.35, 0.87, 2.10, 2.85, 0.14, 0.35, 0.00, 1.66, 0.05, 0.00, 0.00, 0.00, 1.00, 0.00, 0.00, 0.00, 0.00, 0.00, 0.00, 1.00, 1.00, 1.00, 1.00, 0.00, 0.00, 0.00, 1.00
996,  0,  33.425,  0.93,  1, 0.79, 0.24, 0.52, 0.00, 0.00, 1.04, 0.00, 0.08, 0.31, 0.76, 2.04, 2.67, 0.14, 0.33, 0.00, 1.83, 0.05, 0.00, 0.00, 0.00, 1.00, 0.00, 0.00, 0.00, 0.00, 0.00, 0.00, 1.00, 1.00, 1.00, 1.00, 0.00, 1.00, 0.00, 1.00
997,  0,  33.459,  0.93,  1, 0.79, 0.23, 0.53, 0.00, 0.00, 1.04, 0.00, 0.05, 0.32, 0.77, 1.84, 2.73, 0.14, 0.29, 0.00, 1.86, 0.00, 0.00, 0.00, 0.00, 1.00, 0.00, 0.00, 0.00, 0.00, 0.00, 0.00, 1.00, 1.00, 0.00, 1.00, 0.00, 1.00, 0.00, 1.00
998,  0,  33.493,  0.98,  1, 0.72, 0.27, 0.51, 0.00, 0.00, 1.03, 0.00, 0.07, 0.38, 0.83, 1.84, 2.54, 0.07, 0.24, 0.00, 1.87, 0.00, 0.00, 0.00, 0.00, 1.00, 0.00, 0.00, 0.00, 0.00, 0.00, 0.00, 1.00, 1.00, 0.00, 1.00, 0.00, 1.00, 0.00, 1.00
999,  0,  33.526,  0.98,  1, 0.63, 0.39, 0.57, 0.00, 0.00, 0.96, 0.00, 0.10, 0.43, 0.91, 1.87, 2.47, 0.00, 0.19, 0.00, 1.97, 0.00, 0.00, 0.00, 0.00, 1.00, 0.00, 0.00, 0.00, 0.00, 0.00, 0.00, 1.00, 1.00, 1.00, 1.00, 0.00, 1.00, 0.00, 1.00
1000,  0,  33.560,  0.93,  1, 0.57, 0.47, 0.63, 0.00, 0.00, 0.98, 0.00, 0.07, 0.38, 0.85, 1.96, 2.12, 0.00, 0.16, 0.00, 2.00, 0.00, 0.00, 0.00, 0.00, 1.00, 0.00, 0.00, 0.00, 0.00, 0.00, 0.00, 1.00, 1.00, 1.00, 1.00, 0.00, 1.00, 0.00, 1.00
1001,  0,  33.593,  0.93,  1, 0.59, 0.56, 0.65, 0.00, 0.00, 1.00, 0.00, 0.03, 0.27, 0.57, 2.01, 2.00, 0.00, 0.09, 0.00, 2.04, 0.00, 0.00, 0.00, 0.00, 1.00, 0.00, 0.00, 0.00, 0.00, 0.00, 0.00, 1.00, 1.00, 1.00, 1.00, 0.00, 1.00, 0.00, 1.00
1002,  0,  33.627,  0.98,  1, 0.60, 0.47, 0.65, 0.00, 0.00, 1.02, 0.00, 0.04, 0.21, 0.28, 1.92, 1.64, 0.07, 0.00, 0.01, 1.96, 0.00, 0.00, 0.00, 0.00, 1.00, 0.00, 0.00, 0.00, 0.00, 0.00, 0.00, 1.00, 1.00, 1.00, 1.00, 0.00, 1.00, 0.00, 1.00
1003,  0,  33.661,  0.93,  1, 0.59, 0.41, 0.65, 0.00, 0.00, 0.81, 0.00, 0.09, 0.21, 0.04, 1.77, 1.46, 0.07, 0.00, 0.06, 2.06, 0.00, 0.00, 0.00, 0.00, 1.00, 0.00, 0.00, 0.00, 0.00, 0.00, 0.00, 1.00, 1.00, 1.00, 1.00, 0.00, 1.00, 0.00, 1.00
1004,  0,  33.694,  0.98,  1, 0.56, 0.30, 0.62, 0.00, 0.00, 0.66, 0.00, 0.20, 0.28, 0.05, 1.66, 1.20, 0.12, 0.00, 0.17, 2.09, 0.00, 0.00, 0.00, 0.00, 1.00, 0.00, 0.00, 0.00, 0.00, 0.00, 0.00, 1.00, 1.00, 1.00, 1.00, 0.00, 1.00, 0.00, 1.00
1005,  0,  33.728,  0.93,  1, 0.56, 0.21, 0.55, 0.00, 0.00, 0.63, 0.00, 0.33, 0.33, 0.13, 1.63, 1.13, 0.15, 0.00, 0.33, 2.04, 0.00, 0.00, 0.00, 0.00, 1.00, 0.00, 0.00, 0.00, 0.00, 0.00, 0.00, 1.00, 1.00, 1.00, 1.00, 0.00, 1.00, 0.00, 1.00
