frame, face_id, timestamp, confidence, success, AU01_r, AU02_r, AU04_r, AU05_r, AU06_r, AU07_r, AU09_r, AU10_r, AU12_r, AU14_r, AU15_r, AU17_r, AU20_r, AU23_r, AU25_r, AU26_r, AU45_r, AU01_c, AU02_c, AU04_c, AU05_c, AU06_c, AU07_c, AU09_c, AU10_c, AU12_c, AU14_c, AU15_c, AU17_c, AU20_c, AU23_c, AU25_c, AU26_c, AU28_c, AU45_c
1,  0,  0.000,  0.98,  1, 0.97, 0.12, 0.37, 0.00, 1.74, 2.14, 0.00, 1.55, 1.04, 1.76, 1.16, 0.78, 1.29, 0.00, 0.00, 0.00, 0.65, 1.00, 0.00, 0.00, 0.00, 1.00, 1.00, 0.00, 1.00, 1.00, 1.00, 1.00, 0.00, 1.00, 0.00, 0.00, 0.00, 0.00, 0.00
2,  0,  0.034,  0.98,  1, 0.96, 0.10, 0.32, 0.01, 1.90, 2.33, 0.00, 1.62, 1.11, 1.68, 1.33, 0.83, 1.31, 0.13, 0.00, 0.00, 0.55, 1.00, 0.00, 0.00, 0.00, 1.00, 1.00, 0.00, 1.00, 1.00, 1.00, 1.00, 1.00, 1.00, 0.00, 0.00, 0.00, 0.00, 0.00
3,  0,  0.067,  0.98,  1, 0.93, 0.11, 0.37, 0.01, 1.95, 2.45, 0.00, 1.62, 1.13, 1.78, 1.41, 0.86, 1.35, 0.27, 0.00, 0.00, 0.54, 1.00, 0.00, 0.00, 0.00, 1.00, 1.00, 0.00, 1.00, 1.00, 1.00, 1.00, 1.00, 1.00, 0.00, 0.00, 0.00, 0.00, 0.00
4,  0,  0.101,  0.98,  1, 0.91, 0.09, 0.48, 0.05, 1.92, 2.30, 0.00, 1.65, 1.14, 1.87, 1.33, 0.87, 1.43, 0.24, 0.00, 0.00, 0.48, 1.00, 0.00, 0.00, 0.00, 1.00, 1.00, 0.00, 1.00, 1.00, 1.00, 1.00, 1.00, 1.00, 0.00, 0.00, 0.00, 0.00, 0.00
5,  0,  0.134,  0.98,  1, 0.92, 0.14, 0.53, 0.04, 1.86, 2.25, 0.00, 1.64, 1.15, 1.86, 1.34, 0.78, 1.48, 0.22, 0.00, 0.00, 0.57, 1.00, 0.00, 0.00, 0.00, 1.00, 1.00, 0.00, 1.00, 1.00, 1.00, 1.00, 1.00, 1.00, 0.00, 0.00, 0.00, 0.00, 0.00
6,  0,  0.168,  0.98,  1, 0.95, 0.16, 0.52, 0.07, 1.87, 2.22, 0.00, 1.68, 1.18, 1.81, 1.14, 0.74, 1.39, 0.16, 0.00, 0.00, 0.53, 1.00, 0.00, 0.00, 0.00, 1.00, 1.00, 0.00, 1.00, 1.00, 1.00, 1.00, 1.00, 1.00, 0.00, 0.00, 0.00, 0.00, 0.00
7,  0,  0.202,  0.98,  1, 1.00, 0.23, 0.50, 0.05, 1.87, 2.38, 0.00, 1.58, 1.15, 1.81, 1.11, 0.73, 1.21, 0.19, 0.00, 0.00, 0.53, 1.00, 0.00, 0.00, 0.00, 1.00, 1.00, 0.00, 1.00, 1.00, 1.00, 1.00, 1.00, 1.00, 0.00, 0.00, 0.00, 0.00, 0.00
8,  0,  0.235,  0.98,  1, 1.00, 0.24, 0.50, 0.09, 1.91, 2.41, 0.00, 1.51, 1.18, 1.88, 1.04, 0.75, 1.02, 0.25, 0.00, 0.00, 0.52, 1.00, 0.00, 0.00, 0.00, 1.00, 1.00, 0.00, 1.00, 1.00, 1.00, 1.00, 1.00, 1.00, 0.00, 0.00, 0.00, 0.00, 0.00
9,  0,  0.269,  0.98,  1, 1.01, 0.26, 0.52, 0.15, 1.90, 2.36, 0.00, 1.43, 1.14, 1.86, 1.10, 0.69, 0.95, 0.26, 0.00, 0.00, 0.49, 1.00, 0.00, 0.00, 0.00, 1.00, 1.00, 0.00, 1.00, 1.00, 1.00, 1.00, 1.00, 1.00, 0.00, 0.00, 0.00, 0.00, 0.00
10,  0,  0.302,  0.98,  1, 0.97, 0.19, 0.54, 0.17, 1.87, 2.26, 0.00, 1.45, 1.11, 1.80, 1.07, 0.66, 1.07, 0.21, 0.00, 0.00, 0.45, 1.00, 0.00, 0.00, 0.00, 1.00, 1.00, 0.00, 1.00, 1.00, 1.00, 1.00, 1.00, 1.00, 0.00, 0.00, 0.00, 0.00, 0.00
11,  0,  0.336,  0.98,  1, 0.96, 0.19, 0.56, 0.14, 1.85, 2.28, 0.00, 1.47, 1.02, 1.69, 0.96, 0.74, 1.10, 0.09, 0.00, 0.00, 0.45, 1.00, 0.00, 0.00, 0.00, 1.00, 1.00, 0.00, 1.00, 1.00, 1.00, 1.00, 1.00, 1.00, 0.00, 0.00, 0.00, 0.00, 0.00
12,  0,  0.370,  0.98,  1, 0.92, 0.16, 0.59, 0.06, 1.83, 2.29, 0.00, 1.58, 1.07, 1.59, 0.88, 0.80, 1.06, 0.05, 0.00, 0.00, 0.40, 1.00, 0.00, 0.00, 0.00, 1.00, 1.00, 0.00, 1.00, 1.00, 1.00, 1.00, 1.00, 1.00, 0.00, 0.00, 0.00, 0.00, 0.00
13,  0,  0.403,  0.98,  1, 0.93, 0.18, 0.62, 0.02, 1.84, 2.41, 0.00, 1.61, 1.12, 1.61, 0.81, 0.89, 0.79, 0.10, 0.00, 0.00, 0.43, 1.00, 0.00, 0.00, 0.00, 1.00, 1.00, 0.00, 1.00, 1.00, 1.00, 1.00, 1.00, 1.00, 0.00, 0.00, 0.00, 0.00, 0.00
14,  0,  0.437,  0.98,  1, 0.88, 0.13, 0.65, 0.00, 1.81, 2.40, 0.00, 1.64, 1.11, 1.76, 0.81, 0.91, 0.76, 0.18, 0.00, 0.00, 0.41, 0.00, 0.00, 0.00, 0.00, 1.00, 1.00, 0.00, 1.00, 1.00, 1.00, 1.00, 1.00, 1.00, 0.00, 0.00, 0.00, 0.00, 0.00
15,  0,  0.470,  0.98,  1, 0.86, 0.16, 0.66, 0.09, 1.81, 2.45, 0.00, 1.59, 1.04, 1.93, 0.93, 0.93, 0.83, 0.21, 0.00, 0.00, 0.47, 0.00, 0.00, 0.00, 0.00, 1.00, 1.00, 0.00, 1.00, 1.00, 1.00, 1.00, 1.00, 1.00, 0.00, 0.00, 0.00, 0.00, 0.00
16,  0,  0.504,  0.98,  1, 0.78, 0.15, 0.74, 0.09, 1.76, 2.44, 0.00, 1.59, 0.97, 2.03, 0.83, 0.95, 0.77, 0.16, 0.00, 0.00, 0.42, 0.00, 0.00, 0.00, 0.00, 1.00, 1.00, 0.00, 1.00, 1.00, 1.00, 1.00, 1.00, 1.00, 0.00, 0.00, 0.00, 0.00, 0.00
17,  0,  0.537,  0.98,  1, 0.77, 0.17, 0.78, 0.13, 1.74, 2.45, 0.00, 1.64, 0.89, 2.07, 0.71, 0.97, 0.72, 0.07, 0.00, 0.00, 0.36, 0.00, 0.00, 0.00, 0.00, 1.00, 1.00, 0.00, 1.00, 1.00, 1.00, 1.00, 1.00, 1.00, 0.00, 0.00, 0.00, 0.00, 0.00
18,  0,  0.571,  0.98,  1, 0.77, 0.18, 0.81, 0.04, 1.68, 2.43, 0.00, 1.74, 0.89, 2.12, 0.55, 1.00, 0.60, 0.00, 0.00, 0.00, 0.28, 0.00, 0.00, 0.00, 0.00, 1.00, 1.00, 0.00, 1.00, 1.00, 1.00, 1.00, 1.00, 1.00, 0.00, 0.00, 0.00, 0.00, 0.00
19,  0,  0.605,  0.98,  1, 0.75, 0.19, 0.78, 0.11, 1.69, 2.50, 0.00, 1.80, 0.86, 2.20, 0.59, 0.92, 0.65, 0.00, 0.00, 0.00, 0.24, 0.00, 0.00, 0.00, 0.00, 1.00, 1.00, 0.00, 1.00, 1.00, 1.00, 1.00, 1.00, 1.00, 0.00, 0.00, 0.00, 0.00, 0.00
20,  0,  0.638,  0.98,  1, 0.73, 0.24, 0.74, 0.14, 1.69, 2.57, 0.00, 1.79, 0.92, 2.17, 0.56, 0.82, 0.57, 0.00, 0.00, 0.00, 0.14, 0.00, 0.00, 0.00, 0.00, 1.00, 1.00, 0.00, 1.00, 1.00, 1.00, 1.00, 1.00, 1.00, 0.00, 0.00, 0.00, 0.00, 0.00
21,  0,  0.672,  0.98,  1, 0.75, 0.30, 0.78, 0.23, 1.70, 2.70, 0.00, 1.75, 0.88, 2.13, 0.73, 0.82, 0.46, 0.00, 0.00, 0.00, 0.10, 0.00, 0.00, 0.00, 0.00, 1.00, 1.00, 0.00, 1.00, 1.00, 1.00, 1.00, 1.00, 1.00, 0.00, 0.00, 0.00, 0.00, 0.00
22,  0,  0.705,  0.98,  1, 0.86, 0.34, 0.79, 0.25, 1.64, 2.67, 0.00, 1.78, 0.85, 2.11, 0.84, 0.92, 0.44, 0.00, 0.00, 0.00, 0.04, 0.00, 0.00, 0.00, 0.00, 1.00, 1.00, 0.00, 1.00, 1.00, 1.00, 1.00, 1.00, 1.00, 0.00, 0.00, 0.00, 0.00, 0.00
23,  0,  0.739,  0.98,  1, 0.89, 0.26, 0.81, 0.17, 1.60, 2.65, 0.00, 1.85, 0.79, 2.22, 0.99, 1.06, 0.54, 0.00, 0.00, 0.00, 0.03, 0.00, 0.00, 0.00, 0.00, 1.00, 1.00, 0.00, 1.00, 1.00, 1.00, 1.00, 1.00, 1.00, 0.00, 0.00, 0.00, 0.00, 0.00
24,  0,  0.773,  0.98,  1, 0.87, 0.16, 0.77, 0.08, 1.56, 2.64, 0.00, 1.89, 0.76, 2.17, 0.77, 1.02, 0.68, 0.00, 0.00, 0.00, 0.00, 0.00, 0.00, 0.00, 0.00, 1.00, 1.00, 0.00, 1.00, 1.00, 1.00, 1.00, 1.00, 1.00, 0.00, 0.00, 0.00, 0.00, 0.00
25,  0,  0.806,  0.98,  1, 0.83, 0.20, 0.72, 0.00, 1.59, 2.71, 0.00, 1.91, 0.81, 2.18, 0.64, 0.95, 0.64, 0.00, 0.00, 0.00, 0.00, 0.00, 0.00, 0.00, 0.00, 1.00, 1.00, 0.00, 1.00, 1.00, 1.00, 1.00, 1.00, 1.00, 0.00, 0.00, 0.00, 0.00, 0.00
26,  0,  0.840,  0.98,  1, 0.87, 0.25, 0.72, 0.00, 1.61, 2.87, 0.00, 1.95, 0.86, 2.05, 0.66, 0.85, 0.57, 0.02, 0.00, 0.00, 0.02, 0.00, 0.00, 0.00, 0.00, 1.00, 1.00, 0.00, 1.00, 1.00, 1.00, 1.00, 1.00, 1.00, 0.00, 0.00, 0.00, 0.00, 0.00
27,  0,  0.873,  0.98,  1, 0.85, 0.20, 0.68, 0.00, 1.62, 2.84, 0.00, 1.96, 0.93, 1.98, 0.59, 0.81, 0.58, 0.04, 0.00, 0.00, 0.02, 0.00, 0.00, 0.00, 0.00, 1.00, 1.00, 0.00, 1.00, 1.00, 1.00, 1.00, 1.00, 1.00, 0.00, 0.00, 0.00, 0.00, 0.00
28,  0,  0.907,  0.98,  1, 0.83, 0.09, 0.71, 0.00, 1.64, 2.82, 0.00, 1.95, 0.96, 1.98, 0.61, 0.80, 0.67, 0.07, 0.00, 0.00, 0.02, 0.00, 0.00, 0.00, 0.00, 1.00, 1.00, 0.00, 1.00, 1.00, 1.00, 1.00, 1.00, 1.00, 0.00, 0.00, 0.00, 0.00, 0.00
29,  0,  0.941,  0.98,  1, 0.75, 0.07, 0.72, 0.00, 1.64, 2.61, 0.00, 1.95, 0.99, 2.09, 0.42, 0.87, 0.79, 0.05, 0.00, 0.00, 0.13, 0.00, 0.00, 0.00, 0.00, 1.00, 1.00, 0.00, 1.00, 1.00, 1.00, 1.00, 1.00, 1.00, 0.00, 0.00, 0.00, 0.00, 0.00
30,  0,  0.974,  0.98,  1, 0.79, 0.15, 0.82, 0.00, 1.67, 2.53, 0.00, 1.91, 0.97, 2.15, 0.42, 1.03, 0.72, 0.03, 0.00, 0.00, 0.27, 0.00, 0.00, 0.00, 0.00, 1.00, 1.00, 0.00, 1.00, 1.00, 1.00, 1.00, 1.00, 1.00, 0.00, 0.00, 0.00, 0.00, 0.00
31,  0,  1.008,  0.98,  1, 0.78, 0.16, 0.86, 0.02, 1.67, 2.43, 0.00, 1.96, 1.01, 2.01, 0.52, 1.02, 0.80, 0.00, 0.00, 0.00, 0.45, 1.00, 1.00, 0.00, 0.00, 1.00, 1.00, 0.00, 1.00, 1.00, 1.00, 1.00, 1.00, 1.00, 0.00, 0.00, 0.00, 0.00, 0.00
32,  0,  1.041,  0.98,  1, 0.81, 0.17, 0.89, 0.02, 1.67, 2.43, 0.00, 1.96, 1.02, 1.90, 0.63, 0.90, 0.68, 0.00, 0.00, 0.00, 0.52, 1.00, 1.00, 0.00, 0.00, 1.00, 1.00, 0.00, 1.00, 1.00, 1.00, 1.00, 1.00, 1.00, 0.00, 0.00, 0.00, 0.00, 0.00
33,  0,  1.075,  0.98,  1, 0.77, 0.24, 0.86, 0.02, 1.70, 2.49, 0.00, 2.08, 1.06, 1.88, 0.83, 0.70, 0.83, 0.00, 0.00, 0.00, 0.47, 1.00, 1.00, 0.00, 0.00, 1.00, 1.00, 0.00, 1.00, 1.00, 1.00, 1.00, 1.00, 1.00, 0.00, 0.00, 0.00, 0.00, 0.00
34,  0,  1.109,  0.98,  1, 0.69, 0.26, 0.78, 0.00, 1.72, 2.41, 0.00, 2.01, 1.08, 1.92, 1.03, 0.54, 0.72, 0.00, 0.00, 0.00, 0.39, 1.00, 1.00, 0.00, 0.00, 1.00, 1.00, 0.00, 1.00, 1.00, 1.00, 1.00, 0.00, 1.00, 0.00, 0.00, 0.00, 0.00, 0.00
35,  0,  1.142,  0.98,  1, 0.69, 0.28, 0.74, 0.02, 1.73, 2.36, 0.00, 1.98, 1.12, 1.94, 1.18, 0.39, 0.82, 0.00, 0.00, 0.00, 0.41, 1.00, 0.00, 0.00, 0.00, 1.00, 1.00, 0.00, 1.00, 1.00, 1.00, 1.00, 0.00, 1.00, 0.00, 0.00, 0.00, 0.00, 0.00
36,  0,  1.176,  0.98,  1, 0.71, 0.30, 0.68, 0.02, 1.72, 2.25, 0.00, 2.01, 1.13, 2.03, 1.26, 0.25, 0.82, 0.00, 0.00, 0.00, 0.47, 1.00, 0.00, 0.00, 0.00, 1.00, 1.00, 0.00, 1.00, 1.00, 1.00, 1.00, 0.00, 1.00, 0.00, 0.00, 0.00, 0.00, 0.00
37,  0,  1.209,  0.98,  1, 0.77, 0.34, 0.69, 0.02, 1.71, 2.13, 0.00, 2.07, 1.11, 2.08, 1.05, 0.42, 0.76, 0.00, 0.00, 0.00, 0.54, 1.00, 0.00, 0.00, 0.00, 1.00, 1.00, 0.00, 1.00, 1.00, 1.00, 1.00, 0.00, 1.00, 0.00, 0.00, 0.00, 0.00, 0.00
38,  0,  1.243,  0.98,  1, 0.68, 0.31, 0.59, 0.00, 1.69, 2.12, 0.00, 2.06, 1.07, 1.96, 1.04, 0.56, 0.74, 0.00, 0.00, 0.00, 0.41, 1.00, 0.00, 0.00, 0.00, 1.00, 1.00, 0.00, 1.00, 1.00, 1.00, 1.00, 0.00, 1.00, 0.00, 0.00, 0.00, 0.00, 0.00
39,  0,  1.276,  0.98,  1, 0.61, 0.20, 0.55, 0.00, 1.68, 2.16, 0.00, 2.07, 1.07, 1.73, 0.96, 0.68, 0.70, 0.00, 0.00, 0.00, 0.35, 1.00, 0.00, 0.00, 0.00, 1.00, 1.00, 0.00, 1.00, 1.00, 1.00, 1.00, 1.00, 1.00, 0.00, 0.00, 0.00, 0.00, 0.00
40,  0,  1.310,  0.98,  1, 0.60, 0.23, 0.56, 0.00, 1.69, 2.45, 0.00, 2.09, 1.09, 1.73, 1.04, 0.61, 0.54, 0.00, 0.00, 0.00, 0.34, 1.00, 0.00, 0.00, 0.00, 1.00, 1.00, 0.00, 1.00, 1.00, 1.00, 1.00, 1.00, 1.00, 0.00, 0.00, 0.00, 0.00, 0.00
41,  0,  1.344,  0.98,  1, 0.65, 0.32, 0.65, 0.00, 1.71, 2.62, 0.00, 2.22, 1.09, 1.94, 1.03, 0.59, 0.33, 0.00, 0.00, 0.00, 0.35, 1.00, 0.00, 0.00, 0.00, 1.00, 1.00, 0.00, 1.00, 1.00, 1.00, 1.00, 1.00, 1.00, 0.00, 0.00, 0.00, 0.00, 0.00
42,  0,  1.377,  0.98,  1, 0.65, 0.42, 0.70, 0.00, 1.68, 2.73, 0.00, 2.25, 1.08, 2.05, 1.01, 0.67, 0.03, 0.00, 0.00, 0.00, 0.37, 1.00, 0.00, 0.00, 0.00, 1.00, 1.00, 0.00, 1.00, 1.00, 1.00, 1.00, 1.00, 1.00, 0.00, 0.00, 0.00, 0.00, 0.00
43,  0,  1.411,  0.98,  1, 0.68, 0.47, 0.75, 0.00, 1.64, 2.60, 0.00, 2.28, 1.02, 2.08, 1.01, 0.74, 0.11, 0.00, 0.00, 0.00, 0.31, 1.00, 0.00, 0.00, 0.00, 1.00, 1.00, 0.00, 1.00, 1.00, 1.00, 1.00, 1.00, 1.00, 0.00, 0.00, 0.00, 0.00, 0.00
44,  0,  1.444,  0.98,  1, 0.64, 0.44, 0.77, 0.00, 1.59, 2.47, 0.00, 2.26, 0.97, 2.13, 1.05, 0.82, 0.08, 0.00, 0.00, 0.00, 0.31, 1.00, 0.00, 0.00, 0.00, 1.00, 1.00, 0.00, 1.00, 1.00, 1.00, 1.00, 1.00, 1.00, 0.00, 0.00, 0.00, 0.00, 0.00
45,  0,  1.478,  0.98,  1, 0.66, 0.42, 0.83, 0.00, 1.60, 2.37, 0.00, 2.21, 0.91, 2.33, 1.28, 0.83, 0.08, 0.00, 0.00, 0.00, 0.23, 1.00, 0.00, 0.00, 0.00, 1.00, 1.00, 0.00, 1.00, 1.00, 1.00, 1.00, 1.00, 1.00, 0.00, 0.00, 0.00, 0.00, 0.00
46,  0,  1.512,  0.98,  1, 0.60, 0.40, 0.80, 0.00, 1.62, 2.43, 0.00, 2.21, 0.95, 2.24, 1.21, 0.80, 0.04, 0.00, 0.00, 0.00, 0.13, 1.00, 0.00, 0.00, 0.00, 1.00, 1.00, 0.00, 1.00, 1.00, 1.00, 1.00, 1.00, 1.00, 0.00, 0.00, 0.00, 0.00, 0.00
47,  0,  1.545,  0.98,  1, 0.62, 0.37, 0.80, 0.00, 1.66, 2.43, 0.00, 2.20, 0.99, 2.15, 1.32, 0.89, 0.11, 0.00, 0.00, 0.00, 0.06, 1.00, 0.00, 0.00, 0.00, 1.00, 1.00, 0.00, 1.00, 1.00, 1.00, 1.00, 1.00, 1.00, 0.00, 0.00, 0.00, 0.00, 0.00
48,  0,  1.579,  0.98,  1, 0.61, 0.35, 0.78, 0.00, 1.67, 2.44, 0.00, 2.25, 1.04, 2.06, 1.16, 0.90, 0.11, 0.00, 0.00, 0.00, 0.14, 1.00, 0.00, 0.00, 0.00, 1.00, 1.00, 0.00, 1.00, 1.00, 1.00, 1.00, 1.00, 1.00, 0.00, 0.00, 0.00, 0.00, 0.00
49,  0,  1.612,  0.98,  1, 0.67, 0.34, 0.81, 0.00, 1.65, 2.37, 0.00, 2.28, 1.02, 2.16, 1.28, 0.86, 0.07, 0.00, 0.00, 0.00, 0.27, 1.00, 0.00, 0.00, 0.00, 1.00, 1.00, 0.00, 1.00, 1.00, 1.00, 1.00, 1.00, 1.00, 0.00, 0.00, 0.00, 0.00, 0.00
50,  0,  1.646,  0.98,  1, 0.69, 0.44, 0.85, 0.00, 1.61, 2.33, 0.00, 2.27, 1.00, 2.16, 1.31, 0.78, 0.03, 0.00, 0.00, 0.00, 0.34, 1.00, 0.00, 0.00, 0.00, 1.00, 1.00, 0.00, 1.00, 1.00, 1.00, 1.00, 1.00, 1.00, 0.00, 0.00, 0.00, 0.00, 0.00
51,  0,  1.680,  0.98,  1, 0.71, 0.47, 0.86, 0.00, 1.59, 2.33, 0.00, 2.22, 0.95, 2.09, 1.31, 0.78, 0.03, 0.00, 0.00, 0.00, 0.28, 1.00, 0.00, 0.00, 0.00, 1.00, 1.00, 0.00, 1.00, 1.00, 1.00, 1.00, 1.00, 1.00, 0.00, 0.00, 0.00, 0.00, 0.00
52,  0,  1.713,  0.98,  1, 0.74, 0.47, 0.89, 0.00, 1.59, 2.34, 0.00, 2.19, 0.95, 2.03, 1.26, 1.03, 0.03, 0.00, 0.00, 0.00, 0.20, 1.00, 0.00, 0.00, 0.00, 1.00, 1.00, 0.00, 1.00, 1.00, 1.00, 1.00, 1.00, 1.00, 0.00, 0.00, 0.00, 0.00, 0.00
53,  0,  1.747,  0.98,  1, 0.82, 0.52, 0.85, 0.02, 1.61, 2.42, 0.00, 2.25, 0.98, 2.01, 1.05, 1.09, 0.00, 0.00, 0.00, 0.00, 0.20, 1.00, 0.00, 0.00, 0.00, 1.00, 1.00, 0.00, 1.00, 1.00, 1.00, 1.00, 1.00, 1.00, 0.00, 0.00, 0.00, 0.00, 0.00
54,  0,  1.780,  0.98,  1, 0.82, 0.51, 0.83, 0.02, 1.63, 2.37, 0.00, 2.27, 1.04, 2.16, 1.10, 1.19, 0.02, 0.00, 0.00, 0.00, 0.15, 1.00, 0.00, 0.00, 0.00, 1.00, 1.00, 0.00, 1.00, 1.00, 1.00, 1.00, 1.00, 1.00, 0.00, 0.00, 0.00, 0.00, 0.00
55,  0,  1.814,  0.98,  1, 0.86, 0.58, 0.77, 0.02, 1.65, 2.42, 0.00, 2.25, 1.06, 2.06, 1.28, 0.93, 0.02, 0.00, 0.00, 0.00, 0.15, 1.00, 0.00, 0.00, 0.00, 1.00, 1.00, 0.00, 1.00, 1.00, 1.00, 1.00, 1.00, 1.00, 0.00, 0.00, 0.00, 0.00, 0.00
56,  0,  1.848,  0.98,  1, 0.82, 0.46, 0.78, 0.00, 1.68, 2.33, 0.00, 2.26, 1.09, 2.02, 1.35, 0.78, 0.10, 0.00, 0.00, 0.00, 0.13, 1.00, 0.00, 0.00, 0.00, 1.00, 1.00, 0.00, 1.00, 1.00, 1.00, 1.00, 1.00, 1.00, 0.00, 0.00, 0.00, 0.00, 0.00
57,  0,  1.881,  0.98,  1, 0.84, 0.45, 0.75, 0.00, 1.69, 2.33, 0.00, 2.22, 1.10, 1.82, 1.29, 0.50, 0.20, 0.00, 0.00, 0.00, 0.14, 1.00, 0.00, 0.00, 0.00, 1.00, 1.00, 0.00, 1.00, 1.00, 1.00, 1.00, 0.00, 1.00, 0.00, 0.00, 0.00, 0.00, 0.00
58,  0,  1.915,  0.98,  1, 0.78, 0.34, 0.77, 0.00, 1.69, 2.25, 0.00, 2.19, 1.12, 1.91, 1.11, 0.49, 0.34, 0.00, 0.00, 0.00, 0.11, 1.00, 0.00, 0.00, 0.00, 1.00, 1.00, 0.00, 1.00, 1.00, 1.00, 1.00, 0.00, 1.00, 0.00, 0.00, 0.00, 0.00, 0.00
59,  0,  1.948,  0.98,  1, 0.75, 0.34, 0.80, 0.00, 1.66, 2.32, 0.00, 2.17, 1.14, 1.95, 1.02, 0.50, 0.37, 0.00, 0.00, 0.00, 0.06, 1.00, 0.00, 0.00, 0.00, 1.00, 1.00, 0.00, 1.00, 1.00, 1.00, 1.00, 0.00, 1.00, 0.00, 0.00, 0.00, 0.00, 0.00
60,  0,  1.982,  0.98,  1, 0.69, 0.29, 0.82, 0.00, 1.63, 2.30, 0.00, 2.20, 1.11, 2.03, 0.99, 0.70, 0.55, 0.00, 0.00, 0.00, 0.18, 1.00, 0.00, 0.00, 0.00, 1.00, 1.00, 0.00, 1.00, 1.00, 1.00, 1.00, 1.00, 1.00, 0.00, 0.00, 0.00, 0.00, 0.00
61,  0,  2.016,  0.98,  1, 0.70, 0.31, 0.81, 0.02, 1.61, 2.35, 0.00, 2.27, 1.12, 1.94, 0.80, 0.77, 0.65, 0.00, 0.00, 0.00, 0.31, 1.00, 0.00, 0.00, 0.00, 1.00, 1.00, 0.00, 1.00, 1.00, 1.00, 1.00, 1.00, 1.00, 0.00, 0.00, 0.00, 0.00, 0.00
62,  0,  2.049,  0.98,  1, 0.69, 0.26, 0.81, 0.02, 1.63, 2.33, 0.00, 2.23, 1.14, 1.82, 1.03, 0.79, 0.69, 0.00, 0.00, 0.00, 0.45, 1.00, 0.00, 0.00, 0.00, 1.00, 1.00, 0.00, 1.00, 1.00, 1.00, 1.00, 1.00, 1.00, 0.00, 0.00, 0.00, 0.00, 0.00
63,  0,  2.083,  0.98,  1, 0.71, 0.29, 0.86, 0.09, 1.68, 2.33, 0.00, 2.31, 1.19, 1.73, 1.02, 0.82, 0.57, 0.00, 0.00, 0.00, 0.37, 1.00, 0.00, 0.00, 0.00, 1.00, 1.00, 0.00, 1.00, 1.00, 1.00, 1.00, 1.00, 1.00, 0.00, 0.00, 0.00, 0.00, 0.00
64,  0,  2.116,  0.98,  1, 0.70, 0.22, 0.88, 0.10, 1.67, 2.26, 0.00, 2.35, 1.18, 1.86, 1.19, 0.87, 0.49, 0.00, 0.00, 0.00, 0.26, 1.00, 0.00, 0.00, 0.00, 1.00, 1.00, 0.00, 1.00, 1.00, 1.00, 1.00, 1.00, 1.00, 0.00, 0.00, 0.00, 0.00, 0.00
65,  0,  2.150,  0.98,  1, 0.69, 0.21, 0.91, 0.10, 1.69, 2.30, 0.00, 2.37, 1.13, 1.93, 1.01, 0.88, 0.51, 0.00, 0.00, 0.00, 0.11, 1.00, 0.00, 0.00, 0.00, 1.00, 1.00, 0.00, 1.00, 1.00, 1.00, 1.00, 1.00, 1.00, 0.00, 0.00, 0.00, 0.00, 0.00
66,  0,  2.183,  0.98,  1, 0.69, 0.18, 0.96, 0.10, 1.70, 2.36, 0.00, 2.30, 1.10, 2.06, 1.01, 0.82, 0.48, 0.00, 0.00, 0.00, 0.08, 1.00, 0.00, 0.00, 0.00, 1.00, 1.00, 0.00, 1.00, 1.00, 1.00, 1.00, 1.00, 1.00, 0.00, 0.00, 0.00, 0.00, 0.00
67,  0,  2.217,  0.98,  1, 0.69, 0.30, 1.00, 0.11, 1.73, 2.46, 0.00, 2.24, 1.11, 1.93, 0.88, 0.65, 0.46, 0.00, 0.00, 0.00, 0.17, 1.00, 0.00, 0.00, 0.00, 1.00, 1.00, 0.00, 1.00, 1.00, 1.00, 1.00, 1.00, 1.00, 0.00, 0.00, 0.00, 0.00, 0.00
68,  0,  2.251,  0.98,  1, 0.73, 0.40, 1.00, 0.15, 1.69, 2.46, 0.00, 2.26, 1.13, 1.94, 0.78, 0.65, 0.45, 0.00, 0.00, 0.00, 0.26, 1.00, 0.00, 0.00, 0.00, 1.00, 1.00, 0.00, 1.00, 1.00, 1.00, 1.00, 1.00, 1.00, 0.00, 0.00, 0.00, 0.00, 0.00
69,  0,  2.284,  0.98,  1, 0.74, 0.40, 0.94, 0.07, 1.64, 2.44, 0.00, 2.26, 1.10, 1.92, 0.63, 0.59, 0.53, 0.00, 0.00, 0.00, 0.31, 1.00, 0.00, 0.00, 0.00, 1.00, 1.00, 0.00, 1.00, 1.00, 1.00, 1.00, 1.00, 1.00, 0.00, 0.00, 0.00, 0.00, 0.00
70,  0,  2.318,  0.98,  1, 0.74, 0.27, 0.92, 0.03, 1.62, 2.42, 0.00, 2.26, 1.07, 2.11, 0.58, 0.79, 0.51, 0.00, 0.00, 0.00, 0.19, 1.00, 0.00, 0.00, 0.00, 1.00, 1.00, 0.00, 1.00, 1.00, 1.00, 1.00, 1.00, 1.00, 0.00, 0.00, 0.00, 0.00, 0.00
71,  0,  2.351,  0.98,  1, 0.67, 0.17, 0.92, 0.00, 1.64, 2.46, 0.00, 2.21, 1.03, 2.13, 0.60, 0.98, 0.53, 0.00, 0.00, 0.00, 0.08, 1.00, 0.00, 0.00, 0.00, 1.00, 1.00, 0.00, 1.00, 1.00, 1.00, 1.00, 1.00, 1.00, 0.00, 0.00, 0.00, 0.00, 0.00
72,  0,  2.385,  0.98,  1, 0.58, 0.13, 0.93, 0.01, 1.68, 2.44, 0.00, 2.22, 1.07, 2.18, 0.70, 1.09, 0.44, 0.00, 0.00, 0.00, 0.00, 0.00, 0.00, 0.00, 0.00, 1.00, 1.00, 0.00, 1.00, 1.00, 1.00, 1.00, 1.00, 1.00, 0.00, 0.00, 0.00, 0.00, 0.00
73,  0,  2.419,  0.98,  1, 0.52, 0.18, 0.90, 0.07, 1.69, 2.35, 0.00, 2.21, 1.09, 2.13, 0.67, 0.96, 0.49, 0.00, 0.00, 0.00, 0.00, 0.00, 0.00, 0.00, 0.00, 1.00, 1.00, 0.00, 1.00, 1.00, 1.00, 1.00, 1.00, 1.00, 0.00, 0.00, 0.00, 0.00, 0.00
74,  0,  2.452,  0.98,  1, 0.53, 0.22, 0.85, 0.11, 1.69, 2.34, 0.00, 2.17, 1.11, 2.06, 0.63, 0.86, 0.42, 0.00, 0.00, 0.00, 0.00, 0.00, 0.00, 0.00, 0.00, 1.00, 1.00, 0.00, 1.00, 1.00, 1.00, 1.00, 1.00, 1.00, 0.00, 0.00, 0.00, 0.00, 0.00
75,  0,  2.486,  0.98,  1, 0.59, 0.32, 0.84, 0.10, 1.69, 2.40, 0.00, 2.12, 1.13, 1.92, 0.66, 0.73, 0.46, 0.00, 0.00, 0.00, 0.00, 1.00, 0.00, 0.00, 0.00, 1.00, 1.00, 0.00, 1.00, 1.00, 1.00, 1.00, 1.00, 1.00, 0.00, 0.00, 0.00, 0.00, 0.00
76,  0,  2.519,  0.98,  1, 0.63, 0.39, 0.83, 0.04, 1.69, 2.53, 0.00, 2.20, 1.18, 1.81, 0.90, 0.64, 0.41, 0.00, 0.00, 0.00, 0.08, 1.00, 0.00, 0.00, 0.00, 1.00, 1.00, 0.00, 1.00, 1.00, 1.00, 1.00, 1.00, 1.00, 0.00, 0.00, 0.00, 0.00, 0.00
77,  0,  2.553,  0.98,  1, 0.64, 0.40, 0.80, 0.00, 1.70, 2.56, 0.00, 2.24, 1.23, 1.77, 0.94, 0.45, 0.56, 0.00, 0.00, 0.00, 0.16, 1.00, 0.00, 0.00, 0.00, 1.00, 1.00, 0.00, 1.00, 1.00, 1.00, 1.00, 1.00, 1.00, 0.00, 0.00, 0.00, 0.00, 0.00
78,  0,  2.587,  0.98,  1, 0.62, 0.38, 0.82, 0.01, 1.73, 2.56, 0.00, 2.21, 1.25, 1.77, 1.07, 0.48, 0.55, 0.00, 0.00, 0.00, 0.16, 1.00, 0.00, 0.00, 0.00, 1.00, 1.00, 0.00, 1.00, 1.00, 1.00, 1.00, 1.00, 1.00, 0.00, 0.00, 0.00, 0.00, 0.00
79,  0,  2.620,  0.98,  1, 0.64, 0.39, 0.86, 0.05, 1.76, 2.56, 0.00, 2.15, 1.24, 1.72, 1.08, 0.54, 0.61, 0.00, 0.00, 0.00, 0.08, 1.00, 0.00, 0.00, 0.00, 1.00, 1.00, 0.00, 1.00, 1.00, 1.00, 1.00, 1.00, 1.00, 0.00, 0.00, 0.00, 0.00, 0.00
80,  0,  2.654,  0.98,  1, 0.62, 0.41, 0.90, 0.05, 1.78, 2.56, 0.00, 2.21, 1.24, 1.76, 1.16, 0.71, 0.60, 0.00, 0.00, 0.00, 0.03, 1.00, 0.00, 0.00, 0.00, 1.00, 1.00, 0.00, 1.00, 1.00, 1.00, 1.00, 1.00, 1.00, 0.00, 0.00, 0.00, 0.00, 0.00
81,  0,  2.687,  0.98,  1, 0.64, 0.47, 0.84, 0.05, 1.78, 2.52, 0.00, 2.25, 1.26, 1.72, 1.09, 0.75, 0.53, 0.00, 0.00, 0.00, 0.03, 1.00, 0.00, 0.00, 0.00, 1.00, 1.00, 0.00, 1.00, 1.00, 1.00, 1.00, 1.00, 1.00, 0.00, 0.00, 0.00, 0.00, 0.00
82,  0,  2.721,  0.98,  1, 0.66, 0.49, 0.82, 0.07, 1.80, 2.39, 0.00, 2.22, 1.30, 1.72, 1.03, 0.74, 0.41, 0.00, 0.00, 0.00, 0.03, 1.00, 0.00, 0.00, 0.00, 1.00, 1.00, 0.00, 1.00, 1.00, 1.00, 1.00, 1.00, 1.00, 0.00, 0.00, 0.00, 0.00, 0.00
83,  0,  2.755,  0.98,  1, 0.67, 0.50, 0.81, 0.07, 1.81, 2.26, 0.00, 2.15, 1.35, 1.70, 1.01, 0.59, 0.19, 0.00, 0.00, 0.00, 0.00, 1.00, 0.00, 0.00, 0.00, 1.00, 1.00, 0.00, 1.00, 1.00, 1.00, 1.00, 0.00, 1.00, 0.00, 0.00, 0.00, 0.00, 0.00
84,  0,  2.788,  0.98,  1, 0.65, 0.46, 0.82, 0.10, 1.83, 2.27, 0.00, 2.17, 1.34, 1.68, 1.02, 0.54, 0.28, 0.00, 0.00, 0.00, 0.02, 1.00, 0.00, 0.00, 0.00, 1.00, 1.00, 0.00, 1.00, 1.00, 1.00, 1.00, 0.00, 1.00, 0.00, 0.00, 0.00, 0.00, 0.00
85,  0,  2.822,  0.98,  1, 0.59, 0.45, 0.79, 0.13, 1.85, 2.40, 0.00, 2.24, 1.40, 1.67, 1.01, 0.55, 0.37, 0.00, 0.00, 0.00, 0.02, 1.00, 0.00, 0.00, 0.00, 1.00, 1.00, 0.00, 1.00, 1.00, 1.00, 1.00, 0.00, 1.00, 0.00, 0.00, 0.00, 0.00, 0.00
86,  0,  2.855,  0.98,  1, 0.55, 0.42, 0.77, 0.23, 1.88, 2.46, 0.00, 2.32, 1.42, 1.62, 0.98, 0.54, 0.39, 0.00, 0.00, 0.00, 0.04, 1.00, 0.00, 0.00, 0.00, 1.00, 1.00, 0.00, 1.00, 1.00, 1.00, 1.00, 0.00, 1.00, 0.00, 0.00, 0.00, 0.00, 0.00
87,  0,  2.889,  0.98,  1, 0.52, 0.40, 0.76, 0.32, 1.87, 2.45, 0.00, 2.34, 1.45, 1.61, 0.95, 0.48, 0.26, 0.00, 0.00, 0.00, 0.08, 1.00, 0.00, 0.00, 0.00, 1.00, 1.00, 0.00, 1.00, 1.00, 1.00, 1.00, 0.00, 1.00, 0.00, 0.00, 0.00, 0.00, 0.00
88,  0,  2.922,  0.98,  1, 0.52, 0.38, 0.75, 0.28, 1.86, 2.38, 0.00, 2.35, 1.46, 1.66, 0.78, 0.52, 0.21, 0.00, 0.00, 0.00, 0.11, 1.00, 0.00, 0.00, 0.00, 1.00, 1.00, 0.00, 1.00, 1.00, 1.00, 1.00, 0.00, 1.00, 0.00, 0.00, 0.00, 0.00, 0.00
89,  0,  2.956,  0.98,  1, 0.52, 0.34, 0.77, 0.20, 1.85, 2.31, 0.00, 2.32, 1.49, 1.71, 0.49, 0.59, 0.29, 0.00, 0.00, 0.00, 0.11, 1.00, 0.00, 0.00, 0.00, 1.00, 1.00, 0.00, 1.00, 1.00, 1.00, 1.00, 0.00, 1.00, 0.00, 0.00, 0.00, 0.00, 0.00
90,  0,  2.990,  0.98,  1, 0.50, 0.24, 0.75, 0.11, 1.89, 2.26, 0.00, 2.28, 1.54, 1.78, 0.43, 0.65, 0.41, 0.00, 0.00, 0.00, 0.12, 1.00, 0.00, 0.00, 0.00, 1.00, 1.00, 0.00, 1.00, 1.00, 1.00, 1.00, 1.00, 1.00, 0.00, 0.00, 0.00, 0.00, 0.00
91,  0,  3.023,  0.98,  1, 0.48, 0.19, 0.76, 0.07, 1.91, 2.23, 0.00, 2.22, 1.52, 1.84, 0.26, 0.67, 0.42, 0.00, 0.00, 0.00, 0.09, 1.00, 0.00, 0.00, 0.00, 1.00, 1.00, 0.00, 1.00, 1.00, 1.00, 1.00, 1.00, 1.00, 0.00, 0.00, 0.00, 0.00, 0.00
92,  0,  3.057,  0.98,  1, 0.42, 0.13, 0.73, 0.04, 1.95, 2.28, 0.00, 2.18, 1.50, 1.88, 0.39, 0.73, 0.56, 0.00, 0.00, 0.00, 0.07, 1.00, 0.00, 0.00, 0.00, 1.00, 1.00, 0.00, 1.00, 1.00, 1.00, 1.00, 1.00, 1.00, 0.00, 0.00, 0.00, 0.00, 0.00
93,  0,  3.090,  0.98,  1, 0.44, 0.16, 0.73, 0.00, 1.97, 2.35, 0.00, 2.24, 1.48, 1.89, 0.33, 0.85, 0.56, 0.00, 0.00, 0.00, 0.00, 1.00, 0.00, 0.00, 0.00, 1.00, 1.00, 0.00, 1.00, 1.00, 1.00, 1.00, 1.00, 1.00, 0.00, 0.00, 0.00, 0.00, 0.00
94,  0,  3.124,  0.98,  1, 0.43, 0.09, 0.71, 0.00, 1.99, 2.37, 0.00, 2.33, 1.50, 1.94, 0.51, 0.94, 0.72, 0.00, 0.00, 0.00, 0.00, 1.00, 0.00, 0.00, 0.00, 1.00, 1.00, 0.00, 1.00, 1.00, 1.00, 1.00, 1.00, 1.00, 0.00, 0.00, 0.00, 0.00, 0.00
95,  0,  3.158,  0.98,  1, 0.46, 0.08, 0.68, 0.00, 1.99, 2.39, 0.00, 2.38, 1.50, 2.04, 0.40, 0.96, 0.69, 0.01, 0.00, 0.00, 0.00, 1.00, 0.00, 0.00, 0.00, 1.00, 1.00, 0.00, 1.00, 1.00, 1.00, 1.00, 1.00, 1.00, 0.00, 0.00, 0.00, 0.00, 0.00
96,  0,  3.191,  0.98,  1, 0.49, 0.09, 0.66, 0.03, 2.00, 2.42, 0.00, 2.39, 1.54, 2.12, 0.32, 0.93, 0.81, 0.02, 0.00, 0.00, 0.00, 1.00, 0.00, 0.00, 0.00, 1.00, 1.00, 0.00, 1.00, 1.00, 1.00, 1.00, 1.00, 1.00, 0.00, 0.00, 0.00, 0.00, 0.00
97,  0,  3.225,  0.98,  1, 0.50, 0.09, 0.61, 0.09, 2.00, 2.44, 0.00, 2.36, 1.54, 2.18, 0.34, 0.95, 0.82, 0.03, 0.00, 0.00, 0.00, 1.00, 0.00, 0.00, 0.00, 1.00, 1.00, 0.00, 1.00, 1.00, 1.00, 1.00, 1.00, 1.00, 0.00, 0.00, 0.00, 0.00, 0.00
98,  0,  3.258,  0.98,  1, 0.50, 0.09, 0.61, 0.13, 2.03, 2.44, 0.00, 2.41, 1.58, 2.25, 0.47, 0.93, 0.87, 0.03, 0.00, 0.00, 0.00, 1.00, 0.00, 0.00, 0.00, 1.00, 1.00, 0.00, 1.00, 1.00, 1.00, 1.00, 1.00, 1.00, 0.00, 0.00, 0.00, 0.00, 0.00
99,  0,  3.292,  0.98,  1, 0.49, 0.09, 0.64, 0.10, 2.03, 2.41, 0.00, 2.44, 1.57, 2.27, 0.53, 0.90, 0.82, 0.02, 0.00, 0.00, 0.00, 1.00, 0.00, 0.00, 0.00, 1.00, 1.00, 0.00, 1.00, 1.00, 1.00, 1.00, 1.00, 1.00, 0.00, 0.00, 0.00, 0.00, 0.00
100,  0,  3.326,  0.98,  1, 0.47, 0.12, 0.66, 0.04, 2.03, 2.37, 0.00, 2.47, 1.59, 2.26, 0.50, 0.83, 0.70, 0.00, 0.00, 0.00, 0.02, 0.00, 0.00, 0.00, 0.00, 1.00, 1.00, 0.00, 1.00, 1.00, 1.00, 1.00, 1.00, 1.00, 0.00, 0.00, 0.00, 0.00, 0.00
101,  0,  3.359,  0.98,  1, 0.48, 0.13, 0.65, 0.02, 2.02, 2.36, 0.00, 2.43, 1.57, 2.25, 0.43, 0.78, 0.64, 0.00, 0.00, 0.00, 0.02, 0.00, 0.00, 0.00, 0.00, 1.00, 1.00, 0.00, 1.00, 1.00, 1.00, 1.00, 1.00, 1.00, 0.00, 0.00, 0.00, 0.00, 0.00
102,  0,  3.393,  0.98,  1, 0.45, 0.08, 0.64, 0.03, 2.02, 2.29, 0.00, 2.40, 1.56, 2.30, 0.40, 0.77, 0.71, 0.00, 0.00, 0.00, 0.01, 0.00, 0.00, 0.00, 0.00, 1.00, 1.00, 0.00, 1.00, 1.00, 1.00, 1.00, 1.00, 1.00, 0.00, 0.00, 0.00, 0.00, 0.00
103,  0,  3.426,  0.98,  1, 0.42, 0.04, 0.63, 0.03, 2.01, 2.28, 0.00, 2.37, 1.53, 2.19, 0.52, 0.72, 0.80, 0.00, 0.00, 0.00, 0.00, 0.00, 0.00, 0.00, 0.00, 1.00, 1.00, 0.00, 1.00, 1.00, 1.00, 1.00, 1.00, 1.00, 0.00, 0.00, 0.00, 0.00, 0.00
104,  0,  3.460,  0.98,  1, 0.43, 0.00, 0.64, 0.01, 2.02, 2.26, 0.00, 2.34, 1.47, 2.07, 0.58, 0.74, 0.77, 0.00, 0.00, 0.00, 0.00, 0.00, 0.00, 0.00, 0.00, 1.00, 1.00, 0.00, 1.00, 1.00, 1.00, 1.00, 1.00, 1.00, 0.00, 0.00, 0.00, 0.00, 0.00
105,  0,  3.494,  0.98,  1, 0.42, 0.00, 0.63, 0.00, 2.07, 2.29, 0.00, 2.37, 1.47, 1.90, 0.48, 0.81, 0.73, 0.02, 0.00, 0.00, 0.00, 0.00, 0.00, 0.00, 0.00, 1.00, 1.00, 0.00, 1.00, 1.00, 1.00, 1.00, 1.00, 1.00, 0.00, 0.00, 0.00, 0.00, 0.00
106,  0,  3.527,  0.98,  1, 0.44, 0.00, 0.62, 0.00, 2.19, 2.37, 0.00, 2.37, 1.58, 1.89, 0.39, 0.95, 0.58, 0.06, 0.00, 0.00, 0.00, 0.00, 0.00, 0.00, 0.00, 1.00, 1.00, 0.00, 1.00, 1.00, 1.00, 1.00, 1.00, 1.00, 0.00, 0.00, 0.00, 0.00, 0.00
107,  0,  3.561,  0.98,  1, 0.30, 0.00, 0.59, 0.00, 2.37, 2.52, 0.00, 2.34, 1.80, 1.67, 0.31, 0.99, 0.62, 0.12, 0.00, 0.00, 0.01, 0.00, 0.00, 0.00, 0.00, 1.00, 1.00, 0.00, 1.00, 1.00, 1.00, 1.00, 1.00, 1.00, 0.00, 0.00, 0.00, 0.00, 0.00
108,  0,  3.594,  0.98,  1, 0.18, 0.00, 0.61, 0.00, 2.57, 2.75, 0.00, 2.26, 2.11, 1.70, 0.48, 0.89, 0.34, 0.17, 0.00, 0.00, 0.06, 0.00, 0.00, 0.00, 0.00, 1.00, 1.00, 0.00, 1.00, 1.00, 1.00, 0.00, 1.00, 1.00, 1.00, 0.00, 0.00, 0.00, 0.00
109,  0,  3.628,  0.98,  1, 0.03, 0.00, 0.61, 0.00, 2.71, 2.89, 0.00, 2.21, 2.42, 1.79, 0.29, 0.65, 0.29, 0.13, 0.17, 0.00, 0.06, 0.00, 0.00, 0.00, 0.00, 1.00, 1.00, 0.00, 1.00, 1.00, 1.00, 0.00, 1.00, 1.00, 1.00, 0.00, 0.00, 0.00, 0.00
110,  0,  3.662,  0.98,  1, 0.02, 0.00, 0.68, 0.00, 2.82, 2.98, 0.00, 2.24, 2.70, 2.10, 0.36, 0.44, 0.09, 0.10, 0.32, 0.00, 0.08, 0.00, 0.00, 0.00, 0.00, 1.00, 1.00, 0.00, 1.00, 1.00, 1.00, 0.00, 0.00, 1.00, 1.00, 0.00, 0.00, 0.00, 0.00
111,  0,  3.695,  0.93,  1, 0.01, 0.00, 0.61, 0.00, 2.90, 2.98, 0.00, 2.27, 2.80, 2.11, 0.17, 0.29, 0.09, 0.10, 0.53, 0.00, 0.19, 0.00, 0.00, 0.00, 0.00, 1.00, 1.00, 0.00, 1.00, 1.00, 1.00, 0.00, 0.00, 1.00, 1.00, 0.00, 0.00, 0.00, 0.00
112,  0,  3.729,  0.93,  1, 0.01, 0.00, 0.61, 0.00, 3.02, 3.07, 0.01, 2.24, 2.83, 2.16, 0.16, 0.21, 0.03, 0.17, 0.61, 0.00, 0.40, 0.00, 0.00, 0.00, 0.00, 1.00, 1.00, 0.00, 1.00, 1.00, 1.00, 0.00, 0.00, 0.00, 1.00, 0.00, 0.00, 0.00, 1.00
113,  0,  3.762,  0.93,  1, 0.00, 0.00, 0.56, 0.00, 3.12, 3.17, 0.01, 2.24, 2.81, 2.16, 0.00, 0.12, 0.07, 0.14, 0.75, 0.00, 0.53, 0.00, 0.00, 0.00, 0.00, 1.00, 1.00, 0.00, 1.00, 1.00, 1.00, 0.00, 0.00, 0.00, 1.00, 0.00, 0.00, 0.00, 1.00
114,  0,  3.796,  0.93,  1, 0.00, 0.00, 0.58, 0.00, 3.18, 3.14, 0.01, 2.28, 2.87, 2.36, 0.00, 0.14, 0.07, 0.07, 0.70, 0.00, 0.51, 0.00, 0.00, 0.00, 0.00, 1.00, 1.00, 0.00, 1.00, 1.00, 1.00, 0.00, 0.00, 0.00, 1.00, 0.00, 0.00, 0.00, 1.00
115,  0,  3.829,  0.93,  1, 0.01, 0.02, 0.58, 0.00, 3.20, 3.05, 0.00, 2.33, 2.91, 2.38, 0.00, 0.19, 0.07, 0.00, 0.49, 0.00, 0.43, 0.00, 0.00, 0.00, 0.00, 1.00, 1.00, 0.00, 1.00, 1.00, 1.00, 0.00, 0.00, 0.00, 1.00, 0.00, 0.00, 0.00, 1.00
116,  0,  3.863,  0.93,  1, 0.02, 0.02, 0.57, 0.00, 3.20, 2.89, 0.00, 2.35, 2.93, 2.44, 0.00, 0.34, 0.00, 0.06, 0.37, 0.00, 0.43, 0.00, 0.00, 0.00, 0.00, 1.00, 1.00, 0.00, 1.00, 1.00, 1.00, 0.00, 0.00, 0.00, 1.00, 0.00, 0.00, 0.00, 1.00
117,  0,  3.897,  0.93,  1, 0.06, 0.02, 0.57, 0.00, 3.21, 2.87, 0.00, 2.33, 2.90, 2.47, 0.00, 0.41, 0.00, 0.05, 0.40, 0.05, 0.44, 1.00, 0.00, 0.00, 0.00, 1.00, 1.00, 0.00, 1.00, 1.00, 1.00, 0.00, 0.00, 0.00, 1.00, 0.00, 0.00, 0.00, 1.00
118,  0,  3.930,  0.93,  1, 0.05, 0.07, 0.55, 0.00, 3.22, 2.85, 0.00, 2.30, 2.85, 2.45, 0.00, 0.39, 0.00, 0.05, 0.52, 0.05, 0.46, 1.00, 0.00, 0.00, 0.00, 1.00, 1.00, 0.00, 1.00, 1.00, 1.00, 0.00, 0.00, 0.00, 1.00, 0.00, 0.00, 0.00, 1.00
119,  0,  3.964,  0.93,  1, 0.09, 0.07, 0.59, 0.00, 3.25, 2.82, 0.00, 2.25, 2.84, 2.47, 0.00, 0.24, 0.00, 0.00, 0.58, 0.05, 0.45, 0.00, 0.00, 0.00, 0.00, 1.00, 1.00, 0.00, 1.00, 1.00, 1.00, 0.00, 0.00, 0.00, 1.00, 0.00, 0.00, 0.00, 1.00
120,  0,  3.997,  0.93,  1, 0.05, 0.07, 0.54, 0.00, 3.28, 2.80, 0.00, 2.23, 2.88, 2.49, 0.00, 0.12, 0.00, 0.00, 0.57, 0.05, 0.37, 0.00, 0.00, 0.00, 0.00, 1.00, 1.00, 0.00, 1.00, 1.00, 1.00, 0.00, 0.00, 0.00, 1.00, 0.00, 0.00, 0.00, 1.00
121,  0,  4.031,  0.93,  1, 0.04, 0.00, 0.53, 0.00, 3.32, 2.78, 0.00, 2.20, 2.92, 2.55, 0.00, 0.05, 0.00, 0.00, 0.55, 0.06, 0.36, 0.00, 0.00, 0.00, 0.00, 1.00, 1.00, 0.00, 1.00, 1.00, 1.00, 0.00, 0.00, 0.00, 1.00, 0.00, 0.00, 0.00, 1.00
122,  0,  4.065,  0.93,  1, 0.00, 0.00, 0.50, 0.00, 3.35, 2.80, 0.00, 2.16, 2.95, 2.70, 0.00, 0.05, 0.07, 0.00, 0.46, 0.12, 0.36, 0.00, 0.00, 0.00, 0.00, 1.00, 1.00, 0.00, 1.00, 1.00, 1.00, 0.00, 0.00, 0.00, 1.00, 0.00, 0.00, 0.00, 1.00
123,  0,  4.098,  0.93,  1, 0.00, 0.00, 0.51, 0.00, 3.39, 2.84, 0.02, 2.08, 2.95, 2.63, 0.00, 0.00, 0.07, 0.00, 0.50, 0.07, 0.33, 0.00, 0.00, 0.00, 0.00, 1.00, 1.00, 0.00, 1.00, 1.00, 1.00, 0.00, 0.00, 0.00, 1.00, 0.00, 0.00, 0.00, 1.00
124,  0,  4.132,  0.93,  1, 0.00, 0.00, 0.49, 0.00, 3.44, 2.97, 0.05, 2.03, 2.95, 2.62, 0.00, 0.00, 0.07, 0.00, 0.49, 0.14, 0.26, 0.00, 0.00, 0.00, 0.00, 1.00, 1.00, 0.00, 1.00, 1.00, 1.00, 0.00, 0.00, 0.00, 1.00, 0.00, 0.00, 0.00, 1.00
125,  0,  4.165,  0.93,  1, 0.00, 0.00, 0.49, 0.00, 3.49, 3.26, 0.08, 2.08, 3.02, 2.48, 0.00, 0.00, 0.00, 0.00, 0.46, 0.09, 0.14, 0.00, 0.00, 0.00, 0.00, 1.00, 1.00, 0.00, 1.00, 1.00, 1.00, 0.00, 0.00, 0.00, 1.00, 0.00, 0.00, 0.00, 1.00
126,  0,  4.199,  0.93,  1, 0.00, 0.00, 0.54, 0.00, 3.52, 3.36, 0.06, 2.14, 3.10, 2.49, 0.00, 0.00, 0.00, 0.00, 0.40, 0.20, 0.15, 0.00, 0.00, 0.00, 0.00, 1.00, 1.00, 0.00, 1.00, 1.00, 1.00, 0.00, 0.00, 0.00, 1.00, 0.00, 0.00, 0.00, 1.00
127,  0,  4.233,  0.93,  1, 0.00, 0.00, 0.58, 0.00, 3.53, 3.41, 0.05, 2.22, 3.13, 2.56, 0.00, 0.01, 0.00, 0.00, 0.38, 0.30, 0.14, 0.00, 0.00, 0.00, 0.00, 1.00, 1.00, 0.00, 1.00, 1.00, 1.00, 0.00, 0.00, 0.00, 1.00, 0.00, 0.00, 0.00, 1.00
128,  0,  4.266,  0.93,  1, 0.00, 0.00, 0.63, 0.00, 3.54, 3.29, 0.04, 2.15, 3.13, 2.55, 0.00, 0.01, 0.00, 0.00, 0.41, 0.53, 0.19, 0.00, 0.00, 0.00, 0.00, 1.00, 1.00, 0.00, 1.00, 1.00, 1.00, 0.00, 0.00, 0.00, 1.00, 0.00, 0.00, 0.00, 1.00
129,  0,  4.300,  0.98,  1, 0.00, 0.00, 0.60, 0.00, 3.53, 3.25, 0.07, 2.13, 3.09, 2.67, 0.00, 0.01, 0.00, 0.00, 0.33, 0.67, 0.14, 0.00, 0.00, 0.00, 0.00, 1.00, 1.00, 0.00, 1.00, 1.00, 1.00, 0.00, 0.00, 0.00, 1.00, 0.00, 0.00, 0.00, 1.00
130,  0,  4.333,  0.93,  1, 0.00, 0.00, 0.55, 0.00, 3.53, 3.22, 0.09, 2.15, 3.14, 2.65, 0.00, 0.03, 0.00, 0.00, 0.29, 0.70, 0.13, 0.00, 0.00, 0.00, 0.00, 1.00, 1.00, 0.00, 1.00, 1.00, 1.00, 0.00, 0.00, 0.00, 1.00, 0.00, 0.00, 0.00, 1.00
131,  0,  4.367,  0.93,  1, 0.00, 0.00, 0.48, 0.00, 3.49, 3.25, 0.11, 2.19, 3.15, 2.70, 0.00, 0.07, 0.00, 0.00, 0.27, 0.59, 0.06, 0.00, 0.00, 0.00, 0.00, 1.00, 1.00, 0.00, 1.00, 1.00, 1.00, 0.00, 0.00, 0.00, 1.00, 0.00, 0.00, 0.00, 1.00
132,  0,  4.401,  0.98,  1, 0.00, 0.00, 0.49, 0.00, 3.46, 3.26, 0.13, 2.20, 3.17, 2.73, 0.00, 0.07, 0.00, 0.00, 0.30, 0.56, 0.08, 0.00, 0.00, 0.00, 0.00, 1.00, 1.00, 0.00, 1.00, 1.00, 1.00, 0.00, 0.00, 0.00, 1.00, 0.00, 0.00, 0.00, 1.00
133,  0,  4.434,  0.93,  1, 0.00, 0.00, 0.57, 0.00, 3.46, 3.36, 0.14, 2.15, 3.15, 2.82, 0.00, 0.04, 0.00, 0.00, 0.33, 0.51, 0.16, 0.00, 0.00, 0.00, 0.00, 1.00, 1.00, 0.00, 1.00, 1.00, 1.00, 0.00, 0.00, 0.00, 1.00, 0.00, 0.00, 0.00, 1.00
134,  0,  4.468,  0.93,  1, 0.00, 0.00, 0.58, 0.00, 3.49, 3.39, 0.14, 2.14, 3.11, 2.85, 0.00, 0.01, 0.00, 0.00, 0.26, 0.54, 0.31, 0.00, 0.00, 0.00, 0.00, 1.00, 1.00, 0.00, 1.00, 1.00, 1.00, 0.00, 0.00, 0.00, 1.00, 0.00, 0.00, 0.00, 1.00
135,  0,  4.501,  0.93,  1, 0.00, 0.00, 0.60, 0.00, 3.58, 3.51, 0.17, 2.09, 3.09, 2.83, 0.00, 0.08, 0.00, 0.00, 0.24, 0.48, 0.30, 0.00, 0.00, 0.00, 0.00, 1.00, 1.00, 0.00, 1.00, 1.00, 1.00, 0.00, 0.00, 0.00, 1.00, 0.00, 0.00, 0.00, 1.00
136,  0,  4.535,  0.98,  1, 0.00, 0.00, 0.55, 0.00, 3.64, 3.53, 0.18, 2.15, 3.13, 2.71, 0.00, 0.15, 0.00, 0.00, 0.24, 0.49, 0.27, 0.00, 0.00, 0.00, 0.00, 1.00, 1.00, 0.00, 1.00, 1.00, 1.00, 0.00, 0.00, 0.00, 1.00, 0.00, 0.00, 0.00, 1.00
137,  0,  4.569,  0.98,  1, 0.00, 0.00, 0.54, 0.00, 3.70, 3.53, 0.19, 2.15, 3.18, 2.56, 0.00, 0.17, 0.00, 0.00, 0.31, 0.47, 0.16, 0.00, 0.00, 0.00, 0.00, 1.00, 1.00, 0.00, 1.00, 1.00, 1.00, 0.00, 0.00, 0.00, 1.00, 0.00, 0.00, 0.00, 0.00
138,  0,  4.602,  0.93,  1, 0.00, 0.00, 0.48, 0.00, 3.67, 3.53, 0.13, 2.16, 3.21, 2.47, 0.00, 0.21, 0.00, 0.00, 0.32, 0.46, 0.21, 0.00, 0.00, 0.00, 0.00, 1.00, 1.00, 0.00, 1.00, 1.00, 1.00, 0.00, 0.00, 0.00, 1.00, 0.00, 0.00, 0.00, 0.00
139,  0,  4.636,  0.98,  1, 0.00, 0.00, 0.42, 0.00, 3.66, 3.40, 0.09, 2.12, 3.18, 2.51, 0.00, 0.20, 0.00, 0.00, 0.28, 0.43, 0.17, 0.00, 0.00, 0.00, 0.00, 1.00, 1.00, 0.00, 1.00, 1.00, 1.00, 0.00, 0.00, 0.00, 1.00, 0.00, 0.00, 0.00, 0.00
140,  0,  4.669,  0.93,  1, 0.00, 0.00, 0.41, 0.00, 3.68, 3.25, 0.07, 2.16, 3.19, 2.62, 0.00, 0.19, 0.00, 0.00, 0.32, 0.35, 0.19, 0.00, 0.00, 0.00, 0.00, 1.00, 1.00, 0.00, 1.00, 1.00, 1.00, 0.00, 0.00, 0.00, 1.00, 0.00, 0.00, 0.00, 0.00
141,  0,  4.703,  0.93,  1, 0.00, 0.00, 0.39, 0.00, 3.71, 3.10, 0.10, 2.28, 3.22, 2.63, 0.00, 0.07, 0.00, 0.00, 0.43, 0.26, 0.10, 0.00, 0.00, 0.00, 0.00, 1.00, 1.00, 0.00, 1.00, 1.00, 1.00, 0.00, 0.00, 0.00, 1.00, 0.00, 0.00, 0.00, 0.00
142,  0,  4.736,  0.93,  1, 0.00, 0.00, 0.40, 0.00, 3.71, 3.17, 0.11, 2.33, 3.26, 2.57, 0.00, 0.02, 0.00, 0.00, 0.56, 0.33, 0.06, 0.00, 0.00, 0.00, 0.00, 1.00, 1.00, 0.00, 1.00, 1.00, 1.00, 0.00, 0.00, 0.00, 1.00, 0.00, 0.00, 0.00, 0.00
143,  0,  4.770,  0.93,  1, 0.00, 0.00, 0.44, 0.00, 3.67, 3.27, 0.07, 2.27, 3.24, 2.58, 0.00, 0.04, 0.00, 0.00, 0.51, 0.45, 0.00, 0.00, 0.00, 0.00, 0.00, 1.00, 1.00, 0.00, 1.00, 1.00, 1.00, 0.00, 0.00, 0.00, 1.00, 0.00, 0.00, 0.00, 0.00
144,  0,  4.804,  0.93,  1, 0.00, 0.00, 0.52, 0.00, 3.67, 3.47, 0.09, 2.20, 3.19, 2.62, 0.00, 0.07, 0.00, 0.01, 0.46, 0.51, 0.00, 0.00, 0.00, 0.00, 0.00, 1.00, 1.00, 0.00, 1.00, 1.00, 1.00, 0.00, 0.00, 0.00, 1.00, 0.00, 0.00, 0.00, 0.00
145,  0,  4.837,  0.93,  1, 0.00, 0.00, 0.61, 0.00, 3.66, 3.51, 0.08, 2.23, 3.16, 2.68, 0.00, 0.11, 0.00, 0.01, 0.43, 0.40, 0.05, 0.00, 0.00, 0.00, 0.00, 1.00, 1.00, 0.00, 1.00, 1.00, 1.00, 0.00, 0.00, 0.00, 1.00, 0.00, 0.00, 0.00, 0.00
146,  0,  4.871,  0.93,  1, 0.00, 0.00, 0.59, 0.00, 3.70, 3.57, 0.13, 2.34, 3.16, 2.62, 0.00, 0.09, 0.00, 0.03, 0.52, 0.30, 0.05, 0.00, 0.00, 0.00, 0.00, 1.00, 1.00, 0.00, 1.00, 1.00, 1.00, 0.00, 0.00, 0.00, 1.00, 0.00, 0.00, 0.00, 0.00
147,  0,  4.904,  0.93,  1, 0.00, 0.00, 0.59, 0.00, 3.72, 3.50, 0.16, 2.39, 3.21, 2.57, 0.00, 0.06, 0.00, 0.05, 0.51, 0.18, 0.05, 0.00, 0.00, 0.00, 0.00, 1.00, 1.00, 0.00, 1.00, 1.00, 1.00, 0.00, 0.00, 0.00, 1.00, 0.00, 0.00, 0.00, 0.00
148,  0,  4.938,  0.93,  1, 0.00, 0.00, 0.55, 0.00, 3.73, 3.48, 0.18, 2.38, 3.24, 2.53, 0.00, 0.02, 0.00, 0.08, 0.58, 0.10, 0.00, 0.00, 0.00, 0.00, 0.00, 1.00, 1.00, 0.00, 1.00, 1.00, 1.00, 0.00, 0.00, 0.00, 1.00, 0.00, 0.00, 0.00, 0.00
149,  0,  4.972,  0.93,  1, 0.00, 0.00, 0.62, 0.00, 3.73, 3.55, 0.20, 2.34, 3.24, 2.54, 0.00, 0.00, 0.00, 0.08, 0.57, 0.12, 0.00, 0.00, 0.00, 0.00, 0.00, 1.00, 1.00, 0.00, 1.00, 1.00, 1.00, 0.00, 0.00, 0.00, 1.00, 0.00, 0.00, 0.00, 0.00
150,  0,  5.005,  0.93,  1, 0.00, 0.00, 0.62, 0.00, 3.71, 3.56, 0.13, 2.36, 3.29, 2.49, 0.00, 0.00, 0.00, 0.08, 0.58, 0.12, 0.00, 0.00, 0.00, 0.00, 0.00, 1.00, 1.00, 0.00, 1.00, 1.00, 1.00, 0.00, 0.00, 0.00, 1.00, 0.00, 0.00, 0.00, 0.00
151,  0,  5.039,  0.93,  1, 0.00, 0.00, 0.61, 0.00, 3.69, 3.58, 0.14, 2.38, 3.28, 2.55, 0.00, 0.00, 0.00, 0.06, 0.60, 0.15, 0.00, 0.00, 0.00, 0.00, 0.00, 1.00, 1.00, 0.00, 1.00, 1.00, 1.00, 0.00, 0.00, 0.00, 1.00, 0.00, 0.00, 0.00, 0.00
152,  0,  5.072,  0.93,  1, 0.00, 0.00, 0.60, 0.00, 3.67, 3.59, 0.13, 2.39, 3.29, 2.68, 0.00, 0.06, 0.00, 0.07, 0.59, 0.21, 0.00, 0.00, 0.00, 0.00, 0.00, 1.00, 1.00, 0.00, 1.00, 1.00, 1.00, 0.00, 0.00, 0.00, 1.00, 0.00, 0.00, 0.00, 0.00
153,  0,  5.106,  0.93,  1, 0.00, 0.00, 0.66, 0.03, 3.65, 3.64, 0.17, 2.30, 3.23, 2.78, 0.00, 0.07, 0.00, 0.08, 0.63, 0.37, 0.00, 0.00, 0.00, 0.00, 0.00, 1.00, 1.00, 0.00, 1.00, 1.00, 1.00, 0.00, 0.00, 0.00, 1.00, 0.00, 0.00, 0.00, 0.00
154,  0,  5.140,  0.93,  1, 0.00, 0.00, 0.74, 0.03, 3.66, 3.68, 0.19, 2.29, 3.27, 2.70, 0.00, 0.06, 0.00, 0.06, 0.61, 0.31, 0.00, 0.00, 0.00, 0.00, 0.00, 1.00, 1.00, 0.00, 1.00, 1.00, 1.00, 0.00, 0.00, 0.00, 1.00, 0.00, 0.00, 0.00, 0.00
155,  0,  5.173,  0.93,  1, 0.00, 0.00, 0.79, 0.03, 3.66, 3.62, 0.22, 2.31, 3.31, 2.51, 0.00, 0.01, 0.00, 0.07, 0.59, 0.17, 0.00, 0.00, 0.00, 0.00, 0.00, 1.00, 1.00, 0.00, 1.00, 1.00, 1.00, 0.00, 0.00, 0.00, 1.00, 0.00, 0.00, 0.00, 0.00
156,  0,  5.207,  0.93,  1, 0.00, 0.00, 0.77, 0.00, 3.68, 3.67, 0.27, 2.32, 3.33, 2.45, 0.00, 0.06, 0.00, 0.10, 0.50, 0.01, 0.00, 0.00, 0.00, 0.00, 0.00, 1.00, 1.00, 0.00, 1.00, 1.00, 1.00, 0.00, 0.00, 0.00, 1.00, 0.00, 0.00, 0.00, 0.00
157,  0,  5.240,  0.93,  1, 0.00, 0.00, 0.72, 0.00, 3.65, 3.74, 0.27, 2.30, 3.30, 2.42, 0.00, 0.17, 0.00, 0.18, 0.50, 0.08, 0.00, 0.00, 0.00, 0.00, 0.00, 1.00, 1.00, 0.00, 1.00, 1.00, 1.00, 0.00, 0.00, 0.00, 1.00, 0.00, 0.00, 0.00, 0.00
158,  0,  5.274,  0.93,  1, 0.00, 0.00, 0.70, 0.00, 3.65, 3.84, 0.22, 2.24, 3.27, 2.51, 0.00, 0.28, 0.00, 0.17, 0.54, 0.11, 0.00, 0.00, 0.00, 0.00, 0.00, 1.00, 1.00, 0.00, 1.00, 1.00, 1.00, 0.00, 0.00, 0.00, 1.00, 0.00, 0.00, 0.00, 0.00
159,  0,  5.308,  0.93,  1, 0.00, 0.00, 0.73, 0.00, 3.62, 3.83, 0.14, 2.23, 3.22, 2.50, 0.00, 0.30, 0.00, 0.15, 0.58, 0.18, 0.00, 0.00, 0.00, 0.00, 0.00, 1.00, 1.00, 0.00, 1.00, 1.00, 1.00, 0.00, 0.00, 0.00, 1.00, 0.00, 0.00, 0.00, 0.00
160,  0,  5.341,  0.93,  1, 0.00, 0.00, 0.78, 0.00, 3.65, 3.87, 0.10, 2.18, 3.18, 2.64, 0.00, 0.36, 0.00, 0.19, 0.55, 0.22, 0.00, 0.00, 0.00, 0.00, 0.00, 1.00, 1.00, 0.00, 1.00, 1.00, 1.00, 0.00, 0.00, 0.00, 1.00, 0.00, 0.00, 0.00, 0.00
161,  0,  5.375,  0.93,  1, 0.00, 0.00, 0.75, 0.00, 3.66, 3.89, 0.10, 2.19, 3.16, 2.67, 0.00, 0.37, 0.00, 0.23, 0.61, 0.24, 0.00, 0.00, 0.00, 0.00, 0.00, 1.00, 1.00, 0.00, 1.00, 1.00, 1.00, 0.00, 0.00, 0.00, 1.00, 0.00, 0.00, 0.00, 0.00
162,  0,  5.408,  0.93,  1, 0.00, 0.00, 0.67, 0.00, 3.63, 3.91, 0.13, 2.19, 3.17, 2.58, 0.03, 0.41, 0.00, 0.29, 0.65, 0.16, 0.00, 0.00, 0.00, 0.00, 0.00, 1.00, 1.00, 0.00, 1.00, 1.00, 1.00, 0.00, 0.00, 0.00, 1.00, 0.00, 0.00, 0.00, 0.00
163,  0,  5.442,  0.93,  1, 0.00, 0.00, 0.61, 0.00, 3.62, 3.84, 0.21, 2.20, 3.22, 2.46, 0.03, 0.38, 0.00, 0.30, 0.52, 0.06, 0.00, 0.00, 0.00, 0.00, 0.00, 1.00, 1.00, 0.00, 1.00, 1.00, 1.00, 0.00, 0.00, 0.00, 1.00, 0.00, 0.00, 0.00, 0.00
164,  0,  5.475,  0.93,  1, 0.00, 0.00, 0.62, 0.00, 3.64, 3.89, 0.24, 2.23, 3.23, 2.43, 0.03, 0.36, 0.02, 0.34, 0.41, 0.01, 0.00, 0.00, 0.00, 0.00, 0.00, 1.00, 1.00, 0.00, 1.00, 1.00, 1.00, 0.00, 0.00, 0.00, 1.00, 0.00, 0.00, 0.00, 0.00
165,  0,  5.509,  0.93,  1, 0.00, 0.00, 0.61, 0.00, 3.65, 3.85, 0.21, 2.24, 3.24, 2.50, 0.00, 0.28, 0.02, 0.27, 0.40, 0.01, 0.00, 0.00, 0.00, 0.00, 0.00, 1.00, 1.00, 0.00, 1.00, 1.00, 1.00, 0.00, 0.00, 0.00, 1.00, 0.00, 0.00, 0.00, 0.00
166,  0,  5.543,  0.93,  1, 0.00, 0.00, 0.63, 0.00, 3.64, 3.85, 0.14, 2.23, 3.26, 2.60, 0.00, 0.17, 0.02, 0.30, 0.55, 0.01, 0.00, 0.00, 0.00, 0.00, 0.00, 1.00, 1.00, 0.00, 1.00, 1.00, 1.00, 0.00, 0.00, 0.00, 1.00, 0.00, 0.00, 0.00, 0.00
167,  0,  5.576,  0.93,  1, 0.00, 0.00, 0.65, 0.00, 3.57, 3.77, 0.08, 2.18, 3.26, 2.64, 0.00, 0.17, 0.00, 0.28, 0.72, 0.05, 0.00, 0.00, 0.00, 0.00, 0.00, 1.00, 1.00, 0.00, 1.00, 1.00, 1.00, 0.00, 0.00, 0.00, 1.00, 0.00, 0.00, 0.00, 0.00
168,  0,  5.610,  0.93,  1, 0.00, 0.00, 0.64, 0.00, 3.59, 3.77, 0.06, 2.19, 3.26, 2.69, 0.00, 0.19, 0.00, 0.36, 0.74, 0.12, 0.00, 0.00, 0.00, 0.00, 0.00, 1.00, 1.00, 0.00, 1.00, 1.00, 1.00, 0.00, 0.00, 0.00, 1.00, 0.00, 0.00, 0.00, 0.00
169,  0,  5.643,  0.93,  1, 0.00, 0.00, 0.63, 0.00, 3.56, 3.80, 0.05, 2.19, 3.20, 2.67, 0.00, 0.22, 0.00, 0.31, 0.68, 0.27, 0.00, 0.00, 0.00, 0.00, 0.00, 1.00, 1.00, 0.00, 1.00, 1.00, 1.00, 0.00, 0.00, 0.00, 1.00, 0.00, 0.00, 0.00, 0.00
170,  0,  5.677,  0.93,  1, 0.00, 0.00, 0.60, 0.00, 3.57, 3.76, 0.09, 2.19, 3.18, 2.73, 0.00, 0.16, 0.00, 0.23, 0.61, 0.46, 0.00, 0.00, 0.00, 0.00, 0.00, 1.00, 1.00, 0.00, 1.00, 1.00, 1.00, 0.00, 0.00, 0.00, 1.00, 0.00, 0.00, 0.00, 0.00
171,  0,  5.711,  0.93,  1, 0.00, 0.00, 0.64, 0.00, 3.49, 3.64, 0.18, 2.16, 3.09, 2.84, 0.00, 0.25, 0.00, 0.10, 0.64, 0.57, 0.00, 0.00, 0.00, 0.00, 0.00, 1.00, 1.00, 0.00, 1.00, 1.00, 1.00, 0.00, 0.00, 0.00, 1.00, 0.00, 0.00, 0.00, 0.00
172,  0,  5.744,  0.93,  1, 0.00, 0.00, 0.69, 0.00, 3.46, 3.56, 0.21, 2.12, 3.07, 2.90, 0.00, 0.28, 0.00, 0.01, 0.62, 0.61, 0.01, 0.00, 0.00, 0.00, 0.00, 1.00, 1.00, 0.00, 1.00, 1.00, 1.00, 0.00, 0.00, 0.00, 1.00, 0.00, 0.00, 0.00, 0.00
173,  0,  5.778,  0.93,  1, 0.00, 0.00, 0.73, 0.00, 3.44, 3.56, 0.20, 2.07, 3.03, 2.87, 0.00, 0.33, 0.00, 0.00, 0.56, 0.59, 0.11, 0.00, 0.00, 0.00, 0.00, 1.00, 1.00, 0.00, 1.00, 1.00, 1.00, 0.00, 0.00, 0.00, 1.00, 0.00, 0.00, 0.00, 0.00
174,  0,  5.811,  0.93,  1, 0.00, 0.00, 0.69, 0.00, 3.48, 3.60, 0.17, 2.12, 3.06, 2.80, 0.00, 0.22, 0.00, 0.00, 0.49, 0.62, 0.20, 0.00, 0.00, 0.00, 0.00, 1.00, 1.00, 0.00, 1.00, 1.00, 1.00, 0.00, 0.00, 0.00, 1.00, 0.00, 0.00, 0.00, 0.00
175,  0,  5.845,  0.98,  1, 0.00, 0.00, 0.62, 0.00, 3.46, 3.57, 0.17, 2.18, 3.06, 2.75, 0.00, 0.18, 0.00, 0.00, 0.56, 0.57, 0.36, 0.00, 0.00, 0.00, 0.00, 1.00, 1.00, 0.00, 1.00, 1.00, 1.00, 0.00, 0.00, 0.00, 1.00, 0.00, 0.00, 0.00, 0.00
176,  0,  5.879,  0.98,  1, 0.00, 0.00, 0.54, 0.00, 3.44, 3.49, 0.18, 2.24, 3.10, 2.71, 0.00, 0.13, 0.00, 0.01, 0.60, 0.46, 0.35, 0.00, 0.00, 0.00, 0.00, 1.00, 1.00, 0.00, 1.00, 1.00, 1.00, 0.00, 0.00, 0.00, 1.00, 0.00, 0.00, 0.00, 0.00
177,  0,  5.912,  0.98,  1, 0.00, 0.00, 0.51, 0.00, 3.42, 3.38, 0.20, 2.23, 3.07, 2.70, 0.00, 0.09, 0.00, 0.01, 0.65, 0.39, 0.31, 0.00, 0.00, 0.00, 0.00, 1.00, 1.00, 0.00, 1.00, 1.00, 1.00, 0.00, 0.00, 0.00, 1.00, 0.00, 0.00, 0.00, 0.00
178,  0,  5.946,  0.98,  1, 0.00, 0.00, 0.52, 0.00, 3.43, 3.22, 0.19, 2.31, 3.06, 2.72, 0.00, 0.07, 0.00, 0.01, 0.49, 0.40, 0.24, 0.00, 0.00, 0.00, 0.00, 1.00, 1.00, 0.00, 1.00, 1.00, 1.00, 0.00, 0.00, 0.00, 1.00, 0.00, 0.00, 0.00, 0.00
179,  0,  5.979,  0.98,  1, 0.00, 0.00, 0.55, 0.00, 3.46, 3.11, 0.20, 2.33, 3.03, 2.77, 0.00, 0.01, 0.00, 0.00, 0.42, 0.44, 0.25, 0.00, 0.00, 0.00, 0.00, 1.00, 1.00, 0.00, 1.00, 1.00, 1.00, 0.00, 0.00, 0.00, 1.00, 0.00, 0.00, 0.00, 0.00
180,  0,  6.013,  0.98,  1, 0.00, 0.00, 0.54, 0.00, 3.45, 3.10, 0.13, 2.33, 3.05, 2.73, 0.00, 0.01, 0.00, 0.00, 0.31, 0.41, 0.36, 0.00, 0.00, 0.00, 0.00, 1.00, 1.00, 0.00, 1.00, 1.00, 1.00, 0.00, 0.00, 0.00, 1.00, 0.00, 0.00, 0.00, 0.00
181,  0,  6.047,  0.98,  1, 0.00, 0.00, 0.53, 0.00, 3.47, 3.14, 0.10, 2.25, 3.07, 2.56, 0.00, 0.00, 0.00, 0.00, 0.40, 0.44, 0.39, 0.00, 0.00, 0.00, 0.00, 1.00, 1.00, 0.00, 1.00, 1.00, 1.00, 0.00, 0.00, 0.00, 1.00, 0.00, 0.00, 0.00, 0.00
182,  0,  6.080,  0.98,  1, 0.00, 0.00, 0.49, 0.00, 3.47, 3.17, 0.14, 2.26, 3.12, 2.41, 0.00, 0.00, 0.00, 0.00, 0.42, 0.53, 0.36, 0.00, 0.00, 0.00, 0.00, 1.00, 1.00, 0.00, 1.00, 1.00, 1.00, 0.00, 0.00, 0.00, 1.00, 0.00, 0.00, 0.00, 0.00
183,  0,  6.114,  0.98,  1, 0.00, 0.00, 0.49, 0.00, 3.51, 3.31, 0.23, 2.21, 3.11, 2.36, 0.00, 0.00, 0.00, 0.00, 0.39, 0.63, 0.33, 0.00, 0.00, 0.00, 0.00, 1.00, 1.00, 0.00, 1.00, 1.00, 1.00, 0.00, 0.00, 0.00, 1.00, 0.00, 0.00, 0.00, 0.00
184,  0,  6.147,  0.98,  1, 0.00, 0.00, 0.52, 0.00, 3.52, 3.41, 0.24, 2.30, 3.12, 2.54, 0.00, 0.00, 0.00, 0.00, 0.42, 0.63, 0.37, 0.00, 0.00, 0.00, 0.00, 1.00, 1.00, 0.00, 1.00, 1.00, 1.00, 0.00, 0.00, 0.00, 1.00, 0.00, 0.00, 0.00, 0.00
185,  0,  6.181,  0.98,  1, 0.00, 0.00, 0.52, 0.00, 3.53, 3.57, 0.18, 2.28, 3.11, 2.70, 0.00, 0.05, 0.00, 0.00, 0.44, 0.63, 0.43, 0.00, 0.00, 0.00, 0.00, 1.00, 1.00, 0.00, 1.00, 1.00, 1.00, 0.00, 0.00, 0.00, 1.00, 0.00, 0.00, 0.00, 0.00
186,  0,  6.215,  0.98,  1, 0.00, 0.00, 0.55, 0.00, 3.55, 3.58, 0.16, 2.36, 3.10, 2.81, 0.00, 0.05, 0.05, 0.01, 0.49, 0.65, 0.43, 0.00, 0.00, 0.00, 0.00, 1.00, 1.00, 0.00, 1.00, 1.00, 1.00, 0.00, 0.00, 0.00, 1.00, 0.00, 0.00, 0.00, 0.00
187,  0,  6.248,  0.98,  1, 0.00, 0.00, 0.54, 0.00, 3.53, 3.51, 0.14, 2.34, 3.11, 2.68, 0.00, 0.12, 0.05, 0.03, 0.50, 0.61, 0.38, 0.00, 0.00, 0.00, 0.00, 1.00, 1.00, 0.00, 1.00, 1.00, 1.00, 0.00, 0.00, 0.00, 1.00, 0.00, 0.00, 0.00, 0.00
188,  0,  6.282,  0.98,  1, 0.00, 0.00, 0.57, 0.00, 3.52, 3.47, 0.15, 2.48, 3.13, 2.55, 0.00, 0.18, 0.05, 0.11, 0.55, 0.59, 0.34, 0.00, 0.00, 0.00, 0.00, 1.00, 1.00, 0.00, 1.00, 1.00, 1.00, 0.00, 0.00, 0.00, 1.00, 0.00, 0.00, 0.00, 0.00
189,  0,  6.315,  0.98,  1, 0.00, 0.00, 0.59, 0.00, 3.52, 3.44, 0.07, 2.56, 3.15, 2.53, 0.00, 0.21, 0.01, 0.17, 0.65, 0.61, 0.35, 0.00, 0.00, 0.00, 0.00, 1.00, 1.00, 0.00, 1.00, 1.00, 1.00, 0.00, 0.00, 0.00, 1.00, 0.00, 0.00, 0.00, 0.00
190,  0,  6.349,  0.93,  1, 0.00, 0.00, 0.63, 0.00, 3.51, 3.42, 0.05, 2.55, 3.11, 2.68, 0.00, 0.24, 0.01, 0.17, 0.65, 0.71, 0.35, 0.00, 0.00, 0.00, 0.00, 1.00, 1.00, 0.00, 1.00, 1.00, 1.00, 0.00, 0.00, 0.00, 1.00, 0.00, 0.00, 0.00, 0.00
191,  0,  6.382,  0.93,  1, 0.00, 0.00, 0.63, 0.00, 3.57, 3.43, 0.01, 2.46, 3.07, 2.85, 0.00, 0.20, 0.01, 0.10, 0.66, 0.70, 0.33, 0.00, 0.00, 0.00, 0.00, 1.00, 1.00, 0.00, 1.00, 1.00, 1.00, 0.00, 0.00, 0.00, 1.00, 0.00, 0.00, 0.00, 0.00
192,  0,  6.416,  0.93,  1, 0.00, 0.00, 0.63, 0.00, 3.62, 3.53, 0.06, 2.40, 3.08, 2.83, 0.00, 0.18, 0.00, 0.05, 0.62, 0.61, 0.21, 0.00, 0.00, 0.00, 0.00, 1.00, 1.00, 0.00, 1.00, 1.00, 1.00, 0.00, 0.00, 0.00, 1.00, 0.00, 0.00, 0.00, 0.00
193,  0,  6.450,  0.98,  1, 0.00, 0.00, 0.64, 0.00, 3.69, 3.81, 0.06, 2.48, 3.07, 2.79, 0.00, 0.13, 0.01, 0.05, 0.63, 0.55, 0.16, 0.00, 0.00, 0.00, 0.00, 1.00, 1.00, 0.00, 1.00, 1.00, 1.00, 0.00, 0.00, 0.00, 1.00, 0.00, 0.00, 0.00, 0.00
194,  0,  6.483,  0.98,  1, 0.00, 0.00, 0.66, 0.00, 3.63, 3.92, 0.05, 2.52, 3.07, 2.73, 0.00, 0.15, 0.01, 0.07, 0.54, 0.37, 0.08, 0.00, 0.00, 0.00, 0.00, 1.00, 1.00, 0.00, 1.00, 1.00, 1.00, 0.00, 0.00, 0.00, 1.00, 0.00, 0.00, 0.00, 0.00
195,  0,  6.517,  0.98,  1, 0.00, 0.00, 0.66, 0.00, 3.61, 4.03, 0.01, 2.54, 3.08, 2.77, 0.00, 0.21, 0.01, 0.11, 0.50, 0.35, 0.11, 0.00, 0.00, 0.00, 0.00, 1.00, 1.00, 0.00, 1.00, 1.00, 1.00, 0.00, 0.00, 0.00, 1.00, 0.00, 0.00, 0.00, 0.00
196,  0,  6.550,  0.98,  1, 0.00, 0.00, 0.67, 0.00, 3.56, 3.97, 0.01, 2.57, 3.12, 2.79, 0.00, 0.19, 0.00, 0.12, 0.49, 0.37, 0.05, 0.00, 0.00, 0.00, 0.00, 1.00, 1.00, 0.00, 1.00, 1.00, 1.00, 0.00, 0.00, 0.00, 1.00, 0.00, 0.00, 0.00, 0.00
197,  0,  6.584,  0.98,  1, 0.00, 0.00, 0.59, 0.00, 3.57, 3.97, 0.01, 2.55, 3.13, 2.82, 0.02, 0.11, 0.00, 0.14, 0.59, 0.57, 0.05, 0.00, 0.00, 0.00, 0.00, 1.00, 1.00, 0.00, 1.00, 1.00, 1.00, 0.00, 0.00, 0.00, 1.00, 0.00, 0.00, 0.00, 0.00
198,  0,  6.618,  0.98,  1, 0.00, 0.00, 0.56, 0.00, 3.55, 3.99, 0.02, 2.48, 3.12, 2.82, 0.02, 0.02, 0.00, 0.13, 0.60, 0.64, 0.00, 0.00, 0.00, 0.00, 0.00, 1.00, 1.00, 0.00, 1.00, 1.00, 1.00, 0.00, 0.00, 0.00, 1.00, 0.00, 0.00, 0.00, 0.00
199,  0,  6.651,  0.98,  1, 0.00, 0.00, 0.52, 0.00, 3.57, 4.06, 0.03, 2.36, 3.11, 2.71, 0.02, 0.04, 0.00, 0.11, 0.59, 0.53, 0.00, 0.00, 0.00, 0.00, 0.00, 1.00, 1.00, 0.00, 1.00, 1.00, 1.00, 0.00, 0.00, 0.00, 1.00, 0.00, 0.00, 0.00, 0.00
200,  0,  6.685,  0.98,  1, 0.00, 0.00, 0.56, 0.00, 3.61, 4.08, 0.08, 2.37, 3.12, 2.64, 0.00, 0.07, 0.00, 0.08, 0.59, 0.43, 0.00, 0.00, 0.00, 0.00, 0.00, 1.00, 1.00, 0.00, 1.00, 1.00, 1.00, 0.00, 0.00, 0.00, 1.00, 0.00, 0.00, 0.00, 0.00
201,  0,  6.718,  0.98,  1, 0.00, 0.00, 0.54, 0.00, 3.64, 3.98, 0.08, 2.42, 3.15, 2.52, 0.00, 0.13, 0.00, 0.07, 0.61, 0.23, 0.00, 0.00, 0.00, 0.00, 0.00, 1.00, 1.00, 0.00, 1.00, 1.00, 1.00, 0.00, 0.00, 0.00, 1.00, 0.00, 0.00, 0.00, 0.00
202,  0,  6.752,  0.98,  1, 0.00, 0.00, 0.55, 0.00, 3.67, 3.91, 0.08, 2.44, 3.16, 2.54, 0.02, 0.11, 0.00, 0.13, 0.57, 0.20, 0.00, 0.00, 0.00, 0.00, 0.00, 1.00, 1.00, 0.00, 1.00, 1.00, 1.00, 0.00, 0.00, 0.00, 1.00, 0.00, 0.00, 0.00, 0.00
203,  0,  6.786,  0.98,  1, 0.00, 0.00, 0.57, 0.00, 3.67, 3.90, 0.04, 2.35, 3.16, 2.54, 0.02, 0.13, 0.00, 0.20, 0.49, 0.21, 0.00, 0.00, 0.00, 0.00, 0.00, 1.00, 1.00, 0.00, 1.00, 1.00, 1.00, 0.00, 0.00, 0.00, 1.00, 0.00, 0.00, 0.00, 0.00
204,  0,  6.819,  0.98,  1, 0.00, 0.00, 0.61, 0.00, 3.67, 3.93, 0.06, 2.28, 3.15, 2.55, 0.02, 0.18, 0.00, 0.23, 0.50, 0.36, 0.00, 0.00, 0.00, 0.00, 0.00, 1.00, 1.00, 0.00, 1.00, 1.00, 1.00, 0.00, 0.00, 0.00, 1.00, 1.00, 0.00, 0.00, 0.00
205,  0,  6.853,  0.98,  1, 0.00, 0.00, 0.68, 0.00, 3.66, 3.93, 0.10, 2.21, 3.13, 2.45, 0.02, 0.24, 0.00, 0.16, 0.61, 0.47, 0.00, 0.00, 0.00, 0.00, 0.00, 1.00, 1.00, 0.00, 1.00, 1.00, 1.00, 0.00, 0.00, 0.00, 1.00, 1.00, 0.00, 0.00, 0.00
206,  0,  6.886,  0.98,  1, 0.00, 0.00, 0.69, 0.00, 3.68, 3.98, 0.11, 2.25, 3.11, 2.38, 0.02, 0.25, 0.00, 0.07, 0.69, 0.42, 0.00, 0.00, 0.00, 0.00, 0.00, 1.00, 1.00, 0.00, 1.00, 1.00, 1.00, 0.00, 0.00, 0.00, 1.00, 1.00, 0.00, 0.00, 0.00
207,  0,  6.920,  0.98,  1, 0.00, 0.00, 0.69, 0.00, 3.69, 4.00, 0.12, 2.30, 3.09, 2.41, 0.02, 0.18, 0.00, 0.02, 0.77, 0.36, 0.00, 0.00, 0.00, 0.00, 0.00, 1.00, 1.00, 0.00, 1.00, 1.00, 1.00, 0.00, 0.00, 0.00, 1.00, 1.00, 0.00, 0.00, 0.00
208,  0,  6.954,  0.98,  1, 0.00, 0.00, 0.68, 0.00, 3.70, 4.00, 0.17, 2.35, 3.11, 2.44, 0.00, 0.12, 0.00, 0.00, 0.73, 0.26, 0.00, 0.00, 0.00, 0.00, 0.00, 1.00, 1.00, 0.00, 1.00, 1.00, 1.00, 0.00, 0.00, 0.00, 1.00, 1.00, 0.00, 0.00, 0.00
209,  0,  6.987,  0.98,  1, 0.00, 0.00, 0.68, 0.01, 3.66, 3.98, 0.20, 2.39, 3.11, 2.46, 0.00, 0.14, 0.00, 0.03, 0.66, 0.37, 0.00, 0.00, 0.00, 0.00, 0.00, 1.00, 1.00, 0.00, 1.00, 1.00, 1.00, 0.00, 0.00, 0.00, 1.00, 1.00, 0.00, 0.00, 0.00
210,  0,  7.021,  0.98,  1, 0.00, 0.00, 0.72, 0.01, 3.64, 4.00, 0.16, 2.45, 3.13, 2.58, 0.07, 0.11, 0.00, 0.05, 0.62, 0.41, 0.00, 0.00, 0.00, 0.00, 0.00, 1.00, 1.00, 0.00, 1.00, 1.00, 1.00, 0.00, 0.00, 0.00, 1.00, 1.00, 0.00, 0.00, 0.00
211,  0,  7.054,  0.93,  1, 0.00, 0.00, 0.72, 0.01, 3.60, 4.04, 0.06, 2.56, 3.11, 2.63, 0.12, 0.08, 0.00, 0.09, 0.62, 0.55, 0.00, 0.00, 0.00, 0.00, 0.00, 1.00, 1.00, 0.00, 1.00, 1.00, 1.00, 0.00, 0.00, 0.00, 1.00, 1.00, 0.00, 0.00, 0.00
212,  0,  7.088,  0.98,  1, 0.00, 0.00, 0.76, 0.00, 3.64, 4.07, 0.00, 2.60, 3.13, 2.71, 0.17, 0.03, 0.00, 0.06, 0.68, 0.39, 0.00, 0.00, 0.00, 0.00, 0.00, 1.00, 1.00, 0.00, 1.00, 1.00, 1.00, 0.00, 0.00, 0.00, 1.00, 1.00, 0.00, 0.00, 0.00
213,  0,  7.121,  0.98,  1, 0.00, 0.00, 0.73, 0.00, 3.66, 3.99, 0.05, 2.63, 3.11, 2.60, 0.10, 0.07, 0.00, 0.04, 0.64, 0.34, 0.00, 0.00, 0.00, 0.00, 0.00, 1.00, 1.00, 0.00, 1.00, 1.00, 1.00, 0.00, 0.00, 0.00, 1.00, 1.00, 0.00, 0.00, 0.00
214,  0,  7.155,  0.93,  1, 0.00, 0.00, 0.71, 0.00, 3.69, 3.97, 0.05, 2.57, 3.09, 2.71, 0.04, 0.09, 0.00, 0.00, 0.63, 0.29, 0.00, 0.00, 0.00, 0.00, 0.00, 1.00, 1.00, 0.00, 1.00, 1.00, 1.00, 0.00, 0.00, 0.00, 1.00, 1.00, 0.00, 0.00, 0.00
215,  0,  7.189,  0.98,  1, 0.00, 0.00, 0.66, 0.00, 3.69, 3.89, 0.06, 2.55, 3.10, 2.72, 0.05, 0.11, 0.00, 0.00, 0.72, 0.40, 0.00, 0.00, 0.00, 0.00, 0.00, 1.00, 1.00, 0.00, 1.00, 1.00, 1.00, 0.00, 0.00, 0.00, 1.00, 1.00, 0.00, 0.00, 0.00
216,  0,  7.222,  0.98,  1, 0.00, 0.00, 0.63, 0.00, 3.65, 3.91, 0.04, 2.51, 3.08, 2.77, 0.06, 0.24, 0.00, 0.01, 0.79, 0.40, 0.00, 0.00, 0.00, 0.00, 0.00, 1.00, 1.00, 0.00, 1.00, 1.00, 1.00, 0.00, 0.00, 0.00, 1.00, 1.00, 0.00, 0.00, 0.00
217,  0,  7.256,  0.98,  1, 0.00, 0.00, 0.62, 0.00, 3.63, 3.94, 0.07, 2.55, 3.08, 2.79, 0.10, 0.35, 0.00, 0.02, 0.77, 0.36, 0.00, 0.00, 0.00, 0.00, 0.00, 1.00, 1.00, 0.00, 1.00, 1.00, 1.00, 0.00, 0.00, 0.00, 1.00, 1.00, 0.00, 0.00, 0.00
218,  0,  7.289,  0.98,  1, 0.00, 0.00, 0.64, 0.00, 3.61, 3.94, 0.09, 2.59, 3.06, 2.81, 0.05, 0.33, 0.00, 0.02, 0.62, 0.36, 0.00, 0.00, 0.00, 0.00, 0.00, 1.00, 1.00, 0.00, 1.00, 1.00, 1.00, 0.00, 0.00, 0.00, 1.00, 1.00, 0.00, 0.00, 0.00
219,  0,  7.323,  0.98,  1, 0.00, 0.00, 0.67, 0.00, 3.64, 3.95, 0.06, 2.65, 3.11, 2.80, 0.06, 0.17, 0.00, 0.01, 0.53, 0.46, 0.00, 0.00, 0.00, 0.00, 0.00, 1.00, 1.00, 0.00, 1.00, 1.00, 1.00, 0.00, 0.00, 0.00, 1.00, 1.00, 0.00, 0.00, 0.00
220,  0,  7.357,  0.98,  1, 0.00, 0.00, 0.64, 0.00, 3.64, 3.93, 0.10, 2.71, 3.18, 2.78, 0.02, 0.03, 0.00, 0.00, 0.55, 0.52, 0.00, 0.00, 0.00, 0.00, 0.00, 1.00, 1.00, 0.00, 1.00, 1.00, 1.00, 0.00, 0.00, 0.00, 1.00, 1.00, 0.00, 0.00, 0.00
221,  0,  7.390,  0.98,  1, 0.00, 0.00, 0.68, 0.00, 3.62, 3.94, 0.08, 2.68, 3.18, 2.62, 0.04, 0.01, 0.00, 0.00, 0.70, 0.43, 0.00, 0.00, 0.00, 0.00, 0.00, 1.00, 1.00, 0.00, 1.00, 1.00, 1.00, 0.00, 0.00, 0.00, 1.00, 1.00, 0.00, 0.00, 0.00
222,  0,  7.424,  0.98,  1, 0.01, 0.00, 0.67, 0.00, 3.62, 3.94, 0.08, 2.65, 3.16, 2.56, 0.02, 0.00, 0.00, 0.00, 0.79, 0.35, 0.00, 0.00, 0.00, 0.00, 0.00, 1.00, 1.00, 0.00, 1.00, 1.00, 1.00, 0.00, 0.00, 0.00, 1.00, 1.00, 0.00, 0.00, 0.00
223,  0,  7.457,  0.98,  1, 0.03, 0.00, 0.68, 0.00, 3.59, 3.80, 0.02, 2.62, 3.15, 2.37, 0.02, 0.00, 0.00, 0.00, 0.83, 0.27, 0.00, 0.00, 0.00, 0.00, 0.00, 1.00, 1.00, 0.00, 1.00, 1.00, 1.00, 0.00, 0.00, 0.00, 1.00, 1.00, 0.00, 0.00, 0.00
224,  0,  7.491,  0.98,  1, 0.03, 0.00, 0.57, 0.00, 3.58, 3.71, 0.00, 2.69, 3.16, 2.38, 0.00, 0.00, 0.00, 0.00, 0.69, 0.26, 0.00, 0.00, 1.00, 0.00, 0.00, 1.00, 1.00, 0.00, 1.00, 1.00, 1.00, 0.00, 0.00, 0.00, 1.00, 1.00, 0.00, 0.00, 0.00
225,  0,  7.525,  0.98,  1, 0.04, 0.00, 0.57, 0.00, 3.54, 3.67, 0.00, 2.71, 3.17, 2.39, 0.00, 0.03, 0.00, 0.00, 0.66, 0.25, 0.00, 0.00, 1.00, 0.00, 0.00, 1.00, 1.00, 0.00, 1.00, 1.00, 1.00, 0.00, 0.00, 0.00, 1.00, 1.00, 0.00, 0.00, 0.00
226,  0,  7.558,  0.98,  1, 0.06, 0.00, 0.58, 0.00, 3.57, 3.79, 0.00, 2.72, 3.15, 2.49, 0.00, 0.09, 0.00, 0.00, 0.65, 0.25, 0.00, 0.00, 1.00, 0.00, 0.00, 1.00, 1.00, 0.00, 1.00, 1.00, 1.00, 0.00, 0.00, 0.00, 1.00, 1.00, 0.00, 0.00, 0.00
227,  0,  7.592,  0.98,  1, 0.07, 0.00, 0.57, 0.00, 3.59, 3.80, 0.00, 2.68, 3.13, 2.54, 0.00, 0.15, 0.00, 0.00, 0.74, 0.27, 0.00, 0.00, 1.00, 0.00, 0.00, 1.00, 1.00, 0.00, 1.00, 1.00, 1.00, 0.00, 0.00, 0.00, 1.00, 1.00, 0.00, 0.00, 0.00
228,  0,  7.625,  0.98,  1, 0.05, 0.00, 0.54, 0.00, 3.55, 3.65, 0.00, 2.61, 3.07, 2.51, 0.02, 0.19, 0.00, 0.00, 0.79, 0.29, 0.00, 0.00, 1.00, 0.00, 0.00, 1.00, 1.00, 0.00, 1.00, 1.00, 1.00, 0.00, 0.00, 0.00, 1.00, 1.00, 0.00, 0.00, 0.00
229,  0,  7.659,  0.98,  1, 0.01, 0.00, 0.50, 0.00, 3.54, 3.57, 0.00, 2.52, 2.99, 2.43, 0.02, 0.21, 0.00, 0.00, 0.80, 0.30, 0.00, 0.00, 0.00, 0.00, 0.00, 1.00, 1.00, 0.00, 1.00, 1.00, 1.00, 0.00, 0.00, 0.00, 1.00, 1.00, 0.00, 0.00, 0.00
230,  0,  7.693,  0.98,  1, 0.00, 0.00, 0.52, 0.00, 3.55, 3.59, 0.00, 2.42, 2.96, 2.39, 0.02, 0.27, 0.00, 0.00, 0.80, 0.32, 0.00, 0.00, 0.00, 0.00, 0.00, 1.00, 1.00, 0.00, 1.00, 1.00, 1.00, 0.00, 0.00, 0.00, 1.00, 1.00, 0.00, 0.00, 0.00
231,  0,  7.726,  0.98,  1, 0.00, 0.00, 0.50, 0.00, 3.56, 3.68, 0.00, 2.46, 2.98, 2.47, 0.00, 0.31, 0.00, 0.00, 0.80, 0.25, 0.00, 0.00, 0.00, 0.00, 0.00, 1.00, 1.00, 0.00, 1.00, 1.00, 1.00, 0.00, 0.00, 0.00, 1.00, 0.00, 0.00, 0.00, 0.00
232,  0,  7.760,  0.98,  1, 0.00, 0.00, 0.51, 0.00, 3.52, 3.68, 0.00, 2.47, 2.99, 2.53, 0.00, 0.30, 0.00, 0.00, 0.83, 0.26, 0.00, 0.00, 0.00, 0.00, 0.00, 1.00, 1.00, 0.00, 1.00, 1.00, 1.00, 0.00, 0.00, 0.00, 1.00, 0.00, 0.00, 0.00, 0.00
233,  0,  7.793,  0.98,  1, 0.00, 0.00, 0.53, 0.00, 3.48, 3.63, 0.00, 2.49, 2.98, 2.69, 0.00, 0.20, 0.00, 0.00, 0.85, 0.26, 0.00, 0.00, 0.00, 0.00, 0.00, 1.00, 1.00, 0.00, 1.00, 1.00, 1.00, 0.00, 0.00, 0.00, 1.00, 0.00, 0.00, 0.00, 0.00
234,  0,  7.827,  0.98,  1, 0.03, 0.05, 0.54, 0.00, 3.46, 3.50, 0.00, 2.43, 2.98, 2.61, 0.00, 0.08, 0.00, 0.00, 0.86, 0.35, 0.00, 0.00, 0.00, 0.00, 0.00, 1.00, 1.00, 0.00, 1.00, 1.00, 1.00, 0.00, 0.00, 0.00, 1.00, 0.00, 0.00, 0.00, 0.00
235,  0,  7.861,  0.93,  1, 0.03, 0.05, 0.50, 0.00, 3.49, 3.47, 0.00, 2.42, 3.02, 2.76, 0.00, 0.01, 0.00, 0.00, 0.85, 0.34, 0.00, 0.00, 0.00, 0.00, 0.00, 1.00, 1.00, 0.00, 1.00, 1.00, 1.00, 0.00, 0.00, 0.00, 1.00, 0.00, 0.00, 0.00, 0.00
236,  0,  7.894,  0.93,  1, 0.03, 0.05, 0.50, 0.00, 3.48, 3.46, 0.01, 2.42, 3.07, 2.69, 0.00, 0.00, 0.00, 0.00, 0.88, 0.30, 0.00, 0.00, 0.00, 0.00, 0.00, 1.00, 1.00, 0.00, 1.00, 1.00, 1.00, 0.00, 0.00, 0.00, 1.00, 0.00, 0.00, 0.00, 0.00
237,  0,  7.928,  0.93,  1, 0.00, 0.00, 0.53, 0.00, 3.49, 3.63, 0.03, 2.39, 3.07, 2.74, 0.00, 0.00, 0.00, 0.00, 0.84, 0.26, 0.01, 0.00, 0.00, 0.00, 0.00, 1.00, 1.00, 0.00, 1.00, 1.00, 1.00, 0.00, 0.00, 0.00, 1.00, 0.00, 0.00, 0.00, 0.00
238,  0,  7.961,  0.93,  1, 0.00, 0.00, 0.58, 0.00, 3.51, 3.71, 0.03, 2.31, 3.06, 2.73, 0.00, 0.00, 0.00, 0.00, 0.81, 0.27, 0.01, 0.00, 0.00, 0.00, 0.00, 1.00, 1.00, 0.00, 1.00, 1.00, 1.00, 0.00, 0.00, 0.00, 1.00, 0.00, 0.00, 0.00, 0.00
239,  0,  7.995,  0.93,  1, 0.00, 0.00, 0.57, 0.00, 3.55, 3.78, 0.02, 2.24, 3.05, 2.73, 0.00, 0.04, 0.00, 0.00, 0.81, 0.24, 0.01, 0.00, 0.00, 0.00, 0.00, 1.00, 1.00, 0.00, 1.00, 1.00, 1.00, 0.00, 0.00, 0.00, 1.00, 0.00, 0.00, 0.00, 0.00
240,  0,  8.028,  0.93,  1, 0.00, 0.00, 0.49, 0.00, 3.57, 3.72, 0.00, 2.26, 3.08, 2.77, 0.00, 0.04, 0.00, 0.00, 0.93, 0.18, 0.00, 0.00, 0.00, 0.00, 0.00, 1.00, 1.00, 0.00, 1.00, 1.00, 1.00, 0.00, 0.00, 0.00, 1.00, 0.00, 0.00, 0.00, 0.00
241,  0,  8.062,  0.93,  1, 0.00, 0.00, 0.47, 0.00, 3.58, 3.76, 0.00, 2.34, 3.12, 2.74, 0.00, 0.04, 0.00, 0.00, 0.98, 0.18, 0.04, 0.00, 0.00, 0.00, 0.00, 1.00, 1.00, 0.00, 1.00, 1.00, 1.00, 0.00, 0.00, 0.00, 1.00, 0.00, 0.00, 0.00, 0.00
242,  0,  8.096,  0.93,  1, 0.00, 0.00, 0.47, 0.00, 3.59, 3.78, 0.00, 2.38, 3.14, 2.80, 0.00, 0.03, 0.00, 0.00, 0.97, 0.23, 0.07, 0.00, 0.00, 0.00, 0.00, 1.00, 1.00, 0.00, 1.00, 1.00, 1.00, 0.00, 0.00, 0.00, 1.00, 0.00, 0.00, 0.00, 0.00
243,  0,  8.129,  0.93,  1, 0.00, 0.00, 0.52, 0.00, 3.59, 3.88, 0.01, 2.38, 3.11, 2.76, 0.00, 0.05, 0.00, 0.00, 0.88, 0.27, 0.07, 0.00, 0.00, 0.00, 0.00, 1.00, 1.00, 0.00, 1.00, 1.00, 1.00, 0.00, 0.00, 0.00, 1.00, 0.00, 0.00, 0.00, 0.00
244,  0,  8.163,  0.93,  1, 0.00, 0.00, 0.52, 0.00, 3.61, 3.90, 0.01, 2.34, 3.15, 2.72, 0.00, 0.06, 0.00, 0.00, 0.84, 0.28, 0.03, 0.00, 0.00, 0.00, 0.00, 1.00, 1.00, 0.00, 1.00, 1.00, 1.00, 0.00, 0.00, 0.00, 1.00, 0.00, 0.00, 0.00, 0.00
245,  0,  8.196,  0.98,  1, 0.00, 0.00, 0.51, 0.00, 3.58, 3.90, 0.01, 2.31, 3.15, 2.63, 0.00, 0.05, 0.00, 0.00, 0.82, 0.33, 0.01, 0.00, 0.00, 0.00, 0.00, 1.00, 1.00, 0.00, 1.00, 1.00, 1.00, 0.00, 0.00, 0.00, 1.00, 0.00, 0.00, 0.00, 0.00
246,  0,  8.230,  0.93,  1, 0.00, 0.00, 0.57, 0.00, 3.58, 3.87, 0.01, 2.35, 3.18, 2.55, 0.00, 0.03, 0.00, 0.00, 0.79, 0.29, 0.01, 0.00, 0.00, 0.00, 0.00, 1.00, 1.00, 0.00, 1.00, 1.00, 1.00, 0.00, 0.00, 0.00, 1.00, 0.00, 0.00, 0.00, 0.00
247,  0,  8.264,  0.93,  1, 0.00, 0.00, 0.62, 0.00, 3.53, 3.81, 0.01, 2.33, 3.17, 2.49, 0.00, 0.02, 0.00, 0.00, 0.78, 0.28, 0.01, 0.00, 0.00, 0.00, 0.00, 1.00, 1.00, 0.00, 1.00, 1.00, 1.00, 0.00, 0.00, 0.00, 1.00, 0.00, 0.00, 0.00, 0.00
248,  0,  8.297,  0.93,  1, 0.00, 0.00, 0.67, 0.00, 3.53, 3.82, 0.01, 2.36, 3.15, 2.55, 0.00, 0.00, 0.00, 0.00, 0.81, 0.33, 0.00, 0.00, 0.00, 0.00, 0.00, 1.00, 1.00, 0.00, 1.00, 1.00, 1.00, 0.00, 0.00, 0.00, 1.00, 0.00, 0.00, 0.00, 0.00
249,  0,  8.331,  0.93,  1, 0.00, 0.00, 0.67, 0.00, 3.56, 3.78, 0.00, 2.35, 3.13, 2.68, 0.00, 0.06, 0.00, 0.00, 0.79, 0.46, 0.00, 0.00, 0.00, 0.00, 0.00, 1.00, 1.00, 0.00, 1.00, 1.00, 1.00, 0.00, 0.00, 0.00, 1.00, 0.00, 0.00, 0.00, 0.00
250,  0,  8.364,  0.93,  1, 0.00, 0.00, 0.66, 0.00, 3.58, 3.79, 0.00, 2.39, 3.12, 2.79, 0.00, 0.09, 0.00, 0.00, 0.70, 0.35, 0.00, 0.00, 0.00, 0.00, 0.00, 1.00, 1.00, 0.00, 1.00, 1.00, 1.00, 0.00, 0.00, 0.00, 1.00, 0.00, 0.00, 0.00, 0.00
251,  0,  8.398,  0.93,  1, 0.00, 0.00, 0.67, 0.00, 3.61, 3.80, 0.00, 2.39, 3.12, 2.76, 0.00, 0.20, 0.00, 0.02, 0.64, 0.23, 0.00, 0.00, 0.00, 0.00, 0.00, 1.00, 1.00, 0.00, 1.00, 1.00, 1.00, 0.00, 0.00, 0.00, 1.00, 0.00, 0.00, 0.00, 0.00
252,  0,  8.432,  0.93,  1, 0.00, 0.00, 0.66, 0.00, 3.59, 3.93, 0.00, 2.38, 3.14, 2.79, 0.00, 0.30, 0.00, 0.02, 0.61, 0.06, 0.00, 0.00, 0.00, 0.00, 0.00, 1.00, 1.00, 0.00, 1.00, 1.00, 1.00, 0.00, 0.00, 0.00, 1.00, 0.00, 0.00, 0.00, 0.00
253,  0,  8.465,  0.93,  1, 0.00, 0.00, 0.62, 0.00, 3.56, 3.93, 0.00, 2.33, 3.13, 2.67, 0.00, 0.33, 0.00, 0.02, 0.70, 0.10, 0.00, 0.00, 0.00, 0.00, 0.00, 1.00, 1.00, 0.00, 1.00, 1.00, 1.00, 0.00, 0.00, 0.00, 1.00, 0.00, 0.00, 0.00, 0.00
254,  0,  8.499,  0.93,  1, 0.00, 0.00, 0.57, 0.00, 3.54, 3.96, 0.00, 2.28, 3.13, 2.65, 0.00, 0.24, 0.00, 0.04, 0.66, 0.17, 0.00, 0.00, 0.00, 0.00, 0.00, 1.00, 1.00, 0.00, 1.00, 1.00, 1.00, 0.00, 0.00, 0.00, 1.00, 0.00, 0.00, 0.00, 0.00
255,  0,  8.532,  0.93,  1, 0.00, 0.00, 0.52, 0.00, 3.52, 3.86, 0.00, 2.31, 3.12, 2.61, 0.01, 0.10, 0.00, 0.04, 0.66, 0.16, 0.00, 0.00, 0.00, 0.00, 0.00, 1.00, 1.00, 0.00, 1.00, 1.00, 1.00, 0.00, 0.00, 0.00, 1.00, 0.00, 0.00, 0.00, 0.00
256,  0,  8.566,  0.93,  1, 0.00, 0.00, 0.56, 0.00, 3.55, 3.98, 0.00, 2.32, 3.13, 2.73, 0.01, 0.08, 0.00, 0.04, 0.67, 0.18, 0.00, 0.00, 0.00, 0.00, 0.00, 1.00, 1.00, 0.00, 1.00, 1.00, 1.00, 0.00, 0.00, 0.00, 1.00, 1.00, 0.00, 0.00, 0.00
257,  0,  8.600,  0.93,  1, 0.00, 0.00, 0.65, 0.00, 3.58, 4.04, 0.00, 2.41, 3.13, 2.71, 0.03, 0.11, 0.00, 0.00, 0.69, 0.09, 0.00, 0.00, 0.00, 0.00, 0.00, 1.00, 1.00, 0.00, 1.00, 1.00, 1.00, 0.00, 0.00, 0.00, 1.00, 1.00, 0.00, 0.00, 0.00
258,  0,  8.633,  0.93,  1, 0.00, 0.00, 0.74, 0.00, 3.62, 4.15, 0.03, 2.44, 3.12, 2.72, 0.02, 0.09, 0.00, 0.01, 0.74, 0.14, 0.01, 0.00, 0.00, 0.00, 0.00, 1.00, 1.00, 0.00, 1.00, 1.00, 1.00, 0.00, 0.00, 0.00, 1.00, 0.00, 0.00, 0.00, 0.00
259,  0,  8.667,  0.93,  1, 0.00, 0.00, 0.79, 0.00, 3.62, 4.15, 0.03, 2.50, 3.13, 2.66, 0.02, 0.05, 0.00, 0.03, 0.69, 0.16, 0.01, 0.00, 0.00, 0.00, 0.00, 1.00, 1.00, 0.00, 1.00, 1.00, 1.00, 0.00, 0.00, 0.00, 1.00, 0.00, 0.00, 0.00, 0.00
260,  0,  8.700,  0.93,  1, 0.00, 0.00, 0.76, 0.00, 3.61, 4.11, 0.03, 2.46, 3.10, 2.65, 0.08, 0.01, 0.00, 0.04, 0.68, 0.27, 0.01, 0.00, 0.00, 0.00, 0.00, 1.00, 1.00, 0.00, 1.00, 1.00, 1.00, 0.00, 0.00, 0.00, 1.00, 0.00, 0.00, 0.00, 0.00
261,  0,  8.734,  0.93,  1, 0.00, 0.00, 0.73, 0.02, 3.61, 4.04, 0.00, 2.34, 3.10, 2.64, 0.08, 0.00, 0.00, 0.06, 0.69, 0.35, 0.00, 0.00, 0.00, 0.00, 0.00, 1.00, 1.00, 0.00, 1.00, 1.00, 1.00, 0.00, 0.00, 0.00, 1.00, 0.00, 0.00, 0.00, 0.00
262,  0,  8.767,  0.93,  1, 0.00, 0.00, 0.72, 0.02, 3.57, 3.88, 0.00, 2.27, 3.09, 2.60, 0.08, 0.03, 0.00, 0.09, 0.69, 0.47, 0.00, 0.00, 0.00, 0.00, 0.00, 1.00, 1.00, 0.00, 1.00, 1.00, 1.00, 0.00, 0.00, 0.00, 1.00, 0.00, 0.00, 0.00, 0.00
263,  0,  8.801,  0.93,  1, 0.00, 0.00, 0.68, 0.06, 3.58, 3.81, 0.00, 2.28, 3.08, 2.67, 0.00, 0.16, 0.00, 0.13, 0.64, 0.45, 0.00, 0.00, 0.00, 0.00, 0.00, 1.00, 1.00, 0.00, 1.00, 1.00, 1.00, 0.00, 0.00, 0.00, 1.00, 0.00, 0.00, 0.00, 0.00
264,  0,  8.835,  0.93,  1, 0.00, 0.00, 0.65, 0.04, 3.56, 3.74, 0.00, 2.31, 3.13, 2.66, 0.00, 0.19, 0.00, 0.14, 0.62, 0.47, 0.00, 0.00, 0.00, 0.00, 0.00, 1.00, 1.00, 0.00, 1.00, 1.00, 1.00, 0.00, 0.00, 0.00, 1.00, 0.00, 0.00, 0.00, 0.00
265,  0,  8.868,  0.93,  1, 0.00, 0.00, 0.59, 0.04, 3.51, 3.70, 0.00, 2.29, 3.17, 2.67, 0.00, 0.16, 0.00, 0.13, 0.63, 0.40, 0.00, 0.00, 0.00, 0.00, 0.00, 1.00, 1.00, 0.00, 1.00, 1.00, 1.00, 0.00, 0.00, 0.00, 1.00, 0.00, 0.00, 0.00, 0.00
266,  0,  8.902,  0.93,  1, 0.08, 0.00, 0.59, 0.00, 3.40, 3.71, 0.00, 2.20, 3.20, 2.71, 0.00, 0.03, 0.00, 0.16, 0.73, 0.48, 0.00, 0.00, 0.00, 0.00, 0.00, 1.00, 1.00, 0.00, 1.00, 1.00, 1.00, 0.00, 0.00, 0.00, 1.00, 0.00, 0.00, 0.00, 0.00
267,  0,  8.935,  0.93,  1, 0.20, 0.03, 0.61, 0.00, 3.32, 3.67, 0.00, 2.12, 3.13, 2.77, 0.00, 0.00, 0.00, 0.15, 0.65, 0.44, 0.00, 0.00, 0.00, 0.00, 0.00, 1.00, 1.00, 0.00, 1.00, 1.00, 1.00, 0.00, 0.00, 0.00, 1.00, 0.00, 0.00, 0.00, 0.00
268,  0,  8.969,  0.93,  1, 0.26, 0.03, 0.57, 0.00, 3.24, 3.66, 0.00, 2.09, 3.05, 2.78, 0.00, 0.00, 0.00, 0.11, 0.58, 0.59, 0.22, 0.00, 0.00, 0.00, 0.00, 1.00, 1.00, 0.00, 1.00, 1.00, 1.00, 0.00, 0.00, 0.00, 1.00, 0.00, 0.00, 0.00, 0.00
269,  0,  9.003,  0.93,  1, 0.25, 0.03, 0.48, 0.00, 3.16, 3.29, 0.00, 2.04, 2.99, 2.73, 0.00, 0.00, 0.03, 0.01, 0.50, 0.74, 0.67, 0.00, 0.00, 0.00, 0.00, 1.00, 1.00, 0.00, 1.00, 1.00, 1.00, 0.00, 0.00, 0.00, 1.00, 0.00, 0.00, 0.00, 1.00
270,  0,  9.036,  0.93,  1, 0.15, 0.00, 0.44, 0.00, 3.09, 3.05, 0.00, 2.06, 2.97, 2.65, 0.00, 0.00, 0.04, 0.00, 0.48, 0.90, 1.05, 0.00, 0.00, 0.00, 0.00, 1.00, 1.00, 0.00, 1.00, 1.00, 1.00, 0.00, 0.00, 0.00, 1.00, 0.00, 0.00, 0.00, 1.00
271,  0,  9.070,  0.93,  1, 0.09, 0.00, 0.55, 0.00, 3.12, 2.91, 0.00, 2.14, 2.93, 2.69, 0.01, 0.00, 0.04, 0.02, 0.44, 1.01, 1.12, 0.00, 0.00, 0.00, 0.00, 1.00, 1.00, 0.00, 1.00, 1.00, 1.00, 0.00, 0.00, 0.00, 1.00, 0.00, 0.00, 0.00, 1.00
272,  0,  9.103,  0.93,  1, 0.02, 0.00, 0.69, 0.00, 3.22, 3.12, 0.00, 2.34, 2.94, 2.86, 0.01, 0.06, 0.01, 0.06, 0.40, 1.10, 0.80, 0.00, 0.00, 0.00, 0.00, 1.00, 1.00, 0.00, 1.00, 1.00, 1.00, 0.00, 0.00, 0.00, 1.00, 0.00, 0.00, 0.00, 1.00
273,  0,  9.137,  0.93,  1, 0.01, 0.00, 0.71, 0.00, 3.30, 3.28, 0.00, 2.54, 2.94, 3.06, 0.14, 0.11, 0.12, 0.16, 0.26, 1.23, 0.42, 0.00, 0.00, 0.00, 0.00, 1.00, 1.00, 0.00, 1.00, 1.00, 1.00, 0.00, 0.00, 0.00, 1.00, 0.00, 0.00, 0.00, 0.00
274,  0,  9.171,  0.98,  1, 0.00, 0.00, 0.65, 0.00, 3.33, 3.35, 0.00, 2.61, 2.94, 3.11, 0.15, 0.11, 0.21, 0.22, 0.20, 1.29, 0.13, 0.00, 0.00, 0.00, 0.00, 1.00, 1.00, 0.00, 1.00, 1.00, 1.00, 0.00, 0.00, 0.00, 1.00, 0.00, 0.00, 0.00, 0.00
275,  0,  9.204,  0.98,  1, 0.00, 0.00, 0.61, 0.00, 3.33, 3.33, 0.00, 2.61, 2.90, 3.02, 0.30, 0.11, 0.23, 0.32, 0.07, 1.32, 0.00, 0.00, 0.00, 0.00, 0.00, 1.00, 1.00, 0.00, 1.00, 1.00, 1.00, 0.00, 0.00, 0.00, 1.00, 0.00, 0.00, 0.00, 0.00
276,  0,  9.238,  0.98,  1, 0.00, 0.00, 0.66, 0.00, 3.34, 3.37, 0.00, 2.57, 2.93, 2.89, 0.32, 0.15, 0.13, 0.33, 0.05, 1.29, 0.00, 0.00, 0.00, 0.00, 0.00, 1.00, 1.00, 0.00, 1.00, 1.00, 1.00, 0.00, 0.00, 0.00, 1.00, 0.00, 0.00, 0.00, 0.00
277,  0,  9.271,  0.98,  1, 0.00, 0.00, 0.74, 0.03, 3.34, 3.43, 0.00, 2.58, 2.96, 2.95, 0.43, 0.23, 0.05, 0.40, 0.00, 1.20, 0.00, 0.00, 0.00, 0.00, 0.00, 1.00, 1.00, 0.00, 1.00, 1.00, 1.00, 0.00, 0.00, 0.00, 1.00, 0.00, 0.00, 0.00, 0.00
278,  0,  9.305,  0.98,  1, 0.00, 0.00, 0.79, 0.03, 3.36, 3.55, 0.00, 2.59, 3.03, 2.98, 0.43, 0.25, 0.08, 0.42, 0.00, 1.12, 0.00, 0.00, 0.00, 0.00, 0.00, 1.00, 1.00, 0.00, 1.00, 1.00, 1.00, 0.00, 0.00, 0.00, 1.00, 0.00, 0.00, 0.00, 0.00
279,  0,  9.339,  0.98,  1, 0.00, 0.00, 0.76, 0.09, 3.34, 3.60, 0.00, 2.56, 3.03, 3.05, 0.38, 0.26, 0.07, 0.45, 0.00, 1.13, 0.00, 0.00, 0.00, 0.00, 0.00, 1.00, 1.00, 0.00, 1.00, 1.00, 1.00, 0.00, 0.00, 0.00, 1.00, 0.00, 0.00, 0.00, 0.00
280,  0,  9.372,  0.98,  1, 0.00, 0.00, 0.76, 0.09, 3.32, 3.59, 0.00, 2.57, 3.03, 3.04, 0.35, 0.23, 0.07, 0.42, 0.00, 1.12, 0.00, 0.00, 0.00, 0.00, 0.00, 1.00, 1.00, 0.00, 1.00, 1.00, 1.00, 0.00, 0.00, 0.00, 1.00, 0.00, 0.00, 0.00, 0.00
281,  0,  9.406,  0.98,  1, 0.00, 0.00, 0.71, 0.12, 3.27, 3.56, 0.00, 2.53, 3.00, 3.05, 0.35, 0.18, 0.07, 0.38, 0.00, 1.00, 0.00, 0.00, 0.00, 0.00, 0.00, 1.00, 1.00, 0.00, 1.00, 1.00, 1.00, 0.00, 0.00, 0.00, 1.00, 0.00, 0.00, 0.00, 0.00
282,  0,  9.439,  0.98,  1, 0.00, 0.00, 0.72, 0.07, 3.26, 3.50, 0.00, 2.52, 2.98, 3.11, 0.39, 0.12, 0.14, 0.39, 0.00, 0.97, 0.00, 0.00, 0.00, 0.00, 0.00, 1.00, 1.00, 0.00, 1.00, 1.00, 1.00, 0.00, 0.00, 0.00, 1.00, 0.00, 0.00, 0.00, 0.00
283,  0,  9.473,  0.98,  1, 0.00, 0.00, 0.66, 0.11, 3.30, 3.61, 0.00, 2.48, 2.97, 3.16, 0.42, 0.17, 0.25, 0.41, 0.00, 0.96, 0.00, 0.00, 0.00, 0.00, 0.00, 1.00, 1.00, 0.00, 1.00, 1.00, 1.00, 0.00, 0.00, 0.00, 1.00, 0.00, 0.00, 0.00, 0.00
284,  0,  9.507,  0.98,  1, 0.00, 0.00, 0.67, 0.16, 3.28, 3.54, 0.00, 2.46, 2.99, 3.14, 0.45, 0.22, 0.27, 0.37, 0.06, 1.07, 0.00, 0.00, 0.00, 0.00, 0.00, 1.00, 1.00, 0.00, 1.00, 1.00, 1.00, 0.00, 0.00, 0.00, 1.00, 0.00, 0.00, 0.00, 0.00
285,  0,  9.540,  0.98,  1, 0.00, 0.00, 0.68, 0.16, 3.23, 3.56, 0.01, 2.39, 2.96, 3.03, 0.34, 0.29, 0.26, 0.35, 0.13, 1.13, 0.00, 0.00, 0.00, 0.00, 0.00, 1.00, 1.00, 0.00, 1.00, 1.00, 1.00, 0.00, 0.00, 0.00, 1.00, 0.00, 0.00, 0.00, 0.00
286,  0,  9.574,  0.98,  1, 0.00, 0.00, 0.61, 0.08, 3.18, 3.42, 0.01, 2.34, 2.95, 2.96, 0.28, 0.25, 0.15, 0.28, 0.27, 1.19, 0.00, 0.00, 0.00, 0.00, 0.00, 1.00, 1.00, 0.00, 1.00, 1.00, 1.00, 0.00, 0.00, 0.00, 1.00, 0.00, 0.00, 0.00, 0.00
287,  0,  9.607,  0.98,  1, 0.00, 0.00, 0.58, 0.01, 3.19, 3.42, 0.01, 2.32, 2.94, 2.90, 0.22, 0.20, 0.22, 0.28, 0.34, 1.25, 0.00, 0.00, 0.00, 0.00, 0.00, 1.00, 1.00, 0.00, 1.00, 1.00, 1.00, 0.00, 0.00, 0.00, 1.00, 0.00, 0.00, 0.00, 0.00
288,  0,  9.641,  0.98,  1, 0.00, 0.00, 0.57, 0.05, 3.24, 3.51, 0.00, 2.37, 2.97, 2.86, 0.27, 0.10, 0.28, 0.20, 0.41, 1.25, 0.00, 0.00, 0.00, 0.00, 0.00, 1.00, 1.00, 0.00, 1.00, 1.00, 1.00, 0.00, 0.00, 0.00, 1.00, 0.00, 0.00, 0.00, 0.00
289,  0,  9.674,  0.98,  1, 0.00, 0.00, 0.59, 0.05, 3.24, 3.50, 0.00, 2.38, 2.95, 2.73, 0.30, 0.04, 0.34, 0.21, 0.42, 1.38, 0.00, 0.00, 0.00, 0.00, 0.00, 1.00, 1.00, 0.00, 1.00, 1.00, 1.00, 0.00, 0.00, 0.00, 1.00, 0.00, 0.00, 0.00, 0.00
290,  0,  9.708,  0.98,  1, 0.01, 0.00, 0.57, 0.05, 3.23, 3.50, 0.00, 2.42, 2.95, 2.65, 0.30, 0.00, 0.28, 0.14, 0.46, 1.35, 0.00, 0.00, 0.00, 0.00, 0.00, 1.00, 1.00, 0.00, 1.00, 1.00, 1.00, 0.00, 0.00, 0.00, 1.00, 0.00, 0.00, 0.00, 0.00
291,  0,  9.742,  0.93,  1, 0.01, 0.00, 0.55, 0.01, 3.18, 3.38, 0.00, 2.40, 2.93, 2.60, 0.31, 0.01, 0.13, 0.11, 0.50, 1.36, 0.00, 0.00, 0.00, 0.00, 0.00, 1.00, 1.00, 0.00, 1.00, 1.00, 1.00, 0.00, 0.00, 0.00, 1.00, 0.00, 0.00, 0.00, 0.00
292,  0,  9.775,  0.98,  1, 0.01, 0.00, 0.55, 0.01, 3.16, 3.39, 0.00, 2.34, 2.91, 2.59, 0.28, 0.01, 0.10, 0.04, 0.54, 1.23, 0.00, 0.00, 0.00, 0.00, 0.00, 1.00, 1.00, 0.00, 1.00, 1.00, 1.00, 0.00, 0.00, 0.00, 1.00, 0.00, 0.00, 0.00, 0.00
293,  0,  9.809,  0.98,  1, 0.00, 0.00, 0.54, 0.00, 3.13, 3.35, 0.00, 2.27, 2.89, 2.68, 0.21, 0.03, 0.07, 0.07, 0.60, 1.28, 0.00, 0.00, 0.00, 0.00, 0.00, 1.00, 1.00, 0.00, 1.00, 1.00, 1.00, 0.00, 0.00, 0.00, 1.00, 0.00, 0.00, 0.00, 0.00
294,  0,  9.842,  0.98,  1, 0.03, 0.00, 0.54, 0.00, 3.09, 3.37, 0.00, 2.21, 2.87, 2.64, 0.16, 0.02, 0.07, 0.08, 0.60, 1.19, 0.00, 0.00, 0.00, 0.00, 0.00, 1.00, 1.00, 0.00, 1.00, 1.00, 1.00, 0.00, 0.00, 0.00, 1.00, 0.00, 0.00, 0.00, 0.00
295,  0,  9.876,  0.98,  1, 0.06, 0.00, 0.52, 0.00, 3.08, 3.33, 0.01, 2.28, 2.83, 2.65, 0.21, 0.02, 0.14, 0.09, 0.69, 1.12, 0.00, 0.00, 0.00, 0.00, 0.00, 1.00, 1.00, 0.00, 1.00, 1.00, 1.00, 0.00, 0.00, 0.00, 1.00, 0.00, 0.00, 0.00, 0.00
296,  0,  9.910,  0.93,  1, 0.12, 0.00, 0.49, 0.00, 3.06, 3.34, 0.01, 2.21, 2.79, 2.62, 0.17, 0.00, 0.16, 0.05, 0.69, 1.07, 0.00, 0.00, 0.00, 0.00, 0.00, 1.00, 1.00, 0.00, 1.00, 1.00, 1.00, 0.00, 0.00, 0.00, 1.00, 0.00, 0.00, 0.00, 0.00
297,  0,  9.943,  0.93,  1, 0.17, 0.00, 0.47, 0.03, 3.04, 3.34, 0.01, 2.16, 2.74, 2.57, 0.19, 0.00, 0.20, 0.00, 0.66, 1.05, 0.00, 0.00, 0.00, 0.00, 0.00, 1.00, 1.00, 0.00, 1.00, 1.00, 1.00, 0.00, 0.00, 0.00, 1.00, 0.00, 0.00, 0.00, 0.00
298,  0,  9.977,  0.98,  1, 0.17, 0.00, 0.41, 0.03, 3.02, 3.28, 0.01, 2.08, 2.73, 2.50, 0.08, 0.00, 0.19, 0.01, 0.61, 1.14, 0.00, 0.00, 0.00, 0.00, 0.00, 1.00, 1.00, 0.00, 1.00, 1.00, 1.00, 0.00, 0.00, 0.00, 1.00, 0.00, 0.00, 0.00, 0.00
299,  0,  10.010,  0.98,  1, 0.16, 0.00, 0.42, 0.07, 2.98, 3.23, 0.01, 2.09, 2.71, 2.38, 0.13, 0.00, 0.16, 0.01, 0.54, 1.07, 0.00, 0.00, 0.00, 0.00, 0.00, 1.00, 1.00, 0.00, 1.00, 1.00, 1.00, 0.00, 0.00, 0.00, 1.00, 0.00, 0.00, 0.00, 0.00
300,  0,  10.044,  0.98,  1, 0.15, 0.00, 0.43, 0.04, 3.00, 3.24, 0.01, 2.16, 2.73, 2.46, 0.11, 0.07, 0.16, 0.01, 0.58, 1.11, 0.00, 0.00, 0.00, 0.00, 0.00, 1.00, 1.00, 0.00, 1.00, 1.00, 1.00, 0.00, 0.00, 0.00, 1.00, 0.00, 0.00, 0.00, 0.00
301,  0,  10.078,  0.93,  1, 0.22, 0.00, 0.42, 0.05, 3.01, 3.24, 0.00, 2.18, 2.72, 2.46, 0.11, 0.16, 0.08, 0.00, 0.55, 1.15, 0.00, 0.00, 0.00, 0.00, 0.00, 1.00, 1.00, 0.00, 1.00, 1.00, 1.00, 0.00, 0.00, 0.00, 1.00, 0.00, 0.00, 0.00, 0.00
302,  0,  10.111,  0.93,  1, 0.28, 0.00, 0.43, 0.01, 3.05, 3.29, 0.00, 2.23, 2.74, 2.49, 0.15, 0.16, 0.04, 0.00, 0.60, 1.18, 0.00, 0.00, 0.00, 0.00, 0.00, 1.00, 1.00, 0.00, 1.00, 1.00, 1.00, 0.00, 0.00, 0.00, 1.00, 0.00, 0.00, 0.00, 0.00
303,  0,  10.145,  0.93,  1, 0.39, 0.00, 0.43, 0.01, 2.97, 3.23, 0.00, 2.20, 2.71, 2.60, 0.09, 0.15, 0.00, 0.00, 0.57, 1.14, 0.00, 0.00, 0.00, 0.00, 0.00, 1.00, 1.00, 0.00, 1.00, 1.00, 1.00, 0.00, 0.00, 0.00, 1.00, 0.00, 0.00, 0.00, 0.00
304,  0,  10.178,  0.93,  1, 0.43, 0.00, 0.48, 0.00, 2.87, 3.18, 0.00, 2.22, 2.71, 2.66, 0.09, 0.06, 0.05, 0.00, 0.55, 1.00, 0.00, 0.00, 0.00, 0.00, 0.00, 1.00, 1.00, 0.00, 1.00, 1.00, 1.00, 0.00, 0.00, 0.00, 1.00, 0.00, 0.00, 0.00, 0.00
305,  0,  10.212,  0.98,  1, 0.49, 0.00, 0.54, 0.00, 2.75, 3.17, 0.04, 2.10, 2.65, 2.80, 0.00, 0.05, 0.05, 0.00, 0.73, 0.93, 0.00, 1.00, 0.00, 0.00, 0.00, 1.00, 1.00, 0.00, 1.00, 1.00, 1.00, 0.00, 0.00, 0.00, 1.00, 1.00, 0.00, 0.00, 0.00
306,  0,  10.246,  0.98,  1, 0.63, 0.12, 0.66, 0.00, 2.67, 3.22, 0.10, 1.99, 2.53, 2.80, 0.00, 0.00, 0.16, 0.00, 0.68, 1.08, 0.00, 1.00, 1.00, 0.00, 0.00, 1.00, 1.00, 0.00, 1.00, 1.00, 1.00, 0.00, 0.00, 1.00, 1.00, 1.00, 1.00, 0.00, 0.00
307,  0,  10.279,  0.93,  1, 0.96, 0.36, 0.90, 0.00, 2.47, 3.31, 0.20, 1.79, 2.21, 2.83, 0.00, 0.00, 0.11, 0.00, 0.49, 1.27, 0.00, 1.00, 1.00, 0.00, 0.00, 1.00, 1.00, 0.00, 1.00, 1.00, 1.00, 0.00, 0.00, 1.00, 0.00, 1.00, 1.00, 0.00, 0.00
308,  0,  10.313,  0.93,  1, 1.39, 0.63, 1.15, 0.00, 2.23, 3.44, 0.16, 1.62, 1.79, 2.59, 0.00, 0.00, 0.38, 0.00, 0.17, 1.48, 0.18, 1.00, 1.00, 0.00, 0.00, 1.00, 1.00, 0.00, 1.00, 1.00, 1.00, 0.00, 0.00, 1.00, 0.00, 1.00, 1.00, 0.00, 0.00
309,  0,  10.346,  0.98,  1, 1.71, 0.85, 1.34, 0.00, 1.95, 3.45, 0.10, 1.29, 1.35, 2.18, 0.04, 0.03, 0.82, 0.00, 0.05, 1.54, 0.45, 1.00, 1.00, 0.00, 0.00, 1.00, 1.00, 0.00, 1.00, 1.00, 1.00, 0.00, 0.00, 1.00, 0.00, 1.00, 1.00, 1.00, 0.00
310,  0,  10.380,  0.98,  1, 1.91, 0.94, 1.37, 0.00, 1.68, 3.33, 0.00, 1.31, 0.96, 1.77, 0.10, 0.41, 1.30, 0.10, 0.05, 1.40, 0.72, 1.00, 1.00, 0.00, 0.00, 1.00, 1.00, 0.00, 1.00, 1.00, 1.00, 1.00, 0.00, 1.00, 0.00, 1.00, 1.00, 1.00, 0.00
311,  0,  10.413,  0.98,  1, 1.92, 1.04, 1.30, 0.00, 1.50, 3.09, 0.00, 1.32, 0.65, 1.59, 0.38, 0.79, 1.44, 0.23, 0.00, 1.02, 0.86, 1.00, 1.00, 0.00, 0.00, 1.00, 1.00, 0.00, 1.00, 1.00, 1.00, 1.00, 1.00, 1.00, 0.00, 0.00, 1.00, 1.00, 0.00
312,  0,  10.447,  0.98,  1, 1.82, 1.00, 1.19, 0.04, 1.40, 2.95, 0.00, 1.55, 0.52, 1.60, 0.59, 1.09, 1.29, 0.36, 0.00, 0.58, 0.90, 1.00, 1.00, 0.00, 0.00, 1.00, 1.00, 0.00, 1.00, 1.00, 1.00, 1.00, 1.00, 1.00, 0.00, 0.00, 0.00, 1.00, 0.00
313,  0,  10.481,  0.98,  1, 1.73, 0.94, 1.18, 0.04, 1.45, 2.93, 0.00, 1.49, 0.53, 1.72, 0.90, 1.03, 1.39, 0.39, 0.00, 0.22, 0.90, 1.00, 1.00, 0.00, 0.00, 1.00, 1.00, 0.00, 1.00, 1.00, 1.00, 1.00, 1.00, 1.00, 0.00, 0.00, 0.00, 1.00, 0.00
314,  0,  10.514,  0.98,  1, 1.47, 0.69, 1.10, 0.04, 1.60, 2.77, 0.00, 1.58, 0.83, 1.94, 0.73, 0.73, 1.51, 0.52, 0.00, 0.12, 0.86, 1.00, 1.00, 0.00, 0.00, 1.00, 1.00, 0.00, 1.00, 1.00, 1.00, 1.00, 1.00, 1.00, 0.00, 0.00, 0.00, 1.00, 0.00
315,  0,  10.548,  0.98,  1, 1.28, 0.55, 0.94, 0.08, 1.82, 2.69, 0.00, 1.59, 1.25, 2.10, 0.77, 0.47, 1.44, 0.60, 0.00, 0.04, 0.77, 1.00, 1.00, 0.00, 0.00, 1.00, 1.00, 0.00, 1.00, 1.00, 1.00, 1.00, 1.00, 1.00, 0.00, 0.00, 0.00, 1.00, 0.00
316,  0,  10.581,  0.98,  1, 1.00, 0.39, 0.78, 0.08, 2.06, 2.64, 0.00, 1.71, 1.70, 2.34, 0.49, 0.32, 1.07, 0.62, 0.00, 0.04, 0.69, 1.00, 1.00, 0.00, 0.00, 1.00, 1.00, 0.00, 1.00, 1.00, 1.00, 1.00, 0.00, 1.00, 0.00, 0.00, 0.00, 0.00, 0.00
317,  0,  10.615,  0.98,  1, 0.89, 0.40, 0.73, 0.12, 2.24, 2.60, 0.00, 1.81, 1.99, 2.37, 0.48, 0.27, 0.63, 0.36, 0.08, 0.00, 0.57, 1.00, 1.00, 0.00, 0.00, 1.00, 1.00, 0.00, 1.00, 1.00, 1.00, 0.00, 0.00, 1.00, 0.00, 0.00, 0.00, 0.00, 0.00
318,  0,  10.649,  0.93,  1, 0.77, 0.41, 0.75, 0.05, 2.38, 2.56, 0.00, 2.01, 2.15, 2.56, 0.38, 0.20, 0.36, 0.18, 0.28, 0.00, 0.42, 1.00, 1.00, 0.00, 0.00, 1.00, 1.00, 0.00, 1.00, 1.00, 1.00, 0.00, 0.00, 1.00, 1.00, 0.00, 0.00, 0.00, 0.00
319,  0,  10.682,  0.93,  1, 0.71, 0.42, 0.67, 0.05, 2.50, 2.62, 0.00, 2.17, 2.29, 2.57, 0.46, 0.09, 0.15, 0.05, 0.54, 0.00, 0.36, 1.00, 1.00, 0.00, 0.00, 1.00, 1.00, 0.00, 1.00, 1.00, 1.00, 0.00, 0.00, 0.00, 1.00, 0.00, 0.00, 0.00, 0.00
320,  0,  10.716,  0.93,  1, 0.69, 0.37, 0.61, 0.01, 2.61, 2.86, 0.00, 2.23, 2.38, 2.65, 0.44, 0.14, 0.05, 0.05, 0.71, 0.11, 0.26, 1.00, 1.00, 0.00, 0.00, 1.00, 1.00, 0.00, 1.00, 1.00, 1.00, 0.00, 0.00, 0.00, 1.00, 0.00, 0.00, 0.00, 0.00
321,  0,  10.749,  0.93,  1, 0.67, 0.31, 0.59, 0.00, 2.69, 3.01, 0.00, 2.17, 2.43, 2.56, 0.25, 0.28, 0.00, 0.02, 0.68, 0.16, 0.37, 1.00, 0.00, 0.00, 0.00, 1.00, 1.00, 0.00, 1.00, 1.00, 1.00, 0.00, 0.00, 0.00, 1.00, 0.00, 0.00, 0.00, 0.00
322,  0,  10.783,  0.93,  1, 0.63, 0.23, 0.63, 0.00, 2.70, 3.06, 0.00, 2.12, 2.46, 2.65, 0.22, 0.31, 0.00, 0.00, 0.64, 0.30, 0.37, 1.00, 0.00, 0.00, 0.00, 1.00, 1.00, 0.00, 1.00, 1.00, 1.00, 0.00, 0.00, 0.00, 1.00, 0.00, 0.00, 0.00, 0.00
323,  0,  10.817,  0.93,  1, 0.53, 0.18, 0.62, 0.00, 2.66, 3.10, 0.00, 2.24, 2.52, 2.76, 0.20, 0.34, 0.00, 0.00, 0.61, 0.39, 0.49, 1.00, 0.00, 0.00, 0.00, 1.00, 1.00, 0.00, 1.00, 1.00, 1.00, 0.00, 0.00, 0.00, 1.00, 0.00, 0.00, 0.00, 0.00
324,  0,  10.850,  0.93,  1, 0.38, 0.07, 0.63, 0.00, 2.71, 3.23, 0.00, 2.33, 2.62, 2.87, 0.31, 0.21, 0.00, 0.00, 0.66, 0.48, 0.43, 0.00, 0.00, 0.00, 0.00, 1.00, 1.00, 0.00, 1.00, 1.00, 1.00, 0.00, 0.00, 0.00, 1.00, 0.00, 0.00, 0.00, 0.00
325,  0,  10.884,  0.93,  1, 0.21, 0.03, 0.63, 0.00, 2.81, 3.31, 0.00, 2.32, 2.71, 2.89, 0.18, 0.12, 0.00, 0.00, 0.67, 0.58, 0.40, 0.00, 0.00, 0.00, 0.00, 1.00, 1.00, 0.00, 1.00, 1.00, 1.00, 0.00, 0.00, 0.00, 1.00, 0.00, 0.00, 0.00, 0.00
326,  0,  10.917,  0.98,  1, 0.09, 0.00, 0.62, 0.00, 2.96, 3.36, 0.00, 2.24, 2.78, 2.82, 0.18, 0.04, 0.00, 0.00, 0.65, 0.60, 0.25, 0.00, 0.00, 0.00, 0.00, 1.00, 1.00, 0.00, 1.00, 1.00, 1.00, 0.00, 0.00, 0.00, 1.00, 0.00, 0.00, 0.00, 0.00
327,  0,  10.951,  0.98,  1, 0.03, 0.00, 0.59, 0.01, 3.07, 3.37, 0.00, 2.24, 2.83, 2.97, 0.14, 0.09, 0.00, 0.04, 0.58, 0.71, 0.14, 0.00, 0.00, 0.00, 0.00, 1.00, 1.00, 0.00, 1.00, 1.00, 1.00, 0.00, 0.00, 0.00, 1.00, 0.00, 0.00, 0.00, 0.00
328,  0,  10.985,  0.98,  1, 0.00, 0.00, 0.69, 0.01, 3.17, 3.47, 0.00, 2.33, 2.87, 3.05, 0.14, 0.10, 0.04, 0.13, 0.43, 0.71, 0.03, 0.00, 0.00, 0.00, 0.00, 1.00, 1.00, 0.00, 1.00, 1.00, 1.00, 0.00, 0.00, 0.00, 1.00, 0.00, 0.00, 0.00, 0.00
329,  0,  11.018,  0.98,  1, 0.00, 0.00, 0.75, 0.03, 3.18, 3.51, 0.00, 2.34, 2.87, 3.21, 0.14, 0.10, 0.09, 0.21, 0.23, 0.78, 0.00, 0.00, 0.00, 0.00, 0.00, 1.00, 1.00, 0.00, 1.00, 1.00, 1.00, 0.00, 0.00, 0.00, 1.00, 0.00, 0.00, 0.00, 0.00
330,  0,  11.052,  0.98,  1, 0.00, 0.00, 0.76, 0.02, 3.20, 3.47, 0.00, 2.36, 2.88, 3.23, 0.24, 0.13, 0.16, 0.33, 0.16, 0.87, 0.00, 0.00, 0.00, 0.00, 0.00, 1.00, 1.00, 0.00, 1.00, 1.00, 1.00, 0.00, 0.00, 0.00, 1.00, 0.00, 0.00, 0.00, 0.00
331,  0,  11.085,  0.98,  1, 0.00, 0.00, 0.67, 0.02, 3.20, 3.42, 0.00, 2.30, 2.91, 3.23, 0.46, 0.16, 0.14, 0.38, 0.19, 0.99, 0.00, 0.00, 0.00, 0.00, 0.00, 1.00, 1.00, 0.00, 1.00, 1.00, 1.00, 0.00, 0.00, 0.00, 1.00, 0.00, 0.00, 0.00, 0.00
332,  0,  11.119,  0.98,  1, 0.00, 0.00, 0.68, 0.00, 3.21, 3.37, 0.00, 2.24, 2.94, 3.24, 0.54, 0.16, 0.09, 0.45, 0.26, 1.04, 0.00, 0.00, 0.00, 0.00, 0.00, 1.00, 1.00, 0.00, 1.00, 1.00, 1.00, 0.00, 0.00, 0.00, 1.00, 0.00, 0.00, 0.00, 0.00
333,  0,  11.153,  0.98,  1, 0.00, 0.00, 0.68, 0.00, 3.20, 3.46, 0.00, 2.22, 2.97, 3.15, 0.50, 0.10, 0.02, 0.39, 0.21, 0.93, 0.00, 0.00, 0.00, 0.00, 0.00, 1.00, 1.00, 0.00, 1.00, 1.00, 1.00, 0.00, 0.00, 0.00, 1.00, 0.00, 0.00, 0.00, 0.00
334,  0,  11.186,  0.98,  1, 0.00, 0.00, 0.67, 0.00, 3.22, 3.52, 0.00, 2.19, 2.97, 3.19, 0.33, 0.08, 0.00, 0.36, 0.16, 0.91, 0.00, 0.00, 0.00, 0.00, 0.00, 1.00, 1.00, 0.00, 1.00, 1.00, 1.00, 0.00, 0.00, 0.00, 1.00, 0.00, 0.00, 0.00, 0.00
335,  0,  11.220,  0.98,  1, 0.00, 0.00, 0.68, 0.00, 3.25, 3.58, 0.00, 2.22, 2.99, 3.07, 0.21, 0.12, 0.00, 0.29, 0.22, 0.93, 0.00, 0.00, 0.00, 0.00, 0.00, 1.00, 1.00, 0.00, 1.00, 1.00, 1.00, 0.00, 0.00, 0.00, 1.00, 0.00, 0.00, 0.00, 0.00
336,  0,  11.253,  0.98,  1, 0.00, 0.00, 0.73, 0.00, 3.24, 3.56, 0.00, 2.22, 3.00, 3.02, 0.09, 0.13, 0.00, 0.19, 0.35, 1.03, 0.00, 0.00, 0.00, 0.00, 0.00, 1.00, 1.00, 0.00, 1.00, 1.00, 1.00, 0.00, 0.00, 0.00, 1.00, 0.00, 0.00, 0.00, 0.00
337,  0,  11.287,  0.98,  1, 0.00, 0.00, 0.77, 0.02, 3.19, 3.54, 0.00, 2.27, 3.00, 2.90, 0.04, 0.10, 0.00, 0.09, 0.44, 1.15, 0.00, 0.00, 0.00, 0.00, 0.00, 1.00, 1.00, 0.00, 1.00, 1.00, 1.00, 0.00, 0.00, 0.00, 1.00, 0.00, 0.00, 0.00, 0.00
338,  0,  11.320,  0.93,  1, 0.00, 0.00, 0.81, 0.02, 3.14, 3.52, 0.00, 2.31, 2.98, 2.88, 0.00, 0.03, 0.00, 0.00, 0.56, 1.30, 0.00, 0.00, 0.00, 0.00, 0.00, 1.00, 1.00, 0.00, 1.00, 1.00, 1.00, 0.00, 0.00, 0.00, 1.00, 0.00, 1.00, 0.00, 0.00
339,  0,  11.354,  0.93,  1, 0.00, 0.00, 0.87, 0.02, 3.15, 3.49, 0.00, 2.34, 2.97, 2.83, 0.00, 0.02, 0.00, 0.00, 0.63, 1.50, 0.00, 0.00, 0.00, 0.00, 0.00, 1.00, 1.00, 0.00, 1.00, 1.00, 1.00, 0.00, 0.00, 0.00, 1.00, 0.00, 1.00, 0.00, 0.00
340,  0,  11.388,  0.98,  1, 0.00, 0.00, 0.91, 0.00, 3.19, 3.54, 0.00, 2.33, 2.97, 2.79, 0.00, 0.03, 0.00, 0.00, 0.69, 1.56, 0.00, 0.00, 0.00, 0.00, 0.00, 1.00, 1.00, 0.00, 1.00, 1.00, 1.00, 0.00, 0.00, 0.00, 1.00, 0.00, 1.00, 0.00, 0.00
341,  0,  11.421,  0.98,  1, 0.00, 0.00, 0.91, 0.00, 3.26, 3.59, 0.00, 2.33, 3.02, 2.76, 0.00, 0.04, 0.00, 0.00, 0.67, 1.56, 0.00, 0.00, 0.00, 0.00, 0.00, 1.00, 1.00, 0.00, 1.00, 1.00, 1.00, 0.00, 0.00, 0.00, 1.00, 0.00, 1.00, 0.00, 0.00
342,  0,  11.455,  0.98,  1, 0.00, 0.00, 0.85, 0.00, 3.30, 3.47, 0.00, 2.37, 3.02, 2.82, 0.00, 0.06, 0.00, 0.00, 0.66, 1.40, 0.00, 0.00, 0.00, 0.00, 0.00, 1.00, 1.00, 0.00, 1.00, 1.00, 1.00, 0.00, 0.00, 0.00, 1.00, 0.00, 1.00, 0.00, 0.00
343,  0,  11.488,  0.93,  1, 0.00, 0.00, 0.83, 0.00, 3.32, 3.39, 0.00, 2.39, 3.04, 2.85, 0.00, 0.12, 0.00, 0.00, 0.70, 1.30, 0.00, 0.00, 0.00, 0.00, 0.00, 1.00, 1.00, 0.00, 1.00, 1.00, 1.00, 0.00, 0.00, 0.00, 1.00, 0.00, 1.00, 0.00, 0.00
344,  0,  11.522,  0.93,  1, 0.02, 0.00, 0.77, 0.00, 3.31, 3.29, 0.04, 2.46, 3.04, 2.88, 0.00, 0.11, 0.00, 0.00, 0.62, 1.23, 0.01, 0.00, 0.00, 0.00, 0.00, 1.00, 1.00, 0.00, 1.00, 1.00, 1.00, 0.00, 0.00, 0.00, 1.00, 1.00, 1.00, 0.00, 0.00
345,  0,  11.556,  0.98,  1, 0.02, 0.00, 0.73, 0.00, 3.32, 3.43, 0.04, 2.43, 3.06, 2.76, 0.00, 0.07, 0.00, 0.00, 0.58, 1.26, 0.01, 0.00, 0.00, 0.00, 0.00, 1.00, 1.00, 0.00, 1.00, 1.00, 1.00, 0.00, 0.00, 0.00, 1.00, 1.00, 1.00, 0.00, 0.00
346,  0,  11.589,  0.98,  1, 0.02, 0.00, 0.70, 0.00, 3.33, 3.51, 0.05, 2.40, 3.10, 2.74, 0.00, 0.00, 0.00, 0.00, 0.62, 1.31, 0.01, 0.00, 0.00, 0.00, 0.00, 1.00, 1.00, 0.00, 1.00, 1.00, 1.00, 0.00, 0.00, 0.00, 1.00, 0.00, 1.00, 0.00, 0.00
347,  0,  11.623,  0.98,  1, 0.00, 0.00, 0.72, 0.00, 3.37, 3.54, 0.03, 2.25, 3.10, 2.72, 0.00, 0.00, 0.00, 0.00, 0.70, 1.29, 0.02, 0.00, 0.00, 0.00, 0.00, 1.00, 1.00, 0.00, 1.00, 1.00, 1.00, 0.00, 0.00, 0.00, 1.00, 0.00, 1.00, 0.00, 0.00
348,  0,  11.656,  0.98,  1, 0.00, 0.00, 0.69, 0.00, 3.37, 3.56, 0.03, 2.20, 3.06, 2.73, 0.00, 0.00, 0.00, 0.00, 0.69, 1.25, 0.12, 0.00, 0.00, 0.00, 0.00, 1.00, 1.00, 0.00, 1.00, 1.00, 1.00, 0.00, 0.00, 0.00, 1.00, 0.00, 1.00, 0.00, 0.00
349,  0,  11.690,  0.98,  1, 0.00, 0.00, 0.66, 0.00, 3.34, 3.49, 0.03, 2.14, 2.99, 2.76, 0.00, 0.00, 0.00, 0.00, 0.56, 1.16, 0.14, 0.00, 0.00, 0.00, 0.00, 1.00, 1.00, 0.00, 1.00, 1.00, 1.00, 0.00, 0.00, 0.00, 1.00, 0.00, 1.00, 0.00, 0.00
350,  0,  11.724,  0.93,  1, 0.00, 0.00, 0.64, 0.00, 3.32, 3.55, 0.01, 2.16, 2.99, 2.88, 0.00, 0.03, 0.00, 0.05, 0.50, 1.09, 0.23, 0.00, 0.00, 0.00, 0.00, 1.00, 1.00, 0.00, 1.00, 1.00, 1.00, 0.00, 0.00, 0.00, 1.00, 0.00, 1.00, 0.00, 0.00
351,  0,  11.757,  0.93,  1, 0.04, 0.02, 0.63, 0.00, 3.30, 3.58, 0.02, 2.19, 3.03, 2.93, 0.00, 0.03, 0.00, 0.05, 0.50, 1.13, 0.20, 0.00, 0.00, 0.00, 0.00, 1.00, 1.00, 0.00, 1.00, 1.00, 1.00, 0.00, 0.00, 0.00, 1.00, 0.00, 1.00, 0.00, 0.00
352,  0,  11.791,  0.93,  1, 0.04, 0.02, 0.64, 0.00, 3.30, 3.57, 0.02, 2.23, 3.04, 2.87, 0.00, 0.03, 0.00, 0.05, 0.54, 1.22, 0.24, 0.00, 0.00, 0.00, 0.00, 1.00, 1.00, 0.00, 1.00, 1.00, 1.00, 0.00, 0.00, 0.00, 1.00, 0.00, 1.00, 0.00, 0.00
353,  0,  11.824,  0.93,  1, 0.04, 0.02, 0.68, 0.00, 3.32, 3.65, 0.02, 2.22, 3.04, 2.81, 0.00, 0.06, 0.00, 0.00, 0.58, 1.31, 0.18, 0.00, 0.00, 0.00, 0.00, 1.00, 1.00, 0.00, 1.00, 1.00, 1.00, 0.00, 0.00, 0.00, 1.00, 0.00, 0.00, 0.00, 0.00
354,  0,  11.858,  0.93,  1, 0.01, 0.00, 0.74, 0.00, 3.35, 3.72, 0.06, 2.23, 3.03, 2.76, 0.00, 0.06, 0.00, 0.00, 0.56, 1.31, 0.11, 0.00, 0.00, 0.00, 0.00, 1.00, 1.00, 0.00, 1.00, 1.00, 1.00, 0.00, 0.00, 0.00, 1.00, 0.00, 0.00, 0.00, 0.00
355,  0,  11.892,  0.93,  1, 0.01, 0.00, 0.79, 0.00, 3.38, 3.83, 0.11, 2.29, 3.03, 2.72, 0.00, 0.06, 0.00, 0.00, 0.54, 1.21, 0.10, 0.00, 0.00, 0.00, 0.00, 1.00, 1.00, 0.00, 1.00, 1.00, 1.00, 0.00, 0.00, 0.00, 1.00, 0.00, 0.00, 0.00, 0.00
356,  0,  11.925,  0.93,  1, 0.01, 0.00, 0.80, 0.00, 3.41, 3.74, 0.17, 2.35, 3.03, 2.69, 0.00, 0.01, 0.00, 0.00, 0.47, 1.17, 0.04, 0.00, 0.00, 0.00, 0.00, 1.00, 1.00, 0.00, 1.00, 1.00, 1.00, 0.00, 0.00, 0.00, 1.00, 0.00, 0.00, 0.00, 0.00
357,  0,  11.959,  0.93,  1, 0.01, 0.00, 0.80, 0.00, 3.42, 3.83, 0.14, 2.36, 3.02, 2.75, 0.00, 0.01, 0.00, 0.00, 0.45, 1.28, 0.04, 0.00, 0.00, 0.00, 0.00, 1.00, 1.00, 0.00, 1.00, 1.00, 1.00, 0.00, 0.00, 0.00, 1.00, 0.00, 0.00, 0.00, 0.00
358,  0,  11.992,  0.93,  1, 0.01, 0.00, 0.79, 0.00, 3.43, 3.84, 0.10, 2.29, 3.01, 2.81, 0.00, 0.10, 0.00, 0.07, 0.42, 1.26, 0.02, 0.00, 0.00, 0.00, 0.00, 1.00, 1.00, 0.00, 1.00, 1.00, 1.00, 0.00, 0.00, 0.00, 1.00, 0.00, 0.00, 0.00, 0.00
359,  0,  12.026,  0.93,  1, 0.01, 0.00, 0.76, 0.00, 3.42, 3.86, 0.03, 2.22, 2.99, 2.68, 0.00, 0.10, 0.00, 0.07, 0.48, 1.31, 0.08, 0.00, 0.00, 0.00, 0.00, 1.00, 1.00, 0.00, 1.00, 1.00, 1.00, 0.00, 0.00, 0.00, 1.00, 0.00, 0.00, 0.00, 0.00
360,  0,  12.060,  0.93,  1, 0.00, 0.00, 0.79, 0.00, 3.40, 3.81, 0.00, 2.20, 3.00, 2.53, 0.00, 0.16, 0.00, 0.11, 0.48, 1.20, 0.08, 0.00, 0.00, 0.00, 0.00, 1.00, 1.00, 0.00, 1.00, 1.00, 1.00, 0.00, 0.00, 0.00, 1.00, 0.00, 0.00, 0.00, 0.00
361,  0,  12.093,  0.93,  1, 0.00, 0.00, 0.82, 0.00, 3.41, 3.81, 0.02, 2.27, 2.99, 2.53, 0.00, 0.12, 0.00, 0.10, 0.61, 1.31, 0.10, 0.00, 0.00, 0.00, 0.00, 1.00, 1.00, 0.00, 1.00, 1.00, 1.00, 0.00, 0.00, 0.00, 1.00, 0.00, 0.00, 0.00, 0.00
362,  0,  12.127,  0.98,  1, 0.00, 0.00, 0.86, 0.00, 3.42, 3.85, 0.02, 2.41, 3.08, 2.47, 0.00, 0.11, 0.00, 0.13, 0.69, 1.15, 0.04, 0.00, 0.00, 0.00, 0.00, 1.00, 1.00, 0.00, 1.00, 1.00, 1.00, 0.00, 0.00, 0.00, 1.00, 0.00, 0.00, 0.00, 0.00
363,  0,  12.160,  0.93,  1, 0.00, 0.00, 0.81, 0.00, 3.44, 3.84, 0.02, 2.45, 3.16, 2.63, 0.00, 0.05, 0.00, 0.09, 0.73, 1.02, 0.03, 0.00, 0.00, 0.00, 0.00, 1.00, 1.00, 0.00, 1.00, 1.00, 1.00, 0.00, 0.00, 0.00, 1.00, 0.00, 0.00, 0.00, 0.00
364,  0,  12.194,  0.98,  1, 0.00, 0.00, 0.76, 0.00, 3.44, 3.99, 0.01, 2.44, 3.22, 2.62, 0.00, 0.05, 0.00, 0.06, 0.61, 0.83, 0.00, 0.00, 0.00, 0.00, 0.00, 1.00, 1.00, 0.00, 1.00, 1.00, 1.00, 0.00, 0.00, 0.00, 1.00, 0.00, 0.00, 0.00, 0.00
365,  0,  12.227,  0.98,  1, 0.00, 0.00, 0.74, 0.02, 3.46, 4.07, 0.01, 2.45, 3.18, 2.80, 0.00, 0.13, 0.00, 0.04, 0.53, 0.90, 0.00, 0.00, 0.00, 0.00, 0.00, 1.00, 1.00, 0.00, 1.00, 1.00, 1.00, 0.00, 0.00, 0.00, 1.00, 0.00, 0.00, 0.00, 0.00
366,  0,  12.261,  0.98,  1, 0.00, 0.00, 0.77, 0.02, 3.43, 4.09, 0.02, 2.46, 3.17, 2.76, 0.01, 0.16, 0.00, 0.04, 0.54, 0.92, 0.00, 0.00, 0.00, 0.00, 0.00, 1.00, 1.00, 0.00, 1.00, 1.00, 1.00, 0.00, 0.00, 0.00, 1.00, 0.00, 0.00, 0.00, 0.00
367,  0,  12.295,  0.98,  1, 0.00, 0.00, 0.79, 0.02, 3.43, 4.02, 0.01, 2.46, 3.18, 2.73, 0.01, 0.16, 0.00, 0.05, 0.54, 0.96, 0.01, 0.00, 0.00, 0.00, 0.00, 1.00, 1.00, 0.00, 1.00, 1.00, 1.00, 0.00, 0.00, 0.00, 1.00, 0.00, 0.00, 0.00, 0.00
368,  0,  12.328,  0.98,  1, 0.00, 0.00, 0.81, 0.00, 3.41, 4.01, 0.02, 2.42, 3.26, 2.66, 0.02, 0.13, 0.00, 0.08, 0.62, 0.87, 0.01, 0.00, 0.00, 0.00, 0.00, 1.00, 1.00, 0.00, 1.00, 1.00, 1.00, 0.00, 0.00, 0.00, 1.00, 0.00, 0.00, 0.00, 0.00
369,  0,  12.362,  0.93,  1, 0.00, 0.00, 0.77, 0.00, 3.42, 4.01, 0.00, 2.44, 3.29, 2.67, 0.05, 0.17, 0.00, 0.15, 0.62, 0.78, 0.01, 0.00, 0.00, 0.00, 0.00, 1.00, 1.00, 0.00, 1.00, 1.00, 1.00, 0.00, 0.00, 0.00, 1.00, 0.00, 0.00, 0.00, 0.00
370,  0,  12.395,  0.93,  1, 0.00, 0.00, 0.76, 0.00, 3.45, 3.93, 0.01, 2.45, 3.29, 2.78, 0.05, 0.22, 0.00, 0.14, 0.73, 0.83, 0.00, 0.00, 0.00, 0.00, 0.00, 1.00, 1.00, 0.00, 1.00, 1.00, 1.00, 0.00, 0.00, 0.00, 1.00, 0.00, 0.00, 0.00, 0.00
371,  0,  12.429,  0.98,  1, 0.00, 0.00, 0.69, 0.00, 3.47, 3.86, 0.00, 2.49, 3.28, 2.89, 0.04, 0.25, 0.00, 0.17, 0.70, 0.84, 0.00, 0.00, 0.00, 0.00, 0.00, 1.00, 1.00, 0.00, 1.00, 1.00, 1.00, 0.00, 0.00, 0.00, 1.00, 0.00, 0.00, 0.00, 0.00
372,  0,  12.463,  0.98,  1, 0.00, 0.00, 0.71, 0.00, 3.49, 3.81, 0.00, 2.47, 3.28, 2.95, 0.00, 0.27, 0.00, 0.17, 0.75, 0.92, 0.00, 0.00, 0.00, 0.00, 0.00, 1.00, 1.00, 0.00, 1.00, 1.00, 1.00, 0.00, 0.00, 0.00, 1.00, 0.00, 0.00, 0.00, 0.00
373,  0,  12.496,  0.98,  1, 0.00, 0.00, 0.71, 0.00, 3.44, 3.73, 0.00, 2.51, 3.28, 2.96, 0.00, 0.19, 0.00, 0.19, 0.65, 0.82, 0.00, 0.00, 0.00, 0.00, 0.00, 1.00, 1.00, 0.00, 1.00, 1.00, 1.00, 0.00, 0.00, 0.00, 1.00, 0.00, 0.00, 0.00, 0.00
374,  0,  12.530,  0.93,  1, 0.00, 0.00, 0.80, 0.01, 3.43, 3.71, 0.03, 2.57, 3.25, 2.97, 0.00, 0.11, 0.00, 0.13, 0.58, 0.90, 0.00, 0.00, 0.00, 0.00, 0.00, 1.00, 1.00, 0.00, 1.00, 1.00, 1.00, 0.00, 0.00, 0.00, 1.00, 0.00, 0.00, 0.00, 0.00
375,  0,  12.563,  0.93,  1, 0.00, 0.00, 0.84, 0.04, 3.44, 3.64, 0.05, 2.60, 3.23, 3.01, 0.00, 0.08, 0.00, 0.11, 0.47, 1.02, 0.00, 0.00, 0.00, 0.00, 0.00, 1.00, 1.00, 0.00, 1.00, 1.00, 1.00, 0.00, 0.00, 0.00, 1.00, 0.00, 0.00, 0.00, 0.00
376,  0,  12.597,  0.93,  1, 0.00, 0.00, 0.89, 0.04, 3.50, 3.74, 0.10, 2.59, 3.21, 3.02, 0.00, 0.19, 0.00, 0.09, 0.45, 1.06, 0.00, 0.00, 0.00, 0.00, 0.00, 1.00, 1.00, 0.00, 1.00, 1.00, 1.00, 0.00, 0.00, 0.00, 1.00, 0.00, 0.00, 0.00, 0.00
377,  0,  12.631,  0.93,  1, 0.00, 0.00, 0.88, 0.02, 3.46, 3.63, 0.10, 2.58, 3.23, 3.05, 0.00, 0.31, 0.00, 0.11, 0.50, 0.98, 0.00, 0.00, 0.00, 0.00, 0.00, 1.00, 1.00, 0.00, 1.00, 1.00, 1.00, 0.00, 0.00, 0.00, 1.00, 0.00, 0.00, 0.00, 0.00
378,  0,  12.664,  0.93,  1, 0.06, 0.00, 0.91, 0.00, 3.39, 3.59, 0.12, 2.64, 3.28, 2.96, 0.00, 0.34, 0.00, 0.12, 0.59, 0.85, 0.00, 0.00, 0.00, 0.00, 0.00, 1.00, 1.00, 0.00, 1.00, 1.00, 1.00, 0.00, 0.00, 0.00, 1.00, 0.00, 0.00, 0.00, 0.00
379,  0,  12.698,  0.93,  1, 0.06, 0.00, 0.88, 0.00, 3.28, 3.58, 0.13, 2.69, 3.32, 2.91, 0.00, 0.22, 0.00, 0.09, 0.58, 0.88, 0.00, 0.00, 0.00, 0.00, 0.00, 1.00, 1.00, 0.00, 1.00, 1.00, 1.00, 0.00, 0.00, 0.00, 1.00, 0.00, 0.00, 0.00, 0.00
380,  0,  12.731,  0.93,  1, 0.06, 0.00, 0.91, 0.01, 3.26, 3.63, 0.17, 2.66, 3.27, 2.80, 0.00, 0.14, 0.00, 0.10, 0.55, 0.95, 0.00, 0.00, 0.00, 0.00, 0.00, 1.00, 1.00, 0.00, 1.00, 1.00, 1.00, 0.00, 0.00, 0.00, 1.00, 0.00, 0.00, 0.00, 0.00
381,  0,  12.765,  0.93,  1, 0.03, 0.00, 0.84, 0.01, 3.24, 3.69, 0.19, 2.58, 3.19, 2.84, 0.00, 0.12, 0.00, 0.06, 0.60, 0.97, 0.00, 0.00, 0.00, 0.00, 0.00, 1.00, 1.00, 0.00, 1.00, 1.00, 1.00, 0.00, 0.00, 0.00, 1.00, 0.00, 0.00, 0.00, 0.00
382,  0,  12.799,  0.93,  1, 0.06, 0.00, 0.82, 0.01, 3.24, 3.71, 0.18, 2.54, 3.12, 2.80, 0.00, 0.17, 0.00, 0.06, 0.68, 1.01, 0.00, 0.00, 0.00, 0.00, 0.00, 1.00, 1.00, 0.00, 1.00, 1.00, 1.00, 0.00, 0.00, 0.00, 1.00, 0.00, 0.00, 0.00, 0.00
383,  0,  12.832,  0.93,  1, 0.08, 0.00, 0.75, 0.00, 3.21, 3.69, 0.16, 2.59, 3.13, 2.93, 0.00, 0.18, 0.00, 0.02, 0.75, 1.02, 0.00, 0.00, 0.00, 0.00, 0.00, 1.00, 1.00, 0.00, 1.00, 1.00, 1.00, 0.00, 0.00, 0.00, 1.00, 0.00, 0.00, 0.00, 0.00
384,  0,  12.866,  0.93,  1, 0.14, 0.00, 0.72, 0.00, 3.18, 3.62, 0.15, 2.71, 3.12, 3.06, 0.00, 0.24, 0.00, 0.00, 0.60, 1.12, 0.00, 0.00, 0.00, 0.00, 0.00, 1.00, 1.00, 0.00, 1.00, 1.00, 1.00, 0.00, 0.00, 0.00, 1.00, 0.00, 0.00, 0.00, 0.00
385,  0,  12.899,  0.93,  1, 0.20, 0.00, 0.71, 0.00, 3.18, 3.50, 0.16, 2.82, 3.09, 3.10, 0.00, 0.30, 0.00, 0.00, 0.55, 1.26, 0.00, 0.00, 0.00, 0.00, 0.00, 1.00, 1.00, 0.00, 1.00, 1.00, 1.00, 0.00, 1.00, 0.00, 1.00, 0.00, 0.00, 0.00, 0.00
386,  0,  12.933,  0.93,  1, 0.21, 0.00, 0.75, 0.00, 3.20, 3.51, 0.16, 2.91, 3.10, 3.13, 0.00, 0.37, 0.00, 0.00, 0.48, 1.22, 0.00, 0.00, 0.00, 0.00, 0.00, 1.00, 1.00, 0.00, 1.00, 1.00, 1.00, 0.00, 1.00, 0.00, 1.00, 0.00, 0.00, 0.00, 0.00
387,  0,  12.966,  0.93,  1, 0.20, 0.00, 0.78, 0.00, 3.23, 3.58, 0.20, 2.88, 3.10, 3.12, 0.00, 0.43, 0.00, 0.00, 0.56, 1.12, 0.00, 0.00, 0.00, 0.00, 0.00, 1.00, 1.00, 0.00, 1.00, 1.00, 1.00, 0.00, 1.00, 0.00, 1.00, 0.00, 0.00, 0.00, 0.00
388,  0,  13.000,  0.93,  1, 0.15, 0.00, 0.78, 0.00, 3.24, 3.63, 0.22, 2.85, 3.11, 3.26, 0.00, 0.53, 0.00, 0.00, 0.54, 0.92, 0.00, 0.00, 0.00, 0.00, 0.00, 1.00, 1.00, 0.00, 1.00, 1.00, 1.00, 0.00, 1.00, 0.00, 1.00, 0.00, 0.00, 0.00, 0.00
389,  0,  13.034,  0.93,  1, 0.12, 0.00, 0.72, 0.00, 3.24, 3.53, 0.21, 2.81, 3.09, 3.30, 0.00, 0.54, 0.00, 0.03, 0.52, 0.97, 0.00, 0.00, 0.00, 0.00, 0.00, 1.00, 1.00, 0.00, 1.00, 1.00, 1.00, 0.00, 1.00, 0.00, 1.00, 0.00, 0.00, 0.00, 0.00
390,  0,  13.067,  0.93,  1, 0.04, 0.00, 0.75, 0.00, 3.24, 3.58, 0.17, 2.74, 3.06, 3.25, 0.01, 0.47, 0.00, 0.05, 0.49, 1.08, 0.00, 0.00, 0.00, 0.00, 0.00, 1.00, 1.00, 0.00, 1.00, 1.00, 1.00, 0.00, 1.00, 0.00, 1.00, 0.00, 0.00, 0.00, 0.00
391,  0,  13.101,  0.93,  1, 0.04, 0.00, 0.79, 0.00, 3.27, 3.60, 0.10, 2.69, 3.07, 3.10, 0.01, 0.32, 0.00, 0.05, 0.56, 1.17, 0.00, 0.00, 0.00, 0.00, 0.00, 1.00, 1.00, 0.00, 1.00, 1.00, 1.00, 0.00, 0.00, 0.00, 1.00, 0.00, 0.00, 0.00, 0.00
392,  0,  13.134,  0.93,  1, 0.06, 0.00, 0.88, 0.00, 3.27, 3.69, 0.10, 2.64, 3.10, 3.02, 0.01, 0.21, 0.00, 0.02, 0.53, 1.12, 0.00, 0.00, 0.00, 0.00, 0.00, 1.00, 1.00, 0.00, 1.00, 1.00, 1.00, 0.00, 0.00, 0.00, 1.00, 0.00, 0.00, 0.00, 0.00
393,  0,  13.168,  0.93,  1, 0.08, 0.00, 0.85, 0.00, 3.27, 3.64, 0.09, 2.67, 3.12, 2.93, 0.00, 0.13, 0.00, 0.00, 0.54, 1.00, 0.00, 0.00, 0.00, 0.00, 0.00, 1.00, 1.00, 0.00, 1.00, 1.00, 1.00, 0.00, 0.00, 0.00, 1.00, 0.00, 0.00, 0.00, 0.00
394,  0,  13.202,  0.93,  1, 0.12, 0.00, 0.84, 0.00, 3.23, 3.64, 0.10, 2.70, 3.11, 2.86, 0.00, 0.17, 0.00, 0.00, 0.59, 0.94, 0.00, 0.00, 0.00, 0.00, 0.00, 1.00, 1.00, 0.00, 1.00, 1.00, 1.00, 0.00, 0.00, 0.00, 1.00, 0.00, 0.00, 0.00, 0.00
395,  0,  13.235,  0.93,  1, 0.20, 0.00, 0.82, 0.00, 3.21, 3.67, 0.13, 2.72, 3.10, 2.82, 0.00, 0.20, 0.00, 0.00, 0.69, 0.93, 0.00, 0.00, 0.00, 0.00, 0.00, 1.00, 1.00, 0.00, 1.00, 1.00, 1.00, 0.00, 0.00, 0.00, 1.00, 0.00, 0.00, 0.00, 0.00
396,  0,  13.269,  0.93,  1, 0.28, 0.00, 0.87, 0.00, 3.17, 3.68, 0.13, 2.72, 3.08, 2.82, 0.00, 0.22, 0.00, 0.00, 0.80, 1.00, 0.00, 0.00, 0.00, 0.00, 0.00, 1.00, 1.00, 0.00, 1.00, 1.00, 1.00, 0.00, 0.00, 0.00, 1.00, 0.00, 0.00, 0.00, 0.00
397,  0,  13.302,  0.93,  1, 0.26, 0.00, 0.91, 0.00, 3.18, 3.63, 0.16, 2.66, 3.11, 2.75, 0.00, 0.17, 0.00, 0.00, 0.78, 0.95, 0.00, 0.00, 0.00, 0.00, 0.00, 1.00, 1.00, 0.00, 1.00, 1.00, 1.00, 0.00, 0.00, 0.00, 1.00, 0.00, 0.00, 0.00, 0.00
398,  0,  13.336,  0.93,  1, 0.17, 0.00, 0.87, 0.00, 3.17, 3.58, 0.13, 2.61, 3.11, 2.75, 0.00, 0.23, 0.00, 0.00, 0.88, 0.90, 0.00, 0.00, 0.00, 0.00, 0.00, 1.00, 1.00, 0.00, 1.00, 1.00, 1.00, 0.00, 0.00, 0.00, 1.00, 0.00, 0.00, 0.00, 0.00
399,  0,  13.370,  0.93,  1, 0.12, 0.00, 0.85, 0.00, 3.17, 3.62, 0.11, 2.55, 3.14, 2.74, 0.00, 0.21, 0.00, 0.00, 0.90, 0.83, 0.00, 0.00, 0.00, 0.00, 0.00, 1.00, 1.00, 0.00, 1.00, 1.00, 1.00, 0.00, 0.00, 0.00, 1.00, 0.00, 0.00, 0.00, 0.00
400,  0,  13.403,  0.93,  1, 0.11, 0.00, 0.77, 0.00, 3.17, 3.64, 0.07, 2.52, 3.12, 2.78, 0.00, 0.20, 0.00, 0.00, 0.89, 0.92, 0.00, 0.00, 0.00, 0.00, 0.00, 1.00, 1.00, 0.00, 1.00, 1.00, 1.00, 0.00, 0.00, 0.00, 1.00, 0.00, 0.00, 0.00, 0.00
401,  0,  13.437,  0.93,  1, 0.14, 0.00, 0.79, 0.00, 3.16, 3.69, 0.07, 2.52, 3.11, 2.73, 0.00, 0.07, 0.00, 0.00, 0.82, 0.83, 0.00, 0.00, 0.00, 0.00, 0.00, 1.00, 1.00, 0.00, 1.00, 1.00, 1.00, 0.00, 0.00, 0.00, 1.00, 0.00, 0.00, 0.00, 0.00
402,  0,  13.470,  0.93,  1, 0.15, 0.00, 0.78, 0.00, 3.15, 3.56, 0.04, 2.56, 3.10, 2.65, 0.00, 0.05, 0.00, 0.00, 0.84, 0.78, 0.00, 0.00, 0.00, 0.00, 0.00, 1.00, 1.00, 0.00, 1.00, 1.00, 1.00, 0.00, 0.00, 0.00, 1.00, 0.00, 0.00, 0.00, 0.00
403,  0,  13.504,  0.93,  1, 0.18, 0.00, 0.80, 0.00, 3.12, 3.44, 0.04, 2.57, 3.06, 2.66, 0.00, 0.12, 0.00, 0.00, 0.86, 0.61, 0.00, 0.00, 0.00, 0.00, 0.00, 1.00, 1.00, 0.00, 1.00, 1.00, 1.00, 0.00, 0.00, 0.00, 1.00, 0.00, 0.00, 0.00, 0.00
404,  0,  13.538,  0.93,  1, 0.24, 0.00, 0.74, 0.00, 3.14, 3.37, 0.02, 2.62, 3.07, 2.68, 0.00, 0.22, 0.00, 0.00, 0.87, 0.64, 0.00, 0.00, 0.00, 0.00, 0.00, 1.00, 1.00, 0.00, 1.00, 1.00, 1.00, 0.00, 0.00, 0.00, 1.00, 0.00, 0.00, 0.00, 0.00
405,  0,  13.571,  0.93,  1, 0.21, 0.00, 0.71, 0.00, 3.17, 3.40, 0.04, 2.66, 3.08, 2.77, 0.00, 0.21, 0.00, 0.00, 0.85, 0.73, 0.00, 0.00, 0.00, 0.00, 0.00, 1.00, 1.00, 0.00, 1.00, 1.00, 1.00, 0.00, 0.00, 0.00, 1.00, 0.00, 0.00, 0.00, 0.00
406,  0,  13.605,  0.93,  1, 0.17, 0.00, 0.72, 0.00, 3.18, 3.53, 0.04, 2.65, 3.13, 2.81, 0.00, 0.12, 0.00, 0.00, 0.85, 0.77, 0.00, 0.00, 0.00, 0.00, 0.00, 1.00, 1.00, 0.00, 1.00, 1.00, 1.00, 0.00, 0.00, 0.00, 1.00, 0.00, 0.00, 0.00, 0.00
407,  0,  13.638,  0.93,  1, 0.12, 0.00, 0.73, 0.00, 3.23, 3.44, 0.02, 2.56, 3.13, 2.68, 0.00, 0.04, 0.00, 0.00, 0.81, 0.77, 0.00, 0.00, 0.00, 0.00, 0.00, 1.00, 1.00, 0.00, 1.00, 1.00, 1.00, 0.00, 0.00, 0.00, 1.00, 0.00, 0.00, 0.00, 0.00
408,  0,  13.672,  0.93,  1, 0.11, 0.00, 0.67, 0.00, 3.29, 3.45, 0.00, 2.49, 3.12, 2.60, 0.00, 0.04, 0.00, 0.00, 0.74, 0.57, 0.00, 0.00, 0.00, 0.00, 0.00, 1.00, 1.00, 0.00, 1.00, 1.00, 1.00, 0.00, 0.00, 0.00, 1.00, 0.00, 0.00, 0.00, 0.00
409,  0,  13.706,  0.93,  1, 0.06, 0.00, 0.63, 0.00, 3.37, 3.42, 0.00, 2.44, 3.09, 2.54, 0.00, 0.08, 0.00, 0.00, 0.66, 0.54, 0.00, 0.00, 0.00, 0.00, 0.00, 1.00, 1.00, 0.00, 1.00, 1.00, 1.00, 0.00, 0.00, 0.00, 1.00, 0.00, 0.00, 0.00, 0.00
410,  0,  13.739,  0.93,  1, 0.02, 0.00, 0.61, 0.00, 3.40, 3.61, 0.00, 2.43, 3.05, 2.68, 0.00, 0.10, 0.00, 0.00, 0.55, 0.57, 0.00, 0.00, 0.00, 0.00, 0.00, 1.00, 1.00, 0.00, 1.00, 1.00, 1.00, 0.00, 0.00, 0.00, 1.00, 0.00, 0.00, 0.00, 0.00
411,  0,  13.773,  0.93,  1, 0.00, 0.00, 0.63, 0.00, 3.40, 3.65, 0.00, 2.44, 3.03, 2.72, 0.00, 0.15, 0.00, 0.00, 0.49, 0.64, 0.00, 0.00, 0.00, 0.00, 0.00, 1.00, 1.00, 0.00, 1.00, 1.00, 1.00, 0.00, 0.00, 0.00, 1.00, 0.00, 0.00, 0.00, 0.00
412,  0,  13.806,  0.98,  1, 0.00, 0.00, 0.61, 0.00, 3.43, 3.66, 0.01, 2.42, 3.07, 2.78, 0.00, 0.14, 0.00, 0.00, 0.46, 0.67, 0.00, 0.00, 0.00, 0.00, 0.00, 1.00, 1.00, 0.00, 1.00, 1.00, 1.00, 0.00, 0.00, 0.00, 1.00, 0.00, 0.00, 0.00, 0.00
413,  0,  13.840,  0.98,  1, 0.00, 0.00, 0.62, 0.00, 3.43, 3.67, 0.01, 2.39, 3.09, 2.67, 0.00, 0.16, 0.00, 0.00, 0.67, 0.65, 0.00, 0.00, 0.00, 0.00, 0.00, 1.00, 1.00, 0.00, 1.00, 1.00, 1.00, 0.00, 0.00, 0.00, 1.00, 0.00, 0.00, 0.00, 0.00
414,  0,  13.873,  0.98,  1, 0.00, 0.00, 0.66, 0.00, 3.46, 3.75, 0.03, 2.37, 3.13, 2.54, 0.00, 0.17, 0.00, 0.00, 0.79, 0.66, 0.00, 0.00, 0.00, 0.00, 0.00, 1.00, 1.00, 0.00, 1.00, 1.00, 1.00, 0.00, 0.00, 0.00, 1.00, 1.00, 0.00, 0.00, 0.00
415,  0,  13.907,  0.98,  1, 0.00, 0.00, 0.71, 0.00, 3.50, 3.81, 0.02, 2.49, 3.14, 2.51, 0.00, 0.22, 0.00, 0.00, 0.83, 0.58, 0.05, 0.00, 0.00, 0.00, 0.00, 1.00, 1.00, 0.00, 1.00, 1.00, 1.00, 0.00, 0.00, 0.00, 1.00, 1.00, 0.00, 0.00, 0.00
416,  0,  13.941,  0.98,  1, 0.00, 0.00, 0.74, 0.00, 3.55, 3.74, 0.02, 2.47, 3.15, 2.54, 0.00, 0.20, 0.00, 0.00, 0.70, 0.45, 0.13, 0.00, 0.00, 0.00, 0.00, 1.00, 1.00, 0.00, 1.00, 1.00, 1.00, 0.00, 0.00, 0.00, 1.00, 1.00, 0.00, 0.00, 0.00
417,  0,  13.974,  0.98,  1, 0.00, 0.00, 0.68, 0.00, 3.57, 3.68, 0.00, 2.47, 3.11, 2.58, 0.00, 0.14, 0.00, 0.00, 0.63, 0.34, 0.21, 0.00, 0.00, 0.00, 0.00, 1.00, 1.00, 0.00, 1.00, 1.00, 1.00, 0.00, 0.00, 0.00, 1.00, 1.00, 0.00, 0.00, 0.00
418,  0,  14.008,  0.98,  1, 0.00, 0.00, 0.64, 0.00, 3.56, 3.63, 0.00, 2.40, 3.10, 2.47, 0.05, 0.05, 0.00, 0.00, 0.79, 0.30, 0.17, 0.00, 0.00, 0.00, 0.00, 1.00, 1.00, 0.00, 1.00, 1.00, 1.00, 0.00, 0.00, 0.00, 1.00, 1.00, 0.00, 0.00, 0.00
419,  0,  14.041,  0.98,  1, 0.00, 0.00, 0.65, 0.00, 3.51, 3.65, 0.00, 2.44, 3.13, 2.44, 0.12, 0.00, 0.00, 0.00, 0.79, 0.38, 0.09, 0.00, 0.00, 0.00, 0.00, 1.00, 1.00, 0.00, 1.00, 1.00, 1.00, 0.00, 0.00, 0.00, 1.00, 1.00, 0.00, 0.00, 0.00
420,  0,  14.075,  0.98,  1, 0.00, 0.00, 0.74, 0.00, 3.43, 3.54, 0.01, 2.38, 3.13, 2.40, 0.12, 0.00, 0.00, 0.00, 0.78, 0.49, 0.00, 0.00, 0.00, 0.00, 0.00, 1.00, 1.00, 0.00, 1.00, 1.00, 1.00, 0.00, 0.00, 0.00, 1.00, 1.00, 0.00, 0.00, 0.00
421,  0,  14.109,  0.98,  1, 0.00, 0.00, 0.81, 0.00, 3.39, 3.44, 0.01, 2.37, 3.07, 2.46, 0.07, 0.00, 0.00, 0.00, 0.62, 0.50, 0.00, 0.00, 0.00, 0.00, 0.00, 1.00, 1.00, 0.00, 1.00, 1.00, 1.00, 0.00, 0.00, 0.00, 1.00, 1.00, 0.00, 0.00, 0.00
422,  0,  14.142,  0.98,  1, 0.00, 0.00, 0.80, 0.02, 3.34, 3.40, 0.01, 2.36, 3.01, 2.46, 0.00, 0.00, 0.01, 0.00, 0.71, 0.53, 0.05, 0.00, 0.00, 0.00, 0.00, 1.00, 1.00, 0.00, 1.00, 1.00, 1.00, 0.00, 0.00, 0.00, 1.00, 1.00, 0.00, 0.00, 0.00
423,  0,  14.176,  0.98,  1, 0.00, 0.00, 0.82, 0.02, 3.31, 3.55, 0.01, 2.39, 2.96, 2.54, 0.00, 0.00, 0.01, 0.00, 0.68, 0.50, 0.06, 0.00, 0.00, 0.00, 0.00, 1.00, 1.00, 0.00, 1.00, 1.00, 1.00, 0.00, 0.00, 0.00, 1.00, 1.00, 0.00, 0.00, 0.00
424,  0,  14.209,  0.98,  1, 0.00, 0.00, 0.79, 0.02, 3.25, 3.62, 0.01, 2.32, 2.97, 2.62, 0.00, 0.01, 0.01, 0.00, 0.61, 0.61, 0.10, 0.00, 0.00, 0.00, 0.00, 1.00, 1.00, 0.00, 1.00, 1.00, 1.00, 0.00, 0.00, 0.00, 1.00, 0.00, 0.00, 0.00, 0.00
425,  0,  14.243,  0.98,  1, 0.00, 0.00, 0.81, 0.00, 3.24, 3.67, 0.02, 2.31, 2.96, 2.77, 0.00, 0.03, 0.00, 0.00, 0.53, 0.64, 0.05, 0.00, 0.00, 0.00, 0.00, 1.00, 1.00, 0.00, 1.00, 1.00, 1.00, 0.00, 0.00, 0.00, 1.00, 0.00, 0.00, 0.00, 0.00
426,  0,  14.277,  0.98,  1, 0.00, 0.00, 0.80, 0.00, 3.24, 3.61, 0.01, 2.29, 2.96, 2.83, 0.00, 0.03, 0.00, 0.00, 0.55, 0.70, 0.03, 0.00, 0.00, 0.00, 0.00, 1.00, 1.00, 0.00, 1.00, 1.00, 1.00, 0.00, 0.00, 0.00, 1.00, 0.00, 0.00, 0.00, 0.00
427,  0,  14.310,  0.98,  1, 0.00, 0.00, 0.78, 0.01, 3.24, 3.53, 0.01, 2.42, 2.95, 2.84, 0.00, 0.01, 0.00, 0.00, 0.52, 0.71, 0.00, 0.00, 0.00, 0.00, 0.00, 1.00, 1.00, 0.00, 1.00, 1.00, 1.00, 0.00, 0.00, 0.00, 1.00, 0.00, 0.00, 0.00, 0.00
428,  0,  14.344,  0.98,  1, 0.00, 0.00, 0.79, 0.01, 3.22, 3.46, 0.00, 2.44, 2.94, 2.85, 0.00, 0.04, 0.00, 0.00, 0.51, 0.78, 0.00, 0.00, 0.00, 0.00, 0.00, 1.00, 1.00, 0.00, 1.00, 1.00, 1.00, 0.00, 0.00, 0.00, 1.00, 0.00, 0.00, 0.00, 0.00
429,  0,  14.377,  0.98,  1, 0.00, 0.00, 0.79, 0.01, 3.23, 3.38, 0.00, 2.47, 2.95, 2.90, 0.00, 0.11, 0.00, 0.00, 0.43, 0.83, 0.00, 0.00, 0.00, 0.00, 0.00, 1.00, 1.00, 0.00, 1.00, 1.00, 1.00, 0.00, 0.00, 0.00, 1.00, 1.00, 0.00, 0.00, 0.00
430,  0,  14.411,  0.98,  1, 0.00, 0.00, 0.83, 0.02, 3.23, 3.49, 0.00, 2.42, 2.93, 2.91, 0.01, 0.11, 0.00, 0.00, 0.56, 0.81, 0.00, 0.00, 0.00, 0.00, 0.00, 1.00, 1.00, 0.00, 1.00, 1.00, 1.00, 0.00, 0.00, 0.00, 1.00, 1.00, 0.00, 0.00, 0.00
431,  0,  14.445,  0.98,  1, 0.00, 0.00, 0.85, 0.02, 3.21, 3.49, 0.00, 2.43, 2.95, 2.82, 0.01, 0.16, 0.00, 0.00, 0.57, 0.73, 0.00, 0.00, 0.00, 0.00, 0.00, 1.00, 1.00, 0.00, 1.00, 1.00, 1.00, 0.00, 0.00, 0.00, 1.00, 1.00, 0.00, 0.00, 0.00
432,  0,  14.478,  0.98,  1, 0.00, 0.00, 0.86, 0.02, 3.18, 3.55, 0.00, 2.44, 2.93, 2.74, 0.04, 0.15, 0.00, 0.00, 0.68, 0.66, 0.04, 0.00, 0.00, 0.00, 0.00, 1.00, 1.00, 0.00, 1.00, 1.00, 1.00, 0.00, 0.00, 0.00, 1.00, 1.00, 0.00, 0.00, 0.00
433,  0,  14.512,  0.98,  1, 0.00, 0.00, 0.89, 0.00, 3.15, 3.52, 0.00, 2.45, 2.91, 2.74, 0.03, 0.21, 0.01, 0.00, 0.62, 0.68, 0.05, 0.00, 0.00, 0.00, 0.00, 1.00, 1.00, 0.00, 1.00, 1.00, 1.00, 0.00, 0.00, 0.00, 1.00, 1.00, 0.00, 0.00, 0.00
434,  0,  14.545,  0.98,  1, 0.00, 0.00, 0.89, 0.00, 3.14, 3.50, 0.00, 2.50, 2.88, 2.75, 0.03, 0.18, 0.01, 0.00, 0.55, 0.71, 0.05, 0.00, 0.00, 0.00, 0.00, 1.00, 1.00, 0.00, 1.00, 1.00, 1.00, 0.00, 0.00, 0.00, 1.00, 1.00, 0.00, 0.00, 0.00
435,  0,  14.579,  0.98,  1, 0.01, 0.00, 0.90, 0.00, 3.12, 3.45, 0.00, 2.50, 2.88, 2.68, 0.00, 0.25, 0.01, 0.00, 0.53, 0.61, 0.01, 0.00, 0.00, 0.00, 0.00, 1.00, 1.00, 0.00, 1.00, 1.00, 1.00, 0.00, 0.00, 0.00, 1.00, 1.00, 0.00, 0.00, 0.00
436,  0,  14.612,  0.98,  1, 0.01, 0.00, 0.82, 0.00, 3.13, 3.43, 0.00, 2.48, 2.89, 2.64, 0.00, 0.21, 0.00, 0.00, 0.58, 0.56, 0.01, 0.00, 0.00, 0.00, 0.00, 1.00, 1.00, 0.00, 1.00, 1.00, 1.00, 0.00, 0.00, 0.00, 1.00, 1.00, 0.00, 0.00, 0.00
437,  0,  14.646,  0.98,  1, 0.05, 0.00, 0.75, 0.00, 3.14, 3.40, 0.00, 2.41, 2.92, 2.63, 0.00, 0.18, 0.00, 0.00, 0.61, 0.51, 0.01, 0.00, 0.00, 0.00, 0.00, 1.00, 1.00, 0.00, 1.00, 1.00, 1.00, 0.00, 0.00, 0.00, 1.00, 1.00, 0.00, 0.00, 0.00
438,  0,  14.680,  0.98,  1, 0.05, 0.00, 0.68, 0.00, 3.18, 3.38, 0.00, 2.38, 2.93, 2.74, 0.00, 0.11, 0.00, 0.00, 0.60, 0.58, 0.06, 0.00, 0.00, 0.00, 0.00, 1.00, 1.00, 0.00, 1.00, 1.00, 1.00, 0.00, 0.00, 0.00, 1.00, 1.00, 0.00, 0.00, 0.00
439,  0,  14.713,  0.98,  1, 0.05, 0.00, 0.71, 0.00, 3.19, 3.44, 0.00, 2.38, 2.97, 2.66, 0.00, 0.12, 0.01, 0.00, 0.62, 0.61, 0.07, 0.00, 0.00, 0.00, 0.00, 1.00, 1.00, 0.00, 1.00, 1.00, 1.00, 0.00, 0.00, 0.00, 1.00, 1.00, 0.00, 0.00, 0.00
440,  0,  14.747,  0.98,  1, 0.00, 0.00, 0.77, 0.00, 3.19, 3.46, 0.00, 2.40, 2.95, 2.67, 0.00, 0.14, 0.01, 0.00, 0.67, 0.70, 0.10, 0.00, 0.00, 0.00, 0.00, 1.00, 1.00, 0.00, 1.00, 1.00, 1.00, 0.00, 0.00, 0.00, 1.00, 1.00, 0.00, 0.00, 0.00
441,  0,  14.780,  0.98,  1, 0.00, 0.00, 0.79, 0.00, 3.17, 3.56, 0.00, 2.41, 2.96, 2.67, 0.00, 0.12, 0.01, 0.00, 0.64, 0.76, 0.09, 0.00, 0.00, 0.00, 0.00, 1.00, 1.00, 0.00, 1.00, 1.00, 1.00, 0.00, 0.00, 0.00, 1.00, 1.00, 0.00, 0.00, 0.00
442,  0,  14.814,  0.98,  1, 0.00, 0.00, 0.77, 0.00, 3.18, 3.50, 0.00, 2.45, 2.93, 2.79, 0.00, 0.15, 0.03, 0.00, 0.49, 0.78, 0.08, 0.00, 0.00, 0.00, 0.00, 1.00, 1.00, 0.00, 1.00, 1.00, 1.00, 0.00, 0.00, 0.00, 1.00, 1.00, 0.00, 0.00, 0.00
443,  0,  14.848,  0.98,  1, 0.00, 0.00, 0.73, 0.00, 3.21, 3.53, 0.00, 2.42, 2.95, 2.88, 0.01, 0.11, 0.03, 0.00, 0.48, 0.70, 0.05, 0.00, 0.00, 0.00, 0.00, 1.00, 1.00, 0.00, 1.00, 1.00, 1.00, 0.00, 0.00, 0.00, 1.00, 1.00, 0.00, 0.00, 0.00
444,  0,  14.881,  0.98,  1, 0.00, 0.00, 0.72, 0.00, 3.24, 3.47, 0.00, 2.45, 2.96, 2.88, 0.03, 0.10, 0.03, 0.00, 0.54, 0.60, 0.00, 0.00, 0.00, 0.00, 0.00, 1.00, 1.00, 0.00, 1.00, 1.00, 1.00, 0.00, 0.00, 0.00, 1.00, 1.00, 0.00, 0.00, 0.00
445,  0,  14.915,  0.98,  1, 0.00, 0.00, 0.68, 0.00, 3.24, 3.54, 0.00, 2.42, 2.97, 2.88, 0.03, 0.19, 0.00, 0.00, 0.70, 0.50, 0.00, 0.00, 0.00, 0.00, 0.00, 1.00, 1.00, 0.00, 1.00, 1.00, 1.00, 0.00, 0.00, 0.00, 1.00, 1.00, 0.00, 0.00, 0.00
446,  0,  14.948,  0.98,  1, 0.00, 0.00, 0.72, 0.00, 3.25, 3.45, 0.00, 2.46, 2.94, 2.89, 0.02, 0.34, 0.00, 0.00, 0.70, 0.37, 0.00, 0.00, 0.00, 0.00, 0.00, 1.00, 1.00, 0.00, 1.00, 1.00, 1.00, 0.00, 0.00, 0.00, 1.00, 1.00, 0.00, 0.00, 0.00
447,  0,  14.982,  0.98,  1, 0.00, 0.00, 0.73, 0.00, 3.24, 3.45, 0.00, 2.47, 2.89, 2.87, 0.08, 0.39, 0.00, 0.00, 0.72, 0.39, 0.03, 0.00, 0.00, 0.00, 0.00, 1.00, 1.00, 0.00, 1.00, 1.00, 1.00, 0.00, 0.00, 0.00, 1.00, 1.00, 0.00, 0.00, 0.00
448,  0,  15.016,  0.98,  1, 0.00, 0.00, 0.79, 0.00, 3.23, 3.34, 0.00, 2.46, 2.89, 2.84, 0.17, 0.38, 0.00, 0.00, 0.64, 0.49, 0.03, 0.00, 0.00, 0.00, 0.00, 1.00, 1.00, 0.00, 1.00, 1.00, 1.00, 0.00, 0.00, 0.00, 1.00, 1.00, 0.00, 0.00, 0.00
449,  0,  15.049,  0.98,  1, 0.00, 0.00, 0.78, 0.00, 3.22, 3.33, 0.00, 2.48, 2.87, 2.72, 0.25, 0.34, 0.00, 0.00, 0.62, 0.55, 0.03, 0.00, 0.00, 0.00, 0.00, 1.00, 1.00, 0.00, 1.00, 1.00, 1.00, 0.00, 0.00, 0.00, 1.00, 1.00, 0.00, 0.00, 0.00
450,  0,  15.083,  0.98,  1, 0.00, 0.00, 0.75, 0.00, 3.21, 3.38, 0.00, 2.47, 2.86, 2.68, 0.17, 0.32, 0.01, 0.00, 0.58, 0.54, 0.00, 0.00, 0.00, 0.00, 0.00, 1.00, 1.00, 0.00, 1.00, 1.00, 1.00, 0.00, 0.00, 0.00, 1.00, 1.00, 0.00, 0.00, 0.00
451,  0,  15.116,  0.98,  1, 0.00, 0.00, 0.71, 0.00, 3.24, 3.53, 0.00, 2.51, 2.87, 2.64, 0.08, 0.31, 0.01, 0.00, 0.62, 0.52, 0.01, 0.00, 0.00, 0.00, 0.00, 1.00, 1.00, 0.00, 1.00, 1.00, 1.00, 0.00, 0.00, 0.00, 1.00, 1.00, 0.00, 0.00, 0.00
452,  0,  15.150,  0.98,  1, 0.00, 0.00, 0.64, 0.00, 3.24, 3.58, 0.00, 2.52, 2.90, 2.60, 0.04, 0.26, 0.01, 0.00, 0.63, 0.48, 0.01, 0.00, 0.00, 0.00, 0.00, 1.00, 1.00, 0.00, 1.00, 1.00, 1.00, 0.00, 0.00, 0.00, 1.00, 1.00, 0.00, 0.00, 0.00
453,  0,  15.184,  0.98,  1, 0.05, 0.00, 0.64, 0.00, 3.25, 3.52, 0.00, 2.54, 2.93, 2.55, 0.12, 0.27, 0.02, 0.00, 0.56, 0.48, 0.03, 0.00, 0.00, 0.00, 0.00, 1.00, 1.00, 0.00, 1.00, 1.00, 1.00, 0.00, 0.00, 0.00, 1.00, 1.00, 0.00, 0.00, 0.00
454,  0,  15.217,  0.98,  1, 0.05, 0.00, 0.63, 0.00, 3.24, 3.53, 0.00, 2.55, 2.90, 2.57, 0.15, 0.17, 0.03, 0.00, 0.49, 0.40, 0.02, 0.00, 0.00, 0.00, 0.00, 1.00, 1.00, 0.00, 1.00, 1.00, 1.00, 0.00, 0.00, 0.00, 1.00, 1.00, 0.00, 0.00, 0.00
455,  0,  15.251,  0.98,  1, 0.08, 0.00, 0.74, 0.00, 3.24, 3.60, 0.00, 2.53, 2.91, 2.67, 0.15, 0.18, 0.03, 0.00, 0.37, 0.45, 0.02, 0.00, 0.00, 0.00, 0.00, 1.00, 1.00, 0.00, 1.00, 1.00, 1.00, 0.00, 0.00, 0.00, 1.00, 1.00, 0.00, 0.00, 0.00
456,  0,  15.284,  0.98,  1, 0.04, 0.01, 0.76, 0.00, 3.23, 3.62, 0.00, 2.46, 2.89, 2.72, 0.11, 0.24, 0.01, 0.00, 0.50, 0.47, 0.00, 0.00, 0.00, 0.00, 0.00, 1.00, 1.00, 0.00, 1.00, 1.00, 1.00, 0.00, 0.00, 0.00, 1.00, 1.00, 0.00, 0.00, 0.00
457,  0,  15.318,  0.98,  1, 0.04, 0.01, 0.73, 0.00, 3.20, 3.44, 0.00, 2.38, 2.90, 2.69, 0.13, 0.36, 0.00, 0.00, 0.61, 0.53, 0.00, 0.00, 0.00, 0.00, 0.00, 1.00, 1.00, 0.00, 1.00, 1.00, 1.00, 0.00, 0.00, 0.00, 1.00, 1.00, 0.00, 0.00, 0.00
458,  0,  15.352,  0.98,  1, 0.01, 0.01, 0.65, 0.00, 3.19, 3.32, 0.00, 2.33, 2.87, 2.75, 0.09, 0.33, 0.00, 0.00, 0.76, 0.63, 0.00, 0.00, 0.00, 0.00, 0.00, 1.00, 1.00, 0.00, 1.00, 1.00, 1.00, 0.00, 0.00, 0.00, 1.00, 1.00, 0.00, 0.00, 0.00
459,  0,  15.385,  0.98,  1, 0.01, 0.00, 0.64, 0.02, 3.18, 3.29, 0.00, 2.40, 2.87, 2.81, 0.05, 0.26, 0.00, 0.00, 0.73, 0.62, 0.05, 0.00, 0.00, 0.00, 0.00, 1.00, 1.00, 0.00, 1.00, 1.00, 1.00, 0.00, 0.00, 0.00, 1.00, 1.00, 0.00, 0.00, 0.00
460,  0,  15.419,  0.98,  1, 0.00, 0.00, 0.69, 0.02, 3.20, 3.38, 0.00, 2.44, 2.87, 2.82, 0.00, 0.20, 0.00, 0.00, 0.66, 0.68, 0.05, 0.00, 0.00, 0.00, 0.00, 1.00, 1.00, 0.00, 1.00, 1.00, 1.00, 0.00, 0.00, 0.00, 1.00, 1.00, 0.00, 0.00, 0.00
461,  0,  15.452,  0.98,  1, 0.00, 0.00, 0.74, 0.02, 3.19, 3.47, 0.00, 2.48, 2.84, 2.74, 0.03, 0.24, 0.00, 0.00, 0.66, 0.56, 0.05, 0.00, 0.00, 0.00, 0.00, 1.00, 1.00, 0.00, 1.00, 1.00, 1.00, 0.00, 0.00, 0.00, 1.00, 1.00, 0.00, 0.00, 0.00
462,  0,  15.486,  0.98,  1, 0.00, 0.00, 0.72, 0.00, 3.19, 3.59, 0.00, 2.53, 2.83, 2.63, 0.05, 0.19, 0.00, 0.00, 0.70, 0.40, 0.00, 0.00, 0.00, 0.00, 0.00, 1.00, 1.00, 0.00, 1.00, 1.00, 1.00, 0.00, 0.00, 0.00, 1.00, 1.00, 0.00, 0.00, 0.00
463,  0,  15.519,  0.98,  1, 0.00, 0.00, 0.72, 0.00, 3.16, 3.54, 0.00, 2.60, 2.82, 2.68, 0.05, 0.14, 0.03, 0.00, 0.70, 0.19, 0.00, 0.00, 0.00, 0.00, 0.00, 1.00, 1.00, 0.00, 1.00, 1.00, 1.00, 0.00, 0.00, 0.00, 1.00, 1.00, 0.00, 0.00, 0.00
464,  0,  15.553,  0.98,  1, 0.00, 0.00, 0.69, 0.00, 3.16, 3.48, 0.00, 2.63, 2.86, 2.71, 0.02, 0.09, 0.06, 0.00, 0.66, 0.17, 0.00, 0.00, 0.00, 0.00, 0.00, 1.00, 1.00, 0.00, 1.00, 1.00, 1.00, 0.00, 0.00, 0.00, 1.00, 1.00, 0.00, 0.00, 0.00
465,  0,  15.587,  0.98,  1, 0.00, 0.00, 0.70, 0.00, 3.17, 3.35, 0.00, 2.58, 2.85, 2.77, 0.00, 0.10, 0.07, 0.00, 0.62, 0.28, 0.00, 0.00, 0.00, 0.00, 0.00, 1.00, 1.00, 0.00, 1.00, 1.00, 1.00, 0.00, 0.00, 0.00, 1.00, 1.00, 0.00, 0.00, 0.00
466,  0,  15.620,  0.98,  1, 0.01, 0.00, 0.70, 0.00, 3.16, 3.34, 0.00, 2.52, 2.83, 2.70, 0.08, 0.19, 0.05, 0.00, 0.65, 0.33, 0.00, 0.00, 0.00, 0.00, 0.00, 1.00, 1.00, 0.00, 1.00, 1.00, 1.00, 0.00, 0.00, 0.00, 1.00, 1.00, 0.00, 0.00, 0.00
467,  0,  15.654,  0.98,  1, 0.04, 0.00, 0.72, 0.00, 3.15, 3.41, 0.00, 2.48, 2.77, 2.63, 0.19, 0.23, 0.02, 0.00, 0.70, 0.35, 0.00, 0.00, 0.00, 0.00, 0.00, 1.00, 1.00, 0.00, 1.00, 1.00, 1.00, 0.00, 0.00, 0.00, 1.00, 1.00, 0.00, 0.00, 0.00
468,  0,  15.687,  0.98,  1, 0.04, 0.00, 0.71, 0.00, 3.14, 3.41, 0.00, 2.46, 2.77, 2.64, 0.31, 0.31, 0.01, 0.00, 0.69, 0.39, 0.00, 0.00, 0.00, 0.00, 0.00, 1.00, 1.00, 0.00, 1.00, 1.00, 1.00, 0.00, 0.00, 0.00, 1.00, 1.00, 0.00, 0.00, 0.00
469,  0,  15.721,  0.98,  1, 0.05, 0.00, 0.70, 0.00, 3.14, 3.48, 0.00, 2.44, 2.77, 2.75, 0.22, 0.33, 0.01, 0.00, 0.65, 0.43, 0.00, 0.00, 0.00, 0.00, 0.00, 1.00, 1.00, 0.00, 1.00, 1.00, 1.00, 0.00, 0.00, 0.00, 1.00, 1.00, 0.00, 0.00, 0.00
470,  0,  15.755,  0.98,  1, 0.02, 0.00, 0.64, 0.00, 3.14, 3.50, 0.00, 2.54, 2.83, 2.84, 0.18, 0.34, 0.06, 0.00, 0.59, 0.32, 0.00, 0.00, 0.00, 0.00, 0.00, 1.00, 1.00, 0.00, 1.00, 1.00, 1.00, 0.00, 0.00, 0.00, 1.00, 1.00, 0.00, 0.00, 0.00
471,  0,  15.788,  0.98,  1, 0.02, 0.00, 0.64, 0.00, 3.14, 3.57, 0.00, 2.59, 2.85, 2.85, 0.11, 0.34, 0.09, 0.00, 0.57, 0.26, 0.00, 0.00, 0.00, 0.00, 0.00, 1.00, 1.00, 0.00, 1.00, 1.00, 1.00, 0.00, 0.00, 0.00, 1.00, 1.00, 0.00, 0.00, 0.00
472,  0,  15.822,  0.98,  1, 0.00, 0.00, 0.69, 0.00, 3.17, 3.59, 0.00, 2.67, 2.85, 2.78, 0.11, 0.29, 0.18, 0.00, 0.60, 0.31, 0.00, 0.00, 0.00, 0.00, 0.00, 1.00, 1.00, 0.00, 1.00, 1.00, 1.00, 0.00, 0.00, 0.00, 1.00, 1.00, 0.00, 0.00, 0.00
473,  0,  15.855,  0.98,  1, 0.00, 0.00, 0.76, 0.00, 3.17, 3.55, 0.00, 2.66, 2.83, 2.71, 0.08, 0.26, 0.14, 0.00, 0.56, 0.46, 0.00, 0.00, 0.00, 0.00, 0.00, 1.00, 1.00, 0.00, 1.00, 1.00, 1.00, 0.00, 0.00, 0.00, 1.00, 1.00, 0.00, 0.00, 0.00
474,  0,  15.889,  0.98,  1, 0.00, 0.00, 0.79, 0.00, 3.21, 3.50, 0.00, 2.64, 2.82, 2.67, 0.14, 0.13, 0.10, 0.00, 0.59, 0.52, 0.00, 0.00, 0.00, 0.00, 0.00, 1.00, 1.00, 0.00, 1.00, 1.00, 1.00, 0.00, 0.00, 0.00, 1.00, 1.00, 0.00, 0.00, 0.00
475,  0,  15.923,  0.98,  1, 0.00, 0.00, 0.75, 0.00, 3.18, 3.43, 0.00, 2.67, 2.85, 2.64, 0.15, 0.11, 0.01, 0.00, 0.65, 0.54, 0.00, 0.00, 0.00, 0.00, 0.00, 1.00, 1.00, 0.00, 1.00, 1.00, 1.00, 0.00, 0.00, 0.00, 1.00, 1.00, 0.00, 0.00, 0.00
476,  0,  15.956,  0.98,  1, 0.00, 0.00, 0.72, 0.00, 3.18, 3.54, 0.00, 2.62, 2.88, 2.64, 0.15, 0.11, 0.00, 0.00, 0.71, 0.53, 0.00, 0.00, 0.00, 0.00, 0.00, 1.00, 1.00, 0.00, 1.00, 1.00, 1.00, 0.00, 0.00, 0.00, 1.00, 1.00, 0.00, 0.00, 0.00
477,  0,  15.990,  0.98,  1, 0.00, 0.00, 0.72, 0.00, 3.13, 3.55, 0.00, 2.63, 2.87, 2.60, 0.13, 0.11, 0.00, 0.00, 0.71, 0.60, 0.00, 0.00, 0.00, 0.00, 0.00, 1.00, 1.00, 0.00, 1.00, 1.00, 1.00, 0.00, 0.00, 0.00, 1.00, 1.00, 0.00, 0.00, 0.00
478,  0,  16.023,  0.98,  1, 0.02, 0.00, 0.74, 0.00, 3.11, 3.50, 0.00, 2.60, 2.86, 2.62, 0.22, 0.07, 0.00, 0.00, 0.63, 0.51, 0.00, 0.00, 0.00, 0.00, 0.00, 1.00, 1.00, 0.00, 1.00, 1.00, 1.00, 0.00, 0.00, 0.00, 1.00, 1.00, 0.00, 0.00, 0.00
479,  0,  16.057,  0.98,  1, 0.02, 0.00, 0.71, 0.00, 3.09, 3.45, 0.00, 2.63, 2.84, 2.54, 0.20, 0.00, 0.00, 0.00, 0.62, 0.43, 0.00, 0.00, 0.00, 0.00, 0.00, 1.00, 1.00, 0.00, 1.00, 1.00, 1.00, 0.00, 0.00, 0.00, 1.00, 1.00, 0.00, 0.00, 0.00
480,  0,  16.091,  0.98,  1, 0.04, 0.00, 0.76, 0.00, 3.07, 3.44, 0.00, 2.64, 2.79, 2.57, 0.18, 0.01, 0.00, 0.00, 0.58, 0.21, 0.00, 0.00, 0.00, 0.00, 0.00, 1.00, 1.00, 0.00, 1.00, 1.00, 1.00, 0.00, 0.00, 0.00, 1.00, 1.00, 0.00, 0.00, 0.00
481,  0,  16.124,  0.98,  1, 0.03, 0.00, 0.77, 0.00, 3.07, 3.42, 0.00, 2.63, 2.73, 2.58, 0.20, 0.03, 0.00, 0.00, 0.59, 0.15, 0.00, 0.00, 0.00, 0.00, 0.00, 1.00, 1.00, 0.00, 1.00, 1.00, 1.00, 0.00, 0.00, 0.00, 1.00, 1.00, 0.00, 0.00, 0.00
482,  0,  16.158,  0.98,  1, 0.03, 0.00, 0.86, 0.00, 3.06, 3.32, 0.00, 2.59, 2.70, 2.67, 0.18, 0.03, 0.00, 0.00, 0.48, 0.13, 0.00, 0.00, 0.00, 0.00, 0.00, 1.00, 1.00, 0.00, 1.00, 1.00, 1.00, 0.00, 0.00, 0.00, 1.00, 1.00, 0.00, 0.00, 0.00
483,  0,  16.191,  0.98,  1, 0.04, 0.00, 0.85, 0.00, 3.06, 3.33, 0.00, 2.62, 2.72, 2.79, 0.12, 0.05, 0.00, 0.00, 0.44, 0.17, 0.00, 0.00, 0.00, 0.00, 0.00, 1.00, 1.00, 0.00, 1.00, 1.00, 1.00, 0.00, 0.00, 0.00, 1.00, 1.00, 0.00, 0.00, 0.00
484,  0,  16.225,  0.98,  1, 0.09, 0.00, 0.86, 0.00, 3.03, 3.33, 0.01, 2.61, 2.72, 2.80, 0.00, 0.03, 0.00, 0.00, 0.34, 0.17, 0.00, 0.00, 0.00, 0.00, 0.00, 1.00, 1.00, 0.00, 1.00, 1.00, 1.00, 0.00, 0.00, 0.00, 1.00, 1.00, 0.00, 0.00, 0.00
485,  0,  16.258,  0.98,  1, 0.13, 0.00, 0.85, 0.00, 3.01, 3.33, 0.01, 2.61, 2.70, 2.72, 0.00, 0.03, 0.00, 0.00, 0.31, 0.09, 0.00, 0.00, 0.00, 0.00, 0.00, 1.00, 1.00, 0.00, 1.00, 1.00, 1.00, 0.00, 0.00, 0.00, 1.00, 1.00, 0.00, 0.00, 0.00
486,  0,  16.292,  0.98,  1, 0.12, 0.00, 0.83, 0.00, 2.99, 3.25, 0.01, 2.55, 2.69, 2.67, 0.00, 0.00, 0.00, 0.00, 0.35, 0.04, 0.00, 0.00, 0.00, 0.00, 0.00, 1.00, 1.00, 0.00, 1.00, 1.00, 1.00, 0.00, 0.00, 0.00, 1.00, 1.00, 0.00, 0.00, 0.00
487,  0,  16.326,  0.98,  1, 0.09, 0.00, 0.81, 0.00, 2.99, 3.26, 0.00, 2.49, 2.70, 2.75, 0.05, 0.00, 0.00, 0.00, 0.48, 0.02, 0.00, 0.00, 0.00, 0.00, 0.00, 1.00, 1.00, 0.00, 1.00, 1.00, 1.00, 0.00, 0.00, 0.00, 1.00, 1.00, 0.00, 0.00, 0.00
488,  0,  16.359,  0.98,  1, 0.08, 0.00, 0.81, 0.01, 3.00, 3.34, 0.00, 2.47, 2.74, 2.81, 0.05, 0.00, 0.00, 0.00, 0.64, 0.07, 0.00, 0.00, 0.00, 0.00, 0.00, 1.00, 1.00, 0.00, 1.00, 1.00, 1.00, 0.00, 0.00, 0.00, 1.00, 1.00, 0.00, 0.00, 0.00
489,  0,  16.393,  0.98,  1, 0.08, 0.00, 0.82, 0.01, 2.98, 3.29, 0.00, 2.49, 2.74, 2.84, 0.05, 0.00, 0.02, 0.00, 0.61, 0.19, 0.00, 0.00, 0.00, 0.00, 0.00, 1.00, 1.00, 0.00, 1.00, 1.00, 1.00, 0.00, 0.00, 0.00, 1.00, 1.00, 0.00, 0.00, 0.00
490,  0,  16.426,  0.98,  1, 0.11, 0.00, 0.85, 0.01, 2.93, 3.30, 0.00, 2.55, 2.71, 2.84, 0.06, 0.02, 0.01, 0.00, 0.52, 0.33, 0.00, 0.00, 0.00, 0.00, 0.00, 1.00, 1.00, 0.00, 1.00, 1.00, 1.00, 0.00, 0.00, 0.00, 1.00, 1.00, 0.00, 0.00, 0.00
491,  0,  16.460,  0.98,  1, 0.07, 0.00, 0.86, 0.00, 2.91, 3.23, 0.00, 2.61, 2.67, 2.85, 0.11, 0.04, 0.01, 0.00, 0.50, 0.33, 0.00, 0.00, 0.00, 0.00, 0.00, 1.00, 1.00, 0.00, 1.00, 1.00, 1.00, 0.00, 0.00, 0.00, 1.00, 1.00, 0.00, 0.00, 0.00
492,  0,  16.494,  0.98,  1, 0.06, 0.00, 0.87, 0.00, 2.89, 3.25, 0.00, 2.62, 2.62, 2.74, 0.11, 0.05, 0.00, 0.00, 0.53, 0.33, 0.00, 0.00, 0.00, 0.00, 0.00, 1.00, 1.00, 0.00, 1.00, 1.00, 1.00, 0.00, 0.00, 0.00, 1.00, 1.00, 0.00, 0.00, 0.00
493,  0,  16.527,  0.98,  1, 0.04, 0.00, 0.90, 0.02, 2.91, 3.26, 0.00, 2.63, 2.62, 2.73, 0.05, 0.08, 0.00, 0.00, 0.55, 0.23, 0.00, 0.00, 0.00, 0.00, 0.00, 1.00, 1.00, 0.00, 1.00, 1.00, 1.00, 0.00, 0.00, 0.00, 1.00, 1.00, 0.00, 0.00, 0.00
494,  0,  16.561,  0.98,  1, 0.11, 0.00, 0.88, 0.07, 2.90, 3.31, 0.00, 2.59, 2.59, 2.69, 0.03, 0.16, 0.00, 0.00, 0.49, 0.24, 0.00, 0.00, 0.00, 0.00, 0.00, 1.00, 1.00, 0.00, 1.00, 1.00, 1.00, 0.00, 0.00, 0.00, 1.00, 1.00, 0.00, 0.00, 0.00
495,  0,  16.594,  0.98,  1, 0.16, 0.00, 0.89, 0.10, 2.94, 3.25, 0.00, 2.55, 2.60, 2.80, 0.03, 0.28, 0.00, 0.00, 0.54, 0.23, 0.00, 0.00, 0.00, 0.00, 0.00, 1.00, 1.00, 0.00, 1.00, 1.00, 1.00, 0.00, 0.00, 0.00, 1.00, 1.00, 0.00, 0.00, 0.00
496,  0,  16.628,  0.98,  1, 0.18, 0.00, 0.91, 0.09, 2.95, 3.13, 0.00, 2.57, 2.57, 2.77, 0.03, 0.28, 0.00, 0.00, 0.61, 0.29, 0.00, 0.00, 0.00, 0.00, 0.00, 1.00, 1.00, 0.00, 1.00, 1.00, 1.00, 0.00, 0.00, 0.00, 1.00, 1.00, 0.00, 0.00, 0.00
497,  0,  16.662,  0.98,  1, 0.17, 0.00, 0.93, 0.09, 3.00, 3.05, 0.00, 2.59, 2.58, 2.72, 0.00, 0.19, 0.00, 0.00, 0.58, 0.23, 0.00, 0.00, 0.00, 0.00, 0.00, 1.00, 1.00, 0.00, 1.00, 1.00, 1.00, 0.00, 0.00, 0.00, 1.00, 1.00, 0.00, 0.00, 0.00
498,  0,  16.695,  0.98,  1, 0.17, 0.00, 0.91, 0.07, 3.01, 3.21, 0.04, 2.61, 2.58, 2.65, 0.00, 0.16, 0.00, 0.00, 0.42, 0.23, 0.00, 0.00, 0.00, 0.00, 0.00, 1.00, 1.00, 0.00, 1.00, 1.00, 1.00, 0.00, 0.00, 0.00, 1.00, 1.00, 0.00, 0.00, 0.00
499,  0,  16.729,  0.98,  1, 0.22, 0.03, 0.87, 0.11, 3.03, 3.41, 0.07, 2.58, 2.58, 2.66, 0.00, 0.20, 0.00, 0.00, 0.37, 0.20, 0.00, 0.00, 0.00, 0.00, 0.00, 1.00, 1.00, 0.00, 1.00, 1.00, 1.00, 0.00, 0.00, 0.00, 1.00, 0.00, 0.00, 0.00, 0.00
500,  0,  16.762,  0.98,  1, 0.19, 0.03, 0.78, 0.12, 2.99, 3.56, 0.07, 2.52, 2.52, 2.78, 0.00, 0.30, 0.00, 0.00, 0.34, 0.33, 0.00, 0.00, 0.00, 0.00, 0.00, 1.00, 1.00, 0.00, 1.00, 1.00, 1.00, 1.00, 0.00, 0.00, 1.00, 0.00, 0.00, 0.00, 0.00
501,  0,  16.796,  0.98,  1, 0.16, 0.06, 0.75, 0.12, 2.97, 3.53, 0.03, 2.47, 2.49, 2.85, 0.00, 0.26, 0.00, 0.00, 0.33, 0.32, 0.00, 0.00, 0.00, 0.00, 0.00, 1.00, 1.00, 0.00, 1.00, 1.00, 1.00, 1.00, 0.00, 0.00, 1.00, 0.00, 0.00, 0.00, 0.00
502,  0,  16.830,  0.98,  1, 0.12, 0.07, 0.68, 0.08, 2.95, 3.59, 0.00, 2.48, 2.49, 3.00, 0.00, 0.24, 0.00, 0.00, 0.34, 0.43, 0.00, 0.00, 0.00, 0.00, 0.00, 1.00, 1.00, 0.00, 1.00, 1.00, 1.00, 1.00, 0.00, 0.00, 1.00, 0.00, 0.00, 0.00, 0.00
503,  0,  16.863,  0.98,  1, 0.16, 0.13, 0.71, 0.02, 2.94, 3.59, 0.00, 2.53, 2.49, 3.04, 0.00, 0.13, 0.00, 0.00, 0.37, 0.43, 0.00, 0.00, 0.00, 0.00, 0.00, 1.00, 1.00, 0.00, 1.00, 1.00, 1.00, 1.00, 0.00, 0.00, 1.00, 0.00, 0.00, 0.00, 0.00
504,  0,  16.897,  0.98,  1, 0.22, 0.13, 0.73, 0.02, 2.92, 3.56, 0.00, 2.62, 2.49, 3.00, 0.00, 0.07, 0.00, 0.00, 0.38, 0.36, 0.00, 0.00, 0.00, 0.00, 0.00, 1.00, 1.00, 0.00, 1.00, 1.00, 1.00, 1.00, 0.00, 0.00, 1.00, 0.00, 0.00, 0.00, 0.00
505,  0,  16.930,  0.98,  1, 0.31, 0.15, 0.83, 0.01, 2.90, 3.57, 0.00, 2.64, 2.49, 2.83, 0.00, 0.01, 0.00, 0.00, 0.35, 0.29, 0.00, 0.00, 0.00, 0.00, 0.00, 1.00, 1.00, 0.00, 1.00, 1.00, 1.00, 1.00, 0.00, 0.00, 1.00, 0.00, 0.00, 0.00, 0.00
506,  0,  16.964,  0.98,  1, 0.33, 0.08, 0.88, 0.00, 2.91, 3.54, 0.00, 2.64, 2.55, 2.81, 0.00, 0.00, 0.00, 0.00, 0.41, 0.18, 0.00, 0.00, 0.00, 0.00, 0.00, 1.00, 1.00, 0.00, 1.00, 1.00, 1.00, 0.00, 0.00, 0.00, 1.00, 0.00, 0.00, 0.00, 0.00
507,  0,  16.998,  0.98,  1, 0.32, 0.05, 0.89, 0.00, 2.90, 3.66, 0.00, 2.55, 2.56, 2.81, 0.00, 0.01, 0.00, 0.00, 0.53, 0.20, 0.00, 0.00, 0.00, 0.00, 0.00, 1.00, 1.00, 0.00, 1.00, 1.00, 1.00, 0.00, 0.00, 0.00, 1.00, 0.00, 0.00, 0.00, 0.00
508,  0,  17.031,  0.98,  1, 0.24, 0.00, 0.84, 0.00, 2.90, 3.53, 0.00, 2.46, 2.53, 2.88, 0.00, 0.06, 0.00, 0.00, 0.51, 0.13, 0.00, 0.00, 0.00, 0.00, 0.00, 1.00, 1.00, 0.00, 1.00, 1.00, 1.00, 0.00, 0.00, 0.00, 1.00, 0.00, 0.00, 0.00, 0.00
509,  0,  17.065,  0.98,  1, 0.25, 0.05, 0.81, 0.00, 2.89, 3.46, 0.00, 2.41, 2.49, 2.91, 0.00, 0.10, 0.00, 0.00, 0.46, 0.18, 0.00, 0.00, 0.00, 0.00, 0.00, 1.00, 1.00, 0.00, 1.00, 1.00, 1.00, 0.00, 0.00, 0.00, 1.00, 0.00, 0.00, 0.00, 0.00
510,  0,  17.098,  0.98,  1, 0.28, 0.12, 0.76, 0.00, 2.87, 3.37, 0.00, 2.39, 2.49, 2.94, 0.00, 0.21, 0.00, 0.00, 0.36, 0.27, 0.00, 0.00, 0.00, 0.00, 0.00, 1.00, 1.00, 0.00, 1.00, 1.00, 1.00, 0.00, 0.00, 0.00, 1.00, 0.00, 0.00, 0.00, 0.00
511,  0,  17.132,  0.98,  1, 0.36, 0.15, 0.78, 0.01, 2.88, 3.44, 0.00, 2.48, 2.51, 2.92, 0.00, 0.20, 0.00, 0.00, 0.30, 0.32, 0.00, 0.00, 0.00, 0.00, 0.00, 1.00, 1.00, 0.00, 1.00, 1.00, 1.00, 0.00, 0.00, 0.00, 1.00, 0.00, 0.00, 0.00, 0.00
512,  0,  17.165,  0.98,  1, 0.35, 0.13, 0.72, 0.02, 2.88, 3.46, 0.00, 2.52, 2.54, 2.88, 0.00, 0.16, 0.00, 0.00, 0.30, 0.29, 0.00, 0.00, 0.00, 0.00, 0.00, 1.00, 1.00, 0.00, 1.00, 1.00, 1.00, 0.00, 0.00, 0.00, 1.00, 0.00, 0.00, 0.00, 0.00
513,  0,  17.199,  0.98,  1, 0.35, 0.06, 0.75, 0.02, 2.90, 3.47, 0.00, 2.60, 2.51, 2.94, 0.00, 0.06, 0.04, 0.00, 0.20, 0.22, 0.00, 0.00, 0.00, 0.00, 0.00, 1.00, 1.00, 0.00, 1.00, 1.00, 1.00, 1.00, 0.00, 0.00, 1.00, 0.00, 0.00, 0.00, 0.00
514,  0,  17.233,  0.98,  1, 0.30, 0.03, 0.73, 0.01, 2.86, 3.41, 0.00, 2.59, 2.46, 3.01, 0.00, 0.09, 0.05, 0.00, 0.16, 0.21, 0.00, 0.00, 0.00, 0.00, 0.00, 1.00, 1.00, 0.00, 1.00, 1.00, 1.00, 1.00, 0.00, 0.00, 1.00, 0.00, 0.00, 0.00, 0.00
515,  0,  17.266,  0.98,  1, 0.31, 0.04, 0.79, 0.00, 2.83, 3.40, 0.00, 2.61, 2.41, 2.94, 0.00, 0.09, 0.05, 0.00, 0.04, 0.26, 0.00, 0.00, 0.00, 0.00, 0.00, 1.00, 1.00, 0.00, 1.00, 1.00, 1.00, 1.00, 0.00, 0.00, 1.00, 0.00, 0.00, 0.00, 0.00
516,  0,  17.300,  0.98,  1, 0.30, 0.04, 0.77, 0.00, 2.78, 3.34, 0.00, 2.63, 2.38, 2.87, 0.00, 0.15, 0.01, 0.00, 0.04, 0.28, 0.00, 0.00, 0.00, 0.00, 0.00, 1.00, 1.00, 0.00, 1.00, 1.00, 1.00, 1.00, 0.00, 0.00, 1.00, 0.00, 0.00, 0.00, 0.00
517,  0,  17.333,  0.98,  1, 0.33, 0.06, 0.75, 0.00, 2.75, 3.32, 0.00, 2.63, 2.39, 2.72, 0.00, 0.07, 0.01, 0.00, 0.05, 0.29, 0.01, 0.00, 0.00, 0.00, 0.00, 1.00, 1.00, 0.00, 1.00, 1.00, 1.00, 1.00, 0.00, 0.00, 1.00, 0.00, 0.00, 0.00, 0.00
518,  0,  17.367,  0.98,  1, 0.32, 0.08, 0.69, 0.00, 2.72, 3.35, 0.00, 2.63, 2.38, 2.66, 0.00, 0.10, 0.01, 0.00, 0.05, 0.26, 0.12, 0.00, 0.00, 0.00, 0.00, 1.00, 1.00, 0.00, 1.00, 1.00, 1.00, 1.00, 0.00, 0.00, 1.00, 0.00, 0.00, 0.00, 0.00
519,  0,  17.401,  0.98,  1, 0.35, 0.08, 0.66, 0.00, 2.71, 3.50, 0.00, 2.59, 2.34, 2.51, 0.00, 0.07, 0.01, 0.00, 0.05, 0.28, 0.20, 0.00, 0.00, 0.00, 0.00, 1.00, 1.00, 0.00, 1.00, 1.00, 1.00, 1.00, 0.00, 0.00, 1.00, 0.00, 0.00, 0.00, 0.00
520,  0,  17.434,  0.98,  1, 0.34, 0.06, 0.64, 0.00, 2.70, 3.53, 0.00, 2.53, 2.29, 2.35, 0.00, 0.07, 0.00, 0.00, 0.07, 0.37, 0.19, 0.00, 0.00, 0.00, 0.00, 1.00, 1.00, 0.00, 1.00, 1.00, 1.00, 1.00, 0.00, 0.00, 1.00, 0.00, 0.00, 0.00, 0.00
521,  0,  17.468,  0.98,  1, 0.32, 0.04, 0.62, 0.00, 2.67, 3.52, 0.00, 2.42, 2.24, 2.29, 0.02, 0.04, 0.00, 0.00, 0.07, 0.31, 0.08, 0.00, 0.00, 0.00, 0.00, 1.00, 1.00, 0.00, 1.00, 1.00, 1.00, 1.00, 0.00, 0.00, 1.00, 0.00, 0.00, 0.00, 0.00
522,  0,  17.501,  0.98,  1, 0.29, 0.17, 0.62, 0.00, 2.65, 3.42, 0.00, 2.38, 2.20, 2.35, 0.02, 0.00, 0.16, 0.00, 0.07, 0.21, 0.00, 0.00, 0.00, 0.00, 0.00, 1.00, 1.00, 0.00, 1.00, 1.00, 1.00, 1.00, 0.00, 0.00, 1.00, 0.00, 0.00, 0.00, 0.00
523,  0,  17.535,  0.98,  1, 0.29, 0.29, 0.54, 0.02, 2.57, 3.35, 0.00, 2.34, 2.07, 2.57, 0.02, 0.28, 0.37, 0.13, 0.00, 0.01, 0.00, 0.00, 0.00, 0.00, 0.00, 1.00, 1.00, 0.00, 1.00, 1.00, 1.00, 1.00, 0.00, 0.00, 1.00, 0.00, 0.00, 0.00, 0.00
524,  0,  17.569,  0.98,  1, 0.29, 0.27, 0.52, 0.09, 2.51, 3.34, 0.00, 2.26, 1.92, 2.53, 0.01, 0.47, 0.57, 0.28, 0.00, 0.00, 0.00, 0.00, 0.00, 0.00, 0.00, 1.00, 1.00, 0.00, 1.00, 1.00, 1.00, 1.00, 0.00, 1.00, 0.00, 0.00, 0.00, 0.00, 0.00
525,  0,  17.602,  0.98,  1, 0.21, 0.14, 0.44, 0.12, 2.42, 3.24, 0.00, 2.06, 1.77, 2.42, 0.01, 0.58, 0.54, 0.35, 0.00, 0.00, 0.00, 0.00, 0.00, 0.00, 0.00, 1.00, 1.00, 0.00, 1.00, 1.00, 1.00, 1.00, 1.00, 1.00, 0.00, 0.00, 0.00, 0.00, 0.00
526,  0,  17.636,  0.98,  1, 0.12, 0.05, 0.43, 0.13, 2.40, 3.17, 0.00, 1.93, 1.70, 2.28, 0.01, 0.55, 0.46, 0.34, 0.00, 0.00, 0.00, 0.00, 0.00, 0.00, 0.00, 1.00, 1.00, 0.00, 1.00, 1.00, 1.00, 1.00, 1.00, 1.00, 0.00, 0.00, 0.00, 0.00, 0.00
527,  0,  17.669,  0.98,  1, 0.03, 0.03, 0.42, 0.11, 2.44, 3.19, 0.00, 1.89, 1.66, 2.26, 0.00, 0.68, 0.45, 0.30, 0.00, 0.00, 0.00, 0.00, 0.00, 0.00, 0.00, 1.00, 1.00, 0.00, 1.00, 1.00, 1.00, 1.00, 1.00, 1.00, 0.00, 0.00, 0.00, 0.00, 0.00
528,  0,  17.703,  0.98,  1, 0.05, 0.11, 0.45, 0.07, 2.49, 3.15, 0.00, 1.97, 1.66, 2.23, 0.01, 0.84, 0.36, 0.35, 0.00, 0.00, 0.00, 0.00, 0.00, 0.00, 0.00, 1.00, 1.00, 0.00, 1.00, 1.00, 1.00, 1.00, 1.00, 1.00, 0.00, 0.00, 0.00, 0.00, 0.00
529,  0,  17.737,  0.98,  1, 0.05, 0.13, 0.45, 0.08, 2.54, 3.17, 0.00, 2.09, 1.67, 2.19, 0.01, 0.86, 0.23, 0.32, 0.00, 0.00, 0.00, 0.00, 0.00, 0.00, 0.00, 1.00, 1.00, 0.00, 1.00, 1.00, 1.00, 1.00, 1.00, 0.00, 0.00, 0.00, 0.00, 0.00, 0.00
530,  0,  17.770,  0.98,  1, 0.08, 0.13, 0.46, 0.03, 2.53, 3.02, 0.00, 2.14, 1.75, 2.30, 0.04, 0.67, 0.14, 0.33, 0.00, 0.00, 0.00, 0.00, 0.00, 0.00, 0.00, 1.00, 1.00, 0.00, 1.00, 1.00, 1.00, 1.00, 1.00, 0.00, 0.00, 0.00, 0.00, 0.00, 0.00
531,  0,  17.804,  0.98,  1, 0.06, 0.05, 0.45, 0.03, 2.59, 3.14, 0.00, 2.17, 1.83, 2.25, 0.07, 0.54, 0.10, 0.29, 0.00, 0.00, 0.00, 0.00, 0.00, 0.00, 0.00, 1.00, 1.00, 0.00, 1.00, 1.00, 1.00, 1.00, 1.00, 0.00, 0.00, 0.00, 0.00, 0.00, 0.00
532,  0,  17.837,  0.98,  1, 0.03, 0.00, 0.45, 0.00, 2.63, 3.21, 0.00, 2.21, 1.91, 2.22, 0.07, 0.44, 0.10, 0.31, 0.00, 0.00, 0.01, 0.00, 0.00, 0.00, 0.00, 1.00, 1.00, 0.00, 1.00, 1.00, 1.00, 1.00, 1.00, 0.00, 0.00, 0.00, 0.00, 0.00, 0.00
533,  0,  17.871,  0.98,  1, 0.00, 0.00, 0.40, 0.02, 2.70, 3.20, 0.00, 2.29, 1.98, 2.11, 0.04, 0.54, 0.00, 0.29, 0.00, 0.00, 0.06, 0.00, 0.00, 0.00, 0.00, 1.00, 1.00, 0.00, 1.00, 1.00, 1.00, 1.00, 1.00, 0.00, 0.00, 0.00, 0.00, 0.00, 0.00
534,  0,  17.905,  0.98,  1, 0.00, 0.00, 0.39, 0.02, 2.77, 3.14, 0.00, 2.39, 2.04, 2.23, 0.05, 0.65, 0.00, 0.37, 0.00, 0.00, 0.16, 0.00, 0.00, 0.00, 0.00, 1.00, 1.00, 0.00, 1.00, 1.00, 1.00, 1.00, 1.00, 0.00, 0.00, 0.00, 0.00, 0.00, 0.00
535,  0,  17.938,  0.98,  1, 0.00, 0.00, 0.39, 0.03, 2.83, 2.99, 0.00, 2.40, 2.10, 2.23, 0.05, 0.78, 0.00, 0.41, 0.00, 0.00, 0.18, 0.00, 0.00, 0.00, 0.00, 1.00, 1.00, 0.00, 1.00, 1.00, 1.00, 1.00, 1.00, 0.00, 0.00, 0.00, 0.00, 0.00, 0.00
536,  0,  17.972,  0.98,  1, 0.00, 0.00, 0.43, 0.01, 2.88, 3.01, 0.00, 2.36, 2.13, 2.30, 0.17, 0.75, 0.00, 0.47, 0.00, 0.00, 0.20, 0.00, 0.00, 0.00, 0.00, 1.00, 1.00, 0.00, 1.00, 1.00, 1.00, 1.00, 1.00, 0.00, 0.00, 0.00, 0.00, 0.00, 0.00
537,  0,  18.005,  0.98,  1, 0.00, 0.00, 0.45, 0.02, 2.94, 3.01, 0.00, 2.35, 2.20, 2.17, 0.21, 0.69, 0.00, 0.44, 0.00, 0.00, 0.14, 0.00, 0.00, 0.00, 0.00, 1.00, 1.00, 0.00, 1.00, 1.00, 1.00, 1.00, 1.00, 0.00, 0.00, 0.00, 0.00, 0.00, 0.00
538,  0,  18.039,  0.98,  1, 0.00, 0.00, 0.49, 0.01, 2.99, 3.02, 0.00, 2.34, 2.24, 2.09, 0.41, 0.60, 0.00, 0.45, 0.00, 0.00, 0.14, 0.00, 0.00, 0.00, 0.00, 1.00, 1.00, 0.00, 1.00, 1.00, 1.00, 1.00, 1.00, 0.00, 0.00, 0.00, 0.00, 0.00, 0.00
539,  0,  18.072,  0.98,  1, 0.00, 0.00, 0.46, 0.03, 3.00, 3.01, 0.00, 2.39, 2.27, 2.08, 0.36, 0.63, 0.00, 0.41, 0.00, 0.00, 0.08, 0.00, 0.00, 0.00, 0.00, 1.00, 1.00, 0.00, 1.00, 1.00, 1.00, 1.00, 1.00, 0.00, 0.00, 0.00, 0.00, 0.00, 0.00
540,  0,  18.106,  0.98,  1, 0.00, 0.00, 0.49, 0.02, 3.01, 3.06, 0.00, 2.37, 2.26, 2.22, 0.27, 0.64, 0.00, 0.43, 0.00, 0.00, 0.05, 0.00, 0.00, 0.00, 0.00, 1.00, 1.00, 0.00, 1.00, 1.00, 1.00, 1.00, 1.00, 0.00, 0.00, 0.00, 0.00, 0.00, 0.00
541,  0,  18.140,  0.98,  1, 0.00, 0.00, 0.47, 0.02, 3.01, 3.09, 0.00, 2.42, 2.27, 2.37, 0.09, 0.69, 0.00, 0.42, 0.00, 0.00, 0.02, 0.00, 0.00, 0.00, 0.00, 1.00, 1.00, 0.00, 1.00, 1.00, 1.00, 1.00, 1.00, 0.00, 0.00, 0.00, 0.00, 0.00, 0.00
542,  0,  18.173,  0.98,  1, 0.00, 0.00, 0.52, 0.00, 3.04, 3.19, 0.00, 2.41, 2.28, 2.50, 0.03, 0.75, 0.00, 0.46, 0.00, 0.00, 0.06, 0.00, 0.00, 0.00, 0.00, 1.00, 1.00, 0.00, 1.00, 1.00, 1.00, 1.00, 1.00, 0.00, 0.00, 0.00, 0.00, 0.00, 0.00
543,  0,  18.207,  0.98,  1, 0.00, 0.00, 0.47, 0.00, 3.04, 3.17, 0.00, 2.47, 2.29, 2.47, 0.06, 0.76, 0.00, 0.45, 0.00, 0.00, 0.05, 0.00, 0.00, 0.00, 0.00, 1.00, 1.00, 0.00, 1.00, 1.00, 1.00, 1.00, 1.00, 0.00, 0.00, 0.00, 0.00, 0.00, 0.00
544,  0,  18.240,  0.98,  1, 0.00, 0.00, 0.46, 0.00, 3.06, 3.21, 0.00, 2.53, 2.33, 2.40, 0.17, 0.76, 0.00, 0.45, 0.00, 0.00, 0.09, 0.00, 0.00, 0.00, 0.00, 1.00, 1.00, 0.00, 1.00, 1.00, 1.00, 1.00, 1.00, 0.00, 0.00, 0.00, 0.00, 0.00, 0.00
545,  0,  18.274,  0.98,  1, 0.00, 0.00, 0.39, 0.00, 3.08, 3.20, 0.00, 2.63, 2.39, 2.23, 0.26, 0.64, 0.00, 0.41, 0.00, 0.00, 0.06, 0.00, 0.00, 0.00, 0.00, 1.00, 1.00, 0.00, 1.00, 1.00, 1.00, 1.00, 1.00, 0.00, 0.00, 0.00, 0.00, 0.00, 0.00
546,  0,  18.308,  0.98,  1, 0.00, 0.00, 0.33, 0.02, 3.10, 3.10, 0.00, 2.64, 2.41, 2.17, 0.30, 0.63, 0.00, 0.38, 0.00, 0.00, 0.15, 0.00, 0.00, 0.00, 0.00, 1.00, 1.00, 0.00, 1.00, 1.00, 1.00, 1.00, 1.00, 0.00, 0.00, 0.00, 0.00, 0.00, 0.00
547,  0,  18.341,  0.98,  1, 0.00, 0.00, 0.34, 0.02, 3.10, 3.10, 0.00, 2.59, 2.41, 2.19, 0.20, 0.56, 0.00, 0.38, 0.00, 0.00, 0.14, 0.00, 0.00, 0.00, 0.00, 1.00, 1.00, 0.00, 1.00, 1.00, 1.00, 1.00, 1.00, 0.00, 0.00, 0.00, 0.00, 0.00, 0.00
548,  0,  18.375,  0.98,  1, 0.00, 0.00, 0.41, 0.02, 3.10, 2.99, 0.00, 2.58, 2.37, 2.22, 0.10, 0.64, 0.00, 0.37, 0.00, 0.00, 0.14, 0.00, 0.00, 0.00, 0.00, 1.00, 1.00, 0.00, 1.00, 1.00, 1.00, 1.00, 1.00, 0.00, 0.00, 0.00, 0.00, 0.00, 0.00
549,  0,  18.408,  0.98,  1, 0.00, 0.00, 0.47, 0.00, 3.18, 3.05, 0.00, 2.62, 2.44, 2.34, 0.09, 0.73, 0.00, 0.32, 0.00, 0.00, 0.08, 0.00, 0.00, 0.00, 0.00, 1.00, 1.00, 0.00, 1.00, 1.00, 1.00, 0.00, 1.00, 0.00, 0.00, 0.00, 0.00, 0.00, 0.00
550,  0,  18.442,  0.98,  1, 0.00, 0.00, 0.46, 0.00, 3.23, 3.10, 0.00, 2.60, 2.49, 2.37, 0.05, 0.92, 0.00, 0.26, 0.00, 0.00, 0.13, 0.00, 0.00, 0.00, 0.00, 1.00, 1.00, 0.00, 1.00, 1.00, 1.00, 0.00, 1.00, 0.00, 0.00, 0.00, 0.00, 0.00, 0.00
551,  0,  18.476,  0.98,  1, 0.00, 0.00, 0.45, 0.00, 3.32, 3.27, 0.00, 2.61, 2.68, 2.38, 0.05, 0.84, 0.00, 0.18, 0.00, 0.00, 0.21, 0.00, 0.00, 0.00, 0.00, 1.00, 1.00, 0.00, 1.00, 1.00, 1.00, 0.00, 1.00, 0.00, 1.00, 0.00, 0.00, 0.00, 0.00
552,  0,  18.509,  0.98,  1, 0.00, 0.00, 0.44, 0.00, 3.33, 3.36, 0.00, 2.56, 2.80, 2.42, 0.00, 0.68, 0.00, 0.11, 0.00, 0.00, 0.26, 0.00, 0.00, 0.00, 0.00, 1.00, 1.00, 0.00, 1.00, 1.00, 1.00, 0.00, 1.00, 0.00, 1.00, 0.00, 0.00, 0.00, 0.00
553,  0,  18.543,  0.98,  1, 0.00, 0.00, 0.51, 0.00, 3.40, 3.37, 0.00, 2.60, 2.95, 2.56, 0.00, 0.45, 0.00, 0.04, 0.00, 0.00, 0.21, 0.00, 0.00, 0.00, 0.00, 1.00, 1.00, 0.00, 1.00, 1.00, 1.00, 0.00, 1.00, 0.00, 1.00, 0.00, 0.00, 0.00, 0.00
554,  0,  18.576,  0.98,  1, 0.00, 0.00, 0.57, 0.00, 3.42, 3.31, 0.00, 2.63, 3.03, 2.65, 0.00, 0.37, 0.00, 0.01, 0.04, 0.00, 0.11, 0.00, 0.00, 0.00, 0.00, 1.00, 1.00, 0.00, 1.00, 1.00, 1.00, 0.00, 0.00, 0.00, 1.00, 0.00, 0.00, 0.00, 0.00
555,  0,  18.610,  0.98,  1, 0.00, 0.00, 0.64, 0.00, 3.42, 3.29, 0.00, 2.59, 3.06, 2.68, 0.00, 0.36, 0.00, 0.00, 0.14, 0.00, 0.04, 0.00, 0.00, 0.00, 0.00, 1.00, 1.00, 0.00, 1.00, 1.00, 1.00, 0.00, 0.00, 0.00, 1.00, 0.00, 0.00, 0.00, 0.00
556,  0,  18.644,  0.98,  1, 0.00, 0.00, 0.62, 0.00, 3.36, 3.31, 0.00, 2.61, 3.10, 2.60, 0.00, 0.25, 0.00, 0.00, 0.22, 0.00, 0.12, 0.00, 0.00, 0.00, 0.00, 1.00, 1.00, 0.00, 1.00, 1.00, 1.00, 0.00, 0.00, 0.00, 1.00, 0.00, 0.00, 0.00, 1.00
557,  0,  18.677,  0.98,  1, 0.00, 0.00, 0.62, 0.00, 3.30, 3.29, 0.00, 2.60, 3.06, 2.56, 0.00, 0.17, 0.00, 0.00, 0.22, 0.00, 0.28, 0.00, 0.00, 0.00, 0.00, 1.00, 1.00, 0.00, 1.00, 1.00, 1.00, 0.00, 0.00, 0.00, 1.00, 0.00, 0.00, 0.00, 1.00
558,  0,  18.711,  0.98,  1, 0.00, 0.00, 0.62, 0.00, 3.27, 3.31, 0.00, 2.64, 3.08, 2.51, 0.00, 0.06, 0.00, 0.00, 0.12, 0.00, 0.32, 0.00, 0.00, 0.00, 0.00, 1.00, 1.00, 0.00, 1.00, 1.00, 1.00, 0.00, 0.00, 0.00, 1.00, 0.00, 0.00, 0.00, 1.00
559,  0,  18.744,  0.98,  1, 0.00, 0.00, 0.70, 0.00, 3.31, 3.34, 0.00, 2.62, 3.05, 2.66, 0.00, 0.12, 0.00, 0.00, 0.04, 0.00, 0.22, 0.00, 0.00, 0.00, 0.00, 1.00, 1.00, 0.00, 1.00, 1.00, 1.00, 0.00, 0.00, 0.00, 1.00, 0.00, 0.00, 0.00, 0.00
560,  0,  18.778,  0.98,  1, 0.00, 0.00, 0.72, 0.00, 3.36, 3.49, 0.00, 2.60, 3.08, 2.74, 0.00, 0.14, 0.00, 0.00, 0.03, 0.00, 0.16, 0.00, 0.00, 0.00, 0.00, 1.00, 1.00, 0.00, 1.00, 1.00, 1.00, 0.00, 0.00, 0.00, 1.00, 0.00, 0.00, 0.00, 0.00
561,  0,  18.811,  0.98,  1, 0.00, 0.00, 0.67, 0.00, 3.44, 3.48, 0.00, 2.65, 3.09, 2.74, 0.00, 0.25, 0.00, 0.00, 0.09, 0.04, 0.12, 0.00, 0.00, 0.00, 0.00, 1.00, 1.00, 0.00, 1.00, 1.00, 1.00, 0.00, 0.00, 0.00, 1.00, 0.00, 0.00, 0.00, 0.00
562,  0,  18.845,  0.98,  1, 0.00, 0.00, 0.63, 0.00, 3.51, 3.55, 0.00, 2.74, 3.10, 2.84, 0.00, 0.32, 0.00, 0.00, 0.09, 0.09, 0.12, 0.00, 0.00, 0.00, 0.00, 1.00, 1.00, 0.00, 1.00, 1.00, 1.00, 0.00, 0.00, 0.00, 1.00, 0.00, 0.00, 0.00, 0.00
563,  0,  18.879,  0.98,  1, 0.00, 0.00, 0.61, 0.00, 3.55, 3.51, 0.00, 2.86, 3.10, 2.84, 0.00, 0.36, 0.00, 0.00, 0.06, 0.17, 0.03, 0.00, 0.00, 0.00, 0.00, 1.00, 1.00, 0.00, 1.00, 1.00, 1.00, 0.00, 0.00, 0.00, 1.00, 0.00, 0.00, 0.00, 0.00
564,  0,  18.912,  0.98,  1, 0.00, 0.00, 0.70, 0.00, 3.54, 3.46, 0.00, 2.89, 3.10, 2.99, 0.00, 0.40, 0.00, 0.00, 0.00, 0.26, 0.01, 0.00, 0.00, 0.00, 0.00, 1.00, 1.00, 0.00, 1.00, 1.00, 1.00, 0.00, 0.00, 0.00, 1.00, 0.00, 0.00, 0.00, 0.00
565,  0,  18.946,  0.98,  1, 0.00, 0.00, 0.75, 0.00, 3.50, 3.37, 0.00, 2.92, 3.14, 3.01, 0.00, 0.31, 0.00, 0.05, 0.00, 0.26, 0.01, 0.00, 0.00, 0.00, 0.00, 1.00, 1.00, 0.00, 1.00, 1.00, 1.00, 0.00, 0.00, 0.00, 1.00, 0.00, 0.00, 0.00, 0.00
566,  0,  18.979,  0.98,  1, 0.00, 0.00, 0.82, 0.02, 3.43, 3.38, 0.00, 2.90, 3.15, 3.11, 0.00, 0.30, 0.00, 0.05, 0.00, 0.37, 0.00, 0.00, 0.00, 0.00, 0.00, 1.00, 1.00, 0.00, 1.00, 1.00, 1.00, 0.00, 1.00, 0.00, 1.00, 0.00, 0.00, 0.00, 0.00
567,  0,  19.013,  0.98,  1, 0.00, 0.00, 0.82, 0.03, 3.42, 3.56, 0.00, 2.90, 3.16, 3.13, 0.00, 0.26, 0.00, 0.05, 0.00, 0.39, 0.00, 0.00, 0.00, 0.00, 0.00, 1.00, 1.00, 0.00, 1.00, 1.00, 1.00, 0.00, 1.00, 0.00, 1.00, 0.00, 0.00, 0.00, 0.00
568,  0,  19.047,  0.93,  1, 0.00, 0.00, 0.87, 0.03, 3.39, 3.61, 0.02, 2.92, 3.12, 3.12, 0.00, 0.33, 0.00, 0.06, 0.00, 0.49, 0.00, 0.00, 0.00, 0.00, 0.00, 1.00, 1.00, 0.00, 1.00, 1.00, 1.00, 0.00, 1.00, 0.00, 1.00, 0.00, 0.00, 0.00, 0.00
569,  0,  19.080,  0.98,  1, 0.00, 0.00, 0.90, 0.01, 3.40, 3.59, 0.03, 2.90, 3.09, 3.16, 0.00, 0.36, 0.00, 0.10, 0.00, 0.38, 0.00, 0.00, 0.00, 0.00, 0.00, 1.00, 1.00, 0.00, 1.00, 1.00, 1.00, 0.00, 1.00, 0.00, 1.00, 0.00, 0.00, 0.00, 0.00
570,  0,  19.114,  0.93,  1, 0.00, 0.00, 0.90, 0.03, 3.38, 3.52, 0.03, 2.90, 3.06, 3.26, 0.00, 0.39, 0.00, 0.17, 0.00, 0.38, 0.00, 0.00, 0.00, 0.00, 0.00, 1.00, 1.00, 0.00, 1.00, 1.00, 1.00, 0.00, 1.00, 0.00, 1.00, 0.00, 0.00, 0.00, 0.00
571,  0,  19.147,  0.93,  1, 0.00, 0.00, 0.89, 0.06, 3.37, 3.64, 0.02, 2.81, 3.06, 3.21, 0.00, 0.44, 0.00, 0.19, 0.00, 0.43, 0.00, 0.00, 0.00, 0.00, 0.00, 1.00, 1.00, 0.00, 1.00, 1.00, 1.00, 0.00, 1.00, 0.00, 1.00, 0.00, 0.00, 0.00, 0.00
572,  0,  19.181,  0.98,  1, 0.00, 0.00, 0.86, 0.07, 3.34, 3.62, 0.02, 2.77, 3.03, 3.24, 0.00, 0.43, 0.00, 0.17, 0.00, 0.52, 0.00, 0.00, 0.00, 0.00, 0.00, 1.00, 1.00, 0.00, 1.00, 1.00, 1.00, 0.00, 1.00, 0.00, 1.00, 0.00, 0.00, 0.00, 0.00
573,  0,  19.215,  0.98,  1, 0.00, 0.00, 0.84, 0.07, 3.35, 3.64, 0.02, 2.77, 3.04, 3.16, 0.00, 0.43, 0.00, 0.17, 0.00, 0.49, 0.00, 0.00, 0.00, 0.00, 0.00, 1.00, 1.00, 0.00, 1.00, 1.00, 1.00, 0.00, 1.00, 0.00, 1.00, 0.00, 0.00, 0.00, 0.00
574,  0,  19.248,  0.98,  1, 0.00, 0.00, 0.81, 0.14, 3.33, 3.49, 0.02, 2.79, 3.03, 3.20, 0.00, 0.34, 0.00, 0.11, 0.00, 0.52, 0.00, 0.00, 0.00, 0.00, 0.00, 1.00, 1.00, 0.00, 1.00, 1.00, 1.00, 0.00, 1.00, 0.00, 1.00, 0.00, 0.00, 0.00, 0.00
575,  0,  19.282,  0.98,  1, 0.00, 0.00, 0.81, 0.17, 3.37, 3.46, 0.01, 2.80, 3.05, 3.15, 0.00, 0.28, 0.00, 0.09, 0.00, 0.56, 0.00, 0.00, 0.00, 0.00, 0.00, 1.00, 1.00, 0.00, 1.00, 1.00, 1.00, 0.00, 1.00, 0.00, 1.00, 0.00, 0.00, 0.00, 0.00
576,  0,  19.315,  0.93,  1, 0.00, 0.00, 0.84, 0.13, 3.36, 3.38, 0.01, 2.78, 3.04, 3.19, 0.00, 0.28, 0.00, 0.02, 0.00, 0.57, 0.00, 0.00, 0.00, 0.00, 0.00, 1.00, 1.00, 0.00, 1.00, 1.00, 1.00, 0.00, 1.00, 0.00, 1.00, 0.00, 0.00, 0.00, 0.00
577,  0,  19.349,  0.93,  1, 0.00, 0.00, 0.88, 0.04, 3.38, 3.40, 0.03, 2.74, 3.06, 3.16, 0.00, 0.37, 0.00, 0.01, 0.00, 0.54, 0.00, 0.00, 0.00, 0.00, 0.00, 1.00, 1.00, 0.00, 1.00, 1.00, 1.00, 0.00, 1.00, 0.00, 1.00, 0.00, 0.00, 0.00, 0.00
578,  0,  19.383,  0.98,  1, 0.00, 0.00, 0.90, 0.00, 3.38, 3.55, 0.03, 2.73, 3.04, 3.01, 0.00, 0.45, 0.00, 0.00, 0.00, 0.54, 0.00, 0.00, 0.00, 0.00, 0.00, 1.00, 1.00, 0.00, 1.00, 1.00, 1.00, 0.00, 0.00, 0.00, 1.00, 0.00, 0.00, 0.00, 0.00
579,  0,  19.416,  0.98,  1, 0.00, 0.00, 0.85, 0.06, 3.42, 3.81, 0.03, 2.65, 3.04, 2.83, 0.00, 0.39, 0.00, 0.05, 0.00, 0.59, 0.00, 0.00, 0.00, 0.00, 0.00, 1.00, 1.00, 0.00, 1.00, 1.00, 1.00, 0.00, 0.00, 0.00, 1.00, 0.00, 0.00, 0.00, 0.00
580,  0,  19.450,  0.98,  1, 0.00, 0.00, 0.86, 0.14, 3.51, 4.03, 0.00, 2.64, 3.04, 2.80, 0.00, 0.36, 0.00, 0.07, 0.00, 0.45, 0.00, 0.00, 0.00, 0.00, 0.00, 1.00, 1.00, 0.00, 1.00, 1.00, 1.00, 0.00, 0.00, 0.00, 1.00, 0.00, 0.00, 0.00, 0.00
581,  0,  19.483,  0.98,  1, 0.00, 0.00, 0.86, 0.14, 3.60, 4.08, 0.00, 2.61, 3.07, 2.86, 0.01, 0.28, 0.01, 0.12, 0.00, 0.30, 0.00, 0.00, 0.00, 0.00, 0.00, 1.00, 1.00, 0.00, 1.00, 1.00, 1.00, 0.00, 0.00, 0.00, 1.00, 0.00, 0.00, 0.00, 0.00
582,  0,  19.517,  0.98,  1, 0.00, 0.00, 0.86, 0.09, 3.63, 4.03, 0.05, 2.60, 3.09, 2.83, 0.14, 0.21, 0.06, 0.20, 0.00, 0.28, 0.00, 0.00, 0.00, 0.00, 0.00, 1.00, 1.00, 0.00, 1.00, 1.00, 1.00, 0.00, 0.00, 0.00, 1.00, 0.00, 0.00, 0.00, 0.00
583,  0,  19.551,  0.98,  1, 0.00, 0.00, 0.76, 0.01, 3.62, 3.92, 0.10, 2.56, 3.07, 2.64, 0.35, 0.12, 0.29, 0.29, 0.00, 0.45, 0.00, 0.00, 0.00, 0.00, 0.00, 1.00, 1.00, 0.00, 1.00, 1.00, 1.00, 0.00, 0.00, 0.00, 1.00, 0.00, 0.00, 0.00, 0.00
584,  0,  19.584,  0.98,  1, 0.00, 0.00, 0.59, 0.01, 3.58, 3.77, 0.15, 2.48, 3.02, 2.52, 0.44, 0.09, 0.28, 0.31, 0.00, 0.63, 0.00, 0.00, 0.00, 0.00, 0.00, 1.00, 1.00, 0.00, 1.00, 1.00, 1.00, 0.00, 0.00, 0.00, 1.00, 0.00, 0.00, 0.00, 0.00
585,  0,  19.618,  0.98,  1, 0.00, 0.00, 0.45, 0.00, 3.63, 3.63, 0.18, 2.45, 3.01, 2.46, 0.37, 0.07, 0.24, 0.22, 0.00, 0.60, 0.00, 0.00, 0.00, 0.00, 0.00, 1.00, 1.00, 0.00, 1.00, 1.00, 1.00, 0.00, 0.00, 0.00, 1.00, 0.00, 0.00, 0.00, 0.00
586,  0,  19.651,  0.98,  1, 0.00, 0.00, 0.34, 0.00, 3.63, 3.49, 0.19, 2.45, 2.99, 2.48, 0.20, 0.01, 0.01, 0.16, 0.00, 0.53, 0.00, 0.00, 0.00, 0.00, 0.00, 1.00, 1.00, 0.00, 1.00, 1.00, 1.00, 0.00, 0.00, 0.00, 1.00, 0.00, 0.00, 0.00, 0.00
587,  0,  19.685,  0.98,  1, 0.00, 0.00, 0.39, 0.08, 3.64, 3.51, 0.16, 2.48, 3.01, 2.43, 0.14, 0.01, 0.01, 0.14, 0.06, 0.41, 0.00, 0.00, 0.00, 0.00, 0.00, 1.00, 1.00, 0.00, 1.00, 1.00, 1.00, 0.00, 0.00, 0.00, 1.00, 0.00, 0.00, 0.00, 0.00
588,  0,  19.718,  0.98,  1, 0.00, 0.00, 0.43, 0.12, 3.61, 3.53, 0.15, 2.49, 2.97, 2.43, 0.21, 0.06, 0.00, 0.09, 0.14, 0.39, 0.00, 0.00, 0.00, 0.00, 0.00, 1.00, 1.00, 0.00, 1.00, 1.00, 1.00, 0.00, 0.00, 0.00, 1.00, 0.00, 0.00, 0.00, 0.00
589,  0,  19.752,  0.98,  1, 0.00, 0.00, 0.47, 0.20, 3.60, 3.68, 0.16, 2.43, 3.02, 2.31, 0.27, 0.06, 0.00, 0.05, 0.23, 0.37, 0.00, 0.00, 0.00, 0.00, 0.00, 1.00, 1.00, 0.00, 1.00, 1.00, 1.00, 0.00, 0.00, 0.00, 1.00, 0.00, 0.00, 0.00, 0.00
590,  0,  19.786,  0.98,  1, 0.00, 0.00, 0.49, 0.12, 3.58, 3.80, 0.20, 2.39, 3.01, 2.33, 0.40, 0.07, 0.00, 0.00, 0.24, 0.38, 0.00, 0.00, 0.00, 0.00, 0.00, 1.00, 1.00, 0.00, 1.00, 1.00, 1.00, 0.00, 0.00, 0.00, 1.00, 0.00, 0.00, 0.00, 0.00
591,  0,  19.819,  0.98,  1, 0.00, 0.00, 0.51, 0.10, 3.57, 3.85, 0.18, 2.39, 3.05, 2.24, 0.50, 0.03, 0.00, 0.00, 0.25, 0.39, 0.00, 0.00, 0.00, 0.00, 0.00, 1.00, 1.00, 0.00, 1.00, 1.00, 1.00, 0.00, 0.00, 0.00, 1.00, 0.00, 0.00, 0.00, 0.00
592,  0,  19.853,  0.98,  1, 0.00, 0.00, 0.53, 0.07, 3.55, 3.80, 0.12, 2.42, 3.02, 2.28, 0.56, 0.10, 0.03, 0.01, 0.26, 0.47, 0.00, 0.00, 0.00, 0.00, 0.00, 1.00, 1.00, 0.00, 1.00, 1.00, 1.00, 0.00, 0.00, 0.00, 1.00, 1.00, 0.00, 0.00, 0.00
593,  0,  19.886,  0.98,  1, 0.00, 0.00, 0.51, 0.07, 3.54, 3.66, 0.06, 2.42, 3.03, 2.26, 0.52, 0.13, 0.03, 0.01, 0.24, 0.53, 0.00, 0.00, 0.00, 0.00, 0.00, 1.00, 1.00, 0.00, 1.00, 1.00, 1.00, 0.00, 0.00, 0.00, 1.00, 1.00, 0.00, 0.00, 0.00
594,  0,  19.920,  0.98,  1, 0.00, 0.00, 0.50, 0.06, 3.52, 3.55, 0.06, 2.37, 3.01, 2.32, 0.48, 0.13, 0.03, 0.01, 0.30, 0.48, 0.00, 0.00, 0.00, 0.00, 0.00, 1.00, 1.00, 0.00, 1.00, 1.00, 1.00, 0.00, 0.00, 0.00, 1.00, 0.00, 0.00, 0.00, 0.00
595,  0,  19.954,  0.98,  1, 0.00, 0.00, 0.46, 0.00, 3.47, 3.47, 0.07, 2.37, 3.02, 2.31, 0.48, 0.06, 0.00, 0.02, 0.25, 0.41, 0.00, 0.00, 0.00, 0.00, 0.00, 1.00, 1.00, 0.00, 1.00, 1.00, 1.00, 0.00, 0.00, 0.00, 1.00, 0.00, 0.00, 0.00, 0.00
596,  0,  19.987,  0.98,  1, 0.00, 0.00, 0.46, 0.00, 3.40, 3.42, 0.15, 2.40, 2.99, 2.36, 0.54, 0.11, 0.07, 0.02, 0.26, 0.47, 0.00, 0.00, 0.00, 0.00, 0.00, 1.00, 1.00, 0.00, 1.00, 1.00, 1.00, 0.00, 0.00, 0.00, 1.00, 0.00, 0.00, 0.00, 0.00
597,  0,  20.021,  0.98,  1, 0.00, 0.00, 0.51, 0.00, 3.38, 3.45, 0.15, 2.47, 2.95, 2.38, 0.51, 0.13, 0.07, 0.02, 0.12, 0.48, 0.00, 0.00, 0.00, 0.00, 0.00, 1.00, 1.00, 0.00, 1.00, 1.00, 1.00, 0.00, 0.00, 0.00, 1.00, 0.00, 0.00, 0.00, 0.00
598,  0,  20.054,  0.98,  1, 0.00, 0.00, 0.58, 0.00, 3.37, 3.44, 0.17, 2.40, 2.91, 2.46, 0.46, 0.23, 0.14, 0.00, 0.18, 0.55, 0.00, 0.00, 0.00, 0.00, 0.00, 1.00, 1.00, 0.00, 1.00, 1.00, 1.00, 0.00, 0.00, 0.00, 1.00, 1.00, 0.00, 0.00, 0.00
599,  0,  20.088,  0.98,  1, 0.01, 0.00, 0.64, 0.00, 3.38, 3.40, 0.14, 2.43, 2.91, 2.35, 0.39, 0.15, 0.17, 0.00, 0.26, 0.42, 0.00, 0.00, 0.00, 0.00, 0.00, 1.00, 1.00, 0.00, 1.00, 1.00, 1.00, 0.00, 0.00, 0.00, 1.00, 1.00, 0.00, 0.00, 0.00
600,  0,  20.122,  0.98,  1, 0.01, 0.00, 0.57, 0.00, 3.28, 3.27, 0.10, 2.37, 2.89, 2.31, 0.39, 0.13, 0.17, 0.00, 0.36, 0.38, 0.00, 0.00, 0.00, 0.00, 0.00, 1.00, 1.00, 0.00, 1.00, 1.00, 1.00, 0.00, 0.00, 0.00, 1.00, 1.00, 0.00, 0.00, 0.00
601,  0,  20.155,  0.98,  1, 0.01, 0.00, 0.55, 0.00, 3.18, 3.16, 0.05, 2.39, 2.88, 2.20, 0.40, 0.07, 0.10, 0.00, 0.37, 0.23, 0.08, 0.00, 0.00, 0.00, 0.00, 1.00, 1.00, 0.00, 1.00, 1.00, 1.00, 0.00, 0.00, 0.00, 1.00, 1.00, 0.00, 0.00, 0.00
602,  0,  20.189,  0.98,  1, 0.07, 0.00, 0.50, 0.00, 3.09, 3.19, 0.00, 2.33, 2.80, 2.25, 0.45, 0.07, 0.05, 0.00, 0.33, 0.21, 0.10, 0.00, 0.00, 0.00, 0.00, 1.00, 1.00, 0.00, 1.00, 1.00, 1.00, 0.00, 0.00, 0.00, 0.00, 1.00, 0.00, 0.00, 0.00
603,  0,  20.222,  0.98,  1, 0.13, 0.00, 0.52, 0.00, 3.07, 3.18, 0.00, 2.33, 2.79, 2.25, 0.45, 0.08, 0.13, 0.00, 0.30, 0.20, 0.13, 0.00, 0.00, 0.00, 0.00, 1.00, 1.00, 0.00, 1.00, 1.00, 1.00, 0.00, 0.00, 0.00, 0.00, 1.00, 0.00, 0.00, 0.00
604,  0,  20.256,  0.98,  1, 0.19, 0.00, 0.51, 0.00, 3.09, 3.21, 0.00, 2.31, 2.76, 2.20, 0.47, 0.05, 0.23, 0.00, 0.27, 0.15, 0.14, 0.00, 0.00, 0.00, 0.00, 1.00, 1.00, 0.00, 1.00, 1.00, 1.00, 0.00, 0.00, 0.00, 0.00, 1.00, 0.00, 0.00, 0.00
605,  0,  20.290,  0.98,  1, 0.21, 0.00, 0.57, 0.00, 3.09, 3.11, 0.00, 2.33, 2.77, 2.13, 0.38, 0.03, 0.23, 0.00, 0.28, 0.07, 0.17, 0.00, 0.00, 0.00, 0.00, 1.00, 1.00, 0.00, 1.00, 1.00, 1.00, 0.00, 0.00, 0.00, 0.00, 1.00, 0.00, 0.00, 0.00
606,  0,  20.323,  0.98,  1, 0.19, 0.00, 0.56, 0.00, 3.07, 3.05, 0.00, 2.26, 2.71, 2.14, 0.29, 0.10, 0.32, 0.00, 0.27, 0.00, 0.22, 0.00, 0.00, 0.00, 0.00, 1.00, 1.00, 0.00, 1.00, 1.00, 1.00, 0.00, 0.00, 0.00, 0.00, 1.00, 0.00, 0.00, 0.00
607,  0,  20.357,  0.98,  1, 0.20, 0.00, 0.49, 0.00, 3.03, 2.99, 0.00, 2.28, 2.71, 2.24, 0.26, 0.08, 0.34, 0.00, 0.30, 0.00, 0.30, 0.00, 0.00, 0.00, 0.00, 1.00, 1.00, 0.00, 1.00, 1.00, 1.00, 0.00, 0.00, 0.00, 0.00, 1.00, 0.00, 0.00, 0.00
608,  0,  20.390,  0.98,  1, 0.19, 0.00, 0.41, 0.00, 3.02, 2.95, 0.00, 2.30, 2.73, 2.29, 0.27, 0.09, 0.41, 0.00, 0.26, 0.03, 0.41, 0.00, 0.00, 0.00, 0.00, 1.00, 1.00, 0.00, 1.00, 1.00, 1.00, 0.00, 0.00, 0.00, 0.00, 1.00, 0.00, 0.00, 0.00
609,  0,  20.424,  0.98,  1, 0.15, 0.00, 0.42, 0.00, 3.02, 2.94, 0.00, 2.40, 2.79, 2.29, 0.33, 0.08, 0.31, 0.00, 0.31, 0.13, 0.52, 0.00, 0.00, 0.00, 0.00, 1.00, 1.00, 0.00, 1.00, 1.00, 1.00, 0.00, 0.00, 0.00, 0.00, 1.00, 0.00, 0.00, 0.00
610,  0,  20.457,  0.98,  1, 0.20, 0.00, 0.44, 0.00, 3.04, 2.92, 0.00, 2.40, 2.81, 2.26, 0.40, 0.11, 0.28, 0.00, 0.36, 0.13, 0.48, 0.00, 0.00, 0.00, 0.00, 1.00, 1.00, 0.00, 1.00, 1.00, 1.00, 0.00, 0.00, 0.00, 0.00, 1.00, 0.00, 0.00, 0.00
611,  0,  20.491,  0.98,  1, 0.16, 0.00, 0.47, 0.00, 3.05, 2.96, 0.00, 2.36, 2.76, 2.26, 0.35, 0.17, 0.29, 0.00, 0.46, 0.13, 0.49, 0.00, 0.00, 0.00, 0.00, 1.00, 1.00, 0.00, 1.00, 1.00, 1.00, 0.00, 0.00, 0.00, 0.00, 1.00, 0.00, 0.00, 0.00
612,  0,  20.525,  0.98,  1, 0.18, 0.00, 0.50, 0.00, 3.05, 3.04, 0.00, 2.27, 2.71, 2.28, 0.32, 0.20, 0.35, 0.00, 0.50, 0.03, 0.45, 0.00, 0.00, 0.00, 0.00, 1.00, 1.00, 0.00, 1.00, 1.00, 1.00, 0.00, 0.00, 0.00, 0.00, 1.00, 0.00, 0.00, 0.00
613,  0,  20.558,  0.98,  1, 0.11, 0.00, 0.48, 0.00, 3.03, 3.10, 0.00, 2.24, 2.67, 2.27, 0.15, 0.19, 0.41, 0.00, 0.42, 0.03, 0.39, 0.00, 0.00, 0.00, 0.00, 1.00, 1.00, 0.00, 1.00, 1.00, 1.00, 0.00, 0.00, 0.00, 0.00, 1.00, 0.00, 0.00, 0.00
614,  0,  20.592,  0.98,  1, 0.12, 0.00, 0.52, 0.00, 3.04, 3.18, 0.00, 2.22, 2.71, 2.22, 0.10, 0.14, 0.31, 0.00, 0.40, 0.00, 0.33, 0.00, 0.00, 0.00, 0.00, 1.00, 1.00, 0.00, 1.00, 1.00, 1.00, 0.00, 0.00, 0.00, 0.00, 1.00, 0.00, 0.00, 0.00
615,  0,  20.625,  0.98,  1, 0.14, 0.00, 0.50, 0.00, 3.05, 3.15, 0.00, 2.23, 2.70, 2.12, 0.01, 0.07, 0.20, 0.00, 0.40, 0.00, 0.30, 0.00, 0.00, 0.00, 0.00, 1.00, 1.00, 0.00, 1.00, 1.00, 1.00, 0.00, 0.00, 0.00, 0.00, 1.00, 0.00, 0.00, 0.00
616,  0,  20.659,  0.98,  1, 0.12, 0.00, 0.51, 0.00, 3.03, 3.09, 0.00, 2.21, 2.72, 2.13, 0.02, 0.12, 0.05, 0.00, 0.48, 0.00, 0.30, 0.00, 0.00, 0.00, 0.00, 1.00, 1.00, 0.00, 1.00, 1.00, 1.00, 0.00, 0.00, 0.00, 0.00, 1.00, 0.00, 0.00, 0.00
617,  0,  20.693,  0.98,  1, 0.12, 0.02, 0.45, 0.00, 3.02, 2.99, 0.00, 2.20, 2.70, 2.12, 0.02, 0.10, 0.09, 0.00, 0.53, 0.00, 0.25, 0.00, 0.00, 0.00, 0.00, 1.00, 1.00, 0.00, 1.00, 1.00, 1.00, 0.00, 0.00, 0.00, 0.00, 1.00, 0.00, 0.00, 0.00
618,  0,  20.726,  0.98,  1, 0.15, 0.02, 0.42, 0.00, 3.00, 3.02, 0.00, 2.27, 2.69, 2.09, 0.03, 0.08, 0.14, 0.00, 0.53, 0.01, 0.13, 0.00, 0.00, 0.00, 0.00, 1.00, 1.00, 0.00, 1.00, 1.00, 1.00, 0.00, 0.00, 0.00, 0.00, 1.00, 0.00, 0.00, 0.00
619,  0,  20.760,  0.98,  1, 0.16, 0.02, 0.44, 0.00, 2.97, 2.97, 0.00, 2.31, 2.64, 2.04, 0.04, 0.00, 0.20, 0.00, 0.51, 0.02, 0.16, 0.00, 0.00, 0.00, 0.00, 1.00, 1.00, 0.00, 1.00, 1.00, 1.00, 0.00, 0.00, 0.00, 0.00, 1.00, 0.00, 0.00, 0.00
620,  0,  20.793,  0.98,  1, 0.19, 0.00, 0.45, 0.00, 2.92, 2.91, 0.00, 2.25, 2.61, 2.06, 0.04, 0.10, 0.15, 0.00, 0.40, 0.02, 0.11, 0.00, 0.00, 0.00, 0.00, 1.00, 1.00, 0.00, 1.00, 1.00, 1.00, 0.00, 0.00, 0.00, 0.00, 1.00, 0.00, 0.00, 0.00
621,  0,  20.827,  0.98,  1, 0.17, 0.00, 0.46, 0.00, 2.88, 2.72, 0.00, 2.19, 2.61, 2.18, 0.02, 0.23, 0.14, 0.00, 0.27, 0.01, 0.11, 0.00, 0.00, 0.00, 0.00, 1.00, 1.00, 0.00, 1.00, 1.00, 1.00, 0.00, 0.00, 0.00, 0.00, 0.00, 0.00, 0.00, 0.00
622,  0,  20.861,  0.98,  1, 0.34, 0.00, 0.49, 0.00, 2.86, 2.81, 0.00, 2.23, 2.58, 2.24, 0.00, 0.29, 0.16, 0.00, 0.19, 0.00, 0.00, 0.00, 0.00, 0.00, 0.00, 1.00, 1.00, 0.00, 1.00, 1.00, 1.00, 0.00, 0.00, 0.00, 0.00, 0.00, 0.00, 0.00, 0.00
623,  0,  20.894,  0.98,  1, 0.44, 0.00, 0.54, 0.00, 2.80, 2.79, 0.00, 2.25, 2.56, 2.30, 0.15, 0.25, 0.29, 0.00, 0.24, 0.02, 0.06, 1.00, 0.00, 0.00, 0.00, 1.00, 1.00, 0.00, 1.00, 1.00, 1.00, 0.00, 0.00, 0.00, 1.00, 0.00, 0.00, 0.00, 0.00
624,  0,  20.928,  0.98,  1, 0.52, 0.00, 0.64, 0.00, 2.73, 2.77, 0.00, 2.15, 2.53, 2.29, 0.46, 0.18, 0.47, 0.00, 0.43, 0.05, 0.19, 1.00, 0.00, 0.00, 0.00, 1.00, 1.00, 0.00, 1.00, 1.00, 1.00, 0.00, 0.00, 1.00, 1.00, 0.00, 0.00, 0.00, 0.00
