frame, face_id, timestamp, confidence, success, AU01_r, AU02_r, AU04_r, AU05_r, AU06_r, AU07_r, AU09_r, AU10_r, AU12_r, AU14_r, AU15_r, AU17_r, AU20_r, AU23_r, AU25_r, AU26_r, AU45_r, AU01_c, AU02_c, AU04_c, AU05_c, AU06_c, AU07_c, AU09_c, AU10_c, AU12_c, AU14_c, AU15_c, AU17_c, AU20_c, AU23_c, AU25_c, AU26_c, AU28_c, AU45_c
1,  0,  0.000,  0.98,  1, 0.00, 0.00, 0.48, 0.00, 0.34, 0.00, 0.00, 1.73, 0.76, 1.94, 0.00, 1.24, 0.70, 0.14, 0.34, 1.76, 0.00, 0.00, 0.00, 0.00, 1.00, 0.00, 0.00, 0.00, 1.00, 0.00, 1.00, 0.00, 1.00, 0.00, 0.00, 0.00, 0.00, 0.00, 0.00
2,  0,  0.040,  0.98,  1, 0.00, 0.00, 0.42, 0.00, 0.31, 0.00, 0.00, 1.63, 0.72, 2.06, 0.00, 1.04, 0.46, 0.25, 0.16, 1.29, 0.00, 0.00, 0.00, 0.00, 1.00, 0.00, 0.00, 0.00, 1.00, 0.00, 1.00, 0.00, 1.00, 0.00, 0.00, 0.00, 0.00, 0.00, 0.00
3,  0,  0.080,  0.98,  1, 0.00, 0.00, 0.36, 0.00, 0.29, 0.00, 0.00, 1.57, 0.78, 2.03, 0.00, 0.91, 0.23, 0.26, 0.20, 1.12, 0.00, 0.00, 0.00, 0.00, 1.00, 0.00, 0.00, 0.00, 1.00, 0.00, 1.00, 0.00, 0.00, 0.00, 0.00, 0.00, 0.00, 0.00, 0.00
4,  0,  0.120,  0.98,  1, 0.00, 0.00, 0.55, 0.00, 0.32, 0.05, 0.00, 1.57, 0.88, 2.07, 0.00, 0.89, 0.14, 0.10, 0.26, 1.10, 0.00, 0.00, 0.00, 0.00, 1.00, 0.00, 0.00, 0.00, 1.00, 0.00, 1.00, 0.00, 0.00, 0.00, 0.00, 0.00, 0.00, 0.00, 0.00
5,  0,  0.160,  0.98,  1, 0.00, 0.00, 0.58, 0.00, 0.30, 0.05, 0.00, 1.59, 0.96, 2.22, 0.00, 0.85, 0.05, 0.07, 0.27, 0.97, 0.00, 0.00, 0.00, 0.00, 1.00, 0.00, 0.00, 0.00, 1.00, 0.00, 1.00, 0.00, 0.00, 0.00, 0.00, 0.00, 0.00, 0.00, 0.00
6,  0,  0.200,  0.98,  1, 0.00, 0.00, 0.70, 0.00, 0.34, 0.05, 0.01, 1.58, 0.95, 2.42, 0.00, 0.96, 0.05, 0.01, 0.23, 0.96, 0.00, 0.00, 0.00, 0.00, 1.00, 0.00, 0.00, 0.00, 1.00, 0.00, 1.00, 0.00, 0.00, 0.00, 0.00, 0.00, 0.00, 0.00, 0.00
7,  0,  0.240,  0.98,  1, 0.00, 0.00, 0.59, 0.00, 0.28, 0.00, 0.00, 1.66, 0.98, 2.32, 0.00, 0.99, 0.12, 0.02, 0.19, 0.98, 0.00, 0.00, 0.00, 0.00, 1.00, 0.00, 0.00, 0.00, 1.00, 0.00, 1.00, 0.00, 0.00, 0.00, 0.00, 0.00, 0.00, 0.00, 0.00
8,  0,  0.280,  0.98,  1, 0.00, 0.00, 0.52, 0.00, 0.29, 0.00, 0.00, 1.67, 0.91, 2.25, 0.00, 1.02, 0.18, 0.02, 0.21, 1.34, 0.00, 0.00, 0.00, 0.00, 1.00, 0.00, 0.00, 0.00, 1.00, 0.00, 1.00, 1.00, 0.00, 0.00, 0.00, 0.00, 0.00, 0.00, 0.00
9,  0,  0.320,  0.98,  1, 0.00, 0.00, 0.58, 0.00, 0.40, 0.00, 0.00, 1.78, 0.96, 2.27, 0.00, 1.11, 0.35, 0.02, 0.10, 1.30, 0.80, 0.00, 0.00, 0.00, 1.00, 0.00, 0.00, 0.00, 1.00, 0.00, 1.00, 1.00, 1.00, 0.00, 0.00, 0.00, 0.00, 0.00, 0.00
10,  0,  0.360,  0.98,  1, 0.05, 0.09, 0.62, 0.00, 0.53, 0.00, 0.00, 1.80, 0.95, 2.46, 0.00, 1.29, 0.49, 0.00, 0.07, 1.24, 1.70, 0.00, 0.00, 0.00, 0.00, 0.00, 0.00, 0.00, 1.00, 0.00, 1.00, 1.00, 1.00, 0.00, 0.00, 0.00, 0.00, 0.00, 1.00
11,  0,  0.400,  0.98,  1, 0.05, 0.09, 0.80, 0.00, 0.59, 0.00, 0.00, 1.82, 1.01, 2.46, 0.00, 1.39, 0.45, 0.00, 0.02, 1.07, 2.40, 0.00, 0.00, 0.00, 0.00, 0.00, 0.00, 0.00, 1.00, 0.00, 1.00, 1.00, 0.00, 0.00, 0.00, 0.00, 0.00, 0.00, 1.00
12,  0,  0.440,  0.98,  1, 0.05, 0.09, 0.89, 0.00, 0.61, 0.17, 0.00, 1.78, 0.98, 2.38, 0.00, 1.31, 0.34, 0.00, 0.02, 0.89, 1.97, 0.00, 0.00, 0.00, 0.00, 0.00, 0.00, 0.00, 1.00, 0.00, 1.00, 1.00, 1.00, 0.00, 0.00, 0.00, 0.00, 0.00, 1.00
13,  0,  0.480,  0.98,  1, 0.00, 0.00, 0.88, 0.00, 0.56, 0.17, 0.00, 1.70, 1.00, 2.15, 0.00, 1.19, 0.18, 0.00, 0.00, 0.87, 1.39, 0.00, 0.00, 0.00, 0.00, 0.00, 0.00, 0.00, 1.00, 0.00, 1.00, 1.00, 1.00, 0.00, 0.00, 0.00, 0.00, 0.00, 1.00
14,  0,  0.520,  0.98,  1, 0.00, 0.00, 0.69, 0.00, 0.55, 0.24, 0.00, 1.56, 0.96, 2.07, 0.00, 1.17, 0.28, 0.00, 0.03, 0.69, 0.84, 0.00, 0.00, 0.00, 0.00, 0.00, 0.00, 0.00, 1.00, 0.00, 1.00, 1.00, 0.00, 0.00, 0.00, 0.00, 0.00, 0.00, 1.00
15,  0,  0.560,  0.98,  1, 0.00, 0.00, 0.54, 0.00, 0.44, 0.06, 0.00, 1.49, 0.99, 2.01, 0.00, 1.14, 0.22, 0.03, 0.11, 0.84, 0.61, 0.00, 0.00, 0.00, 0.00, 0.00, 0.00, 0.00, 1.00, 0.00, 1.00, 1.00, 0.00, 0.00, 0.00, 0.00, 0.00, 0.00, 1.00
16,  0,  0.600,  0.98,  1, 0.00, 0.00, 0.56, 0.00, 0.39, 0.06, 0.00, 1.53, 1.03, 1.96, 0.00, 1.11, 0.19, 0.03, 0.17, 0.74, 0.35, 0.00, 0.00, 0.00, 0.00, 0.00, 0.00, 0.00, 1.00, 0.00, 1.00, 1.00, 0.00, 0.00, 0.00, 0.00, 0.00, 0.00, 1.00
17,  0,  0.640,  0.98,  1, 0.00, 0.00, 0.61, 0.00, 0.42, 0.00, 0.00, 1.59, 1.03, 1.92, 0.00, 1.19, 0.22, 0.04, 0.24, 0.71, 0.23, 0.00, 0.00, 0.00, 0.00, 0.00, 0.00, 0.00, 1.00, 0.00, 1.00, 1.00, 0.00, 0.00, 0.00, 0.00, 0.00, 0.00, 1.00
18,  0,  0.680,  0.98,  1, 0.00, 0.00, 0.56, 0.00, 0.41, 0.00, 0.00, 1.56, 1.03, 1.88, 0.00, 1.04, 0.35, 0.01, 0.25, 0.68, 0.10, 0.00, 0.00, 0.00, 0.00, 0.00, 0.00, 0.00, 1.00, 0.00, 1.00, 1.00, 0.00, 0.00, 0.00, 0.00, 0.00, 0.00, 0.00
19,  0,  0.720,  0.98,  1, 0.06, 0.00, 0.52, 0.00, 0.44, 0.00, 0.00, 1.66, 1.05, 1.97, 0.00, 0.97, 0.42, 0.01, 0.28, 0.69, 0.19, 0.00, 0.00, 0.00, 1.00, 0.00, 0.00, 0.00, 1.00, 0.00, 1.00, 0.00, 0.00, 0.00, 0.00, 0.00, 0.00, 0.00, 0.00
20,  0,  0.760,  0.98,  1, 0.13, 0.00, 0.57, 0.00, 0.39, 0.00, 0.00, 1.66, 1.09, 2.04, 0.00, 0.76, 0.34, 0.00, 0.33, 0.63, 0.15, 0.00, 0.00, 0.00, 1.00, 0.00, 0.00, 0.00, 1.00, 0.00, 1.00, 0.00, 0.00, 0.00, 0.00, 0.00, 0.00, 0.00, 0.00
21,  0,  0.800,  0.98,  1, 0.26, 0.00, 0.60, 0.00, 0.42, 0.00, 0.00, 1.79, 1.09, 1.96, 0.06, 0.81, 0.32, 0.01, 0.34, 0.50, 0.15, 0.00, 0.00, 0.00, 1.00, 0.00, 0.00, 0.00, 1.00, 0.00, 1.00, 0.00, 0.00, 0.00, 0.00, 0.00, 0.00, 0.00, 0.00
22,  0,  0.840,  0.98,  1, 0.34, 0.07, 0.70, 0.00, 0.37, 0.00, 0.00, 1.73, 1.07, 1.91, 0.19, 0.89, 0.18, 0.03, 0.31, 0.46, 0.15, 0.00, 0.00, 0.00, 1.00, 0.00, 0.00, 0.00, 1.00, 0.00, 1.00, 0.00, 0.00, 0.00, 0.00, 0.00, 0.00, 0.00, 0.00
23,  0,  0.880,  0.98,  1, 0.27, 0.09, 0.74, 0.00, 0.39, 0.00, 0.00, 1.73, 1.05, 1.95, 0.19, 1.04, 0.22, 0.06, 0.32, 0.52, 0.18, 0.00, 1.00, 0.00, 1.00, 0.00, 0.00, 0.00, 1.00, 0.00, 1.00, 0.00, 1.00, 0.00, 0.00, 0.00, 0.00, 0.00, 0.00
24,  0,  0.920,  0.98,  1, 0.26, 0.16, 0.78, 0.00, 0.36, 0.00, 0.00, 1.68, 1.08, 1.89, 0.14, 1.12, 0.11, 0.12, 0.40, 0.44, 0.19, 0.00, 1.00, 0.00, 1.00, 0.00, 0.00, 0.00, 1.00, 0.00, 1.00, 0.00, 1.00, 0.00, 0.00, 0.00, 0.00, 0.00, 0.00
25,  0,  0.960,  0.98,  1, 0.13, 0.09, 0.64, 0.00, 0.41, 0.00, 0.00, 1.59, 1.06, 1.91, 0.02, 1.10, 0.11, 0.17, 0.45, 0.41, 0.05, 0.00, 1.00, 0.00, 1.00, 0.00, 0.00, 0.00, 1.00, 0.00, 1.00, 0.00, 1.00, 0.00, 0.00, 0.00, 0.00, 0.00, 0.00
26,  0,  1.000,  0.98,  1, 0.12, 0.07, 0.54, 0.00, 0.43, 0.00, 0.00, 1.63, 1.09, 2.06, 0.02, 0.94, 0.04, 0.14, 0.52, 0.45, 0.01, 0.00, 1.00, 0.00, 1.00, 0.00, 0.00, 0.00, 1.00, 0.00, 1.00, 0.00, 1.00, 0.00, 0.00, 0.00, 0.00, 0.00, 0.00
27,  0,  1.040,  0.98,  1, 0.08, 0.00, 0.50, 0.00, 0.43, 0.00, 0.00, 1.65, 1.09, 2.24, 0.06, 0.79, 0.14, 0.08, 0.44, 0.48, 0.00, 0.00, 1.00, 0.00, 1.00, 0.00, 0.00, 0.00, 1.00, 0.00, 1.00, 0.00, 1.00, 0.00, 0.00, 0.00, 0.00, 0.00, 0.00
28,  0,  1.080,  0.98,  1, 0.08, 0.00, 0.55, 0.00, 0.43, 0.00, 0.00, 1.71, 1.15, 2.19, 0.06, 0.75, 0.14, 0.00, 0.47, 0.53, 0.00, 0.00, 0.00, 0.00, 1.00, 0.00, 0.00, 0.00, 1.00, 0.00, 1.00, 0.00, 1.00, 0.00, 0.00, 0.00, 0.00, 0.00, 0.00
29,  0,  1.120,  0.98,  1, 0.08, 0.07, 0.50, 0.00, 0.41, 0.00, 0.00, 1.67, 1.17, 1.98, 0.07, 0.86, 0.09, 0.07, 0.29, 0.46, 0.04, 0.00, 0.00, 0.00, 1.00, 0.00, 0.00, 0.00, 1.00, 0.00, 1.00, 0.00, 1.00, 0.00, 0.00, 0.00, 0.00, 0.00, 0.00
30,  0,  1.160,  0.98,  1, 0.02, 0.15, 0.48, 0.00, 0.34, 0.00, 0.00, 1.53, 1.09, 1.77, 0.02, 0.93, 0.00, 0.14, 0.17, 0.51, 0.06, 0.00, 0.00, 0.00, 1.00, 0.00, 0.00, 0.00, 1.00, 0.00, 1.00, 0.00, 0.00, 0.00, 0.00, 0.00, 0.00, 0.00, 0.00
31,  0,  1.200,  0.98,  1, 0.04, 0.28, 0.53, 0.00, 0.26, 0.17, 0.00, 1.46, 0.99, 1.67, 0.02, 0.83, 0.00, 0.16, 0.04, 0.47, 0.09, 0.00, 0.00, 0.00, 1.00, 0.00, 0.00, 0.00, 1.00, 0.00, 1.00, 0.00, 0.00, 0.00, 0.00, 0.00, 0.00, 0.00, 0.00
32,  0,  1.240,  0.98,  1, 0.07, 0.27, 0.62, 0.00, 0.20, 0.19, 0.00, 1.43, 0.93, 1.70, 0.00, 0.60, 0.00, 0.09, 0.00, 0.48, 0.05, 0.00, 0.00, 0.00, 1.00, 0.00, 0.00, 0.00, 1.00, 0.00, 1.00, 0.00, 1.00, 0.00, 0.00, 0.00, 0.00, 0.00, 0.00
33,  0,  1.280,  0.98,  1, 0.13, 0.30, 0.70, 0.00, 0.26, 0.20, 0.00, 1.49, 1.00, 1.76, 0.00, 0.49, 0.00, 0.05, 0.00, 0.43, 0.02, 0.00, 0.00, 0.00, 1.00, 0.00, 0.00, 0.00, 1.00, 0.00, 1.00, 0.00, 1.00, 0.00, 0.00, 0.00, 0.00, 0.00, 0.00
34,  0,  1.320,  0.98,  1, 0.14, 0.21, 0.68, 0.00, 0.30, 0.04, 0.00, 1.49, 0.97, 1.79, 0.00, 0.64, 0.00, 0.04, 0.00, 0.34, 0.00, 0.00, 0.00, 0.00, 1.00, 0.00, 0.00, 0.00, 1.00, 0.00, 1.00, 0.00, 1.00, 0.00, 0.00, 0.00, 0.00, 0.00, 0.00
35,  0,  1.360,  0.98,  1, 0.12, 0.15, 0.62, 0.00, 0.32, 0.08, 0.00, 1.58, 0.99, 1.64, 0.00, 0.92, 0.00, 0.14, 0.02, 0.24, 0.00, 0.00, 0.00, 0.00, 1.00, 0.00, 0.00, 0.00, 1.00, 0.00, 1.00, 0.00, 0.00, 0.00, 0.00, 0.00, 0.00, 0.00, 0.00
36,  0,  1.400,  0.98,  1, 0.03, 0.04, 0.49, 0.00, 0.31, 0.07, 0.00, 1.61, 0.94, 1.62, 0.00, 1.13, 0.00, 0.24, 0.02, 0.25, 0.00, 0.00, 0.00, 0.00, 1.00, 0.00, 0.00, 0.00, 1.00, 0.00, 1.00, 0.00, 0.00, 0.00, 0.00, 0.00, 0.00, 0.00, 0.00
37,  0,  1.440,  0.98,  1, 0.03, 0.00, 0.39, 0.00, 0.25, 0.07, 0.00, 1.75, 1.04, 1.53, 0.00, 1.08, 0.02, 0.29, 0.02, 0.20, 0.00, 0.00, 0.00, 0.00, 1.00, 0.00, 0.00, 0.00, 1.00, 0.00, 1.00, 0.00, 1.00, 0.00, 0.00, 0.00, 0.00, 0.00, 0.00
38,  0,  1.480,  0.98,  1, 0.03, 0.00, 0.45, 0.00, 0.27, 0.00, 0.00, 1.78, 1.10, 1.65, 0.00, 0.93, 0.02, 0.26, 0.00, 0.33, 0.00, 0.00, 0.00, 0.00, 1.00, 0.00, 0.00, 0.00, 1.00, 0.00, 1.00, 0.00, 1.00, 0.00, 0.00, 0.00, 0.00, 0.00, 0.00
39,  0,  1.520,  0.98,  1, 0.03, 0.00, 0.57, 0.00, 0.28, 0.02, 0.00, 1.79, 1.15, 1.65, 0.00, 0.93, 0.02, 0.25, 0.00, 0.42, 0.03, 0.00, 0.00, 0.00, 1.00, 0.00, 0.00, 0.00, 1.00, 0.00, 1.00, 0.00, 1.00, 0.00, 0.00, 0.00, 0.00, 0.00, 0.00
40,  0,  1.560,  0.98,  1, 0.02, 0.00, 0.73, 0.00, 0.33, 0.02, 0.00, 1.78, 1.08, 1.72, 0.06, 0.82, 0.00, 0.24, 0.03, 0.55, 0.16, 0.00, 0.00, 0.00, 1.00, 0.00, 0.00, 0.00, 1.00, 0.00, 1.00, 0.00, 0.00, 0.00, 0.00, 0.00, 0.00, 0.00, 0.00
41,  0,  1.600,  0.98,  1, 0.03, 0.00, 0.71, 0.00, 0.26, 0.02, 0.00, 1.70, 1.01, 1.56, 0.17, 0.88, 0.00, 0.18, 0.13, 0.40, 0.20, 0.00, 0.00, 0.00, 1.00, 0.00, 0.00, 0.00, 1.00, 0.00, 1.00, 0.00, 0.00, 0.00, 0.00, 0.00, 0.00, 0.00, 0.00
42,  0,  1.640,  0.98,  1, 0.09, 0.00, 0.63, 0.00, 0.21, 0.00, 0.00, 1.67, 1.04, 1.67, 0.22, 0.73, 0.00, 0.09, 0.13, 0.43, 0.17, 0.00, 0.00, 0.00, 1.00, 0.00, 0.00, 0.00, 1.00, 0.00, 1.00, 0.00, 0.00, 0.00, 0.00, 0.00, 0.00, 0.00, 0.00
43,  0,  1.680,  0.98,  1, 0.10, 0.00, 0.51, 0.00, 0.22, 0.08, 0.00, 1.56, 1.08, 1.77, 0.16, 0.75, 0.10, 0.13, 0.10, 0.45, 0.05, 0.00, 0.00, 0.00, 1.00, 0.00, 0.00, 0.00, 1.00, 0.00, 1.00, 0.00, 0.00, 0.00, 0.00, 0.00, 0.00, 0.00, 0.00
44,  0,  1.720,  0.98,  1, 0.09, 0.00, 0.49, 0.00, 0.28, 0.08, 0.00, 1.59, 1.11, 1.88, 0.05, 0.68, 0.12, 0.21, 0.03, 0.58, 0.00, 0.00, 0.00, 0.00, 1.00, 0.00, 0.00, 0.00, 1.00, 0.00, 1.00, 0.00, 0.00, 0.00, 0.00, 0.00, 0.00, 0.00, 0.00
45,  0,  1.760,  0.98,  1, 0.09, 0.04, 0.54, 0.00, 0.32, 0.08, 0.00, 1.58, 1.07, 1.70, 0.01, 0.69, 0.15, 0.23, 0.08, 0.41, 0.00, 0.00, 0.00, 0.00, 1.00, 0.00, 0.00, 0.00, 1.00, 0.00, 1.00, 0.00, 0.00, 0.00, 0.00, 0.00, 0.00, 0.00, 0.00
46,  0,  1.800,  0.98,  1, 0.13, 0.07, 0.60, 0.00, 0.32, 0.12, 0.00, 1.62, 1.15, 1.58, 0.05, 0.60, 0.06, 0.22, 0.20, 0.37, 0.00, 0.00, 0.00, 0.00, 1.00, 0.00, 0.00, 0.00, 1.00, 0.00, 1.00, 0.00, 0.00, 0.00, 0.00, 0.00, 0.00, 0.00, 0.00
47,  0,  1.840,  0.98,  1, 0.19, 0.16, 0.65, 0.00, 0.32, 0.26, 0.00, 1.60, 1.18, 1.58, 0.10, 0.59, 0.03, 0.23, 0.17, 0.41, 0.00, 0.00, 0.00, 0.00, 1.00, 0.00, 0.00, 0.00, 1.00, 0.00, 1.00, 0.00, 0.00, 0.00, 0.00, 0.00, 0.00, 0.00, 0.00
48,  0,  1.880,  0.98,  1, 0.15, 0.11, 0.65, 0.00, 0.35, 0.26, 0.00, 1.61, 1.23, 1.72, 0.18, 0.59, 0.00, 0.27, 0.13, 0.39, 0.00, 0.00, 1.00, 0.00, 1.00, 0.00, 0.00, 0.00, 1.00, 0.00, 1.00, 0.00, 0.00, 0.00, 0.00, 0.00, 0.00, 0.00, 0.00
49,  0,  1.920,  0.98,  1, 0.16, 0.09, 0.75, 0.00, 0.37, 0.26, 0.00, 1.67, 1.17, 1.77, 0.22, 0.63, 0.00, 0.29, 0.13, 0.45, 0.00, 0.00, 1.00, 0.00, 1.00, 0.00, 0.00, 0.00, 1.00, 0.00, 1.00, 0.00, 0.00, 0.00, 0.00, 0.00, 0.00, 0.00, 0.00
50,  0,  1.960,  0.98,  1, 0.14, 0.07, 0.65, 0.00, 0.37, 0.12, 0.00, 1.62, 1.08, 1.72, 0.24, 0.64, 0.08, 0.29, 0.13, 0.25, 0.07, 0.00, 1.00, 0.00, 1.00, 0.00, 0.00, 0.00, 1.00, 0.00, 1.00, 0.00, 0.00, 0.00, 0.00, 0.00, 0.00, 0.00, 0.00
51,  0,  2.000,  0.98,  1, 0.19, 0.07, 0.60, 0.00, 0.42, 0.15, 0.00, 1.52, 1.05, 1.54, 0.15, 0.77, 0.15, 0.30, 0.25, 0.17, 0.07, 0.00, 1.00, 0.00, 1.00, 0.00, 0.00, 0.00, 1.00, 0.00, 1.00, 0.00, 0.00, 0.00, 0.00, 0.00, 0.00, 0.00, 0.00
52,  0,  2.040,  0.98,  1, 0.14, 0.07, 0.37, 0.00, 0.37, 0.07, 0.00, 1.34, 1.07, 1.51, 0.09, 0.88, 0.15, 0.33, 0.14, 0.11, 0.07, 0.00, 1.00, 0.00, 1.00, 0.00, 0.00, 0.00, 1.00, 0.00, 1.00, 0.00, 0.00, 0.00, 0.00, 0.00, 0.00, 0.00, 0.00
53,  0,  2.080,  0.98,  1, 0.10, 0.00, 0.33, 0.00, 0.42, 0.16, 0.00, 1.31, 1.17, 1.44, 0.02, 0.92, 0.07, 0.32, 0.16, 0.25, 0.00, 0.00, 1.00, 0.00, 1.00, 0.00, 0.00, 0.00, 1.00, 0.00, 1.00, 0.00, 0.00, 0.00, 0.00, 0.00, 0.00, 0.00, 0.00
54,  0,  2.120,  0.98,  1, 0.03, 0.00, 0.32, 0.00, 0.39, 0.24, 0.00, 1.44, 1.22, 1.51, 0.02, 0.81, 0.00, 0.35, 0.06, 0.25, 0.00, 0.00, 1.00, 0.00, 1.00, 0.00, 0.00, 0.00, 1.00, 0.00, 1.00, 0.00, 0.00, 0.00, 0.00, 0.00, 0.00, 0.00, 0.00
55,  0,  2.160,  0.98,  1, 0.00, 0.00, 0.36, 0.00, 0.46, 0.28, 0.00, 1.43, 1.18, 1.52, 0.00, 0.81, 0.05, 0.31, 0.04, 0.16, 0.00, 0.00, 1.00, 0.00, 1.00, 0.00, 0.00, 0.00, 1.00, 0.00, 1.00, 0.00, 0.00, 0.00, 0.00, 0.00, 0.00, 0.00, 0.00
56,  0,  2.200,  0.98,  1, 0.01, 0.00, 0.40, 0.00, 0.46, 0.20, 0.00, 1.48, 1.16, 1.58, 0.00, 0.76, 0.11, 0.26, 0.02, 0.02, 0.00, 0.00, 1.00, 0.00, 1.00, 0.00, 0.00, 0.00, 1.00, 0.00, 1.00, 0.00, 0.00, 0.00, 0.00, 0.00, 0.00, 0.00, 0.00
57,  0,  2.240,  0.98,  1, 0.04, 0.00, 0.35, 0.00, 0.48, 0.09, 0.00, 1.43, 1.07, 1.63, 0.00, 0.73, 0.11, 0.20, 0.00, 0.07, 0.00, 0.00, 1.00, 0.00, 1.00, 0.00, 0.00, 0.00, 1.00, 0.00, 1.00, 0.00, 0.00, 0.00, 0.00, 0.00, 0.00, 0.00, 0.00
58,  0,  2.280,  0.98,  1, 0.12, 0.00, 0.41, 0.00, 0.47, 0.06, 0.00, 1.43, 1.06, 1.70, 0.00, 0.62, 0.15, 0.15, 0.00, 0.16, 0.00, 0.00, 1.00, 0.00, 0.00, 0.00, 0.00, 0.00, 1.00, 0.00, 1.00, 0.00, 0.00, 0.00, 0.00, 0.00, 0.00, 0.00, 0.00
59,  0,  2.320,  0.98,  1, 0.14, 0.00, 0.35, 0.00, 0.47, 0.06, 0.00, 1.39, 1.05, 1.88, 0.04, 0.76, 0.20, 0.21, 0.00, 0.26, 0.07, 0.00, 1.00, 0.00, 0.00, 0.00, 0.00, 0.00, 1.00, 0.00, 1.00, 0.00, 0.00, 0.00, 0.00, 0.00, 0.00, 0.00, 0.00
60,  0,  2.360,  0.98,  1, 0.11, 0.00, 0.38, 0.00, 0.42, 0.06, 0.00, 1.35, 1.03, 1.90, 0.04, 0.76, 0.20, 0.19, 0.00, 0.22, 0.09, 0.00, 1.00, 0.00, 0.00, 0.00, 0.00, 0.00, 1.00, 0.00, 1.00, 1.00, 0.00, 0.00, 0.00, 0.00, 0.00, 0.00, 0.00
61,  0,  2.400,  0.98,  1, 0.02, 0.00, 0.25, 0.00, 0.39, 0.00, 0.00, 1.35, 1.00, 1.86, 0.04, 0.94, 0.15, 0.23, 0.00, 0.18, 0.10, 0.00, 0.00, 0.00, 0.00, 0.00, 0.00, 0.00, 1.00, 0.00, 1.00, 1.00, 0.00, 0.00, 0.00, 0.00, 0.00, 0.00, 0.00
62,  0,  2.440,  0.98,  1, 0.13, 0.00, 0.26, 0.00, 0.35, 0.00, 0.02, 1.38, 0.95, 1.73, 0.00, 0.99, 0.14, 0.19, 0.00, 0.24, 0.03, 0.00, 0.00, 0.00, 0.00, 0.00, 0.00, 0.00, 1.00, 0.00, 1.00, 1.00, 0.00, 0.00, 0.00, 0.00, 0.00, 0.00, 0.00
63,  0,  2.480,  0.98,  1, 0.21, 0.00, 0.26, 0.00, 0.36, 0.00, 0.02, 1.50, 1.00, 1.76, 0.00, 1.05, 0.13, 0.20, 0.00, 0.31, 0.01, 0.00, 0.00, 0.00, 0.00, 0.00, 0.00, 0.00, 1.00, 0.00, 1.00, 1.00, 0.00, 0.00, 0.00, 0.00, 0.00, 0.00, 0.00
64,  0,  2.520,  0.98,  1, 0.29, 0.00, 0.33, 0.00, 0.37, 0.00, 0.02, 1.63, 1.07, 1.73, 0.08, 0.93, 0.19, 0.21, 0.00, 0.40, 0.05, 0.00, 0.00, 0.00, 0.00, 0.00, 0.00, 0.00, 1.00, 0.00, 1.00, 1.00, 0.00, 0.00, 0.00, 0.00, 0.00, 0.00, 0.00
65,  0,  2.560,  0.98,  1, 0.21, 0.00, 0.35, 0.00, 0.43, 0.00, 0.00, 1.63, 1.16, 1.68, 0.20, 0.87, 0.20, 0.25, 0.00, 0.44, 0.05, 0.00, 0.00, 0.00, 0.00, 0.00, 0.00, 0.00, 1.00, 0.00, 1.00, 1.00, 0.00, 0.00, 0.00, 0.00, 0.00, 0.00, 0.00
66,  0,  2.600,  0.98,  1, 0.16, 0.00, 0.40, 0.00, 0.42, 0.00, 0.00, 1.65, 1.23, 1.64, 0.32, 0.98, 0.20, 0.31, 0.00, 0.59, 0.05, 0.00, 0.00, 0.00, 0.00, 0.00, 0.00, 0.00, 1.00, 0.00, 1.00, 0.00, 0.00, 0.00, 0.00, 0.00, 0.00, 0.00, 0.00
67,  0,  2.640,  0.98,  1, 0.21, 0.00, 0.51, 0.03, 0.40, 0.08, 0.00, 1.59, 1.18, 1.73, 0.26, 1.06, 0.12, 0.35, 0.00, 0.52, 0.00, 0.00, 0.00, 0.00, 0.00, 0.00, 0.00, 0.00, 1.00, 0.00, 1.00, 0.00, 0.00, 0.00, 0.00, 0.00, 0.00, 0.00, 0.00
68,  0,  2.680,  0.98,  1, 0.16, 0.01, 0.61, 0.03, 0.34, 0.11, 0.00, 1.69, 1.16, 1.69, 0.18, 1.03, 0.02, 0.33, 0.02, 0.51, 0.00, 0.00, 0.00, 0.00, 1.00, 0.00, 0.00, 0.00, 1.00, 0.00, 1.00, 0.00, 0.00, 0.00, 0.00, 0.00, 0.00, 0.00, 0.00
69,  0,  2.720,  0.98,  1, 0.15, 0.02, 0.65, 0.03, 0.30, 0.11, 0.00, 1.60, 1.06, 1.59, 0.11, 0.93, 0.02, 0.25, 0.02, 0.43, 0.04, 0.00, 0.00, 0.00, 1.00, 0.00, 0.00, 0.00, 1.00, 0.00, 1.00, 0.00, 0.00, 0.00, 0.00, 0.00, 0.00, 0.00, 0.00
70,  0,  2.760,  0.98,  1, 0.03, 0.02, 0.55, 0.00, 0.29, 0.03, 0.00, 1.53, 1.07, 1.53, 0.16, 0.84, 0.00, 0.20, 0.02, 0.48, 0.04, 0.00, 0.00, 0.00, 1.00, 0.00, 0.00, 0.00, 1.00, 0.00, 1.00, 0.00, 0.00, 0.00, 0.00, 0.00, 0.00, 0.00, 0.00
71,  0,  2.800,  0.98,  1, 0.03, 0.01, 0.49, 0.00, 0.28, 0.00, 0.00, 1.46, 1.10, 1.61, 0.30, 0.81, 0.00, 0.24, 0.00, 0.36, 0.04, 0.00, 0.00, 0.00, 1.00, 0.00, 0.00, 0.00, 1.00, 0.00, 1.00, 0.00, 0.00, 0.00, 0.00, 0.00, 0.00, 0.00, 0.00
72,  0,  2.840,  0.98,  1, 0.03, 0.08, 0.42, 0.00, 0.33, 0.00, 0.00, 1.45, 1.08, 1.69, 0.35, 0.91, 0.00, 0.29, 0.00, 0.37, 0.00, 0.00, 0.00, 0.00, 1.00, 0.00, 0.00, 0.00, 1.00, 0.00, 1.00, 0.00, 0.00, 0.00, 0.00, 0.00, 0.00, 0.00, 0.00
73,  0,  2.880,  0.98,  1, 0.03, 0.08, 0.40, 0.00, 0.33, 0.00, 0.00, 1.60, 1.12, 1.60, 0.32, 0.97, 0.00, 0.34, 0.01, 0.45, 0.00, 0.00, 0.00, 0.00, 1.00, 0.00, 0.00, 0.00, 1.00, 0.00, 1.00, 0.00, 0.00, 0.00, 0.00, 0.00, 0.00, 0.00, 0.00
74,  0,  2.920,  0.98,  1, 0.03, 0.08, 0.45, 0.00, 0.37, 0.00, 0.00, 1.61, 1.04, 1.68, 0.25, 1.13, 0.02, 0.31, 0.05, 0.48, 0.00, 0.00, 0.00, 0.00, 1.00, 0.00, 0.00, 0.00, 1.00, 0.00, 1.00, 0.00, 1.00, 0.00, 0.00, 0.00, 0.00, 0.00, 0.00
75,  0,  2.960,  0.98,  1, 0.00, 0.00, 0.44, 0.06, 0.36, 0.00, 0.00, 1.61, 1.05, 1.65, 0.29, 1.16, 0.09, 0.28, 0.05, 0.34, 0.00, 0.00, 0.00, 0.00, 1.00, 0.00, 0.00, 0.00, 1.00, 0.00, 1.00, 0.00, 1.00, 0.00, 0.00, 0.00, 0.00, 0.00, 0.00
76,  0,  3.000,  0.98,  1, 0.00, 0.00, 0.55, 0.09, 0.38, 0.00, 0.00, 1.42, 0.99, 1.60, 0.47, 1.18, 0.14, 0.28, 0.04, 0.16, 0.00, 0.00, 0.00, 0.00, 1.00, 0.00, 0.00, 0.00, 1.00, 0.00, 1.00, 0.00, 1.00, 0.00, 0.00, 0.00, 0.00, 0.00, 0.00
77,  0,  3.040,  0.98,  1, 0.02, 0.00, 0.65, 0.09, 0.42, 0.04, 0.00, 1.49, 1.07, 1.71, 0.45, 0.99, 0.15, 0.18, 0.01, 0.19, 0.34, 0.00, 0.00, 0.00, 1.00, 0.00, 0.00, 0.00, 1.00, 0.00, 1.00, 0.00, 0.00, 0.00, 0.00, 0.00, 0.00, 0.00, 0.00
78,  0,  3.080,  0.98,  1, 0.02, 0.05, 0.73, 0.03, 0.51, 0.05, 0.00, 1.53, 1.17, 1.73, 0.31, 0.84, 0.11, 0.11, 0.01, 0.35, 1.05, 0.00, 0.00, 0.00, 0.00, 0.00, 0.00, 0.00, 1.00, 0.00, 1.00, 0.00, 0.00, 0.00, 0.00, 0.00, 0.00, 0.00, 1.00
79,  0,  3.120,  0.98,  1, 0.07, 0.15, 0.76, 0.00, 0.62, 0.05, 0.00, 1.63, 1.28, 1.75, 0.09, 0.73, 0.06, 0.00, 0.01, 0.40, 1.99, 0.00, 1.00, 0.00, 0.00, 0.00, 0.00, 0.00, 1.00, 0.00, 1.00, 0.00, 0.00, 0.00, 0.00, 0.00, 0.00, 0.00, 1.00
80,  0,  3.160,  0.98,  1, 0.12, 0.30, 0.78, 0.00, 0.64, 0.18, 0.00, 1.52, 1.24, 1.52, 0.08, 0.62, 0.08, 0.00, 0.01, 0.45, 2.38, 0.00, 1.00, 0.00, 0.00, 0.00, 0.00, 0.00, 1.00, 0.00, 1.00, 0.00, 0.00, 0.00, 0.00, 0.00, 0.00, 0.00, 1.00
81,  0,  3.200,  0.98,  1, 0.26, 0.35, 0.84, 0.00, 0.65, 0.26, 0.00, 1.61, 1.19, 1.51, 0.21, 0.61, 0.06, 0.00, 0.05, 0.36, 2.02, 0.00, 1.00, 0.00, 0.00, 0.00, 0.00, 0.00, 1.00, 0.00, 1.00, 0.00, 0.00, 0.00, 0.00, 0.00, 0.00, 0.00, 1.00
82,  0,  3.240,  0.98,  1, 0.28, 0.32, 0.76, 0.00, 0.56, 0.26, 0.00, 1.59, 1.14, 1.61, 0.28, 0.65, 0.06, 0.00, 0.10, 0.54, 1.23, 0.00, 1.00, 0.00, 0.00, 0.00, 0.00, 0.00, 1.00, 0.00, 1.00, 0.00, 0.00, 0.00, 0.00, 0.00, 0.00, 0.00, 1.00
83,  0,  3.280,  0.98,  1, 0.22, 0.20, 0.61, 0.00, 0.47, 0.15, 0.00, 1.53, 1.14, 1.57, 0.23, 0.74, 0.00, 0.00, 0.10, 0.38, 0.53, 0.00, 1.00, 0.00, 0.00, 0.00, 0.00, 0.00, 1.00, 0.00, 1.00, 0.00, 0.00, 0.00, 0.00, 0.00, 0.00, 0.00, 1.00
84,  0,  3.320,  0.98,  1, 0.12, 0.13, 0.50, 0.00, 0.38, 0.12, 0.00, 1.39, 1.15, 1.58, 0.10, 0.58, 0.07, 0.00, 0.08, 0.35, 0.22, 0.00, 1.00, 0.00, 0.00, 0.00, 0.00, 0.00, 1.00, 0.00, 1.00, 0.00, 0.00, 0.00, 0.00, 0.00, 0.00, 0.00, 1.00
85,  0,  3.360,  0.98,  1, 0.13, 0.21, 0.56, 0.00, 0.38, 0.12, 0.00, 1.38, 1.12, 1.46, 0.17, 0.52, 0.09, 0.01, 0.03, 0.18, 0.15, 0.00, 1.00, 0.00, 0.00, 0.00, 0.00, 0.00, 1.00, 0.00, 1.00, 0.00, 0.00, 0.00, 0.00, 0.00, 0.00, 0.00, 1.00
86,  0,  3.400,  0.98,  1, 0.20, 0.22, 0.61, 0.00, 0.33, 0.06, 0.00, 1.33, 1.12, 1.46, 0.30, 0.60, 0.10, 0.04, 0.03, 0.29, 0.13, 0.00, 1.00, 0.00, 0.00, 0.00, 0.00, 0.00, 1.00, 0.00, 1.00, 0.00, 0.00, 0.00, 0.00, 0.00, 0.00, 0.00, 0.00
87,  0,  3.440,  0.98,  1, 0.19, 0.22, 0.62, 0.00, 0.33, 0.00, 0.00, 1.31, 1.08, 1.37, 0.42, 0.79, 0.11, 0.08, 0.00, 0.37, 0.09, 0.00, 1.00, 0.00, 0.00, 0.00, 0.00, 0.00, 1.00, 0.00, 1.00, 0.00, 0.00, 0.00, 0.00, 0.00, 0.00, 0.00, 0.00
88,  0,  3.480,  0.98,  1, 0.12, 0.20, 0.62, 0.00, 0.27, 0.00, 0.00, 1.26, 1.01, 1.40, 0.51, 0.86, 0.18, 0.13, 0.00, 0.40, 0.05, 0.00, 1.00, 0.00, 0.00, 0.00, 0.00, 0.00, 1.00, 0.00, 0.00, 0.00, 0.00, 0.00, 0.00, 0.00, 0.00, 0.00, 0.00
89,  0,  3.520,  0.98,  1, 0.04, 0.31, 0.62, 0.00, 0.31, 0.00, 0.00, 1.34, 1.03, 1.50, 0.46, 0.84, 0.17, 0.16, 0.02, 0.42, 0.05, 0.00, 1.00, 0.00, 1.00, 0.00, 0.00, 0.00, 1.00, 0.00, 0.00, 0.00, 0.00, 0.00, 0.00, 0.00, 0.00, 0.00, 0.00
90,  0,  3.560,  0.98,  1, 0.05, 0.42, 0.64, 0.00, 0.31, 0.00, 0.00, 1.48, 1.12, 1.53, 0.45, 0.76, 0.08, 0.14, 0.10, 0.34, 0.04, 0.00, 1.00, 0.00, 0.00, 0.00, 0.00, 0.00, 1.00, 0.00, 0.00, 0.00, 0.00, 0.00, 0.00, 0.00, 0.00, 0.00, 0.00
91,  0,  3.600,  0.98,  1, 0.07, 0.37, 0.69, 0.00, 0.36, 0.00, 0.00, 1.63, 1.22, 1.59, 0.33, 0.80, 0.00, 0.17, 0.10, 0.40, 0.00, 0.00, 0.00, 0.00, 1.00, 0.00, 0.00, 0.00, 1.00, 0.00, 0.00, 0.00, 0.00, 0.00, 0.00, 0.00, 0.00, 0.00, 0.00
92,  0,  3.640,  0.98,  1, 0.17, 0.41, 0.71, 0.00, 0.37, 0.00, 0.00, 1.73, 1.18, 1.52, 0.38, 0.70, 0.00, 0.17, 0.14, 0.25, 0.00, 0.00, 1.00, 0.00, 1.00, 0.00, 0.00, 0.00, 1.00, 0.00, 1.00, 0.00, 0.00, 0.00, 0.00, 0.00, 0.00, 0.00, 0.00
93,  0,  3.680,  0.98,  1, 0.13, 0.29, 0.70, 0.00, 0.36, 0.00, 0.00, 1.60, 1.12, 1.49, 0.41, 0.69, 0.00, 0.18, 0.09, 0.31, 0.00, 0.00, 0.00, 0.00, 1.00, 0.00, 0.00, 0.00, 1.00, 0.00, 1.00, 0.00, 0.00, 0.00, 0.00, 0.00, 0.00, 0.00, 0.00
94,  0,  3.720,  0.98,  1, 0.26, 0.36, 0.69, 0.00, 0.35, 0.00, 0.00, 1.54, 1.05, 1.54, 0.31, 0.59, 0.00, 0.09, 0.13, 0.23, 0.00, 0.00, 0.00, 0.00, 1.00, 0.00, 0.00, 0.00, 1.00, 0.00, 0.00, 0.00, 0.00, 0.00, 0.00, 0.00, 0.00, 0.00, 0.00
95,  0,  3.760,  0.98,  1, 0.22, 0.19, 0.66, 0.00, 0.33, 0.00, 0.00, 1.51, 1.05, 1.52, 0.27, 0.70, 0.00, 0.08, 0.07, 0.34, 0.00, 0.00, 0.00, 0.00, 1.00, 0.00, 0.00, 0.00, 1.00, 0.00, 0.00, 0.00, 0.00, 0.00, 0.00, 0.00, 0.00, 0.00, 0.00
96,  0,  3.800,  0.98,  1, 0.25, 0.17, 0.67, 0.01, 0.36, 0.00, 0.00, 1.59, 1.03, 1.39, 0.31, 0.69, 0.07, 0.05, 0.14, 0.22, 0.00, 0.00, 1.00, 0.00, 1.00, 0.00, 0.00, 0.00, 1.00, 0.00, 0.00, 0.00, 0.00, 0.00, 0.00, 0.00, 0.00, 0.00, 0.00
97,  0,  3.840,  0.98,  1, 0.09, 0.01, 0.60, 0.06, 0.36, 0.00, 0.00, 1.62, 1.07, 1.28, 0.40, 0.58, 0.07, 0.05, 0.19, 0.10, 0.00, 0.00, 0.00, 0.00, 1.00, 0.00, 0.00, 0.00, 1.00, 0.00, 0.00, 0.00, 0.00, 0.00, 0.00, 0.00, 0.00, 0.00, 0.00
98,  0,  3.880,  0.98,  1, 0.09, 0.00, 0.66, 0.07, 0.37, 0.00, 0.00, 1.56, 1.10, 1.18, 0.38, 0.40, 0.07, 0.00, 0.40, 0.00, 0.00, 0.00, 0.00, 0.00, 1.00, 0.00, 0.00, 0.00, 1.00, 0.00, 0.00, 0.00, 0.00, 0.00, 0.00, 0.00, 0.00, 0.00, 0.00
99,  0,  3.920,  0.98,  1, 0.05, 0.00, 0.74, 0.06, 0.37, 0.00, 0.00, 1.52, 1.11, 1.34, 0.21, 0.38, 0.00, 0.00, 0.29, 0.01, 0.00, 0.00, 0.00, 0.00, 1.00, 0.00, 0.00, 0.00, 1.00, 0.00, 0.00, 0.00, 0.00, 0.00, 0.00, 0.00, 0.00, 0.00, 0.00
100,  0,  3.960,  0.98,  1, 0.05, 0.00, 0.72, 0.01, 0.38, 0.00, 0.00, 1.62, 1.18, 1.34, 0.18, 0.37, 0.00, 0.07, 0.23, 0.05, 0.00, 0.00, 0.00, 0.00, 1.00, 0.00, 0.00, 0.00, 1.00, 0.00, 0.00, 0.00, 0.00, 0.00, 0.00, 0.00, 0.00, 0.00, 0.00
101,  0,  4.000,  0.98,  1, 0.02, 0.00, 0.65, 0.00, 0.38, 0.00, 0.00, 1.59, 1.18, 1.49, 0.08, 0.35, 0.00, 0.07, 0.05, 0.18, 0.09, 0.00, 0.00, 0.00, 1.00, 0.00, 0.00, 0.00, 1.00, 0.00, 1.00, 0.00, 0.00, 0.00, 0.00, 0.00, 0.00, 0.00, 0.00
102,  0,  4.040,  0.98,  1, 0.07, 0.00, 0.51, 0.00, 0.33, 0.00, 0.00, 1.55, 1.20, 1.46, 0.07, 0.21, 0.00, 0.08, 0.05, 0.21, 0.09, 0.00, 0.00, 0.00, 1.00, 0.00, 0.00, 0.00, 1.00, 0.00, 1.00, 0.00, 0.00, 0.00, 0.00, 0.00, 0.00, 0.00, 0.00
103,  0,  4.080,  0.98,  1, 0.12, 0.00, 0.53, 0.00, 0.30, 0.00, 0.00, 1.33, 1.12, 1.57, 0.01, 0.15, 0.00, 0.03, 0.11, 0.25, 0.16, 0.00, 0.00, 0.00, 1.00, 0.00, 0.00, 0.00, 1.00, 0.00, 1.00, 0.00, 0.00, 0.00, 0.00, 0.00, 0.00, 0.00, 0.00
104,  0,  4.120,  0.98,  1, 0.27, 0.06, 0.56, 0.00, 0.26, 0.08, 0.00, 1.41, 1.19, 1.66, 0.03, 0.09, 0.00, 0.03, 0.10, 0.13, 0.09, 0.00, 0.00, 0.00, 1.00, 0.00, 0.00, 0.00, 1.00, 0.00, 1.00, 0.00, 0.00, 0.00, 0.00, 0.00, 0.00, 0.00, 0.00
105,  0,  4.160,  0.98,  1, 0.38, 0.16, 0.61, 0.00, 0.26, 0.08, 0.00, 1.42, 1.19, 1.81, 0.05, 0.07, 0.04, 0.02, 0.13, 0.09, 0.29, 0.00, 0.00, 0.00, 1.00, 0.00, 0.00, 0.00, 1.00, 0.00, 1.00, 0.00, 0.00, 0.00, 0.00, 0.00, 0.00, 0.00, 0.00
106,  0,  4.200,  0.98,  1, 0.43, 0.17, 0.62, 0.00, 0.31, 0.19, 0.00, 1.43, 1.21, 1.71, 0.05, 0.03, 0.04, 0.00, 0.05, 0.00, 0.29, 0.00, 0.00, 0.00, 0.00, 0.00, 0.00, 0.00, 1.00, 0.00, 1.00, 0.00, 0.00, 0.00, 0.00, 0.00, 0.00, 0.00, 0.00
107,  0,  4.240,  0.98,  1, 0.38, 0.11, 0.64, 0.00, 0.34, 0.16, 0.00, 1.31, 1.13, 1.61, 0.13, 0.04, 0.11, 0.00, 0.03, 0.00, 0.26, 0.00, 0.00, 0.00, 0.00, 0.00, 0.00, 0.00, 1.00, 0.00, 1.00, 0.00, 0.00, 0.00, 0.00, 0.00, 0.00, 0.00, 0.00
108,  0,  4.280,  0.98,  1, 0.31, 0.04, 0.63, 0.00, 0.35, 0.16, 0.00, 1.33, 1.11, 1.59, 0.22, 0.04, 0.08, 0.00, 0.02, 0.00, 0.07, 0.00, 0.00, 0.00, 1.00, 0.00, 0.00, 0.00, 1.00, 0.00, 1.00, 0.00, 0.00, 0.00, 0.00, 0.00, 0.00, 0.00, 0.00
109,  0,  4.320,  0.98,  1, 0.32, 0.04, 0.64, 0.00, 0.30, 0.10, 0.00, 1.38, 1.07, 1.64, 0.22, 0.04, 0.13, 0.00, 0.05, 0.00, 0.00, 0.00, 0.00, 0.00, 1.00, 0.00, 0.00, 0.00, 1.00, 0.00, 1.00, 0.00, 0.00, 0.00, 0.00, 0.00, 0.00, 0.00, 0.00
110,  0,  4.360,  0.98,  1, 0.32, 0.04, 0.53, 0.00, 0.29, 0.21, 0.00, 1.50, 1.08, 1.58, 0.23, 0.01, 0.05, 0.00, 0.05, 0.05, 0.00, 0.00, 0.00, 0.00, 1.00, 0.00, 0.00, 0.00, 1.00, 0.00, 1.00, 0.00, 0.00, 0.00, 0.00, 0.00, 0.00, 0.00, 0.00
111,  0,  4.400,  0.98,  1, 0.40, 0.01, 0.51, 0.00, 0.32, 0.21, 0.00, 1.46, 1.09, 1.34, 0.15, 0.01, 0.05, 0.00, 0.11, 0.05, 0.00, 0.00, 1.00, 0.00, 1.00, 0.00, 0.00, 0.00, 1.00, 0.00, 1.00, 0.00, 0.00, 0.00, 0.00, 1.00, 0.00, 0.00, 0.00
112,  0,  4.440,  0.98,  1, 0.38, 0.01, 0.57, 0.00, 0.31, 0.21, 0.00, 1.35, 1.08, 1.27, 0.16, 0.03, 0.02, 0.00, 0.18, 0.05, 0.00, 0.00, 1.00, 0.00, 1.00, 0.00, 0.00, 0.00, 1.00, 0.00, 1.00, 0.00, 0.00, 0.00, 0.00, 1.00, 0.00, 0.00, 0.00
113,  0,  4.480,  0.98,  1, 0.38, 0.01, 0.60, 0.00, 0.30, 0.06, 0.00, 1.29, 1.07, 1.31, 0.20, 0.04, 0.02, 0.00, 0.27, 0.06, 0.00, 0.00, 1.00, 0.00, 1.00, 0.00, 0.00, 0.00, 1.00, 0.00, 1.00, 0.00, 0.00, 0.00, 0.00, 1.00, 0.00, 0.00, 0.00
114,  0,  4.520,  0.98,  1, 0.25, 0.00, 0.55, 0.00, 0.28, 0.06, 0.00, 1.19, 1.07, 1.35, 0.20, 0.15, 0.02, 0.00, 0.30, 0.06, 0.07, 0.00, 1.00, 0.00, 1.00, 0.00, 0.00, 0.00, 1.00, 0.00, 1.00, 0.00, 0.00, 0.00, 0.00, 1.00, 0.00, 0.00, 0.00
115,  0,  4.560,  0.98,  1, 0.22, 0.00, 0.40, 0.00, 0.32, 0.12, 0.00, 1.26, 1.06, 1.34, 0.23, 0.19, 0.00, 0.00, 0.27, 0.15, 0.10, 0.00, 1.00, 0.00, 1.00, 0.00, 0.00, 0.00, 1.00, 0.00, 1.00, 0.00, 0.00, 0.00, 0.00, 1.00, 0.00, 0.00, 0.00
116,  0,  4.600,  0.98,  1, 0.17, 0.00, 0.40, 0.00, 0.30, 0.10, 0.00, 1.17, 1.05, 1.35, 0.13, 0.19, 0.00, 0.00, 0.26, 0.10, 0.10, 0.00, 1.00, 0.00, 1.00, 0.00, 0.00, 0.00, 1.00, 0.00, 1.00, 0.00, 0.00, 0.00, 0.00, 1.00, 0.00, 0.00, 0.00
117,  0,  4.640,  0.98,  1, 0.27, 0.01, 0.45, 0.00, 0.30, 0.21, 0.03, 1.16, 1.00, 1.36, 0.09, 0.08, 0.00, 0.00, 0.19, 0.10, 0.14, 0.00, 1.00, 0.00, 1.00, 0.00, 0.00, 0.00, 1.00, 0.00, 1.00, 0.00, 0.00, 0.00, 0.00, 1.00, 0.00, 0.00, 0.00
118,  0,  4.680,  0.98,  1, 0.27, 0.05, 0.53, 0.00, 0.24, 0.10, 0.03, 1.03, 1.04, 1.32, 0.08, 0.01, 0.00, 0.00, 0.23, 0.05, 0.16, 0.00, 0.00, 0.00, 1.00, 0.00, 0.00, 0.00, 1.00, 0.00, 1.00, 0.00, 0.00, 0.00, 0.00, 1.00, 0.00, 0.00, 0.00
119,  0,  4.720,  0.98,  1, 0.35, 0.05, 0.58, 0.00, 0.24, 0.12, 0.03, 1.07, 1.02, 1.22, 0.04, 0.00, 0.00, 0.00, 0.30, 0.05, 0.23, 0.00, 0.00, 0.00, 0.00, 0.00, 0.00, 0.00, 1.00, 0.00, 1.00, 0.00, 0.00, 0.00, 0.00, 1.00, 0.00, 0.00, 0.00
120,  0,  4.760,  0.98,  1, 0.36, 0.07, 0.65, 0.00, 0.21, 0.03, 0.06, 1.07, 0.99, 1.22, 0.06, 0.00, 0.00, 0.00, 0.29, 0.05, 0.23, 0.00, 0.00, 0.00, 0.00, 0.00, 0.00, 0.00, 1.00, 0.00, 1.00, 0.00, 0.00, 0.00, 0.00, 1.00, 0.00, 0.00, 0.00
121,  0,  4.800,  0.98,  1, 0.43, 0.03, 0.66, 0.00, 0.23, 0.19, 0.08, 1.08, 0.94, 1.26, 0.03, 0.00, 0.00, 0.00, 0.22, 0.00, 0.22, 0.00, 0.00, 0.00, 0.00, 0.00, 0.00, 0.00, 1.00, 0.00, 1.00, 0.00, 0.00, 0.00, 0.00, 1.00, 0.00, 0.00, 0.00
122,  0,  4.840,  0.98,  1, 0.38, 0.10, 0.75, 0.00, 0.22, 0.35, 0.09, 0.95, 0.90, 1.25, 0.03, 0.00, 0.00, 0.00, 0.08, 0.11, 0.20, 0.00, 0.00, 0.00, 0.00, 0.00, 0.00, 0.00, 1.00, 0.00, 1.00, 0.00, 0.00, 0.00, 0.00, 1.00, 0.00, 0.00, 0.00
123,  0,  4.880,  0.98,  1, 0.36, 0.07, 0.69, 0.00, 0.23, 0.35, 0.04, 0.95, 0.95, 1.29, 0.00, 0.00, 0.00, 0.00, 0.14, 0.15, 0.18, 0.00, 0.00, 0.00, 0.00, 0.00, 0.00, 0.00, 1.00, 0.00, 1.00, 0.00, 0.00, 0.00, 0.00, 1.00, 0.00, 0.00, 0.00
124,  0,  4.920,  0.98,  1, 0.21, 0.07, 0.69, 0.00, 0.27, 0.19, 0.01, 0.89, 0.96, 1.28, 0.00, 0.00, 0.00, 0.00, 0.13, 0.24, 0.27, 0.00, 0.00, 0.00, 0.00, 0.00, 0.00, 0.00, 1.00, 0.00, 1.00, 0.00, 0.00, 0.00, 0.00, 1.00, 0.00, 0.00, 0.00
125,  0,  4.960,  0.98,  1, 0.17, 0.00, 0.54, 0.00, 0.37, 0.17, 0.01, 1.02, 1.00, 1.25, 0.00, 0.00, 0.00, 0.00, 0.24, 0.18, 0.21, 0.00, 0.00, 0.00, 0.00, 0.00, 0.00, 0.00, 1.00, 0.00, 1.00, 0.00, 0.00, 0.00, 0.00, 1.00, 0.00, 0.00, 0.00
126,  0,  5.000,  0.98,  1, 0.17, 0.00, 0.53, 0.00, 0.41, 0.26, 0.01, 1.08, 1.01, 1.20, 0.00, 0.00, 0.00, 0.00, 0.27, 0.13, 0.33, 0.00, 0.00, 0.00, 1.00, 0.00, 0.00, 0.00, 1.00, 0.00, 1.00, 0.00, 0.00, 0.00, 0.00, 1.00, 0.00, 0.00, 0.00
127,  0,  5.040,  0.98,  1, 0.24, 0.00, 0.46, 0.00, 0.37, 0.41, 0.01, 1.17, 1.01, 1.13, 0.00, 0.00, 0.00, 0.00, 0.35, 0.05, 0.32, 0.00, 0.00, 0.00, 1.00, 0.00, 0.00, 0.00, 1.00, 0.00, 1.00, 0.00, 0.00, 0.00, 0.00, 1.00, 0.00, 0.00, 0.00
128,  0,  5.080,  0.98,  1, 0.27, 0.00, 0.50, 0.00, 0.30, 0.29, 0.00, 1.19, 1.06, 1.20, 0.00, 0.00, 0.00, 0.00, 0.26, 0.00, 0.32, 0.00, 0.00, 0.00, 1.00, 0.00, 0.00, 0.00, 1.00, 0.00, 1.00, 0.00, 0.00, 0.00, 0.00, 1.00, 0.00, 0.00, 0.00
129,  0,  5.120,  0.98,  1, 0.28, 0.06, 0.52, 0.00, 0.28, 0.33, 0.00, 1.23, 1.04, 1.14, 0.00, 0.00, 0.00, 0.00, 0.24, 0.01, 0.22, 0.00, 0.00, 0.00, 1.00, 0.00, 0.00, 0.00, 1.00, 0.00, 1.00, 0.00, 0.00, 0.00, 0.00, 1.00, 0.00, 0.00, 0.00
130,  0,  5.160,  0.98,  1, 0.20, 0.06, 0.50, 0.00, 0.27, 0.25, 0.00, 1.24, 0.99, 1.18, 0.00, 0.00, 0.00, 0.00, 0.16, 0.10, 0.14, 0.00, 0.00, 0.00, 1.00, 0.00, 0.00, 0.00, 1.00, 0.00, 1.00, 0.00, 0.00, 0.00, 0.00, 1.00, 0.00, 0.00, 0.00
131,  0,  5.200,  0.98,  1, 0.17, 0.06, 0.44, 0.00, 0.27, 0.30, 0.00, 1.13, 0.93, 1.21, 0.00, 0.05, 0.00, 0.00, 0.14, 0.16, 0.26, 0.00, 0.00, 0.00, 1.00, 0.00, 0.00, 0.00, 1.00, 0.00, 1.00, 0.00, 0.00, 0.00, 0.00, 1.00, 0.00, 0.00, 0.00
132,  0,  5.240,  0.98,  1, 0.11, 0.01, 0.44, 0.00, 0.29, 0.32, 0.00, 1.08, 0.95, 1.38, 0.00, 0.05, 0.00, 0.00, 0.08, 0.15, 0.25, 0.00, 0.00, 0.00, 1.00, 0.00, 0.00, 0.00, 1.00, 0.00, 1.00, 0.00, 0.00, 0.00, 0.00, 1.00, 0.00, 0.00, 0.00
133,  0,  5.280,  0.98,  1, 0.20, 0.02, 0.52, 0.00, 0.36, 0.33, 0.01, 1.11, 1.00, 1.34, 0.00, 0.05, 0.00, 0.00, 0.10, 0.06, 0.22, 0.00, 0.00, 0.00, 1.00, 0.00, 0.00, 0.00, 1.00, 0.00, 1.00, 0.00, 0.00, 0.00, 0.00, 1.00, 0.00, 0.00, 0.00
134,  0,  5.320,  0.98,  1, 0.30, 0.03, 0.55, 0.00, 0.34, 0.25, 0.01, 1.08, 1.00, 1.15, 0.00, 0.00, 0.04, 0.00, 0.23, 0.00, 0.10, 0.00, 0.00, 0.00, 1.00, 0.00, 0.00, 0.00, 1.00, 0.00, 1.00, 0.00, 0.00, 0.00, 0.00, 1.00, 0.00, 0.00, 0.00
135,  0,  5.360,  0.98,  1, 0.29, 0.02, 0.40, 0.00, 0.27, 0.09, 0.01, 1.03, 0.99, 1.02, 0.00, 0.00, 0.04, 0.00, 0.33, 0.00, 0.02, 0.00, 0.00, 0.00, 1.00, 0.00, 0.00, 0.00, 1.00, 0.00, 1.00, 0.00, 0.00, 0.00, 0.00, 1.00, 0.00, 0.00, 0.00
136,  0,  5.400,  0.98,  1, 0.30, 0.02, 0.38, 0.00, 0.30, 0.06, 0.00, 1.01, 1.00, 1.10, 0.00, 0.00, 0.04, 0.00, 0.32, 0.00, 0.04, 0.00, 0.00, 0.00, 1.00, 0.00, 0.00, 0.00, 1.00, 0.00, 1.00, 0.00, 0.00, 0.00, 0.00, 1.00, 0.00, 0.00, 0.00
137,  0,  5.440,  0.98,  1, 0.21, 0.03, 0.30, 0.00, 0.34, 0.06, 0.00, 1.07, 1.02, 1.15, 0.04, 0.00, 0.00, 0.00, 0.16, 0.00, 0.04, 0.00, 0.00, 0.00, 1.00, 0.00, 0.00, 0.00, 1.00, 0.00, 1.00, 0.00, 0.00, 0.00, 0.00, 1.00, 0.00, 0.00, 0.00
138,  0,  5.480,  0.98,  1, 0.18, 0.03, 0.37, 0.06, 0.36, 0.06, 0.00, 1.13, 1.03, 1.15, 0.04, 0.00, 0.00, 0.00, 0.03, 0.00, 0.06, 0.00, 0.00, 0.00, 1.00, 0.00, 0.00, 0.00, 1.00, 0.00, 1.00, 0.00, 0.00, 0.00, 0.00, 1.00, 0.00, 0.00, 0.00
139,  0,  5.520,  0.98,  1, 0.14, 0.03, 0.21, 0.06, 0.27, 0.00, 0.00, 1.23, 1.06, 1.08, 0.04, 0.00, 0.00, 0.00, 0.05, 0.00, 0.04, 0.00, 0.00, 0.00, 1.00, 0.00, 0.00, 0.00, 1.00, 0.00, 1.00, 0.00, 0.00, 0.00, 0.00, 1.00, 0.00, 0.00, 0.00
140,  0,  5.560,  0.98,  1, 0.11, 0.00, 0.19, 0.11, 0.23, 0.00, 0.00, 1.27, 1.08, 1.16, 0.00, 0.00, 0.00, 0.00, 0.09, 0.00, 0.04, 0.00, 0.00, 0.00, 1.00, 0.00, 0.00, 0.00, 1.00, 0.00, 1.00, 0.00, 0.00, 0.00, 0.00, 1.00, 0.00, 0.00, 0.00
141,  0,  5.600,  0.98,  1, 0.08, 0.00, 0.22, 0.05, 0.25, 0.00, 0.00, 1.20, 1.10, 1.21, 0.02, 0.00, 0.00, 0.00, 0.09, 0.00, 0.02, 0.00, 0.00, 0.00, 1.00, 0.00, 0.00, 0.00, 1.00, 0.00, 1.00, 0.00, 0.00, 0.00, 0.00, 1.00, 0.00, 0.00, 0.00
142,  0,  5.640,  0.98,  1, 0.03, 0.00, 0.30, 0.05, 0.27, 0.00, 0.00, 1.17, 1.07, 1.28, 0.02, 0.00, 0.00, 0.00, 0.17, 0.00, 0.02, 0.00, 0.00, 0.00, 1.00, 0.00, 0.00, 0.00, 1.00, 0.00, 1.00, 0.00, 0.00, 0.00, 0.00, 1.00, 0.00, 0.00, 0.00
143,  0,  5.680,  0.98,  1, 0.00, 0.00, 0.37, 0.00, 0.25, 0.00, 0.00, 1.20, 1.10, 1.31, 0.06, 0.00, 0.00, 0.00, 0.12, 0.00, 0.02, 0.00, 0.00, 0.00, 1.00, 0.00, 0.00, 0.00, 1.00, 0.00, 1.00, 0.00, 0.00, 0.00, 0.00, 1.00, 0.00, 0.00, 0.00
144,  0,  5.720,  0.98,  1, 0.00, 0.00, 0.30, 0.00, 0.25, 0.11, 0.00, 1.33, 1.09, 1.27, 0.04, 0.00, 0.00, 0.00, 0.16, 0.00, 0.09, 0.00, 0.00, 0.00, 1.00, 0.00, 0.00, 0.00, 1.00, 0.00, 1.00, 0.00, 0.00, 0.00, 0.00, 0.00, 0.00, 0.00, 0.00
145,  0,  5.760,  0.98,  1, 0.06, 0.00, 0.34, 0.00, 0.25, 0.11, 0.00, 1.35, 1.05, 1.31, 0.04, 0.00, 0.01, 0.00, 0.04, 0.00, 0.11, 0.00, 0.00, 0.00, 1.00, 0.00, 0.00, 0.00, 1.00, 0.00, 1.00, 0.00, 0.00, 0.00, 0.00, 0.00, 0.00, 0.00, 0.00
146,  0,  5.800,  0.98,  1, 0.06, 0.00, 0.27, 0.00, 0.28, 0.11, 0.00, 1.35, 1.03, 1.29, 0.00, 0.00, 0.01, 0.00, 0.04, 0.01, 0.23, 0.00, 0.00, 0.00, 1.00, 0.00, 0.00, 0.00, 1.00, 0.00, 1.00, 0.00, 0.00, 0.00, 0.00, 1.00, 0.00, 0.00, 0.00
147,  0,  5.840,  0.98,  1, 0.16, 0.00, 0.39, 0.00, 0.25, 0.00, 0.00, 1.28, 1.03, 1.26, 0.08, 0.00, 0.01, 0.00, 0.04, 0.01, 0.15, 0.00, 0.00, 0.00, 1.00, 0.00, 0.00, 0.00, 1.00, 0.00, 1.00, 0.00, 0.00, 0.00, 0.00, 0.00, 0.00, 0.00, 0.00
148,  0,  5.880,  0.98,  1, 0.10, 0.00, 0.39, 0.00, 0.27, 0.00, 0.00, 1.22, 1.09, 1.21, 0.19, 0.00, 0.00, 0.00, 0.06, 0.01, 0.12, 0.00, 0.00, 0.00, 1.00, 0.00, 0.00, 0.00, 1.00, 0.00, 1.00, 0.00, 0.00, 0.00, 0.00, 0.00, 0.00, 0.00, 0.00
149,  0,  5.920,  0.98,  1, 0.26, 0.01, 0.49, 0.21, 0.20, 0.00, 0.00, 1.19, 1.07, 1.11, 0.23, 0.03, 0.00, 0.01, 0.06, 0.00, 0.00, 0.00, 0.00, 0.00, 1.00, 0.00, 0.00, 0.00, 1.00, 0.00, 1.00, 0.00, 0.00, 0.00, 0.00, 0.00, 0.00, 0.00, 0.00
150,  0,  5.960,  0.98,  1, 0.27, 0.01, 0.58, 0.21, 0.19, 0.00, 0.00, 1.10, 1.03, 1.26, 0.17, 0.05, 0.00, 0.01, 0.02, 0.00, 0.00, 0.00, 0.00, 0.00, 1.00, 0.00, 0.00, 0.00, 1.00, 0.00, 1.00, 0.00, 0.00, 0.00, 0.00, 1.00, 0.00, 0.00, 0.00
151,  0,  6.000,  0.98,  1, 0.47, 0.01, 0.60, 0.21, 0.19, 0.00, 0.00, 1.06, 0.95, 1.36, 0.05, 0.05, 0.00, 0.01, 0.10, 0.04, 0.00, 0.00, 0.00, 0.00, 1.00, 0.00, 0.00, 0.00, 1.00, 0.00, 1.00, 0.00, 0.00, 0.00, 0.00, 1.00, 0.00, 0.00, 0.00
152,  0,  6.040,  0.98,  1, 0.41, 0.00, 0.57, 0.00, 0.24, 0.00, 0.00, 1.03, 0.93, 1.50, 0.01, 0.02, 0.00, 0.00, 0.18, 0.06, 0.00, 0.00, 0.00, 0.00, 1.00, 0.00, 0.00, 0.00, 1.00, 0.00, 1.00, 0.00, 0.00, 0.00, 0.00, 0.00, 0.00, 0.00, 0.00
153,  0,  6.080,  0.98,  1, 0.46, 0.01, 0.41, 0.04, 0.29, 0.00, 0.00, 1.07, 0.94, 1.44, 0.03, 0.00, 0.00, 0.00, 0.20, 0.06, 0.00, 0.00, 0.00, 0.00, 1.00, 0.00, 0.00, 0.00, 1.00, 0.00, 1.00, 0.00, 0.00, 0.00, 0.00, 0.00, 0.00, 0.00, 0.00
154,  0,  6.120,  0.98,  1, 0.33, 0.01, 0.37, 0.04, 0.25, 0.00, 0.00, 1.03, 0.95, 1.22, 0.03, 0.00, 0.00, 0.00, 0.19, 0.02, 0.00, 0.00, 0.00, 0.00, 1.00, 0.00, 0.00, 0.00, 1.00, 0.00, 1.00, 0.00, 0.00, 0.00, 0.00, 1.00, 0.00, 0.00, 0.00
155,  0,  6.160,  0.98,  1, 0.36, 0.02, 0.34, 0.04, 0.25, 0.00, 0.00, 1.00, 0.93, 1.16, 0.08, 0.00, 0.00, 0.00, 0.17, 0.00, 0.00, 0.00, 0.00, 0.00, 1.00, 0.00, 0.00, 0.00, 1.00, 0.00, 1.00, 0.00, 0.00, 0.00, 0.00, 1.00, 0.00, 0.00, 0.00
156,  0,  6.200,  0.98,  1, 0.35, 0.01, 0.33, 0.00, 0.20, 0.00, 0.00, 0.94, 0.93, 1.04, 0.13, 0.00, 0.00, 0.00, 0.25, 0.05, 0.00, 0.00, 0.00, 0.00, 1.00, 0.00, 0.00, 0.00, 1.00, 0.00, 1.00, 0.00, 0.00, 0.00, 0.00, 1.00, 0.00, 0.00, 0.00
157,  0,  6.240,  0.98,  1, 0.45, 0.01, 0.32, 0.00, 0.23, 0.00, 0.00, 1.03, 0.98, 1.18, 0.18, 0.00, 0.00, 0.00, 0.30, 0.05, 0.00, 0.00, 0.00, 0.00, 1.00, 0.00, 0.00, 0.00, 1.00, 0.00, 1.00, 0.00, 0.00, 0.00, 0.00, 1.00, 0.00, 0.00, 0.00
158,  0,  6.280,  0.98,  1, 0.44, 0.00, 0.34, 0.00, 0.26, 0.00, 0.00, 1.16, 1.04, 1.10, 0.17, 0.00, 0.00, 0.00, 0.32, 0.09, 0.00, 0.00, 0.00, 0.00, 1.00, 0.00, 0.00, 0.00, 1.00, 0.00, 1.00, 0.00, 0.00, 0.00, 0.00, 1.00, 0.00, 0.00, 0.00
159,  0,  6.320,  0.98,  1, 0.38, 0.00, 0.40, 0.06, 0.26, 0.00, 0.00, 1.22, 1.02, 1.26, 0.17, 0.05, 0.00, 0.00, 0.38, 0.16, 0.00, 0.00, 0.00, 0.00, 1.00, 0.00, 0.00, 0.00, 1.00, 0.00, 1.00, 0.00, 0.00, 0.00, 0.00, 1.00, 0.00, 0.00, 0.00
160,  0,  6.360,  0.98,  1, 0.22, 0.00, 0.42, 0.06, 0.30, 0.00, 0.00, 1.20, 1.02, 1.16, 0.12, 0.05, 0.00, 0.00, 0.38, 0.25, 0.00, 0.00, 0.00, 0.00, 1.00, 0.00, 0.00, 0.00, 1.00, 0.00, 1.00, 0.00, 0.00, 0.00, 0.00, 1.00, 0.00, 0.00, 0.00
161,  0,  6.400,  0.98,  1, 0.15, 0.00, 0.39, 0.07, 0.31, 0.00, 0.00, 1.06, 1.00, 1.19, 0.07, 0.08, 0.00, 0.00, 0.39, 0.24, 0.00, 0.00, 0.00, 0.00, 1.00, 0.00, 0.00, 0.00, 1.00, 0.00, 1.00, 0.00, 0.00, 0.00, 0.00, 1.00, 0.00, 0.00, 0.00
162,  0,  6.440,  0.98,  1, 0.09, 0.00, 0.41, 0.01, 0.38, 0.00, 0.00, 1.05, 1.02, 1.08, 0.04, 0.04, 0.00, 0.00, 0.30, 0.17, 0.00, 0.00, 0.00, 0.00, 1.00, 0.00, 0.00, 0.00, 1.00, 0.00, 1.00, 0.00, 0.00, 0.00, 0.00, 1.00, 0.00, 0.00, 0.00
163,  0,  6.480,  0.98,  1, 0.07, 0.00, 0.47, 0.01, 0.38, 0.04, 0.00, 0.98, 1.01, 1.12, 0.05, 0.04, 0.00, 0.00, 0.17, 0.08, 0.00, 0.00, 0.00, 0.00, 1.00, 0.00, 0.00, 0.00, 1.00, 0.00, 1.00, 0.00, 0.00, 0.00, 0.00, 0.00, 0.00, 0.00, 0.00
164,  0,  6.520,  0.98,  1, 0.14, 0.00, 0.42, 0.00, 0.36, 0.04, 0.00, 0.96, 0.97, 1.21, 0.15, 0.00, 0.00, 0.00, 0.13, 0.10, 0.00, 0.00, 0.00, 0.00, 1.00, 0.00, 0.00, 0.00, 1.00, 0.00, 1.00, 0.00, 0.00, 0.00, 0.00, 0.00, 0.00, 0.00, 0.00
165,  0,  6.560,  0.98,  1, 0.16, 0.00, 0.34, 0.00, 0.32, 0.09, 0.00, 0.95, 0.99, 1.28, 0.24, 0.00, 0.00, 0.00, 0.07, 0.04, 0.00, 0.00, 0.00, 0.00, 1.00, 0.00, 0.00, 0.00, 1.00, 0.00, 1.00, 0.00, 0.00, 0.00, 0.00, 1.00, 0.00, 0.00, 0.00
166,  0,  6.600,  0.98,  1, 0.18, 0.00, 0.36, 0.00, 0.35, 0.14, 0.00, 0.94, 1.01, 1.36, 0.23, 0.00, 0.00, 0.00, 0.19, 0.04, 0.00, 0.00, 0.00, 0.00, 1.00, 0.00, 0.00, 0.00, 1.00, 0.00, 1.00, 0.00, 0.00, 0.00, 0.00, 0.00, 0.00, 0.00, 0.00
167,  0,  6.640,  0.98,  1, 0.15, 0.00, 0.43, 0.00, 0.38, 0.16, 0.00, 1.04, 1.04, 1.42, 0.20, 0.04, 0.00, 0.00, 0.31, 0.00, 0.01, 0.00, 0.00, 0.00, 1.00, 0.00, 0.00, 0.00, 1.00, 0.00, 1.00, 0.00, 0.00, 0.00, 0.00, 0.00, 0.00, 0.00, 0.00
168,  0,  6.680,  0.98,  1, 0.19, 0.00, 0.58, 0.00, 0.39, 0.11, 0.00, 1.09, 1.04, 1.46, 0.09, 0.12, 0.00, 0.00, 0.33, 0.00, 0.01, 0.00, 0.00, 0.00, 1.00, 0.00, 0.00, 0.00, 1.00, 0.00, 1.00, 0.00, 0.00, 0.00, 0.00, 0.00, 0.00, 0.00, 0.00
169,  0,  6.720,  0.98,  1, 0.28, 0.00, 0.59, 0.00, 0.32, 0.02, 0.01, 1.20, 1.07, 1.37, 0.09, 0.19, 0.00, 0.00, 0.28, 0.00, 0.01, 0.00, 0.00, 0.00, 1.00, 0.00, 0.00, 0.00, 1.00, 0.00, 1.00, 0.00, 0.00, 0.00, 0.00, 0.00, 0.00, 0.00, 0.00
170,  0,  6.760,  0.98,  1, 0.19, 0.00, 0.57, 0.00, 0.31, 0.09, 0.01, 1.19, 1.11, 1.22, 0.02, 0.15, 0.00, 0.00, 0.18, 0.00, 0.06, 0.00, 0.00, 0.00, 1.00, 0.00, 0.00, 0.00, 1.00, 0.00, 1.00, 0.00, 0.00, 0.00, 0.00, 1.00, 0.00, 0.00, 0.00
171,  0,  6.800,  0.98,  1, 0.23, 0.00, 0.50, 0.00, 0.30, 0.19, 0.01, 1.21, 1.13, 1.16, 0.02, 0.08, 0.00, 0.00, 0.17, 0.00, 0.09, 0.00, 0.00, 0.00, 1.00, 0.00, 0.00, 0.00, 1.00, 0.00, 1.00, 0.00, 0.00, 0.00, 0.00, 1.00, 0.00, 0.00, 0.00
172,  0,  6.840,  0.98,  1, 0.19, 0.00, 0.51, 0.00, 0.35, 0.32, 0.00, 1.28, 1.10, 1.27, 0.03, 0.01, 0.00, 0.00, 0.21, 0.00, 0.11, 0.00, 0.00, 0.00, 1.00, 0.00, 0.00, 0.00, 1.00, 0.00, 1.00, 0.00, 0.00, 0.00, 0.00, 0.00, 0.00, 0.00, 0.00
173,  0,  6.880,  0.98,  1, 0.22, 0.00, 0.49, 0.00, 0.34, 0.24, 0.00, 1.26, 1.10, 1.30, 0.03, 0.01, 0.01, 0.00, 0.21, 0.00, 0.19, 0.00, 0.00, 0.00, 1.00, 0.00, 0.00, 0.00, 1.00, 0.00, 1.00, 0.00, 0.00, 0.00, 0.00, 0.00, 0.00, 0.00, 0.00
174,  0,  6.920,  0.98,  1, 0.13, 0.00, 0.48, 0.00, 0.35, 0.20, 0.00, 1.19, 1.05, 1.17, 0.02, 0.00, 0.01, 0.00, 0.32, 0.00, 0.23, 0.00, 0.00, 0.00, 1.00, 0.00, 0.00, 0.00, 1.00, 0.00, 1.00, 0.00, 0.00, 0.00, 0.00, 0.00, 0.00, 0.00, 0.00
175,  0,  6.960,  0.98,  1, 0.16, 0.05, 0.48, 0.00, 0.32, 0.07, 0.00, 1.10, 1.02, 1.08, 0.00, 0.00, 0.01, 0.00, 0.24, 0.00, 0.24, 0.00, 0.00, 0.00, 1.00, 0.00, 0.00, 0.00, 1.00, 0.00, 1.00, 0.00, 0.00, 0.00, 0.00, 0.00, 0.00, 0.00, 0.00
176,  0,  7.000,  0.98,  1, 0.13, 0.05, 0.50, 0.00, 0.34, 0.06, 0.00, 1.09, 0.95, 1.15, 0.00, 0.05, 0.00, 0.00, 0.18, 0.03, 0.11, 0.00, 0.00, 0.00, 1.00, 0.00, 0.00, 0.00, 1.00, 0.00, 1.00, 0.00, 0.00, 0.00, 0.00, 0.00, 0.00, 0.00, 0.00
177,  0,  7.040,  0.98,  1, 0.12, 0.05, 0.49, 0.00, 0.31, 0.04, 0.00, 1.07, 0.98, 1.25, 0.00, 0.05, 0.00, 0.00, 0.29, 0.03, 0.08, 0.00, 0.00, 0.00, 1.00, 0.00, 0.00, 0.00, 1.00, 0.00, 1.00, 0.00, 0.00, 0.00, 0.00, 0.00, 0.00, 0.00, 0.00
178,  0,  7.080,  0.98,  1, 0.03, 0.00, 0.45, 0.00, 0.28, 0.04, 0.00, 1.07, 0.98, 1.31, 0.03, 0.05, 0.00, 0.00, 0.27, 0.03, 0.05, 0.00, 0.00, 0.00, 1.00, 0.00, 0.00, 0.00, 1.00, 0.00, 1.00, 0.00, 0.00, 0.00, 0.00, 0.00, 0.00, 0.00, 0.00
179,  0,  7.120,  0.98,  1, 0.08, 0.03, 0.58, 0.00, 0.23, 0.04, 0.00, 1.10, 1.01, 1.33, 0.06, 0.00, 0.00, 0.00, 0.38, 0.09, 0.05, 0.00, 0.00, 0.00, 1.00, 0.00, 0.00, 0.00, 1.00, 0.00, 1.00, 0.00, 0.00, 0.00, 0.00, 0.00, 0.00, 0.00, 0.00
180,  0,  7.160,  0.98,  1, 0.15, 0.06, 0.62, 0.00, 0.22, 0.00, 0.00, 1.15, 1.03, 1.35, 0.06, 0.00, 0.00, 0.00, 0.14, 0.09, 0.00, 0.00, 0.00, 0.00, 1.00, 0.00, 0.00, 0.00, 1.00, 0.00, 1.00, 0.00, 0.00, 0.00, 0.00, 0.00, 0.00, 0.00, 0.00
181,  0,  7.200,  0.98,  1, 0.22, 0.06, 0.61, 0.00, 0.21, 0.00, 0.00, 1.15, 1.01, 1.17, 0.03, 0.00, 0.00, 0.00, 0.17, 0.09, 0.00, 0.00, 0.00, 0.00, 1.00, 0.00, 0.00, 0.00, 1.00, 0.00, 1.00, 0.00, 0.00, 0.00, 0.00, 0.00, 0.00, 0.00, 0.00
182,  0,  7.240,  0.98,  1, 0.25, 0.03, 0.49, 0.00, 0.22, 0.00, 0.00, 1.04, 1.02, 1.07, 0.00, 0.00, 0.00, 0.00, 0.07, 0.00, 0.04, 0.00, 0.00, 0.00, 1.00, 0.00, 0.00, 0.00, 1.00, 0.00, 1.00, 0.00, 0.00, 0.00, 0.00, 0.00, 0.00, 0.00, 0.00
183,  0,  7.280,  0.98,  1, 0.26, 0.05, 0.47, 0.00, 0.21, 0.00, 0.00, 1.06, 1.00, 1.23, 0.00, 0.00, 0.00, 0.00, 0.09, 0.13, 0.04, 0.00, 0.00, 0.00, 1.00, 0.00, 0.00, 0.00, 1.00, 0.00, 1.00, 0.00, 0.00, 0.00, 0.00, 0.00, 0.00, 0.00, 0.00
184,  0,  7.320,  0.98,  1, 0.30, 0.09, 0.52, 0.00, 0.22, 0.01, 0.00, 1.10, 1.09, 1.40, 0.00, 0.00, 0.00, 0.00, 0.05, 0.13, 0.04, 0.00, 0.00, 0.00, 1.00, 0.00, 0.00, 0.00, 1.00, 0.00, 1.00, 0.00, 0.00, 0.00, 0.00, 0.00, 0.00, 0.00, 0.00
185,  0,  7.360,  0.98,  1, 0.29, 0.09, 0.57, 0.00, 0.22, 0.05, 0.00, 1.18, 1.08, 1.49, 0.00, 0.01, 0.00, 0.00, 0.03, 0.13, 0.05, 0.00, 0.00, 0.00, 1.00, 0.00, 0.00, 0.00, 1.00, 0.00, 1.00, 0.00, 0.00, 0.00, 0.00, 1.00, 0.00, 0.00, 0.00
186,  0,  7.400,  0.98,  1, 0.26, 0.04, 0.53, 0.00, 0.26, 0.05, 0.00, 1.22, 1.11, 1.28, 0.00, 0.01, 0.00, 0.00, 0.01, 0.14, 0.05, 0.00, 0.00, 0.00, 1.00, 0.00, 0.00, 0.00, 1.00, 0.00, 1.00, 0.00, 0.00, 0.00, 0.00, 0.00, 0.00, 0.00, 0.00
187,  0,  7.440,  0.98,  1, 0.21, 0.00, 0.36, 0.00, 0.29, 0.05, 0.00, 1.12, 1.01, 1.21, 0.04, 0.01, 0.00, 0.00, 0.07, 0.14, 0.05, 0.00, 0.00, 0.00, 1.00, 0.00, 0.00, 0.00, 1.00, 0.00, 1.00, 0.00, 0.00, 0.00, 0.00, 0.00, 0.00, 0.00, 0.00
188,  0,  7.480,  0.98,  1, 0.27, 0.01, 0.47, 0.00, 0.32, 0.02, 0.00, 1.10, 1.01, 1.12, 0.04, 0.00, 0.00, 0.00, 0.10, 0.14, 0.00, 0.00, 0.00, 0.00, 1.00, 0.00, 0.00, 0.00, 1.00, 0.00, 1.00, 0.00, 0.00, 0.00, 0.00, 0.00, 0.00, 0.00, 0.00
189,  0,  7.520,  0.98,  1, 0.29, 0.01, 0.39, 0.00, 0.32, 0.02, 0.00, 1.11, 1.00, 1.24, 0.04, 0.00, 0.00, 0.00, 0.20, 0.00, 0.00, 0.00, 0.00, 0.00, 1.00, 0.00, 0.00, 0.00, 1.00, 0.00, 1.00, 0.00, 0.00, 0.00, 0.00, 0.00, 0.00, 0.00, 0.00
190,  0,  7.560,  0.98,  1, 0.30, 0.01, 0.44, 0.00, 0.35, 0.16, 0.00, 1.25, 1.00, 1.48, 0.00, 0.00, 0.00, 0.00, 0.24, 0.05, 0.03, 0.00, 0.00, 0.00, 1.00, 0.00, 0.00, 0.00, 1.00, 0.00, 1.00, 0.00, 0.00, 0.00, 0.00, 0.00, 0.00, 0.00, 0.00
191,  0,  7.600,  0.98,  1, 0.17, 0.00, 0.27, 0.00, 0.32, 0.15, 0.00, 1.21, 1.00, 1.56, 0.00, 0.06, 0.00, 0.00, 0.21, 0.14, 0.03, 0.00, 0.00, 0.00, 1.00, 0.00, 0.00, 0.00, 1.00, 0.00, 1.00, 0.00, 0.00, 0.00, 0.00, 0.00, 0.00, 0.00, 0.00
192,  0,  7.640,  0.98,  1, 0.15, 0.00, 0.40, 0.00, 0.32, 0.20, 0.00, 1.14, 1.04, 1.49, 0.03, 0.11, 0.04, 0.00, 0.20, 0.21, 0.12, 0.00, 0.00, 0.00, 0.00, 0.00, 0.00, 0.00, 1.00, 0.00, 1.00, 0.00, 0.00, 0.00, 0.00, 0.00, 0.00, 0.00, 0.00
193,  0,  7.680,  0.98,  1, 0.14, 0.03, 0.44, 0.00, 0.43, 0.27, 0.00, 1.13, 1.09, 1.47, 0.06, 0.26, 0.04, 0.00, 0.19, 0.16, 0.78, 0.00, 0.00, 0.00, 0.00, 0.00, 0.00, 0.00, 1.00, 0.00, 1.00, 0.00, 0.00, 0.00, 0.00, 0.00, 0.00, 0.00, 1.00
194,  0,  7.720,  0.98,  1, 0.24, 0.18, 0.62, 0.00, 0.57, 0.38, 0.03, 1.32, 1.11, 1.47, 0.12, 0.29, 0.04, 0.00, 0.25, 0.06, 1.57, 0.00, 0.00, 0.00, 0.00, 0.00, 0.00, 0.00, 1.00, 0.00, 1.00, 0.00, 0.00, 0.00, 0.00, 0.00, 0.00, 0.00, 1.00
195,  0,  7.760,  0.98,  1, 0.18, 0.18, 0.67, 0.00, 0.66, 0.47, 0.03, 1.36, 1.08, 1.44, 0.10, 0.30, 0.00, 0.00, 0.15, 0.04, 1.97, 0.00, 0.00, 0.00, 0.00, 0.00, 0.00, 0.00, 1.00, 0.00, 1.00, 0.00, 0.00, 0.00, 0.00, 0.00, 0.00, 0.00, 1.00
196,  0,  7.800,  0.98,  1, 0.14, 0.17, 0.66, 0.00, 0.58, 0.44, 0.03, 1.30, 1.09, 1.31, 0.08, 0.15, 0.00, 0.00, 0.11, 0.09, 1.51, 0.00, 0.00, 0.00, 0.00, 0.00, 0.00, 0.00, 1.00, 0.00, 1.00, 0.00, 0.00, 0.00, 0.00, 0.00, 0.00, 0.00, 1.00
197,  0,  7.840,  0.98,  1, 0.04, 0.02, 0.53, 0.00, 0.48, 0.45, 0.00, 1.17, 1.05, 1.42, 0.02, 0.12, 0.00, 0.00, 0.05, 0.18, 0.81, 0.00, 0.00, 0.00, 0.00, 0.00, 0.00, 0.00, 1.00, 0.00, 1.00, 0.00, 0.00, 0.00, 0.00, 0.00, 0.00, 0.00, 1.00
198,  0,  7.880,  0.98,  1, 0.04, 0.04, 0.49, 0.00, 0.42, 0.35, 0.00, 1.18, 1.07, 1.44, 0.03, 0.06, 0.00, 0.00, 0.12, 0.14, 0.50, 0.00, 0.00, 0.00, 0.00, 0.00, 0.00, 0.00, 1.00, 0.00, 1.00, 0.00, 0.00, 0.00, 0.00, 0.00, 0.00, 0.00, 1.00
199,  0,  7.920,  0.98,  1, 0.10, 0.06, 0.57, 0.00, 0.42, 0.46, 0.00, 1.24, 1.05, 1.45, 0.02, 0.11, 0.00, 0.00, 0.15, 0.13, 0.37, 0.00, 0.00, 0.00, 0.00, 0.00, 0.00, 0.00, 1.00, 0.00, 1.00, 0.00, 0.00, 0.00, 0.00, 0.00, 0.00, 0.00, 1.00
200,  0,  7.960,  0.98,  1, 0.14, 0.08, 0.56, 0.00, 0.33, 0.34, 0.00, 1.24, 1.07, 1.43, 0.09, 0.05, 0.00, 0.00, 0.32, 0.11, 0.35, 0.00, 0.00, 0.00, 0.00, 0.00, 0.00, 0.00, 1.00, 0.00, 1.00, 0.00, 0.00, 0.00, 0.00, 0.00, 0.00, 0.00, 1.00
201,  0,  8.000,  0.98,  1, 0.17, 0.07, 0.56, 0.00, 0.29, 0.32, 0.00, 1.15, 1.03, 1.48, 0.08, 0.06, 0.00, 0.00, 0.25, 0.11, 0.17, 0.00, 0.00, 0.00, 0.00, 0.00, 0.00, 0.00, 1.00, 0.00, 1.00, 0.00, 0.00, 0.00, 0.00, 0.00, 0.00, 0.00, 0.00
202,  0,  8.040,  0.98,  1, 0.19, 0.03, 0.57, 0.00, 0.24, 0.03, 0.00, 1.14, 0.99, 1.56, 0.13, 0.00, 0.00, 0.00, 0.20, 0.07, 0.07, 0.00, 0.00, 0.00, 0.00, 0.00, 0.00, 0.00, 1.00, 0.00, 1.00, 0.00, 0.00, 0.00, 0.00, 0.00, 0.00, 0.00, 0.00
203,  0,  8.080,  0.98,  1, 0.33, 0.01, 0.54, 0.00, 0.32, 0.18, 0.00, 1.21, 0.94, 1.60, 0.06, 0.00, 0.00, 0.00, 0.19, 0.08, 0.00, 0.00, 0.00, 0.00, 0.00, 0.00, 0.00, 0.00, 1.00, 0.00, 1.00, 0.00, 0.00, 0.00, 0.00, 0.00, 0.00, 0.00, 0.00
204,  0,  8.120,  0.98,  1, 0.39, 0.03, 0.54, 0.00, 0.28, 0.15, 0.00, 1.24, 0.93, 1.69, 0.06, 0.06, 0.00, 0.00, 0.19, 0.08, 0.00, 0.00, 0.00, 0.00, 1.00, 0.00, 0.00, 0.00, 1.00, 0.00, 1.00, 0.00, 0.00, 0.00, 0.00, 0.00, 0.00, 0.00, 0.00
205,  0,  8.160,  0.98,  1, 0.42, 0.15, 0.43, 0.00, 0.22, 0.15, 0.00, 1.21, 0.96, 1.67, 0.03, 0.06, 0.00, 0.00, 0.28, 0.16, 0.13, 0.00, 0.00, 0.00, 1.00, 0.00, 0.00, 0.00, 1.00, 0.00, 1.00, 0.00, 0.00, 0.00, 0.00, 0.00, 0.00, 0.00, 0.00
206,  0,  8.200,  0.98,  1, 0.37, 0.24, 0.41, 0.00, 0.17, 0.00, 0.00, 1.10, 0.99, 1.61, 0.03, 0.06, 0.02, 0.00, 0.29, 0.10, 0.21, 0.00, 0.00, 0.00, 1.00, 0.00, 0.00, 0.00, 1.00, 0.00, 1.00, 0.00, 0.00, 0.00, 0.00, 0.00, 0.00, 0.00, 0.00
207,  0,  8.240,  0.98,  1, 0.39, 0.25, 0.43, 0.00, 0.20, 0.00, 0.00, 1.17, 1.00, 1.57, 0.06, 0.00, 0.06, 0.00, 0.43, 0.21, 0.21, 0.00, 0.00, 0.00, 1.00, 0.00, 0.00, 0.00, 1.00, 0.00, 1.00, 0.00, 0.00, 0.00, 0.00, 0.00, 0.00, 0.00, 0.00
208,  0,  8.280,  0.98,  1, 0.35, 0.21, 0.42, 0.00, 0.27, 0.07, 0.01, 1.19, 0.99, 1.57, 0.12, 0.00, 0.06, 0.00, 0.37, 0.16, 0.08, 0.00, 0.00, 0.00, 1.00, 0.00, 0.00, 0.00, 1.00, 0.00, 1.00, 0.00, 0.00, 0.00, 0.00, 0.00, 0.00, 0.00, 0.00
209,  0,  8.320,  0.98,  1, 0.31, 0.32, 0.51, 0.00, 0.28, 0.07, 0.01, 1.19, 0.97, 1.54, 0.19, 0.00, 0.04, 0.00, 0.31, 0.14, 0.00, 0.00, 0.00, 0.00, 1.00, 0.00, 0.00, 0.00, 1.00, 0.00, 1.00, 0.00, 0.00, 0.00, 0.00, 0.00, 0.00, 0.00, 0.00
210,  0,  8.360,  0.98,  1, 0.25, 0.31, 0.50, 0.00, 0.22, 0.07, 0.01, 1.19, 0.96, 1.46, 0.15, 0.00, 0.00, 0.00, 0.25, 0.03, 0.00, 0.00, 0.00, 0.00, 1.00, 0.00, 0.00, 0.00, 1.00, 0.00, 1.00, 0.00, 0.00, 0.00, 0.00, 0.00, 0.00, 0.00, 0.00
211,  0,  8.400,  0.98,  1, 0.23, 0.28, 0.51, 0.00, 0.17, 0.00, 0.00, 1.15, 1.00, 1.34, 0.21, 0.00, 0.00, 0.00, 0.19, 0.00, 0.00, 0.00, 0.00, 0.00, 1.00, 0.00, 0.00, 0.00, 1.00, 0.00, 1.00, 0.00, 0.00, 0.00, 0.00, 1.00, 0.00, 0.00, 0.00
212,  0,  8.440,  0.98,  1, 0.23, 0.16, 0.56, 0.00, 0.19, 0.00, 0.03, 1.11, 1.00, 1.19, 0.24, 0.00, 0.00, 0.00, 0.17, 0.02, 0.00, 0.00, 0.00, 0.00, 1.00, 0.00, 0.00, 0.00, 1.00, 0.00, 1.00, 0.00, 0.00, 0.00, 0.00, 1.00, 0.00, 0.00, 0.00
213,  0,  8.480,  0.98,  1, 0.29, 0.27, 0.52, 0.00, 0.22, 0.06, 0.03, 0.98, 0.98, 1.11, 0.34, 0.00, 0.00, 0.00, 0.13, 0.02, 0.04, 0.00, 0.00, 0.00, 1.00, 0.00, 0.00, 0.00, 1.00, 0.00, 1.00, 0.00, 0.00, 0.00, 0.00, 1.00, 0.00, 0.00, 0.00
214,  0,  8.520,  0.98,  1, 0.26, 0.21, 0.55, 0.00, 0.22, 0.06, 0.03, 0.95, 0.97, 1.05, 0.20, 0.00, 0.00, 0.00, 0.26, 0.04, 0.11, 0.00, 0.00, 0.00, 1.00, 0.00, 0.00, 0.00, 1.00, 0.00, 1.00, 0.00, 0.00, 0.00, 0.00, 0.00, 0.00, 0.00, 0.00
215,  0,  8.560,  0.98,  1, 0.18, 0.13, 0.54, 0.00, 0.23, 0.06, 0.00, 1.05, 0.99, 1.15, 0.21, 0.00, 0.00, 0.00, 0.27, 0.02, 0.19, 0.00, 0.00, 0.00, 1.00, 0.00, 0.00, 0.00, 1.00, 0.00, 1.00, 0.00, 0.00, 0.00, 0.00, 1.00, 0.00, 0.00, 0.00
216,  0,  8.600,  0.98,  1, 0.11, 0.00, 0.62, 0.00, 0.28, 0.07, 0.01, 1.11, 1.01, 1.22, 0.20, 0.00, 0.00, 0.00, 0.25, 0.05, 0.15, 0.00, 0.00, 0.00, 1.00, 0.00, 0.00, 0.00, 1.00, 0.00, 1.00, 0.00, 0.00, 0.00, 0.00, 1.00, 0.00, 0.00, 0.00
217,  0,  8.640,  0.98,  1, 0.20, 0.00, 0.67, 0.00, 0.38, 0.09, 0.05, 1.16, 0.99, 1.31, 0.20, 0.00, 0.00, 0.00, 0.19, 0.02, 0.08, 0.00, 0.00, 0.00, 1.00, 0.00, 0.00, 0.00, 1.00, 0.00, 1.00, 0.00, 0.00, 0.00, 0.00, 0.00, 0.00, 0.00, 0.00
218,  0,  8.680,  0.98,  1, 0.21, 0.00, 0.68, 0.00, 0.42, 0.15, 0.05, 1.17, 1.00, 1.38, 0.09, 0.00, 0.00, 0.00, 0.10, 0.02, 0.00, 0.00, 0.00, 0.00, 1.00, 0.00, 0.00, 0.00, 1.00, 0.00, 1.00, 0.00, 0.00, 0.00, 0.00, 0.00, 0.00, 0.00, 0.00
219,  0,  8.720,  0.98,  1, 0.15, 0.06, 0.60, 0.00, 0.45, 0.11, 0.08, 1.21, 1.05, 1.46, 0.00, 0.03, 0.00, 0.00, 0.07, 0.01, 0.00, 0.00, 0.00, 0.00, 1.00, 0.00, 0.00, 0.00, 1.00, 0.00, 1.00, 0.00, 0.00, 0.00, 0.00, 0.00, 0.00, 0.00, 0.00
220,  0,  8.760,  0.98,  1, 0.04, 0.06, 0.52, 0.00, 0.39, 0.09, 0.04, 1.22, 1.08, 1.43, 0.04, 0.03, 0.00, 0.00, 0.03, 0.04, 0.00, 0.00, 0.00, 0.00, 1.00, 0.00, 0.00, 0.00, 1.00, 0.00, 1.00, 0.00, 0.00, 0.00, 0.00, 1.00, 0.00, 0.00, 0.00
221,  0,  8.800,  0.98,  1, 0.09, 0.06, 0.42, 0.02, 0.37, 0.03, 0.04, 1.07, 1.09, 1.45, 0.14, 0.03, 0.00, 0.00, 0.17, 0.04, 0.00, 0.00, 0.00, 0.00, 1.00, 0.00, 0.00, 0.00, 1.00, 0.00, 1.00, 0.00, 0.00, 0.00, 0.00, 1.00, 0.00, 0.00, 0.00
222,  0,  8.840,  0.98,  1, 0.14, 0.00, 0.35, 0.02, 0.34, 0.13, 0.00, 0.99, 1.00, 1.35, 0.24, 0.00, 0.00, 0.00, 0.23, 0.04, 0.02, 0.00, 0.00, 0.00, 1.00, 0.00, 0.00, 0.00, 1.00, 0.00, 1.00, 0.00, 0.00, 0.00, 0.00, 0.00, 0.00, 0.00, 0.00
223,  0,  8.880,  0.98,  1, 0.17, 0.00, 0.33, 0.04, 0.39, 0.26, 0.00, 0.91, 0.96, 1.40, 0.24, 0.00, 0.00, 0.00, 0.20, 0.00, 0.02, 0.00, 0.00, 0.00, 1.00, 0.00, 0.00, 0.00, 1.00, 0.00, 1.00, 0.00, 0.00, 0.00, 0.00, 1.00, 0.00, 0.00, 0.00
224,  0,  8.920,  0.98,  1, 0.10, 0.06, 0.29, 0.05, 0.40, 0.26, 0.00, 1.01, 0.97, 1.34, 0.22, 0.00, 0.00, 0.03, 0.06, 0.00, 0.06, 0.00, 0.00, 0.00, 1.00, 0.00, 0.00, 0.00, 1.00, 0.00, 1.00, 0.00, 0.00, 0.00, 0.00, 1.00, 0.00, 0.00, 0.00
225,  0,  8.960,  0.98,  1, 0.15, 0.09, 0.39, 0.05, 0.37, 0.20, 0.00, 0.93, 1.03, 1.28, 0.23, 0.00, 0.03, 0.03, 0.02, 0.00, 0.08, 0.00, 0.00, 0.00, 1.00, 0.00, 0.00, 0.00, 1.00, 0.00, 1.00, 0.00, 0.00, 0.00, 0.00, 1.00, 0.00, 0.00, 0.00
226,  0,  9.000,  0.98,  1, 0.18, 0.09, 0.45, 0.02, 0.34, 0.13, 0.00, 0.94, 1.02, 1.27, 0.19, 0.00, 0.03, 0.03, 0.06, 0.00, 0.09, 0.00, 0.00, 0.00, 1.00, 0.00, 0.00, 0.00, 1.00, 0.00, 1.00, 0.00, 0.00, 0.00, 0.00, 1.00, 0.00, 0.00, 0.00
227,  0,  9.040,  0.98,  1, 0.24, 0.03, 0.57, 0.00, 0.39, 0.26, 0.00, 1.00, 0.95, 1.26, 0.10, 0.00, 0.03, 0.00, 0.20, 0.00, 0.11, 0.00, 0.00, 0.00, 1.00, 0.00, 0.00, 0.00, 1.00, 0.00, 1.00, 0.00, 0.00, 0.00, 0.00, 1.00, 0.00, 0.00, 0.00
228,  0,  9.080,  0.98,  1, 0.25, 0.00, 0.49, 0.00, 0.41, 0.19, 0.00, 1.14, 0.90, 1.27, 0.00, 0.00, 0.00, 0.00, 0.25, 0.00, 0.12, 0.00, 0.00, 0.00, 1.00, 0.00, 0.00, 0.00, 1.00, 0.00, 1.00, 0.00, 0.00, 0.00, 0.00, 1.00, 0.00, 0.00, 0.00
229,  0,  9.120,  0.98,  1, 0.28, 0.00, 0.44, 0.04, 0.39, 0.14, 0.00, 1.13, 0.91, 1.23, 0.00, 0.00, 0.00, 0.00, 0.30, 0.00, 0.20, 0.00, 0.00, 0.00, 1.00, 0.00, 0.00, 0.00, 1.00, 0.00, 1.00, 0.00, 0.00, 0.00, 0.00, 1.00, 0.00, 0.00, 0.00
230,  0,  9.160,  0.98,  1, 0.32, 0.01, 0.38, 0.07, 0.40, 0.15, 0.00, 1.10, 0.95, 1.11, 0.04, 0.00, 0.00, 0.00, 0.16, 0.04, 0.15, 0.00, 0.00, 0.00, 1.00, 0.00, 0.00, 0.00, 1.00, 0.00, 1.00, 0.00, 0.00, 0.00, 0.00, 1.00, 0.00, 0.00, 0.00
231,  0,  9.200,  0.98,  1, 0.34, 0.01, 0.46, 0.13, 0.42, 0.21, 0.00, 1.13, 0.94, 1.08, 0.04, 0.01, 0.00, 0.00, 0.09, 0.04, 0.09, 0.00, 0.00, 0.00, 1.00, 0.00, 0.00, 0.00, 1.00, 0.00, 1.00, 0.00, 0.00, 0.00, 0.00, 1.00, 0.00, 0.00, 0.00
232,  0,  9.240,  0.98,  1, 0.31, 0.01, 0.55, 0.09, 0.44, 0.21, 0.00, 1.14, 0.93, 1.07, 0.04, 0.01, 0.00, 0.00, 0.08, 0.05, 0.00, 0.00, 0.00, 0.00, 1.00, 0.00, 0.00, 0.00, 1.00, 0.00, 1.00, 0.00, 0.00, 0.00, 0.00, 0.00, 0.00, 0.00, 0.00
233,  0,  9.280,  0.98,  1, 0.29, 0.00, 0.59, 0.06, 0.42, 0.10, 0.02, 1.15, 0.92, 1.17, 0.00, 0.01, 0.00, 0.00, 0.21, 0.01, 0.01, 0.00, 0.00, 0.00, 1.00, 0.00, 0.00, 0.00, 1.00, 0.00, 1.00, 0.00, 0.00, 0.00, 0.00, 0.00, 0.00, 0.00, 0.00
234,  0,  9.320,  0.98,  1, 0.31, 0.00, 0.53, 0.04, 0.37, 0.05, 0.02, 1.09, 0.94, 1.04, 0.03, 0.00, 0.00, 0.00, 0.30, 0.05, 0.01, 0.00, 0.00, 0.00, 1.00, 0.00, 0.00, 0.00, 1.00, 0.00, 1.00, 0.00, 0.00, 0.00, 0.00, 1.00, 0.00, 0.00, 0.00
235,  0,  9.360,  0.98,  1, 0.33, 0.00, 0.43, 0.04, 0.33, 0.07, 0.02, 1.08, 0.93, 0.94, 0.03, 0.00, 0.00, 0.00, 0.34, 0.05, 0.06, 0.00, 0.00, 0.00, 1.00, 0.00, 0.00, 0.00, 1.00, 0.00, 1.00, 0.00, 0.00, 0.00, 0.00, 1.00, 0.00, 0.00, 0.00
236,  0,  9.400,  0.98,  1, 0.32, 0.00, 0.26, 0.04, 0.29, 0.04, 0.00, 1.04, 0.98, 0.90, 0.08, 0.00, 0.00, 0.00, 0.34, 0.05, 0.07, 0.00, 0.00, 0.00, 1.00, 0.00, 0.00, 0.00, 1.00, 0.00, 1.00, 0.00, 0.00, 0.00, 0.00, 1.00, 0.00, 0.00, 0.00
237,  0,  9.440,  0.98,  1, 0.23, 0.00, 0.21, 0.00, 0.27, 0.02, 0.00, 1.01, 1.03, 1.04, 0.05, 0.00, 0.00, 0.00, 0.37, 0.01, 0.07, 0.00, 0.00, 0.00, 1.00, 0.00, 0.00, 0.00, 1.00, 0.00, 1.00, 0.00, 0.00, 0.00, 0.00, 1.00, 0.00, 0.00, 0.00
238,  0,  9.480,  0.98,  1, 0.21, 0.03, 0.26, 0.00, 0.22, 0.01, 0.00, 1.02, 1.04, 1.33, 0.05, 0.02, 0.00, 0.00, 0.33, 0.00, 0.02, 0.00, 0.00, 0.00, 1.00, 0.00, 0.00, 0.00, 1.00, 0.00, 1.00, 0.00, 0.00, 0.00, 0.00, 1.00, 0.00, 0.00, 0.00
239,  0,  9.520,  0.98,  1, 0.20, 0.03, 0.32, 0.00, 0.23, 0.01, 0.00, 1.02, 1.00, 1.34, 0.00, 0.07, 0.00, 0.00, 0.25, 0.00, 0.00, 0.00, 0.00, 0.00, 1.00, 0.00, 0.00, 0.00, 1.00, 0.00, 1.00, 0.00, 0.00, 0.00, 0.00, 1.00, 0.00, 0.00, 0.00
240,  0,  9.560,  0.98,  1, 0.21, 0.03, 0.26, 0.00, 0.30, 0.01, 0.00, 1.06, 0.97, 1.46, 0.03, 0.07, 0.00, 0.00, 0.23, 0.00, 0.00, 0.00, 0.00, 0.00, 1.00, 0.00, 0.00, 0.00, 1.00, 0.00, 1.00, 0.00, 0.00, 0.00, 0.00, 1.00, 0.00, 0.00, 0.00
241,  0,  9.600,  0.98,  1, 0.17, 0.00, 0.31, 0.01, 0.40, 0.00, 0.00, 1.10, 0.96, 1.32, 0.03, 0.04, 0.00, 0.00, 0.36, 0.00, 0.03, 0.00, 0.00, 0.00, 1.00, 0.00, 0.00, 0.00, 1.00, 0.00, 1.00, 0.00, 0.00, 0.00, 0.00, 1.00, 0.00, 0.00, 0.00
242,  0,  9.640,  0.98,  1, 0.16, 0.00, 0.46, 0.02, 0.42, 0.00, 0.00, 1.04, 0.91, 1.35, 0.03, 0.00, 0.00, 0.00, 0.47, 0.04, 0.04, 0.00, 0.00, 0.00, 1.00, 0.00, 0.00, 0.00, 1.00, 0.00, 1.00, 0.00, 0.00, 0.00, 0.00, 1.00, 0.00, 0.00, 0.00
243,  0,  9.680,  0.98,  1, 0.20, 0.00, 0.58, 0.02, 0.43, 0.06, 0.00, 1.09, 0.94, 1.37, 0.00, 0.00, 0.00, 0.00, 0.53, 0.16, 0.04, 0.00, 0.00, 0.00, 1.00, 0.00, 0.00, 0.00, 1.00, 0.00, 1.00, 0.00, 0.00, 0.00, 0.00, 1.00, 0.00, 0.00, 0.00
244,  0,  9.720,  0.98,  1, 0.29, 0.06, 0.52, 0.01, 0.43, 0.11, 0.04, 1.03, 0.97, 1.36, 0.00, 0.00, 0.00, 0.00, 0.45, 0.18, 0.01, 0.00, 0.00, 0.00, 1.00, 0.00, 0.00, 0.00, 1.00, 0.00, 1.00, 0.00, 0.00, 0.00, 0.00, 1.00, 0.00, 0.00, 0.00
245,  0,  9.760,  0.98,  1, 0.33, 0.06, 0.47, 0.09, 0.45, 0.21, 0.04, 1.11, 1.05, 1.36, 0.00, 0.00, 0.00, 0.00, 0.39, 0.14, 0.00, 0.00, 0.00, 0.00, 1.00, 0.00, 0.00, 0.00, 1.00, 0.00, 1.00, 0.00, 0.00, 0.00, 0.00, 1.00, 0.00, 0.00, 0.00
246,  0,  9.800,  0.98,  1, 0.29, 0.09, 0.47, 0.10, 0.43, 0.19, 0.04, 1.02, 1.00, 1.31, 0.00, 0.00, 0.00, 0.00, 0.32, 0.02, 0.00, 0.00, 0.00, 0.00, 1.00, 0.00, 0.00, 0.00, 1.00, 0.00, 1.00, 0.00, 0.00, 0.00, 0.00, 1.00, 0.00, 0.00, 0.00
247,  0,  9.840,  0.98,  1, 0.21, 0.03, 0.49, 0.10, 0.46, 0.14, 0.05, 1.01, 0.97, 1.32, 0.00, 0.00, 0.00, 0.00, 0.33, 0.00, 0.00, 0.00, 0.00, 0.00, 1.00, 0.00, 0.00, 0.00, 1.00, 0.00, 1.00, 0.00, 0.00, 0.00, 0.00, 1.00, 0.00, 0.00, 0.00
248,  0,  9.880,  0.98,  1, 0.19, 0.03, 0.44, 0.01, 0.38, 0.04, 0.05, 0.96, 0.97, 1.26, 0.00, 0.00, 0.00, 0.00, 0.35, 0.00, 0.00, 0.00, 0.00, 0.00, 1.00, 0.00, 0.00, 0.00, 1.00, 0.00, 1.00, 0.00, 0.00, 0.00, 0.00, 1.00, 0.00, 0.00, 0.00
249,  0,  9.920,  0.98,  1, 0.23, 0.03, 0.47, 0.00, 0.41, 0.00, 0.05, 1.00, 1.04, 1.23, 0.04, 0.00, 0.00, 0.00, 0.31, 0.07, 0.00, 0.00, 0.00, 0.00, 1.00, 0.00, 0.00, 0.00, 1.00, 0.00, 1.00, 0.00, 0.00, 0.00, 0.00, 1.00, 0.00, 0.00, 0.00
250,  0,  9.960,  0.98,  1, 0.28, 0.03, 0.44, 0.00, 0.41, 0.06, 0.00, 0.98, 1.09, 1.15, 0.04, 0.00, 0.00, 0.00, 0.29, 0.12, 0.00, 0.00, 0.00, 0.00, 1.00, 0.00, 0.00, 0.00, 1.00, 0.00, 1.00, 0.00, 0.00, 0.00, 0.00, 1.00, 0.00, 0.00, 0.00
251,  0,  10.000,  0.98,  1, 0.29, 0.03, 0.53, 0.00, 0.53, 0.13, 0.00, 0.93, 1.09, 1.20, 0.10, 0.06, 0.00, 0.00, 0.30, 0.12, 0.00, 0.00, 0.00, 0.00, 1.00, 0.00, 0.00, 0.00, 1.00, 0.00, 1.00, 0.00, 0.00, 0.00, 0.00, 1.00, 0.00, 0.00, 0.00
252,  0,  10.040,  0.98,  1, 0.18, 0.00, 0.56, 0.00, 0.51, 0.13, 0.00, 0.89, 1.06, 1.38, 0.06, 0.06, 0.00, 0.00, 0.26, 0.05, 0.00, 0.00, 0.00, 0.00, 1.00, 0.00, 0.00, 0.00, 1.00, 0.00, 1.00, 0.00, 0.00, 0.00, 0.00, 1.00, 0.00, 0.00, 0.00
253,  0,  10.080,  0.98,  1, 0.09, 0.01, 0.60, 0.00, 0.50, 0.12, 0.00, 0.96, 1.00, 1.45, 0.06, 0.06, 0.00, 0.00, 0.21, 0.01, 0.00, 0.00, 0.00, 0.00, 1.00, 0.00, 0.00, 0.00, 1.00, 0.00, 1.00, 0.00, 0.00, 0.00, 0.00, 0.00, 0.00, 0.00, 0.00
254,  0,  10.120,  0.98,  1, 0.01, 0.01, 0.57, 0.00, 0.44, 0.19, 0.00, 1.12, 1.01, 1.51, 0.00, 0.00, 0.00, 0.00, 0.13, 0.06, 0.00, 0.00, 0.00, 0.00, 1.00, 0.00, 0.00, 0.00, 1.00, 0.00, 1.00, 0.00, 0.00, 0.00, 0.00, 0.00, 0.00, 0.00, 0.00
255,  0,  10.160,  0.98,  1, 0.01, 0.01, 0.59, 0.00, 0.43, 0.19, 0.00, 1.19, 0.97, 1.40, 0.00, 0.03, 0.00, 0.00, 0.12, 0.07, 0.04, 0.00, 0.00, 0.00, 1.00, 0.00, 0.00, 0.00, 1.00, 0.00, 1.00, 0.00, 0.00, 0.00, 0.00, 0.00, 0.00, 0.00, 0.00
256,  0,  10.200,  0.98,  1, 0.01, 0.00, 0.64, 0.00, 0.44, 0.25, 0.00, 1.18, 0.95, 1.38, 0.00, 0.03, 0.00, 0.00, 0.06, 0.08, 0.04, 0.00, 0.00, 0.00, 1.00, 0.00, 0.00, 0.00, 1.00, 0.00, 1.00, 0.00, 0.00, 0.00, 0.00, 0.00, 0.00, 0.00, 0.00
257,  0,  10.240,  0.98,  1, 0.01, 0.00, 0.61, 0.00, 0.47, 0.10, 0.00, 1.21, 0.89, 1.36, 0.00, 0.06, 0.00, 0.00, 0.00, 0.14, 0.04, 0.00, 0.00, 0.00, 1.00, 0.00, 0.00, 0.00, 1.00, 0.00, 1.00, 0.00, 0.00, 0.00, 0.00, 0.00, 0.00, 0.00, 0.00
258,  0,  10.280,  0.98,  1, 0.06, 0.04, 0.59, 0.00, 0.46, 0.11, 0.00, 1.18, 0.89, 1.31, 0.00, 0.10, 0.00, 0.00, 0.12, 0.22, 0.03, 0.00, 0.00, 0.00, 1.00, 0.00, 0.00, 0.00, 1.00, 0.00, 1.00, 0.00, 0.00, 0.00, 0.00, 0.00, 0.00, 0.00, 0.00
259,  0,  10.320,  0.98,  1, 0.06, 0.04, 0.51, 0.00, 0.48, 0.02, 0.00, 1.17, 0.93, 1.33, 0.08, 0.12, 0.00, 0.00, 0.16, 0.24, 0.14, 0.00, 0.00, 0.00, 1.00, 0.00, 0.00, 0.00, 1.00, 0.00, 1.00, 0.00, 0.00, 0.00, 0.00, 0.00, 0.00, 0.00, 0.00
260,  0,  10.360,  0.98,  1, 0.13, 0.06, 0.50, 0.01, 0.41, 0.02, 0.00, 1.12, 0.95, 1.16, 0.15, 0.13, 0.00, 0.00, 0.16, 0.14, 0.14, 0.00, 0.00, 0.00, 1.00, 0.00, 0.00, 0.00, 1.00, 0.00, 1.00, 0.00, 0.00, 0.00, 0.00, 0.00, 0.00, 0.00, 0.00
261,  0,  10.400,  0.98,  1, 0.13, 0.04, 0.44, 0.01, 0.37, 0.01, 0.00, 1.23, 0.98, 1.14, 0.15, 0.13, 0.00, 0.00, 0.10, 0.05, 0.10, 0.00, 0.00, 0.00, 1.00, 0.00, 0.00, 0.00, 1.00, 0.00, 1.00, 0.00, 0.00, 0.00, 0.00, 0.00, 0.00, 0.00, 0.00
262,  0,  10.440,  0.98,  1, 0.16, 0.04, 0.43, 0.01, 0.32, 0.00, 0.00, 1.27, 1.07, 1.18, 0.15, 0.19, 0.00, 0.00, 0.07, 0.03, 0.00, 0.00, 0.00, 0.00, 1.00, 0.00, 0.00, 0.00, 1.00, 0.00, 1.00, 0.00, 0.00, 0.00, 0.00, 0.00, 0.00, 0.00, 0.00
263,  0,  10.480,  0.98,  1, 0.13, 0.02, 0.44, 0.00, 0.25, 0.06, 0.00, 1.27, 1.10, 1.32, 0.10, 0.16, 0.00, 0.00, 0.07, 0.01, 0.00, 0.00, 0.00, 0.00, 1.00, 0.00, 0.00, 0.00, 1.00, 0.00, 1.00, 0.00, 0.00, 0.00, 0.00, 0.00, 0.00, 0.00, 0.00
264,  0,  10.520,  0.98,  1, 0.20, 0.06, 0.54, 0.00, 0.21, 0.06, 0.00, 1.17, 1.07, 1.26, 0.12, 0.09, 0.00, 0.00, 0.03, 0.01, 0.03, 0.00, 0.00, 0.00, 1.00, 0.00, 0.00, 0.00, 1.00, 0.00, 1.00, 0.00, 0.00, 0.00, 0.00, 0.00, 0.00, 0.00, 0.00
265,  0,  10.560,  0.98,  1, 0.25, 0.06, 0.61, 0.00, 0.18, 0.06, 0.02, 1.14, 0.98, 1.15, 0.04, 0.01, 0.00, 0.00, 0.23, 0.00, 0.03, 0.00, 0.00, 0.00, 1.00, 0.00, 0.00, 0.00, 1.00, 0.00, 1.00, 0.00, 0.00, 0.00, 0.00, 0.00, 0.00, 0.00, 0.00
266,  0,  10.600,  0.98,  1, 0.26, 0.06, 0.68, 0.00, 0.23, 0.00, 0.02, 1.03, 0.96, 1.18, 0.04, 0.00, 0.00, 0.00, 0.38, 0.00, 0.07, 0.00, 0.00, 0.00, 1.00, 0.00, 0.00, 0.00, 1.00, 0.00, 1.00, 0.00, 0.00, 0.00, 0.00, 0.00, 0.00, 0.00, 0.00
267,  0,  10.640,  0.98,  1, 0.14, 0.00, 0.64, 0.00, 0.32, 0.00, 0.04, 1.02, 0.93, 1.35, 0.07, 0.00, 0.00, 0.00, 0.45, 0.00, 0.12, 0.00, 0.00, 0.00, 1.00, 0.00, 0.00, 0.00, 1.00, 0.00, 1.00, 0.00, 0.00, 0.00, 0.00, 0.00, 0.00, 0.00, 0.00
268,  0,  10.680,  0.98,  1, 0.13, 0.02, 0.54, 0.00, 0.32, 0.00, 0.02, 0.95, 0.92, 1.47, 0.07, 0.09, 0.00, 0.00, 0.30, 0.00, 0.12, 0.00, 0.00, 0.00, 1.00, 0.00, 0.00, 0.00, 1.00, 0.00, 1.00, 0.00, 0.00, 0.00, 0.00, 0.00, 0.00, 0.00, 0.00
269,  0,  10.720,  0.98,  1, 0.18, 0.08, 0.44, 0.00, 0.27, 0.06, 0.05, 0.96, 0.88, 1.52, 0.04, 0.09, 0.00, 0.00, 0.26, 0.00, 0.08, 0.00, 0.00, 0.00, 1.00, 0.00, 0.00, 0.00, 1.00, 0.00, 1.00, 0.00, 0.00, 0.00, 0.00, 0.00, 0.00, 0.00, 0.00
270,  0,  10.760,  0.98,  1, 0.26, 0.09, 0.35, 0.00, 0.22, 0.15, 0.03, 1.00, 0.89, 1.53, 0.00, 0.09, 0.00, 0.00, 0.25, 0.00, 0.02, 0.00, 0.00, 0.00, 1.00, 0.00, 0.00, 0.00, 1.00, 0.00, 1.00, 0.00, 0.00, 0.00, 0.00, 0.00, 0.00, 0.00, 0.00
271,  0,  10.800,  0.98,  1, 0.32, 0.08, 0.34, 0.00, 0.28, 0.20, 0.03, 1.01, 0.86, 1.45, 0.00, 0.00, 0.00, 0.00, 0.20, 0.00, 0.10, 0.00, 0.00, 0.00, 1.00, 0.00, 0.00, 0.00, 1.00, 0.00, 1.00, 0.00, 0.00, 0.00, 0.00, 0.00, 0.00, 0.00, 0.00
272,  0,  10.840,  0.98,  1, 0.24, 0.02, 0.33, 0.00, 0.36, 0.15, 0.04, 1.04, 0.90, 1.40, 0.00, 0.00, 0.00, 0.00, 0.17, 0.00, 0.10, 0.00, 0.00, 0.00, 1.00, 0.00, 0.00, 0.00, 1.00, 0.00, 1.00, 0.00, 0.00, 0.00, 0.00, 0.00, 0.00, 0.00, 0.00
273,  0,  10.880,  0.98,  1, 0.20, 0.00, 0.33, 0.00, 0.38, 0.18, 0.04, 1.03, 0.91, 1.37, 0.07, 0.02, 0.00, 0.00, 0.17, 0.01, 0.18, 0.00, 0.00, 0.00, 1.00, 0.00, 0.00, 0.00, 1.00, 0.00, 1.00, 0.00, 0.00, 0.00, 0.00, 0.00, 0.00, 0.00, 0.00
274,  0,  10.920,  0.98,  1, 0.08, 0.00, 0.37, 0.00, 0.44, 0.13, 0.04, 1.10, 1.03, 1.43, 0.12, 0.03, 0.00, 0.00, 0.26, 0.01, 0.10, 0.00, 0.00, 0.00, 1.00, 0.00, 0.00, 0.00, 1.00, 0.00, 1.00, 0.00, 0.00, 0.00, 0.00, 0.00, 0.00, 0.00, 0.00
275,  0,  10.960,  0.98,  1, 0.11, 0.02, 0.32, 0.00, 0.41, 0.13, 0.00, 1.10, 1.00, 1.38, 0.12, 0.03, 0.00, 0.00, 0.26, 0.01, 0.10, 0.00, 0.00, 0.00, 1.00, 0.00, 0.00, 0.00, 1.00, 0.00, 1.00, 0.00, 0.00, 0.00, 0.00, 0.00, 0.00, 0.00, 0.00
276,  0,  11.000,  0.98,  1, 0.10, 0.02, 0.38, 0.00, 0.44, 0.00, 0.02, 1.04, 0.97, 1.28, 0.06, 0.05, 0.00, 0.00, 0.19, 0.00, 0.07, 0.00, 0.00, 0.00, 1.00, 0.00, 0.00, 0.00, 1.00, 0.00, 1.00, 0.00, 0.00, 0.00, 0.00, 0.00, 0.00, 0.00, 0.00
277,  0,  11.040,  0.98,  1, 0.11, 0.02, 0.40, 0.00, 0.44, 0.00, 0.05, 0.91, 0.89, 1.26, 0.02, 0.08, 0.00, 0.00, 0.17, 0.00, 0.07, 0.00, 0.00, 0.00, 1.00, 0.00, 0.00, 0.00, 1.00, 0.00, 1.00, 0.00, 0.00, 0.00, 0.00, 1.00, 0.00, 0.00, 0.00
278,  0,  11.080,  0.98,  1, 0.06, 0.00, 0.54, 0.00, 0.45, 0.00, 0.07, 0.96, 0.87, 1.38, 0.02, 0.09, 0.00, 0.00, 0.08, 0.00, 0.19, 0.00, 0.00, 0.00, 1.00, 0.00, 0.00, 0.00, 1.00, 0.00, 1.00, 0.00, 0.00, 0.00, 0.00, 1.00, 0.00, 0.00, 0.00
279,  0,  11.120,  0.98,  1, 0.02, 0.00, 0.64, 0.00, 0.44, 0.00, 0.15, 1.02, 0.89, 1.49, 0.00, 0.05, 0.00, 0.00, 0.10, 0.00, 0.12, 0.00, 0.00, 0.00, 1.00, 0.00, 0.00, 0.00, 1.00, 0.00, 1.00, 0.00, 0.00, 0.00, 0.00, 1.00, 0.00, 0.00, 0.00
280,  0,  11.160,  0.98,  1, 0.04, 0.00, 0.76, 0.00, 0.40, 0.00, 0.19, 1.12, 0.89, 1.57, 0.00, 0.03, 0.00, 0.00, 0.03, 0.00, 0.12, 0.00, 0.00, 0.00, 1.00, 0.00, 0.00, 0.00, 1.00, 0.00, 1.00, 0.00, 0.00, 0.00, 0.00, 1.00, 0.00, 0.00, 0.00
281,  0,  11.200,  0.98,  1, 0.08, 0.00, 0.78, 0.00, 0.40, 0.00, 0.25, 1.15, 0.95, 1.47, 0.00, 0.01, 0.00, 0.00, 0.06, 0.00, 0.00, 0.00, 0.00, 0.00, 1.00, 0.00, 0.00, 0.00, 1.00, 0.00, 1.00, 0.00, 0.00, 0.00, 0.00, 1.00, 0.00, 0.00, 0.00
282,  0,  11.240,  0.98,  1, 0.09, 0.00, 0.72, 0.00, 0.36, 0.00, 0.18, 1.14, 0.96, 1.50, 0.01, 0.01, 0.00, 0.00, 0.10, 0.00, 0.02, 0.00, 0.00, 0.00, 1.00, 0.00, 0.00, 0.00, 1.00, 0.00, 1.00, 0.00, 0.00, 0.00, 0.00, 1.00, 0.00, 0.00, 0.00
283,  0,  11.280,  0.98,  1, 0.08, 0.00, 0.64, 0.00, 0.30, 0.00, 0.14, 1.10, 0.95, 1.35, 0.01, 0.00, 0.00, 0.00, 0.25, 0.00, 0.04, 0.00, 0.00, 0.00, 1.00, 0.00, 0.00, 0.00, 1.00, 0.00, 1.00, 0.00, 0.00, 0.00, 0.00, 1.00, 0.00, 0.00, 0.00
284,  0,  11.320,  0.98,  1, 0.08, 0.00, 0.62, 0.00, 0.23, 0.03, 0.11, 1.06, 0.95, 1.35, 0.03, 0.00, 0.00, 0.00, 0.29, 0.02, 0.08, 0.00, 0.00, 0.00, 1.00, 0.00, 0.00, 0.00, 1.00, 0.00, 1.00, 0.00, 0.00, 0.00, 0.00, 1.00, 0.00, 0.00, 0.00
285,  0,  11.360,  0.98,  1, 0.10, 0.00, 0.60, 0.00, 0.25, 0.10, 0.16, 1.09, 0.95, 1.23, 0.04, 0.00, 0.00, 0.00, 0.30, 0.02, 0.05, 0.00, 0.00, 0.00, 1.00, 0.00, 0.00, 0.00, 1.00, 0.00, 1.00, 0.00, 0.00, 0.00, 0.00, 1.00, 0.00, 0.00, 0.00
286,  0,  11.400,  0.98,  1, 0.17, 0.00, 0.63, 0.00, 0.29, 0.10, 0.17, 1.09, 0.91, 1.24, 0.04, 0.04, 0.00, 0.00, 0.32, 0.07, 0.03, 0.00, 0.00, 0.00, 1.00, 0.00, 0.00, 0.00, 1.00, 0.00, 1.00, 0.00, 0.00, 0.00, 0.00, 1.00, 0.00, 0.00, 0.00
287,  0,  11.440,  0.98,  1, 0.22, 0.00, 0.57, 0.00, 0.38, 0.07, 0.12, 1.02, 0.93, 1.25, 0.07, 0.04, 0.05, 0.00, 0.40, 0.09, 0.00, 0.00, 0.00, 0.00, 1.00, 0.00, 0.00, 0.00, 1.00, 0.00, 1.00, 0.00, 0.00, 0.00, 0.00, 1.00, 0.00, 0.00, 0.00
288,  0,  11.480,  0.98,  1, 0.26, 0.00, 0.63, 0.00, 0.41, 0.00, 0.04, 0.96, 0.96, 1.26, 0.08, 0.10, 0.06, 0.00, 0.43, 0.09, 0.00, 0.00, 0.00, 0.00, 1.00, 0.00, 0.00, 0.00, 1.00, 0.00, 1.00, 0.00, 0.00, 0.00, 0.00, 1.00, 0.00, 0.00, 0.00
289,  0,  11.520,  0.98,  1, 0.21, 0.00, 0.60, 0.00, 0.40, 0.00, 0.00, 1.01, 1.06, 1.25, 0.08, 0.06, 0.11, 0.00, 0.31, 0.06, 0.00, 0.00, 0.00, 0.00, 1.00, 0.00, 0.00, 0.00, 1.00, 0.00, 1.00, 0.00, 0.00, 0.00, 0.00, 1.00, 0.00, 0.00, 0.00
290,  0,  11.560,  0.98,  1, 0.13, 0.00, 0.61, 0.00, 0.38, 0.00, 0.00, 1.14, 1.11, 1.20, 0.12, 0.14, 0.06, 0.00, 0.23, 0.08, 0.03, 0.00, 0.00, 0.00, 1.00, 0.00, 0.00, 0.00, 1.00, 0.00, 1.00, 0.00, 0.00, 0.00, 0.00, 0.00, 0.00, 0.00, 0.00
291,  0,  11.600,  0.98,  1, 0.08, 0.00, 0.49, 0.00, 0.35, 0.00, 0.00, 1.25, 1.11, 1.21, 0.09, 0.11, 0.06, 0.00, 0.17, 0.18, 0.03, 0.00, 0.00, 0.00, 1.00, 0.00, 0.00, 0.00, 1.00, 0.00, 1.00, 0.00, 0.00, 0.00, 0.00, 0.00, 0.00, 0.00, 0.00
292,  0,  11.640,  0.98,  1, 0.10, 0.04, 0.47, 0.00, 0.35, 0.00, 0.00, 1.34, 1.11, 1.36, 0.12, 0.18, 0.00, 0.00, 0.14, 0.16, 0.09, 0.00, 0.00, 0.00, 1.00, 0.00, 0.00, 0.00, 1.00, 0.00, 1.00, 0.00, 0.00, 0.00, 0.00, 0.00, 0.00, 0.00, 0.00
293,  0,  11.680,  0.98,  1, 0.22, 0.04, 0.54, 0.00, 0.33, 0.00, 0.00, 1.33, 1.05, 1.51, 0.11, 0.16, 0.00, 0.00, 0.19, 0.15, 0.14, 0.00, 0.00, 0.00, 1.00, 0.00, 0.00, 0.00, 1.00, 0.00, 1.00, 0.00, 0.00, 0.00, 0.00, 0.00, 0.00, 0.00, 0.00
294,  0,  11.720,  0.98,  1, 0.30, 0.06, 0.56, 0.11, 0.32, 0.00, 0.00, 1.30, 1.05, 1.57, 0.13, 0.17, 0.07, 0.00, 0.25, 0.05, 0.14, 0.00, 0.00, 0.00, 1.00, 0.00, 0.00, 0.00, 1.00, 0.00, 1.00, 0.00, 0.00, 0.00, 0.00, 0.00, 0.00, 0.00, 0.00
295,  0,  11.760,  0.98,  1, 0.27, 0.02, 0.58, 0.11, 0.35, 0.00, 0.00, 1.31, 1.06, 1.50, 0.10, 0.10, 0.12, 0.00, 0.31, 0.05, 0.09, 0.00, 0.00, 0.00, 1.00, 0.00, 0.00, 0.00, 1.00, 0.00, 1.00, 0.00, 0.00, 0.00, 0.00, 0.00, 0.00, 0.00, 0.00
296,  0,  11.800,  0.98,  1, 0.19, 0.02, 0.56, 0.11, 0.38, 0.05, 0.00, 1.37, 1.05, 1.37, 0.09, 0.10, 0.12, 0.00, 0.33, 0.01, 0.00, 0.00, 0.00, 0.00, 1.00, 0.00, 0.00, 0.00, 1.00, 0.00, 1.00, 0.00, 0.00, 0.00, 0.00, 0.00, 0.00, 0.00, 0.00
297,  0,  11.840,  0.98,  1, 0.21, 0.02, 0.55, 0.10, 0.36, 0.09, 0.00, 1.26, 1.01, 1.23, 0.12, 0.12, 0.05, 0.00, 0.33, 0.01, 0.07, 0.00, 0.00, 0.00, 1.00, 0.00, 0.00, 0.00, 1.00, 0.00, 1.00, 0.00, 0.00, 0.00, 0.00, 0.00, 0.00, 0.00, 0.00
298,  0,  11.880,  0.98,  1, 0.29, 0.02, 0.49, 0.10, 0.36, 0.09, 0.00, 1.24, 1.00, 1.22, 0.23, 0.16, 0.00, 0.00, 0.26, 0.08, 0.07, 0.00, 0.00, 0.00, 1.00, 0.00, 0.00, 0.00, 1.00, 0.00, 1.00, 0.00, 0.00, 0.00, 0.00, 0.00, 0.00, 0.00, 0.00
299,  0,  11.920,  0.98,  1, 0.26, 0.02, 0.38, 0.10, 0.37, 0.04, 0.00, 1.15, 1.03, 1.20, 0.17, 0.10, 0.02, 0.00, 0.25, 0.15, 0.07, 0.00, 0.00, 0.00, 1.00, 0.00, 0.00, 0.00, 1.00, 0.00, 1.00, 0.00, 0.00, 0.00, 0.00, 0.00, 0.00, 0.00, 0.00
300,  0,  11.960,  0.98,  1, 0.18, 0.00, 0.45, 0.00, 0.40, 0.00, 0.08, 1.28, 1.06, 1.34, 0.12, 0.11, 0.02, 0.00, 0.24, 0.18, 0.00, 0.00, 0.00, 0.00, 1.00, 0.00, 0.00, 0.00, 1.00, 0.00, 1.00, 0.00, 0.00, 0.00, 0.00, 0.00, 0.00, 0.00, 0.00
301,  0,  12.000,  0.98,  1, 0.13, 0.00, 0.51, 0.00, 0.42, 0.00, 0.08, 1.26, 1.04, 1.28, 0.04, 0.18, 0.02, 0.00, 0.29, 0.16, 0.01, 0.00, 0.00, 0.00, 1.00, 0.00, 0.00, 0.00, 1.00, 0.00, 1.00, 0.00, 0.00, 0.00, 0.00, 0.00, 0.00, 0.00, 0.00
302,  0,  12.040,  0.98,  1, 0.14, 0.00, 0.73, 0.00, 0.43, 0.07, 0.14, 1.30, 0.98, 1.50, 0.09, 0.29, 0.00, 0.00, 0.19, 0.22, 0.01, 0.00, 0.00, 0.00, 1.00, 0.00, 0.00, 0.00, 1.00, 0.00, 1.00, 0.00, 0.00, 0.00, 0.00, 0.00, 0.00, 0.00, 0.00
303,  0,  12.080,  0.98,  1, 0.14, 0.14, 0.82, 0.00, 0.45, 0.14, 0.08, 1.36, 0.98, 1.62, 0.14, 0.23, 0.00, 0.00, 0.19, 0.23, 0.08, 0.00, 0.00, 0.00, 1.00, 0.00, 0.00, 0.00, 1.00, 0.00, 1.00, 0.00, 0.00, 0.00, 0.00, 0.00, 0.00, 0.00, 0.00
304,  0,  12.120,  0.98,  1, 0.05, 0.17, 0.87, 0.04, 0.41, 0.24, 0.08, 1.32, 1.00, 1.82, 0.10, 0.18, 0.00, 0.00, 0.13, 0.24, 0.07, 0.00, 0.00, 0.00, 1.00, 0.00, 0.00, 0.00, 1.00, 0.00, 1.00, 0.00, 0.00, 0.00, 0.00, 0.00, 0.00, 0.00, 0.00
305,  0,  12.160,  0.98,  1, 0.03, 0.17, 0.72, 0.04, 0.39, 0.17, 0.02, 1.29, 1.04, 1.64, 0.05, 0.12, 0.01, 0.00, 0.10, 0.10, 0.07, 0.00, 0.00, 0.00, 1.00, 0.00, 0.00, 0.00, 1.00, 0.00, 1.00, 0.00, 0.00, 0.00, 0.00, 0.00, 0.00, 0.00, 0.00
306,  0,  12.200,  0.98,  1, 0.00, 0.03, 0.58, 0.04, 0.44, 0.12, 0.00, 1.21, 1.06, 1.59, 0.00, 0.15, 0.08, 0.00, 0.06, 0.06, 0.00, 0.00, 0.00, 0.00, 1.00, 0.00, 0.00, 0.00, 1.00, 0.00, 1.00, 0.00, 0.00, 0.00, 0.00, 0.00, 0.00, 0.00, 0.00
307,  0,  12.240,  0.98,  1, 0.07, 0.00, 0.53, 0.00, 0.45, 0.02, 0.00, 1.26, 1.08, 1.58, 0.01, 0.14, 0.10, 0.00, 0.12, 0.05, 0.00, 0.00, 0.00, 0.00, 1.00, 0.00, 0.00, 0.00, 1.00, 0.00, 1.00, 0.00, 0.00, 0.00, 0.00, 0.00, 0.00, 0.00, 0.00
308,  0,  12.280,  0.98,  1, 0.07, 0.00, 0.54, 0.00, 0.46, 0.02, 0.00, 1.36, 1.05, 1.60, 0.05, 0.17, 0.09, 0.00, 0.20, 0.07, 0.00, 0.00, 0.00, 0.00, 1.00, 0.00, 0.00, 0.00, 1.00, 0.00, 1.00, 0.00, 0.00, 0.00, 0.00, 0.00, 0.00, 0.00, 0.00
309,  0,  12.320,  0.98,  1, 0.07, 0.00, 0.60, 0.00, 0.42, 0.06, 0.00, 1.44, 1.10, 1.68, 0.11, 0.34, 0.03, 0.00, 0.14, 0.24, 0.10, 0.00, 0.00, 0.00, 1.00, 0.00, 0.00, 0.00, 1.00, 0.00, 1.00, 0.00, 0.00, 0.00, 0.00, 0.00, 0.00, 0.00, 0.00
310,  0,  12.360,  0.98,  1, 0.00, 0.00, 0.56, 0.00, 0.43, 0.07, 0.00, 1.42, 1.03, 1.50, 0.10, 0.44, 0.08, 0.00, 0.10, 0.33, 0.17, 0.00, 0.00, 0.00, 0.00, 0.00, 0.00, 0.00, 1.00, 0.00, 1.00, 0.00, 0.00, 0.00, 0.00, 0.00, 0.00, 0.00, 0.00
311,  0,  12.400,  0.98,  1, 0.00, 0.00, 0.56, 0.00, 0.47, 0.15, 0.00, 1.40, 1.01, 1.42, 0.10, 0.43, 0.08, 0.00, 0.08, 0.37, 0.18, 0.00, 0.00, 0.00, 0.00, 0.00, 0.00, 0.00, 1.00, 0.00, 1.00, 0.00, 0.00, 0.00, 0.00, 0.00, 0.00, 0.00, 0.00
312,  0,  12.440,  0.98,  1, 0.00, 0.00, 0.54, 0.00, 0.46, 0.09, 0.00, 1.30, 0.95, 1.40, 0.07, 0.41, 0.07, 0.00, 0.10, 0.30, 0.11, 0.00, 0.00, 0.00, 0.00, 0.00, 0.00, 0.00, 1.00, 0.00, 1.00, 0.00, 0.00, 0.00, 0.00, 0.00, 0.00, 0.00, 0.00
313,  0,  12.480,  0.98,  1, 0.00, 0.00, 0.52, 0.00, 0.40, 0.11, 0.00, 1.38, 0.93, 1.50, 0.07, 0.37, 0.00, 0.00, 0.08, 0.20, 0.12, 0.00, 0.00, 0.00, 0.00, 0.00, 0.00, 0.00, 1.00, 0.00, 1.00, 0.00, 0.00, 0.00, 0.00, 0.00, 0.00, 0.00, 0.00
314,  0,  12.520,  0.98,  1, 0.00, 0.00, 0.52, 0.00, 0.36, 0.03, 0.00, 1.39, 0.95, 1.78, 0.16, 0.36, 0.00, 0.04, 0.02, 0.25, 0.11, 0.00, 0.00, 0.00, 0.00, 0.00, 0.00, 0.00, 1.00, 0.00, 1.00, 0.00, 0.00, 0.00, 0.00, 0.00, 0.00, 0.00, 0.00
315,  0,  12.560,  0.98,  1, 0.00, 0.09, 0.55, 0.00, 0.31, 0.10, 0.00, 1.45, 0.93, 1.71, 0.23, 0.34, 0.00, 0.08, 0.00, 0.27, 0.07, 0.00, 0.00, 0.00, 0.00, 0.00, 0.00, 0.00, 1.00, 0.00, 1.00, 0.00, 0.00, 0.00, 0.00, 0.00, 0.00, 0.00, 0.00
316,  0,  12.600,  0.98,  1, 0.00, 0.09, 0.57, 0.00, 0.33, 0.07, 0.00, 1.33, 0.97, 1.78, 0.23, 0.35, 0.02, 0.08, 0.08, 0.41, 0.04, 0.00, 0.00, 0.00, 0.00, 0.00, 0.00, 0.00, 1.00, 0.00, 1.00, 0.00, 0.00, 0.00, 0.00, 0.00, 0.00, 0.00, 0.00
317,  0,  12.640,  0.98,  1, 0.00, 0.09, 0.62, 0.00, 0.34, 0.07, 0.00, 1.37, 1.02, 1.74, 0.15, 0.49, 0.02, 0.03, 0.08, 0.34, 0.04, 0.00, 0.00, 0.00, 1.00, 0.00, 0.00, 0.00, 1.00, 0.00, 1.00, 0.00, 0.00, 0.00, 0.00, 0.00, 0.00, 0.00, 0.00
318,  0,  12.680,  0.98,  1, 0.00, 0.00, 0.63, 0.00, 0.33, 0.00, 0.00, 1.43, 1.10, 1.79, 0.05, 0.52, 0.08, 0.00, 0.08, 0.40, 0.04, 0.00, 0.00, 0.00, 1.00, 0.00, 0.00, 0.00, 1.00, 0.00, 1.00, 0.00, 0.00, 0.00, 0.00, 0.00, 0.00, 0.00, 0.00
319,  0,  12.720,  0.98,  1, 0.00, 0.01, 0.66, 0.00, 0.34, 0.00, 0.00, 1.46, 1.14, 1.86, 0.12, 0.53, 0.10, 0.00, 0.00, 0.26, 0.00, 0.00, 0.00, 0.00, 1.00, 0.00, 0.00, 0.00, 1.00, 0.00, 1.00, 0.00, 0.00, 0.00, 0.00, 0.00, 0.00, 0.00, 0.00
320,  0,  12.760,  0.98,  1, 0.00, 0.01, 0.60, 0.00, 0.31, 0.00, 0.00, 1.39, 1.16, 1.80, 0.07, 0.48, 0.10, 0.00, 0.00, 0.23, 0.00, 0.00, 0.00, 0.00, 1.00, 0.00, 0.00, 0.00, 1.00, 0.00, 1.00, 0.00, 0.00, 0.00, 0.00, 0.00, 0.00, 0.00, 0.00
321,  0,  12.800,  0.98,  1, 0.00, 0.01, 0.57, 0.00, 0.33, 0.00, 0.00, 1.30, 1.16, 1.92, 0.07, 0.46, 0.04, 0.00, 0.00, 0.21, 0.00, 0.00, 0.00, 0.00, 1.00, 0.00, 0.00, 0.00, 1.00, 0.00, 1.00, 0.00, 0.00, 0.00, 0.00, 0.00, 0.00, 0.00, 0.00
322,  0,  12.840,  0.98,  1, 0.00, 0.00, 0.49, 0.00, 0.26, 0.00, 0.00, 1.35, 1.15, 1.94, 0.00, 0.50, 0.11, 0.00, 0.03, 0.34, 0.00, 0.00, 0.00, 0.00, 1.00, 0.00, 0.00, 0.00, 1.00, 0.00, 1.00, 0.00, 0.00, 0.00, 0.00, 0.00, 0.00, 0.00, 0.00
323,  0,  12.880,  0.98,  1, 0.00, 0.00, 0.46, 0.00, 0.27, 0.00, 0.00, 1.33, 1.12, 1.87, 0.09, 0.59, 0.24, 0.02, 0.03, 0.52, 0.00, 0.00, 0.00, 0.00, 1.00, 0.00, 0.00, 0.00, 1.00, 0.00, 1.00, 0.00, 0.00, 0.00, 0.00, 0.00, 0.00, 0.00, 0.00
324,  0,  12.920,  0.98,  1, 0.00, 0.00, 0.40, 0.00, 0.29, 0.00, 0.00, 1.36, 1.11, 1.71, 0.13, 0.50, 0.33, 0.02, 0.03, 0.48, 0.00, 0.00, 0.00, 0.00, 1.00, 0.00, 0.00, 0.00, 1.00, 0.00, 1.00, 0.00, 0.00, 0.00, 0.00, 0.00, 0.00, 0.00, 0.00
325,  0,  12.960,  0.98,  1, 0.00, 0.00, 0.38, 0.00, 0.31, 0.00, 0.00, 1.42, 1.11, 1.44, 0.22, 0.49, 0.22, 0.02, 0.03, 0.55, 0.00, 0.00, 0.00, 0.00, 1.00, 0.00, 0.00, 0.00, 1.00, 0.00, 1.00, 0.00, 0.00, 0.00, 0.00, 0.00, 0.00, 0.00, 0.00
326,  0,  13.000,  0.98,  1, 0.00, 0.00, 0.39, 0.00, 0.28, 0.00, 0.00, 1.49, 1.12, 1.52, 0.21, 0.40, 0.09, 0.00, 0.07, 0.51, 0.01, 0.00, 0.00, 0.00, 1.00, 0.00, 0.00, 0.00, 1.00, 0.00, 1.00, 0.00, 0.00, 0.00, 0.00, 0.00, 0.00, 0.00, 0.00
327,  0,  13.040,  0.98,  1, 0.00, 0.00, 0.49, 0.00, 0.28, 0.00, 0.00, 1.45, 1.09, 1.64, 0.19, 0.70, 0.08, 0.02, 0.07, 0.54, 0.01, 0.00, 0.00, 0.00, 1.00, 0.00, 0.00, 0.00, 1.00, 0.00, 1.00, 0.00, 0.00, 0.00, 0.00, 0.00, 0.00, 0.00, 0.00
328,  0,  13.080,  0.98,  1, 0.00, 0.00, 0.70, 0.00, 0.32, 0.00, 0.00, 1.42, 1.13, 1.95, 0.11, 0.70, 0.08, 0.02, 0.06, 0.57, 0.01, 0.00, 0.00, 0.00, 0.00, 0.00, 0.00, 0.00, 1.00, 0.00, 1.00, 0.00, 0.00, 0.00, 0.00, 0.00, 0.00, 0.00, 0.00
329,  0,  13.120,  0.98,  1, 0.03, 0.01, 0.89, 0.00, 0.38, 0.07, 0.00, 1.41, 1.09, 1.95, 0.04, 0.83, 0.08, 0.02, 0.01, 0.69, 0.03, 0.00, 0.00, 0.00, 0.00, 0.00, 0.00, 0.00, 1.00, 0.00, 1.00, 0.00, 0.00, 0.00, 0.00, 0.00, 0.00, 0.00, 0.00
330,  0,  13.160,  0.98,  1, 0.03, 0.01, 1.02, 0.00, 0.39, 0.07, 0.00, 1.45, 1.07, 1.95, 0.08, 0.70, 0.08, 0.00, 0.01, 0.68, 0.03, 0.00, 0.00, 0.00, 0.00, 0.00, 0.00, 0.00, 1.00, 0.00, 1.00, 0.00, 0.00, 0.00, 0.00, 0.00, 0.00, 0.00, 0.00
331,  0,  13.200,  0.98,  1, 0.03, 0.01, 0.99, 0.00, 0.35, 0.07, 0.00, 1.38, 1.04, 1.79, 0.16, 0.71, 0.08, 0.00, 0.00, 0.51, 0.08, 0.00, 0.00, 0.00, 0.00, 0.00, 0.00, 0.00, 1.00, 0.00, 1.00, 0.00, 0.00, 0.00, 0.00, 0.00, 0.00, 0.00, 0.00
332,  0,  13.240,  0.98,  1, 0.00, 0.00, 0.88, 0.00, 0.33, 0.00, 0.00, 1.33, 1.09, 1.75, 0.17, 0.52, 0.11, 0.00, 0.00, 0.40, 0.05, 0.00, 0.00, 0.00, 0.00, 0.00, 0.00, 0.00, 1.00, 0.00, 1.00, 0.00, 0.00, 0.00, 0.00, 0.00, 0.00, 0.00, 0.00
333,  0,  13.280,  0.98,  1, 0.00, 0.00, 0.67, 0.00, 0.35, 0.00, 0.00, 1.33, 1.14, 1.65, 0.12, 0.38, 0.03, 0.00, 0.00, 0.46, 0.07, 0.00, 0.00, 0.00, 0.00, 0.00, 0.00, 0.00, 1.00, 0.00, 1.00, 0.00, 0.00, 0.00, 0.00, 0.00, 0.00, 0.00, 0.00
334,  0,  13.320,  0.98,  1, 0.00, 0.00, 0.59, 0.00, 0.41, 0.10, 0.00, 1.33, 1.14, 1.67, 0.12, 0.26, 0.03, 0.00, 0.00, 0.58, 0.01, 0.00, 0.00, 0.00, 0.00, 0.00, 0.00, 0.00, 1.00, 0.00, 1.00, 0.00, 0.00, 0.00, 0.00, 0.00, 0.00, 0.00, 0.00
335,  0,  13.360,  0.98,  1, 0.00, 0.00, 0.52, 0.00, 0.39, 0.10, 0.00, 1.39, 1.10, 1.73, 0.09, 0.27, 0.00, 0.01, 0.00, 0.49, 0.01, 0.00, 0.00, 0.00, 1.00, 0.00, 0.00, 0.00, 1.00, 0.00, 0.00, 0.00, 0.00, 0.00, 0.00, 0.00, 0.00, 0.00, 0.00
336,  0,  13.400,  0.98,  1, 0.00, 0.00, 0.44, 0.00, 0.36, 0.10, 0.00, 1.35, 1.04, 1.75, 0.14, 0.37, 0.00, 0.03, 0.00, 0.43, 0.00, 0.00, 0.00, 0.00, 1.00, 0.00, 0.00, 0.00, 1.00, 0.00, 1.00, 0.00, 0.00, 0.00, 0.00, 0.00, 0.00, 0.00, 0.00
337,  0,  13.440,  0.98,  1, 0.00, 0.00, 0.42, 0.00, 0.37, 0.00, 0.00, 1.42, 1.04, 1.66, 0.05, 0.49, 0.01, 0.03, 0.01, 0.29, 0.00, 0.00, 0.00, 0.00, 1.00, 0.00, 0.00, 0.00, 1.00, 0.00, 1.00, 0.00, 0.00, 0.00, 0.00, 0.00, 0.00, 0.00, 0.00
338,  0,  13.480,  0.98,  1, 0.00, 0.00, 0.50, 0.00, 0.42, 0.00, 0.00, 1.42, 1.07, 1.58, 0.19, 0.55, 0.01, 0.05, 0.01, 0.33, 0.00, 0.00, 0.00, 0.00, 1.00, 0.00, 0.00, 0.00, 1.00, 0.00, 1.00, 0.00, 0.00, 0.00, 0.00, 0.00, 0.00, 0.00, 0.00
339,  0,  13.520,  0.98,  1, 0.00, 0.00, 0.65, 0.00, 0.45, 0.00, 0.00, 1.40, 1.12, 1.59, 0.14, 0.53, 0.01, 0.04, 0.01, 0.34, 0.00, 0.00, 0.00, 0.00, 1.00, 0.00, 0.00, 0.00, 1.00, 0.00, 1.00, 0.00, 0.00, 0.00, 0.00, 0.00, 0.00, 0.00, 0.00
340,  0,  13.560,  0.98,  1, 0.00, 0.00, 0.71, 0.00, 0.41, 0.00, 0.00, 1.38, 1.12, 1.64, 0.21, 0.59, 0.06, 0.07, 0.00, 0.48, 0.00, 0.00, 0.00, 0.00, 1.00, 0.00, 0.00, 0.00, 1.00, 0.00, 1.00, 0.00, 0.00, 0.00, 0.00, 0.00, 0.00, 0.00, 0.00
341,  0,  13.600,  0.98,  1, 0.00, 0.00, 0.70, 0.00, 0.39, 0.00, 0.00, 1.40, 1.12, 1.62, 0.23, 0.59, 0.11, 0.07, 0.04, 0.53, 0.00, 0.00, 0.00, 0.00, 1.00, 0.00, 0.00, 0.00, 1.00, 0.00, 1.00, 0.00, 0.00, 0.00, 0.00, 0.00, 0.00, 0.00, 0.00
342,  0,  13.640,  0.98,  1, 0.00, 0.00, 0.67, 0.00, 0.36, 0.00, 0.00, 1.54, 1.12, 1.59, 0.30, 0.54, 0.11, 0.12, 0.18, 0.51, 0.00, 0.00, 0.00, 0.00, 1.00, 0.00, 0.00, 0.00, 1.00, 0.00, 1.00, 0.00, 0.00, 0.00, 0.00, 0.00, 0.00, 0.00, 0.00
343,  0,  13.680,  0.98,  1, 0.00, 0.00, 0.74, 0.00, 0.35, 0.00, 0.00, 1.58, 1.08, 1.63, 0.29, 0.54, 0.04, 0.16, 0.18, 0.34, 0.00, 0.00, 0.00, 0.00, 1.00, 0.00, 0.00, 0.00, 1.00, 0.00, 1.00, 0.00, 0.00, 0.00, 0.00, 0.00, 0.00, 0.00, 0.00
344,  0,  13.720,  0.98,  1, 0.00, 0.00, 0.74, 0.00, 0.36, 0.00, 0.00, 1.52, 1.00, 1.66, 0.17, 0.53, 0.00, 0.14, 0.15, 0.38, 0.00, 0.00, 0.00, 0.00, 1.00, 0.00, 0.00, 0.00, 1.00, 0.00, 1.00, 0.00, 0.00, 0.00, 0.00, 0.00, 0.00, 0.00, 0.00
345,  0,  13.760,  0.98,  1, 0.00, 0.00, 0.72, 0.00, 0.39, 0.00, 0.00, 1.45, 0.92, 1.59, 0.10, 0.57, 0.06, 0.10, 0.02, 0.33, 0.00, 0.00, 0.00, 0.00, 1.00, 0.00, 0.00, 0.00, 1.00, 0.00, 1.00, 0.00, 0.00, 0.00, 0.00, 0.00, 0.00, 0.00, 0.00
346,  0,  13.800,  0.98,  1, 0.00, 0.00, 0.66, 0.00, 0.41, 0.00, 0.00, 1.38, 0.92, 1.49, 0.03, 0.58, 0.10, 0.08, 0.03, 0.43, 0.00, 0.00, 0.00, 0.00, 1.00, 0.00, 0.00, 0.00, 1.00, 0.00, 1.00, 0.00, 0.00, 0.00, 0.00, 0.00, 0.00, 0.00, 0.00
347,  0,  13.840,  0.98,  1, 0.00, 0.00, 0.57, 0.00, 0.40, 0.00, 0.00, 1.34, 0.89, 1.45, 0.00, 0.62, 0.14, 0.07, 0.03, 0.32, 0.00, 0.00, 0.00, 0.00, 1.00, 0.00, 0.00, 0.00, 1.00, 0.00, 1.00, 0.00, 0.00, 0.00, 0.00, 0.00, 0.00, 0.00, 0.00
348,  0,  13.880,  0.98,  1, 0.09, 0.09, 0.59, 0.00, 0.36, 0.00, 0.00, 1.21, 0.89, 1.38, 0.00, 0.70, 0.22, 0.05, 0.02, 0.31, 0.00, 0.00, 0.00, 0.00, 1.00, 0.00, 0.00, 0.00, 1.00, 0.00, 1.00, 0.00, 0.00, 0.00, 0.00, 0.00, 0.00, 0.00, 0.00
349,  0,  13.920,  0.98,  1, 0.13, 0.09, 0.57, 0.08, 0.31, 0.00, 0.00, 1.17, 0.91, 1.30, 0.06, 0.59, 0.27, 0.04, 0.00, 0.20, 0.00, 0.00, 0.00, 0.00, 1.00, 0.00, 0.00, 0.00, 1.00, 0.00, 1.00, 0.00, 0.00, 0.00, 0.00, 0.00, 0.00, 0.00, 0.00
350,  0,  13.960,  0.98,  1, 0.13, 0.09, 0.63, 0.08, 0.31, 0.00, 0.00, 1.15, 0.95, 1.30, 0.06, 0.55, 0.32, 0.07, 0.00, 0.21, 0.00, 0.00, 0.00, 0.00, 1.00, 0.00, 0.00, 0.00, 1.00, 0.00, 1.00, 0.00, 0.00, 0.00, 0.00, 0.00, 0.00, 0.00, 0.00
351,  0,  14.000,  0.98,  1, 0.04, 0.00, 0.58, 0.08, 0.31, 0.00, 0.00, 1.28, 0.98, 1.37, 0.15, 0.40, 0.18, 0.10, 0.00, 0.17, 0.04, 0.00, 0.00, 0.00, 1.00, 0.00, 0.00, 0.00, 1.00, 0.00, 1.00, 0.00, 0.00, 0.00, 0.00, 0.00, 0.00, 0.00, 0.00
352,  0,  14.040,  0.98,  1, 0.04, 0.01, 0.59, 0.00, 0.37, 0.00, 0.00, 1.33, 0.96, 1.44, 0.15, 0.50, 0.09, 0.07, 0.00, 0.26, 0.04, 0.00, 0.00, 0.00, 1.00, 0.00, 0.00, 0.00, 1.00, 0.00, 1.00, 0.00, 0.00, 0.00, 0.00, 0.00, 0.00, 0.00, 0.00
353,  0,  14.080,  0.98,  1, 0.04, 0.01, 0.46, 0.00, 0.38, 0.00, 0.00, 1.32, 0.97, 1.42, 0.14, 0.52, 0.00, 0.02, 0.04, 0.39, 0.04, 0.00, 0.00, 0.00, 1.00, 0.00, 0.00, 0.00, 1.00, 0.00, 1.00, 0.00, 0.00, 0.00, 0.00, 0.00, 0.00, 0.00, 0.00
354,  0,  14.120,  0.98,  1, 0.04, 0.01, 0.37, 0.00, 0.40, 0.00, 0.00, 1.37, 0.98, 1.43, 0.05, 0.59, 0.00, 0.00, 0.04, 0.40, 0.02, 0.00, 0.00, 0.00, 1.00, 0.00, 0.00, 0.00, 1.00, 0.00, 1.00, 0.00, 0.00, 0.00, 0.00, 0.00, 0.00, 0.00, 0.00
355,  0,  14.160,  0.98,  1, 0.00, 0.00, 0.21, 0.00, 0.34, 0.00, 0.00, 1.44, 0.96, 1.38, 0.05, 0.48, 0.00, 0.00, 0.06, 0.44, 0.02, 0.00, 0.00, 0.00, 1.00, 0.00, 0.00, 0.00, 1.00, 0.00, 0.00, 0.00, 0.00, 0.00, 0.00, 0.00, 0.00, 0.00, 0.00
356,  0,  14.200,  0.98,  1, 0.07, 0.00, 0.29, 0.00, 0.31, 0.00, 0.00, 1.49, 0.91, 1.41, 0.09, 0.56, 0.02, 0.00, 0.02, 0.37, 0.02, 0.00, 0.00, 0.00, 1.00, 0.00, 0.00, 0.00, 1.00, 0.00, 0.00, 0.00, 0.00, 0.00, 0.00, 0.00, 0.00, 0.00, 0.00
357,  0,  14.240,  0.98,  1, 0.12, 0.01, 0.41, 0.00, 0.29, 0.00, 0.00, 1.39, 0.90, 1.31, 0.22, 0.54, 0.04, 0.00, 0.02, 0.38, 0.00, 0.00, 0.00, 0.00, 1.00, 0.00, 0.00, 0.00, 1.00, 0.00, 0.00, 0.00, 0.00, 0.00, 0.00, 0.00, 0.00, 0.00, 0.00
358,  0,  14.280,  0.98,  1, 0.17, 0.01, 0.45, 0.00, 0.28, 0.03, 0.00, 1.25, 0.93, 1.37, 0.19, 0.55, 0.04, 0.00, 0.00, 0.34, 0.00, 0.00, 0.00, 0.00, 1.00, 0.00, 0.00, 0.00, 1.00, 0.00, 0.00, 0.00, 0.00, 0.00, 0.00, 0.00, 0.00, 0.00, 0.00
359,  0,  14.320,  0.98,  1, 0.13, 0.01, 0.41, 0.00, 0.28, 0.06, 0.00, 1.22, 0.99, 1.33, 0.22, 0.39, 0.02, 0.00, 0.02, 0.32, 0.00, 0.00, 0.00, 0.00, 1.00, 0.00, 0.00, 0.00, 1.00, 0.00, 0.00, 0.00, 0.00, 0.00, 0.00, 0.00, 0.00, 0.00, 0.00
360,  0,  14.360,  0.98,  1, 0.18, 0.04, 0.34, 0.00, 0.22, 0.06, 0.00, 1.21, 0.96, 1.28, 0.21, 0.26, 0.00, 0.00, 0.14, 0.46, 0.00, 0.00, 0.00, 0.00, 1.00, 0.00, 0.00, 0.00, 1.00, 0.00, 1.00, 0.00, 0.00, 0.00, 0.00, 0.00, 0.00, 0.00, 0.00
361,  0,  14.400,  0.98,  1, 0.18, 0.11, 0.34, 0.00, 0.23, 0.03, 0.00, 1.32, 0.93, 1.26, 0.22, 0.40, 0.00, 0.00, 0.14, 0.49, 0.00, 0.00, 0.00, 0.00, 1.00, 0.00, 0.00, 0.00, 1.00, 0.00, 1.00, 0.00, 0.00, 0.00, 0.00, 0.00, 0.00, 0.00, 0.00
362,  0,  14.440,  0.98,  1, 0.15, 0.13, 0.33, 0.00, 0.26, 0.00, 0.00, 1.36, 0.90, 1.37, 0.14, 0.44, 0.00, 0.00, 0.12, 0.50, 0.00, 0.00, 0.00, 0.00, 1.00, 0.00, 0.00, 0.00, 1.00, 0.00, 1.00, 0.00, 0.00, 0.00, 0.00, 0.00, 0.00, 0.00, 0.00
363,  0,  14.480,  0.98,  1, 0.05, 0.09, 0.44, 0.00, 0.31, 0.00, 0.00, 1.33, 0.93, 1.54, 0.10, 0.70, 0.00, 0.00, 0.06, 0.47, 0.00, 0.00, 0.00, 0.00, 1.00, 0.00, 0.00, 0.00, 1.00, 0.00, 1.00, 0.00, 0.00, 0.00, 0.00, 0.00, 0.00, 0.00, 0.00
364,  0,  14.520,  0.98,  1, 0.00, 0.01, 0.43, 0.00, 0.33, 0.00, 0.00, 1.20, 0.89, 1.52, 0.08, 0.67, 0.00, 0.04, 0.06, 0.45, 0.00, 0.00, 0.00, 0.00, 1.00, 0.00, 0.00, 0.00, 1.00, 0.00, 1.00, 0.00, 0.00, 0.00, 0.00, 0.00, 0.00, 0.00, 0.00
365,  0,  14.560,  0.98,  1, 0.00, 0.00, 0.49, 0.00, 0.29, 0.00, 0.00, 1.14, 0.88, 1.57, 0.08, 0.79, 0.00, 0.07, 0.06, 0.57, 0.00, 0.00, 0.00, 0.00, 1.00, 0.00, 0.00, 0.00, 1.00, 0.00, 1.00, 0.00, 0.00, 0.00, 0.00, 0.00, 0.00, 0.00, 0.00
366,  0,  14.600,  0.98,  1, 0.00, 0.00, 0.39, 0.00, 0.28, 0.00, 0.00, 1.25, 0.93, 1.48, 0.12, 0.75, 0.00, 0.07, 0.01, 0.39, 0.00, 0.00, 0.00, 0.00, 1.00, 0.00, 0.00, 0.00, 1.00, 0.00, 1.00, 0.00, 0.00, 0.00, 0.00, 0.00, 0.00, 0.00, 0.00
367,  0,  14.640,  0.98,  1, 0.00, 0.00, 0.46, 0.11, 0.29, 0.00, 0.00, 1.26, 0.94, 1.38, 0.11, 0.66, 0.00, 0.08, 0.03, 0.30, 0.00, 0.00, 0.00, 0.00, 1.00, 0.00, 0.00, 0.00, 1.00, 0.00, 1.00, 0.00, 0.00, 0.00, 0.00, 0.00, 0.00, 0.00, 0.00
368,  0,  14.680,  0.98,  1, 0.00, 0.00, 0.52, 0.11, 0.32, 0.00, 0.00, 1.30, 0.95, 1.20, 0.24, 0.54, 0.00, 0.04, 0.03, 0.13, 0.00, 0.00, 0.00, 0.00, 1.00, 0.00, 0.00, 0.00, 1.00, 0.00, 1.00, 0.00, 0.00, 0.00, 0.00, 0.00, 0.00, 0.00, 0.00
369,  0,  14.720,  0.98,  1, 0.00, 0.03, 0.59, 0.11, 0.35, 0.00, 0.00, 1.21, 0.90, 1.25, 0.28, 0.51, 0.07, 0.04, 0.03, 0.20, 0.01, 0.00, 0.00, 0.00, 1.00, 0.00, 0.00, 0.00, 1.00, 0.00, 0.00, 0.00, 0.00, 0.00, 0.00, 0.00, 0.00, 0.00, 0.00
370,  0,  14.760,  0.98,  1, 0.00, 0.03, 0.54, 0.00, 0.36, 0.00, 0.00, 1.24, 0.97, 1.30, 0.30, 0.55, 0.07, 0.03, 0.00, 0.27, 0.01, 0.00, 0.00, 0.00, 1.00, 0.00, 0.00, 0.00, 1.00, 0.00, 0.00, 0.00, 0.00, 0.00, 0.00, 0.00, 0.00, 0.00, 0.00
371,  0,  14.800,  0.98,  1, 0.00, 0.03, 0.41, 0.00, 0.32, 0.00, 0.00, 1.20, 0.96, 1.31, 0.22, 0.69, 0.07, 0.03, 0.00, 0.26, 0.01, 0.00, 0.00, 0.00, 1.00, 0.00, 0.00, 0.00, 1.00, 0.00, 0.00, 0.00, 0.00, 0.00, 0.00, 0.00, 0.00, 0.00, 0.00
372,  0,  14.840,  0.98,  1, 0.00, 0.00, 0.46, 0.02, 0.30, 0.00, 0.00, 1.21, 0.98, 1.31, 0.09, 0.78, 0.00, 0.03, 0.00, 0.20, 0.00, 0.00, 0.00, 0.00, 1.00, 0.00, 0.00, 0.00, 1.00, 0.00, 1.00, 0.00, 0.00, 0.00, 0.00, 0.00, 0.00, 0.00, 0.00
373,  0,  14.880,  0.98,  1, 0.02, 0.00, 0.59, 0.02, 0.26, 0.00, 0.00, 1.27, 0.94, 1.31, 0.06, 0.85, 0.00, 0.02, 0.00, 0.09, 0.00, 0.00, 0.00, 0.00, 1.00, 0.00, 0.00, 0.00, 1.00, 0.00, 0.00, 0.00, 0.00, 0.00, 0.00, 0.00, 0.00, 0.00, 0.00
374,  0,  14.920,  0.98,  1, 0.02, 0.00, 0.71, 0.02, 0.27, 0.00, 0.00, 1.23, 0.92, 1.27, 0.03, 0.74, 0.00, 0.02, 0.00, 0.01, 0.00, 0.00, 0.00, 0.00, 1.00, 0.00, 0.00, 0.00, 1.00, 0.00, 0.00, 0.00, 0.00, 0.00, 0.00, 0.00, 0.00, 0.00, 0.00
375,  0,  14.960,  0.98,  1, 0.02, 0.00, 0.66, 0.00, 0.30, 0.00, 0.00, 1.27, 0.91, 1.12, 0.02, 0.60, 0.00, 0.05, 0.01, 0.03, 0.00, 0.00, 0.00, 0.00, 1.00, 0.00, 0.00, 0.00, 1.00, 0.00, 1.00, 0.00, 0.00, 0.00, 0.00, 0.00, 0.00, 0.00, 0.00
376,  0,  15.000,  0.98,  1, 0.00, 0.00, 0.60, 0.03, 0.31, 0.00, 0.00, 1.33, 0.92, 1.20, 0.16, 0.55, 0.00, 0.06, 0.01, 0.03, 0.00, 0.00, 0.00, 0.00, 1.00, 0.00, 0.00, 0.00, 1.00, 0.00, 1.00, 0.00, 0.00, 0.00, 0.00, 0.00, 0.00, 0.00, 0.00
377,  0,  15.040,  0.98,  1, 0.00, 0.00, 0.57, 0.03, 0.30, 0.00, 0.00, 1.48, 0.88, 1.29, 0.14, 0.59, 0.00, 0.06, 0.01, 0.11, 0.00, 0.00, 0.00, 0.00, 1.00, 0.00, 0.00, 0.00, 1.00, 0.00, 1.00, 0.00, 0.00, 0.00, 0.00, 0.00, 0.00, 0.00, 0.00
378,  0,  15.080,  0.98,  1, 0.00, 0.00, 0.47, 0.03, 0.32, 0.00, 0.00, 1.57, 0.93, 1.50, 0.14, 0.61, 0.00, 0.06, 0.07, 0.08, 0.11, 0.00, 0.00, 0.00, 1.00, 0.00, 0.00, 0.00, 1.00, 0.00, 1.00, 0.00, 0.00, 0.00, 0.00, 0.00, 0.00, 0.00, 0.00
379,  0,  15.120,  0.98,  1, 0.00, 0.05, 0.47, 0.07, 0.35, 0.00, 0.00, 1.57, 0.94, 1.64, 0.00, 0.58, 0.00, 0.06, 0.08, 0.08, 0.13, 0.00, 0.00, 0.00, 1.00, 0.00, 0.00, 0.00, 1.00, 0.00, 1.00, 0.00, 0.00, 0.00, 0.00, 0.00, 0.00, 0.00, 0.00
380,  0,  15.160,  0.98,  1, 0.00, 0.06, 0.54, 0.07, 0.40, 0.00, 0.00, 1.62, 1.06, 1.63, 0.11, 0.43, 0.00, 0.06, 0.08, 0.00, 0.16, 0.00, 0.00, 0.00, 1.00, 0.00, 0.00, 0.00, 1.00, 0.00, 1.00, 0.00, 0.00, 0.00, 0.00, 0.00, 0.00, 0.00, 0.00
381,  0,  15.200,  0.98,  1, 0.00, 0.06, 0.67, 0.07, 0.37, 0.00, 0.00, 1.53, 1.02, 1.77, 0.11, 0.51, 0.04, 0.02, 0.01, 0.12, 0.08, 0.00, 0.00, 0.00, 1.00, 0.00, 0.00, 0.00, 1.00, 0.00, 1.00, 0.00, 0.00, 0.00, 0.00, 0.00, 0.00, 0.00, 0.00
382,  0,  15.240,  0.98,  1, 0.00, 0.01, 0.70, 0.00, 0.37, 0.00, 0.00, 1.55, 1.04, 1.83, 0.11, 0.56, 0.04, 0.00, 0.05, 0.33, 0.06, 0.00, 0.00, 0.00, 1.00, 0.00, 0.00, 0.00, 1.00, 0.00, 1.00, 0.00, 0.00, 0.00, 0.00, 0.00, 0.00, 0.00, 0.00
383,  0,  15.280,  0.98,  1, 0.00, 0.00, 0.67, 0.00, 0.35, 0.00, 0.00, 1.45, 0.95, 1.88, 0.09, 0.79, 0.04, 0.04, 0.06, 0.45, 0.03, 0.00, 0.00, 0.00, 1.00, 0.00, 0.00, 0.00, 1.00, 0.00, 1.00, 0.00, 0.00, 0.00, 0.00, 0.00, 0.00, 0.00, 0.00
384,  0,  15.320,  0.98,  1, 0.02, 0.00, 0.62, 0.00, 0.36, 0.00, 0.00, 1.48, 0.93, 1.74, 0.09, 0.72, 0.12, 0.07, 0.07, 0.45, 0.04, 0.00, 0.00, 0.00, 1.00, 0.00, 0.00, 0.00, 1.00, 0.00, 1.00, 0.00, 0.00, 0.00, 0.00, 0.00, 0.00, 0.00, 0.00
385,  0,  15.360,  0.98,  1, 0.02, 0.00, 0.62, 0.00, 0.37, 0.00, 0.00, 1.38, 0.83, 1.60, 0.17, 0.78, 0.14, 0.07, 0.05, 0.33, 0.04, 0.00, 0.00, 0.00, 1.00, 0.00, 0.00, 0.00, 1.00, 0.00, 1.00, 0.00, 0.00, 0.00, 0.00, 0.00, 0.00, 0.00, 0.00
386,  0,  15.400,  0.98,  1, 0.02, 0.00, 0.58, 0.00, 0.36, 0.03, 0.00, 1.34, 0.84, 1.57, 0.24, 0.66, 0.17, 0.08, 0.04, 0.36, 0.04, 0.00, 0.00, 0.00, 1.00, 0.00, 0.00, 0.00, 1.00, 0.00, 1.00, 0.00, 0.00, 0.00, 0.00, 0.00, 0.00, 0.00, 0.00
387,  0,  15.440,  0.98,  1, 0.00, 0.02, 0.58, 0.01, 0.36, 0.03, 0.00, 1.25, 0.85, 1.58, 0.30, 0.81, 0.14, 0.12, 0.04, 0.45, 0.00, 0.00, 0.00, 0.00, 1.00, 0.00, 0.00, 0.00, 1.00, 0.00, 1.00, 0.00, 0.00, 0.00, 0.00, 0.00, 0.00, 0.00, 0.00
388,  0,  15.480,  0.98,  1, 0.00, 0.02, 0.52, 0.01, 0.40, 0.03, 0.00, 1.14, 0.96, 1.54, 0.31, 0.66, 0.21, 0.18, 0.01, 0.62, 0.00, 0.00, 0.00, 0.00, 1.00, 0.00, 0.00, 0.00, 1.00, 0.00, 1.00, 0.00, 0.00, 0.00, 0.00, 0.00, 0.00, 0.00, 0.00
389,  0,  15.520,  0.98,  1, 0.00, 0.02, 0.50, 0.01, 0.47, 0.00, 0.00, 1.22, 0.98, 1.66, 0.30, 0.59, 0.19, 0.17, 0.01, 0.77, 0.00, 0.00, 0.00, 0.00, 1.00, 0.00, 0.00, 0.00, 1.00, 0.00, 1.00, 0.00, 0.00, 0.00, 0.00, 0.00, 0.00, 0.00, 0.00
390,  0,  15.560,  0.98,  1, 0.00, 0.00, 0.51, 0.00, 0.42, 0.00, 0.00, 1.26, 0.98, 1.45, 0.27, 0.37, 0.09, 0.11, 0.01, 0.72, 0.00, 0.00, 0.00, 0.00, 1.00, 0.00, 0.00, 0.00, 1.00, 0.00, 1.00, 0.00, 0.00, 0.00, 0.00, 0.00, 0.00, 0.00, 0.00
391,  0,  15.600,  0.98,  1, 0.00, 0.01, 0.53, 0.00, 0.35, 0.00, 0.00, 1.33, 0.95, 1.44, 0.22, 0.39, 0.00, 0.05, 0.00, 0.68, 0.00, 0.00, 0.00, 0.00, 1.00, 0.00, 0.00, 0.00, 1.00, 0.00, 1.00, 0.00, 0.00, 0.00, 0.00, 0.00, 0.00, 0.00, 0.00
392,  0,  15.640,  0.98,  1, 0.03, 0.10, 0.47, 0.00, 0.25, 0.00, 0.00, 1.24, 0.95, 1.26, 0.16, 0.44, 0.00, 0.05, 0.05, 0.67, 0.00, 0.00, 0.00, 0.00, 1.00, 0.00, 0.00, 0.00, 1.00, 0.00, 1.00, 0.00, 0.00, 0.00, 0.00, 0.00, 0.00, 0.00, 0.00
393,  0,  15.680,  0.98,  1, 0.03, 0.17, 0.40, 0.00, 0.27, 0.00, 0.00, 1.17, 0.97, 1.36, 0.14, 0.37, 0.02, 0.07, 0.09, 0.70, 0.00, 0.00, 0.00, 0.00, 1.00, 0.00, 0.00, 0.00, 1.00, 0.00, 0.00, 0.00, 0.00, 0.00, 0.00, 0.00, 0.00, 0.00, 0.00
394,  0,  15.720,  0.98,  1, 0.03, 0.16, 0.39, 0.00, 0.29, 0.00, 0.00, 1.24, 0.99, 1.31, 0.17, 0.34, 0.02, 0.09, 0.09, 0.53, 0.00, 0.00, 0.00, 0.00, 1.00, 0.00, 0.00, 0.00, 1.00, 0.00, 0.00, 0.00, 0.00, 0.00, 0.00, 0.00, 0.00, 0.00, 0.00
395,  0,  15.760,  0.98,  1, 0.00, 0.07, 0.38, 0.00, 0.39, 0.00, 0.00, 1.32, 1.01, 1.33, 0.10, 0.37, 0.02, 0.07, 0.06, 0.38, 0.00, 0.00, 0.00, 0.00, 1.00, 0.00, 0.00, 0.00, 1.00, 0.00, 0.00, 0.00, 0.00, 0.00, 0.00, 0.00, 0.00, 0.00, 0.00
396,  0,  15.800,  0.98,  1, 0.01, 0.00, 0.39, 0.00, 0.40, 0.00, 0.00, 1.35, 0.98, 1.39, 0.16, 0.38, 0.00, 0.04, 0.07, 0.37, 0.01, 0.00, 0.00, 0.00, 1.00, 0.00, 0.00, 0.00, 1.00, 0.00, 0.00, 0.00, 0.00, 0.00, 0.00, 0.00, 0.00, 0.00, 0.00
397,  0,  15.840,  0.98,  1, 0.01, 0.00, 0.36, 0.00, 0.40, 0.00, 0.00, 1.29, 0.98, 1.30, 0.14, 0.42, 0.00, 0.02, 0.08, 0.47, 0.01, 0.00, 0.00, 0.00, 1.00, 0.00, 0.00, 0.00, 1.00, 0.00, 0.00, 0.00, 0.00, 0.00, 0.00, 0.00, 0.00, 0.00, 0.00
398,  0,  15.880,  0.98,  1, 0.01, 0.00, 0.47, 0.00, 0.41, 0.00, 0.00, 1.17, 0.94, 1.26, 0.14, 0.39, 0.06, 0.00, 0.07, 0.38, 0.01, 0.00, 0.00, 0.00, 1.00, 0.00, 0.00, 0.00, 1.00, 0.00, 0.00, 0.00, 0.00, 0.00, 0.00, 0.00, 0.00, 0.00, 0.00
399,  0,  15.920,  0.98,  1, 0.02, 0.04, 0.58, 0.02, 0.42, 0.00, 0.00, 1.26, 0.97, 1.35, 0.17, 0.40, 0.11, 0.00, 0.01, 0.40, 0.00, 0.00, 0.00, 0.00, 1.00, 0.00, 0.00, 0.00, 1.00, 0.00, 1.00, 0.00, 0.00, 0.00, 0.00, 0.00, 0.00, 0.00, 0.00
400,  0,  15.960,  0.98,  1, 0.03, 0.05, 0.66, 0.02, 0.40, 0.02, 0.02, 1.31, 1.01, 1.49, 0.13, 0.28, 0.11, 0.00, 0.00, 0.48, 0.00, 0.00, 0.00, 0.00, 1.00, 0.00, 0.00, 0.00, 1.00, 0.00, 1.00, 0.00, 0.00, 0.00, 0.00, 0.00, 0.00, 0.00, 0.00
401,  0,  16.000,  0.98,  1, 0.18, 0.22, 0.71, 0.06, 0.32, 0.02, 0.02, 1.34, 1.05, 1.55, 0.20, 0.21, 0.05, 0.00, 0.00, 0.47, 0.00, 0.00, 0.00, 0.00, 1.00, 0.00, 0.00, 0.00, 1.00, 0.00, 1.00, 0.00, 0.00, 0.00, 0.00, 0.00, 0.00, 0.00, 0.00
402,  0,  16.040,  0.98,  1, 0.28, 0.35, 0.71, 0.05, 0.28, 0.02, 0.02, 1.16, 1.05, 1.42, 0.23, 0.22, 0.00, 0.00, 0.00, 0.30, 0.00, 0.00, 0.00, 0.00, 1.00, 0.00, 0.00, 0.00, 1.00, 0.00, 1.00, 0.00, 0.00, 0.00, 0.00, 0.00, 0.00, 0.00, 0.00
403,  0,  16.080,  0.98,  1, 0.35, 0.45, 0.63, 0.05, 0.24, 0.19, 0.00, 1.07, 1.02, 1.31, 0.25, 0.22, 0.00, 0.01, 0.02, 0.23, 0.00, 0.00, 0.00, 0.00, 1.00, 0.00, 0.00, 0.00, 1.00, 0.00, 1.00, 0.00, 0.00, 0.00, 0.00, 0.00, 0.00, 0.00, 0.00
404,  0,  16.120,  0.98,  1, 0.23, 0.28, 0.43, 0.00, 0.27, 0.19, 0.00, 1.04, 1.02, 1.32, 0.19, 0.15, 0.00, 0.01, 0.02, 0.22, 0.02, 0.00, 0.00, 0.00, 1.00, 0.00, 0.00, 0.00, 1.00, 0.00, 1.00, 0.00, 0.00, 0.00, 0.00, 0.00, 0.00, 0.00, 0.00
405,  0,  16.160,  0.98,  1, 0.10, 0.11, 0.32, 0.00, 0.28, 0.19, 0.00, 1.05, 1.05, 1.29, 0.13, 0.10, 0.00, 0.01, 0.10, 0.19, 0.02, 0.00, 0.00, 0.00, 1.00, 0.00, 0.00, 0.00, 1.00, 0.00, 1.00, 0.00, 0.00, 0.00, 0.00, 0.00, 0.00, 0.00, 0.00
406,  0,  16.200,  0.98,  1, 0.03, 0.00, 0.32, 0.00, 0.34, 0.05, 0.00, 1.06, 1.06, 1.33, 0.12, 0.08, 0.00, 0.00, 0.10, 0.04, 0.02, 0.00, 0.00, 0.00, 1.00, 0.00, 0.00, 0.00, 1.00, 0.00, 1.00, 0.00, 0.00, 0.00, 0.00, 0.00, 0.00, 0.00, 0.00
407,  0,  16.240,  0.98,  1, 0.02, 0.01, 0.42, 0.00, 0.33, 0.05, 0.00, 1.03, 1.08, 1.31, 0.12, 0.05, 0.00, 0.00, 0.10, 0.01, 0.00, 0.00, 0.00, 0.00, 1.00, 0.00, 0.00, 0.00, 1.00, 0.00, 1.00, 0.00, 0.00, 0.00, 0.00, 0.00, 0.00, 0.00, 0.00
408,  0,  16.280,  0.98,  1, 0.06, 0.05, 0.43, 0.02, 0.29, 0.05, 0.00, 1.17, 1.08, 1.33, 0.05, 0.02, 0.00, 0.00, 0.02, 0.00, 0.00, 0.00, 0.00, 0.00, 1.00, 0.00, 0.00, 0.00, 1.00, 0.00, 1.00, 0.00, 0.00, 0.00, 0.00, 0.00, 0.00, 0.00, 0.00
409,  0,  16.320,  0.98,  1, 0.13, 0.05, 0.45, 0.02, 0.17, 0.00, 0.00, 1.18, 1.03, 1.30, 0.11, 0.02, 0.00, 0.00, 0.00, 0.00, 0.03, 0.00, 0.00, 0.00, 1.00, 0.00, 0.00, 0.00, 1.00, 0.00, 1.00, 0.00, 0.00, 0.00, 0.00, 0.00, 0.00, 0.00, 0.00
410,  0,  16.360,  0.98,  1, 0.20, 0.04, 0.47, 0.02, 0.14, 0.00, 0.00, 1.21, 0.99, 1.34, 0.15, 0.03, 0.00, 0.00, 0.04, 0.07, 0.03, 0.00, 0.00, 0.00, 1.00, 0.00, 0.00, 0.00, 1.00, 0.00, 1.00, 0.00, 0.00, 0.00, 0.00, 0.00, 0.00, 0.00, 0.00
411,  0,  16.400,  0.98,  1, 0.21, 0.04, 0.51, 0.00, 0.16, 0.00, 0.00, 1.12, 0.98, 1.34, 0.23, 0.03, 0.00, 0.00, 0.06, 0.07, 0.03, 0.00, 0.00, 0.00, 1.00, 0.00, 0.00, 0.00, 1.00, 0.00, 1.00, 0.00, 0.00, 0.00, 0.00, 0.00, 0.00, 0.00, 0.00
412,  0,  16.440,  0.98,  1, 0.21, 0.12, 0.50, 0.00, 0.21, 0.00, 0.01, 1.17, 1.02, 1.39, 0.14, 0.03, 0.00, 0.00, 0.14, 0.07, 0.00, 0.00, 0.00, 0.00, 1.00, 0.00, 0.00, 0.00, 1.00, 0.00, 1.00, 0.00, 0.00, 0.00, 0.00, 0.00, 0.00, 0.00, 0.00
413,  0,  16.480,  0.98,  1, 0.18, 0.13, 0.57, 0.00, 0.24, 0.00, 0.01, 1.09, 1.03, 1.28, 0.21, 0.01, 0.00, 0.00, 0.13, 0.00, 0.00, 0.00, 0.00, 0.00, 1.00, 0.00, 0.00, 0.00, 1.00, 0.00, 1.00, 0.00, 0.00, 0.00, 0.00, 0.00, 0.00, 0.00, 0.00
414,  0,  16.520,  0.98,  1, 0.21, 0.13, 0.54, 0.00, 0.25, 0.00, 0.01, 1.12, 1.05, 1.30, 0.26, 0.00, 0.00, 0.00, 0.10, 0.00, 0.00, 0.00, 0.00, 0.00, 1.00, 0.00, 0.00, 0.00, 1.00, 0.00, 1.00, 0.00, 0.00, 0.00, 0.00, 0.00, 0.00, 0.00, 0.00
415,  0,  16.560,  0.98,  1, 0.30, 0.14, 0.59, 0.00, 0.26, 0.00, 0.01, 1.03, 1.01, 1.32, 0.24, 0.00, 0.00, 0.00, 0.03, 0.06, 0.00, 0.00, 0.00, 0.00, 1.00, 0.00, 0.00, 0.00, 1.00, 0.00, 1.00, 0.00, 0.00, 0.00, 0.00, 0.00, 0.00, 0.00, 0.00
416,  0,  16.600,  0.98,  1, 0.37, 0.12, 0.53, 0.00, 0.28, 0.00, 0.07, 1.04, 1.01, 1.46, 0.13, 0.04, 0.00, 0.00, 0.00, 0.18, 0.00, 0.00, 0.00, 0.00, 1.00, 0.00, 0.00, 0.00, 1.00, 0.00, 1.00, 0.00, 0.00, 0.00, 0.00, 0.00, 0.00, 0.00, 0.00
417,  0,  16.640,  0.98,  1, 0.40, 0.21, 0.50, 0.00, 0.29, 0.00, 0.07, 1.05, 1.01, 1.43, 0.08, 0.06, 0.00, 0.00, 0.12, 0.18, 0.00, 0.00, 0.00, 0.00, 1.00, 0.00, 0.00, 0.00, 1.00, 0.00, 1.00, 0.00, 0.00, 0.00, 0.00, 0.00, 0.00, 0.00, 0.00
418,  0,  16.680,  0.98,  1, 0.26, 0.12, 0.35, 0.00, 0.32, 0.00, 0.06, 1.11, 1.02, 1.41, 0.11, 0.06, 0.00, 0.00, 0.12, 0.20, 0.00, 0.00, 0.00, 0.00, 1.00, 0.00, 0.00, 0.00, 1.00, 0.00, 1.00, 0.00, 0.00, 0.00, 0.00, 0.00, 0.00, 0.00, 0.00
419,  0,  16.720,  0.98,  1, 0.20, 0.12, 0.32, 0.04, 0.30, 0.00, 0.00, 1.13, 1.01, 1.31, 0.16, 0.06, 0.00, 0.01, 0.12, 0.11, 0.00, 0.00, 0.00, 0.00, 1.00, 0.00, 0.00, 0.00, 1.00, 0.00, 1.00, 0.00, 0.00, 0.00, 0.00, 0.00, 0.00, 0.00, 0.00
420,  0,  16.760,  0.98,  1, 0.15, 0.01, 0.33, 0.11, 0.28, 0.00, 0.00, 1.19, 0.96, 1.37, 0.09, 0.06, 0.00, 0.01, 0.03, 0.11, 0.00, 0.00, 0.00, 0.00, 1.00, 0.00, 0.00, 0.00, 1.00, 0.00, 1.00, 0.00, 0.00, 0.00, 0.00, 0.00, 0.00, 0.00, 0.00
421,  0,  16.800,  0.98,  1, 0.27, 0.14, 0.48, 0.11, 0.26, 0.00, 0.00, 1.21, 0.95, 1.42, 0.05, 0.12, 0.00, 0.01, 0.03, 0.02, 0.00, 0.00, 0.00, 0.00, 1.00, 0.00, 0.00, 0.00, 1.00, 0.00, 1.00, 0.00, 0.00, 0.00, 0.00, 0.00, 0.00, 0.00, 0.00
422,  0,  16.840,  0.98,  1, 0.35, 0.28, 0.50, 0.07, 0.27, 0.05, 0.00, 1.25, 0.98, 1.40, 0.00, 0.08, 0.00, 0.00, 0.07, 0.05, 0.00, 0.00, 0.00, 0.00, 1.00, 0.00, 0.00, 0.00, 1.00, 0.00, 1.00, 0.00, 0.00, 0.00, 0.00, 0.00, 0.00, 0.00, 0.00
423,  0,  16.880,  0.98,  1, 0.36, 0.32, 0.50, 0.00, 0.31, 0.05, 0.01, 1.18, 1.00, 1.34, 0.04, 0.10, 0.00, 0.00, 0.10, 0.05, 0.00, 0.00, 0.00, 0.00, 1.00, 0.00, 0.00, 0.00, 1.00, 0.00, 1.00, 0.00, 0.00, 0.00, 0.00, 0.00, 0.00, 0.00, 0.00
424,  0,  16.920,  0.98,  1, 0.38, 0.19, 0.59, 0.00, 0.28, 0.05, 0.01, 1.19, 0.99, 1.28, 0.11, 0.06, 0.00, 0.00, 0.14, 0.05, 0.06, 0.00, 0.00, 0.00, 1.00, 0.00, 0.00, 0.00, 1.00, 0.00, 1.00, 0.00, 0.00, 0.00, 0.00, 0.00, 0.00, 0.00, 0.00
425,  0,  16.960,  0.98,  1, 0.29, 0.05, 0.64, 0.00, 0.31, 0.00, 0.01, 1.18, 0.97, 1.34, 0.14, 0.09, 0.00, 0.00, 0.19, 0.08, 0.06, 0.00, 0.00, 0.00, 1.00, 0.00, 0.00, 0.00, 1.00, 0.00, 1.00, 0.00, 0.00, 0.00, 0.00, 0.00, 0.00, 0.00, 0.00
426,  0,  17.000,  0.98,  1, 0.28, 0.02, 0.65, 0.00, 0.28, 0.00, 0.00, 1.20, 1.01, 1.29, 0.18, 0.05, 0.00, 0.00, 0.15, 0.13, 0.07, 0.00, 0.00, 0.00, 1.00, 0.00, 0.00, 0.00, 1.00, 0.00, 1.00, 0.00, 0.00, 0.00, 0.00, 0.00, 0.00, 0.00, 0.00
427,  0,  17.040,  0.98,  1, 0.26, 0.02, 0.58, 0.00, 0.31, 0.00, 0.01, 1.14, 1.02, 1.21, 0.13, 0.03, 0.00, 0.00, 0.15, 0.22, 0.07, 0.00, 0.00, 0.00, 1.00, 0.00, 0.00, 0.00, 1.00, 0.00, 1.00, 0.00, 0.00, 0.00, 0.00, 0.00, 0.00, 0.00, 0.00
428,  0,  17.080,  0.98,  1, 0.22, 0.02, 0.57, 0.00, 0.26, 0.00, 0.01, 1.09, 1.04, 1.16, 0.30, 0.00, 0.00, 0.05, 0.06, 0.24, 0.07, 0.00, 0.00, 0.00, 1.00, 0.00, 0.00, 0.00, 1.00, 0.00, 1.00, 0.00, 0.00, 0.00, 0.00, 0.00, 0.00, 0.00, 0.00
429,  0,  17.120,  0.98,  1, 0.22, 0.00, 0.54, 0.00, 0.29, 0.00, 0.01, 1.08, 1.06, 1.24, 0.30, 0.13, 0.00, 0.10, 0.06, 0.28, 0.05, 0.00, 0.00, 0.00, 1.00, 0.00, 0.00, 0.00, 1.00, 0.00, 1.00, 0.00, 0.00, 0.00, 0.00, 0.00, 0.00, 0.00, 0.00
430,  0,  17.160,  0.98,  1, 0.13, 0.05, 0.48, 0.00, 0.26, 0.00, 0.00, 1.12, 1.06, 1.34, 0.28, 0.15, 0.00, 0.10, 0.02, 0.30, 0.00, 0.00, 0.00, 0.00, 1.00, 0.00, 0.00, 0.00, 1.00, 0.00, 1.00, 0.00, 0.00, 0.00, 0.00, 0.00, 0.00, 0.00, 0.00
431,  0,  17.200,  0.98,  1, 0.16, 0.09, 0.44, 0.00, 0.23, 0.00, 0.00, 1.17, 1.02, 1.36, 0.08, 0.20, 0.01, 0.06, 0.12, 0.22, 0.00, 0.00, 0.00, 0.00, 1.00, 0.00, 0.00, 0.00, 1.00, 0.00, 1.00, 0.00, 0.00, 0.00, 0.00, 0.00, 0.00, 0.00, 0.00
432,  0,  17.240,  0.98,  1, 0.19, 0.25, 0.45, 0.06, 0.19, 0.00, 0.00, 1.14, 0.99, 1.26, 0.00, 0.06, 0.01, 0.01, 0.10, 0.18, 0.00, 0.00, 0.00, 0.00, 1.00, 0.00, 0.00, 0.00, 1.00, 0.00, 1.00, 0.00, 0.00, 0.00, 0.00, 0.00, 0.00, 0.00, 0.00
433,  0,  17.280,  0.98,  1, 0.14, 0.21, 0.39, 0.06, 0.23, 0.01, 0.00, 1.20, 0.97, 1.23, 0.02, 0.08, 0.01, 0.01, 0.10, 0.10, 0.00, 0.00, 0.00, 0.00, 1.00, 0.00, 0.00, 0.00, 1.00, 0.00, 1.00, 0.00, 0.00, 0.00, 0.00, 0.00, 0.00, 0.00, 0.00
434,  0,  17.320,  0.98,  1, 0.09, 0.21, 0.37, 0.06, 0.27, 0.01, 0.00, 1.17, 0.99, 1.20, 0.02, 0.04, 0.00, 0.00, 0.10, 0.08, 0.00, 0.00, 0.00, 0.00, 1.00, 0.00, 0.00, 0.00, 1.00, 0.00, 1.00, 0.00, 0.00, 0.00, 0.00, 0.00, 0.00, 0.00, 0.00
435,  0,  17.360,  0.98,  1, 0.02, 0.05, 0.47, 0.00, 0.32, 0.01, 0.01, 1.18, 0.98, 1.29, 0.02, 0.09, 0.00, 0.00, 0.10, 0.03, 0.00, 0.00, 0.00, 0.00, 1.00, 0.00, 0.00, 0.00, 1.00, 0.00, 1.00, 0.00, 0.00, 0.00, 0.00, 0.00, 0.00, 0.00, 0.00
436,  0,  17.400,  0.98,  1, 0.09, 0.10, 0.57, 0.00, 0.30, 0.00, 0.01, 1.07, 1.00, 1.31, 0.01, 0.10, 0.00, 0.00, 0.13, 0.00, 0.00, 0.00, 0.00, 0.00, 1.00, 0.00, 0.00, 0.00, 1.00, 0.00, 1.00, 0.00, 0.00, 0.00, 0.00, 0.00, 0.00, 0.00, 0.00
437,  0,  17.440,  0.98,  1, 0.09, 0.05, 0.58, 0.00, 0.31, 0.01, 0.01, 1.19, 1.02, 1.27, 0.14, 0.11, 0.02, 0.00, 0.06, 0.00, 0.02, 0.00, 0.00, 0.00, 1.00, 0.00, 0.00, 0.00, 1.00, 0.00, 1.00, 0.00, 0.00, 0.00, 0.00, 0.00, 0.00, 0.00, 0.00
438,  0,  17.480,  0.98,  1, 0.11, 0.05, 0.46, 0.00, 0.32, 0.05, 0.00, 1.22, 1.04, 1.30, 0.31, 0.09, 0.02, 0.00, 0.10, 0.01, 0.02, 0.00, 0.00, 0.00, 1.00, 0.00, 0.00, 0.00, 1.00, 0.00, 1.00, 0.00, 0.00, 0.00, 0.00, 0.00, 0.00, 0.00, 0.00
439,  0,  17.520,  0.98,  1, 0.05, 0.00, 0.32, 0.00, 0.35, 0.15, 0.00, 1.22, 1.01, 1.29, 0.30, 0.05, 0.03, 0.00, 0.07, 0.03, 0.02, 0.00, 0.00, 0.00, 1.00, 0.00, 0.00, 0.00, 1.00, 0.00, 1.00, 0.00, 0.00, 0.00, 0.00, 0.00, 0.00, 0.00, 0.00
440,  0,  17.560,  0.98,  1, 0.10, 0.00, 0.26, 0.00, 0.37, 0.14, 0.00, 1.15, 0.97, 1.39, 0.28, 0.19, 0.01, 0.00, 0.05, 0.11, 0.00, 0.00, 0.00, 0.00, 1.00, 0.00, 0.00, 0.00, 1.00, 0.00, 1.00, 0.00, 0.00, 0.00, 0.00, 0.00, 0.00, 0.00, 0.00
441,  0,  17.600,  0.98,  1, 0.05, 0.00, 0.31, 0.00, 0.36, 0.17, 0.00, 1.14, 0.95, 1.28, 0.21, 0.27, 0.01, 0.00, 0.05, 0.16, 0.03, 0.00, 0.00, 0.00, 1.00, 0.00, 0.00, 0.00, 1.00, 0.00, 1.00, 0.00, 0.00, 0.00, 0.00, 0.00, 0.00, 0.00, 0.00
442,  0,  17.640,  0.98,  1, 0.05, 0.00, 0.39, 0.00, 0.33, 0.07, 0.00, 1.17, 0.97, 1.34, 0.21, 0.37, 0.00, 0.00, 0.04, 0.13, 0.03, 0.00, 0.00, 0.00, 1.00, 0.00, 0.00, 0.00, 1.00, 0.00, 1.00, 0.00, 0.00, 0.00, 0.00, 0.00, 0.00, 0.00, 0.00
443,  0,  17.680,  0.98,  1, 0.01, 0.01, 0.42, 0.00, 0.34, 0.06, 0.00, 1.19, 1.00, 1.26, 0.10, 0.30, 0.00, 0.00, 0.10, 0.08, 0.06, 0.00, 0.00, 0.00, 0.00, 0.00, 0.00, 0.00, 1.00, 0.00, 1.00, 0.00, 0.00, 0.00, 0.00, 0.00, 0.00, 0.00, 0.00
444,  0,  17.720,  0.98,  1, 0.08, 0.01, 0.45, 0.00, 0.36, 0.00, 0.00, 1.17, 1.05, 1.45, 0.07, 0.34, 0.00, 0.00, 0.06, 0.15, 0.02, 0.00, 0.00, 0.00, 1.00, 0.00, 0.00, 0.00, 1.00, 0.00, 1.00, 0.00, 0.00, 0.00, 0.00, 0.00, 0.00, 0.00, 0.00
445,  0,  17.760,  0.98,  1, 0.09, 0.05, 0.50, 0.00, 0.34, 0.01, 0.00, 1.24, 1.13, 1.26, 0.08, 0.24, 0.00, 0.00, 0.17, 0.17, 0.02, 0.00, 0.00, 0.00, 1.00, 0.00, 0.00, 0.00, 1.00, 0.00, 1.00, 0.00, 0.00, 0.00, 0.00, 0.00, 0.00, 0.00, 0.00
446,  0,  17.800,  0.98,  1, 0.11, 0.03, 0.49, 0.00, 0.34, 0.01, 0.00, 1.20, 1.17, 1.26, 0.08, 0.18, 0.00, 0.00, 0.22, 0.22, 0.00, 0.00, 0.00, 0.00, 1.00, 0.00, 0.00, 0.00, 1.00, 0.00, 1.00, 0.00, 0.00, 0.00, 0.00, 0.00, 0.00, 0.00, 0.00
447,  0,  17.840,  0.98,  1, 0.07, 0.03, 0.47, 0.00, 0.33, 0.05, 0.00, 1.13, 1.14, 1.11, 0.04, 0.03, 0.00, 0.00, 0.33, 0.18, 0.03, 0.00, 0.00, 0.00, 1.00, 0.00, 0.00, 0.00, 1.00, 0.00, 1.00, 0.00, 0.00, 0.00, 0.00, 0.00, 0.00, 0.00, 0.00
448,  0,  17.880,  0.98,  1, 0.06, 0.00, 0.46, 0.00, 0.34, 0.04, 0.00, 1.07, 1.12, 1.22, 0.04, 0.06, 0.00, 0.00, 0.23, 0.26, 0.07, 0.00, 0.00, 0.00, 1.00, 0.00, 0.00, 0.00, 1.00, 0.00, 1.00, 0.00, 0.00, 0.00, 0.00, 0.00, 0.00, 0.00, 0.00
449,  0,  17.920,  0.98,  1, 0.03, 0.03, 0.49, 0.00, 0.32, 0.04, 0.00, 1.03, 1.09, 1.19, 0.04, 0.12, 0.00, 0.02, 0.19, 0.28, 0.06, 0.00, 0.00, 0.00, 1.00, 0.00, 0.00, 0.00, 1.00, 0.00, 1.00, 0.00, 0.00, 0.00, 0.00, 0.00, 0.00, 0.00, 0.00
450,  0,  17.960,  0.98,  1, 0.05, 0.07, 0.50, 0.00, 0.29, 0.00, 0.00, 1.07, 1.03, 1.23, 0.01, 0.28, 0.07, 0.04, 0.18, 0.33, 0.04, 0.00, 0.00, 0.00, 1.00, 0.00, 0.00, 0.00, 1.00, 0.00, 1.00, 0.00, 0.00, 0.00, 0.00, 0.00, 0.00, 0.00, 0.00
451,  0,  18.000,  0.98,  1, 0.05, 0.07, 0.36, 0.00, 0.34, 0.01, 0.01, 1.07, 0.95, 1.39, 0.00, 0.39, 0.07, 0.11, 0.18, 0.30, 0.00, 0.00, 0.00, 0.00, 1.00, 0.00, 0.00, 0.00, 1.00, 0.00, 1.00, 0.00, 0.00, 0.00, 0.00, 0.00, 0.00, 0.00, 0.00
452,  0,  18.040,  0.98,  1, 0.04, 0.05, 0.37, 0.00, 0.38, 0.01, 0.02, 1.04, 0.95, 1.45, 0.00, 0.36, 0.07, 0.10, 0.12, 0.33, 0.03, 0.00, 0.00, 0.00, 1.00, 0.00, 0.00, 0.00, 1.00, 0.00, 1.00, 0.00, 0.00, 0.00, 0.00, 0.00, 0.00, 0.00, 0.00
453,  0,  18.080,  0.98,  1, 0.00, 0.01, 0.38, 0.00, 0.44, 0.04, 0.02, 1.16, 1.03, 1.51, 0.05, 0.23, 0.00, 0.12, 0.07, 0.27, 0.17, 0.00, 0.00, 0.00, 1.00, 0.00, 0.00, 0.00, 1.00, 0.00, 1.00, 0.00, 0.00, 0.00, 0.00, 0.00, 0.00, 0.00, 0.00
454,  0,  18.120,  0.98,  1, 0.00, 0.00, 0.50, 0.00, 0.38, 0.03, 0.01, 1.16, 1.03, 1.51, 0.05, 0.25, 0.00, 0.04, 0.14, 0.29, 0.17, 0.00, 0.00, 0.00, 1.00, 0.00, 0.00, 0.00, 1.00, 0.00, 1.00, 0.00, 0.00, 0.00, 0.00, 0.00, 0.00, 0.00, 0.00
455,  0,  18.160,  0.98,  1, 0.00, 0.00, 0.43, 0.00, 0.43, 0.03, 0.00, 1.32, 1.05, 1.60, 0.05, 0.31, 0.05, 0.06, 0.13, 0.18, 0.14, 0.00, 0.00, 0.00, 1.00, 0.00, 0.00, 0.00, 1.00, 0.00, 1.00, 0.00, 0.00, 0.00, 0.00, 0.00, 0.00, 0.00, 0.00
456,  0,  18.200,  0.98,  1, 0.01, 0.04, 0.49, 0.00, 0.45, 0.24, 0.00, 1.35, 1.04, 1.57, 0.00, 0.42, 0.05, 0.03, 0.07, 0.17, 0.19, 0.00, 0.00, 0.00, 0.00, 0.00, 0.00, 0.00, 1.00, 0.00, 1.00, 0.00, 0.00, 0.00, 0.00, 0.00, 0.00, 0.00, 0.00
457,  0,  18.240,  0.98,  1, 0.01, 0.08, 0.49, 0.00, 0.57, 0.24, 0.00, 1.52, 1.16, 1.55, 0.00, 0.40, 0.05, 0.03, 0.10, 0.28, 1.01, 0.00, 0.00, 0.00, 0.00, 0.00, 0.00, 0.00, 1.00, 0.00, 1.00, 0.00, 0.00, 0.00, 0.00, 0.00, 0.00, 0.00, 1.00
458,  0,  18.280,  0.98,  1, 0.01, 0.08, 0.67, 0.00, 0.70, 0.33, 0.00, 1.57, 1.15, 1.60, 0.00, 0.39, 0.00, 0.00, 0.29, 0.42, 1.77, 0.00, 0.00, 0.00, 0.00, 0.00, 0.00, 0.00, 1.00, 0.00, 1.00, 0.00, 0.00, 0.00, 0.00, 0.00, 0.00, 0.00, 1.00
459,  0,  18.320,  0.98,  1, 0.00, 0.03, 0.68, 0.00, 0.84, 0.45, 0.03, 1.63, 1.13, 1.68, 0.05, 0.44, 0.00, 0.00, 0.42, 0.45, 2.24, 0.00, 0.00, 0.00, 0.00, 0.00, 0.00, 0.00, 1.00, 0.00, 1.00, 0.00, 0.00, 0.00, 0.00, 0.00, 0.00, 0.00, 1.00
460,  0,  18.360,  0.98,  1, 0.00, 0.00, 0.75, 0.00, 0.88, 0.55, 0.03, 1.68, 1.04, 1.68, 0.05, 0.30, 0.01, 0.00, 0.46, 0.35, 1.85, 0.00, 0.00, 0.00, 0.00, 0.00, 0.00, 0.00, 1.00, 0.00, 1.00, 0.00, 0.00, 0.00, 0.00, 0.00, 0.00, 0.00, 1.00
461,  0,  18.400,  0.98,  1, 0.00, 0.00, 0.75, 0.00, 0.82, 0.71, 0.03, 1.71, 1.01, 1.61, 0.05, 0.35, 0.01, 0.00, 0.31, 0.29, 1.57, 0.00, 0.00, 0.00, 0.00, 0.00, 0.00, 0.00, 1.00, 0.00, 1.00, 0.00, 0.00, 0.00, 0.00, 0.00, 0.00, 0.00, 1.00
462,  0,  18.440,  0.98,  1, 0.00, 0.00, 0.73, 0.00, 0.71, 0.40, 0.00, 1.71, 1.00, 1.50, 0.21, 0.20, 0.01, 0.00, 0.28, 0.31, 1.15, 0.00, 0.00, 0.00, 0.00, 0.00, 0.00, 0.00, 1.00, 0.00, 1.00, 0.00, 0.00, 0.00, 0.00, 0.00, 0.00, 0.00, 1.00
463,  0,  18.480,  0.98,  1, 0.00, 0.00, 0.73, 0.00, 0.66, 0.38, 0.00, 1.61, 0.94, 1.39, 0.24, 0.38, 0.00, 0.00, 0.26, 0.34, 0.83, 0.00, 0.00, 0.00, 0.00, 0.00, 0.00, 0.00, 1.00, 0.00, 1.00, 0.00, 0.00, 0.00, 0.00, 0.00, 0.00, 0.00, 1.00
464,  0,  18.520,  0.98,  1, 0.00, 0.00, 0.66, 0.00, 0.60, 0.15, 0.00, 1.48, 0.92, 1.31, 0.24, 0.43, 0.00, 0.02, 0.28, 0.44, 0.35, 0.00, 0.00, 0.00, 0.00, 0.00, 0.00, 0.00, 1.00, 0.00, 1.00, 0.00, 0.00, 0.00, 0.00, 0.00, 0.00, 0.00, 1.00
465,  0,  18.560,  0.98,  1, 0.01, 0.00, 0.66, 0.00, 0.52, 0.10, 0.00, 1.32, 0.91, 1.34, 0.06, 0.53, 0.00, 0.02, 0.19, 0.39, 0.15, 0.00, 0.00, 0.00, 0.00, 0.00, 0.00, 0.00, 1.00, 0.00, 1.00, 0.00, 0.00, 0.00, 0.00, 0.00, 0.00, 0.00, 1.00
466,  0,  18.600,  0.98,  1, 0.01, 0.00, 0.60, 0.00, 0.49, 0.03, 0.00, 1.28, 0.95, 1.30, 0.11, 0.49, 0.02, 0.02, 0.06, 0.29, 0.16, 0.00, 0.00, 0.00, 0.00, 0.00, 0.00, 0.00, 1.00, 0.00, 1.00, 0.00, 0.00, 0.00, 0.00, 0.00, 0.00, 0.00, 0.00
467,  0,  18.640,  0.98,  1, 0.01, 0.00, 0.64, 0.00, 0.47, 0.00, 0.00, 1.26, 0.92, 1.35, 0.26, 0.49, 0.02, 0.02, 0.00, 0.25, 0.16, 0.00, 0.00, 0.00, 0.00, 0.00, 0.00, 0.00, 1.00, 0.00, 1.00, 0.00, 0.00, 0.00, 0.00, 0.00, 0.00, 0.00, 0.00
468,  0,  18.680,  0.98,  1, 0.00, 0.00, 0.68, 0.00, 0.47, 0.00, 0.00, 1.34, 0.93, 1.37, 0.28, 0.51, 0.02, 0.02, 0.05, 0.42, 0.13, 0.00, 0.00, 0.00, 0.00, 0.00, 0.00, 0.00, 1.00, 0.00, 1.00, 0.00, 0.00, 0.00, 0.00, 0.00, 0.00, 0.00, 0.00
469,  0,  18.720,  0.98,  1, 0.00, 0.00, 0.63, 0.00, 0.43, 0.06, 0.00, 1.34, 0.96, 1.54, 0.20, 0.65, 0.00, 0.07, 0.07, 0.74, 0.20, 0.00, 0.00, 0.00, 0.00, 0.00, 0.00, 0.00, 1.00, 0.00, 1.00, 0.00, 0.00, 0.00, 0.00, 0.00, 0.00, 0.00, 0.00
470,  0,  18.760,  0.98,  1, 0.02, 0.00, 0.69, 0.00, 0.43, 0.06, 0.00, 1.44, 1.03, 1.58, 0.16, 0.56, 0.00, 0.04, 0.12, 0.72, 0.20, 0.00, 0.00, 0.00, 0.00, 0.00, 0.00, 0.00, 1.00, 0.00, 1.00, 0.00, 0.00, 0.00, 0.00, 0.00, 0.00, 0.00, 0.00
471,  0,  18.800,  0.98,  1, 0.02, 0.00, 0.69, 0.00, 0.46, 0.10, 0.00, 1.48, 1.06, 1.66, 0.13, 0.47, 0.00, 0.07, 0.16, 0.73, 0.21, 0.00, 0.00, 0.00, 0.00, 0.00, 0.00, 0.00, 1.00, 0.00, 1.00, 0.00, 0.00, 0.00, 0.00, 0.00, 0.00, 0.00, 0.00
472,  0,  18.840,  0.98,  1, 0.03, 0.05, 0.74, 0.00, 0.39, 0.04, 0.00, 1.42, 1.08, 1.48, 0.12, 0.25, 0.04, 0.04, 0.14, 0.45, 0.02, 0.00, 0.00, 0.00, 0.00, 0.00, 0.00, 0.00, 1.00, 0.00, 1.00, 0.00, 0.00, 0.00, 0.00, 0.00, 0.00, 0.00, 0.00
473,  0,  18.880,  0.98,  1, 0.09, 0.10, 0.65, 0.00, 0.34, 0.07, 0.03, 1.35, 1.13, 1.50, 0.01, 0.21, 0.04, 0.04, 0.09, 0.47, 0.02, 0.00, 0.00, 0.00, 0.00, 0.00, 0.00, 0.00, 1.00, 0.00, 1.00, 0.00, 0.00, 0.00, 0.00, 0.00, 0.00, 0.00, 0.00
474,  0,  18.920,  0.98,  1, 0.10, 0.10, 0.58, 0.00, 0.27, 0.02, 0.03, 1.28, 1.12, 1.49, 0.10, 0.24, 0.04, 0.02, 0.00, 0.37, 0.00, 0.00, 0.00, 0.00, 0.00, 0.00, 0.00, 0.00, 1.00, 0.00, 1.00, 0.00, 0.00, 0.00, 0.00, 0.00, 0.00, 0.00, 0.00
475,  0,  18.960,  0.98,  1, 0.13, 0.06, 0.58, 0.00, 0.35, 0.02, 0.05, 1.35, 1.08, 1.59, 0.23, 0.17, 0.00, 0.01, 0.00, 0.30, 0.00, 0.00, 0.00, 0.00, 1.00, 0.00, 0.00, 0.00, 1.00, 0.00, 1.00, 0.00, 0.00, 0.00, 0.00, 0.00, 0.00, 0.00, 0.00
476,  0,  19.000,  0.98,  1, 0.05, 0.01, 0.62, 0.00, 0.35, 0.02, 0.01, 1.35, 1.09, 1.67, 0.38, 0.21, 0.00, 0.01, 0.03, 0.36, 0.07, 0.00, 0.00, 0.00, 1.00, 0.00, 0.00, 0.00, 1.00, 0.00, 1.00, 0.00, 0.00, 0.00, 0.00, 0.00, 0.00, 0.00, 0.00
477,  0,  19.040,  0.98,  1, 0.09, 0.01, 0.64, 0.11, 0.36, 0.02, 0.01, 1.24, 1.06, 1.60, 0.39, 0.21, 0.00, 0.00, 0.14, 0.37, 0.10, 0.00, 0.00, 0.00, 1.00, 0.00, 0.00, 0.00, 1.00, 0.00, 1.00, 0.00, 0.00, 0.00, 0.00, 0.00, 0.00, 0.00, 0.00
478,  0,  19.080,  0.98,  1, 0.09, 0.04, 0.60, 0.11, 0.31, 0.02, 0.02, 1.15, 1.07, 1.66, 0.33, 0.21, 0.00, 0.00, 0.17, 0.37, 0.18, 0.00, 0.00, 0.00, 1.00, 0.00, 0.00, 0.00, 1.00, 0.00, 1.00, 0.00, 0.00, 0.00, 0.00, 0.00, 0.00, 0.00, 0.00
479,  0,  19.120,  0.98,  1, 0.14, 0.14, 0.49, 0.11, 0.29, 0.00, 0.02, 0.99, 1.05, 1.51, 0.19, 0.19, 0.00, 0.00, 0.30, 0.39, 0.21, 0.00, 0.00, 0.00, 1.00, 0.00, 0.00, 0.00, 1.00, 0.00, 1.00, 0.00, 0.00, 0.00, 0.00, 0.00, 0.00, 0.00, 0.00
480,  0,  19.160,  0.98,  1, 0.22, 0.17, 0.48, 0.02, 0.22, 0.04, 0.05, 1.03, 1.07, 1.46, 0.16, 0.09, 0.00, 0.00, 0.23, 0.30, 0.26, 0.00, 0.00, 0.00, 1.00, 0.00, 0.00, 0.00, 1.00, 0.00, 1.00, 0.00, 0.00, 0.00, 0.00, 0.00, 0.00, 0.00, 0.00
481,  0,  19.200,  0.98,  1, 0.25, 0.13, 0.52, 0.02, 0.23, 0.04, 0.04, 1.15, 1.13, 1.49, 0.15, 0.13, 0.00, 0.00, 0.21, 0.29, 0.23, 0.00, 0.00, 0.00, 1.00, 0.00, 0.00, 0.00, 1.00, 0.00, 1.00, 0.00, 0.00, 0.00, 0.00, 0.00, 0.00, 0.00, 0.00
482,  0,  19.240,  0.98,  1, 0.25, 0.03, 0.57, 0.02, 0.25, 0.04, 0.09, 1.26, 1.11, 1.67, 0.19, 0.08, 0.00, 0.00, 0.08, 0.18, 0.18, 0.00, 0.00, 0.00, 1.00, 0.00, 0.00, 0.00, 1.00, 0.00, 1.00, 0.00, 0.00, 0.00, 0.00, 0.00, 0.00, 0.00, 0.00
483,  0,  19.280,  0.98,  1, 0.18, 0.00, 0.67, 0.00, 0.29, 0.00, 0.11, 1.28, 1.09, 1.75, 0.23, 0.11, 0.00, 0.00, 0.17, 0.12, 0.09, 0.00, 0.00, 0.00, 1.00, 0.00, 0.00, 0.00, 1.00, 0.00, 1.00, 0.00, 0.00, 0.00, 0.00, 0.00, 0.00, 0.00, 0.00
484,  0,  19.320,  0.98,  1, 0.20, 0.00, 0.71, 0.00, 0.34, 0.04, 0.14, 1.18, 1.06, 1.68, 0.17, 0.14, 0.00, 0.00, 0.20, 0.12, 0.05, 0.00, 0.00, 0.00, 1.00, 0.00, 0.00, 0.00, 1.00, 0.00, 1.00, 0.00, 0.00, 0.00, 0.00, 0.00, 0.00, 0.00, 0.00
485,  0,  19.360,  0.98,  1, 0.18, 0.05, 0.74, 0.00, 0.30, 0.04, 0.12, 1.13, 1.02, 1.60, 0.11, 0.19, 0.00, 0.00, 0.26, 0.16, 0.02, 0.00, 0.00, 0.00, 1.00, 0.00, 0.00, 0.00, 1.00, 0.00, 1.00, 0.00, 0.00, 0.00, 0.00, 0.00, 0.00, 0.00, 0.00
486,  0,  19.400,  0.98,  1, 0.31, 0.09, 0.70, 0.00, 0.31, 0.04, 0.13, 1.01, 1.00, 1.65, 0.04, 0.28, 0.00, 0.00, 0.14, 0.20, 0.12, 0.00, 0.00, 0.00, 1.00, 0.00, 0.00, 0.00, 1.00, 0.00, 1.00, 0.00, 0.00, 0.00, 0.00, 0.00, 0.00, 0.00, 0.00
487,  0,  19.440,  0.98,  1, 0.27, 0.12, 0.70, 0.00, 0.26, 0.00, 0.19, 1.00, 0.93, 1.57, 0.04, 0.34, 0.00, 0.00, 0.10, 0.20, 0.12, 0.00, 0.00, 0.00, 1.00, 0.00, 0.00, 0.00, 1.00, 0.00, 1.00, 0.00, 0.00, 0.00, 0.00, 0.00, 0.00, 0.00, 0.00
488,  0,  19.480,  0.98,  1, 0.38, 0.10, 0.79, 0.00, 0.35, 0.00, 0.25, 1.04, 0.93, 1.58, 0.06, 0.35, 0.00, 0.00, 0.01, 0.22, 0.18, 0.00, 0.00, 0.00, 1.00, 0.00, 0.00, 0.00, 1.00, 0.00, 1.00, 0.00, 0.00, 0.00, 0.00, 0.00, 0.00, 0.00, 0.00
489,  0,  19.520,  0.98,  1, 0.25, 0.06, 0.76, 0.00, 0.37, 0.00, 0.25, 1.14, 0.96, 1.49, 0.04, 0.41, 0.00, 0.00, 0.00, 0.20, 0.07, 0.00, 0.00, 0.00, 1.00, 0.00, 0.00, 0.00, 1.00, 0.00, 1.00, 0.00, 0.00, 0.00, 0.00, 0.00, 0.00, 0.00, 0.00
490,  0,  19.560,  0.98,  1, 0.24, 0.03, 0.68, 0.00, 0.43, 0.00, 0.20, 1.20, 1.05, 1.63, 0.08, 0.37, 0.00, 0.00, 0.17, 0.28, 0.18, 0.00, 0.00, 0.00, 1.00, 0.00, 0.00, 0.00, 1.00, 0.00, 1.00, 0.00, 0.00, 0.00, 0.00, 0.00, 0.00, 0.00, 0.00
491,  0,  19.600,  0.98,  1, 0.12, 0.00, 0.55, 0.00, 0.42, 0.00, 0.12, 1.20, 1.12, 1.52, 0.06, 0.38, 0.00, 0.00, 0.29, 0.35, 0.11, 0.00, 0.00, 0.00, 1.00, 0.00, 0.00, 0.00, 1.00, 0.00, 0.00, 0.00, 0.00, 0.00, 0.00, 0.00, 0.00, 0.00, 0.00
492,  0,  19.640,  0.98,  1, 0.07, 0.00, 0.58, 0.00, 0.43, 0.00, 0.05, 1.17, 1.07, 1.46, 0.24, 0.42, 0.00, 0.00, 0.33, 0.49, 0.11, 0.00, 0.00, 0.00, 1.00, 0.00, 0.00, 0.00, 1.00, 0.00, 0.00, 0.00, 0.00, 0.00, 0.00, 0.00, 0.00, 0.00, 0.00
493,  0,  19.680,  0.98,  1, 0.04, 0.00, 0.61, 0.00, 0.36, 0.00, 0.07, 1.11, 1.02, 1.33, 0.24, 0.46, 0.00, 0.00, 0.16, 0.60, 0.00, 0.00, 0.00, 0.00, 1.00, 0.00, 0.00, 0.00, 1.00, 0.00, 0.00, 0.00, 0.00, 0.00, 0.00, 0.00, 0.00, 0.00, 0.00
494,  0,  19.720,  0.98,  1, 0.13, 0.05, 0.62, 0.00, 0.33, 0.00, 0.10, 1.11, 0.97, 1.29, 0.31, 0.42, 0.00, 0.00, 0.17, 0.40, 0.01, 0.00, 0.00, 0.00, 1.00, 0.00, 0.00, 0.00, 1.00, 0.00, 0.00, 0.00, 0.00, 0.00, 0.00, 0.00, 0.00, 0.00, 0.00
495,  0,  19.760,  0.98,  1, 0.30, 0.15, 0.60, 0.00, 0.31, 0.00, 0.17, 1.10, 0.99, 1.29, 0.34, 0.32, 0.00, 0.00, 0.23, 0.23, 0.01, 0.00, 0.00, 0.00, 1.00, 0.00, 0.00, 0.00, 1.00, 0.00, 0.00, 0.00, 0.00, 0.00, 0.00, 0.00, 0.00, 0.00, 0.00
496,  0,  19.800,  0.98,  1, 0.39, 0.15, 0.64, 0.00, 0.31, 0.00, 0.14, 1.18, 0.97, 1.37, 0.42, 0.24, 0.00, 0.00, 0.34, 0.05, 0.07, 0.00, 0.00, 0.00, 1.00, 0.00, 0.00, 0.00, 1.00, 0.00, 0.00, 0.00, 0.00, 0.00, 0.00, 0.00, 0.00, 0.00, 0.00
497,  0,  19.840,  0.98,  1, 0.36, 0.10, 0.69, 0.00, 0.27, 0.12, 0.15, 1.15, 0.94, 1.50, 0.49, 0.30, 0.00, 0.00, 0.31, 0.01, 0.06, 0.00, 0.00, 0.00, 1.00, 0.00, 0.00, 0.00, 1.00, 0.00, 1.00, 0.00, 0.00, 0.00, 0.00, 0.00, 0.00, 0.00, 0.00
498,  0,  19.880,  0.98,  1, 0.26, 0.11, 0.71, 0.00, 0.27, 0.12, 0.17, 1.23, 0.93, 1.53, 0.27, 0.23, 0.00, 0.00, 0.33, 0.02, 0.06, 0.00, 0.00, 0.00, 1.00, 0.00, 0.00, 0.00, 1.00, 0.00, 1.00, 0.00, 0.00, 0.00, 0.00, 0.00, 0.00, 0.00, 0.00
499,  0,  19.920,  0.98,  1, 0.17, 0.11, 0.68, 0.00, 0.27, 0.12, 0.20, 1.19, 0.88, 1.50, 0.14, 0.35, 0.00, 0.00, 0.24, 0.09, 0.00, 0.00, 0.00, 0.00, 1.00, 0.00, 0.00, 0.00, 1.00, 0.00, 1.00, 0.00, 0.00, 0.00, 0.00, 0.00, 0.00, 0.00, 0.00
500,  0,  19.960,  0.98,  1, 0.09, 0.12, 0.63, 0.01, 0.25, 0.00, 0.15, 1.22, 0.94, 1.34, 0.00, 0.36, 0.00, 0.00, 0.16, 0.19, 0.05, 0.00, 0.00, 0.00, 1.00, 0.00, 0.00, 0.00, 1.00, 0.00, 1.00, 0.00, 0.00, 0.00, 0.00, 0.00, 0.00, 0.00, 0.00
501,  0,  20.000,  0.98,  1, 0.02, 0.02, 0.64, 0.06, 0.27, 0.02, 0.08, 1.16, 0.94, 1.27, 0.03, 0.41, 0.00, 0.00, 0.03, 0.23, 0.05, 0.00, 0.00, 0.00, 1.00, 0.00, 0.00, 0.00, 1.00, 0.00, 1.00, 0.00, 0.00, 0.00, 0.00, 0.00, 0.00, 0.00, 0.00
502,  0,  20.040,  0.98,  1, 0.02, 0.02, 0.68, 0.06, 0.34, 0.10, 0.03, 1.25, 0.99, 1.25, 0.07, 0.34, 0.02, 0.00, 0.04, 0.22, 0.05, 0.00, 0.00, 0.00, 1.00, 0.00, 0.00, 0.00, 1.00, 0.00, 1.00, 0.00, 0.00, 0.00, 0.00, 0.00, 0.00, 0.00, 0.00
503,  0,  20.080,  0.98,  1, 0.04, 0.00, 0.76, 0.05, 0.40, 0.10, 0.05, 1.30, 1.01, 1.39, 0.17, 0.30, 0.02, 0.00, 0.06, 0.19, 0.00, 0.00, 0.00, 0.00, 1.00, 0.00, 0.00, 0.00, 1.00, 0.00, 1.00, 0.00, 0.00, 0.00, 0.00, 0.00, 0.00, 0.00, 0.00
504,  0,  20.120,  0.98,  1, 0.04, 0.00, 0.80, 0.00, 0.46, 0.08, 0.08, 1.42, 1.13, 1.48, 0.18, 0.28, 0.02, 0.00, 0.13, 0.28, 0.03, 0.00, 0.00, 0.00, 1.00, 0.00, 0.00, 0.00, 1.00, 0.00, 1.00, 0.00, 0.00, 0.00, 0.00, 0.00, 0.00, 0.00, 0.00
505,  0,  20.160,  0.98,  1, 0.08, 0.00, 0.77, 0.00, 0.38, 0.00, 0.09, 1.33, 1.19, 1.53, 0.23, 0.30, 0.00, 0.00, 0.19, 0.32, 0.07, 0.00, 0.00, 0.00, 1.00, 0.00, 0.00, 0.00, 1.00, 0.00, 1.00, 0.00, 0.00, 0.00, 0.00, 0.00, 0.00, 0.00, 0.00
506,  0,  20.200,  0.98,  1, 0.04, 0.00, 0.73, 0.00, 0.37, 0.00, 0.08, 1.23, 1.20, 1.48, 0.16, 0.30, 0.00, 0.00, 0.18, 0.34, 0.08, 0.00, 0.00, 0.00, 1.00, 0.00, 0.00, 0.00, 1.00, 0.00, 1.00, 0.00, 0.00, 0.00, 0.00, 0.00, 0.00, 0.00, 0.00
507,  0,  20.240,  0.98,  1, 0.04, 0.00, 0.65, 0.00, 0.34, 0.02, 0.04, 1.19, 1.13, 1.53, 0.22, 0.21, 0.00, 0.00, 0.11, 0.32, 0.05, 0.00, 0.00, 0.00, 1.00, 0.00, 0.00, 0.00, 1.00, 0.00, 1.00, 0.00, 0.00, 0.00, 0.00, 0.00, 0.00, 0.00, 0.00
508,  0,  20.280,  0.98,  1, 0.04, 0.02, 0.68, 0.04, 0.38, 0.07, 0.06, 1.29, 1.09, 1.57, 0.28, 0.12, 0.00, 0.00, 0.05, 0.34, 0.08, 0.00, 0.00, 0.00, 1.00, 0.00, 0.00, 0.00, 1.00, 0.00, 1.00, 0.00, 0.00, 0.00, 0.00, 0.00, 0.00, 0.00, 0.00
509,  0,  20.320,  0.98,  1, 0.04, 0.02, 0.73, 0.04, 0.40, 0.09, 0.10, 1.36, 1.05, 1.68, 0.31, 0.04, 0.00, 0.00, 0.14, 0.37, 0.12, 0.00, 0.00, 0.00, 1.00, 0.00, 0.00, 0.00, 1.00, 0.00, 1.00, 0.00, 0.00, 0.00, 0.00, 0.00, 0.00, 0.00, 0.00
510,  0,  20.360,  0.98,  1, 0.04, 0.02, 0.72, 0.04, 0.45, 0.07, 0.15, 1.34, 1.07, 1.62, 0.25, 0.04, 0.00, 0.00, 0.20, 0.36, 0.12, 0.00, 0.00, 0.00, 1.00, 0.00, 0.00, 0.00, 1.00, 0.00, 1.00, 0.00, 0.00, 0.00, 0.00, 0.00, 0.00, 0.00, 0.00
511,  0,  20.400,  0.98,  1, 0.00, 0.00, 0.68, 0.00, 0.51, 0.07, 0.16, 1.32, 1.07, 1.68, 0.10, 0.22, 0.00, 0.00, 0.21, 0.33, 0.12, 0.00, 0.00, 0.00, 1.00, 0.00, 0.00, 0.00, 1.00, 0.00, 1.00, 0.00, 0.00, 0.00, 0.00, 0.00, 0.00, 0.00, 0.00
512,  0,  20.440,  0.98,  1, 0.03, 0.01, 0.59, 0.00, 0.52, 0.14, 0.15, 1.34, 1.08, 1.66, 0.03, 0.28, 0.00, 0.00, 0.15, 0.30, 0.13, 0.00, 0.00, 0.00, 1.00, 0.00, 0.00, 0.00, 1.00, 0.00, 1.00, 0.00, 0.00, 0.00, 0.00, 0.00, 0.00, 0.00, 0.00
513,  0,  20.480,  0.98,  1, 0.06, 0.01, 0.54, 0.01, 0.46, 0.21, 0.18, 1.23, 1.04, 1.77, 0.00, 0.30, 0.00, 0.00, 0.09, 0.24, 0.16, 0.00, 0.00, 0.00, 1.00, 0.00, 0.00, 0.00, 1.00, 0.00, 1.00, 0.00, 0.00, 0.00, 0.00, 0.00, 0.00, 0.00, 0.00
514,  0,  20.520,  0.98,  1, 0.11, 0.03, 0.57, 0.01, 0.38, 0.29, 0.16, 1.17, 1.04, 1.73, 0.07, 0.15, 0.00, 0.00, 0.07, 0.17, 0.17, 0.00, 0.00, 0.00, 1.00, 0.00, 0.00, 0.00, 1.00, 0.00, 1.00, 0.00, 0.00, 0.00, 0.00, 0.00, 0.00, 0.00, 0.00
515,  0,  20.560,  0.98,  1, 0.12, 0.02, 0.62, 0.01, 0.39, 0.39, 0.17, 1.20, 1.05, 1.72, 0.14, 0.10, 0.00, 0.00, 0.00, 0.19, 0.22, 0.00, 0.00, 0.00, 1.00, 0.00, 0.00, 0.00, 1.00, 0.00, 1.00, 0.00, 0.00, 0.00, 0.00, 0.00, 0.00, 0.00, 0.00
516,  0,  20.600,  0.98,  1, 0.09, 0.02, 0.64, 0.00, 0.41, 0.48, 0.08, 1.30, 1.06, 1.54, 0.34, 0.08, 0.00, 0.00, 0.00, 0.30, 0.31, 0.00, 0.00, 0.00, 1.00, 0.00, 0.00, 0.00, 1.00, 0.00, 1.00, 0.00, 0.00, 0.00, 0.00, 0.00, 0.00, 0.00, 0.00
517,  0,  20.640,  0.98,  1, 0.05, 0.00, 0.51, 0.00, 0.46, 0.36, 0.10, 1.25, 1.03, 1.51, 0.29, 0.03, 0.00, 0.00, 0.01, 0.30, 0.22, 0.00, 0.00, 0.00, 1.00, 0.00, 0.00, 0.00, 1.00, 0.00, 1.00, 0.00, 0.00, 0.00, 0.00, 0.00, 0.00, 0.00, 0.00
518,  0,  20.680,  0.98,  1, 0.06, 0.06, 0.41, 0.00, 0.41, 0.17, 0.04, 1.21, 1.03, 1.39, 0.34, 0.01, 0.00, 0.00, 0.10, 0.18, 0.18, 0.00, 0.00, 0.00, 1.00, 0.00, 0.00, 0.00, 1.00, 0.00, 0.00, 0.00, 0.00, 0.00, 0.00, 0.00, 0.00, 0.00, 0.00
519,  0,  20.720,  0.98,  1, 0.11, 0.06, 0.35, 0.00, 0.40, 0.09, 0.10, 1.16, 0.99, 1.43, 0.13, 0.01, 0.00, 0.02, 0.21, 0.00, 0.05, 0.00, 0.00, 0.00, 1.00, 0.00, 0.00, 0.00, 1.00, 0.00, 0.00, 0.00, 0.00, 0.00, 0.00, 0.00, 0.00, 0.00, 0.00
520,  0,  20.760,  0.98,  1, 0.16, 0.06, 0.41, 0.00, 0.34, 0.09, 0.11, 1.18, 0.97, 1.32, 0.11, 0.00, 0.00, 0.02, 0.29, 0.02, 0.05, 0.00, 0.00, 0.00, 1.00, 0.00, 0.00, 0.00, 1.00, 0.00, 0.00, 0.00, 0.00, 0.00, 0.00, 0.00, 0.00, 0.00, 0.00
521,  0,  20.800,  0.98,  1, 0.20, 0.04, 0.44, 0.00, 0.36, 0.09, 0.14, 1.13, 0.93, 1.41, 0.00, 0.06, 0.00, 0.07, 0.29, 0.02, 0.00, 0.00, 0.00, 0.00, 1.00, 0.00, 0.00, 0.00, 1.00, 0.00, 0.00, 0.00, 0.00, 0.00, 0.00, 0.00, 0.00, 0.00, 0.00
522,  0,  20.840,  0.98,  1, 0.31, 0.10, 0.51, 0.00, 0.42, 0.01, 0.08, 1.17, 0.98, 1.39, 0.09, 0.06, 0.00, 0.05, 0.29, 0.02, 0.00, 0.00, 0.00, 0.00, 1.00, 0.00, 0.00, 0.00, 1.00, 0.00, 0.00, 0.00, 0.00, 0.00, 0.00, 0.00, 0.00, 0.00, 0.00
523,  0,  20.880,  0.98,  1, 0.36, 0.10, 0.50, 0.00, 0.46, 0.01, 0.05, 1.19, 1.00, 1.42, 0.09, 0.06, 0.05, 0.05, 0.35, 0.00, 0.00, 0.00, 0.00, 0.00, 1.00, 0.00, 0.00, 0.00, 1.00, 0.00, 0.00, 0.00, 0.00, 0.00, 0.00, 0.00, 0.00, 0.00, 0.00
524,  0,  20.920,  0.98,  1, 0.29, 0.06, 0.57, 0.00, 0.48, 0.08, 0.05, 1.23, 1.03, 1.40, 0.09, 0.01, 0.05, 0.01, 0.38, 0.00, 0.00, 0.00, 0.00, 0.00, 1.00, 0.00, 0.00, 0.00, 1.00, 0.00, 0.00, 0.00, 0.00, 0.00, 0.00, 0.00, 0.00, 0.00, 0.00
525,  0,  20.960,  0.98,  1, 0.13, 0.01, 0.53, 0.00, 0.41, 0.08, 0.05, 1.30, 0.98, 1.37, 0.05, 0.07, 0.07, 0.00, 0.38, 0.00, 0.00, 0.00, 0.00, 0.00, 1.00, 0.00, 0.00, 0.00, 1.00, 0.00, 0.00, 0.00, 0.00, 0.00, 0.00, 0.00, 0.00, 0.00, 0.00
526,  0,  21.000,  0.98,  1, 0.03, 0.02, 0.56, 0.00, 0.37, 0.08, 0.08, 1.32, 0.97, 1.31, 0.05, 0.19, 0.03, 0.00, 0.32, 0.00, 0.07, 0.00, 0.00, 0.00, 1.00, 0.00, 0.00, 0.00, 1.00, 0.00, 0.00, 0.00, 0.00, 0.00, 0.00, 0.00, 0.00, 0.00, 0.00
527,  0,  21.040,  0.98,  1, 0.03, 0.07, 0.62, 0.00, 0.30, 0.00, 0.05, 1.34, 0.98, 1.22, 0.05, 0.24, 0.02, 0.01, 0.30, 0.09, 0.07, 0.00, 0.00, 0.00, 1.00, 0.00, 0.00, 0.00, 1.00, 0.00, 0.00, 0.00, 0.00, 0.00, 0.00, 0.00, 0.00, 0.00, 0.00
528,  0,  21.080,  0.98,  1, 0.03, 0.06, 0.74, 0.00, 0.34, 0.01, 0.05, 1.24, 0.98, 1.26, 0.00, 0.32, 0.10, 0.01, 0.19, 0.11, 0.07, 0.00, 0.00, 0.00, 1.00, 0.00, 0.00, 0.00, 1.00, 0.00, 0.00, 0.00, 0.00, 0.00, 0.00, 0.00, 0.00, 0.00, 0.00
529,  0,  21.120,  0.98,  1, 0.03, 0.05, 0.72, 0.00, 0.39, 0.01, 0.00, 1.18, 0.97, 1.35, 0.02, 0.39, 0.10, 0.03, 0.10, 0.13, 0.11, 0.00, 0.00, 0.00, 1.00, 0.00, 0.00, 0.00, 1.00, 0.00, 0.00, 0.00, 0.00, 0.00, 0.00, 0.00, 0.00, 0.00, 0.00
530,  0,  21.160,  0.98,  1, 0.00, 0.00, 0.59, 0.00, 0.46, 0.01, 0.00, 1.18, 0.97, 1.43, 0.02, 0.57, 0.10, 0.02, 0.06, 0.11, 0.11, 0.00, 0.00, 0.00, 1.00, 0.00, 0.00, 0.00, 1.00, 0.00, 0.00, 0.00, 0.00, 0.00, 0.00, 0.00, 0.00, 0.00, 0.00
531,  0,  21.200,  0.98,  1, 0.00, 0.00, 0.49, 0.00, 0.44, 0.07, 0.00, 1.28, 0.97, 1.45, 0.10, 0.59, 0.00, 0.02, 0.12, 0.14, 0.11, 0.00, 0.00, 0.00, 1.00, 0.00, 0.00, 0.00, 1.00, 0.00, 0.00, 0.00, 0.00, 0.00, 0.00, 0.00, 0.00, 0.00, 0.00
532,  0,  21.240,  0.98,  1, 0.00, 0.00, 0.55, 0.00, 0.42, 0.20, 0.00, 1.34, 0.92, 1.45, 0.08, 0.59, 0.05, 0.00, 0.19, 0.24, 0.07, 0.00, 0.00, 0.00, 1.00, 0.00, 0.00, 0.00, 1.00, 0.00, 0.00, 0.00, 0.00, 0.00, 0.00, 0.00, 0.00, 0.00, 0.00
533,  0,  21.280,  0.98,  1, 0.00, 0.00, 0.59, 0.00, 0.39, 0.25, 0.01, 1.24, 0.84, 1.45, 0.10, 0.50, 0.14, 0.01, 0.18, 0.22, 0.12, 0.00, 0.00, 0.00, 1.00, 0.00, 0.00, 0.00, 1.00, 0.00, 0.00, 0.00, 0.00, 0.00, 0.00, 0.00, 0.00, 0.00, 0.00
534,  0,  21.320,  0.98,  1, 0.00, 0.00, 0.60, 0.00, 0.40, 0.19, 0.02, 1.12, 0.82, 1.50, 0.02, 0.52, 0.30, 0.01, 0.12, 0.23, 0.12, 0.00, 0.00, 0.00, 1.00, 0.00, 0.00, 0.00, 1.00, 0.00, 0.00, 0.00, 0.00, 0.00, 0.00, 0.00, 0.00, 0.00, 0.00
535,  0,  21.360,  0.98,  1, 0.00, 0.00, 0.52, 0.00, 0.38, 0.06, 0.04, 1.10, 0.85, 1.52, 0.04, 0.45, 0.27, 0.01, 0.07, 0.11, 0.05, 0.00, 0.00, 0.00, 1.00, 0.00, 0.00, 0.00, 1.00, 0.00, 0.00, 0.00, 0.00, 0.00, 0.00, 0.00, 0.00, 0.00, 0.00
536,  0,  21.400,  0.98,  1, 0.00, 0.00, 0.60, 0.00, 0.38, 0.00, 0.04, 1.23, 0.84, 1.52, 0.11, 0.37, 0.22, 0.00, 0.06, 0.06, 0.00, 0.00, 0.00, 0.00, 1.00, 0.00, 0.00, 0.00, 1.00, 0.00, 1.00, 0.00, 0.00, 0.00, 0.00, 0.00, 0.00, 0.00, 0.00
537,  0,  21.440,  0.98,  1, 0.05, 0.00, 0.65, 0.00, 0.32, 0.00, 0.06, 1.31, 0.79, 1.48, 0.13, 0.35, 0.10, 0.00, 0.07, 0.09, 0.00, 0.00, 0.00, 0.00, 1.00, 0.00, 0.00, 0.00, 1.00, 0.00, 1.00, 0.00, 0.00, 0.00, 0.00, 0.00, 0.00, 0.00, 0.00
538,  0,  21.480,  0.98,  1, 0.05, 0.00, 0.74, 0.00, 0.35, 0.00, 0.05, 1.39, 0.78, 1.59, 0.28, 0.32, 0.08, 0.00, 0.11, 0.14, 0.05, 0.00, 0.00, 0.00, 1.00, 0.00, 0.00, 0.00, 1.00, 0.00, 1.00, 0.00, 0.00, 0.00, 0.00, 0.00, 0.00, 0.00, 0.00
539,  0,  21.520,  0.98,  1, 0.05, 0.00, 0.68, 0.00, 0.34, 0.00, 0.07, 1.33, 0.84, 1.64, 0.21, 0.33, 0.05, 0.00, 0.16, 0.15, 0.13, 0.00, 0.00, 0.00, 1.00, 0.00, 0.00, 0.00, 1.00, 0.00, 1.00, 0.00, 0.00, 0.00, 0.00, 0.00, 0.00, 0.00, 0.00
540,  0,  21.560,  0.98,  1, 0.00, 0.00, 0.58, 0.00, 0.38, 0.00, 0.06, 1.25, 0.93, 1.73, 0.30, 0.28, 0.00, 0.00, 0.15, 0.10, 0.15, 0.00, 0.00, 0.00, 1.00, 0.00, 0.00, 0.00, 1.00, 0.00, 1.00, 0.00, 0.00, 0.00, 0.00, 0.00, 0.00, 0.00, 0.00
541,  0,  21.600,  0.98,  1, 0.00, 0.00, 0.52, 0.12, 0.38, 0.02, 0.07, 1.18, 0.98, 1.61, 0.27, 0.19, 0.00, 0.00, 0.10, 0.14, 0.10, 0.00, 0.00, 0.00, 1.00, 0.00, 0.00, 0.00, 1.00, 0.00, 0.00, 0.00, 0.00, 0.00, 0.00, 0.00, 0.00, 0.00, 0.00
542,  0,  21.640,  0.98,  1, 0.00, 0.00, 0.51, 0.12, 0.32, 0.06, 0.04, 1.10, 0.97, 1.57, 0.26, 0.18, 0.00, 0.02, 0.06, 0.17, 0.02, 0.00, 0.00, 0.00, 1.00, 0.00, 0.00, 0.00, 1.00, 0.00, 1.00, 0.00, 0.00, 0.00, 0.00, 0.00, 0.00, 0.00, 0.00
543,  0,  21.680,  0.98,  1, 0.00, 0.00, 0.67, 0.12, 0.31, 0.07, 0.02, 1.21, 0.95, 1.42, 0.15, 0.11, 0.00, 0.02, 0.16, 0.13, 0.08, 0.00, 0.00, 0.00, 1.00, 0.00, 0.00, 0.00, 1.00, 0.00, 1.00, 0.00, 0.00, 0.00, 0.00, 0.00, 0.00, 0.00, 0.00
544,  0,  21.720,  0.98,  1, 0.00, 0.00, 0.73, 0.00, 0.32, 0.05, 0.03, 1.21, 0.92, 1.36, 0.02, 0.26, 0.00, 0.02, 0.24, 0.15, 0.15, 0.00, 0.00, 0.00, 1.00, 0.00, 0.00, 0.00, 1.00, 0.00, 1.00, 0.00, 0.00, 0.00, 0.00, 0.00, 0.00, 0.00, 0.00
545,  0,  21.760,  0.98,  1, 0.02, 0.00, 0.78, 0.00, 0.41, 0.01, 0.12, 1.37, 0.92, 1.36, 0.00, 0.19, 0.00, 0.00, 0.21, 0.26, 0.20, 0.00, 0.00, 0.00, 1.00, 0.00, 0.00, 0.00, 1.00, 0.00, 1.00, 0.00, 0.00, 0.00, 0.00, 0.00, 0.00, 0.00, 0.00
546,  0,  21.800,  0.98,  1, 0.08, 0.00, 0.72, 0.00, 0.40, 0.00, 0.13, 1.36, 0.91, 1.38, 0.09, 0.31, 0.00, 0.00, 0.12, 0.36, 0.12, 0.00, 0.00, 0.00, 1.00, 0.00, 0.00, 0.00, 1.00, 0.00, 1.00, 0.00, 0.00, 0.00, 0.00, 0.00, 0.00, 0.00, 0.00
547,  0,  21.840,  0.98,  1, 0.08, 0.00, 0.71, 0.00, 0.35, 0.00, 0.11, 1.33, 0.97, 1.41, 0.16, 0.37, 0.00, 0.00, 0.04, 0.35, 0.05, 0.00, 0.00, 0.00, 1.00, 0.00, 0.00, 0.00, 1.00, 0.00, 0.00, 0.00, 0.00, 0.00, 0.00, 0.00, 0.00, 0.00, 0.00
548,  0,  21.880,  0.98,  1, 0.06, 0.00, 0.73, 0.00, 0.29, 0.00, 0.01, 1.33, 1.02, 1.38, 0.24, 0.54, 0.01, 0.03, 0.01, 0.26, 0.00, 0.00, 0.00, 0.00, 1.00, 0.00, 0.00, 0.00, 1.00, 0.00, 0.00, 0.00, 0.00, 0.00, 0.00, 0.00, 0.00, 0.00, 0.00
549,  0,  21.920,  0.98,  1, 0.06, 0.00, 0.65, 0.00, 0.26, 0.00, 0.00, 1.39, 1.15, 1.28, 0.18, 0.38, 0.01, 0.03, 0.00, 0.27, 0.00, 0.00, 0.00, 0.00, 1.00, 0.00, 0.00, 0.00, 1.00, 0.00, 0.00, 0.00, 0.00, 0.00, 0.00, 0.00, 0.00, 0.00, 0.00
550,  0,  21.960,  0.98,  1, 0.07, 0.00, 0.67, 0.00, 0.23, 0.00, 0.03, 1.55, 1.16, 1.29, 0.22, 0.18, 0.01, 0.03, 0.05, 0.33, 0.06, 0.00, 0.00, 0.00, 1.00, 0.00, 0.00, 0.00, 1.00, 0.00, 0.00, 0.00, 0.00, 0.00, 0.00, 0.00, 0.00, 0.00, 0.00
551,  0,  22.000,  0.98,  1, 0.12, 0.00, 0.71, 0.00, 0.26, 0.00, 0.10, 1.59, 1.19, 1.27, 0.14, 0.09, 0.00, 0.00, 0.06, 0.35, 0.09, 0.00, 0.00, 0.00, 1.00, 0.00, 0.00, 0.00, 1.00, 0.00, 0.00, 0.00, 0.00, 0.00, 0.00, 0.00, 0.00, 0.00, 0.00
552,  0,  22.040,  0.98,  1, 0.06, 0.00, 0.78, 0.00, 0.31, 0.00, 0.16, 1.62, 1.15, 1.44, 0.11, 0.29, 0.08, 0.00, 0.06, 0.23, 0.09, 0.00, 0.00, 0.00, 1.00, 0.00, 0.00, 0.00, 1.00, 0.00, 0.00, 0.00, 0.00, 0.00, 0.00, 0.00, 0.00, 0.00, 0.00
553,  0,  22.080,  0.98,  1, 0.05, 0.06, 0.73, 0.00, 0.35, 0.00, 0.16, 1.66, 1.13, 1.58, 0.05, 0.34, 0.08, 0.00, 0.01, 0.11, 0.03, 0.00, 0.00, 0.00, 1.00, 0.00, 0.00, 0.00, 1.00, 0.00, 0.00, 0.00, 0.00, 0.00, 0.00, 0.00, 0.00, 0.00, 0.00
554,  0,  22.120,  0.98,  1, 0.00, 0.06, 0.65, 0.00, 0.32, 0.00, 0.10, 1.71, 1.13, 1.71, 0.05, 0.33, 0.08, 0.01, 0.06, 0.15, 0.00, 0.00, 0.00, 0.00, 1.00, 0.00, 0.00, 0.00, 1.00, 0.00, 1.00, 0.00, 0.00, 0.00, 0.00, 0.00, 0.00, 0.00, 0.00
555,  0,  22.160,  0.98,  1, 0.00, 0.06, 0.58, 0.00, 0.28, 0.00, 0.08, 1.64, 1.12, 1.76, 0.05, 0.25, 0.00, 0.03, 0.06, 0.24, 0.00, 0.00, 0.00, 0.00, 1.00, 0.00, 0.00, 0.00, 1.00, 0.00, 1.00, 0.00, 0.00, 0.00, 0.00, 0.00, 0.00, 0.00, 0.00
556,  0,  22.200,  0.98,  1, 0.00, 0.03, 0.57, 0.00, 0.31, 0.00, 0.06, 1.46, 1.08, 1.70, 0.00, 0.21, 0.00, 0.03, 0.06, 0.28, 0.00, 0.00, 0.00, 0.00, 1.00, 0.00, 0.00, 0.00, 1.00, 0.00, 1.00, 0.00, 0.00, 0.00, 0.00, 0.00, 0.00, 0.00, 0.00
557,  0,  22.240,  0.98,  1, 0.00, 0.03, 0.57, 0.00, 0.30, 0.00, 0.13, 1.27, 1.06, 1.63, 0.00, 0.13, 0.00, 0.06, 0.00, 0.18, 0.01, 0.00, 0.00, 0.00, 1.00, 0.00, 0.00, 0.00, 1.00, 0.00, 1.00, 0.00, 0.00, 0.00, 0.00, 0.00, 0.00, 0.00, 0.00
558,  0,  22.280,  0.98,  1, 0.00, 0.03, 0.63, 0.00, 0.33, 0.00, 0.14, 1.29, 1.06, 1.62, 0.00, 0.05, 0.00, 0.04, 0.00, 0.20, 0.01, 0.00, 0.00, 0.00, 1.00, 0.00, 0.00, 0.00, 1.00, 0.00, 1.00, 0.00, 0.00, 0.00, 0.00, 0.00, 0.00, 0.00, 0.00
559,  0,  22.320,  0.98,  1, 0.00, 0.00, 0.70, 0.00, 0.31, 0.00, 0.21, 1.40, 1.13, 1.54, 0.00, 0.08, 0.00, 0.04, 0.04, 0.17, 0.01, 0.00, 0.00, 0.00, 1.00, 0.00, 0.00, 0.00, 1.00, 0.00, 1.00, 0.00, 0.00, 0.00, 0.00, 0.00, 0.00, 0.00, 0.00
560,  0,  22.360,  0.98,  1, 0.00, 0.00, 0.70, 0.00, 0.35, 0.00, 0.19, 1.46, 1.15, 1.55, 0.00, 0.12, 0.00, 0.00, 0.12, 0.23, 0.00, 0.00, 0.00, 0.00, 1.00, 0.00, 0.00, 0.00, 1.00, 0.00, 1.00, 0.00, 0.00, 0.00, 0.00, 0.00, 0.00, 0.00, 0.00
561,  0,  22.400,  0.98,  1, 0.00, 0.00, 0.74, 0.00, 0.34, 0.00, 0.19, 1.39, 1.13, 1.45, 0.00, 0.20, 0.00, 0.00, 0.12, 0.20, 0.02, 0.00, 0.00, 0.00, 1.00, 0.00, 0.00, 0.00, 1.00, 0.00, 1.00, 0.00, 0.00, 0.00, 0.00, 0.00, 0.00, 0.00, 0.00
562,  0,  22.440,  0.98,  1, 0.00, 0.00, 0.76, 0.00, 0.34, 0.04, 0.15, 1.35, 1.07, 1.39, 0.00, 0.20, 0.00, 0.00, 0.11, 0.26, 0.03, 0.00, 0.00, 0.00, 1.00, 0.00, 0.00, 0.00, 1.00, 0.00, 1.00, 0.00, 0.00, 0.00, 0.00, 0.00, 0.00, 0.00, 0.00
563,  0,  22.480,  0.98,  1, 0.00, 0.00, 0.71, 0.00, 0.36, 0.04, 0.13, 1.38, 1.06, 1.38, 0.04, 0.22, 0.00, 0.00, 0.03, 0.30, 0.04, 0.00, 0.00, 0.00, 1.00, 0.00, 0.00, 0.00, 1.00, 0.00, 1.00, 0.00, 0.00, 0.00, 0.00, 0.00, 0.00, 0.00, 0.00
564,  0,  22.520,  0.98,  1, 0.00, 0.00, 0.57, 0.00, 0.31, 0.04, 0.11, 1.26, 1.03, 1.48, 0.04, 0.31, 0.00, 0.00, 0.03, 0.28, 0.02, 0.00, 0.00, 0.00, 1.00, 0.00, 0.00, 0.00, 1.00, 0.00, 1.00, 0.00, 0.00, 0.00, 0.00, 0.00, 0.00, 0.00, 0.00
565,  0,  22.560,  0.98,  1, 0.00, 0.00, 0.51, 0.10, 0.32, 0.00, 0.11, 1.14, 1.02, 1.56, 0.04, 0.38, 0.00, 0.00, 0.03, 0.28, 0.04, 0.00, 0.00, 0.00, 1.00, 0.00, 0.00, 0.00, 1.00, 0.00, 1.00, 0.00, 0.00, 0.00, 0.00, 0.00, 0.00, 0.00, 0.00
566,  0,  22.600,  0.98,  1, 0.00, 0.00, 0.57, 0.10, 0.34, 0.06, 0.14, 1.05, 0.99, 1.45, 0.05, 0.49, 0.00, 0.00, 0.07, 0.30, 0.04, 0.00, 0.00, 0.00, 1.00, 0.00, 0.00, 0.00, 1.00, 0.00, 1.00, 0.00, 0.00, 0.00, 0.00, 0.00, 0.00, 0.00, 0.00
567,  0,  22.640,  0.98,  1, 0.01, 0.00, 0.66, 0.10, 0.38, 0.06, 0.11, 1.12, 0.97, 1.32, 0.14, 0.38, 0.00, 0.00, 0.11, 0.25, 0.13, 0.00, 0.00, 0.00, 1.00, 0.00, 0.00, 0.00, 1.00, 0.00, 1.00, 0.00, 0.00, 0.00, 0.00, 0.00, 0.00, 0.00, 0.00
568,  0,  22.680,  0.98,  1, 0.01, 0.00, 0.71, 0.00, 0.40, 0.06, 0.07, 1.19, 1.00, 1.34, 0.22, 0.34, 0.00, 0.00, 0.19, 0.16, 0.14, 0.00, 0.00, 0.00, 1.00, 0.00, 0.00, 0.00, 1.00, 0.00, 0.00, 0.00, 0.00, 0.00, 0.00, 0.00, 0.00, 0.00, 0.00
569,  0,  22.720,  0.98,  1, 0.01, 0.02, 0.74, 0.00, 0.34, 0.00, 0.00, 1.21, 1.03, 1.28, 0.20, 0.32, 0.01, 0.02, 0.20, 0.15, 0.24, 0.00, 0.00, 0.00, 1.00, 0.00, 0.00, 0.00, 1.00, 0.00, 0.00, 0.00, 0.00, 0.00, 0.00, 0.00, 0.00, 0.00, 0.00
570,  0,  22.760,  0.98,  1, 0.00, 0.02, 0.70, 0.00, 0.37, 0.00, 0.00, 1.20, 1.06, 1.35, 0.10, 0.23, 0.01, 0.01, 0.23, 0.20, 0.15, 0.00, 0.00, 0.00, 1.00, 0.00, 0.00, 0.00, 1.00, 0.00, 0.00, 0.00, 0.00, 0.00, 0.00, 0.00, 0.00, 0.00, 0.00
571,  0,  22.800,  0.98,  1, 0.00, 0.02, 0.67, 0.00, 0.38, 0.00, 0.04, 1.20, 1.09, 1.27, 0.12, 0.16, 0.01, 0.01, 0.15, 0.37, 0.11, 0.00, 0.00, 0.00, 1.00, 0.00, 0.00, 0.00, 1.00, 0.00, 0.00, 0.00, 0.00, 0.00, 0.00, 0.00, 0.00, 0.00, 0.00
572,  0,  22.840,  0.98,  1, 0.00, 0.00, 0.59, 0.11, 0.43, 0.11, 0.06, 1.26, 1.13, 1.56, 0.29, 0.08, 0.00, 0.00, 0.10, 0.46, 0.00, 0.00, 0.00, 0.00, 1.00, 0.00, 0.00, 0.00, 1.00, 0.00, 1.00, 0.00, 0.00, 0.00, 0.00, 0.00, 0.00, 0.00, 0.00
573,  0,  22.880,  0.98,  1, 0.00, 0.00, 0.64, 0.11, 0.39, 0.11, 0.07, 1.24, 1.12, 1.61, 0.32, 0.12, 0.00, 0.00, 0.06, 0.49, 0.04, 0.00, 0.00, 0.00, 1.00, 0.00, 0.00, 0.00, 1.00, 0.00, 0.00, 0.00, 0.00, 0.00, 0.00, 0.00, 0.00, 0.00, 0.00
574,  0,  22.920,  0.98,  1, 0.03, 0.00, 0.68, 0.17, 0.36, 0.11, 0.07, 1.19, 1.09, 1.71, 0.35, 0.12, 0.00, 0.00, 0.15, 0.43, 0.04, 0.00, 0.00, 0.00, 1.00, 0.00, 0.00, 0.00, 1.00, 0.00, 0.00, 0.00, 0.00, 0.00, 0.00, 0.00, 0.00, 0.00, 0.00
575,  0,  22.960,  0.98,  1, 0.03, 0.00, 0.73, 0.05, 0.33, 0.00, 0.07, 1.17, 1.05, 1.44, 0.23, 0.05, 0.00, 0.00, 0.24, 0.28, 0.04, 0.00, 0.00, 0.00, 1.00, 0.00, 0.00, 0.00, 1.00, 0.00, 1.00, 0.00, 0.00, 0.00, 0.00, 0.00, 0.00, 0.00, 0.00
576,  0,  23.000,  0.98,  1, 0.03, 0.00, 0.69, 0.05, 0.38, 0.00, 0.12, 1.18, 1.02, 1.44, 0.20, 0.21, 0.00, 0.00, 0.20, 0.28, 0.01, 0.00, 0.00, 0.00, 1.00, 0.00, 0.00, 0.00, 1.00, 0.00, 1.00, 0.00, 0.00, 0.00, 0.00, 0.00, 0.00, 0.00, 0.00
577,  0,  23.040,  0.98,  1, 0.08, 0.00, 0.66, 0.00, 0.43, 0.00, 0.08, 1.21, 1.01, 1.42, 0.30, 0.27, 0.00, 0.00, 0.17, 0.19, 0.01, 0.00, 0.00, 0.00, 1.00, 0.00, 0.00, 0.00, 1.00, 0.00, 1.00, 0.00, 0.00, 0.00, 0.00, 0.00, 0.00, 0.00, 0.00
578,  0,  23.080,  0.98,  1, 0.09, 0.00, 0.64, 0.00, 0.45, 0.00, 0.06, 1.19, 1.05, 1.55, 0.35, 0.28, 0.00, 0.00, 0.09, 0.27, 0.01, 0.00, 0.00, 0.00, 1.00, 0.00, 0.00, 0.00, 1.00, 0.00, 1.00, 0.00, 0.00, 0.00, 0.00, 0.00, 0.00, 0.00, 0.00
579,  0,  23.120,  0.98,  1, 0.09, 0.00, 0.68, 0.03, 0.48, 0.00, 0.01, 1.26, 1.15, 1.58, 0.40, 0.11, 0.00, 0.00, 0.09, 0.19, 0.01, 0.00, 0.00, 0.00, 1.00, 0.00, 0.00, 0.00, 1.00, 0.00, 1.00, 0.00, 0.00, 0.00, 0.00, 0.00, 0.00, 0.00, 0.00
580,  0,  23.160,  0.98,  1, 0.01, 0.00, 0.71, 0.03, 0.44, 0.00, 0.01, 1.31, 1.15, 1.64, 0.19, 0.14, 0.00, 0.00, 0.06, 0.27, 0.01, 0.00, 0.00, 0.00, 1.00, 0.00, 0.00, 0.00, 1.00, 0.00, 1.00, 0.00, 0.00, 0.00, 0.00, 0.00, 0.00, 0.00, 0.00
581,  0,  23.200,  0.98,  1, 0.05, 0.01, 0.74, 0.03, 0.38, 0.00, 0.01, 1.31, 1.10, 1.76, 0.11, 0.21, 0.00, 0.00, 0.06, 0.31, 0.01, 0.00, 0.00, 0.00, 1.00, 0.00, 0.00, 0.00, 1.00, 0.00, 1.00, 0.00, 0.00, 0.00, 0.00, 0.00, 0.00, 0.00, 0.00
582,  0,  23.240,  0.98,  1, 0.05, 0.01, 0.72, 0.00, 0.29, 0.00, 0.00, 1.30, 1.05, 1.64, 0.20, 0.32, 0.00, 0.00, 0.11, 0.46, 0.00, 0.00, 0.00, 0.00, 1.00, 0.00, 0.00, 0.00, 1.00, 0.00, 1.00, 0.00, 0.00, 0.00, 0.00, 0.00, 0.00, 0.00, 0.00
583,  0,  23.280,  0.98,  1, 0.05, 0.01, 0.67, 0.00, 0.26, 0.00, 0.00, 1.25, 1.05, 1.50, 0.28, 0.24, 0.00, 0.00, 0.09, 0.43, 0.00, 0.00, 0.00, 0.00, 1.00, 0.00, 0.00, 0.00, 1.00, 0.00, 1.00, 0.00, 0.00, 0.00, 0.00, 0.00, 0.00, 0.00, 0.00
584,  0,  23.320,  0.98,  1, 0.00, 0.00, 0.63, 0.00, 0.27, 0.00, 0.01, 1.32, 1.07, 1.48, 0.23, 0.24, 0.00, 0.00, 0.07, 0.32, 0.00, 0.00, 0.00, 0.00, 1.00, 0.00, 0.00, 0.00, 1.00, 0.00, 1.00, 0.00, 0.00, 0.00, 0.00, 0.00, 0.00, 0.00, 0.00
585,  0,  23.360,  0.98,  1, 0.00, 0.00, 0.55, 0.00, 0.34, 0.00, 0.04, 1.40, 1.09, 1.53, 0.09, 0.30, 0.00, 0.00, 0.03, 0.33, 0.04, 0.00, 0.00, 0.00, 1.00, 0.00, 0.00, 0.00, 1.00, 0.00, 1.00, 0.00, 0.00, 0.00, 0.00, 0.00, 0.00, 0.00, 0.00
586,  0,  23.400,  0.98,  1, 0.00, 0.00, 0.56, 0.00, 0.38, 0.00, 0.04, 1.45, 1.10, 1.66, 0.01, 0.50, 0.00, 0.00, 0.04, 0.30, 0.05, 0.00, 0.00, 0.00, 1.00, 0.00, 0.00, 0.00, 1.00, 0.00, 1.00, 0.00, 0.00, 0.00, 0.00, 0.00, 0.00, 0.00, 0.00
587,  0,  23.440,  0.98,  1, 0.00, 0.00, 0.51, 0.04, 0.42, 0.00, 0.03, 1.46, 1.06, 1.67, 0.01, 0.65, 0.00, 0.00, 0.04, 0.41, 0.05, 0.00, 0.00, 0.00, 1.00, 0.00, 0.00, 0.00, 1.00, 0.00, 1.00, 0.00, 0.00, 0.00, 0.00, 0.00, 0.00, 0.00, 0.00
588,  0,  23.480,  0.98,  1, 0.00, 0.00, 0.50, 0.04, 0.40, 0.00, 0.01, 1.33, 1.06, 1.84, 0.01, 0.73, 0.00, 0.00, 0.04, 0.46, 0.09, 0.00, 0.00, 0.00, 1.00, 0.00, 0.00, 0.00, 1.00, 0.00, 1.00, 0.00, 0.00, 0.00, 0.00, 0.00, 0.00, 0.00, 0.00
589,  0,  23.520,  0.98,  1, 0.00, 0.00, 0.48, 0.04, 0.39, 0.00, 0.01, 1.24, 1.04, 1.88, 0.00, 0.67, 0.00, 0.00, 0.03, 0.45, 0.08, 0.00, 0.00, 0.00, 1.00, 0.00, 0.00, 0.00, 1.00, 0.00, 1.00, 0.00, 0.00, 0.00, 0.00, 0.00, 0.00, 0.00, 0.00
590,  0,  23.560,  0.98,  1, 0.00, 0.12, 0.53, 0.00, 0.37, 0.00, 0.05, 1.14, 1.02, 1.83, 0.00, 0.53, 0.00, 0.00, 0.04, 0.27, 0.18, 0.00, 0.00, 0.00, 1.00, 0.00, 0.00, 0.00, 1.00, 0.00, 1.00, 0.00, 0.00, 0.00, 0.00, 0.00, 0.00, 0.00, 0.00
591,  0,  23.600,  0.98,  1, 0.01, 0.12, 0.63, 0.00, 0.43, 0.00, 0.10, 1.24, 1.05, 1.71, 0.08, 0.32, 0.00, 0.00, 0.04, 0.10, 0.12, 0.00, 0.00, 0.00, 1.00, 0.00, 0.00, 0.00, 1.00, 0.00, 1.00, 0.00, 0.00, 0.00, 0.00, 0.00, 0.00, 0.00, 0.00
592,  0,  23.640,  0.98,  1, 0.04, 0.12, 0.64, 0.02, 0.40, 0.00, 0.17, 1.31, 0.99, 1.57, 0.26, 0.22, 0.00, 0.00, 0.01, 0.13, 0.13, 0.00, 0.00, 0.00, 1.00, 0.00, 0.00, 0.00, 1.00, 0.00, 1.00, 0.00, 0.00, 0.00, 0.00, 0.00, 0.00, 0.00, 0.00
593,  0,  23.680,  0.98,  1, 0.05, 0.00, 0.64, 0.05, 0.42, 0.00, 0.14, 1.42, 1.01, 1.57, 0.36, 0.13, 0.00, 0.00, 0.10, 0.14, 0.04, 0.00, 0.00, 0.00, 1.00, 0.00, 0.00, 0.00, 1.00, 0.00, 1.00, 0.00, 0.00, 0.00, 0.00, 0.00, 0.00, 0.00, 0.00
594,  0,  23.720,  0.98,  1, 0.03, 0.00, 0.63, 0.10, 0.41, 0.00, 0.11, 1.44, 0.97, 1.65, 0.45, 0.24, 0.00, 0.00, 0.17, 0.19, 0.01, 0.00, 0.00, 0.00, 1.00, 0.00, 0.00, 0.00, 1.00, 0.00, 1.00, 0.00, 0.00, 0.00, 0.00, 0.00, 0.00, 0.00, 0.00
595,  0,  23.760,  0.98,  1, 0.01, 0.00, 0.66, 0.07, 0.47, 0.00, 0.04, 1.47, 1.06, 1.64, 0.42, 0.24, 0.00, 0.00, 0.26, 0.11, 0.00, 0.00, 0.00, 0.00, 1.00, 0.00, 0.00, 0.00, 1.00, 0.00, 1.00, 0.00, 0.00, 0.00, 0.00, 0.00, 0.00, 0.00, 0.00
596,  0,  23.800,  0.98,  1, 0.00, 0.00, 0.71, 0.05, 0.46, 0.00, 0.11, 1.32, 1.07, 1.48, 0.41, 0.31, 0.00, 0.00, 0.16, 0.10, 0.00, 0.00, 0.00, 0.00, 1.00, 0.00, 0.00, 0.00, 1.00, 0.00, 1.00, 0.00, 0.00, 0.00, 0.00, 0.00, 0.00, 0.00, 0.00
597,  0,  23.840,  0.98,  1, 0.00, 0.00, 0.76, 0.04, 0.48, 0.00, 0.16, 1.31, 1.08, 1.42, 0.32, 0.34, 0.00, 0.00, 0.15, 0.15, 0.00, 0.00, 0.00, 0.00, 1.00, 0.00, 0.00, 0.00, 1.00, 0.00, 1.00, 0.00, 0.00, 0.00, 0.00, 0.00, 0.00, 0.00, 0.00
598,  0,  23.880,  0.98,  1, 0.04, 0.04, 0.76, 0.04, 0.48, 0.00, 0.18, 1.25, 1.04, 1.40, 0.24, 0.31, 0.00, 0.00, 0.17, 0.24, 0.00, 0.00, 0.00, 0.00, 1.00, 0.00, 0.00, 0.00, 1.00, 0.00, 1.00, 0.00, 0.00, 0.00, 0.00, 0.00, 0.00, 0.00, 0.00
599,  0,  23.920,  0.98,  1, 0.04, 0.04, 0.82, 0.04, 0.50, 0.00, 0.27, 1.41, 1.07, 1.61, 0.15, 0.38, 0.00, 0.00, 0.20, 0.35, 0.00, 0.00, 0.00, 0.00, 1.00, 0.00, 0.00, 0.00, 1.00, 0.00, 1.00, 0.00, 0.00, 0.00, 0.00, 0.00, 0.00, 0.00, 0.00
600,  0,  23.960,  0.98,  1, 0.18, 0.16, 0.80, 0.00, 0.42, 0.00, 0.31, 1.29, 1.05, 1.61, 0.07, 0.29, 0.00, 0.00, 0.25, 0.21, 0.04, 0.00, 0.00, 0.00, 1.00, 0.00, 0.00, 0.00, 1.00, 0.00, 1.00, 0.00, 0.00, 0.00, 0.00, 0.00, 0.00, 0.00, 0.00
601,  0,  24.000,  0.98,  1, 0.16, 0.20, 0.66, 0.00, 0.39, 0.00, 0.34, 1.20, 1.02, 1.68, 0.01, 0.23, 0.00, 0.00, 0.24, 0.25, 0.07, 0.00, 0.00, 0.00, 1.00, 0.00, 0.00, 0.00, 1.00, 0.00, 1.00, 0.00, 0.00, 0.00, 0.00, 0.00, 0.00, 0.00, 0.00
602,  0,  24.040,  0.98,  1, 0.19, 0.24, 0.56, 0.00, 0.32, 0.04, 0.24, 1.01, 1.00, 1.51, 0.05, 0.09, 0.00, 0.00, 0.33, 0.22, 0.10, 0.00, 0.00, 0.00, 1.00, 0.00, 0.00, 0.00, 1.00, 0.00, 1.00, 0.00, 0.00, 0.00, 0.00, 0.00, 0.00, 0.00, 0.00
603,  0,  24.080,  0.98,  1, 0.09, 0.18, 0.39, 0.00, 0.34, 0.06, 0.18, 0.96, 1.02, 1.48, 0.10, 0.00, 0.00, 0.00, 0.21, 0.24, 0.05, 0.00, 0.00, 0.00, 1.00, 0.00, 0.00, 0.00, 1.00, 0.00, 1.00, 0.00, 0.00, 0.00, 0.00, 0.00, 0.00, 0.00, 0.00
604,  0,  24.120,  0.98,  1, 0.07, 0.18, 0.41, 0.00, 0.35, 0.11, 0.20, 0.95, 1.05, 1.43, 0.15, 0.03, 0.00, 0.00, 0.12, 0.11, 0.03, 0.00, 0.00, 0.00, 1.00, 0.00, 0.00, 0.00, 1.00, 0.00, 1.00, 0.00, 0.00, 0.00, 0.00, 0.00, 0.00, 0.00, 0.00
605,  0,  24.160,  0.98,  1, 0.10, 0.15, 0.41, 0.00, 0.45, 0.07, 0.26, 1.04, 1.09, 1.54, 0.11, 0.15, 0.00, 0.00, 0.06, 0.11, 0.00, 0.00, 0.00, 0.00, 1.00, 0.00, 0.00, 0.00, 1.00, 0.00, 1.00, 0.00, 0.00, 0.00, 0.00, 0.00, 0.00, 0.00, 0.00
606,  0,  24.200,  0.98,  1, 0.05, 0.09, 0.45, 0.00, 0.46, 0.19, 0.24, 1.13, 1.06, 1.55, 0.09, 0.26, 0.00, 0.00, 0.04, 0.08, 0.00, 0.00, 0.00, 0.00, 1.00, 0.00, 0.00, 0.00, 1.00, 0.00, 1.00, 0.00, 0.00, 0.00, 0.00, 0.00, 0.00, 0.00, 0.00
607,  0,  24.240,  0.98,  1, 0.05, 0.01, 0.47, 0.01, 0.54, 0.21, 0.18, 1.20, 1.06, 1.58, 0.04, 0.32, 0.00, 0.00, 0.05, 0.23, 0.00, 0.00, 0.00, 0.00, 1.00, 0.00, 0.00, 0.00, 1.00, 0.00, 1.00, 0.00, 0.00, 0.00, 0.00, 0.00, 0.00, 0.00, 0.00
608,  0,  24.280,  0.98,  1, 0.00, 0.01, 0.48, 0.02, 0.51, 0.27, 0.18, 1.21, 1.00, 1.56, 0.04, 0.23, 0.00, 0.00, 0.05, 0.21, 0.07, 0.00, 0.00, 0.00, 1.00, 0.00, 0.00, 0.00, 1.00, 0.00, 1.00, 0.00, 0.00, 0.00, 0.00, 0.00, 0.00, 0.00, 0.00
609,  0,  24.320,  0.98,  1, 0.00, 0.08, 0.54, 0.03, 0.58, 0.22, 0.23, 1.21, 1.04, 1.60, 0.04, 0.21, 0.00, 0.00, 0.09, 0.37, 0.09, 0.00, 0.00, 0.00, 1.00, 0.00, 0.00, 0.00, 1.00, 0.00, 1.00, 0.00, 0.00, 0.00, 0.00, 0.00, 0.00, 0.00, 0.00
610,  0,  24.360,  0.98,  1, 0.00, 0.09, 0.63, 0.02, 0.54, 0.24, 0.31, 1.15, 1.07, 1.68, 0.12, 0.17, 0.00, 0.00, 0.08, 0.32, 0.09, 0.00, 0.00, 0.00, 1.00, 0.00, 0.00, 0.00, 1.00, 0.00, 1.00, 0.00, 0.00, 0.00, 0.00, 0.00, 0.00, 0.00, 0.00
611,  0,  24.400,  0.98,  1, 0.00, 0.08, 0.67, 0.01, 0.52, 0.20, 0.29, 1.08, 1.08, 1.66, 0.17, 0.23, 0.00, 0.00, 0.09, 0.43, 0.01, 0.00, 0.00, 0.00, 1.00, 0.00, 0.00, 0.00, 1.00, 0.00, 1.00, 0.00, 0.00, 0.00, 0.00, 0.00, 0.00, 0.00, 0.00
612,  0,  24.440,  0.98,  1, 0.01, 0.04, 0.66, 0.00, 0.50, 0.12, 0.29, 1.14, 1.07, 1.74, 0.12, 0.32, 0.00, 0.00, 0.09, 0.41, 0.00, 0.00, 0.00, 0.00, 1.00, 0.00, 0.00, 0.00, 1.00, 0.00, 1.00, 0.00, 0.00, 0.00, 0.00, 0.00, 0.00, 0.00, 0.00
613,  0,  24.480,  0.98,  1, 0.12, 0.08, 0.66, 0.00, 0.48, 0.13, 0.21, 1.23, 1.03, 1.79, 0.11, 0.43, 0.00, 0.00, 0.10, 0.49, 0.00, 0.00, 0.00, 0.00, 1.00, 0.00, 0.00, 0.00, 1.00, 0.00, 1.00, 0.00, 0.00, 0.00, 0.00, 0.00, 0.00, 0.00, 0.00
614,  0,  24.520,  0.98,  1, 0.17, 0.08, 0.59, 0.00, 0.47, 0.11, 0.13, 1.22, 1.01, 1.93, 0.14, 0.48, 0.00, 0.00, 0.05, 0.47, 0.00, 0.00, 0.00, 0.00, 1.00, 0.00, 0.00, 0.00, 1.00, 0.00, 1.00, 0.00, 0.00, 0.00, 0.00, 0.00, 0.00, 0.00, 0.00
615,  0,  24.560,  0.98,  1, 0.16, 0.07, 0.58, 0.00, 0.38, 0.11, 0.12, 1.13, 0.98, 1.85, 0.18, 0.36, 0.00, 0.00, 0.12, 0.54, 0.00, 0.00, 0.00, 0.00, 1.00, 0.00, 0.00, 0.00, 1.00, 0.00, 1.00, 0.00, 0.00, 0.00, 0.00, 0.00, 0.00, 0.00, 0.00
616,  0,  24.600,  0.98,  1, 0.17, 0.10, 0.51, 0.00, 0.35, 0.08, 0.17, 1.05, 0.98, 1.64, 0.11, 0.22, 0.00, 0.00, 0.17, 0.41, 0.00, 0.00, 0.00, 0.00, 1.00, 0.00, 0.00, 0.00, 1.00, 0.00, 1.00, 0.00, 0.00, 0.00, 0.00, 0.00, 0.00, 0.00, 0.00
617,  0,  24.640,  0.98,  1, 0.23, 0.11, 0.57, 0.00, 0.39, 0.09, 0.17, 1.22, 1.09, 1.55, 0.10, 0.13, 0.00, 0.00, 0.18, 0.27, 0.00, 0.00, 0.00, 0.00, 1.00, 0.00, 0.00, 0.00, 1.00, 0.00, 1.00, 0.00, 0.00, 0.00, 0.00, 0.00, 0.00, 0.00, 0.00
618,  0,  24.680,  0.98,  1, 0.27, 0.09, 0.58, 0.00, 0.41, 0.22, 0.16, 1.29, 1.09, 1.61, 0.07, 0.09, 0.00, 0.00, 0.18, 0.19, 0.00, 0.00, 0.00, 0.00, 1.00, 0.00, 0.00, 0.00, 1.00, 0.00, 1.00, 0.00, 0.00, 0.00, 0.00, 0.00, 0.00, 0.00, 0.00
619,  0,  24.720,  0.98,  1, 0.18, 0.01, 0.60, 0.00, 0.41, 0.18, 0.13, 1.32, 1.13, 1.73, 0.07, 0.16, 0.01, 0.00, 0.14, 0.27, 0.00, 0.00, 0.00, 0.00, 1.00, 0.00, 0.00, 0.00, 1.00, 0.00, 1.00, 0.00, 0.00, 0.00, 0.00, 0.00, 0.00, 0.00, 0.00
620,  0,  24.760,  0.98,  1, 0.10, 0.00, 0.61, 0.00, 0.40, 0.22, 0.16, 1.25, 1.07, 1.63, 0.00, 0.14, 0.01, 0.00, 0.22, 0.38, 0.00, 0.00, 0.00, 0.00, 1.00, 0.00, 0.00, 0.00, 1.00, 0.00, 1.00, 0.00, 0.00, 0.00, 0.00, 0.00, 0.00, 0.00, 0.00
621,  0,  24.800,  0.98,  1, 0.06, 0.00, 0.59, 0.04, 0.43, 0.09, 0.16, 1.30, 1.09, 1.53, 0.00, 0.14, 0.01, 0.00, 0.13, 0.28, 0.04, 0.00, 0.00, 0.00, 1.00, 0.00, 0.00, 0.00, 1.00, 0.00, 1.00, 0.00, 0.00, 0.00, 0.00, 0.00, 0.00, 0.00, 0.00
622,  0,  24.840,  0.98,  1, 0.03, 0.00, 0.56, 0.04, 0.44, 0.14, 0.14, 1.31, 1.08, 1.49, 0.00, 0.17, 0.00, 0.00, 0.11, 0.21, 0.04, 0.00, 0.00, 0.00, 1.00, 0.00, 0.00, 0.00, 1.00, 0.00, 1.00, 0.00, 0.00, 0.00, 0.00, 0.00, 0.00, 0.00, 0.00
623,  0,  24.880,  0.98,  1, 0.00, 0.00, 0.52, 0.03, 0.41, 0.09, 0.17, 1.26, 1.07, 1.56, 0.02, 0.23, 0.00, 0.00, 0.02, 0.17, 0.05, 0.00, 0.00, 0.00, 1.00, 0.00, 0.00, 0.00, 1.00, 0.00, 1.00, 0.00, 0.00, 0.00, 0.00, 0.00, 0.00, 0.00, 0.00
624,  0,  24.920,  0.98,  1, 0.00, 0.00, 0.57, 0.00, 0.40, 0.09, 0.20, 1.30, 1.08, 1.56, 0.02, 0.23, 0.00, 0.00, 0.07, 0.12, 0.00, 0.00, 0.00, 0.00, 1.00, 0.00, 0.00, 0.00, 1.00, 0.00, 1.00, 0.00, 0.00, 0.00, 0.00, 0.00, 0.00, 0.00, 0.00
625,  0,  24.960,  0.98,  1, 0.00, 0.00, 0.59, 0.00, 0.38, 0.00, 0.18, 1.46, 1.08, 1.54, 0.02, 0.18, 0.00, 0.00, 0.07, 0.14, 0.00, 0.00, 0.00, 0.00, 1.00, 0.00, 0.00, 0.00, 1.00, 0.00, 1.00, 0.00, 0.00, 0.00, 0.00, 0.00, 0.00, 0.00, 0.00
626,  0,  25.000,  0.98,  1, 0.00, 0.00, 0.61, 0.00, 0.39, 0.04, 0.11, 1.54, 1.12, 1.56, 0.13, 0.15, 0.00, 0.00, 0.07, 0.06, 0.00, 0.00, 0.00, 0.00, 1.00, 0.00, 0.00, 0.00, 1.00, 0.00, 1.00, 0.00, 0.00, 0.00, 0.00, 0.00, 0.00, 0.00, 0.00
627,  0,  25.040,  0.98,  1, 0.00, 0.00, 0.55, 0.00, 0.37, 0.04, 0.05, 1.48, 1.17, 1.55, 0.14, 0.24, 0.00, 0.00, 0.03, 0.22, 0.00, 0.00, 0.00, 0.00, 1.00, 0.00, 0.00, 0.00, 1.00, 0.00, 1.00, 0.00, 0.00, 0.00, 0.00, 0.00, 0.00, 0.00, 0.00
628,  0,  25.080,  0.98,  1, 0.00, 0.00, 0.56, 0.00, 0.39, 0.04, 0.08, 1.41, 1.19, 1.57, 0.17, 0.29, 0.00, 0.00, 0.04, 0.20, 0.04, 0.00, 0.00, 0.00, 1.00, 0.00, 0.00, 0.00, 1.00, 0.00, 1.00, 0.00, 0.00, 0.00, 0.00, 0.00, 0.00, 0.00, 0.00
629,  0,  25.120,  0.98,  1, 0.00, 0.00, 0.51, 0.00, 0.37, 0.00, 0.11, 1.34, 1.20, 1.52, 0.07, 0.32, 0.00, 0.00, 0.05, 0.30, 0.04, 0.00, 0.00, 0.00, 1.00, 0.00, 0.00, 0.00, 1.00, 0.00, 1.00, 0.00, 0.00, 0.00, 0.00, 0.00, 0.00, 0.00, 0.00
630,  0,  25.160,  0.98,  1, 0.00, 0.00, 0.54, 0.00, 0.35, 0.00, 0.12, 1.32, 1.09, 1.46, 0.09, 0.30, 0.00, 0.00, 0.12, 0.36, 0.13, 0.00, 0.00, 0.00, 1.00, 0.00, 0.00, 0.00, 1.00, 0.00, 1.00, 0.00, 0.00, 0.00, 0.00, 0.00, 0.00, 0.00, 0.00
631,  0,  25.200,  0.98,  1, 0.00, 0.00, 0.52, 0.00, 0.35, 0.16, 0.13, 1.26, 1.03, 1.47, 0.07, 0.24, 0.00, 0.00, 0.16, 0.40, 0.15, 0.00, 0.00, 0.00, 1.00, 0.00, 0.00, 0.00, 1.00, 0.00, 1.00, 0.00, 0.00, 0.00, 0.00, 0.00, 0.00, 0.00, 0.00
632,  0,  25.240,  0.98,  1, 0.00, 0.00, 0.55, 0.00, 0.38, 0.16, 0.14, 1.24, 0.98, 1.49, 0.03, 0.16, 0.00, 0.00, 0.16, 0.43, 0.18, 0.00, 0.00, 0.00, 1.00, 0.00, 0.00, 0.00, 1.00, 0.00, 1.00, 0.00, 0.00, 0.00, 0.00, 0.00, 0.00, 0.00, 0.00
633,  0,  25.280,  0.98,  1, 0.00, 0.00, 0.54, 0.00, 0.35, 0.16, 0.17, 1.15, 1.02, 1.50, 0.11, 0.07, 0.00, 0.00, 0.06, 0.22, 0.09, 0.00, 0.00, 0.00, 1.00, 0.00, 0.00, 0.00, 1.00, 0.00, 1.00, 0.00, 0.00, 0.00, 0.00, 0.00, 0.00, 0.00, 0.00
634,  0,  25.320,  0.98,  1, 0.02, 0.00, 0.48, 0.00, 0.31, 0.06, 0.21, 1.06, 1.00, 1.41, 0.11, 0.00, 0.00, 0.00, 0.09, 0.13, 0.04, 0.00, 0.00, 0.00, 1.00, 0.00, 0.00, 0.00, 1.00, 0.00, 1.00, 0.00, 0.00, 0.00, 0.00, 0.00, 0.00, 0.00, 0.00
635,  0,  25.360,  0.98,  1, 0.03, 0.00, 0.36, 0.00, 0.26, 0.06, 0.17, 1.15, 0.91, 1.38, 0.11, 0.05, 0.08, 0.00, 0.11, 0.05, 0.01, 0.00, 0.00, 0.00, 1.00, 0.00, 0.00, 0.00, 1.00, 0.00, 1.00, 0.00, 0.00, 0.00, 0.00, 0.00, 0.00, 0.00, 0.00
636,  0,  25.400,  0.98,  1, 0.03, 0.00, 0.33, 0.03, 0.28, 0.06, 0.08, 1.27, 0.85, 1.32, 0.00, 0.13, 0.22, 0.01, 0.14, 0.04, 0.01, 0.00, 0.00, 0.00, 1.00, 0.00, 0.00, 0.00, 1.00, 0.00, 1.00, 0.00, 0.00, 0.00, 0.00, 0.00, 0.00, 0.00, 0.00
637,  0,  25.440,  0.98,  1, 0.00, 0.00, 0.40, 0.03, 0.31, 0.00, 0.01, 1.42, 0.79, 1.32, 0.00, 0.19, 0.48, 0.10, 0.16, 0.04, 0.01, 0.00, 0.00, 0.00, 1.00, 0.00, 0.00, 0.00, 1.00, 0.00, 1.00, 0.00, 0.00, 0.00, 0.00, 0.00, 0.00, 0.00, 0.00
638,  0,  25.480,  0.98,  1, 0.00, 0.00, 0.53, 0.03, 0.40, 0.00, 0.02, 1.46, 0.74, 1.27, 0.00, 0.30, 0.64, 0.17, 0.27, 0.06, 0.00, 0.00, 0.00, 0.00, 1.00, 0.00, 0.00, 0.00, 1.00, 0.00, 0.00, 0.00, 0.00, 1.00, 0.00, 0.00, 0.00, 0.00, 0.00
639,  0,  25.520,  0.98,  1, 0.00, 0.00, 0.55, 0.00, 0.47, 0.00, 0.01, 1.44, 0.65, 1.25, 0.00, 0.35, 0.86, 0.29, 0.36, 0.06, 0.00, 0.00, 0.00, 0.00, 1.00, 0.00, 0.00, 0.00, 1.00, 0.00, 0.00, 0.00, 0.00, 1.00, 0.00, 0.00, 0.00, 0.00, 0.00
640,  0,  25.560,  0.98,  1, 0.00, 0.00, 0.56, 0.12, 0.49, 0.00, 0.01, 1.42, 0.56, 1.12, 0.00, 0.38, 0.99, 0.33, 0.41, 0.06, 0.00, 0.00, 0.00, 0.00, 1.00, 0.00, 0.00, 0.00, 1.00, 0.00, 0.00, 0.00, 0.00, 1.00, 0.00, 0.00, 0.00, 0.00, 0.00
641,  0,  25.600,  0.98,  1, 0.00, 0.00, 0.54, 0.12, 0.44, 0.00, 0.00, 1.35, 0.47, 1.03, 0.00, 0.33, 1.07, 0.34, 0.46, 0.00, 0.00, 0.00, 0.00, 0.00, 1.00, 0.00, 0.00, 0.00, 1.00, 0.00, 0.00, 0.00, 0.00, 1.00, 0.00, 0.00, 0.00, 0.00, 0.00
642,  0,  25.640,  0.98,  1, 0.00, 0.00, 0.52, 0.30, 0.44, 0.00, 0.00, 1.37, 0.49, 1.02, 0.00, 0.24, 0.97, 0.27, 0.57, 0.00, 0.00, 0.00, 0.00, 0.00, 1.00, 0.00, 0.00, 0.00, 0.00, 0.00, 0.00, 0.00, 0.00, 1.00, 0.00, 0.00, 0.00, 0.00, 0.00
643,  0,  25.680,  0.98,  1, 0.00, 0.00, 0.50, 0.30, 0.37, 0.00, 0.00, 1.34, 0.62, 1.11, 0.00, 0.20, 0.89, 0.19, 0.56, 0.00, 0.03, 0.00, 0.00, 0.00, 1.00, 0.00, 0.00, 0.00, 0.00, 0.00, 0.00, 0.00, 0.00, 1.00, 0.00, 0.00, 0.00, 0.00, 0.00
644,  0,  25.720,  0.98,  1, 0.00, 0.00, 0.46, 0.36, 0.30, 0.00, 0.00, 1.39, 0.75, 1.06, 0.00, 0.09, 0.72, 0.16, 0.55, 0.00, 0.03, 0.00, 0.00, 0.00, 1.00, 0.00, 0.00, 0.00, 0.00, 0.00, 0.00, 0.00, 0.00, 1.00, 0.00, 0.00, 0.00, 0.00, 0.00
645,  0,  25.760,  0.98,  1, 0.00, 0.00, 0.46, 0.19, 0.21, 0.00, 0.00, 1.38, 0.78, 1.05, 0.00, 0.09, 0.58, 0.19, 0.48, 0.00, 0.03, 0.00, 0.00, 0.00, 1.00, 0.00, 0.00, 0.00, 0.00, 0.00, 0.00, 0.00, 0.00, 1.00, 0.00, 0.00, 0.00, 0.00, 0.00
646,  0,  25.800,  0.98,  1, 0.00, 0.00, 0.47, 0.19, 0.22, 0.00, 0.00, 1.38, 0.68, 1.09, 0.00, 0.16, 0.51, 0.17, 0.49, 0.00, 0.00, 0.00, 0.00, 0.00, 1.00, 0.00, 0.00, 0.00, 0.00, 0.00, 0.00, 0.00, 0.00, 1.00, 0.00, 0.00, 0.00, 0.00, 0.00
647,  0,  25.840,  0.98,  1, 0.00, 0.00, 0.46, 0.25, 0.28, 0.00, 0.00, 1.31, 0.67, 1.10, 0.00, 0.31, 0.61, 0.20, 0.41, 0.00, 0.04, 0.00, 0.00, 0.00, 1.00, 0.00, 0.00, 0.00, 0.00, 0.00, 0.00, 0.00, 0.00, 1.00, 0.00, 0.00, 0.00, 0.00, 0.00
648,  0,  25.880,  0.98,  1, 0.00, 0.00, 0.45, 0.32, 0.33, 0.00, 0.00, 1.29, 0.63, 1.07, 0.00, 0.36, 0.79, 0.17, 0.33, 0.00, 0.04, 0.00, 0.00, 0.00, 1.00, 0.00, 0.00, 0.00, 0.00, 0.00, 0.00, 0.00, 0.00, 1.00, 0.00, 0.00, 0.00, 0.00, 0.00
649,  0,  25.920,  0.98,  1, 0.00, 0.00, 0.52, 0.20, 0.34, 0.00, 0.00, 1.16, 0.60, 1.05, 0.00, 0.41, 0.84, 0.14, 0.23, 0.00, 0.04, 0.00, 0.00, 0.00, 1.00, 0.00, 0.00, 0.00, 0.00, 0.00, 0.00, 0.00, 0.00, 1.00, 0.00, 0.00, 0.00, 0.00, 0.00
650,  0,  25.960,  0.98,  1, 0.00, 0.00, 0.65, 0.15, 0.34, 0.00, 0.00, 1.10, 0.53, 1.11, 0.00, 0.30, 0.95, 0.07, 0.34, 0.00, 0.00, 0.00, 0.00, 0.00, 1.00, 0.00, 0.00, 0.00, 0.00, 0.00, 0.00, 0.00, 0.00, 1.00, 0.00, 0.00, 0.00, 0.00, 0.00
651,  0,  26.000,  0.98,  1, 0.00, 0.00, 0.67, 0.16, 0.35, 0.00, 0.00, 1.03, 0.53, 1.18, 0.00, 0.22, 0.92, 0.01, 0.39, 0.00, 0.05, 0.00, 0.00, 0.00, 1.00, 0.00, 0.00, 0.00, 0.00, 0.00, 0.00, 0.00, 0.00, 1.00, 0.00, 0.00, 0.00, 0.00, 0.00
652,  0,  26.040,  0.98,  1, 0.00, 0.00, 0.66, 0.16, 0.42, 0.00, 0.00, 1.15, 0.59, 1.26, 0.00, 0.19, 1.04, 0.01, 0.49, 0.00, 0.05, 0.00, 0.00, 0.00, 1.00, 0.00, 0.00, 0.00, 0.00, 0.00, 0.00, 0.00, 0.00, 1.00, 0.00, 0.00, 0.00, 0.00, 0.00
653,  0,  26.080,  0.98,  1, 0.00, 0.00, 0.58, 0.14, 0.52, 0.00, 0.00, 1.22, 0.63, 1.49, 0.00, 0.23, 0.99, 0.02, 0.41, 0.00, 0.05, 0.00, 0.00, 0.00, 1.00, 0.00, 0.00, 0.00, 0.00, 0.00, 0.00, 0.00, 0.00, 1.00, 0.00, 0.00, 0.00, 0.00, 0.00
654,  0,  26.120,  0.98,  1, 0.00, 0.00, 0.64, 0.06, 0.51, 0.00, 0.00, 1.22, 0.68, 1.52, 0.00, 0.32, 1.06, 0.02, 0.40, 0.00, 0.00, 0.00, 0.00, 0.00, 1.00, 0.00, 0.00, 0.00, 0.00, 0.00, 0.00, 0.00, 0.00, 1.00, 0.00, 0.00, 0.00, 0.00, 0.00
655,  0,  26.160,  0.98,  1, 0.00, 0.00, 0.63, 0.17, 0.47, 0.00, 0.00, 1.23, 0.73, 1.51, 0.00, 0.35, 0.90, 0.01, 0.33, 0.00, 0.00, 0.00, 0.00, 0.00, 1.00, 0.00, 0.00, 0.00, 0.00, 0.00, 0.00, 0.00, 0.00, 1.00, 0.00, 0.00, 0.00, 0.00, 0.00
656,  0,  26.200,  0.98,  1, 0.00, 0.00, 0.70, 0.21, 0.44, 0.00, 0.00, 1.18, 0.79, 1.49, 0.00, 0.49, 0.95, 0.00, 0.27, 0.02, 0.00, 0.00, 0.00, 0.00, 1.00, 0.00, 0.00, 0.00, 0.00, 0.00, 1.00, 0.00, 0.00, 1.00, 0.00, 0.00, 0.00, 0.00, 0.00
657,  0,  26.240,  0.98,  1, 0.00, 0.00, 0.71, 0.21, 0.45, 0.00, 0.00, 1.21, 0.81, 1.59, 0.00, 0.50, 0.99, 0.00, 0.29, 0.03, 0.00, 0.00, 0.00, 0.00, 1.00, 0.00, 0.00, 0.00, 0.00, 0.00, 1.00, 0.00, 0.00, 1.00, 0.00, 0.00, 0.00, 0.00, 0.00
658,  0,  26.280,  0.98,  1, 0.00, 0.00, 0.70, 0.20, 0.49, 0.03, 0.00, 1.12, 0.84, 1.62, 0.00, 0.53, 1.01, 0.00, 0.37, 0.03, 0.00, 0.00, 0.00, 0.00, 1.00, 0.00, 0.00, 0.00, 0.00, 0.00, 1.00, 0.00, 0.00, 1.00, 0.00, 0.00, 0.00, 0.00, 0.00
659,  0,  26.320,  0.98,  1, 0.00, 0.00, 0.70, 0.10, 0.46, 0.03, 0.00, 1.19, 0.81, 1.57, 0.00, 0.38, 0.95, 0.00, 0.45, 0.01, 0.00, 0.00, 0.00, 0.00, 1.00, 0.00, 0.00, 0.00, 0.00, 0.00, 1.00, 0.00, 0.00, 1.00, 0.00, 0.00, 0.00, 0.00, 0.00
660,  0,  26.360,  0.98,  1, 0.00, 0.00, 0.64, 0.10, 0.47, 0.03, 0.00, 1.17, 0.75, 1.44, 0.00, 0.36, 0.92, 0.00, 0.54, 0.00, 0.00, 0.00, 0.00, 0.00, 1.00, 0.00, 0.00, 0.00, 0.00, 0.00, 1.00, 0.00, 0.00, 1.00, 0.00, 0.00, 0.00, 0.00, 0.00
661,  0,  26.400,  0.98,  1, 0.00, 0.00, 0.71, 0.00, 0.44, 0.00, 0.00, 1.26, 0.67, 1.37, 0.00, 0.44, 0.89, 0.00, 0.46, 0.00, 0.00, 0.00, 0.00, 0.00, 1.00, 0.00, 0.00, 0.00, 0.00, 0.00, 0.00, 0.00, 0.00, 1.00, 0.00, 0.00, 0.00, 0.00, 0.00
662,  0,  26.440,  0.98,  1, 0.00, 0.00, 0.67, 0.00, 0.46, 0.00, 0.00, 1.28, 0.63, 1.40, 0.00, 0.61, 0.92, 0.04, 0.34, 0.00, 0.01, 0.00, 0.00, 0.00, 1.00, 0.00, 0.00, 0.00, 0.00, 0.00, 0.00, 0.00, 0.00, 1.00, 0.00, 0.00, 0.00, 0.00, 0.00
663,  0,  26.480,  0.98,  1, 0.00, 0.00, 0.63, 0.03, 0.46, 0.00, 0.00, 1.25, 0.64, 1.38, 0.00, 0.72, 0.88, 0.08, 0.12, 0.00, 0.06, 0.00, 0.00, 0.00, 1.00, 0.00, 0.00, 0.00, 0.00, 0.00, 0.00, 0.00, 0.00, 1.00, 0.00, 0.00, 0.00, 0.00, 0.00
664,  0,  26.520,  0.98,  1, 0.00, 0.00, 0.46, 0.03, 0.46, 0.00, 0.00, 1.10, 0.65, 1.40, 0.00, 0.72, 1.03, 0.18, 0.14, 0.00, 0.12, 0.00, 0.00, 0.00, 1.00, 0.00, 0.00, 0.00, 0.00, 0.00, 0.00, 0.00, 0.00, 1.00, 0.00, 0.00, 0.00, 0.00, 0.00
665,  0,  26.560,  0.98,  1, 0.00, 0.00, 0.40, 0.04, 0.52, 0.00, 0.00, 1.09, 0.70, 1.42, 0.03, 0.60, 1.10, 0.19, 0.17, 0.00, 0.11, 0.00, 0.00, 0.00, 1.00, 0.00, 0.00, 0.00, 0.00, 0.00, 0.00, 0.00, 0.00, 1.00, 0.00, 0.00, 0.00, 0.00, 0.00
666,  0,  26.600,  0.98,  1, 0.00, 0.00, 0.36, 0.01, 0.53, 0.00, 0.00, 1.09, 0.63, 1.49, 0.03, 0.57, 1.39, 0.20, 0.28, 0.00, 0.06, 0.00, 0.00, 0.00, 1.00, 0.00, 0.00, 0.00, 0.00, 0.00, 0.00, 0.00, 0.00, 1.00, 0.00, 0.00, 0.00, 0.00, 0.00
667,  0,  26.640,  0.98,  1, 0.00, 0.00, 0.40, 0.02, 0.55, 0.00, 0.00, 1.29, 0.67, 1.23, 0.13, 0.40, 1.44, 0.29, 0.25, 0.00, 0.00, 0.00, 0.00, 0.00, 1.00, 0.00, 0.00, 0.00, 0.00, 0.00, 0.00, 0.00, 0.00, 1.00, 0.00, 0.00, 0.00, 0.00, 0.00
668,  0,  26.680,  0.98,  1, 0.00, 0.00, 0.34, 0.13, 0.45, 0.00, 0.00, 1.12, 0.63, 1.08, 0.09, 0.28, 1.52, 0.38, 0.35, 0.00, 0.00, 0.00, 0.00, 0.00, 1.00, 0.00, 0.00, 0.00, 0.00, 0.00, 0.00, 0.00, 0.00, 1.00, 0.00, 0.00, 0.00, 0.00, 0.00
669,  0,  26.720,  0.98,  1, 0.00, 0.00, 0.49, 0.14, 0.41, 0.00, 0.00, 1.14, 0.72, 1.13, 0.09, 0.14, 1.34, 0.52, 0.29, 0.07, 0.00, 0.00, 0.00, 0.00, 1.00, 0.00, 0.00, 0.00, 0.00, 0.00, 0.00, 0.00, 0.00, 1.00, 0.00, 0.00, 0.00, 0.00, 0.00
670,  0,  26.760,  0.98,  1, 0.00, 0.00, 0.48, 0.13, 0.37, 0.00, 0.00, 1.04, 0.71, 1.27, 0.00, 0.11, 1.27, 0.52, 0.22, 0.07, 0.00, 0.00, 0.00, 0.00, 1.00, 0.00, 0.00, 0.00, 0.00, 0.00, 0.00, 0.00, 0.00, 1.00, 0.00, 0.00, 0.00, 0.00, 0.00
671,  0,  26.800,  0.98,  1, 0.00, 0.00, 0.52, 0.09, 0.37, 0.00, 0.00, 1.16, 0.68, 1.30, 0.00, 0.20, 1.25, 0.51, 0.07, 0.07, 0.11, 0.00, 0.00, 0.00, 1.00, 0.00, 0.00, 0.00, 1.00, 0.00, 0.00, 0.00, 0.00, 1.00, 0.00, 0.00, 0.00, 0.00, 0.00
672,  0,  26.840,  0.98,  1, 0.00, 0.00, 0.45, 0.12, 0.42, 0.00, 0.00, 1.24, 0.63, 1.16, 0.00, 0.26, 1.18, 0.42, 0.10, 0.00, 0.16, 0.00, 0.00, 0.00, 1.00, 0.00, 0.00, 0.00, 0.00, 0.00, 0.00, 0.00, 0.00, 1.00, 0.00, 0.00, 0.00, 0.00, 0.00
673,  0,  26.880,  0.98,  1, 0.00, 0.00, 0.50, 0.16, 0.43, 0.00, 0.00, 1.32, 0.65, 1.20, 0.00, 0.33, 1.06, 0.41, 0.16, 0.08, 0.16, 0.00, 0.00, 0.00, 1.00, 0.00, 0.00, 0.00, 1.00, 0.00, 0.00, 0.00, 0.00, 1.00, 0.00, 0.00, 0.00, 0.00, 0.00
674,  0,  26.920,  0.98,  1, 0.00, 0.00, 0.53, 0.16, 0.46, 0.00, 0.00, 1.30, 0.69, 1.14, 0.00, 0.26, 0.85, 0.32, 0.24, 0.08, 0.05, 0.00, 0.00, 0.00, 1.00, 0.00, 0.00, 0.00, 1.00, 0.00, 0.00, 0.00, 0.00, 1.00, 0.00, 0.00, 0.00, 0.00, 0.00
675,  0,  26.960,  0.98,  1, 0.00, 0.00, 0.45, 0.20, 0.46, 0.00, 0.00, 1.19, 0.73, 1.20, 0.00, 0.31, 0.75, 0.37, 0.20, 0.08, 0.00, 0.00, 0.00, 0.00, 1.00, 0.00, 0.00, 0.00, 1.00, 0.00, 0.00, 0.00, 0.00, 1.00, 0.00, 0.00, 0.00, 0.00, 0.00
676,  0,  27.000,  0.98,  1, 0.00, 0.00, 0.46, 0.26, 0.43, 0.00, 0.00, 1.14, 0.69, 1.19, 0.00, 0.26, 0.77, 0.33, 0.13, 0.00, 0.00, 0.00, 0.00, 0.00, 1.00, 0.00, 0.00, 0.00, 1.00, 0.00, 0.00, 0.00, 0.00, 1.00, 0.00, 0.00, 0.00, 0.00, 0.00
677,  0,  27.040,  0.98,  1, 0.00, 0.00, 0.41, 0.21, 0.41, 0.00, 0.00, 1.13, 0.70, 1.18, 0.00, 0.41, 0.75, 0.42, 0.12, 0.00, 0.00, 0.00, 0.00, 0.00, 1.00, 0.00, 0.00, 0.00, 1.00, 0.00, 0.00, 0.00, 0.00, 1.00, 0.00, 0.00, 0.00, 0.00, 0.00
678,  0,  27.080,  0.98,  1, 0.00, 0.00, 0.40, 0.17, 0.36, 0.00, 0.00, 1.20, 0.68, 1.21, 0.00, 0.37, 0.77, 0.47, 0.14, 0.00, 0.00, 0.00, 0.00, 0.00, 1.00, 0.00, 0.00, 0.00, 1.00, 0.00, 0.00, 0.00, 0.00, 1.00, 0.00, 0.00, 0.00, 0.00, 0.00
679,  0,  27.120,  0.98,  1, 0.00, 0.00, 0.35, 0.20, 0.36, 0.00, 0.00, 1.24, 0.63, 1.25, 0.00, 0.34, 0.80, 0.47, 0.14, 0.00, 0.02, 0.00, 0.00, 0.00, 1.00, 0.00, 0.00, 0.00, 1.00, 0.00, 0.00, 0.00, 0.00, 1.00, 0.00, 0.00, 0.00, 0.00, 0.00
680,  0,  27.160,  0.98,  1, 0.00, 0.00, 0.39, 0.24, 0.34, 0.00, 0.00, 1.35, 0.64, 1.32, 0.00, 0.18, 0.82, 0.39, 0.08, 0.00, 0.05, 0.00, 0.00, 0.00, 1.00, 0.00, 0.00, 0.00, 0.00, 0.00, 0.00, 0.00, 0.00, 1.00, 0.00, 0.00, 0.00, 0.00, 0.00
681,  0,  27.200,  0.98,  1, 0.00, 0.00, 0.43, 0.27, 0.30, 0.00, 0.00, 1.31, 0.64, 1.29, 0.00, 0.13, 0.88, 0.26, 0.02, 0.00, 0.05, 0.00, 0.00, 0.00, 1.00, 0.00, 0.00, 0.00, 0.00, 0.00, 0.00, 0.00, 0.00, 1.00, 0.00, 0.00, 0.00, 0.00, 0.00
682,  0,  27.240,  0.98,  1, 0.00, 0.00, 0.54, 0.19, 0.29, 0.00, 0.00, 1.32, 0.65, 1.21, 0.00, 0.13, 0.84, 0.20, 0.01, 0.00, 0.03, 0.00, 0.00, 0.00, 1.00, 0.00, 0.00, 0.00, 0.00, 0.00, 0.00, 0.00, 0.00, 1.00, 0.00, 0.00, 0.00, 0.00, 0.00
683,  0,  27.280,  0.98,  1, 0.00, 0.00, 0.54, 0.13, 0.32, 0.00, 0.00, 1.23, 0.61, 1.33, 0.00, 0.28, 0.95, 0.21, 0.03, 0.00, 0.00, 0.00, 0.00, 0.00, 1.00, 0.00, 0.00, 0.00, 0.00, 0.00, 0.00, 0.00, 0.00, 1.00, 0.00, 0.00, 0.00, 0.00, 0.00
684,  0,  27.320,  0.98,  1, 0.00, 0.00, 0.58, 0.10, 0.32, 0.00, 0.00, 1.21, 0.60, 1.45, 0.00, 0.27, 0.91, 0.23, 0.09, 0.00, 0.01, 0.00, 0.00, 0.00, 1.00, 0.00, 0.00, 0.00, 0.00, 0.00, 0.00, 0.00, 0.00, 1.00, 0.00, 0.00, 0.00, 0.00, 0.00
685,  0,  27.360,  0.98,  1, 0.00, 0.00, 0.54, 0.10, 0.40, 0.00, 0.00, 1.18, 0.61, 1.75, 0.00, 0.36, 0.94, 0.21, 0.14, 0.09, 0.07, 0.00, 0.00, 0.00, 1.00, 0.00, 0.00, 0.00, 0.00, 0.00, 1.00, 0.00, 0.00, 1.00, 0.00, 0.00, 0.00, 0.00, 0.00
686,  0,  27.400,  0.98,  1, 0.00, 0.00, 0.62, 0.09, 0.37, 0.00, 0.00, 1.28, 0.64, 1.71, 0.00, 0.26, 0.83, 0.17, 0.13, 0.09, 0.07, 0.00, 0.00, 0.00, 1.00, 0.00, 0.00, 0.00, 1.00, 0.00, 1.00, 0.00, 0.00, 1.00, 0.00, 0.00, 0.00, 0.00, 0.00
687,  0,  27.440,  0.98,  1, 0.00, 0.00, 0.67, 0.05, 0.36, 0.00, 0.00, 1.22, 0.66, 1.70, 0.00, 0.28, 0.89, 0.12, 0.13, 0.09, 0.06, 0.00, 0.00, 0.00, 1.00, 0.00, 0.00, 0.00, 1.00, 0.00, 1.00, 0.00, 0.00, 1.00, 0.00, 0.00, 0.00, 0.00, 0.00
688,  0,  27.480,  0.98,  1, 0.00, 0.00, 0.75, 0.00, 0.33, 0.00, 0.00, 1.15, 0.69, 1.60, 0.00, 0.20, 0.85, 0.08, 0.12, 0.00, 0.00, 0.00, 0.00, 0.00, 1.00, 0.00, 0.00, 0.00, 1.00, 0.00, 1.00, 0.00, 0.00, 1.00, 0.00, 0.00, 0.00, 0.00, 0.00
689,  0,  27.520,  0.98,  1, 0.00, 0.00, 0.77, 0.00, 0.37, 0.00, 0.00, 1.04, 0.68, 1.63, 0.00, 0.23, 0.91, 0.03, 0.20, 0.00, 0.01, 0.00, 0.00, 0.00, 1.00, 0.00, 0.00, 0.00, 1.00, 0.00, 1.00, 0.00, 0.00, 1.00, 0.00, 0.00, 0.00, 0.00, 0.00
690,  0,  27.560,  0.98,  1, 0.00, 0.00, 0.64, 0.00, 0.47, 0.00, 0.00, 1.08, 0.70, 1.41, 0.00, 0.16, 0.89, 0.00, 0.25, 0.02, 0.01, 0.00, 0.00, 0.00, 1.00, 0.00, 0.00, 0.00, 1.00, 0.00, 1.00, 0.00, 0.00, 1.00, 0.00, 0.00, 0.00, 0.00, 0.00
691,  0,  27.600,  0.98,  1, 0.00, 0.00, 0.58, 0.04, 0.52, 0.00, 0.00, 1.13, 0.67, 1.42, 0.00, 0.13, 0.84, 0.00, 0.39, 0.02, 0.01, 0.00, 0.00, 0.00, 1.00, 0.00, 0.00, 0.00, 1.00, 0.00, 1.00, 0.00, 0.00, 1.00, 0.00, 0.00, 0.00, 0.00, 0.00
692,  0,  27.640,  0.98,  1, 0.00, 0.06, 0.61, 0.04, 0.57, 0.00, 0.00, 1.17, 0.70, 1.49, 0.00, 0.18, 0.92, 0.00, 0.42, 0.02, 0.03, 0.00, 0.00, 0.00, 1.00, 0.00, 0.00, 0.00, 1.00, 0.00, 1.00, 0.00, 0.00, 1.00, 0.00, 0.00, 0.00, 0.00, 0.00
693,  0,  27.680,  0.98,  1, 0.00, 0.06, 0.70, 0.04, 0.58, 0.00, 0.00, 1.09, 0.73, 1.52, 0.00, 0.18, 1.01, 0.00, 0.48, 0.02, 0.07, 0.00, 0.00, 0.00, 1.00, 0.00, 0.00, 0.00, 1.00, 0.00, 0.00, 0.00, 0.00, 1.00, 0.00, 0.00, 0.00, 0.00, 0.00
694,  0,  27.720,  0.98,  1, 0.00, 0.06, 0.68, 0.00, 0.56, 0.00, 0.00, 1.04, 0.79, 1.41, 0.00, 0.12, 1.08, 0.00, 0.52, 0.02, 0.08, 0.00, 0.00, 0.00, 1.00, 0.00, 0.00, 0.00, 1.00, 0.00, 0.00, 0.00, 0.00, 1.00, 0.00, 0.00, 0.00, 0.00, 0.00
695,  0,  27.760,  0.98,  1, 0.00, 0.00, 0.64, 0.00, 0.57, 0.00, 0.00, 1.13, 0.80, 1.31, 0.00, 0.02, 0.93, 0.00, 0.56, 0.02, 0.14, 0.00, 0.00, 0.00, 1.00, 0.00, 0.00, 0.00, 1.00, 0.00, 0.00, 0.00, 0.00, 1.00, 0.00, 0.00, 0.00, 0.00, 0.00
696,  0,  27.800,  0.98,  1, 0.00, 0.00, 0.64, 0.00, 0.55, 0.00, 0.00, 1.32, 0.81, 1.47, 0.00, 0.02, 0.87, 0.00, 0.46, 0.00, 0.09, 0.00, 0.00, 0.00, 1.00, 0.00, 0.00, 0.00, 1.00, 0.00, 0.00, 0.00, 0.00, 1.00, 0.00, 0.00, 0.00, 0.00, 0.00
697,  0,  27.840,  0.98,  1, 0.00, 0.00, 0.68, 0.00, 0.58, 0.00, 0.00, 1.40, 0.80, 1.59, 0.00, 0.10, 0.88, 0.00, 0.31, 0.00, 0.08, 0.00, 0.00, 0.00, 1.00, 0.00, 0.00, 0.00, 1.00, 0.00, 0.00, 0.00, 0.00, 1.00, 0.00, 0.00, 0.00, 0.00, 0.00
698,  0,  27.880,  0.98,  1, 0.00, 0.00, 0.65, 0.01, 0.60, 0.00, 0.00, 1.23, 0.79, 1.59, 0.00, 0.12, 0.85, 0.00, 0.25, 0.00, 0.00, 0.00, 0.00, 0.00, 1.00, 0.00, 0.00, 0.00, 1.00, 0.00, 0.00, 0.00, 0.00, 1.00, 0.00, 0.00, 0.00, 0.00, 0.00
699,  0,  27.920,  0.98,  1, 0.00, 0.00, 0.71, 0.01, 0.65, 0.00, 0.00, 1.20, 0.76, 1.54, 0.00, 0.24, 0.79, 0.00, 0.18, 0.00, 0.00, 0.00, 0.00, 0.00, 1.00, 0.00, 0.00, 0.00, 1.00, 0.00, 0.00, 0.00, 0.00, 1.00, 0.00, 0.00, 0.00, 0.00, 0.00
700,  0,  27.960,  0.98,  1, 0.00, 0.00, 0.75, 0.01, 0.63, 0.11, 0.01, 1.22, 0.80, 1.43, 0.00, 0.31, 0.78, 0.00, 0.10, 0.00, 0.00, 0.00, 0.00, 0.00, 1.00, 0.00, 0.00, 0.00, 1.00, 0.00, 0.00, 0.00, 0.00, 1.00, 0.00, 0.00, 0.00, 0.00, 0.00
701,  0,  28.000,  0.98,  1, 0.00, 0.00, 0.71, 0.00, 0.63, 0.11, 0.01, 1.38, 0.80, 1.45, 0.00, 0.41, 0.91, 0.00, 0.05, 0.00, 0.00, 0.00, 0.00, 0.00, 1.00, 0.00, 0.00, 0.00, 1.00, 0.00, 0.00, 0.00, 0.00, 1.00, 0.00, 0.00, 0.00, 0.00, 0.00
702,  0,  28.040,  0.98,  1, 0.00, 0.00, 0.62, 0.00, 0.58, 0.11, 0.01, 1.32, 0.74, 1.50, 0.00, 0.43, 0.92, 0.00, 0.05, 0.00, 0.04, 0.00, 0.00, 0.00, 1.00, 0.00, 0.00, 0.00, 1.00, 0.00, 1.00, 0.00, 0.00, 1.00, 0.00, 0.00, 0.00, 0.00, 0.00
703,  0,  28.080,  0.98,  1, 0.00, 0.00, 0.47, 0.02, 0.56, 0.00, 0.00, 1.32, 0.70, 1.54, 0.00, 0.42, 0.90, 0.08, 0.16, 0.00, 0.04, 0.00, 0.00, 0.00, 1.00, 0.00, 0.00, 0.00, 1.00, 0.00, 0.00, 0.00, 0.00, 1.00, 0.00, 0.00, 0.00, 0.00, 0.00
704,  0,  28.120,  0.98,  1, 0.00, 0.00, 0.50, 0.08, 0.58, 0.00, 0.00, 1.36, 0.65, 1.55, 0.00, 0.33, 0.76, 0.13, 0.24, 0.00, 0.08, 0.00, 0.00, 0.00, 1.00, 0.00, 0.00, 0.00, 1.00, 0.00, 1.00, 0.00, 0.00, 1.00, 0.00, 0.00, 0.00, 0.00, 0.00
705,  0,  28.160,  0.98,  1, 0.00, 0.00, 0.38, 0.19, 0.60, 0.02, 0.00, 1.26, 0.67, 1.47, 0.00, 0.41, 0.64, 0.13, 0.39, 0.00, 0.04, 0.00, 0.00, 0.00, 1.00, 0.00, 0.00, 0.00, 1.00, 0.00, 1.00, 0.00, 0.00, 1.00, 0.00, 0.00, 0.00, 0.00, 0.00
706,  0,  28.200,  0.98,  1, 0.00, 0.00, 0.41, 0.23, 0.58, 0.02, 0.00, 1.18, 0.60, 1.44, 0.00, 0.44, 0.61, 0.07, 0.42, 0.00, 0.06, 0.00, 0.00, 0.00, 1.00, 0.00, 0.00, 0.00, 1.00, 0.00, 0.00, 0.00, 0.00, 1.00, 0.00, 0.00, 0.00, 0.00, 0.00
707,  0,  28.240,  0.98,  1, 0.00, 0.00, 0.31, 0.19, 0.54, 0.02, 0.00, 0.94, 0.62, 1.33, 0.00, 0.73, 0.62, 0.03, 0.46, 0.00, 0.10, 0.00, 0.00, 0.00, 1.00, 0.00, 0.00, 0.00, 1.00, 0.00, 0.00, 0.00, 0.00, 1.00, 0.00, 0.00, 0.00, 0.00, 0.00
708,  0,  28.280,  0.98,  1, 0.00, 0.00, 0.42, 0.07, 0.49, 0.00, 0.00, 0.91, 0.62, 1.23, 0.00, 0.61, 0.60, 0.03, 0.50, 0.00, 0.12, 0.00, 0.00, 0.00, 1.00, 0.00, 0.00, 0.00, 0.00, 0.00, 0.00, 0.00, 0.00, 1.00, 0.00, 0.00, 0.00, 0.00, 0.00
709,  0,  28.320,  0.98,  1, 0.00, 0.00, 0.41, 0.02, 0.52, 0.00, 0.00, 0.84, 0.62, 1.24, 0.00, 0.72, 0.56, 0.01, 0.46, 0.02, 0.10, 0.00, 0.00, 0.00, 1.00, 0.00, 0.00, 0.00, 0.00, 0.00, 0.00, 0.00, 0.00, 1.00, 0.00, 0.00, 0.00, 0.00, 0.00
710,  0,  28.360,  0.98,  1, 0.00, 0.00, 0.47, 0.02, 0.48, 0.00, 0.00, 0.85, 0.63, 1.20, 0.00, 0.44, 0.57, 0.03, 0.38, 0.08, 0.03, 0.00, 0.00, 0.00, 1.00, 0.00, 0.00, 0.00, 1.00, 0.00, 0.00, 0.00, 0.00, 1.00, 0.00, 0.00, 0.00, 0.00, 0.00
711,  0,  28.400,  0.98,  1, 0.00, 0.00, 0.49, 0.02, 0.52, 0.00, 0.00, 1.07, 0.66, 1.20, 0.00, 0.39, 0.65, 0.03, 0.32, 0.08, 0.00, 0.00, 0.00, 0.00, 1.00, 0.00, 0.00, 0.00, 1.00, 0.00, 0.00, 0.00, 0.00, 1.00, 0.00, 0.00, 0.00, 0.00, 0.00
712,  0,  28.440,  0.98,  1, 0.00, 0.00, 0.55, 0.04, 0.50, 0.00, 0.01, 1.23, 0.70, 1.23, 0.00, 0.22, 0.62, 0.03, 0.34, 0.06, 0.00, 0.00, 0.00, 0.00, 1.00, 0.00, 0.00, 0.00, 1.00, 0.00, 0.00, 0.00, 0.00, 1.00, 0.00, 0.00, 0.00, 0.00, 0.00
713,  0,  28.480,  0.98,  1, 0.00, 0.00, 0.61, 0.02, 0.52, 0.00, 0.04, 1.32, 0.67, 1.35, 0.00, 0.28, 0.59, 0.00, 0.25, 0.00, 0.00, 0.00, 0.00, 0.00, 1.00, 0.00, 0.00, 0.00, 1.00, 0.00, 0.00, 0.00, 0.00, 1.00, 0.00, 0.00, 0.00, 0.00, 0.00
714,  0,  28.520,  0.98,  1, 0.01, 0.00, 0.70, 0.18, 0.49, 0.00, 0.04, 1.28, 0.64, 1.47, 0.00, 0.34, 0.52, 0.00, 0.26, 0.00, 0.00, 0.00, 0.00, 0.00, 1.00, 0.00, 0.00, 0.00, 1.00, 0.00, 1.00, 0.00, 0.00, 1.00, 0.00, 0.00, 0.00, 0.00, 0.00
715,  0,  28.560,  0.98,  1, 0.01, 0.00, 0.83, 0.16, 0.55, 0.13, 0.03, 1.20, 0.66, 1.47, 0.00, 0.31, 0.59, 0.00, 0.25, 0.00, 0.00, 0.00, 0.00, 0.00, 1.00, 0.00, 0.00, 0.00, 1.00, 0.00, 1.00, 0.00, 0.00, 1.00, 0.00, 0.00, 0.00, 0.00, 0.00
716,  0,  28.600,  0.98,  1, 0.01, 0.00, 0.85, 0.16, 0.62, 0.21, 0.00, 1.28, 0.68, 1.51, 0.00, 0.38, 0.56, 0.00, 0.34, 0.00, 0.00, 0.00, 0.00, 0.00, 1.00, 0.00, 0.00, 0.00, 1.00, 0.00, 1.00, 0.00, 0.00, 1.00, 0.00, 0.00, 0.00, 0.00, 0.00
717,  0,  28.640,  0.98,  1, 0.00, 0.00, 0.82, 0.07, 0.71, 0.36, 0.00, 1.18, 0.69, 1.67, 0.00, 0.52, 0.71, 0.00, 0.31, 0.00, 0.00, 0.00, 0.00, 0.00, 1.00, 0.00, 0.00, 0.00, 1.00, 0.00, 1.00, 0.00, 0.00, 1.00, 0.00, 0.00, 0.00, 0.00, 0.00
718,  0,  28.680,  0.98,  1, 0.00, 0.00, 0.57, 0.09, 0.66, 0.26, 0.00, 1.23, 0.73, 1.75, 0.00, 0.56, 0.68, 0.05, 0.23, 0.00, 0.00, 0.00, 0.00, 0.00, 1.00, 0.00, 0.00, 0.00, 1.00, 0.00, 1.00, 0.00, 0.00, 1.00, 0.00, 0.00, 0.00, 0.00, 0.00
719,  0,  28.720,  0.98,  1, 0.00, 0.00, 0.51, 0.09, 0.62, 0.18, 0.00, 1.18, 0.79, 1.72, 0.00, 0.41, 0.73, 0.05, 0.25, 0.04, 0.00, 0.00, 0.00, 0.00, 1.00, 0.00, 0.00, 0.00, 1.00, 0.00, 1.00, 0.00, 0.00, 1.00, 0.00, 0.00, 0.00, 0.00, 0.00
720,  0,  28.760,  0.98,  1, 0.00, 0.00, 0.43, 0.03, 0.58, 0.03, 0.04, 1.32, 0.86, 1.60, 0.00, 0.25, 0.62, 0.05, 0.27, 0.04, 0.00, 0.00, 0.00, 0.00, 1.00, 0.00, 0.00, 0.00, 1.00, 0.00, 1.00, 0.00, 0.00, 1.00, 0.00, 0.00, 0.00, 0.00, 0.00
721,  0,  28.800,  0.98,  1, 0.00, 0.00, 0.57, 0.00, 0.54, 0.00, 0.04, 1.20, 0.82, 1.58, 0.00, 0.33, 0.59, 0.02, 0.33, 0.04, 0.00, 0.00, 0.00, 0.00, 1.00, 0.00, 0.00, 0.00, 1.00, 0.00, 1.00, 0.00, 0.00, 1.00, 0.00, 0.00, 0.00, 0.00, 0.00
722,  0,  28.840,  0.98,  1, 0.00, 0.00, 0.67, 0.00, 0.57, 0.13, 0.09, 1.26, 0.80, 1.66, 0.00, 0.36, 0.65, 0.08, 0.32, 0.05, 0.03, 0.00, 0.00, 0.00, 1.00, 0.00, 0.00, 0.00, 1.00, 0.00, 1.00, 0.00, 0.00, 1.00, 0.00, 0.00, 0.00, 0.00, 0.00
723,  0,  28.880,  0.98,  1, 0.00, 0.00, 0.73, 0.02, 0.58, 0.13, 0.07, 1.26, 0.80, 1.80, 0.00, 0.35, 0.68, 0.13, 0.27, 0.13, 0.03, 0.00, 0.00, 0.00, 1.00, 0.00, 0.00, 0.00, 1.00, 0.00, 1.00, 0.00, 0.00, 1.00, 0.00, 0.00, 0.00, 0.00, 0.00
724,  0,  28.920,  0.98,  1, 0.00, 0.00, 0.71, 0.02, 0.66, 0.16, 0.07, 1.46, 0.86, 1.93, 0.00, 0.28, 0.86, 0.11, 0.40, 0.13, 0.03, 0.00, 0.00, 0.00, 1.00, 0.00, 0.00, 0.00, 1.00, 0.00, 1.00, 0.00, 0.00, 1.00, 0.00, 0.00, 0.00, 0.00, 0.00
725,  0,  28.960,  0.98,  1, 0.00, 0.00, 0.60, 0.02, 0.65, 0.03, 0.02, 1.50, 0.90, 1.89, 0.00, 0.40, 0.82, 0.06, 0.34, 0.08, 0.00, 0.00, 0.00, 0.00, 1.00, 0.00, 0.00, 0.00, 1.00, 0.00, 1.00, 0.00, 0.00, 1.00, 0.00, 0.00, 0.00, 0.00, 0.00
726,  0,  29.000,  0.98,  1, 0.00, 0.00, 0.59, 0.00, 0.63, 0.02, 0.02, 1.55, 0.94, 1.84, 0.00, 0.54, 0.87, 0.01, 0.39, 0.03, 0.00, 0.00, 0.00, 0.00, 1.00, 0.00, 0.00, 0.00, 1.00, 0.00, 1.00, 0.00, 0.00, 1.00, 0.00, 0.00, 0.00, 0.00, 0.00
727,  0,  29.040,  0.98,  1, 0.00, 0.00, 0.68, 0.00, 0.57, 0.00, 0.03, 1.44, 0.90, 1.72, 0.00, 0.68, 0.66, 0.05, 0.32, 0.03, 0.05, 0.00, 0.00, 0.00, 1.00, 0.00, 0.00, 0.00, 1.00, 0.00, 1.00, 0.00, 0.00, 1.00, 0.00, 0.00, 0.00, 0.00, 0.00
728,  0,  29.080,  0.98,  1, 0.00, 0.00, 0.86, 0.00, 0.52, 0.05, 0.09, 1.52, 0.84, 1.72, 0.00, 0.60, 0.54, 0.09, 0.53, 0.03, 0.07, 0.00, 0.00, 0.00, 1.00, 0.00, 0.00, 0.00, 1.00, 0.00, 1.00, 0.00, 0.00, 1.00, 0.00, 0.00, 0.00, 0.00, 0.00
729,  0,  29.120,  0.98,  1, 0.00, 0.00, 0.93, 0.00, 0.48, 0.07, 0.11, 1.46, 0.79, 1.66, 0.00, 0.46, 0.53, 0.11, 0.65, 0.00, 0.07, 0.00, 0.00, 0.00, 1.00, 0.00, 0.00, 0.00, 1.00, 0.00, 1.00, 0.00, 0.00, 1.00, 0.00, 0.00, 0.00, 0.00, 0.00
730,  0,  29.160,  0.98,  1, 0.00, 0.00, 0.87, 0.00, 0.47, 0.11, 0.12, 1.46, 0.79, 1.59, 0.00, 0.30, 0.53, 0.15, 0.66, 0.00, 0.02, 0.00, 0.00, 0.00, 1.00, 0.00, 0.00, 0.00, 1.00, 0.00, 1.00, 0.00, 0.00, 1.00, 0.00, 0.00, 0.00, 0.00, 0.00
731,  0,  29.200,  0.98,  1, 0.00, 0.00, 0.72, 0.00, 0.54, 0.06, 0.07, 1.47, 0.82, 1.49, 0.00, 0.28, 0.57, 0.20, 0.57, 0.00, 0.00, 0.00, 0.00, 0.00, 1.00, 0.00, 0.00, 0.00, 1.00, 0.00, 1.00, 0.00, 0.00, 1.00, 0.00, 0.00, 0.00, 0.00, 0.00
732,  0,  29.240,  0.98,  1, 0.00, 0.00, 0.62, 0.02, 0.65, 0.05, 0.04, 1.57, 0.90, 1.50, 0.00, 0.23, 0.42, 0.18, 0.55, 0.00, 0.00, 0.00, 0.00, 0.00, 1.00, 0.00, 0.00, 0.00, 1.00, 0.00, 1.00, 0.00, 0.00, 1.00, 0.00, 0.00, 0.00, 0.00, 0.00
733,  0,  29.280,  0.98,  1, 0.00, 0.00, 0.56, 0.02, 0.70, 0.00, 0.02, 1.71, 0.91, 1.49, 0.00, 0.14, 0.34, 0.09, 0.57, 0.00, 0.03, 0.00, 0.00, 0.00, 1.00, 0.00, 0.00, 0.00, 1.00, 0.00, 1.00, 0.00, 0.00, 1.00, 0.00, 0.00, 0.00, 0.00, 0.00
734,  0,  29.320,  0.98,  1, 0.00, 0.00, 0.52, 0.02, 0.70, 0.00, 0.00, 1.62, 0.87, 1.59, 0.00, 0.21, 0.47, 0.00, 0.46, 0.00, 0.03, 0.00, 0.00, 0.00, 1.00, 0.00, 0.00, 0.00, 1.00, 0.00, 1.00, 0.00, 0.00, 1.00, 0.00, 0.00, 0.00, 0.00, 0.00
735,  0,  29.360,  0.98,  1, 0.00, 0.00, 0.51, 0.00, 0.68, 0.00, 0.00, 1.58, 0.81, 1.58, 0.00, 0.24, 0.51, 0.04, 0.38, 0.00, 0.06, 0.00, 0.00, 0.00, 1.00, 0.00, 0.00, 0.00, 1.00, 0.00, 1.00, 0.00, 0.00, 1.00, 0.00, 0.00, 0.00, 0.00, 0.00
736,  0,  29.400,  0.98,  1, 0.00, 0.00, 0.50, 0.00, 0.68, 0.00, 0.00, 1.49, 0.83, 1.58, 0.00, 0.38, 0.60, 0.04, 0.29, 0.00, 0.11, 0.00, 0.00, 0.00, 1.00, 0.00, 0.00, 0.00, 1.00, 0.00, 1.00, 0.00, 0.00, 1.00, 0.00, 0.00, 0.00, 0.00, 0.00
737,  0,  29.440,  0.98,  1, 0.00, 0.00, 0.51, 0.00, 0.57, 0.00, 0.00, 1.39, 0.78, 1.61, 0.00, 0.34, 0.61, 0.08, 0.36, 0.00, 0.17, 0.00, 0.00, 0.00, 1.00, 0.00, 0.00, 0.00, 1.00, 0.00, 1.00, 0.00, 0.00, 1.00, 0.00, 0.00, 0.00, 0.00, 0.00
738,  0,  29.480,  0.98,  1, 0.00, 0.00, 0.47, 0.05, 0.49, 0.00, 0.00, 1.38, 0.76, 1.56, 0.00, 0.39, 0.76, 0.04, 0.31, 0.00, 0.14, 0.00, 0.00, 0.00, 1.00, 0.00, 0.00, 0.00, 1.00, 0.00, 1.00, 0.00, 0.00, 1.00, 0.00, 0.00, 0.00, 0.00, 0.00
739,  0,  29.520,  0.98,  1, 0.00, 0.00, 0.50, 0.05, 0.52, 0.00, 0.00, 1.39, 0.76, 1.58, 0.00, 0.43, 0.88, 0.04, 0.32, 0.00, 0.06, 0.00, 0.00, 0.00, 1.00, 0.00, 0.00, 0.00, 1.00, 0.00, 1.00, 0.00, 0.00, 1.00, 0.00, 0.00, 0.00, 0.00, 0.00
740,  0,  29.560,  0.98,  1, 0.00, 0.00, 0.44, 0.05, 0.59, 0.00, 0.00, 1.40, 0.81, 1.50, 0.00, 0.33, 0.86, 0.01, 0.38, 0.00, 0.00, 0.00, 0.00, 0.00, 1.00, 0.00, 0.00, 0.00, 1.00, 0.00, 1.00, 0.00, 0.00, 1.00, 0.00, 0.00, 0.00, 0.00, 0.00
741,  0,  29.600,  0.98,  1, 0.00, 0.00, 0.44, 0.01, 0.61, 0.00, 0.05, 1.37, 0.81, 1.66, 0.00, 0.37, 0.72, 0.03, 0.33, 0.01, 0.00, 0.00, 0.00, 0.00, 1.00, 0.00, 0.00, 0.00, 1.00, 0.00, 1.00, 0.00, 0.00, 1.00, 0.00, 0.00, 0.00, 0.00, 0.00
742,  0,  29.640,  0.98,  1, 0.00, 0.00, 0.44, 0.01, 0.59, 0.00, 0.06, 1.38, 0.81, 1.60, 0.00, 0.45, 0.61, 0.05, 0.32, 0.01, 0.00, 0.00, 0.00, 0.00, 1.00, 0.00, 0.00, 0.00, 1.00, 0.00, 1.00, 0.00, 0.00, 1.00, 0.00, 0.00, 0.00, 0.00, 0.00
743,  0,  29.680,  0.98,  1, 0.00, 0.00, 0.52, 0.01, 0.61, 0.00, 0.06, 1.41, 0.84, 1.68, 0.00, 0.53, 0.55, 0.16, 0.33, 0.01, 0.06, 0.00, 0.00, 0.00, 1.00, 0.00, 0.00, 0.00, 1.00, 0.00, 1.00, 0.00, 0.00, 1.00, 0.00, 0.00, 0.00, 0.00, 0.00
744,  0,  29.720,  0.98,  1, 0.00, 0.00, 0.62, 0.00, 0.64, 0.00, 0.01, 1.37, 0.89, 1.64, 0.00, 0.45, 0.47, 0.21, 0.41, 0.00, 0.06, 0.00, 0.00, 0.00, 1.00, 0.00, 0.00, 0.00, 1.00, 0.00, 1.00, 0.00, 0.00, 1.00, 0.00, 0.00, 0.00, 0.00, 0.00
745,  0,  29.760,  0.98,  1, 0.00, 0.00, 0.56, 0.00, 0.67, 0.00, 0.00, 1.39, 0.85, 1.81, 0.00, 0.24, 0.53, 0.26, 0.53, 0.00, 0.06, 0.00, 0.00, 0.00, 1.00, 0.00, 0.00, 0.00, 1.00, 0.00, 1.00, 0.00, 0.00, 1.00, 0.00, 0.00, 0.00, 0.00, 0.00
746,  0,  29.800,  0.98,  1, 0.00, 0.00, 0.57, 0.00, 0.73, 0.01, 0.00, 1.43, 0.82, 1.80, 0.00, 0.30, 0.54, 0.20, 0.39, 0.00, 0.00, 0.00, 0.00, 0.00, 1.00, 0.00, 0.00, 0.00, 1.00, 0.00, 1.00, 0.00, 0.00, 1.00, 0.00, 0.00, 0.00, 0.00, 0.00
747,  0,  29.840,  0.98,  1, 0.00, 0.00, 0.50, 0.00, 0.77, 0.08, 0.00, 1.59, 0.80, 1.72, 0.00, 0.34, 0.72, 0.18, 0.44, 0.00, 0.00, 0.00, 0.00, 0.00, 1.00, 0.00, 0.00, 0.00, 1.00, 0.00, 1.00, 0.00, 0.00, 1.00, 0.00, 0.00, 0.00, 0.00, 0.00
748,  0,  29.880,  0.98,  1, 0.00, 0.00, 0.54, 0.01, 0.77, 0.08, 0.00, 1.63, 0.83, 1.51, 0.00, 0.36, 0.71, 0.12, 0.36, 0.00, 0.00, 0.00, 0.00, 0.00, 1.00, 0.00, 0.00, 0.00, 1.00, 0.00, 1.00, 0.00, 0.00, 1.00, 0.00, 0.00, 0.00, 0.00, 0.00
749,  0,  29.920,  0.98,  1, 0.00, 0.00, 0.48, 0.00, 0.67, 0.07, 0.00, 1.73, 0.85, 1.42, 0.00, 0.29, 0.66, 0.05, 0.33, 0.00, 0.07, 0.00, 0.00, 0.00, 1.00, 0.00, 0.00, 0.00, 1.00, 0.00, 1.00, 0.00, 0.00, 1.00, 0.00, 0.00, 0.00, 0.00, 0.00
750,  0,  29.960,  0.98,  1, 0.00, 0.00, 0.49, 0.00, 0.65, 0.02, 0.02, 1.62, 0.86, 1.33, 0.00, 0.39, 0.57, 0.05, 0.30, 0.06, 0.18, 0.00, 0.00, 0.00, 1.00, 0.00, 0.00, 0.00, 1.00, 0.00, 1.00, 0.00, 0.00, 1.00, 0.00, 0.00, 0.00, 0.00, 0.00
751,  0,  30.000,  0.98,  1, 0.00, 0.00, 0.50, 0.00, 0.66, 0.02, 0.02, 1.54, 0.84, 1.37, 0.00, 0.36, 0.58, 0.04, 0.26, 0.06, 0.18, 0.00, 0.00, 0.00, 1.00, 0.00, 0.00, 0.00, 1.00, 0.00, 1.00, 0.00, 0.00, 1.00, 0.00, 0.00, 0.00, 0.00, 0.00
752,  0,  30.040,  0.98,  1, 0.00, 0.00, 0.53, 0.00, 0.72, 0.04, 0.06, 1.44, 0.83, 1.39, 0.00, 0.29, 0.72, 0.04, 0.37, 0.06, 0.29, 0.00, 0.00, 0.00, 1.00, 0.00, 0.00, 0.00, 1.00, 0.00, 1.00, 0.00, 0.00, 1.00, 0.00, 0.00, 0.00, 0.00, 0.00
753,  0,  30.080,  0.98,  1, 0.00, 0.00, 0.63, 0.00, 0.76, 0.16, 0.06, 1.47, 0.80, 1.53, 0.00, 0.29, 0.83, 0.00, 0.40, 0.10, 0.32, 0.00, 0.00, 0.00, 1.00, 0.00, 0.00, 0.00, 1.00, 0.00, 1.00, 0.00, 0.00, 1.00, 0.00, 0.00, 0.00, 0.00, 0.00
754,  0,  30.120,  0.98,  1, 0.00, 0.00, 0.63, 0.00, 0.78, 0.21, 0.11, 1.45, 0.83, 1.69, 0.00, 0.44, 0.85, 0.00, 0.43, 0.10, 0.43, 0.00, 0.00, 0.00, 1.00, 0.00, 0.00, 0.00, 1.00, 0.00, 1.00, 0.00, 0.00, 1.00, 0.00, 0.00, 0.00, 0.00, 0.00
755,  0,  30.160,  0.98,  1, 0.00, 0.00, 0.58, 0.14, 0.77, 0.25, 0.09, 1.52, 0.87, 1.62, 0.00, 0.52, 0.71, 0.05, 0.48, 0.13, 0.25, 0.00, 0.00, 0.00, 1.00, 0.00, 0.00, 0.00, 1.00, 0.00, 1.00, 0.00, 0.00, 1.00, 0.00, 0.00, 0.00, 0.00, 0.00
756,  0,  30.200,  0.98,  1, 0.00, 0.00, 0.54, 0.14, 0.81, 0.13, 0.08, 1.50, 1.00, 1.52, 0.00, 0.63, 0.52, 0.14, 0.33, 0.07, 0.14, 0.00, 0.00, 0.00, 1.00, 0.00, 0.00, 0.00, 1.00, 0.00, 1.00, 0.00, 0.00, 1.00, 0.00, 0.00, 0.00, 0.00, 0.00
757,  0,  30.240,  0.98,  1, 0.00, 0.00, 0.58, 0.14, 0.87, 0.08, 0.03, 1.56, 1.12, 1.42, 0.01, 0.64, 0.41, 0.14, 0.27, 0.16, 0.03, 0.00, 0.00, 0.00, 1.00, 0.00, 0.00, 0.00, 1.00, 0.00, 1.00, 0.00, 0.00, 0.00, 0.00, 0.00, 0.00, 0.00, 0.00
758,  0,  30.280,  0.98,  1, 0.00, 0.00, 0.73, 0.00, 0.94, 0.09, 0.00, 1.57, 1.20, 1.50, 0.12, 0.73, 0.30, 0.09, 0.05, 0.36, 0.03, 0.00, 0.00, 0.00, 1.00, 0.00, 0.00, 0.00, 1.00, 0.00, 1.00, 0.00, 0.00, 0.00, 0.00, 0.00, 0.00, 0.00, 0.00
759,  0,  30.320,  0.98,  1, 0.00, 0.00, 0.78, 0.00, 0.94, 0.15, 0.00, 1.67, 1.22, 1.56, 0.16, 0.58, 0.28, 0.00, 0.11, 0.50, 0.05, 0.00, 0.00, 0.00, 1.00, 0.00, 0.00, 0.00, 1.00, 0.00, 1.00, 0.00, 0.00, 0.00, 0.00, 0.00, 0.00, 0.00, 0.00
760,  0,  30.360,  0.98,  1, 0.00, 0.00, 0.72, 0.00, 0.90, 0.21, 0.00, 1.69, 1.23, 1.58, 0.26, 0.62, 0.14, 0.00, 0.06, 0.55, 0.05, 0.00, 0.00, 0.00, 1.00, 0.00, 0.00, 0.00, 1.00, 0.00, 1.00, 0.00, 0.00, 0.00, 0.00, 0.00, 0.00, 0.00, 0.00
761,  0,  30.400,  0.98,  1, 0.00, 0.00, 0.60, 0.00, 0.89, 0.20, 0.00, 1.56, 1.28, 1.61, 0.16, 0.60, 0.13, 0.00, 0.17, 0.37, 0.08, 0.00, 0.00, 0.00, 1.00, 0.00, 0.00, 0.00, 1.00, 0.00, 1.00, 0.00, 0.00, 0.00, 0.00, 0.00, 0.00, 0.00, 0.00
762,  0,  30.440,  0.98,  1, 0.00, 0.00, 0.62, 0.00, 0.83, 0.26, 0.03, 1.46, 1.31, 1.72, 0.11, 0.53, 0.03, 0.00, 0.11, 0.37, 0.05, 0.00, 0.00, 0.00, 1.00, 0.00, 0.00, 0.00, 1.00, 0.00, 1.00, 0.00, 0.00, 0.00, 0.00, 0.00, 0.00, 0.00, 0.00
763,  0,  30.480,  0.98,  1, 0.00, 0.00, 0.66, 0.00, 0.79, 0.28, 0.03, 1.32, 1.29, 1.66, 0.02, 0.34, 0.03, 0.00, 0.11, 0.39, 0.05, 0.00, 0.00, 0.00, 1.00, 0.00, 0.00, 0.00, 1.00, 0.00, 1.00, 0.00, 0.00, 0.00, 0.00, 0.00, 0.00, 0.00, 0.00
764,  0,  30.520,  0.98,  1, 0.00, 0.00, 0.71, 0.00, 0.71, 0.24, 0.03, 1.35, 1.30, 1.62, 0.02, 0.29, 0.00, 0.00, 0.08, 0.55, 0.02, 0.00, 0.00, 0.00, 1.00, 0.00, 0.00, 0.00, 1.00, 0.00, 1.00, 0.00, 0.00, 0.00, 0.00, 0.00, 0.00, 0.00, 0.00
765,  0,  30.560,  0.98,  1, 0.00, 0.00, 0.60, 0.00, 0.72, 0.09, 0.00, 1.34, 1.31, 1.58, 0.02, 0.31, 0.00, 0.00, 0.18, 0.47, 0.00, 0.00, 0.00, 0.00, 1.00, 0.00, 0.00, 0.00, 1.00, 0.00, 1.00, 0.00, 0.00, 0.00, 0.00, 0.00, 0.00, 0.00, 0.00
766,  0,  30.600,  0.98,  1, 0.00, 0.00, 0.66, 0.00, 0.71, 0.02, 0.00, 1.52, 1.33, 1.73, 0.00, 0.46, 0.00, 0.00, 0.35, 0.48, 0.00, 0.00, 0.00, 0.00, 1.00, 0.00, 0.00, 0.00, 1.00, 0.00, 1.00, 0.00, 0.00, 0.00, 0.00, 0.00, 0.00, 0.00, 0.00
767,  0,  30.640,  0.98,  1, 0.00, 0.00, 0.70, 0.00, 0.74, 0.00, 0.00, 1.60, 1.30, 1.79, 0.02, 0.44, 0.00, 0.03, 0.29, 0.34, 0.03, 0.00, 0.00, 0.00, 1.00, 0.00, 0.00, 0.00, 1.00, 0.00, 1.00, 0.00, 0.00, 0.00, 0.00, 0.00, 0.00, 0.00, 0.00
768,  0,  30.680,  0.98,  1, 0.00, 0.01, 0.74, 0.00, 0.77, 0.04, 0.00, 1.69, 1.28, 1.78, 0.02, 0.48, 0.07, 0.03, 0.30, 0.44, 0.10, 0.00, 0.00, 0.00, 1.00, 0.00, 0.00, 0.00, 1.00, 0.00, 1.00, 0.00, 0.00, 0.00, 0.00, 0.00, 0.00, 0.00, 0.00
769,  0,  30.720,  0.98,  1, 0.00, 0.01, 0.75, 0.00, 0.86, 0.22, 0.01, 1.71, 1.27, 1.73, 0.02, 0.51, 0.07, 0.03, 0.13, 0.50, 0.10, 0.00, 0.00, 0.00, 1.00, 0.00, 0.00, 0.00, 1.00, 0.00, 1.00, 0.00, 0.00, 0.00, 0.00, 0.00, 0.00, 0.00, 0.00
770,  0,  30.760,  0.98,  1, 0.00, 0.01, 0.69, 0.00, 0.92, 0.31, 0.07, 1.67, 1.30, 1.83, 0.00, 0.58, 0.07, 0.00, 0.15, 0.62, 0.20, 0.00, 0.00, 0.00, 1.00, 0.00, 0.00, 0.00, 1.00, 0.00, 1.00, 0.00, 0.00, 0.00, 0.00, 0.00, 0.00, 0.00, 0.00
771,  0,  30.800,  0.98,  1, 0.00, 0.00, 0.78, 0.00, 0.87, 0.44, 0.07, 1.61, 1.29, 1.75, 0.07, 0.49, 0.14, 0.00, 0.05, 0.51, 0.12, 0.00, 0.00, 0.00, 1.00, 0.00, 0.00, 0.00, 1.00, 0.00, 1.00, 0.00, 0.00, 0.00, 0.00, 0.00, 0.00, 0.00, 0.00
772,  0,  30.840,  0.98,  1, 0.00, 0.00, 0.75, 0.00, 0.80, 0.42, 0.06, 1.36, 1.28, 1.72, 0.11, 0.45, 0.17, 0.00, 0.09, 0.48, 0.21, 0.00, 0.00, 0.00, 1.00, 0.00, 0.00, 0.00, 1.00, 0.00, 1.00, 0.00, 0.00, 0.00, 0.00, 0.00, 0.00, 0.00, 0.00
773,  0,  30.880,  0.98,  1, 0.00, 0.00, 0.75, 0.00, 0.78, 0.42, 0.00, 1.27, 1.23, 1.55, 0.11, 0.43, 0.24, 0.00, 0.20, 0.44, 0.15, 0.00, 0.00, 0.00, 1.00, 0.00, 0.00, 0.00, 1.00, 0.00, 1.00, 0.00, 0.00, 0.00, 0.00, 0.00, 0.00, 0.00, 0.00
774,  0,  30.920,  0.98,  1, 0.00, 0.00, 0.69, 0.00, 0.84, 0.26, 0.01, 1.21, 1.28, 1.56, 0.14, 0.48, 0.11, 0.00, 0.21, 0.48, 0.20, 0.00, 0.00, 0.00, 1.00, 0.00, 0.00, 0.00, 1.00, 0.00, 1.00, 0.00, 0.00, 0.00, 0.00, 0.00, 0.00, 0.00, 0.00
775,  0,  30.960,  0.98,  1, 0.00, 0.00, 0.65, 0.00, 0.89, 0.09, 0.01, 1.23, 1.26, 1.62, 0.19, 0.58, 0.26, 0.01, 0.21, 0.46, 0.11, 0.00, 0.00, 0.00, 1.00, 0.00, 0.00, 0.00, 1.00, 0.00, 1.00, 0.00, 0.00, 0.00, 0.00, 0.00, 0.00, 0.00, 0.00
776,  0,  31.000,  0.98,  1, 0.00, 0.00, 0.68, 0.00, 0.93, 0.15, 0.01, 1.25, 1.28, 1.58, 0.19, 0.57, 0.36, 0.02, 0.06, 0.49, 0.14, 0.00, 0.00, 0.00, 1.00, 0.00, 0.00, 0.00, 1.00, 0.00, 1.00, 0.00, 0.00, 0.00, 0.00, 0.00, 0.00, 0.00, 0.00
777,  0,  31.040,  0.98,  1, 0.00, 0.00, 0.65, 0.00, 0.95, 0.26, 0.01, 1.16, 1.25, 1.68, 0.10, 0.56, 0.37, 0.02, 0.04, 0.61, 0.18, 0.00, 0.00, 0.00, 1.00, 0.00, 0.00, 0.00, 1.00, 0.00, 1.00, 0.00, 0.00, 0.00, 0.00, 0.00, 0.00, 0.00, 0.00
778,  0,  31.080,  0.98,  1, 0.00, 0.00, 0.71, 0.00, 0.96, 0.31, 0.04, 1.23, 1.26, 1.63, 0.00, 0.64, 0.24, 0.01, 0.00, 0.69, 0.20, 0.00, 0.00, 0.00, 1.00, 0.00, 0.00, 0.00, 1.00, 0.00, 1.00, 0.00, 0.00, 0.00, 0.00, 0.00, 0.00, 0.00, 0.00
779,  0,  31.120,  0.98,  1, 0.00, 0.00, 0.75, 0.00, 1.00, 0.31, 0.09, 1.32, 1.27, 1.88, 0.00, 0.82, 0.09, 0.00, 0.00, 0.78, 0.11, 0.00, 0.00, 0.00, 1.00, 0.00, 0.00, 0.00, 1.00, 0.00, 1.00, 0.00, 0.00, 0.00, 0.00, 0.00, 0.00, 0.00, 0.00
780,  0,  31.160,  0.98,  1, 0.00, 0.00, 0.72, 0.00, 1.00, 0.37, 0.08, 1.35, 1.28, 1.88, 0.02, 0.97, 0.09, 0.01, 0.00, 0.84, 0.03, 0.00, 0.00, 0.00, 0.00, 0.00, 0.00, 0.00, 1.00, 0.00, 1.00, 0.00, 0.00, 0.00, 0.00, 0.00, 0.00, 0.00, 0.00
781,  0,  31.200,  0.98,  1, 0.00, 0.00, 0.68, 0.00, 0.97, 0.52, 0.05, 1.37, 1.27, 1.92, 0.02, 0.79, 0.13, 0.01, 0.00, 0.80, 0.09, 0.00, 0.00, 0.00, 1.00, 0.00, 0.00, 0.00, 1.00, 0.00, 1.00, 0.00, 0.00, 0.00, 0.00, 0.00, 0.00, 0.00, 0.00
782,  0,  31.240,  0.98,  1, 0.00, 0.01, 0.62, 0.00, 0.92, 0.59, 0.00, 1.29, 1.26, 1.89, 0.02, 0.60, 0.14, 0.01, 0.00, 0.67, 0.13, 0.00, 0.00, 0.00, 1.00, 0.00, 0.00, 0.00, 1.00, 0.00, 1.00, 0.00, 0.00, 0.00, 0.00, 0.00, 0.00, 0.00, 0.00
783,  0,  31.280,  0.98,  1, 0.00, 0.01, 0.72, 0.00, 0.88, 0.53, 0.01, 1.34, 1.23, 1.90, 0.03, 0.51, 0.11, 0.00, 0.00, 0.49, 0.22, 0.00, 0.00, 0.00, 1.00, 0.00, 0.00, 0.00, 1.00, 0.00, 1.00, 0.00, 0.00, 0.00, 0.00, 0.00, 0.00, 0.00, 0.00
784,  0,  31.320,  0.98,  1, 0.00, 0.01, 0.78, 0.00, 0.89, 0.42, 0.01, 1.37, 1.24, 1.91, 0.17, 0.53, 0.02, 0.00, 0.16, 0.40, 0.19, 0.00, 0.00, 0.00, 1.00, 0.00, 0.00, 0.00, 1.00, 0.00, 1.00, 0.00, 0.00, 0.00, 0.00, 0.00, 0.00, 0.00, 0.00
785,  0,  31.360,  0.98,  1, 0.00, 0.00, 0.82, 0.00, 0.86, 0.21, 0.01, 1.47, 1.23, 1.72, 0.17, 0.62, 0.00, 0.02, 0.27, 0.37, 0.17, 0.00, 0.00, 0.00, 1.00, 0.00, 0.00, 0.00, 1.00, 0.00, 1.00, 0.00, 0.00, 0.00, 0.00, 0.00, 0.00, 0.00, 0.00
786,  0,  31.400,  0.98,  1, 0.00, 0.00, 0.74, 0.02, 0.88, 0.10, 0.00, 1.60, 1.26, 1.72, 0.24, 0.65, 0.00, 0.05, 0.36, 0.38, 0.10, 0.00, 0.00, 0.00, 1.00, 0.00, 0.00, 0.00, 1.00, 0.00, 1.00, 0.00, 0.00, 0.00, 0.00, 0.00, 0.00, 0.00, 0.00
787,  0,  31.440,  0.98,  1, 0.00, 0.00, 0.67, 0.02, 0.92, 0.01, 0.00, 1.61, 1.26, 1.74, 0.19, 0.82, 0.00, 0.06, 0.28, 0.43, 0.06, 0.00, 0.00, 0.00, 1.00, 0.00, 0.00, 0.00, 1.00, 0.00, 1.00, 0.00, 0.00, 0.00, 0.00, 0.00, 0.00, 0.00, 0.00
788,  0,  31.480,  0.98,  1, 0.00, 0.00, 0.67, 0.02, 0.93, 0.07, 0.02, 1.61, 1.23, 2.05, 0.19, 0.93, 0.00, 0.06, 0.19, 0.48, 0.10, 0.00, 0.00, 0.00, 1.00, 0.00, 0.00, 0.00, 1.00, 0.00, 1.00, 0.00, 0.00, 0.00, 0.00, 0.00, 0.00, 0.00, 0.00
789,  0,  31.520,  0.98,  1, 0.00, 0.00, 0.72, 0.00, 0.87, 0.07, 0.03, 1.57, 1.14, 2.18, 0.09, 1.03, 0.07, 0.03, 0.21, 0.52, 0.25, 0.00, 0.00, 0.00, 1.00, 0.00, 0.00, 0.00, 1.00, 0.00, 1.00, 0.00, 0.00, 0.00, 0.00, 0.00, 0.00, 0.00, 0.00
790,  0,  31.560,  0.98,  1, 0.00, 0.00, 0.82, 0.00, 0.80, 0.21, 0.07, 1.55, 1.12, 2.20, 0.02, 0.92, 0.07, 0.04, 0.16, 0.56, 0.30, 0.00, 0.00, 0.00, 1.00, 0.00, 0.00, 0.00, 1.00, 0.00, 1.00, 0.00, 0.00, 0.00, 0.00, 0.00, 0.00, 0.00, 0.00
791,  0,  31.600,  0.98,  1, 0.00, 0.00, 0.82, 0.00, 0.81, 0.15, 0.04, 1.51, 1.13, 2.05, 0.02, 0.77, 0.17, 0.02, 0.20, 0.50, 0.22, 0.00, 0.00, 0.00, 1.00, 0.00, 0.00, 0.00, 1.00, 0.00, 1.00, 0.00, 0.00, 0.00, 0.00, 0.00, 0.00, 0.00, 0.00
792,  0,  31.640,  0.98,  1, 0.00, 0.00, 0.82, 0.00, 0.86, 0.25, 0.05, 1.48, 1.16, 1.94, 0.12, 0.71, 0.18, 0.05, 0.09, 0.50, 0.12, 0.00, 0.00, 0.00, 1.00, 0.00, 0.00, 0.00, 1.00, 0.00, 1.00, 0.00, 0.00, 0.00, 0.00, 0.00, 0.00, 0.00, 0.00
793,  0,  31.680,  0.98,  1, 0.00, 0.00, 0.70, 0.00, 0.90, 0.17, 0.03, 1.38, 1.11, 1.89, 0.18, 0.69, 0.24, 0.04, 0.06, 0.48, 0.06, 0.00, 0.00, 0.00, 1.00, 0.00, 0.00, 0.00, 1.00, 0.00, 1.00, 0.00, 0.00, 0.00, 0.00, 0.00, 0.00, 0.00, 0.00
794,  0,  31.720,  0.98,  1, 0.00, 0.00, 0.70, 0.00, 0.90, 0.30, 0.09, 1.27, 1.07, 1.57, 0.68, 0.66, 0.20, 0.04, 0.00, 0.38, 0.12, 0.00, 0.00, 0.00, 1.00, 0.00, 0.00, 0.00, 1.00, 0.00, 1.00, 0.00, 0.00, 0.00, 0.00, 0.00, 0.00, 0.00, 0.00
795,  0,  31.760,  0.98,  1, 0.00, 0.00, 0.66, 0.00, 0.88, 0.21, 0.08, 1.24, 1.03, 1.48, 0.58, 0.61, 0.17, 0.01, 0.02, 0.39, 0.06, 0.00, 0.00, 0.00, 1.00, 0.00, 0.00, 0.00, 1.00, 0.00, 1.00, 0.00, 0.00, 0.00, 0.00, 0.00, 0.00, 0.00, 0.00
796,  0,  31.800,  0.98,  1, 0.00, 0.00, 0.70, 0.00, 0.94, 0.16, 0.06, 1.33, 1.11, 1.47, 0.50, 0.63, 0.16, 0.07, 0.02, 0.34, 0.15, 0.00, 0.00, 0.00, 1.00, 0.00, 0.00, 0.00, 1.00, 0.00, 1.00, 0.00, 0.00, 0.00, 0.00, 0.00, 0.00, 0.00, 0.00
797,  0,  31.840,  0.98,  1, 0.01, 0.04, 0.73, 0.00, 0.96, 0.05, 0.05, 1.43, 1.15, 1.78, 0.00, 0.68, 0.20, 0.07, 0.02, 0.49, 0.10, 0.00, 0.00, 0.00, 1.00, 0.00, 0.00, 0.00, 1.00, 0.00, 1.00, 0.00, 0.00, 0.00, 0.00, 0.00, 0.00, 0.00, 0.00
798,  0,  31.880,  0.98,  1, 0.01, 0.04, 0.74, 0.00, 0.97, 0.17, 0.05, 1.43, 1.18, 1.91, 0.00, 0.72, 0.23, 0.13, 0.04, 0.53, 0.14, 0.00, 0.00, 0.00, 1.00, 0.00, 0.00, 0.00, 1.00, 0.00, 1.00, 0.00, 0.00, 0.00, 0.00, 0.00, 0.00, 0.00, 0.00
799,  0,  31.920,  0.98,  1, 0.02, 0.04, 0.74, 0.00, 0.95, 0.15, 0.05, 1.47, 1.17, 1.89, 0.11, 0.74, 0.24, 0.07, 0.04, 0.67, 0.05, 0.00, 0.00, 0.00, 1.00, 0.00, 0.00, 0.00, 1.00, 0.00, 1.00, 0.00, 0.00, 0.00, 0.00, 0.00, 0.00, 0.00, 0.00
800,  0,  31.960,  0.98,  1, 0.01, 0.00, 0.66, 0.00, 0.95, 0.13, 0.00, 1.43, 1.21, 1.75, 0.15, 0.71, 0.33, 0.07, 0.04, 0.71, 0.04, 0.00, 0.00, 0.00, 1.00, 0.00, 0.00, 0.00, 1.00, 0.00, 1.00, 0.00, 0.00, 0.00, 0.00, 0.00, 0.00, 0.00, 0.00
801,  0,  32.000,  0.98,  1, 0.01, 0.00, 0.70, 0.00, 0.93, 0.00, 0.00, 1.49, 1.27, 1.64, 0.17, 0.67, 0.35, 0.02, 0.00, 0.76, 0.00, 0.00, 0.00, 0.00, 0.00, 0.00, 0.00, 0.00, 1.00, 0.00, 1.00, 0.00, 0.00, 0.00, 0.00, 0.00, 0.00, 0.00, 0.00
802,  0,  32.040,  0.98,  1, 0.01, 0.00, 0.71, 0.00, 0.84, 0.04, 0.00, 1.40, 1.24, 1.61, 0.06, 0.67, 0.39, 0.05, 0.04, 0.74, 0.00, 0.00, 0.00, 0.00, 1.00, 0.00, 0.00, 0.00, 1.00, 0.00, 1.00, 0.00, 0.00, 0.00, 0.00, 0.00, 0.00, 0.00, 0.00
803,  0,  32.080,  0.98,  1, 0.01, 0.00, 0.72, 0.00, 0.76, 0.08, 0.00, 1.39, 1.18, 1.63, 0.16, 0.69, 0.39, 0.07, 0.04, 0.82, 0.00, 0.00, 0.00, 0.00, 1.00, 0.00, 0.00, 0.00, 1.00, 0.00, 1.00, 0.00, 0.00, 0.00, 0.00, 0.00, 0.00, 0.00, 0.00
804,  0,  32.120,  0.98,  1, 0.01, 0.00, 0.63, 0.00, 0.76, 0.10, 0.03, 1.41, 1.15, 1.68, 0.29, 0.65, 0.31, 0.07, 0.04, 0.74, 0.00, 0.00, 0.00, 0.00, 1.00, 0.00, 0.00, 0.00, 1.00, 0.00, 1.00, 0.00, 0.00, 0.00, 0.00, 0.00, 0.00, 0.00, 0.00
805,  0,  32.160,  0.98,  1, 0.00, 0.00, 0.60, 0.00, 0.77, 0.07, 0.04, 1.48, 1.20, 1.63, 0.30, 0.55, 0.22, 0.04, 0.00, 0.69, 0.00, 0.00, 0.00, 0.00, 1.00, 0.00, 0.00, 0.00, 1.00, 0.00, 1.00, 0.00, 0.00, 0.00, 0.00, 0.00, 0.00, 0.00, 0.00
806,  0,  32.200,  0.98,  1, 0.00, 0.00, 0.60, 0.00, 0.85, 0.08, 0.04, 1.50, 1.27, 1.67, 0.16, 0.50, 0.02, 0.07, 0.09, 0.54, 0.03, 0.00, 0.00, 0.00, 1.00, 0.00, 0.00, 0.00, 1.00, 0.00, 1.00, 0.00, 0.00, 0.00, 0.00, 0.00, 0.00, 0.00, 0.00
807,  0,  32.240,  0.98,  1, 0.00, 0.00, 0.70, 0.00, 0.83, 0.07, 0.01, 1.35, 1.20, 1.65, 0.01, 0.56, 0.12, 0.07, 0.14, 0.49, 0.03, 0.00, 0.00, 0.00, 1.00, 0.00, 0.00, 0.00, 1.00, 0.00, 1.00, 0.00, 0.00, 0.00, 0.00, 0.00, 0.00, 0.00, 0.00
808,  0,  32.280,  0.98,  1, 0.00, 0.08, 0.70, 0.00, 0.80, 0.23, 0.00, 1.35, 1.17, 1.66, 0.00, 0.62, 0.12, 0.07, 0.14, 0.41, 0.03, 0.00, 0.00, 0.00, 1.00, 0.00, 0.00, 0.00, 1.00, 0.00, 1.00, 0.00, 0.00, 0.00, 0.00, 0.00, 0.00, 0.00, 0.00
809,  0,  32.320,  0.98,  1, 0.00, 0.08, 0.77, 0.00, 0.76, 0.18, 0.00, 1.49, 1.12, 1.63, 0.00, 0.74, 0.17, 0.05, 0.04, 0.38, 0.07, 0.00, 0.00, 0.00, 1.00, 0.00, 0.00, 0.00, 1.00, 0.00, 1.00, 0.00, 0.00, 0.00, 0.00, 0.00, 0.00, 0.00, 0.00
810,  0,  32.360,  0.98,  1, 0.00, 0.08, 0.75, 0.00, 0.76, 0.22, 0.06, 1.53, 1.08, 1.64, 0.00, 0.72, 0.05, 0.06, 0.00, 0.36, 0.13, 0.00, 0.00, 0.00, 1.00, 0.00, 0.00, 0.00, 1.00, 0.00, 1.00, 0.00, 0.00, 0.00, 0.00, 0.00, 0.00, 0.00, 0.00
811,  0,  32.400,  0.98,  1, 0.00, 0.00, 0.75, 0.00, 0.75, 0.20, 0.06, 1.44, 1.03, 1.72, 0.00, 0.78, 0.05, 0.07, 0.03, 0.24, 0.27, 0.00, 0.00, 0.00, 1.00, 0.00, 0.00, 0.00, 1.00, 0.00, 1.00, 0.00, 0.00, 0.00, 0.00, 0.00, 0.00, 0.00, 0.00
812,  0,  32.440,  0.98,  1, 0.00, 0.00, 0.67, 0.00, 0.76, 0.29, 0.07, 1.28, 1.03, 1.77, 0.00, 0.70, 0.07, 0.04, 0.10, 0.28, 0.29, 0.00, 0.00, 0.00, 1.00, 0.00, 0.00, 0.00, 1.00, 0.00, 1.00, 0.00, 0.00, 0.00, 0.00, 0.00, 0.00, 0.00, 0.00
813,  0,  32.480,  0.98,  1, 0.00, 0.00, 0.57, 0.00, 0.73, 0.25, 0.00, 1.29, 1.10, 1.74, 0.00, 0.70, 0.12, 0.05, 0.14, 0.39, 0.26, 0.00, 0.00, 0.00, 1.00, 0.00, 0.00, 0.00, 1.00, 0.00, 1.00, 0.00, 0.00, 0.00, 0.00, 0.00, 0.00, 0.00, 0.00
814,  0,  32.520,  0.98,  1, 0.00, 0.00, 0.51, 0.00, 0.71, 0.10, 0.00, 1.30, 1.12, 1.65, 0.00, 0.57, 0.12, 0.03, 0.12, 0.53, 0.14, 0.00, 0.00, 0.00, 1.00, 0.00, 0.00, 0.00, 1.00, 0.00, 1.00, 0.00, 0.00, 0.00, 0.00, 0.00, 0.00, 0.00, 0.00
815,  0,  32.560,  0.98,  1, 0.00, 0.00, 0.45, 0.00, 0.67, 0.01, 0.00, 1.31, 1.15, 1.76, 0.00, 0.58, 0.05, 0.04, 0.05, 0.57, 0.05, 0.00, 0.00, 0.00, 1.00, 0.00, 0.00, 0.00, 1.00, 0.00, 1.00, 0.00, 0.00, 0.00, 0.00, 0.00, 0.00, 0.00, 0.00
816,  0,  32.600,  0.98,  1, 0.00, 0.00, 0.56, 0.00, 0.66, 0.08, 0.00, 1.31, 1.12, 1.71, 0.01, 0.64, 0.00, 0.01, 0.01, 0.54, 0.02, 0.00, 0.00, 0.00, 1.00, 0.00, 0.00, 0.00, 1.00, 0.00, 1.00, 0.00, 0.00, 0.00, 0.00, 0.00, 0.00, 0.00, 0.00
817,  0,  32.640,  0.98,  1, 0.00, 0.00, 0.66, 0.00, 0.60, 0.07, 0.00, 1.33, 1.13, 1.75, 0.03, 0.70, 0.00, 0.04, 0.02, 0.59, 0.00, 0.00, 0.00, 0.00, 1.00, 0.00, 0.00, 0.00, 1.00, 0.00, 1.00, 0.00, 0.00, 0.00, 0.00, 0.00, 0.00, 0.00, 0.00
818,  0,  32.680,  0.98,  1, 0.00, 0.01, 0.72, 0.00, 0.57, 0.18, 0.00, 1.27, 1.14, 1.54, 0.18, 0.61, 0.00, 0.04, 0.09, 0.64, 0.00, 0.00, 0.00, 0.00, 1.00, 0.00, 0.00, 0.00, 1.00, 0.00, 1.00, 0.00, 0.00, 0.00, 0.00, 0.00, 0.00, 0.00, 0.00
819,  0,  32.720,  0.98,  1, 0.00, 0.06, 0.64, 0.00, 0.55, 0.11, 0.00, 1.28, 1.17, 1.51, 0.17, 0.63, 0.00, 0.04, 0.09, 0.67, 0.00, 0.00, 0.00, 0.00, 1.00, 0.00, 0.00, 0.00, 1.00, 0.00, 1.00, 0.00, 0.00, 0.00, 0.00, 0.00, 0.00, 0.00, 0.00
820,  0,  32.760,  0.98,  1, 0.00, 0.06, 0.63, 0.00, 0.58, 0.11, 0.00, 1.28, 1.21, 1.46, 0.18, 0.58, 0.00, 0.03, 0.10, 0.62, 0.00, 0.00, 0.00, 0.00, 1.00, 0.00, 0.00, 0.00, 1.00, 0.00, 1.00, 0.00, 0.00, 0.00, 0.00, 0.00, 0.00, 0.00, 0.00
821,  0,  32.800,  0.98,  1, 0.00, 0.05, 0.64, 0.00, 0.61, 0.00, 0.00, 1.35, 1.19, 1.46, 0.03, 0.60, 0.07, 0.02, 0.10, 0.51, 0.00, 0.00, 0.00, 0.00, 1.00, 0.00, 0.00, 0.00, 1.00, 0.00, 1.00, 0.00, 0.00, 0.00, 0.00, 0.00, 0.00, 0.00, 0.00
822,  0,  32.840,  0.98,  1, 0.00, 0.00, 0.55, 0.00, 0.63, 0.02, 0.00, 1.39, 1.16, 1.54, 0.05, 0.66, 0.07, 0.08, 0.19, 0.48, 0.00, 0.00, 0.00, 0.00, 1.00, 0.00, 0.00, 0.00, 1.00, 0.00, 1.00, 0.00, 0.00, 0.00, 0.00, 0.00, 0.00, 0.00, 0.00
823,  0,  32.880,  0.98,  1, 0.00, 0.00, 0.50, 0.00, 0.67, 0.02, 0.00, 1.47, 1.12, 1.74, 0.02, 0.67, 0.13, 0.12, 0.20, 0.48, 0.04, 0.00, 0.00, 0.00, 1.00, 0.00, 0.00, 0.00, 1.00, 0.00, 1.00, 0.00, 0.00, 0.00, 0.00, 0.00, 0.00, 0.00, 0.00
824,  0,  32.920,  0.98,  1, 0.00, 0.00, 0.45, 0.00, 0.70, 0.02, 0.02, 1.50, 1.14, 1.86, 0.02, 0.79, 0.15, 0.16, 0.22, 0.55, 0.04, 0.00, 0.00, 0.00, 1.00, 0.00, 0.00, 0.00, 1.00, 0.00, 1.00, 0.00, 0.00, 0.00, 0.00, 0.00, 0.00, 0.00, 0.00
825,  0,  32.960,  0.98,  1, 0.00, 0.00, 0.50, 0.05, 0.71, 0.00, 0.02, 1.50, 1.14, 1.80, 0.01, 0.73, 0.28, 0.14, 0.19, 0.56, 0.04, 0.00, 0.00, 0.00, 1.00, 0.00, 0.00, 0.00, 1.00, 0.00, 1.00, 0.00, 0.00, 0.00, 0.00, 0.00, 0.00, 0.00, 0.00
826,  0,  33.000,  0.98,  1, 0.00, 0.00, 0.48, 0.06, 0.72, 0.00, 0.02, 1.44, 1.12, 1.71, 0.01, 0.78, 0.38, 0.12, 0.18, 0.54, 0.00, 0.00, 0.00, 0.00, 1.00, 0.00, 0.00, 0.00, 1.00, 0.00, 1.00, 0.00, 0.00, 0.00, 0.00, 0.00, 0.00, 0.00, 0.00
827,  0,  33.040,  0.98,  1, 0.00, 0.00, 0.53, 0.06, 0.70, 0.02, 0.00, 1.44, 1.04, 1.62, 0.09, 0.82, 0.49, 0.07, 0.12, 0.57, 0.00, 0.00, 0.00, 0.00, 1.00, 0.00, 0.00, 0.00, 1.00, 0.00, 1.00, 0.00, 0.00, 0.00, 0.00, 0.00, 0.00, 0.00, 0.00
828,  0,  33.080,  0.98,  1, 0.00, 0.00, 0.57, 0.01, 0.68, 0.02, 0.00, 1.36, 1.02, 1.57, 0.07, 0.92, 0.48, 0.03, 0.06, 0.57, 0.00, 0.00, 0.00, 0.00, 1.00, 0.00, 0.00, 0.00, 1.00, 0.00, 1.00, 0.00, 0.00, 0.00, 0.00, 0.00, 0.00, 0.00, 0.00
829,  0,  33.120,  0.98,  1, 0.00, 0.00, 0.60, 0.00, 0.60, 0.02, 0.00, 1.29, 0.96, 1.42, 0.19, 0.96, 0.46, 0.03, 0.03, 0.57, 0.00, 0.00, 0.00, 0.00, 1.00, 0.00, 0.00, 0.00, 1.00, 0.00, 1.00, 0.00, 0.00, 0.00, 0.00, 0.00, 0.00, 0.00, 0.00
830,  0,  33.160,  0.98,  1, 0.00, 0.00, 0.57, 0.00, 0.57, 0.00, 0.00, 1.28, 1.04, 1.37, 0.11, 0.99, 0.35, 0.08, 0.02, 0.48, 0.00, 0.00, 0.00, 0.00, 1.00, 0.00, 0.00, 0.00, 1.00, 0.00, 1.00, 0.00, 0.00, 0.00, 0.00, 0.00, 0.00, 0.00, 0.00
831,  0,  33.200,  0.98,  1, 0.00, 0.00, 0.55, 0.00, 0.58, 0.01, 0.01, 1.32, 1.03, 1.42, 0.11, 0.85, 0.23, 0.13, 0.05, 0.50, 0.00, 0.00, 0.00, 0.00, 1.00, 0.00, 0.00, 0.00, 1.00, 0.00, 1.00, 0.00, 0.00, 0.00, 0.00, 0.00, 0.00, 0.00, 0.00
832,  0,  33.240,  0.98,  1, 0.00, 0.00, 0.54, 0.00, 0.59, 0.01, 0.04, 1.37, 1.08, 1.60, 0.00, 0.88, 0.11, 0.10, 0.05, 0.63, 0.00, 0.00, 0.00, 0.00, 1.00, 0.00, 0.00, 0.00, 1.00, 0.00, 1.00, 0.00, 0.00, 0.00, 0.00, 0.00, 0.00, 0.00, 0.00
833,  0,  33.280,  0.98,  1, 0.00, 0.00, 0.53, 0.00, 0.54, 0.01, 0.04, 1.30, 1.05, 1.68, 0.00, 0.84, 0.10, 0.11, 0.08, 0.69, 0.00, 0.00, 0.00, 0.00, 1.00, 0.00, 0.00, 0.00, 1.00, 0.00, 1.00, 0.00, 0.00, 0.00, 0.00, 0.00, 0.00, 0.00, 0.00
834,  0,  33.320,  0.98,  1, 0.00, 0.00, 0.45, 0.00, 0.48, 0.00, 0.03, 1.36, 1.08, 1.58, 0.00, 0.88, 0.10, 0.06, 0.04, 0.68, 0.00, 0.00, 0.00, 0.00, 1.00, 0.00, 0.00, 0.00, 1.00, 0.00, 1.00, 0.00, 0.00, 0.00, 0.00, 0.00, 0.00, 0.00, 0.00
835,  0,  33.360,  0.98,  1, 0.00, 0.04, 0.45, 0.00, 0.43, 0.00, 0.00, 1.38, 1.08, 1.54, 0.01, 0.90, 0.09, 0.13, 0.04, 0.65, 0.00, 0.00, 0.00, 0.00, 1.00, 0.00, 0.00, 0.00, 1.00, 0.00, 1.00, 0.00, 0.00, 0.00, 0.00, 0.00, 0.00, 0.00, 0.00
836,  0,  33.400,  0.98,  1, 0.00, 0.04, 0.49, 0.00, 0.42, 0.00, 0.00, 1.45, 1.07, 1.57, 0.06, 0.76, 0.00, 0.07, 0.00, 0.63, 0.00, 0.00, 0.00, 0.00, 1.00, 0.00, 0.00, 0.00, 1.00, 0.00, 1.00, 0.00, 0.00, 0.00, 0.00, 0.00, 0.00, 0.00, 0.00
837,  0,  33.440,  0.98,  1, 0.02, 0.04, 0.66, 0.00, 0.45, 0.00, 0.00, 1.54, 1.05, 1.68, 0.06, 0.64, 0.00, 0.08, 0.00, 0.51, 0.00, 0.00, 0.00, 0.00, 1.00, 0.00, 0.00, 0.00, 1.00, 0.00, 1.00, 0.00, 0.00, 0.00, 0.00, 0.00, 0.00, 0.00, 0.00
838,  0,  33.480,  0.98,  1, 0.02, 0.00, 0.71, 0.00, 0.52, 0.00, 0.00, 1.56, 1.05, 1.71, 0.10, 0.60, 0.00, 0.02, 0.00, 0.46, 0.00, 0.00, 0.00, 0.00, 1.00, 0.00, 0.00, 0.00, 1.00, 0.00, 1.00, 0.00, 0.00, 0.00, 0.00, 0.00, 0.00, 0.00, 0.00
839,  0,  33.520,  0.98,  1, 0.02, 0.04, 0.72, 0.00, 0.57, 0.00, 0.00, 1.60, 1.08, 1.71, 0.05, 0.67, 0.03, 0.06, 0.00, 0.38, 0.00, 0.00, 0.00, 0.00, 1.00, 0.00, 0.00, 0.00, 1.00, 0.00, 1.00, 0.00, 0.00, 0.00, 0.00, 0.00, 0.00, 0.00, 0.00
840,  0,  33.560,  0.98,  1, 0.00, 0.04, 0.71, 0.11, 0.55, 0.00, 0.00, 1.46, 1.07, 1.64, 0.05, 0.67, 0.07, 0.08, 0.00, 0.51, 0.00, 0.00, 0.00, 0.00, 1.00, 0.00, 0.00, 0.00, 1.00, 0.00, 1.00, 0.00, 0.00, 0.00, 0.00, 0.00, 0.00, 0.00, 0.00
841,  0,  33.600,  0.98,  1, 0.00, 0.04, 0.65, 0.13, 0.54, 0.00, 0.00, 1.37, 1.10, 1.52, 0.00, 0.67, 0.07, 0.07, 0.00, 0.44, 0.00, 0.00, 0.00, 0.00, 1.00, 0.00, 0.00, 0.00, 1.00, 0.00, 1.00, 0.00, 0.00, 0.00, 0.00, 0.00, 0.00, 0.00, 0.00
842,  0,  33.640,  0.98,  1, 0.00, 0.00, 0.61, 0.13, 0.53, 0.00, 0.01, 1.33, 1.12, 1.41, 0.00, 0.63, 0.05, 0.04, 0.00, 0.42, 0.00, 0.00, 0.00, 0.00, 1.00, 0.00, 0.00, 0.00, 1.00, 0.00, 1.00, 0.00, 0.00, 0.00, 0.00, 0.00, 0.00, 0.00, 0.00
843,  0,  33.680,  0.98,  1, 0.01, 0.00, 0.54, 0.06, 0.50, 0.00, 0.01, 1.38, 1.14, 1.50, 0.01, 0.63, 0.00, 0.07, 0.00, 0.37, 0.00, 0.00, 0.00, 0.00, 1.00, 0.00, 0.00, 0.00, 1.00, 0.00, 1.00, 0.00, 0.00, 0.00, 0.00, 0.00, 0.00, 0.00, 0.00
844,  0,  33.720,  0.98,  1, 0.01, 0.00, 0.51, 0.25, 0.48, 0.00, 0.01, 1.45, 1.15, 1.59, 0.04, 0.48, 0.02, 0.19, 0.00, 0.43, 0.01, 0.00, 0.00, 0.00, 1.00, 0.00, 0.00, 0.00, 1.00, 0.00, 1.00, 0.00, 0.00, 0.00, 0.00, 0.00, 0.00, 0.00, 0.00
845,  0,  33.760,  0.98,  1, 0.01, 0.03, 0.45, 0.30, 0.51, 0.00, 0.00, 1.46, 1.15, 1.76, 0.12, 0.48, 0.02, 0.27, 0.00, 0.62, 0.01, 0.00, 0.00, 0.00, 1.00, 0.00, 0.00, 0.00, 1.00, 0.00, 1.00, 0.00, 0.00, 0.00, 0.00, 0.00, 0.00, 0.00, 0.00
846,  0,  33.800,  0.98,  1, 0.00, 0.03, 0.42, 0.31, 0.64, 0.00, 0.00, 1.43, 1.21, 1.77, 0.10, 0.55, 0.08, 0.33, 0.00, 0.75, 0.01, 0.00, 0.00, 0.00, 1.00, 0.00, 0.00, 0.00, 1.00, 0.00, 1.00, 0.00, 0.00, 0.00, 0.00, 0.00, 0.00, 0.00, 0.00
847,  0,  33.840,  0.98,  1, 0.00, 0.07, 0.45, 0.13, 0.59, 0.00, 0.00, 1.39, 1.22, 1.72, 0.14, 0.62, 0.22, 0.24, 0.00, 0.84, 0.00, 0.00, 0.00, 0.00, 1.00, 0.00, 0.00, 0.00, 1.00, 0.00, 1.00, 0.00, 0.00, 0.00, 0.00, 0.00, 0.00, 0.00, 0.00
848,  0,  33.880,  0.98,  1, 0.00, 0.04, 0.48, 0.17, 0.57, 0.00, 0.00, 1.30, 1.17, 1.76, 0.06, 0.66, 0.24, 0.23, 0.00, 0.80, 0.00, 0.00, 0.00, 0.00, 1.00, 0.00, 0.00, 0.00, 1.00, 0.00, 1.00, 0.00, 0.00, 0.00, 0.00, 0.00, 0.00, 0.00, 0.00
849,  0,  33.920,  0.98,  1, 0.00, 0.04, 0.43, 0.20, 0.54, 0.00, 0.00, 1.25, 1.13, 1.77, 0.08, 0.61, 0.17, 0.15, 0.00, 0.67, 0.00, 0.00, 0.00, 0.00, 1.00, 0.00, 0.00, 0.00, 1.00, 0.00, 1.00, 0.00, 0.00, 0.00, 0.00, 0.00, 0.00, 0.00, 0.00
850,  0,  33.960,  0.98,  1, 0.00, 0.05, 0.38, 0.33, 0.57, 0.00, 0.00, 1.29, 1.09, 1.71, 0.01, 0.67, 0.05, 0.11, 0.00, 0.60, 0.00, 0.00, 0.00, 0.00, 1.00, 0.00, 0.00, 0.00, 1.00, 0.00, 1.00, 0.00, 0.00, 0.00, 0.00, 0.00, 0.00, 0.00, 0.00
851,  0,  34.000,  0.98,  1, 0.00, 0.14, 0.44, 0.44, 0.53, 0.00, 0.00, 1.33, 1.09, 1.57, 0.01, 0.60, 0.04, 0.06, 0.00, 0.58, 0.00, 0.00, 0.00, 0.00, 1.00, 0.00, 0.00, 0.00, 1.00, 0.00, 1.00, 0.00, 0.00, 0.00, 0.00, 0.00, 0.00, 0.00, 0.00
852,  0,  34.040,  0.98,  1, 0.00, 0.14, 0.52, 0.58, 0.50, 0.00, 0.00, 1.42, 1.08, 1.51, 0.00, 0.58, 0.04, 0.07, 0.02, 0.73, 0.00, 0.00, 0.00, 0.00, 1.00, 0.00, 0.00, 0.00, 1.00, 0.00, 1.00, 0.00, 0.00, 0.00, 0.00, 0.00, 0.00, 0.00, 0.00
853,  0,  34.080,  0.98,  1, 0.00, 0.15, 0.56, 0.58, 0.53, 0.00, 0.00, 1.48, 1.12, 1.69, 0.00, 0.53, 0.00, 0.13, 0.01, 0.75, 0.00, 0.00, 0.00, 0.00, 1.00, 0.00, 0.00, 0.00, 1.00, 0.00, 1.00, 0.00, 0.00, 0.00, 0.00, 0.00, 0.00, 0.00, 0.00
854,  0,  34.120,  0.98,  1, 0.00, 0.06, 0.53, 0.46, 0.53, 0.00, 0.00, 1.58, 1.17, 1.75, 0.00, 0.63, 0.00, 0.15, 0.01, 0.76, 0.00, 0.00, 0.00, 0.00, 1.00, 0.00, 0.00, 0.00, 1.00, 0.00, 1.00, 0.00, 0.00, 0.00, 0.00, 0.00, 0.00, 0.00, 0.00
855,  0,  34.160,  0.98,  1, 0.00, 0.07, 0.63, 0.36, 0.54, 0.00, 0.00, 1.53, 1.15, 1.94, 0.00, 0.69, 0.00, 0.15, 0.02, 0.62, 0.00, 0.00, 0.00, 0.00, 1.00, 0.00, 0.00, 0.00, 1.00, 0.00, 1.00, 0.00, 0.00, 0.00, 0.00, 0.00, 0.00, 0.00, 0.00
856,  0,  34.200,  0.98,  1, 0.00, 0.13, 0.65, 0.38, 0.54, 0.00, 0.00, 1.54, 1.12, 1.96, 0.00, 0.71, 0.00, 0.11, 0.04, 0.60, 0.00, 0.00, 0.00, 0.00, 1.00, 0.00, 0.00, 0.00, 1.00, 0.00, 1.00, 0.00, 0.00, 0.00, 0.00, 0.00, 0.00, 0.00, 0.00
857,  0,  34.240,  0.98,  1, 0.00, 0.29, 0.71, 0.45, 0.58, 0.00, 0.00, 1.44, 1.06, 1.99, 0.00, 0.67, 0.05, 0.08, 0.06, 0.71, 0.00, 0.00, 0.00, 0.00, 1.00, 0.00, 0.00, 0.00, 1.00, 0.00, 1.00, 0.00, 0.00, 0.00, 0.00, 0.00, 0.00, 0.00, 0.00
858,  0,  34.280,  0.98,  1, 0.00, 0.29, 0.60, 0.59, 0.56, 0.00, 0.00, 1.55, 1.09, 1.90, 0.00, 0.62, 0.12, 0.07, 0.07, 0.70, 0.00, 0.00, 0.00, 0.00, 1.00, 0.00, 0.00, 0.00, 1.00, 0.00, 1.00, 0.00, 0.00, 0.00, 0.00, 0.00, 0.00, 0.00, 0.00
859,  0,  34.320,  0.98,  1, 0.00, 0.29, 0.69, 0.58, 0.61, 0.00, 0.00, 1.62, 1.17, 1.75, 0.00, 0.64, 0.12, 0.05, 0.11, 0.72, 0.00, 0.00, 0.00, 0.00, 1.00, 0.00, 0.00, 0.00, 1.00, 0.00, 1.00, 0.00, 0.00, 0.00, 0.00, 0.00, 0.00, 0.00, 0.00
860,  0,  34.360,  0.98,  1, 0.07, 0.21, 0.78, 0.54, 0.55, 0.00, 0.04, 1.91, 1.17, 1.60, 0.00, 0.61, 0.08, 0.04, 0.18, 0.73, 0.00, 0.00, 0.00, 0.00, 1.00, 0.00, 0.00, 0.00, 1.00, 0.00, 1.00, 0.00, 0.00, 0.00, 0.00, 0.00, 0.00, 0.00, 0.00
861,  0,  34.400,  0.98,  1, 0.22, 0.30, 0.87, 0.51, 0.46, 0.07, 0.20, 1.99, 1.06, 1.33, 0.00, 0.57, 0.00, 0.00, 0.39, 1.14, 0.00, 0.00, 0.00, 0.00, 1.00, 0.00, 0.00, 0.00, 1.00, 0.00, 0.00, 0.00, 0.00, 0.00, 0.00, 1.00, 1.00, 0.00, 0.00
862,  0,  34.440,  0.98,  1, 0.50, 0.25, 0.74, 0.66, 0.22, 0.08, 0.21, 1.87, 0.88, 1.12, 0.00, 0.34, 0.00, 0.00, 0.85, 1.42, 0.00, 0.00, 0.00, 0.00, 1.00, 0.00, 0.00, 0.00, 1.00, 0.00, 0.00, 0.00, 0.00, 0.00, 0.00, 1.00, 1.00, 0.00, 0.00
863,  0,  34.480,  0.98,  1, 0.69, 0.19, 0.54, 0.75, 0.09, 0.08, 0.19, 1.61, 0.81, 0.96, 0.00, 0.15, 0.00, 0.00, 1.44, 1.77, 0.00, 1.00, 0.00, 0.00, 1.00, 0.00, 0.00, 0.00, 1.00, 0.00, 0.00, 0.00, 0.00, 0.00, 0.00, 1.00, 1.00, 0.00, 0.00
864,  0,  34.520,  0.98,  1, 0.74, 0.14, 0.38, 0.89, 0.00, 0.12, 0.06, 1.29, 0.83, 0.94, 0.00, 0.01, 0.00, 0.00, 1.94, 1.86, 0.00, 1.00, 0.00, 0.00, 1.00, 0.00, 0.00, 0.00, 1.00, 0.00, 0.00, 0.00, 0.00, 0.00, 0.00, 1.00, 1.00, 0.00, 0.00
865,  0,  34.560,  0.98,  1, 0.72, 0.08, 0.26, 0.92, 0.00, 0.11, 0.05, 1.16, 0.91, 0.79, 0.00, 0.01, 0.00, 0.00, 2.08, 1.97, 0.00, 1.00, 1.00, 0.00, 1.00, 0.00, 0.00, 0.00, 1.00, 0.00, 0.00, 0.00, 0.00, 0.00, 0.00, 1.00, 1.00, 0.00, 0.00
866,  0,  34.600,  0.98,  1, 0.80, 0.07, 0.20, 0.98, 0.00, 0.14, 0.03, 0.92, 0.90, 0.75, 0.00, 0.05, 0.00, 0.00, 2.21, 1.85, 0.00, 1.00, 1.00, 0.00, 1.00, 0.00, 0.00, 0.00, 0.00, 0.00, 0.00, 0.00, 0.00, 0.00, 0.00, 1.00, 1.00, 0.00, 0.00
867,  0,  34.640,  0.98,  1, 0.79, 0.01, 0.14, 0.86, 0.00, 0.05, 0.01, 0.90, 0.94, 0.60, 0.00, 0.05, 0.00, 0.00, 2.36, 1.69, 0.00, 1.00, 1.00, 0.00, 1.00, 0.00, 0.00, 0.00, 0.00, 0.00, 0.00, 0.00, 0.00, 0.00, 0.00, 1.00, 1.00, 0.00, 0.00
868,  0,  34.680,  0.98,  1, 0.80, 0.01, 0.21, 0.79, 0.00, 0.09, 0.01, 0.79, 0.93, 0.64, 0.00, 0.05, 0.00, 0.00, 2.52, 1.53, 0.00, 1.00, 1.00, 0.00, 1.00, 0.00, 0.00, 0.00, 0.00, 0.00, 0.00, 0.00, 0.00, 0.00, 0.00, 1.00, 1.00, 0.00, 0.00
869,  0,  34.720,  0.98,  1, 0.60, 0.00, 0.21, 0.63, 0.00, 0.12, 0.00, 0.87, 1.06, 0.74, 0.00, 0.00, 0.00, 0.00, 2.58, 1.47, 0.00, 1.00, 1.00, 0.00, 1.00, 0.00, 0.00, 0.00, 0.00, 0.00, 0.00, 0.00, 0.00, 0.00, 0.00, 1.00, 1.00, 0.00, 0.00
870,  0,  34.760,  0.98,  1, 0.61, 0.07, 0.28, 0.47, 0.02, 0.13, 0.00, 0.75, 1.15, 0.79, 0.00, 0.06, 0.00, 0.00, 2.40, 1.37, 0.00, 1.00, 1.00, 0.00, 1.00, 0.00, 0.00, 0.00, 0.00, 0.00, 0.00, 0.00, 0.00, 0.00, 0.00, 1.00, 1.00, 0.00, 0.00
871,  0,  34.800,  0.98,  1, 0.62, 0.07, 0.40, 0.30, 0.03, 0.11, 0.00, 0.69, 1.15, 1.02, 0.00, 0.23, 0.00, 0.00, 2.28, 1.65, 0.00, 1.00, 1.00, 0.00, 1.00, 0.00, 0.00, 0.00, 0.00, 0.00, 0.00, 0.00, 0.00, 0.00, 0.00, 1.00, 1.00, 0.00, 0.00
872,  0,  34.840,  0.98,  1, 0.76, 0.07, 0.55, 0.24, 0.03, 0.11, 0.02, 0.67, 1.09, 1.11, 0.00, 0.32, 0.00, 0.00, 2.01, 1.67, 0.00, 1.00, 1.00, 0.00, 1.00, 0.00, 0.00, 0.00, 0.00, 0.00, 0.00, 0.00, 0.00, 0.00, 0.00, 1.00, 1.00, 0.00, 0.00
873,  0,  34.880,  0.98,  1, 0.82, 0.00, 0.63, 0.19, 0.05, 0.07, 0.02, 0.73, 0.94, 1.26, 0.00, 0.40, 0.00, 0.00, 1.96, 1.77, 0.02, 1.00, 1.00, 0.00, 1.00, 0.00, 0.00, 0.00, 0.00, 0.00, 0.00, 0.00, 0.00, 0.00, 0.00, 1.00, 1.00, 0.00, 0.00
874,  0,  34.920,  0.98,  1, 0.82, 0.02, 0.58, 0.22, 0.07, 0.08, 0.04, 0.86, 0.95, 1.23, 0.00, 0.36, 0.00, 0.00, 1.80, 1.70, 0.02, 1.00, 1.00, 0.00, 1.00, 0.00, 0.00, 0.00, 0.00, 0.00, 0.00, 0.00, 0.00, 0.00, 0.00, 1.00, 1.00, 0.00, 0.00
875,  0,  34.960,  0.98,  1, 0.88, 0.11, 0.56, 0.18, 0.12, 0.03, 0.02, 0.91, 0.94, 1.11, 0.00, 0.47, 0.00, 0.00, 1.80, 1.80, 0.04, 1.00, 1.00, 0.00, 1.00, 0.00, 0.00, 0.00, 0.00, 0.00, 0.00, 0.00, 0.00, 0.00, 0.00, 1.00, 1.00, 0.00, 0.00
876,  0,  35.000,  0.98,  1, 0.87, 0.11, 0.57, 0.17, 0.08, 0.03, 0.05, 0.87, 0.99, 1.09, 0.00, 0.53, 0.00, 0.00, 1.66, 1.81, 0.09, 1.00, 0.00, 0.00, 1.00, 0.00, 0.00, 0.00, 0.00, 0.00, 0.00, 0.00, 0.00, 0.00, 0.00, 1.00, 1.00, 0.00, 0.00
877,  0,  35.040,  0.93,  1, 0.80, 0.09, 0.54, 0.09, 0.04, 0.06, 0.03, 0.80, 1.02, 0.99, 0.12, 0.60, 0.00, 0.00, 1.66, 1.54, 0.10, 1.00, 0.00, 0.00, 1.00, 0.00, 0.00, 0.00, 0.00, 0.00, 0.00, 0.00, 0.00, 0.00, 0.00, 1.00, 1.00, 0.00, 0.00
878,  0,  35.080,  0.93,  1, 0.66, 0.00, 0.50, 0.12, 0.03, 0.06, 0.04, 0.77, 1.08, 1.06, 0.12, 0.61, 0.00, 0.00, 1.59, 1.44, 0.19, 1.00, 0.00, 0.00, 1.00, 0.00, 0.00, 0.00, 0.00, 0.00, 0.00, 0.00, 0.00, 0.00, 0.00, 1.00, 1.00, 0.00, 0.00
879,  0,  35.120,  0.98,  1, 0.59, 0.00, 0.53, 0.20, 0.09, 0.16, 0.05, 0.80, 1.11, 1.07, 0.12, 0.62, 0.00, 0.00, 1.55, 1.42, 0.24, 1.00, 0.00, 0.00, 1.00, 0.00, 0.00, 0.00, 0.00, 0.00, 0.00, 0.00, 0.00, 0.00, 0.00, 1.00, 1.00, 0.00, 0.00
880,  0,  35.160,  0.98,  1, 0.60, 0.00, 0.54, 0.32, 0.09, 0.16, 0.09, 0.82, 1.08, 1.10, 0.00, 0.55, 0.00, 0.00, 1.52, 1.47, 0.27, 1.00, 0.00, 0.00, 1.00, 0.00, 0.00, 0.00, 0.00, 0.00, 0.00, 0.00, 0.00, 0.00, 0.00, 1.00, 1.00, 0.00, 0.00
881,  0,  35.200,  0.98,  1, 0.70, 0.00, 0.59, 0.39, 0.07, 0.28, 0.14, 0.83, 1.05, 1.17, 0.00, 0.57, 0.00, 0.00, 1.49, 1.52, 0.18, 1.00, 0.00, 0.00, 1.00, 0.00, 0.00, 0.00, 0.00, 0.00, 0.00, 0.00, 0.00, 0.00, 0.00, 1.00, 1.00, 0.00, 0.00
882,  0,  35.240,  0.98,  1, 0.65, 0.00, 0.62, 0.31, 0.03, 0.43, 0.12, 0.97, 0.97, 1.15, 0.00, 0.63, 0.00, 0.00, 1.37, 1.45, 0.06, 1.00, 0.00, 0.00, 1.00, 0.00, 0.00, 0.00, 0.00, 0.00, 0.00, 0.00, 0.00, 0.00, 0.00, 1.00, 1.00, 0.00, 0.00
883,  0,  35.280,  0.98,  1, 0.55, 0.01, 0.71, 0.15, 0.07, 0.57, 0.11, 1.07, 1.00, 1.21, 0.00, 0.63, 0.00, 0.00, 1.31, 1.57, 0.02, 0.00, 0.00, 0.00, 1.00, 0.00, 0.00, 0.00, 0.00, 0.00, 0.00, 0.00, 0.00, 0.00, 0.00, 1.00, 1.00, 0.00, 0.00
884,  0,  35.320,  0.98,  1, 0.37, 0.01, 0.71, 0.17, 0.09, 0.57, 0.16, 1.11, 1.00, 1.30, 0.00, 0.54, 0.00, 0.00, 1.32, 1.48, 0.06, 0.00, 0.00, 0.00, 1.00, 0.00, 0.00, 0.00, 0.00, 0.00, 0.00, 0.00, 0.00, 0.00, 0.00, 1.00, 1.00, 0.00, 0.00
885,  0,  35.360,  0.98,  1, 0.40, 0.01, 0.65, 0.15, 0.11, 0.51, 0.27, 1.11, 1.01, 1.36, 0.00, 0.43, 0.00, 0.00, 1.49, 1.58, 0.06, 0.00, 0.00, 0.00, 1.00, 0.00, 0.00, 0.00, 0.00, 0.00, 0.00, 0.00, 0.00, 0.00, 0.00, 1.00, 1.00, 0.00, 0.00
886,  0,  35.400,  0.98,  1, 0.41, 0.00, 0.49, 0.23, 0.12, 0.50, 0.39, 1.28, 0.95, 1.33, 0.00, 0.46, 0.00, 0.00, 1.46, 1.63, 0.06, 0.00, 0.00, 0.00, 1.00, 0.00, 0.00, 0.00, 0.00, 0.00, 0.00, 0.00, 0.00, 0.00, 0.00, 1.00, 1.00, 0.00, 0.00
887,  0,  35.440,  0.98,  1, 0.35, 0.00, 0.48, 0.22, 0.21, 0.49, 0.33, 1.51, 0.89, 1.29, 0.00, 0.29, 0.00, 0.00, 1.50, 1.79, 0.02, 0.00, 0.00, 0.00, 1.00, 0.00, 0.00, 0.00, 0.00, 0.00, 0.00, 0.00, 0.00, 0.00, 0.00, 1.00, 1.00, 0.00, 0.00
888,  0,  35.480,  0.98,  1, 0.30, 0.00, 0.43, 0.43, 0.31, 0.44, 0.34, 1.73, 0.84, 1.41, 0.00, 0.16, 0.00, 0.00, 1.37, 1.94, 0.09, 0.00, 0.00, 0.00, 1.00, 0.00, 1.00, 0.00, 1.00, 0.00, 0.00, 0.00, 0.00, 0.00, 0.00, 1.00, 1.00, 0.00, 0.00
889,  0,  35.520,  0.98,  1, 0.16, 0.00, 0.54, 0.35, 0.48, 0.39, 0.33, 1.74, 0.89, 1.60, 0.00, 0.00, 0.00, 0.00, 1.17, 1.91, 0.09, 0.00, 0.00, 0.00, 1.00, 0.00, 1.00, 0.00, 1.00, 0.00, 0.00, 0.00, 0.00, 0.00, 0.00, 1.00, 1.00, 0.00, 0.00
890,  0,  35.560,  0.98,  1, 0.12, 0.00, 0.57, 0.27, 0.59, 0.49, 0.40, 1.67, 0.88, 1.63, 0.00, 0.06, 0.00, 0.00, 0.84, 1.81, 0.12, 0.00, 0.00, 0.00, 1.00, 0.00, 1.00, 0.00, 1.00, 0.00, 0.00, 0.00, 0.00, 0.00, 0.00, 1.00, 1.00, 0.00, 0.00
891,  0,  35.600,  0.98,  1, 0.02, 0.00, 0.72, 0.06, 0.61, 0.47, 0.31, 1.59, 0.89, 1.73, 0.00, 0.06, 0.00, 0.00, 0.64, 1.56, 0.15, 0.00, 0.00, 0.00, 1.00, 0.00, 1.00, 0.00, 1.00, 0.00, 0.00, 0.00, 0.00, 0.00, 0.00, 1.00, 1.00, 0.00, 0.00
892,  0,  35.640,  0.98,  1, 0.03, 0.00, 0.85, 0.06, 0.62, 0.51, 0.22, 1.54, 0.83, 1.65, 0.00, 0.06, 0.00, 0.00, 0.68, 1.26, 0.15, 0.00, 0.00, 0.00, 1.00, 0.00, 1.00, 0.00, 1.00, 0.00, 1.00, 0.00, 0.00, 0.00, 0.00, 1.00, 1.00, 0.00, 0.00
893,  0,  35.680,  0.98,  1, 0.01, 0.00, 0.90, 0.00, 0.59, 0.44, 0.15, 1.48, 0.88, 1.78, 0.00, 0.17, 0.00, 0.00, 0.84, 1.26, 0.15, 0.00, 0.00, 0.00, 1.00, 0.00, 0.00, 0.00, 1.00, 0.00, 1.00, 0.00, 0.00, 0.00, 0.00, 1.00, 1.00, 0.00, 0.00
894,  0,  35.720,  0.98,  1, 0.01, 0.00, 0.82, 0.00, 0.62, 0.45, 0.25, 1.38, 0.89, 1.83, 0.00, 0.23, 0.00, 0.00, 0.91, 1.22, 0.13, 0.00, 0.00, 0.00, 1.00, 0.00, 0.00, 0.00, 1.00, 0.00, 1.00, 0.00, 0.00, 0.00, 0.00, 1.00, 1.00, 0.00, 0.00
895,  0,  35.760,  0.98,  1, 0.00, 0.00, 0.75, 0.00, 0.62, 0.45, 0.27, 1.46, 0.98, 2.08, 0.00, 0.35, 0.00, 0.00, 0.98, 1.32, 0.13, 0.00, 0.00, 0.00, 1.00, 0.00, 0.00, 0.00, 1.00, 0.00, 1.00, 0.00, 0.00, 0.00, 0.00, 1.00, 1.00, 0.00, 0.00
896,  0,  35.800,  0.98,  1, 0.00, 0.00, 0.68, 0.00, 0.73, 0.48, 0.25, 1.47, 1.02, 1.98, 0.00, 0.30, 0.00, 0.00, 0.90, 1.16, 0.10, 0.00, 0.00, 0.00, 1.00, 0.00, 0.00, 0.00, 1.00, 0.00, 1.00, 0.00, 0.00, 0.00, 0.00, 1.00, 1.00, 0.00, 0.00
897,  0,  35.840,  0.98,  1, 0.00, 0.00, 0.68, 0.00, 0.83, 0.64, 0.10, 1.61, 1.17, 1.88, 0.00, 0.25, 0.00, 0.00, 1.04, 1.22, 0.05, 0.00, 0.00, 0.00, 1.00, 1.00, 0.00, 0.00, 1.00, 1.00, 1.00, 0.00, 0.00, 0.00, 0.00, 1.00, 1.00, 0.00, 0.00
898,  0,  35.880,  0.98,  1, 0.02, 0.00, 0.62, 0.00, 0.98, 0.66, 0.04, 1.59, 1.32, 1.70, 0.00, 0.34, 0.00, 0.00, 1.12, 1.22, 0.09, 0.00, 0.00, 0.00, 1.00, 1.00, 0.00, 0.00, 1.00, 1.00, 1.00, 0.00, 0.00, 0.00, 0.00, 1.00, 1.00, 0.00, 0.00
899,  0,  35.920,  0.98,  1, 0.02, 0.00, 0.54, 0.08, 1.07, 0.56, 0.02, 1.72, 1.55, 1.81, 0.00, 0.41, 0.00, 0.00, 1.15, 1.14, 0.07, 0.00, 0.00, 0.00, 1.00, 1.00, 0.00, 0.00, 1.00, 1.00, 1.00, 0.00, 0.00, 0.00, 0.00, 1.00, 1.00, 0.00, 0.00
900,  0,  35.960,  0.98,  1, 0.02, 0.00, 0.52, 0.08, 1.18, 0.33, 0.01, 1.64, 1.70, 1.75, 0.00, 0.40, 0.00, 0.00, 1.15, 0.93, 0.04, 0.00, 0.00, 0.00, 1.00, 1.00, 0.00, 0.00, 1.00, 1.00, 1.00, 0.00, 0.00, 0.00, 0.00, 1.00, 1.00, 0.00, 0.00
901,  0,  36.000,  0.98,  1, 0.05, 0.00, 0.40, 0.08, 1.21, 0.49, 0.02, 1.61, 1.77, 1.76, 0.00, 0.41, 0.00, 0.00, 1.04, 0.87, 0.00, 0.00, 0.00, 0.00, 1.00, 1.00, 0.00, 0.00, 1.00, 1.00, 1.00, 0.00, 0.00, 0.00, 0.00, 1.00, 1.00, 0.00, 0.00
902,  0,  36.040,  0.98,  1, 0.05, 0.00, 0.34, 0.00, 1.20, 0.45, 0.01, 1.56, 1.78, 1.82, 0.00, 0.28, 0.00, 0.01, 1.09, 0.73, 0.10, 0.00, 0.00, 0.00, 1.00, 1.00, 0.00, 0.00, 1.00, 1.00, 1.00, 0.00, 0.00, 0.00, 0.00, 1.00, 1.00, 0.00, 0.00
903,  0,  36.080,  0.98,  1, 0.05, 0.00, 0.28, 0.00, 1.20, 0.67, 0.05, 1.58, 1.79, 2.00, 0.00, 0.43, 0.00, 0.02, 1.05, 0.85, 0.14, 0.00, 0.00, 0.00, 1.00, 1.00, 0.00, 0.00, 1.00, 1.00, 1.00, 0.00, 0.00, 0.00, 0.00, 1.00, 1.00, 0.00, 0.00
904,  0,  36.120,  0.98,  1, 0.02, 0.00, 0.45, 0.00, 1.02, 0.48, 0.09, 1.77, 1.55, 2.19, 0.00, 0.54, 0.00, 0.02, 0.97, 1.16, 0.15, 0.00, 0.00, 0.00, 1.00, 1.00, 0.00, 0.00, 1.00, 1.00, 1.00, 0.00, 0.00, 0.00, 0.00, 1.00, 1.00, 0.00, 0.00
905,  0,  36.160,  0.98,  1, 0.15, 0.00, 0.73, 0.17, 0.87, 0.79, 0.27, 1.85, 1.21, 2.24, 0.00, 0.79, 0.00, 0.01, 0.79, 1.74, 0.12, 0.00, 0.00, 0.00, 1.00, 0.00, 1.00, 0.00, 1.00, 0.00, 1.00, 0.00, 0.00, 0.00, 0.00, 1.00, 1.00, 0.00, 0.00
906,  0,  36.200,  0.98,  1, 0.21, 0.00, 0.77, 0.25, 0.66, 0.98, 0.35, 2.01, 0.87, 2.26, 0.00, 0.96, 0.00, 0.00, 0.83, 2.12, 0.17, 0.00, 0.00, 0.00, 1.00, 0.00, 1.00, 0.00, 1.00, 0.00, 1.00, 0.00, 0.00, 0.00, 0.00, 1.00, 1.00, 0.00, 0.00
907,  0,  36.240,  0.98,  1, 0.19, 0.00, 0.79, 0.41, 0.64, 1.42, 0.32, 1.91, 0.77, 2.10, 0.00, 0.95, 0.00, 0.00, 1.07, 2.25, 0.32, 0.00, 0.00, 0.00, 1.00, 0.00, 1.00, 0.00, 1.00, 0.00, 1.00, 1.00, 1.00, 0.00, 0.00, 1.00, 1.00, 0.00, 0.00
908,  0,  36.280,  0.98,  1, 0.10, 0.00, 0.71, 0.31, 0.61, 1.58, 0.19, 1.75, 0.66, 1.97, 0.05, 1.13, 0.00, 0.00, 1.25, 2.27, 0.42, 0.00, 0.00, 0.00, 1.00, 0.00, 1.00, 0.00, 0.00, 0.00, 0.00, 1.00, 1.00, 0.00, 0.00, 1.00, 1.00, 0.00, 0.00
909,  0,  36.320,  0.98,  1, 0.05, 0.00, 0.79, 0.43, 0.61, 1.58, 0.09, 1.71, 0.64, 1.94, 0.05, 1.16, 0.00, 0.00, 1.37, 2.29, 0.41, 0.00, 0.00, 0.00, 1.00, 0.00, 1.00, 0.00, 0.00, 0.00, 0.00, 1.00, 0.00, 0.00, 0.00, 1.00, 1.00, 0.00, 0.00
910,  0,  36.360,  0.98,  1, 0.10, 0.00, 0.84, 0.35, 0.66, 1.40, 0.09, 1.80, 0.62, 2.02, 0.11, 1.19, 0.00, 0.00, 1.45, 2.14, 0.26, 0.00, 0.00, 0.00, 1.00, 0.00, 1.00, 0.00, 0.00, 0.00, 0.00, 1.00, 0.00, 0.00, 0.00, 1.00, 1.00, 0.00, 0.00
911,  0,  36.400,  0.98,  1, 0.07, 0.00, 0.84, 0.29, 0.79, 1.41, 0.10, 1.90, 0.78, 2.04, 0.06, 0.98, 0.00, 0.00, 1.62, 2.21, 0.18, 0.00, 0.00, 0.00, 1.00, 0.00, 1.00, 0.00, 0.00, 0.00, 0.00, 1.00, 1.00, 0.00, 0.00, 1.00, 1.00, 0.00, 0.00
912,  0,  36.440,  0.98,  1, 0.05, 0.00, 0.72, 0.09, 0.87, 1.42, 0.19, 1.84, 1.01, 2.10, 0.06, 0.96, 0.00, 0.02, 1.80, 2.08, 0.27, 0.00, 0.00, 0.00, 1.00, 0.00, 1.00, 0.00, 1.00, 0.00, 0.00, 0.00, 1.00, 0.00, 0.00, 1.00, 1.00, 0.00, 0.00
913,  0,  36.480,  0.98,  1, 0.00, 0.00, 0.60, 0.00, 0.96, 1.32, 0.35, 1.79, 1.23, 2.26, 0.00, 0.92, 0.00, 0.02, 1.94, 1.84, 0.44, 0.00, 0.00, 0.00, 1.00, 0.00, 0.00, 0.00, 1.00, 1.00, 1.00, 0.00, 1.00, 0.00, 0.00, 1.00, 1.00, 0.00, 0.00
914,  0,  36.520,  0.98,  1, 0.00, 0.00, 0.57, 0.00, 1.00, 1.19, 0.42, 1.82, 1.43, 2.44, 0.00, 0.79, 0.00, 0.02, 1.92, 1.36, 0.47, 0.00, 0.00, 0.00, 1.00, 1.00, 0.00, 0.00, 1.00, 1.00, 1.00, 0.00, 1.00, 0.00, 0.00, 1.00, 1.00, 0.00, 0.00
915,  0,  36.560,  0.98,  1, 0.00, 0.01, 0.62, 0.00, 1.09, 1.11, 0.44, 1.80, 1.52, 2.45, 0.00, 0.78, 0.00, 0.00, 1.67, 0.96, 0.34, 0.00, 0.00, 0.00, 1.00, 1.00, 0.00, 0.00, 1.00, 1.00, 1.00, 0.00, 1.00, 0.00, 0.00, 1.00, 1.00, 0.00, 0.00
916,  0,  36.600,  0.98,  1, 0.00, 0.01, 0.64, 0.01, 1.10, 1.08, 0.30, 1.67, 1.64, 2.40, 0.00, 0.83, 0.00, 0.09, 1.39, 0.79, 0.32, 0.00, 0.00, 0.00, 1.00, 1.00, 0.00, 0.00, 1.00, 1.00, 1.00, 0.00, 1.00, 0.00, 0.00, 1.00, 1.00, 0.00, 0.00
917,  0,  36.640,  0.98,  1, 0.00, 0.03, 0.56, 0.04, 1.11, 0.89, 0.17, 1.52, 1.72, 2.29, 0.08, 1.06, 0.00, 0.18, 1.26, 0.64, 0.26, 0.00, 0.00, 0.00, 1.00, 1.00, 0.00, 0.00, 1.00, 1.00, 1.00, 0.00, 1.00, 0.00, 0.00, 1.00, 1.00, 0.00, 0.00
918,  0,  36.680,  0.98,  1, 0.06, 0.03, 0.53, 0.04, 1.13, 0.83, 0.03, 1.37, 1.71, 2.15, 0.08, 1.10, 0.00, 0.31, 1.00, 0.67, 0.36, 0.00, 0.00, 0.00, 1.00, 1.00, 0.00, 0.00, 1.00, 1.00, 1.00, 0.00, 1.00, 0.00, 0.00, 1.00, 0.00, 0.00, 0.00
919,  0,  36.720,  0.98,  1, 0.06, 0.03, 0.45, 0.04, 1.15, 0.81, 0.04, 1.25, 1.73, 2.05, 0.08, 0.97, 0.00, 0.37, 0.84, 0.56, 0.28, 0.00, 0.00, 0.00, 1.00, 1.00, 0.00, 0.00, 1.00, 1.00, 1.00, 0.00, 1.00, 0.00, 0.00, 0.00, 0.00, 0.00, 0.00
920,  0,  36.760,  0.98,  1, 0.06, 0.00, 0.42, 0.00, 1.22, 0.93, 0.09, 1.11, 1.74, 1.96, 0.00, 0.79, 0.00, 0.45, 0.53, 0.43, 0.26, 0.00, 0.00, 0.00, 1.00, 1.00, 0.00, 0.00, 1.00, 1.00, 1.00, 0.00, 1.00, 0.00, 0.00, 0.00, 0.00, 0.00, 0.00
921,  0,  36.800,  0.98,  1, 0.00, 0.00, 0.43, 0.00, 1.23, 0.88, 0.09, 1.01, 1.76, 1.78, 0.00, 0.76, 0.00, 0.50, 0.35, 0.36, 0.14, 0.00, 0.00, 0.00, 1.00, 1.00, 0.00, 0.00, 1.00, 1.00, 1.00, 0.00, 1.00, 0.00, 0.00, 0.00, 0.00, 0.00, 0.00
922,  0,  36.840,  0.98,  1, 0.00, 0.00, 0.40, 0.00, 1.22, 0.78, 0.05, 0.97, 1.77, 1.67, 0.01, 0.88, 0.04, 0.56, 0.11, 0.36, 0.07, 0.00, 0.00, 0.00, 1.00, 1.00, 0.00, 0.00, 1.00, 1.00, 1.00, 0.00, 1.00, 0.00, 0.00, 0.00, 0.00, 0.00, 0.00
923,  0,  36.880,  0.98,  1, 0.00, 0.00, 0.42, 0.00, 1.20, 0.66, 0.00, 0.98, 1.79, 1.66, 0.01, 1.09, 0.04, 0.65, 0.00, 0.39, 0.03, 0.00, 0.00, 0.00, 1.00, 1.00, 0.00, 0.00, 1.00, 1.00, 1.00, 0.00, 1.00, 0.00, 0.00, 0.00, 0.00, 0.00, 0.00
924,  0,  36.920,  0.98,  1, 0.00, 0.00, 0.35, 0.00, 1.24, 0.69, 0.00, 1.07, 1.78, 1.80, 0.01, 1.22, 0.04, 0.66, 0.00, 0.45, 0.21, 0.00, 0.00, 0.00, 1.00, 1.00, 0.00, 0.00, 1.00, 1.00, 1.00, 0.00, 1.00, 0.00, 0.00, 0.00, 0.00, 0.00, 0.00
925,  0,  36.960,  0.98,  1, 0.00, 0.00, 0.44, 0.00, 1.33, 0.65, 0.00, 1.04, 1.81, 1.88, 0.00, 1.36, 0.00, 0.68, 0.00, 0.56, 0.34, 0.00, 0.00, 0.00, 1.00, 1.00, 0.00, 0.00, 1.00, 1.00, 1.00, 0.00, 1.00, 0.00, 0.00, 0.00, 0.00, 0.00, 0.00
926,  0,  37.000,  0.98,  1, 0.00, 0.00, 0.43, 0.05, 1.37, 0.71, 0.00, 1.10, 1.77, 1.83, 0.00, 1.34, 0.00, 0.68, 0.00, 0.70, 0.44, 0.00, 0.00, 0.00, 1.00, 1.00, 0.00, 0.00, 1.00, 1.00, 1.00, 0.00, 1.00, 0.00, 0.00, 0.00, 0.00, 0.00, 0.00
927,  0,  37.040,  0.98,  1, 0.00, 0.00, 0.53, 0.13, 1.30, 0.55, 0.00, 1.13, 1.76, 1.94, 0.04, 1.31, 0.00, 0.74, 0.00, 0.49, 0.26, 0.00, 0.00, 0.00, 1.00, 1.00, 0.00, 0.00, 1.00, 1.00, 1.00, 0.00, 1.00, 0.00, 0.00, 0.00, 0.00, 0.00, 0.00
928,  0,  37.080,  0.98,  1, 0.00, 0.00, 0.48, 0.35, 1.20, 0.47, 0.00, 1.16, 1.69, 1.94, 0.04, 1.26, 0.00, 0.74, 0.00, 0.39, 0.28, 0.00, 0.00, 0.00, 1.00, 1.00, 0.00, 0.00, 1.00, 1.00, 1.00, 0.00, 1.00, 0.00, 0.00, 0.00, 0.00, 0.00, 0.00
929,  0,  37.120,  0.98,  1, 0.00, 0.00, 0.54, 0.34, 1.20, 0.36, 0.00, 1.30, 1.66, 1.93, 0.07, 1.23, 0.08, 0.69, 0.00, 0.26, 0.22, 0.00, 0.00, 0.00, 1.00, 1.00, 0.00, 0.00, 1.00, 1.00, 1.00, 0.00, 1.00, 0.00, 0.00, 0.00, 0.00, 0.00, 0.00
930,  0,  37.160,  0.98,  1, 0.00, 0.00, 0.47, 0.26, 1.25, 0.57, 0.00, 1.37, 1.61, 1.84, 0.09, 1.08, 0.20, 0.63, 0.00, 0.27, 0.35, 0.00, 0.00, 0.00, 1.00, 1.00, 0.00, 0.00, 1.00, 1.00, 1.00, 0.00, 1.00, 0.00, 0.00, 0.00, 0.00, 0.00, 0.00
931,  0,  37.200,  0.98,  1, 0.00, 0.00, 0.40, 0.06, 1.25, 0.76, 0.00, 1.56, 1.55, 1.79, 0.13, 1.14, 0.38, 0.65, 0.00, 0.38, 0.27, 0.00, 0.00, 0.00, 1.00, 1.00, 0.00, 0.00, 1.00, 1.00, 1.00, 0.00, 1.00, 0.00, 0.00, 0.00, 0.00, 0.00, 0.00
932,  0,  37.240,  0.98,  1, 0.00, 0.00, 0.39, 0.02, 1.15, 0.72, 0.00, 1.42, 1.51, 1.94, 0.10, 1.22, 0.37, 0.70, 0.00, 0.41, 0.31, 0.00, 0.00, 0.00, 1.00, 1.00, 0.00, 0.00, 1.00, 1.00, 1.00, 0.00, 0.00, 0.00, 0.00, 0.00, 0.00, 0.00, 0.00
933,  0,  37.280,  0.98,  1, 0.00, 0.00, 0.38, 0.02, 1.08, 0.39, 0.00, 1.40, 1.51, 1.99, 0.06, 1.26, 0.43, 0.76, 0.00, 0.44, 0.15, 0.00, 0.00, 0.00, 1.00, 1.00, 0.00, 0.00, 1.00, 1.00, 1.00, 0.00, 0.00, 0.00, 0.00, 0.00, 0.00, 0.00, 0.00
934,  0,  37.320,  0.98,  1, 0.00, 0.00, 0.40, 0.00, 1.02, 0.21, 0.00, 1.28, 1.57, 2.10, 0.10, 1.22, 0.39, 0.72, 0.00, 0.42, 0.08, 0.00, 0.00, 0.00, 1.00, 1.00, 0.00, 0.00, 1.00, 1.00, 1.00, 0.00, 1.00, 0.00, 0.00, 0.00, 0.00, 0.00, 0.00
935,  0,  37.360,  0.98,  1, 0.00, 0.00, 0.32, 0.00, 1.03, 0.08, 0.00, 1.32, 1.60, 2.04, 0.19, 1.17, 0.40, 0.70, 0.01, 0.40, 0.00, 0.00, 0.00, 0.00, 1.00, 1.00, 0.00, 0.00, 1.00, 1.00, 1.00, 0.00, 1.00, 0.00, 0.00, 0.00, 0.00, 0.00, 0.00
936,  0,  37.400,  0.98,  1, 0.00, 0.00, 0.31, 0.00, 1.00, 0.09, 0.00, 1.37, 1.66, 2.04, 0.27, 1.21, 0.29, 0.66, 0.01, 0.43, 0.00, 0.00, 0.00, 0.00, 1.00, 1.00, 0.00, 0.00, 1.00, 1.00, 1.00, 0.00, 0.00, 0.00, 0.00, 0.00, 0.00, 0.00, 0.00
937,  0,  37.440,  0.98,  1, 0.00, 0.00, 0.39, 0.00, 1.06, 0.11, 0.00, 1.42, 1.64, 2.01, 0.22, 1.10, 0.29, 0.66, 0.01, 0.42, 0.00, 0.00, 0.00, 0.00, 1.00, 1.00, 0.00, 0.00, 1.00, 1.00, 1.00, 0.00, 0.00, 0.00, 0.00, 0.00, 0.00, 0.00, 0.00
938,  0,  37.480,  0.98,  1, 0.00, 0.00, 0.41, 0.02, 1.08, 0.11, 0.00, 1.38, 1.64, 2.12, 0.20, 0.96, 0.24, 0.62, 0.00, 0.49, 0.00, 0.00, 0.00, 0.00, 1.00, 1.00, 0.00, 0.00, 1.00, 1.00, 1.00, 0.00, 0.00, 0.00, 0.00, 0.00, 0.00, 0.00, 0.00
939,  0,  37.520,  0.98,  1, 0.00, 0.00, 0.45, 0.02, 1.06, 0.08, 0.00, 1.22, 1.58, 2.18, 0.11, 0.91, 0.28, 0.61, 0.00, 0.64, 0.00, 0.00, 0.00, 0.00, 1.00, 1.00, 0.00, 0.00, 1.00, 1.00, 1.00, 0.00, 0.00, 0.00, 0.00, 0.00, 0.00, 0.00, 0.00
940,  0,  37.560,  0.98,  1, 0.00, 0.00, 0.39, 0.16, 1.02, 0.04, 0.00, 1.15, 1.61, 2.16, 0.16, 0.84, 0.21, 0.60, 0.00, 0.53, 0.00, 0.00, 0.00, 0.00, 1.00, 1.00, 0.00, 0.00, 1.00, 1.00, 1.00, 0.00, 0.00, 0.00, 0.00, 0.00, 0.00, 0.00, 0.00
941,  0,  37.600,  0.98,  1, 0.00, 0.00, 0.36, 0.15, 1.00, 0.04, 0.00, 1.14, 1.59, 1.99, 0.08, 0.82, 0.19, 0.61, 0.00, 0.56, 0.00, 0.00, 0.00, 0.00, 1.00, 1.00, 0.00, 0.00, 1.00, 1.00, 1.00, 0.00, 0.00, 0.00, 0.00, 0.00, 0.00, 0.00, 0.00
942,  0,  37.640,  0.98,  1, 0.00, 0.00, 0.35, 0.18, 1.08, 0.04, 0.00, 1.24, 1.59, 1.98, 0.16, 0.79, 0.16, 0.69, 0.02, 0.36, 0.04, 0.00, 0.00, 0.00, 1.00, 1.00, 0.00, 0.00, 1.00, 1.00, 1.00, 0.00, 0.00, 0.00, 0.00, 0.00, 0.00, 0.00, 0.00
943,  0,  37.680,  0.98,  1, 0.00, 0.00, 0.36, 0.06, 1.11, 0.00, 0.00, 1.24, 1.52, 1.94, 0.11, 0.95, 0.27, 0.77, 0.08, 0.50, 0.09, 0.00, 0.00, 0.00, 1.00, 1.00, 0.00, 0.00, 1.00, 1.00, 1.00, 0.00, 0.00, 0.00, 0.00, 0.00, 0.00, 0.00, 0.00
944,  0,  37.720,  0.98,  1, 0.00, 0.00, 0.50, 0.05, 1.15, 0.00, 0.00, 1.27, 1.52, 2.16, 0.15, 1.07, 0.42, 0.81, 0.08, 0.48, 0.22, 0.00, 0.00, 0.00, 1.00, 1.00, 0.00, 0.00, 1.00, 0.00, 1.00, 0.00, 0.00, 0.00, 0.00, 0.00, 0.00, 0.00, 0.00
945,  0,  37.760,  0.98,  1, 0.00, 0.00, 0.51, 0.02, 1.13, 0.00, 0.00, 1.23, 1.55, 2.11, 0.07, 1.21, 0.43, 0.75, 0.07, 0.69, 0.18, 0.00, 0.00, 0.00, 1.00, 0.00, 0.00, 0.00, 1.00, 1.00, 1.00, 0.00, 0.00, 0.00, 0.00, 0.00, 0.00, 0.00, 0.00
946,  0,  37.800,  0.98,  1, 0.00, 0.00, 0.43, 0.00, 1.13, 0.00, 0.00, 1.21, 1.60, 2.01, 0.00, 1.35, 0.30, 0.68, 0.02, 0.83, 0.00, 0.00, 0.00, 0.00, 1.00, 1.00, 0.00, 0.00, 1.00, 1.00, 1.00, 0.00, 1.00, 0.00, 0.00, 0.00, 0.00, 0.00, 0.00
