frame, face_id, timestamp, confidence, success, AU01_r, AU02_r, AU04_r, AU05_r, AU06_r, AU07_r, AU09_r, AU10_r, AU12_r, AU14_r, AU15_r, AU17_r, AU20_r, AU23_r, AU25_r, AU26_r, AU45_r, AU01_c, AU02_c, AU04_c, AU05_c, AU06_c, AU07_c, AU09_c, AU10_c, AU12_c, AU14_c, AU15_c, AU17_c, AU20_c, AU23_c, AU25_c, AU26_c, AU28_c, AU45_c
1,  0,  0.000,  0.98,  1, 0.40, 0.03, 1.40, 0.00, 0.00, 0.00, 0.02, 1.66, 0.88, 1.20, 0.02, 1.36, 0.81, 0.00, 0.28, 0.37, 0.00, 0.00, 1.00, 1.00, 0.00, 0.00, 0.00, 0.00, 1.00, 0.00, 1.00, 1.00, 1.00, 1.00, 0.00, 0.00, 0.00, 0.00, 0.00
2,  0,  0.034,  0.98,  1, 0.62, 0.01, 1.41, 0.02, 0.02, 0.00, 0.19, 1.64, 0.87, 1.24, 0.03, 1.23, 0.39, 0.00, 0.24, 0.47, 0.00, 0.00, 1.00, 1.00, 0.00, 0.00, 0.00, 0.00, 1.00, 0.00, 1.00, 1.00, 1.00, 0.00, 0.00, 0.00, 0.00, 0.00, 0.00
3,  0,  0.067,  0.98,  1, 0.67, 0.02, 1.47, 0.02, 0.02, 0.00, 0.32, 1.62, 0.85, 1.26, 0.12, 1.19, 0.13, 0.00, 0.23, 0.49, 0.00, 0.00, 0.00, 1.00, 0.00, 0.00, 0.00, 0.00, 1.00, 0.00, 1.00, 1.00, 1.00, 1.00, 0.00, 0.00, 0.00, 0.00, 0.00
4,  0,  0.101,  0.98,  1, 0.54, 0.02, 1.43, 0.00, 0.01, 0.00, 0.27, 1.65, 0.86, 1.32, 0.15, 1.26, 0.17, 0.00, 0.21, 0.53, 0.00, 0.00, 1.00, 1.00, 0.00, 0.00, 0.00, 0.00, 1.00, 0.00, 1.00, 1.00, 1.00, 0.00, 0.00, 0.00, 0.00, 0.00, 0.00
5,  0,  0.134,  0.98,  1, 0.43, 0.02, 1.36, 0.00, 0.00, 0.00, 0.28, 1.62, 0.87, 1.39, 0.12, 1.36, 0.11, 0.00, 0.25, 0.52, 0.00, 0.00, 1.00, 1.00, 0.00, 0.00, 0.00, 0.00, 1.00, 0.00, 1.00, 1.00, 1.00, 0.00, 0.00, 0.00, 0.00, 0.00, 0.00
6,  0,  0.168,  0.98,  1, 0.42, 0.02, 1.23, 0.00, 0.00, 0.00, 0.22, 1.72, 0.93, 1.45, 0.08, 1.45, 0.17, 0.00, 0.17, 0.56, 0.00, 0.00, 1.00, 1.00, 0.00, 0.00, 0.00, 0.00, 1.00, 0.00, 1.00, 1.00, 1.00, 1.00, 0.00, 0.00, 0.00, 0.00, 0.00
7,  0,  0.201,  0.98,  1, 0.48, 0.02, 1.27, 0.00, 0.00, 0.00, 0.21, 1.74, 0.94, 1.50, 0.11, 1.60, 0.19, 0.00, 0.16, 0.58, 0.00, 0.00, 1.00, 1.00, 0.00, 0.00, 0.00, 0.00, 1.00, 0.00, 1.00, 1.00, 1.00, 1.00, 0.00, 0.00, 0.00, 0.00, 0.00
8,  0,  0.235,  0.98,  1, 0.47, 0.02, 1.35, 0.00, 0.00, 0.00, 0.12, 1.80, 0.94, 1.41, 0.11, 1.67, 0.22, 0.00, 0.18, 0.54, 0.00, 0.00, 1.00, 1.00, 0.00, 0.00, 0.00, 0.00, 1.00, 0.00, 1.00, 1.00, 1.00, 1.00, 0.00, 0.00, 0.00, 0.00, 0.00
9,  0,  0.269,  0.98,  1, 0.45, 0.00, 1.39, 0.00, 0.00, 0.00, 0.04, 1.70, 0.95, 1.37, 0.09, 1.70, 0.17, 0.00, 0.31, 0.55, 0.00, 0.00, 1.00, 1.00, 0.00, 0.00, 0.00, 0.00, 1.00, 0.00, 1.00, 1.00, 1.00, 1.00, 0.00, 0.00, 0.00, 0.00, 0.00
10,  0,  0.302,  0.98,  1, 0.33, 0.00, 1.37, 0.00, 0.00, 0.00, 0.00, 1.65, 0.96, 1.23, 0.03, 1.68, 0.18, 0.00, 0.31, 0.52, 0.00, 0.00, 1.00, 1.00, 0.00, 0.00, 0.00, 0.00, 1.00, 0.00, 1.00, 1.00, 1.00, 1.00, 0.00, 0.00, 0.00, 0.00, 0.00
11,  0,  0.336,  0.98,  1, 0.30, 0.00, 1.35, 0.00, 0.00, 0.00, 0.00, 1.57, 0.95, 1.08, 0.11, 1.65, 0.18, 0.00, 0.24, 0.53, 0.00, 0.00, 1.00, 1.00, 0.00, 0.00, 0.00, 0.00, 1.00, 0.00, 1.00, 1.00, 1.00, 1.00, 0.00, 0.00, 0.00, 0.00, 0.00
12,  0,  0.369,  0.98,  1, 0.30, 0.00, 1.39, 0.00, 0.00, 0.00, 0.00, 1.55, 0.94, 0.97, 0.09, 1.63, 0.33, 0.00, 0.31, 0.53, 0.00, 0.00, 1.00, 1.00, 0.00, 0.00, 0.00, 0.00, 1.00, 0.00, 1.00, 1.00, 1.00, 1.00, 0.00, 0.00, 0.00, 0.00, 0.00
13,  0,  0.403,  0.98,  1, 0.44, 0.00, 1.35, 0.00, 0.00, 0.00, 0.01, 1.52, 0.92, 0.96, 0.09, 1.68, 0.33, 0.00, 0.39, 0.68, 0.00, 0.00, 1.00, 1.00, 0.00, 0.00, 0.00, 0.00, 1.00, 0.00, 1.00, 1.00, 1.00, 1.00, 0.00, 0.00, 0.00, 0.00, 0.00
14,  0,  0.437,  0.98,  1, 0.50, 0.00, 1.34, 0.00, 0.01, 0.00, 0.01, 1.43, 0.93, 1.04, 0.01, 1.58, 0.37, 0.00, 0.40, 0.66, 0.00, 0.00, 1.00, 1.00, 0.00, 0.00, 0.00, 0.00, 1.00, 0.00, 1.00, 1.00, 1.00, 1.00, 0.00, 0.00, 0.00, 0.00, 0.00
15,  0,  0.470,  0.98,  1, 0.59, 0.00, 1.34, 0.00, 0.01, 0.00, 0.01, 1.42, 0.93, 1.10, 0.01, 1.65, 0.35, 0.00, 0.22, 0.60, 0.00, 0.00, 1.00, 1.00, 0.00, 0.00, 0.00, 0.00, 1.00, 0.00, 1.00, 1.00, 1.00, 1.00, 0.00, 0.00, 0.00, 0.00, 0.00
16,  0,  0.504,  0.98,  1, 0.57, 0.06, 1.34, 0.00, 0.01, 0.00, 0.01, 1.44, 0.91, 1.16, 0.01, 1.51, 0.44, 0.00, 0.08, 0.50, 0.00, 0.00, 1.00, 1.00, 0.00, 0.00, 0.00, 0.00, 1.00, 0.00, 1.00, 1.00, 1.00, 1.00, 0.00, 0.00, 0.00, 0.00, 0.00
17,  0,  0.537,  0.98,  1, 0.68, 0.20, 1.35, 0.00, 0.00, 0.00, 0.01, 1.55, 0.91, 1.18, 0.01, 1.51, 0.44, 0.00, 0.02, 0.52, 0.00, 0.00, 1.00, 1.00, 0.00, 0.00, 0.00, 0.00, 1.00, 0.00, 1.00, 1.00, 1.00, 1.00, 0.00, 0.00, 0.00, 0.00, 0.00
18,  0,  0.571,  0.98,  1, 0.75, 0.42, 1.25, 0.00, 0.00, 0.00, 0.01, 1.56, 0.92, 1.17, 0.10, 1.50, 0.53, 0.00, 0.08, 0.67, 0.00, 0.00, 1.00, 1.00, 0.00, 0.00, 0.00, 0.00, 1.00, 0.00, 1.00, 1.00, 1.00, 1.00, 0.00, 0.00, 0.00, 0.00, 0.00
19,  0,  0.604,  0.98,  1, 0.82, 0.63, 1.18, 0.02, 0.00, 0.00, 0.00, 1.63, 0.96, 1.20, 0.14, 1.62, 0.51, 0.00, 0.09, 0.65, 0.05, 0.00, 1.00, 1.00, 0.00, 0.00, 0.00, 0.00, 1.00, 0.00, 1.00, 1.00, 1.00, 1.00, 0.00, 0.00, 0.00, 0.00, 0.00
20,  0,  0.638,  0.98,  1, 0.92, 0.81, 1.09, 0.02, 0.00, 0.00, 0.00, 1.67, 0.97, 1.25, 0.18, 1.72, 0.64, 0.00, 0.15, 0.69, 0.14, 1.00, 1.00, 1.00, 0.00, 0.00, 0.00, 0.00, 1.00, 0.00, 1.00, 1.00, 1.00, 1.00, 0.00, 0.00, 0.00, 0.00, 0.00
21,  0,  0.672,  0.98,  1, 0.95, 0.97, 1.11, 0.03, 0.00, 0.00, 0.00, 1.79, 1.02, 1.25, 0.15, 1.61, 0.51, 0.00, 0.12, 0.58, 0.19, 1.00, 1.00, 1.00, 0.00, 0.00, 0.00, 0.00, 1.00, 0.00, 1.00, 1.00, 1.00, 1.00, 0.00, 0.00, 0.00, 0.00, 0.00
22,  0,  0.705,  0.98,  1, 1.11, 1.20, 1.09, 0.09, 0.00, 0.00, 0.00, 1.78, 1.02, 1.23, 0.17, 1.63, 0.50, 0.00, 0.29, 0.50, 0.13, 1.00, 1.00, 1.00, 0.00, 0.00, 0.00, 0.00, 1.00, 0.00, 1.00, 1.00, 1.00, 1.00, 0.00, 0.00, 0.00, 0.00, 0.00
23,  0,  0.739,  0.98,  1, 1.12, 1.27, 1.04, 0.13, 0.00, 0.00, 0.00, 1.78, 1.06, 1.13, 0.21, 1.55, 0.49, 0.00, 0.35, 0.41, 0.06, 1.00, 1.00, 1.00, 0.00, 0.00, 0.00, 0.00, 1.00, 0.00, 1.00, 1.00, 1.00, 1.00, 0.00, 0.00, 0.00, 0.00, 0.00
24,  0,  0.772,  0.98,  1, 1.15, 1.23, 0.96, 0.11, 0.00, 0.00, 0.02, 1.72, 1.05, 1.18, 0.21, 1.43, 0.42, 0.00, 0.33, 0.31, 0.01, 1.00, 1.00, 1.00, 0.00, 0.00, 0.00, 0.00, 1.00, 0.00, 1.00, 1.00, 1.00, 1.00, 0.00, 0.00, 0.00, 0.00, 0.00
25,  0,  0.806,  0.98,  1, 1.13, 1.10, 0.94, 0.03, 0.00, 0.00, 0.02, 1.72, 1.05, 1.07, 0.23, 1.29, 0.46, 0.00, 0.24, 0.27, 0.01, 1.00, 1.00, 1.00, 0.00, 0.00, 0.00, 0.00, 1.00, 0.00, 1.00, 1.00, 1.00, 1.00, 0.00, 0.00, 0.00, 0.00, 0.00
26,  0,  0.839,  0.98,  1, 1.11, 1.01, 0.96, 0.00, 0.00, 0.00, 0.02, 1.70, 1.01, 1.01, 0.22, 1.25, 0.35, 0.00, 0.17, 0.24, 0.00, 1.00, 1.00, 1.00, 0.00, 0.00, 0.00, 0.00, 1.00, 0.00, 1.00, 1.00, 1.00, 1.00, 0.00, 0.00, 0.00, 0.00, 0.00
27,  0,  0.873,  0.98,  1, 1.00, 1.02, 0.98, 0.00, 0.00, 0.00, 0.00, 1.69, 0.96, 0.95, 0.28, 1.37, 0.66, 0.00, 0.16, 0.23, 0.00, 1.00, 1.00, 1.00, 0.00, 0.00, 0.00, 0.00, 1.00, 0.00, 1.00, 1.00, 1.00, 1.00, 0.00, 0.00, 0.00, 0.00, 0.00
28,  0,  0.907,  0.98,  1, 0.93, 0.90, 1.02, 0.00, 0.00, 0.00, 0.00, 1.67, 0.90, 1.02, 0.26, 1.44, 0.66, 0.00, 0.06, 0.30, 0.05, 1.00, 1.00, 1.00, 0.00, 0.00, 0.00, 0.00, 1.00, 0.00, 1.00, 1.00, 1.00, 1.00, 0.00, 0.00, 0.00, 0.00, 0.00
29,  0,  0.940,  0.98,  1, 0.90, 0.82, 1.00, 0.02, 0.00, 0.00, 0.00, 1.57, 0.90, 1.22, 0.31, 1.60, 0.61, 0.00, 0.02, 0.39, 0.14, 1.00, 1.00, 1.00, 0.00, 0.00, 0.00, 0.00, 1.00, 0.00, 1.00, 1.00, 1.00, 1.00, 0.00, 0.00, 0.00, 0.00, 0.00
30,  0,  0.974,  0.98,  1, 1.05, 0.75, 0.98, 0.15, 0.00, 0.00, 0.00, 1.48, 0.92, 1.32, 0.43, 1.81, 0.45, 0.00, 0.00, 0.50, 0.17, 1.00, 1.00, 1.00, 0.00, 0.00, 0.00, 0.00, 1.00, 0.00, 1.00, 1.00, 1.00, 0.00, 0.00, 0.00, 0.00, 0.00, 0.00
31,  0,  1.007,  0.98,  1, 1.04, 0.70, 1.01, 0.15, 0.00, 0.00, 0.00, 1.47, 1.02, 1.35, 0.48, 1.95, 0.53, 0.00, 0.00, 0.43, 0.21, 1.00, 1.00, 1.00, 0.00, 0.00, 0.00, 0.00, 1.00, 0.00, 1.00, 1.00, 1.00, 0.00, 0.00, 0.00, 0.00, 0.00, 0.00
32,  0,  1.041,  0.98,  1, 1.05, 0.79, 1.06, 0.19, 0.00, 0.00, 0.00, 1.51, 1.09, 1.33, 0.44, 1.98, 0.62, 0.00, 0.00, 0.34, 0.18, 1.00, 1.00, 1.00, 0.00, 0.00, 0.00, 0.00, 1.00, 0.00, 1.00, 1.00, 1.00, 0.00, 0.00, 0.00, 0.00, 0.00, 0.00
33,  0,  1.075,  0.98,  1, 1.06, 0.86, 1.24, 0.08, 0.00, 0.00, 0.00, 1.59, 1.11, 1.26, 0.32, 1.88, 0.70, 0.00, 0.00, 0.34, 0.29, 1.00, 1.00, 1.00, 0.00, 0.00, 0.00, 0.00, 1.00, 0.00, 1.00, 1.00, 1.00, 0.00, 0.00, 0.00, 0.00, 0.00, 0.00
34,  0,  1.108,  0.98,  1, 1.19, 0.99, 1.33, 0.08, 0.00, 0.00, 0.00, 1.62, 1.12, 1.34, 0.30, 1.85, 0.73, 0.00, 0.00, 0.54, 0.19, 1.00, 1.00, 1.00, 0.00, 0.00, 0.00, 0.00, 1.00, 0.00, 1.00, 1.00, 1.00, 0.00, 0.00, 0.00, 0.00, 0.00, 0.00
35,  0,  1.142,  0.98,  1, 1.21, 1.09, 1.42, 0.03, 0.00, 0.00, 0.00, 1.75, 1.08, 1.21, 0.40, 1.70, 0.94, 0.00, 0.00, 0.72, 0.17, 1.00, 1.00, 1.00, 0.00, 0.00, 0.00, 0.00, 1.00, 0.00, 1.00, 1.00, 1.00, 1.00, 0.00, 0.00, 0.00, 0.00, 0.00
36,  0,  1.175,  0.98,  1, 1.28, 1.14, 1.40, 0.03, 0.00, 0.00, 0.00, 1.87, 1.11, 1.20, 0.38, 1.48, 1.09, 0.00, 0.16, 0.83, 0.02, 1.00, 1.00, 1.00, 0.00, 0.00, 0.00, 0.00, 1.00, 0.00, 1.00, 1.00, 1.00, 1.00, 0.00, 0.00, 0.00, 0.00, 0.00
37,  0,  1.209,  0.98,  1, 1.15, 1.18, 1.31, 0.03, 0.00, 0.00, 0.00, 2.03, 1.14, 1.12, 0.32, 1.30, 1.16, 0.00, 0.31, 0.85, 0.02, 1.00, 1.00, 1.00, 0.00, 0.00, 0.00, 0.00, 1.00, 0.00, 1.00, 1.00, 1.00, 1.00, 0.00, 0.00, 0.00, 0.00, 0.00
38,  0,  1.242,  0.98,  1, 1.03, 0.94, 1.17, 0.03, 0.01, 0.00, 0.00, 2.00, 1.21, 1.11, 0.25, 1.16, 0.89, 0.00, 0.40, 0.74, 0.00, 1.00, 1.00, 1.00, 0.00, 0.00, 0.00, 0.00, 1.00, 0.00, 1.00, 1.00, 1.00, 1.00, 0.00, 0.00, 0.00, 0.00, 0.00
39,  0,  1.276,  0.98,  1, 0.89, 0.90, 1.13, 0.00, 0.01, 0.00, 0.00, 1.95, 1.18, 1.06, 0.24, 1.13, 0.75, 0.00, 0.30, 0.59, 0.06, 1.00, 1.00, 1.00, 0.00, 0.00, 0.00, 0.00, 1.00, 0.00, 1.00, 1.00, 1.00, 1.00, 0.00, 0.00, 0.00, 0.00, 0.00
40,  0,  1.310,  0.98,  1, 0.82, 0.84, 1.15, 0.00, 0.01, 0.00, 0.00, 1.92, 1.18, 1.07, 0.23, 1.05, 0.75, 0.00, 0.28, 0.44, 0.13, 1.00, 1.00, 1.00, 0.00, 0.00, 0.00, 0.00, 1.00, 0.00, 1.00, 1.00, 1.00, 1.00, 0.00, 0.00, 0.00, 0.00, 0.00
41,  0,  1.343,  0.98,  1, 0.92, 1.01, 1.21, 0.00, 0.00, 0.00, 0.00, 1.91, 1.13, 1.20, 0.17, 0.99, 0.99, 0.00, 0.36, 0.38, 0.16, 1.00, 1.00, 1.00, 0.00, 0.00, 0.00, 0.00, 1.00, 0.00, 1.00, 1.00, 1.00, 1.00, 0.00, 0.00, 0.00, 0.00, 0.00
42,  0,  1.377,  0.98,  1, 0.86, 0.93, 1.17, 0.00, 0.00, 0.00, 0.00, 2.00, 1.16, 1.38, 0.16, 0.95, 0.95, 0.00, 0.46, 0.32, 0.21, 1.00, 1.00, 1.00, 0.00, 0.00, 0.00, 0.00, 1.00, 0.00, 1.00, 1.00, 1.00, 1.00, 0.00, 0.00, 0.00, 0.00, 0.00
43,  0,  1.410,  0.98,  1, 0.90, 0.95, 1.11, 0.00, 0.00, 0.00, 0.00, 2.03, 1.18, 1.44, 0.22, 0.95, 0.77, 0.00, 0.54, 0.31, 0.14, 1.00, 1.00, 1.00, 0.00, 0.00, 0.00, 0.00, 1.00, 0.00, 1.00, 1.00, 1.00, 1.00, 0.00, 0.00, 0.00, 0.00, 0.00
44,  0,  1.444,  0.98,  1, 0.88, 0.93, 1.06, 0.00, 0.00, 0.00, 0.00, 2.10, 1.19, 1.54, 0.22, 1.02, 0.66, 0.00, 0.49, 0.42, 0.17, 0.00, 1.00, 1.00, 0.00, 0.00, 0.00, 0.00, 1.00, 0.00, 1.00, 1.00, 1.00, 1.00, 0.00, 0.00, 0.00, 0.00, 0.00
45,  0,  1.477,  0.98,  1, 0.86, 0.97, 1.01, 0.00, 0.00, 0.00, 0.00, 2.01, 1.19, 1.44, 0.23, 1.20, 0.67, 0.00, 0.33, 0.54, 0.10, 0.00, 1.00, 1.00, 0.00, 0.00, 0.00, 0.00, 1.00, 0.00, 1.00, 1.00, 1.00, 1.00, 0.00, 0.00, 0.00, 0.00, 0.00
46,  0,  1.511,  0.98,  1, 0.82, 0.95, 0.98, 0.00, 0.00, 0.00, 0.00, 1.91, 1.14, 1.43, 0.25, 1.40, 0.68, 0.00, 0.12, 0.53, 0.15, 0.00, 1.00, 1.00, 0.00, 0.00, 0.00, 0.00, 1.00, 0.00, 1.00, 1.00, 1.00, 1.00, 0.00, 0.00, 0.00, 0.00, 0.00
47,  0,  1.545,  0.98,  1, 0.68, 0.82, 0.92, 0.00, 0.00, 0.00, 0.00, 1.67, 1.08, 1.43, 0.35, 1.77, 0.71, 0.06, 0.00, 0.40, 0.08, 0.00, 1.00, 1.00, 0.00, 0.00, 0.00, 0.00, 1.00, 0.00, 1.00, 1.00, 1.00, 1.00, 0.00, 0.00, 0.00, 0.00, 0.00
48,  0,  1.578,  0.98,  1, 0.65, 0.73, 0.84, 0.00, 0.00, 0.00, 0.00, 1.41, 1.07, 1.48, 0.48, 2.01, 0.72, 0.11, 0.00, 0.26, 0.11, 0.00, 1.00, 1.00, 0.00, 0.00, 0.00, 0.00, 1.00, 0.00, 1.00, 1.00, 1.00, 1.00, 0.00, 0.00, 0.00, 0.00, 0.00
49,  0,  1.612,  0.98,  1, 0.64, 0.58, 0.84, 0.00, 0.00, 0.00, 0.00, 1.27, 1.03, 1.47, 0.45, 2.14, 0.77, 0.11, 0.00, 0.13, 0.21, 0.00, 1.00, 1.00, 0.00, 0.00, 0.00, 0.00, 1.00, 0.00, 1.00, 1.00, 1.00, 1.00, 0.00, 0.00, 0.00, 0.00, 0.00
50,  0,  1.645,  0.98,  1, 0.74, 0.59, 0.88, 0.00, 0.00, 0.00, 0.00, 1.35, 1.03, 1.44, 0.36, 2.01, 0.70, 0.06, 0.00, 0.14, 0.27, 0.00, 1.00, 1.00, 0.00, 0.00, 0.00, 0.00, 1.00, 0.00, 1.00, 1.00, 1.00, 1.00, 0.00, 0.00, 0.00, 0.00, 0.00
51,  0,  1.679,  0.98,  1, 0.85, 0.60, 1.01, 0.04, 0.00, 0.00, 0.00, 1.57, 1.03, 1.43, 0.17, 1.79, 0.79, 0.00, 0.00, 0.20, 0.27, 0.00, 1.00, 1.00, 0.00, 0.00, 0.00, 0.00, 1.00, 0.00, 1.00, 1.00, 1.00, 1.00, 0.00, 0.00, 0.00, 0.00, 0.00
52,  0,  1.713,  0.98,  1, 0.90, 0.55, 1.09, 0.04, 0.00, 0.00, 0.00, 1.69, 1.03, 1.38, 0.05, 1.62, 0.74, 0.00, 0.00, 0.30, 0.19, 0.00, 1.00, 1.00, 0.00, 0.00, 0.00, 0.00, 1.00, 0.00, 1.00, 1.00, 1.00, 1.00, 0.00, 0.00, 0.00, 0.00, 0.00
53,  0,  1.746,  0.98,  1, 0.85, 0.37, 1.16, 0.04, 0.00, 0.00, 0.00, 1.65, 0.97, 1.26, 0.08, 1.52, 0.77, 0.00, 0.00, 0.30, 0.20, 0.00, 1.00, 1.00, 0.00, 0.00, 0.00, 0.00, 1.00, 0.00, 1.00, 1.00, 1.00, 1.00, 0.00, 0.00, 0.00, 0.00, 0.00
54,  0,  1.780,  0.98,  1, 0.68, 0.20, 1.14, 0.00, 0.00, 0.00, 0.00, 1.59, 0.95, 1.18, 0.11, 1.53, 0.68, 0.00, 0.00, 0.27, 0.13, 0.00, 1.00, 1.00, 0.00, 0.00, 0.00, 0.00, 1.00, 0.00, 1.00, 1.00, 1.00, 1.00, 0.00, 0.00, 0.00, 0.00, 0.00
55,  0,  1.813,  0.98,  1, 0.56, 0.23, 1.03, 0.00, 0.00, 0.00, 0.00, 1.53, 0.97, 1.13, 0.27, 1.62, 0.76, 0.00, 0.00, 0.36, 0.14, 0.00, 1.00, 1.00, 0.00, 0.00, 0.00, 0.00, 1.00, 0.00, 1.00, 1.00, 1.00, 1.00, 0.00, 0.00, 0.00, 0.00, 0.00
56,  0,  1.847,  0.98,  1, 0.46, 0.28, 1.01, 0.00, 0.00, 0.00, 0.00, 1.52, 1.01, 1.16, 0.26, 1.55, 0.75, 0.00, 0.00, 0.44, 0.08, 0.00, 1.00, 1.00, 0.00, 0.00, 0.00, 0.00, 1.00, 0.00, 1.00, 1.00, 1.00, 1.00, 0.00, 0.00, 0.00, 0.00, 0.00
57,  0,  1.880,  0.98,  1, 0.35, 0.33, 0.99, 0.00, 0.00, 0.00, 0.00, 1.57, 1.02, 1.16, 0.23, 1.51, 0.70, 0.00, 0.00, 0.45, 0.08, 0.00, 1.00, 1.00, 0.00, 0.00, 0.00, 0.00, 1.00, 0.00, 1.00, 1.00, 1.00, 1.00, 0.00, 0.00, 0.00, 0.00, 0.00
58,  0,  1.914,  0.98,  1, 0.35, 0.35, 1.09, 0.00, 0.00, 0.00, 0.00, 1.63, 1.03, 1.17, 0.14, 1.51, 0.61, 0.00, 0.00, 0.37, 0.00, 0.00, 1.00, 1.00, 0.00, 0.00, 0.00, 0.00, 1.00, 0.00, 1.00, 1.00, 1.00, 1.00, 0.00, 0.00, 0.00, 0.00, 0.00
59,  0,  1.948,  0.98,  1, 0.46, 0.57, 1.13, 0.00, 0.00, 0.00, 0.00, 1.67, 1.04, 1.14, 0.18, 1.66, 0.59, 0.00, 0.00, 0.36, 0.01, 0.00, 1.00, 1.00, 0.00, 0.00, 0.00, 0.00, 1.00, 0.00, 1.00, 1.00, 1.00, 1.00, 0.00, 0.00, 0.00, 0.00, 0.00
60,  0,  1.981,  0.98,  1, 0.67, 0.65, 1.17, 0.00, 0.00, 0.00, 0.00, 1.62, 1.03, 1.15, 0.17, 1.66, 0.54, 0.00, 0.00, 0.25, 0.01, 0.00, 1.00, 1.00, 0.00, 0.00, 0.00, 0.00, 1.00, 0.00, 1.00, 1.00, 1.00, 1.00, 0.00, 0.00, 0.00, 0.00, 0.00
61,  0,  2.015,  0.98,  1, 0.73, 0.67, 1.15, 0.00, 0.00, 0.00, 0.00, 1.50, 1.05, 1.23, 0.13, 1.51, 0.63, 0.00, 0.00, 0.15, 0.01, 0.00, 1.00, 1.00, 0.00, 0.00, 0.00, 0.00, 1.00, 0.00, 1.00, 1.00, 1.00, 1.00, 0.00, 0.00, 0.00, 0.00, 0.00
62,  0,  2.048,  0.98,  1, 0.69, 0.58, 1.08, 0.00, 0.00, 0.00, 0.00, 1.47, 1.05, 1.34, 0.03, 1.40, 0.58, 0.00, 0.00, 0.01, 0.00, 0.00, 1.00, 1.00, 0.00, 0.00, 0.00, 0.00, 1.00, 0.00, 1.00, 1.00, 1.00, 1.00, 0.00, 0.00, 0.00, 0.00, 0.00
63,  0,  2.082,  0.98,  1, 0.57, 0.57, 1.05, 0.10, 0.00, 0.00, 0.00, 1.44, 1.05, 1.54, 0.03, 1.47, 0.69, 0.00, 0.00, 0.00, 0.00, 0.00, 1.00, 1.00, 0.00, 0.00, 0.00, 0.00, 1.00, 0.00, 1.00, 1.00, 1.00, 1.00, 0.00, 0.00, 0.00, 0.00, 0.00
64,  0,  2.116,  0.98,  1, 0.52, 0.54, 0.98, 0.14, 0.00, 0.00, 0.00, 1.44, 1.04, 1.63, 0.06, 1.52, 0.69, 0.00, 0.00, 0.00, 0.09, 0.00, 1.00, 1.00, 0.00, 0.00, 0.00, 0.00, 1.00, 0.00, 1.00, 1.00, 1.00, 1.00, 0.00, 0.00, 0.00, 0.00, 0.00
65,  0,  2.149,  0.98,  1, 0.48, 0.45, 1.00, 0.14, 0.00, 0.00, 0.00, 1.41, 1.03, 1.71, 0.25, 1.60, 0.81, 0.00, 0.00, 0.02, 0.29, 0.00, 1.00, 1.00, 0.00, 0.00, 0.00, 0.00, 1.00, 0.00, 1.00, 1.00, 1.00, 1.00, 0.00, 0.00, 0.00, 0.00, 0.00
66,  0,  2.183,  0.98,  1, 0.49, 0.36, 0.97, 0.13, 0.00, 0.00, 0.00, 1.33, 1.01, 1.71, 0.39, 1.64, 0.80, 0.00, 0.00, 0.02, 0.45, 0.00, 1.00, 1.00, 0.00, 0.00, 0.00, 0.00, 1.00, 0.00, 1.00, 1.00, 1.00, 1.00, 0.00, 0.00, 0.00, 0.00, 0.00
67,  0,  2.216,  0.98,  1, 0.41, 0.30, 1.00, 0.19, 0.00, 0.00, 0.00, 1.29, 1.00, 1.68, 0.38, 1.73, 0.84, 0.00, 0.00, 0.02, 0.60, 0.00, 1.00, 1.00, 0.00, 0.00, 0.00, 0.00, 1.00, 0.00, 1.00, 1.00, 1.00, 1.00, 0.00, 0.00, 0.00, 0.00, 0.00
68,  0,  2.250,  0.98,  1, 0.41, 0.25, 0.99, 0.26, 0.00, 0.00, 0.00, 1.30, 1.04, 1.65, 0.34, 1.63, 0.82, 0.00, 0.00, 0.00, 0.50, 0.00, 1.00, 1.00, 0.00, 0.00, 0.00, 0.00, 1.00, 0.00, 1.00, 1.00, 1.00, 1.00, 0.00, 0.00, 0.00, 0.00, 0.00
69,  0,  2.283,  0.98,  1, 0.40, 0.28, 1.04, 0.22, 0.00, 0.00, 0.00, 1.34, 1.06, 1.67, 0.20, 1.57, 0.86, 0.00, 0.00, 0.00, 0.42, 0.00, 1.00, 1.00, 0.00, 0.00, 0.00, 0.00, 1.00, 0.00, 1.00, 1.00, 1.00, 1.00, 0.00, 0.00, 0.00, 0.00, 0.00
70,  0,  2.317,  0.98,  1, 0.53, 0.41, 1.09, 0.13, 0.00, 0.00, 0.00, 1.40, 1.09, 1.71, 0.23, 1.48, 0.83, 0.00, 0.00, 0.00, 0.19, 0.00, 1.00, 1.00, 0.00, 0.00, 0.00, 0.00, 1.00, 0.00, 1.00, 1.00, 1.00, 1.00, 0.00, 0.00, 0.00, 0.00, 0.00
71,  0,  2.351,  0.98,  1, 0.47, 0.44, 1.05, 0.05, 0.00, 0.00, 0.00, 1.34, 1.06, 1.75, 0.18, 1.54, 0.87, 0.00, 0.00, 0.04, 0.09, 0.00, 1.00, 1.00, 0.00, 0.00, 0.00, 0.00, 1.00, 0.00, 1.00, 1.00, 1.00, 1.00, 0.00, 0.00, 0.00, 0.00, 0.00
72,  0,  2.384,  0.98,  1, 0.45, 0.46, 1.05, 0.00, 0.00, 0.00, 0.00, 1.29, 1.09, 1.77, 0.32, 1.52, 0.83, 0.00, 0.00, 0.05, 0.05, 0.00, 1.00, 1.00, 0.00, 0.00, 0.00, 0.00, 1.00, 0.00, 1.00, 1.00, 1.00, 1.00, 0.00, 0.00, 0.00, 0.00, 0.00
73,  0,  2.418,  0.98,  1, 0.29, 0.27, 1.03, 0.00, 0.00, 0.00, 0.00, 1.27, 1.09, 1.83, 0.41, 1.59, 0.87, 0.00, 0.00, 0.05, 0.04, 0.00, 1.00, 1.00, 0.00, 0.00, 0.00, 0.00, 1.00, 0.00, 1.00, 1.00, 1.00, 1.00, 0.00, 0.00, 0.00, 0.00, 0.00
74,  0,  2.451,  0.98,  1, 0.28, 0.18, 1.05, 0.00, 0.00, 0.00, 0.00, 1.31, 1.10, 1.83, 0.46, 1.57, 0.80, 0.00, 0.00, 0.01, 0.03, 0.00, 1.00, 1.00, 0.00, 0.00, 0.00, 0.00, 1.00, 0.00, 1.00, 1.00, 1.00, 1.00, 0.00, 0.00, 0.00, 0.00, 0.00
75,  0,  2.485,  0.98,  1, 0.25, 0.03, 1.04, 0.00, 0.00, 0.00, 0.00, 1.35, 1.11, 1.88, 0.43, 1.64, 0.78, 0.00, 0.00, 0.01, 0.00, 0.00, 0.00, 1.00, 0.00, 0.00, 0.00, 0.00, 1.00, 0.00, 1.00, 1.00, 1.00, 1.00, 0.00, 0.00, 0.00, 0.00, 0.00
76,  0,  2.518,  0.98,  1, 0.27, 0.00, 0.96, 0.01, 0.00, 0.00, 0.00, 1.39, 1.11, 1.84, 0.39, 1.64, 0.76, 0.00, 0.00, 0.01, 0.03, 0.00, 0.00, 1.00, 0.00, 0.00, 0.00, 0.00, 1.00, 0.00, 1.00, 1.00, 1.00, 1.00, 0.00, 0.00, 0.00, 0.00, 0.00
77,  0,  2.552,  0.98,  1, 0.26, 0.00, 0.92, 0.01, 0.00, 0.00, 0.00, 1.43, 1.10, 1.91, 0.43, 1.71, 0.82, 0.00, 0.00, 0.05, 0.07, 0.00, 0.00, 1.00, 0.00, 0.00, 0.00, 0.00, 1.00, 0.00, 1.00, 1.00, 1.00, 1.00, 0.00, 0.00, 0.00, 0.00, 0.00
78,  0,  2.586,  0.98,  1, 0.29, 0.05, 0.82, 0.01, 0.00, 0.00, 0.00, 1.46, 1.09, 1.85, 0.40, 1.75, 0.89, 0.02, 0.00, 0.12, 0.13, 0.00, 0.00, 1.00, 0.00, 0.00, 0.00, 0.00, 1.00, 0.00, 1.00, 1.00, 1.00, 1.00, 0.00, 0.00, 0.00, 0.00, 0.00
79,  0,  2.619,  0.98,  1, 0.29, 0.04, 0.83, 0.00, 0.00, 0.00, 0.00, 1.42, 1.09, 1.88, 0.42, 1.83, 0.81, 0.04, 0.00, 0.20, 0.22, 0.00, 0.00, 1.00, 0.00, 0.00, 0.00, 0.00, 1.00, 0.00, 1.00, 1.00, 1.00, 1.00, 0.00, 0.00, 0.00, 0.00, 0.00
80,  0,  2.653,  0.98,  1, 0.32, 0.05, 0.91, 0.00, 0.00, 0.00, 0.00, 1.37, 1.12, 1.80, 0.36, 1.80, 0.76, 0.08, 0.00, 0.24, 0.20, 0.00, 0.00, 1.00, 0.00, 0.00, 0.00, 0.00, 1.00, 0.00, 1.00, 1.00, 1.00, 1.00, 0.00, 0.00, 0.00, 0.00, 0.00
81,  0,  2.686,  0.98,  1, 0.29, 0.01, 0.97, 0.00, 0.00, 0.00, 0.00, 1.26, 1.11, 1.84, 0.40, 1.76, 0.67, 0.06, 0.00, 0.16, 0.16, 0.00, 0.00, 1.00, 0.00, 0.00, 0.00, 0.00, 1.00, 0.00, 1.00, 1.00, 1.00, 1.00, 0.00, 0.00, 0.00, 0.00, 0.00
82,  0,  2.720,  0.98,  1, 0.26, 0.01, 1.04, 0.00, 0.00, 0.00, 0.00, 1.13, 1.12, 1.83, 0.39, 1.66, 0.68, 0.07, 0.00, 0.08, 0.04, 0.00, 0.00, 1.00, 0.00, 0.00, 0.00, 0.00, 1.00, 0.00, 1.00, 1.00, 1.00, 1.00, 0.00, 0.00, 0.00, 0.00, 0.00
83,  0,  2.754,  0.98,  1, 0.31, 0.00, 0.95, 0.00, 0.00, 0.00, 0.00, 1.13, 1.08, 1.84, 0.33, 1.65, 0.60, 0.06, 0.00, 0.08, 0.06, 0.00, 0.00, 1.00, 0.00, 0.00, 0.00, 0.00, 1.00, 0.00, 1.00, 1.00, 1.00, 1.00, 0.00, 0.00, 0.00, 0.00, 0.00
84,  0,  2.787,  0.98,  1, 0.38, 0.00, 1.00, 0.00, 0.00, 0.00, 0.00, 1.12, 1.06, 1.84, 0.30, 1.62, 0.64, 0.08, 0.00, 0.08, 0.04, 0.00, 0.00, 1.00, 0.00, 0.00, 0.00, 0.00, 1.00, 0.00, 1.00, 1.00, 1.00, 1.00, 0.00, 0.00, 0.00, 0.00, 0.00
85,  0,  2.821,  0.98,  1, 0.45, 0.00, 0.98, 0.00, 0.00, 0.00, 0.00, 1.26, 1.06, 1.80, 0.32, 1.62, 0.59, 0.07, 0.00, 0.08, 0.04, 0.00, 0.00, 1.00, 0.00, 0.00, 0.00, 0.00, 1.00, 0.00, 1.00, 1.00, 1.00, 1.00, 0.00, 0.00, 0.00, 0.00, 0.00
86,  0,  2.854,  0.98,  1, 0.46, 0.00, 1.07, 0.00, 0.00, 0.00, 0.00, 1.28, 1.10, 1.78, 0.39, 1.55, 0.70, 0.04, 0.00, 0.00, 0.00, 0.00, 0.00, 1.00, 0.00, 0.00, 0.00, 0.00, 1.00, 0.00, 1.00, 1.00, 1.00, 1.00, 0.00, 0.00, 0.00, 0.00, 0.00
87,  0,  2.888,  0.98,  1, 0.44, 0.00, 1.04, 0.00, 0.00, 0.00, 0.00, 1.34, 1.15, 1.74, 0.42, 1.55, 0.68, 0.01, 0.00, 0.00, 0.00, 0.00, 0.00, 1.00, 0.00, 0.00, 0.00, 0.00, 1.00, 0.00, 1.00, 1.00, 1.00, 1.00, 0.00, 0.00, 0.00, 0.00, 0.00
88,  0,  2.921,  0.98,  1, 0.37, 0.00, 1.01, 0.00, 0.00, 0.00, 0.00, 1.31, 1.16, 1.79, 0.42, 1.44, 0.72, 0.00, 0.00, 0.00, 0.00, 0.00, 0.00, 1.00, 0.00, 0.00, 0.00, 0.00, 1.00, 0.00, 1.00, 1.00, 1.00, 1.00, 0.00, 0.00, 0.00, 0.00, 0.00
89,  0,  2.955,  0.98,  1, 0.31, 0.00, 1.07, 0.00, 0.03, 0.00, 0.00, 1.24, 1.19, 1.86, 0.42, 1.40, 0.58, 0.00, 0.00, 0.00, 0.00, 0.00, 0.00, 1.00, 0.00, 0.00, 0.00, 0.00, 1.00, 0.00, 1.00, 1.00, 1.00, 1.00, 0.00, 0.00, 0.00, 0.00, 0.00
90,  0,  2.989,  0.98,  1, 0.26, 0.00, 1.12, 0.00, 0.03, 0.00, 0.00, 1.20, 1.19, 1.92, 0.34, 1.31, 0.56, 0.00, 0.00, 0.00, 0.00, 0.00, 0.00, 1.00, 0.00, 0.00, 0.00, 0.00, 1.00, 0.00, 1.00, 1.00, 1.00, 1.00, 0.00, 0.00, 0.00, 0.00, 0.00
91,  0,  3.022,  0.98,  1, 0.33, 0.07, 1.22, 0.00, 0.03, 0.00, 0.00, 1.28, 1.26, 1.90, 0.33, 1.30, 0.35, 0.00, 0.00, 0.00, 0.00, 0.00, 0.00, 1.00, 0.00, 0.00, 0.00, 0.00, 1.00, 0.00, 1.00, 1.00, 1.00, 1.00, 0.00, 0.00, 0.00, 0.00, 0.00
92,  0,  3.056,  0.98,  1, 0.30, 0.07, 1.16, 0.00, 0.00, 0.00, 0.00, 1.25, 1.25, 1.79, 0.20, 1.25, 0.35, 0.00, 0.00, 0.00, 0.00, 0.00, 0.00, 1.00, 0.00, 0.00, 0.00, 0.00, 1.00, 0.00, 1.00, 1.00, 1.00, 1.00, 0.00, 0.00, 0.00, 0.00, 0.00
93,  0,  3.089,  0.98,  1, 0.29, 0.07, 1.10, 0.10, 0.01, 0.00, 0.00, 1.37, 1.32, 1.84, 0.25, 1.21, 0.22, 0.00, 0.00, 0.00, 0.00, 0.00, 0.00, 1.00, 0.00, 0.00, 0.00, 0.00, 1.00, 0.00, 1.00, 1.00, 1.00, 1.00, 0.00, 0.00, 0.00, 0.00, 0.00
94,  0,  3.123,  0.98,  1, 0.24, 0.00, 0.99, 0.10, 0.07, 0.00, 0.00, 1.39, 1.31, 1.95, 0.31, 1.16, 0.31, 0.00, 0.00, 0.00, 0.00, 0.00, 0.00, 1.00, 0.00, 0.00, 0.00, 0.00, 1.00, 0.00, 1.00, 1.00, 1.00, 1.00, 0.00, 0.00, 0.00, 0.00, 0.00
95,  0,  3.156,  0.98,  1, 0.31, 0.06, 1.02, 0.10, 0.13, 0.00, 0.02, 1.47, 1.33, 2.21, 0.40, 1.14, 0.18, 0.00, 0.00, 0.00, 0.01, 0.00, 0.00, 1.00, 0.00, 0.00, 0.00, 0.00, 1.00, 0.00, 1.00, 1.00, 1.00, 1.00, 0.00, 0.00, 0.00, 0.00, 0.00
96,  0,  3.190,  0.98,  1, 0.22, 0.06, 1.00, 0.00, 0.36, 0.00, 0.02, 1.38, 1.33, 2.37, 0.37, 1.33, 0.20, 0.16, 0.00, 0.00, 0.04, 0.00, 0.00, 1.00, 0.00, 0.00, 0.00, 0.00, 1.00, 0.00, 1.00, 1.00, 1.00, 1.00, 0.00, 0.00, 0.00, 0.00, 0.00
97,  0,  3.224,  0.98,  1, 0.12, 0.06, 0.78, 0.02, 0.58, 0.00, 0.03, 1.39, 1.42, 2.61, 0.29, 1.44, 0.27, 0.42, 0.00, 0.00, 0.39, 0.00, 0.00, 1.00, 0.00, 0.00, 0.00, 0.00, 1.00, 1.00, 1.00, 1.00, 1.00, 1.00, 0.00, 0.00, 0.00, 0.00, 0.00
98,  0,  3.257,  0.98,  1, 0.21, 0.10, 0.67, 0.24, 0.80, 0.00, 0.01, 1.33, 1.59, 2.78, 0.36, 1.42, 0.45, 0.80, 0.00, 0.00, 0.39, 0.00, 0.00, 1.00, 0.00, 0.00, 0.00, 0.00, 1.00, 1.00, 1.00, 1.00, 1.00, 0.00, 0.00, 0.00, 0.00, 0.00, 0.00
99,  0,  3.291,  0.98,  1, 0.73, 0.67, 0.57, 1.03, 0.73, 0.00, 0.07, 1.40, 1.73, 3.06, 0.38, 1.28, 0.59, 1.16, 0.00, 0.00, 0.35, 0.00, 0.00, 1.00, 0.00, 0.00, 0.00, 0.00, 1.00, 1.00, 1.00, 1.00, 0.00, 0.00, 0.00, 0.00, 0.00, 0.00, 0.00
100,  0,  3.324,  0.98,  1, 1.22, 1.14, 0.71, 2.04, 0.60, 0.00, 0.38, 1.34, 1.76, 3.21, 0.39, 1.33, 0.62, 1.40, 0.00, 0.00, 0.00, 1.00, 0.00, 1.00, 0.00, 0.00, 0.00, 0.00, 1.00, 1.00, 1.00, 1.00, 0.00, 1.00, 0.00, 0.00, 0.00, 0.00, 0.00
101,  0,  3.358,  0.98,  1, 1.61, 1.41, 0.59, 2.93, 0.32, 0.00, 0.64, 1.44, 1.66, 3.31, 0.21, 1.30, 0.77, 1.56, 0.00, 0.00, 0.00, 1.00, 0.00, 1.00, 0.00, 0.00, 0.00, 0.00, 1.00, 1.00, 1.00, 1.00, 0.00, 1.00, 0.00, 0.00, 0.00, 0.00, 0.00
102,  0,  3.392,  0.98,  1, 1.76, 1.18, 0.59, 3.08, 0.16, 0.00, 0.91, 1.34, 1.37, 3.15, 0.13, 1.28, 0.96, 1.69, 0.00, 0.00, 0.00, 1.00, 0.00, 1.00, 0.00, 0.00, 0.00, 0.00, 1.00, 0.00, 1.00, 1.00, 0.00, 1.00, 0.00, 0.00, 0.00, 0.00, 0.00
103,  0,  3.425,  0.98,  1, 1.81, 0.95, 0.59, 2.77, 0.00, 0.00, 0.84, 1.28, 1.14, 2.96, 0.00, 1.42, 1.17, 1.95, 0.00, 0.00, 0.00, 1.00, 0.00, 1.00, 0.00, 0.00, 0.00, 1.00, 0.00, 0.00, 1.00, 1.00, 1.00, 1.00, 0.00, 0.00, 0.00, 0.00, 0.00
104,  0,  3.459,  0.98,  1, 1.78, 0.90, 0.61, 2.28, 0.00, 0.00, 0.79, 1.22, 1.03, 2.67, 0.00, 1.65, 1.17, 2.21, 0.00, 0.00, 0.00, 1.00, 0.00, 1.00, 0.00, 0.00, 0.00, 1.00, 0.00, 0.00, 1.00, 1.00, 1.00, 1.00, 0.00, 0.00, 0.00, 0.00, 0.00
105,  0,  3.492,  0.98,  1, 1.66, 1.10, 0.60, 1.89, 0.00, 0.00, 0.62, 1.18, 1.05, 2.45, 0.00, 1.85, 0.82, 2.40, 0.00, 0.00, 0.00, 1.00, 0.00, 1.00, 0.00, 0.00, 0.00, 1.00, 0.00, 0.00, 1.00, 1.00, 1.00, 1.00, 0.00, 0.00, 0.00, 0.00, 0.00
106,  0,  3.526,  0.98,  1, 1.51, 1.00, 0.45, 1.70, 0.00, 0.00, 0.56, 1.25, 1.10, 2.22, 0.00, 1.96, 0.68, 2.52, 0.00, 0.00, 0.00, 1.00, 0.00, 1.00, 0.00, 0.00, 0.00, 1.00, 0.00, 0.00, 1.00, 1.00, 1.00, 1.00, 0.00, 0.00, 0.00, 0.00, 0.00
107,  0,  3.559,  0.98,  1, 1.44, 0.96, 0.46, 1.66, 0.00, 0.00, 0.49, 1.13, 1.07, 2.17, 0.00, 2.11, 0.66, 2.65, 0.00, 0.00, 0.00, 0.00, 0.00, 1.00, 0.00, 0.00, 0.00, 1.00, 0.00, 0.00, 1.00, 1.00, 1.00, 1.00, 0.00, 0.00, 0.00, 0.00, 0.00
108,  0,  3.593,  0.98,  1, 1.28, 0.71, 0.39, 1.72, 0.02, 0.00, 0.54, 1.19, 1.17, 2.16, 0.00, 2.11, 0.81, 2.68, 0.00, 0.00, 0.00, 0.00, 0.00, 1.00, 0.00, 0.00, 0.00, 1.00, 0.00, 0.00, 1.00, 1.00, 1.00, 1.00, 0.00, 0.00, 0.00, 0.00, 0.00
109,  0,  3.627,  0.98,  1, 1.20, 0.92, 0.48, 1.58, 0.02, 0.00, 0.52, 1.20, 1.25, 2.21, 0.00, 2.06, 0.64, 2.71, 0.00, 0.00, 0.00, 0.00, 0.00, 1.00, 0.00, 0.00, 0.00, 1.00, 0.00, 0.00, 1.00, 1.00, 1.00, 1.00, 0.00, 0.00, 0.00, 0.00, 0.00
110,  0,  3.660,  0.98,  1, 0.98, 0.87, 0.50, 1.30, 0.03, 0.00, 0.55, 1.25, 1.38, 2.19, 0.00, 1.94, 0.57, 2.70, 0.00, 0.00, 0.00, 0.00, 0.00, 1.00, 0.00, 0.00, 0.00, 1.00, 0.00, 0.00, 1.00, 1.00, 1.00, 1.00, 0.00, 0.00, 0.00, 0.00, 0.00
111,  0,  3.694,  0.98,  1, 0.89, 0.65, 0.64, 0.92, 0.01, 0.00, 0.52, 1.28, 1.41, 2.28, 0.00, 1.99, 0.51, 2.81, 0.00, 0.00, 0.00, 0.00, 0.00, 1.00, 0.00, 0.00, 0.00, 1.00, 1.00, 0.00, 1.00, 1.00, 1.00, 1.00, 0.00, 0.00, 0.00, 0.00, 0.00
112,  0,  3.727,  0.98,  1, 0.86, 0.31, 0.70, 0.91, 0.01, 0.00, 0.59, 1.28, 1.45, 2.24, 0.00, 1.86, 0.59, 2.77, 0.00, 0.00, 0.00, 0.00, 0.00, 1.00, 0.00, 0.00, 0.00, 1.00, 1.00, 0.00, 1.00, 1.00, 1.00, 1.00, 0.00, 0.00, 0.00, 0.00, 0.00
113,  0,  3.761,  0.98,  1, 0.89, 0.25, 0.70, 1.02, 0.01, 0.00, 0.57, 1.35, 1.45, 2.27, 0.00, 1.91, 0.63, 2.65, 0.00, 0.00, 0.00, 0.00, 0.00, 1.00, 0.00, 0.00, 0.00, 1.00, 1.00, 1.00, 1.00, 1.00, 1.00, 1.00, 0.00, 0.00, 0.00, 0.00, 0.00
114,  0,  3.794,  0.98,  1, 1.03, 0.49, 0.75, 1.27, 0.01, 0.00, 0.64, 1.45, 1.44, 2.16, 0.00, 1.94, 0.71, 2.51, 0.00, 0.00, 0.00, 0.00, 0.00, 1.00, 0.00, 0.00, 0.00, 1.00, 1.00, 1.00, 1.00, 1.00, 1.00, 1.00, 0.00, 0.00, 0.00, 0.00, 0.00
115,  0,  3.828,  0.98,  1, 1.19, 0.78, 0.81, 1.28, 0.00, 0.00, 0.61, 1.60, 1.49, 2.29, 0.00, 2.14, 0.93, 2.49, 0.00, 0.00, 0.00, 0.00, 0.00, 1.00, 0.00, 0.00, 0.00, 1.00, 1.00, 1.00, 1.00, 1.00, 1.00, 1.00, 0.00, 0.00, 0.00, 0.00, 0.00
116,  0,  3.862,  0.98,  1, 1.36, 1.06, 1.05, 1.28, 0.00, 0.00, 0.76, 1.78, 1.61, 2.62, 0.11, 2.13, 1.05, 2.42, 0.00, 0.00, 0.00, 0.00, 0.00, 1.00, 0.00, 0.00, 0.00, 1.00, 1.00, 1.00, 1.00, 1.00, 1.00, 1.00, 0.00, 0.00, 0.00, 0.00, 0.00
117,  0,  3.895,  0.98,  1, 1.32, 1.32, 1.17, 1.32, 0.03, 0.00, 0.91, 2.00, 1.67, 3.15, 0.55, 2.02, 1.26, 2.30, 0.00, 0.00, 0.30, 0.00, 0.00, 1.00, 0.00, 0.00, 0.00, 1.00, 1.00, 1.00, 1.00, 1.00, 0.00, 1.00, 0.00, 0.00, 0.00, 0.00, 1.00
118,  0,  3.929,  0.98,  1, 1.09, 1.21, 1.17, 1.65, 0.18, 0.00, 0.98, 2.15, 1.68, 3.68, 0.90, 1.75, 1.27, 2.07, 0.00, 0.00, 0.80, 0.00, 0.00, 1.00, 0.00, 0.00, 0.00, 1.00, 1.00, 1.00, 1.00, 1.00, 0.00, 1.00, 0.00, 0.00, 0.00, 0.00, 1.00
119,  0,  3.962,  0.98,  1, 0.64, 0.88, 1.03, 1.85, 0.39, 0.00, 0.83, 2.21, 1.79, 4.01, 1.00, 1.68, 1.16, 1.94, 0.00, 0.00, 1.17, 0.00, 0.00, 1.00, 0.00, 0.00, 0.00, 1.00, 1.00, 1.00, 1.00, 1.00, 0.00, 1.00, 0.00, 0.00, 0.00, 0.00, 1.00
120,  0,  3.996,  0.98,  1, 0.24, 0.30, 0.89, 1.56, 0.72, 0.00, 0.50, 2.05, 1.95, 4.04, 0.73, 1.52, 0.97, 1.75, 0.00, 0.00, 0.87, 0.00, 0.00, 1.00, 0.00, 0.00, 0.00, 0.00, 1.00, 1.00, 1.00, 1.00, 0.00, 1.00, 0.00, 0.00, 0.00, 0.00, 1.00
121,  0,  4.030,  0.98,  1, 0.03, 0.12, 0.88, 0.96, 0.94, 0.00, 0.23, 1.89, 2.01, 3.81, 0.52, 1.48, 0.80, 1.58, 0.00, 0.09, 0.38, 0.00, 0.00, 1.00, 0.00, 0.00, 0.00, 0.00, 1.00, 1.00, 1.00, 1.00, 0.00, 1.00, 0.00, 0.00, 0.00, 0.00, 1.00
122,  0,  4.063,  0.98,  1, 0.00, 0.00, 0.85, 0.35, 1.10, 0.00, 0.07, 1.81, 2.04, 3.34, 0.43, 1.33, 0.67, 1.28, 0.00, 0.09, 0.01, 0.00, 0.00, 1.00, 0.00, 0.00, 0.00, 0.00, 1.00, 1.00, 1.00, 1.00, 0.00, 1.00, 0.00, 0.00, 0.00, 0.00, 0.00
123,  0,  4.097,  0.98,  1, 0.00, 0.00, 0.65, 0.12, 1.04, 0.00, 0.01, 1.81, 2.08, 2.82, 0.33, 1.47, 0.47, 0.83, 0.00, 0.09, 0.03, 0.00, 0.00, 1.00, 0.00, 0.00, 0.00, 0.00, 1.00, 1.00, 1.00, 1.00, 1.00, 1.00, 0.00, 0.00, 0.00, 0.00, 0.00
124,  0,  4.130,  0.98,  1, 0.10, 0.00, 0.43, 0.00, 0.94, 0.00, 0.00, 1.79, 2.12, 2.38, 0.29, 1.44, 0.32, 0.38, 0.00, 0.00, 0.01, 0.00, 0.00, 0.00, 0.00, 0.00, 0.00, 0.00, 1.00, 1.00, 1.00, 1.00, 1.00, 1.00, 0.00, 0.00, 0.00, 0.00, 0.00
125,  0,  4.164,  0.98,  1, 0.10, 0.00, 0.20, 0.00, 0.84, 0.00, 0.00, 1.64, 2.06, 2.01, 0.39, 1.26, 0.16, 0.08, 0.00, 0.00, 0.01, 0.00, 0.00, 0.00, 0.00, 0.00, 0.00, 0.00, 1.00, 1.00, 1.00, 1.00, 1.00, 0.00, 0.00, 0.00, 0.00, 0.00, 0.00
126,  0,  4.197,  0.98,  1, 0.10, 0.00, 0.12, 0.00, 0.77, 0.00, 0.00, 1.62, 2.03, 1.87, 0.48, 0.86, 0.07, 0.00, 0.00, 0.00, 0.00, 0.00, 0.00, 0.00, 0.00, 0.00, 0.00, 0.00, 1.00, 1.00, 1.00, 0.00, 1.00, 0.00, 0.00, 0.00, 0.00, 0.00, 0.00
127,  0,  4.231,  0.98,  1, 0.00, 0.00, 0.05, 0.00, 0.74, 0.00, 0.00, 1.69, 2.06, 1.84, 0.59, 0.63, 0.00, 0.00, 0.00, 0.00, 0.01, 0.00, 0.00, 0.00, 0.00, 0.00, 0.00, 0.00, 1.00, 1.00, 1.00, 0.00, 1.00, 0.00, 0.00, 0.00, 0.00, 0.00, 0.00
128,  0,  4.265,  0.98,  1, 0.07, 0.00, 0.00, 0.00, 0.71, 0.00, 0.00, 1.89, 2.08, 1.90, 0.60, 0.52, 0.00, 0.00, 0.00, 0.00, 0.01, 0.00, 0.00, 0.00, 0.00, 0.00, 0.00, 0.00, 1.00, 1.00, 1.00, 0.00, 1.00, 0.00, 0.00, 0.00, 0.00, 0.00, 0.00
129,  0,  4.298,  0.98,  1, 0.07, 0.00, 0.00, 0.00, 0.75, 0.00, 0.00, 1.97, 2.14, 1.93, 0.62, 0.53, 0.00, 0.00, 0.00, 0.00, 0.01, 0.00, 0.00, 0.00, 0.00, 0.00, 0.00, 0.00, 1.00, 1.00, 1.00, 0.00, 1.00, 0.00, 0.00, 0.00, 0.00, 0.00, 0.00
130,  0,  4.332,  0.98,  1, 0.14, 0.00, 0.00, 0.00, 0.77, 0.00, 0.00, 2.00, 2.13, 1.98, 0.53, 0.53, 0.00, 0.00, 0.00, 0.00, 0.11, 0.00, 0.00, 0.00, 0.00, 0.00, 0.00, 0.00, 1.00, 1.00, 1.00, 0.00, 1.00, 0.00, 0.00, 0.00, 0.00, 0.00, 0.00
131,  0,  4.365,  0.98,  1, 0.15, 0.00, 0.00, 0.00, 0.71, 0.00, 0.00, 1.92, 2.14, 2.01, 0.34, 0.57, 0.00, 0.00, 0.00, 0.00, 0.11, 0.00, 0.00, 0.00, 0.00, 0.00, 0.00, 0.00, 1.00, 1.00, 1.00, 0.00, 1.00, 0.00, 0.00, 0.00, 0.00, 0.00, 0.00
132,  0,  4.399,  0.98,  1, 0.19, 0.00, 0.01, 0.00, 0.68, 0.00, 0.00, 1.83, 2.11, 2.07, 0.32, 0.61, 0.00, 0.00, 0.00, 0.00, 0.11, 0.00, 0.00, 0.00, 0.00, 0.00, 0.00, 0.00, 1.00, 1.00, 1.00, 0.00, 1.00, 0.00, 0.00, 0.00, 0.00, 0.00, 0.00
133,  0,  4.432,  0.98,  1, 0.17, 0.00, 0.02, 0.00, 0.61, 0.00, 0.00, 1.73, 2.12, 2.06, 0.24, 0.64, 0.00, 0.00, 0.00, 0.00, 0.02, 0.00, 0.00, 0.00, 0.00, 0.00, 0.00, 0.00, 1.00, 1.00, 1.00, 0.00, 1.00, 0.00, 0.00, 0.00, 0.00, 0.00, 0.00
134,  0,  4.466,  0.98,  1, 0.09, 0.00, 0.05, 0.00, 0.64, 0.00, 0.00, 1.72, 2.13, 2.10, 0.29, 0.66, 0.00, 0.00, 0.00, 0.00, 0.02, 0.00, 0.00, 0.00, 0.00, 0.00, 0.00, 0.00, 1.00, 1.00, 1.00, 0.00, 1.00, 0.00, 0.00, 0.00, 0.00, 0.00, 0.00
135,  0,  4.500,  0.98,  1, 0.05, 0.00, 0.09, 0.00, 0.59, 0.00, 0.00, 1.74, 2.10, 2.08, 0.26, 0.61, 0.00, 0.00, 0.00, 0.00, 0.02, 0.00, 0.00, 0.00, 0.00, 0.00, 0.00, 0.00, 1.00, 1.00, 1.00, 0.00, 1.00, 0.00, 0.00, 0.00, 0.00, 0.00, 0.00
136,  0,  4.533,  0.98,  1, 0.10, 0.00, 0.11, 0.00, 0.62, 0.00, 0.00, 1.76, 2.11, 2.04, 0.33, 0.62, 0.00, 0.00, 0.00, 0.00, 0.00, 0.00, 0.00, 0.00, 0.00, 0.00, 0.00, 0.00, 1.00, 1.00, 1.00, 0.00, 1.00, 0.00, 0.00, 0.00, 0.00, 0.00, 0.00
137,  0,  4.567,  0.98,  1, 0.24, 0.00, 0.23, 0.00, 0.63, 0.00, 0.00, 1.82, 2.12, 2.06, 0.31, 0.67, 0.00, 0.00, 0.00, 0.00, 0.06, 0.00, 0.00, 0.00, 0.00, 0.00, 0.00, 0.00, 1.00, 1.00, 1.00, 0.00, 1.00, 0.00, 0.00, 0.00, 0.00, 0.00, 0.00
138,  0,  4.600,  0.98,  1, 0.31, 0.00, 0.39, 0.00, 0.65, 0.00, 0.00, 1.84, 2.14, 2.06, 0.24, 0.88, 0.00, 0.00, 0.00, 0.00, 0.13, 0.00, 0.00, 0.00, 0.00, 0.00, 0.00, 0.00, 1.00, 1.00, 1.00, 0.00, 1.00, 0.00, 0.00, 0.00, 0.00, 0.00, 0.00
139,  0,  4.634,  0.98,  1, 0.21, 0.00, 0.46, 0.00, 0.59, 0.00, 0.00, 1.79, 2.13, 1.96, 0.20, 0.88, 0.00, 0.00, 0.00, 0.00, 0.28, 0.00, 0.00, 1.00, 0.00, 0.00, 0.00, 0.00, 1.00, 1.00, 1.00, 0.00, 1.00, 0.00, 0.00, 0.00, 0.00, 0.00, 0.00
140,  0,  4.668,  0.98,  1, 0.07, 0.00, 0.49, 0.00, 0.60, 0.00, 0.00, 1.81, 2.16, 1.80, 0.18, 0.97, 0.00, 0.00, 0.00, 0.00, 0.39, 0.00, 0.00, 1.00, 0.00, 0.00, 0.00, 0.00, 1.00, 1.00, 1.00, 0.00, 1.00, 0.00, 0.00, 0.00, 0.00, 0.00, 0.00
141,  0,  4.701,  0.98,  1, 0.00, 0.00, 0.50, 0.00, 0.58, 0.00, 0.00, 1.79, 2.23, 1.71, 0.13, 0.86, 0.00, 0.00, 0.00, 0.00, 0.46, 0.00, 0.00, 1.00, 0.00, 0.00, 0.00, 0.00, 1.00, 1.00, 1.00, 0.00, 1.00, 0.00, 0.00, 0.00, 0.00, 0.00, 0.00
142,  0,  4.735,  0.98,  1, 0.00, 0.00, 0.66, 0.00, 0.62, 0.00, 0.00, 1.77, 2.25, 1.79, 0.19, 0.93, 0.00, 0.00, 0.00, 0.00, 0.53, 0.00, 0.00, 1.00, 0.00, 0.00, 0.00, 0.00, 1.00, 1.00, 1.00, 0.00, 1.00, 0.00, 0.00, 0.00, 0.00, 0.00, 0.00
143,  0,  4.768,  0.98,  1, 0.00, 0.00, 0.72, 0.00, 0.64, 0.00, 0.00, 1.73, 2.23, 1.85, 0.26, 0.95, 0.00, 0.00, 0.00, 0.00, 0.50, 0.00, 0.00, 1.00, 0.00, 0.00, 0.00, 0.00, 1.00, 1.00, 1.00, 0.00, 1.00, 0.00, 0.00, 0.00, 0.00, 0.00, 0.00
144,  0,  4.802,  0.98,  1, 0.01, 0.00, 0.73, 0.00, 0.70, 0.00, 0.00, 1.68, 2.23, 1.89, 0.29, 0.93, 0.00, 0.00, 0.00, 0.00, 0.47, 0.00, 0.00, 1.00, 0.00, 0.00, 0.00, 0.00, 1.00, 1.00, 1.00, 0.00, 1.00, 0.00, 0.00, 0.00, 0.00, 0.00, 0.00
145,  0,  4.835,  0.98,  1, 0.01, 0.00, 0.63, 0.00, 0.74, 0.00, 0.00, 1.76, 2.24, 1.87, 0.21, 0.94, 0.00, 0.00, 0.00, 0.00, 0.26, 0.00, 0.00, 1.00, 0.00, 0.00, 0.00, 0.00, 1.00, 1.00, 1.00, 0.00, 1.00, 0.00, 0.00, 0.00, 0.00, 0.00, 0.00
146,  0,  4.869,  0.98,  1, 0.02, 0.00, 0.60, 0.00, 0.76, 0.00, 0.00, 1.72, 2.27, 1.88, 0.21, 0.88, 0.00, 0.00, 0.00, 0.00, 0.11, 0.00, 0.00, 1.00, 0.00, 0.00, 0.00, 0.00, 1.00, 1.00, 1.00, 0.00, 1.00, 0.00, 0.00, 0.00, 0.00, 0.00, 0.00
147,  0,  4.903,  0.98,  1, 0.00, 0.00, 0.54, 0.00, 0.79, 0.00, 0.00, 1.79, 2.27, 1.94, 0.24, 0.90, 0.00, 0.00, 0.00, 0.00, 0.00, 0.00, 0.00, 1.00, 0.00, 0.00, 0.00, 0.00, 1.00, 1.00, 1.00, 0.00, 1.00, 0.00, 0.00, 0.00, 0.00, 0.00, 0.00
148,  0,  4.936,  0.98,  1, 0.00, 0.00, 0.47, 0.00, 0.77, 0.00, 0.00, 1.81, 2.30, 1.92, 0.27, 0.93, 0.00, 0.00, 0.00, 0.00, 0.00, 0.00, 0.00, 0.00, 0.00, 0.00, 0.00, 0.00, 1.00, 1.00, 1.00, 0.00, 1.00, 0.00, 0.00, 0.00, 0.00, 0.00, 0.00
149,  0,  4.970,  0.98,  1, 0.00, 0.00, 0.40, 0.00, 0.72, 0.00, 0.00, 1.80, 2.33, 1.89, 0.25, 0.95, 0.00, 0.00, 0.00, 0.00, 0.00, 0.00, 0.00, 0.00, 0.00, 0.00, 0.00, 0.00, 1.00, 1.00, 1.00, 0.00, 1.00, 0.00, 0.00, 0.00, 0.00, 0.00, 0.00
150,  0,  5.003,  0.98,  1, 0.01, 0.00, 0.36, 0.00, 0.69, 0.00, 0.00, 1.91, 2.32, 1.80, 0.31, 1.01, 0.00, 0.00, 0.00, 0.00, 0.00, 0.00, 0.00, 0.00, 0.00, 0.00, 0.00, 0.00, 1.00, 1.00, 1.00, 0.00, 1.00, 0.00, 0.00, 0.00, 0.00, 0.00, 0.00
151,  0,  5.037,  0.98,  1, 0.01, 0.00, 0.41, 0.00, 0.70, 0.00, 0.00, 1.97, 2.33, 1.98, 0.28, 0.96, 0.00, 0.00, 0.00, 0.00, 0.00, 0.00, 0.00, 0.00, 0.00, 0.00, 0.00, 0.00, 1.00, 1.00, 1.00, 0.00, 1.00, 0.00, 0.00, 0.00, 0.00, 0.00, 0.00
152,  0,  5.070,  0.98,  1, 0.03, 0.00, 0.48, 0.00, 0.78, 0.00, 0.00, 2.07, 2.37, 2.09, 0.26, 0.87, 0.00, 0.00, 0.00, 0.00, 0.04, 0.00, 0.00, 0.00, 0.00, 0.00, 0.00, 0.00, 1.00, 1.00, 1.00, 0.00, 1.00, 0.00, 0.00, 0.00, 0.00, 0.00, 0.00
153,  0,  5.104,  0.98,  1, 0.09, 0.00, 0.59, 0.00, 0.84, 0.00, 0.00, 2.00, 2.43, 2.30, 0.13, 0.83, 0.01, 0.00, 0.00, 0.00, 0.04, 0.00, 0.00, 0.00, 0.00, 0.00, 0.00, 0.00, 1.00, 1.00, 1.00, 0.00, 1.00, 0.00, 0.00, 0.00, 0.00, 0.00, 0.00
154,  0,  5.138,  0.98,  1, 0.09, 0.00, 0.65, 0.00, 0.89, 0.00, 0.00, 1.98, 2.43, 2.20, 0.06, 0.86, 0.01, 0.00, 0.00, 0.00, 0.04, 0.00, 0.00, 0.00, 0.00, 0.00, 0.00, 0.00, 1.00, 1.00, 1.00, 0.00, 1.00, 0.00, 0.00, 0.00, 0.00, 0.00, 0.00
155,  0,  5.171,  0.98,  1, 0.09, 0.00, 0.63, 0.00, 0.93, 0.00, 0.00, 2.00, 2.38, 2.20, 0.00, 1.02, 0.01, 0.00, 0.00, 0.00, 0.00, 0.00, 0.00, 1.00, 0.00, 1.00, 0.00, 0.00, 1.00, 1.00, 1.00, 0.00, 1.00, 0.00, 0.00, 0.00, 0.00, 0.00, 0.00
156,  0,  5.205,  0.98,  1, 0.02, 0.00, 0.62, 0.00, 0.96, 0.00, 0.00, 2.01, 2.36, 2.25, 0.04, 1.08, 0.00, 0.02, 0.00, 0.00, 0.00, 0.00, 0.00, 1.00, 0.00, 1.00, 0.00, 0.00, 1.00, 1.00, 1.00, 0.00, 1.00, 0.00, 0.00, 0.00, 0.00, 0.00, 0.00
157,  0,  5.238,  0.98,  1, 0.06, 0.00, 0.68, 0.00, 0.97, 0.00, 0.00, 2.06, 2.40, 2.25, 0.05, 1.13, 0.00, 0.02, 0.00, 0.00, 0.00, 0.00, 0.00, 1.00, 0.00, 1.00, 0.00, 0.00, 1.00, 1.00, 1.00, 0.00, 1.00, 0.00, 0.00, 0.00, 0.00, 0.00, 0.00
158,  0,  5.272,  0.98,  1, 0.04, 0.00, 0.70, 0.00, 0.95, 0.00, 0.00, 2.02, 2.43, 2.26, 0.10, 1.13, 0.00, 0.04, 0.00, 0.00, 0.02, 0.00, 0.00, 1.00, 0.00, 1.00, 0.00, 0.00, 1.00, 1.00, 1.00, 0.00, 1.00, 0.00, 0.00, 0.00, 0.00, 0.00, 0.00
159,  0,  5.306,  0.98,  1, 0.05, 0.00, 0.74, 0.00, 0.96, 0.01, 0.00, 2.03, 2.45, 2.17, 0.10, 1.06, 0.00, 0.02, 0.00, 0.00, 0.10, 0.00, 0.00, 1.00, 0.00, 1.00, 0.00, 0.00, 1.00, 1.00, 1.00, 0.00, 1.00, 0.00, 0.00, 0.00, 0.00, 0.00, 0.00
160,  0,  5.339,  0.98,  1, 0.01, 0.00, 0.68, 0.00, 0.98, 0.01, 0.00, 1.98, 2.49, 2.26, 0.10, 1.00, 0.00, 0.02, 0.00, 0.00, 0.10, 0.00, 0.00, 1.00, 0.00, 1.00, 0.00, 0.00, 1.00, 1.00, 1.00, 0.00, 1.00, 0.00, 0.00, 0.00, 0.00, 0.00, 0.00
161,  0,  5.373,  0.98,  1, 0.01, 0.00, 0.65, 0.00, 0.99, 0.01, 0.00, 2.02, 2.55, 2.35, 0.05, 0.88, 0.00, 0.00, 0.00, 0.00, 0.08, 0.00, 0.00, 1.00, 0.00, 1.00, 0.00, 0.00, 1.00, 1.00, 1.00, 0.00, 1.00, 0.00, 0.00, 0.00, 0.00, 0.00, 0.00
162,  0,  5.406,  0.98,  1, 0.00, 0.00, 0.64, 0.00, 0.99, 0.03, 0.00, 2.00, 2.65, 2.42, 0.03, 0.80, 0.00, 0.00, 0.00, 0.00, 0.03, 0.00, 0.00, 0.00, 0.00, 1.00, 0.00, 0.00, 1.00, 1.00, 1.00, 0.00, 1.00, 0.00, 0.00, 0.00, 0.00, 0.00, 0.00
163,  0,  5.440,  0.98,  1, 0.00, 0.00, 0.67, 0.00, 1.01, 0.10, 0.00, 1.99, 2.73, 2.45, 0.05, 0.67, 0.01, 0.00, 0.00, 0.00, 0.09, 0.00, 0.00, 0.00, 0.00, 1.00, 0.00, 0.00, 1.00, 1.00, 1.00, 0.00, 1.00, 0.00, 0.00, 0.00, 0.00, 0.00, 0.00
164,  0,  5.473,  0.98,  1, 0.00, 0.00, 0.70, 0.00, 1.06, 0.16, 0.00, 2.05, 2.81, 2.49, 0.12, 0.65, 0.01, 0.02, 0.00, 0.00, 0.09, 0.00, 0.00, 0.00, 0.00, 1.00, 0.00, 0.00, 1.00, 1.00, 1.00, 0.00, 1.00, 0.00, 0.00, 0.00, 0.00, 0.00, 0.00
165,  0,  5.507,  0.98,  1, 0.00, 0.00, 0.69, 0.00, 1.16, 0.19, 0.00, 2.12, 2.84, 2.49, 0.10, 0.65, 0.01, 0.02, 0.00, 0.00, 0.13, 0.00, 0.00, 0.00, 0.00, 1.00, 0.00, 0.00, 1.00, 1.00, 1.00, 0.00, 0.00, 0.00, 0.00, 0.00, 0.00, 0.00, 0.00
166,  0,  5.541,  0.98,  1, 0.00, 0.00, 0.72, 0.00, 1.26, 0.21, 0.00, 2.32, 2.92, 2.53, 0.08, 0.58, 0.00, 0.02, 0.00, 0.00, 0.07, 0.00, 0.00, 0.00, 0.00, 1.00, 0.00, 0.00, 1.00, 1.00, 1.00, 0.00, 0.00, 0.00, 0.00, 0.00, 0.00, 0.00, 0.00
167,  0,  5.574,  0.98,  1, 0.00, 0.00, 0.75, 0.00, 1.36, 0.22, 0.00, 2.43, 3.04, 2.41, 0.00, 0.37, 0.00, 0.00, 0.06, 0.03, 0.06, 0.00, 0.00, 0.00, 0.00, 1.00, 0.00, 0.00, 1.00, 1.00, 1.00, 0.00, 0.00, 0.00, 0.00, 0.00, 0.00, 0.00, 0.00
168,  0,  5.608,  0.98,  1, 0.00, 0.00, 0.77, 0.00, 1.47, 0.27, 0.00, 2.70, 3.19, 2.36, 0.00, 0.30, 0.00, 0.00, 0.16, 0.32, 0.00, 0.00, 0.00, 0.00, 0.00, 1.00, 0.00, 0.00, 1.00, 1.00, 1.00, 0.00, 0.00, 0.00, 0.00, 0.00, 0.00, 0.00, 0.00
169,  0,  5.641,  0.98,  1, 0.00, 0.00, 0.85, 0.00, 1.62, 0.18, 0.00, 2.86, 3.29, 2.35, 0.00, 0.24, 0.00, 0.00, 0.36, 0.69, 0.00, 0.00, 0.00, 0.00, 0.00, 1.00, 0.00, 0.00, 1.00, 1.00, 1.00, 0.00, 0.00, 0.00, 0.00, 0.00, 0.00, 0.00, 0.00
170,  0,  5.675,  0.98,  1, 0.00, 0.00, 0.92, 0.00, 1.76, 0.11, 0.00, 3.02, 3.28, 2.37, 0.00, 0.19, 0.00, 0.00, 0.67, 1.18, 0.00, 0.00, 0.00, 1.00, 0.00, 1.00, 0.00, 0.00, 1.00, 1.00, 1.00, 0.00, 0.00, 0.00, 0.00, 1.00, 1.00, 0.00, 0.00
171,  0,  5.708,  0.98,  1, 0.00, 0.00, 1.04, 0.00, 1.87, 0.00, 0.00, 3.02, 3.24, 2.40, 0.00, 0.04, 0.00, 0.00, 0.96, 1.34, 0.10, 0.00, 0.00, 1.00, 0.00, 1.00, 0.00, 0.00, 1.00, 1.00, 1.00, 0.00, 0.00, 0.00, 0.00, 1.00, 1.00, 0.00, 1.00
172,  0,  5.742,  0.98,  1, 0.00, 0.00, 1.11, 0.00, 1.91, 0.00, 0.00, 3.13, 3.18, 2.22, 0.00, 0.00, 0.00, 0.00, 1.17, 1.47, 0.10, 0.00, 0.00, 1.00, 0.00, 1.00, 0.00, 0.00, 1.00, 1.00, 1.00, 0.00, 0.00, 0.00, 0.00, 1.00, 1.00, 0.00, 1.00
173,  0,  5.776,  0.98,  1, 0.00, 0.00, 1.26, 0.00, 1.95, 0.00, 0.01, 3.29, 3.14, 2.21, 0.00, 0.00, 0.00, 0.00, 1.23, 1.42, 0.10, 0.00, 0.00, 1.00, 0.00, 1.00, 0.00, 0.00, 1.00, 1.00, 1.00, 0.00, 0.00, 0.00, 0.00, 1.00, 1.00, 0.00, 1.00
174,  0,  5.809,  0.98,  1, 0.00, 0.00, 1.34, 0.00, 2.02, 0.15, 0.06, 3.39, 3.12, 2.08, 0.00, 0.00, 0.00, 0.00, 1.19, 1.37, 0.06, 0.00, 0.00, 1.00, 0.00, 1.00, 0.00, 0.00, 1.00, 1.00, 1.00, 0.00, 0.00, 0.00, 0.00, 1.00, 1.00, 0.00, 1.00
175,  0,  5.843,  0.98,  1, 0.00, 0.00, 1.45, 0.00, 2.03, 0.17, 0.14, 3.39, 3.08, 2.16, 0.00, 0.00, 0.00, 0.00, 1.22, 1.36, 0.06, 0.00, 0.00, 1.00, 0.00, 1.00, 0.00, 0.00, 1.00, 1.00, 1.00, 0.00, 0.00, 0.00, 0.00, 1.00, 1.00, 0.00, 1.00
176,  0,  5.876,  0.98,  1, 0.00, 0.00, 1.43, 0.00, 2.06, 0.20, 0.18, 3.35, 3.09, 2.17, 0.00, 0.00, 0.00, 0.00, 1.21, 1.46, 0.06, 0.00, 0.00, 1.00, 0.00, 1.00, 0.00, 0.00, 1.00, 1.00, 1.00, 0.00, 0.00, 0.00, 0.00, 1.00, 1.00, 0.00, 1.00
177,  0,  5.910,  0.98,  1, 0.00, 0.00, 1.48, 0.00, 1.96, 0.05, 0.20, 3.37, 3.10, 2.29, 0.00, 0.00, 0.00, 0.00, 1.26, 1.56, 0.00, 0.00, 0.00, 1.00, 0.00, 1.00, 0.00, 0.00, 1.00, 1.00, 1.00, 0.00, 0.00, 0.00, 0.00, 1.00, 1.00, 0.00, 0.00
178,  0,  5.944,  0.98,  1, 0.01, 0.00, 1.40, 0.00, 1.90, 0.03, 0.26, 3.36, 3.09, 2.35, 0.00, 0.06, 0.00, 0.00, 1.13, 1.62, 0.00, 0.00, 0.00, 1.00, 0.00, 1.00, 0.00, 0.00, 1.00, 1.00, 1.00, 0.00, 0.00, 0.00, 0.00, 1.00, 1.00, 0.00, 0.00
179,  0,  5.977,  0.98,  1, 0.01, 0.00, 1.48, 0.00, 1.83, 0.06, 0.45, 3.29, 3.02, 2.35, 0.00, 0.10, 0.00, 0.00, 0.91, 1.56, 0.12, 0.00, 0.00, 1.00, 0.00, 1.00, 0.00, 0.00, 1.00, 1.00, 1.00, 0.00, 0.00, 0.00, 0.00, 1.00, 1.00, 0.00, 0.00
180,  0,  6.011,  0.98,  1, 0.01, 0.00, 1.46, 0.00, 1.80, 0.06, 0.59, 3.25, 2.90, 2.37, 0.00, 0.23, 0.00, 0.00, 0.75, 1.68, 0.15, 0.00, 0.00, 1.00, 0.00, 1.00, 0.00, 0.00, 1.00, 1.00, 1.00, 0.00, 0.00, 0.00, 0.00, 1.00, 1.00, 0.00, 0.00
181,  0,  6.044,  0.98,  1, 0.00, 0.00, 1.46, 0.00, 1.77, 0.06, 0.68, 3.21, 2.75, 2.51, 0.00, 0.48, 0.00, 0.13, 0.59, 1.75, 0.15, 0.00, 0.00, 1.00, 0.00, 1.00, 0.00, 0.00, 1.00, 1.00, 1.00, 1.00, 0.00, 0.00, 0.00, 1.00, 1.00, 0.00, 0.00
182,  0,  6.078,  0.98,  1, 0.00, 0.00, 1.39, 0.00, 1.75, 0.00, 0.72, 3.30, 2.67, 2.74, 0.00, 0.86, 0.00, 0.40, 0.59, 1.85, 0.03, 0.00, 0.00, 1.00, 0.00, 1.00, 0.00, 0.00, 1.00, 1.00, 1.00, 1.00, 0.00, 0.00, 0.00, 1.00, 0.00, 0.00, 0.00
183,  0,  6.111,  0.98,  1, 0.00, 0.00, 1.23, 0.00, 1.74, 0.00, 0.69, 3.27, 2.71, 2.81, 0.00, 1.09, 0.00, 0.64, 0.54, 1.77, 0.00, 0.00, 0.00, 1.00, 0.00, 1.00, 0.00, 1.00, 1.00, 1.00, 1.00, 1.00, 0.00, 0.00, 0.00, 1.00, 0.00, 0.00, 0.00
184,  0,  6.145,  0.98,  1, 0.00, 0.00, 1.17, 0.00, 1.75, 0.00, 0.50, 3.26, 2.68, 2.75, 0.00, 0.96, 0.07, 0.74, 0.86, 1.62, 0.02, 0.00, 0.00, 1.00, 0.00, 1.00, 0.00, 1.00, 1.00, 1.00, 1.00, 1.00, 0.00, 0.00, 0.00, 1.00, 0.00, 0.00, 0.00
185,  0,  6.179,  0.98,  1, 0.00, 0.00, 1.14, 0.00, 1.77, 0.00, 0.36, 3.18, 2.70, 2.76, 0.00, 0.76, 0.35, 0.67, 1.12, 1.45, 0.05, 0.00, 0.00, 1.00, 0.00, 1.00, 0.00, 1.00, 1.00, 1.00, 1.00, 0.00, 0.00, 1.00, 0.00, 1.00, 0.00, 0.00, 0.00
186,  0,  6.212,  0.98,  1, 0.00, 0.00, 1.18, 0.00, 1.92, 0.00, 0.32, 3.15, 2.63, 2.80, 0.00, 0.49, 0.49, 0.75, 1.34, 1.26, 0.05, 0.00, 0.00, 1.00, 0.00, 1.00, 0.00, 1.00, 1.00, 1.00, 1.00, 0.00, 0.00, 1.00, 0.00, 1.00, 0.00, 0.00, 0.00
187,  0,  6.246,  0.98,  1, 0.00, 0.00, 1.15, 0.04, 2.19, 0.14, 0.45, 3.17, 2.73, 2.89, 0.00, 0.30, 0.65, 0.88, 1.24, 1.22, 0.03, 0.00, 0.00, 1.00, 0.00, 1.00, 0.00, 0.00, 1.00, 1.00, 1.00, 0.00, 0.00, 1.00, 0.00, 1.00, 0.00, 0.00, 0.00
188,  0,  6.279,  0.98,  1, 0.00, 0.00, 1.01, 0.22, 2.44, 0.14, 0.47, 3.21, 2.83, 2.76, 0.00, 0.18, 0.40, 1.13, 1.28, 1.08, 0.00, 0.00, 0.00, 1.00, 0.00, 1.00, 0.00, 0.00, 1.00, 1.00, 1.00, 0.00, 0.00, 1.00, 1.00, 1.00, 0.00, 0.00, 0.00
189,  0,  6.313,  0.98,  1, 0.00, 0.00, 1.01, 0.36, 2.47, 0.14, 0.46, 3.21, 2.96, 2.72, 0.00, 0.28, 0.26, 1.34, 1.36, 1.20, 0.00, 0.00, 0.00, 1.00, 0.00, 1.00, 0.00, 0.00, 1.00, 1.00, 1.00, 0.00, 0.00, 0.00, 0.00, 1.00, 0.00, 0.00, 0.00
190,  0,  6.347,  0.98,  1, 0.00, 0.05, 1.05, 0.70, 2.42, 0.00, 0.46, 3.17, 3.02, 2.70, 0.04, 0.48, 0.03, 1.50, 1.44, 1.04, 0.00, 1.00, 1.00, 1.00, 0.00, 1.00, 0.00, 0.00, 1.00, 1.00, 1.00, 1.00, 0.00, 0.00, 0.00, 1.00, 0.00, 0.00, 0.00
191,  0,  6.380,  0.98,  1, 0.00, 0.08, 1.20, 0.67, 2.32, 0.00, 0.42, 2.97, 3.05, 2.83, 0.04, 0.66, 0.05, 1.61, 1.28, 1.11, 0.09, 1.00, 1.00, 1.00, 0.00, 1.00, 0.00, 0.00, 1.00, 1.00, 1.00, 1.00, 0.00, 0.00, 0.00, 1.00, 0.00, 0.00, 0.00
192,  0,  6.414,  0.98,  1, 0.00, 0.08, 1.24, 0.76, 2.32, 0.01, 0.50, 2.99, 3.05, 3.05, 0.15, 0.73, 0.12, 1.69, 1.18, 0.90, 0.09, 1.00, 1.00, 1.00, 0.00, 1.00, 0.00, 0.00, 1.00, 1.00, 1.00, 1.00, 0.00, 0.00, 0.00, 1.00, 0.00, 0.00, 0.00
193,  0,  6.447,  0.98,  1, 0.00, 0.08, 1.29, 0.68, 2.37, 0.02, 0.46, 2.94, 3.18, 2.96, 0.17, 0.80, 0.15, 1.82, 1.11, 0.94, 0.09, 1.00, 1.00, 1.00, 0.00, 1.00, 0.00, 0.00, 1.00, 1.00, 1.00, 1.00, 0.00, 0.00, 1.00, 1.00, 0.00, 0.00, 0.00
194,  0,  6.481,  0.98,  1, 0.00, 0.18, 1.30, 0.72, 2.50, 0.05, 0.46, 3.09, 3.34, 3.03, 0.25, 0.85, 0.21, 1.94, 1.23, 0.84, 0.00, 1.00, 1.00, 1.00, 0.00, 1.00, 0.00, 0.00, 1.00, 1.00, 1.00, 1.00, 0.00, 0.00, 1.00, 1.00, 0.00, 0.00, 0.00
195,  0,  6.514,  0.98,  1, 0.00, 0.29, 1.24, 0.73, 2.56, 0.05, 0.30, 3.07, 3.56, 3.19, 0.27, 0.95, 0.14, 2.02, 1.23, 0.89, 0.00, 1.00, 1.00, 1.00, 0.00, 1.00, 0.00, 0.00, 1.00, 1.00, 1.00, 1.00, 0.00, 0.00, 0.00, 1.00, 0.00, 0.00, 0.00
196,  0,  6.548,  0.98,  1, 0.00, 0.24, 1.21, 0.69, 2.56, 0.03, 0.19, 2.99, 3.70, 3.36, 0.49, 1.04, 0.10, 1.99, 1.37, 0.82, 0.00, 1.00, 1.00, 1.00, 0.00, 1.00, 0.00, 0.00, 1.00, 1.00, 1.00, 1.00, 0.00, 0.00, 0.00, 1.00, 0.00, 0.00, 0.00
197,  0,  6.582,  0.98,  1, 0.00, 0.21, 1.11, 0.80, 2.52, 0.00, 0.07, 2.96, 3.76, 3.49, 0.60, 1.11, 0.01, 2.08, 1.45, 0.87, 0.00, 1.00, 1.00, 1.00, 0.00, 1.00, 0.00, 0.00, 1.00, 1.00, 1.00, 1.00, 0.00, 0.00, 0.00, 1.00, 0.00, 0.00, 0.00
198,  0,  6.615,  0.98,  1, 0.03, 0.25, 1.26, 0.81, 2.54, 0.00, 0.00, 2.97, 3.82, 3.51, 0.75, 1.17, 0.01, 2.06, 1.50, 0.71, 0.00, 1.00, 1.00, 1.00, 0.00, 1.00, 0.00, 0.00, 1.00, 1.00, 1.00, 1.00, 0.00, 0.00, 0.00, 0.00, 0.00, 0.00, 0.00
199,  0,  6.649,  0.98,  1, 0.08, 0.48, 1.21, 0.83, 2.56, 0.00, 0.03, 3.17, 3.78, 3.56, 0.69, 1.20, 0.01, 2.06, 1.40, 0.76, 0.00, 1.00, 1.00, 1.00, 0.00, 1.00, 0.00, 0.00, 1.00, 1.00, 1.00, 1.00, 0.00, 0.00, 0.00, 0.00, 0.00, 0.00, 0.00
200,  0,  6.682,  0.98,  1, 0.08, 0.48, 1.21, 0.72, 2.54, 0.00, 0.09, 3.21, 3.74, 3.46, 0.67, 1.13, 0.00, 1.86, 1.23, 0.74, 0.00, 1.00, 1.00, 1.00, 0.00, 1.00, 0.00, 0.00, 1.00, 1.00, 1.00, 1.00, 0.00, 0.00, 0.00, 0.00, 0.00, 0.00, 0.00
201,  0,  6.716,  0.98,  1, 0.06, 0.43, 1.10, 0.82, 2.47, 0.00, 0.11, 3.25, 3.72, 3.35, 0.49, 0.92, 0.01, 1.75, 1.19, 0.86, 0.00, 1.00, 1.00, 1.00, 0.00, 1.00, 0.00, 0.00, 1.00, 1.00, 1.00, 1.00, 0.00, 0.00, 0.00, 0.00, 0.00, 0.00, 0.00
202,  0,  6.749,  0.98,  1, 0.00, 0.20, 1.22, 0.85, 2.43, 0.00, 0.13, 3.25, 3.79, 3.40, 0.40, 0.78, 0.01, 1.75, 1.16, 0.88, 0.00, 1.00, 1.00, 1.00, 0.00, 1.00, 0.00, 0.00, 1.00, 1.00, 1.00, 1.00, 0.00, 0.00, 0.00, 0.00, 0.00, 0.00, 0.00
203,  0,  6.783,  0.98,  1, 0.00, 0.10, 1.29, 0.97, 2.49, 0.00, 0.12, 3.32, 3.86, 3.42, 0.23, 0.64, 0.01, 1.79, 1.22, 0.93, 0.00, 1.00, 1.00, 1.00, 0.00, 1.00, 0.00, 0.00, 1.00, 1.00, 1.00, 1.00, 0.00, 0.00, 0.00, 0.00, 0.00, 0.00, 0.00
204,  0,  6.817,  0.98,  1, 0.00, 0.00, 1.24, 0.90, 2.58, 0.00, 0.17, 3.33, 3.84, 3.40, 0.22, 0.69, 0.02, 1.77, 1.25, 1.03, 0.00, 1.00, 1.00, 1.00, 0.00, 1.00, 0.00, 0.00, 1.00, 1.00, 1.00, 1.00, 0.00, 0.00, 0.00, 0.00, 0.00, 0.00, 0.00
205,  0,  6.850,  0.98,  1, 0.00, 0.00, 1.17, 0.91, 2.59, 0.00, 0.17, 3.27, 3.83, 3.30, 0.24, 0.78, 0.02, 1.69, 1.25, 1.06, 0.00, 1.00, 1.00, 1.00, 0.00, 1.00, 0.00, 0.00, 1.00, 1.00, 1.00, 1.00, 0.00, 0.00, 0.00, 1.00, 0.00, 0.00, 0.00
206,  0,  6.884,  0.98,  1, 0.00, 0.17, 1.12, 1.02, 2.61, 0.00, 0.11, 3.32, 3.83, 3.12, 0.35, 0.83, 0.06, 1.56, 1.35, 1.13, 0.00, 1.00, 1.00, 1.00, 0.00, 1.00, 0.00, 0.00, 1.00, 1.00, 1.00, 1.00, 0.00, 0.00, 0.00, 1.00, 0.00, 0.00, 0.00
207,  0,  6.917,  0.98,  1, 0.00, 0.26, 1.16, 1.00, 2.55, 0.00, 0.08, 3.34, 3.81, 3.01, 0.35, 0.81, 0.05, 1.56, 1.51, 1.13, 0.00, 1.00, 1.00, 1.00, 0.00, 1.00, 0.00, 0.00, 1.00, 1.00, 1.00, 1.00, 0.00, 0.00, 0.00, 1.00, 0.00, 0.00, 0.00
208,  0,  6.951,  0.98,  1, 0.05, 0.32, 1.29, 0.93, 2.55, 0.00, 0.09, 3.36, 3.75, 2.95, 0.30, 0.54, 0.05, 1.55, 1.68, 1.17, 0.00, 1.00, 1.00, 1.00, 0.00, 1.00, 0.00, 0.00, 1.00, 1.00, 1.00, 1.00, 0.00, 0.00, 0.00, 1.00, 0.00, 0.00, 0.00
209,  0,  6.985,  0.98,  1, 0.05, 0.24, 1.24, 0.85, 2.45, 0.00, 0.09, 3.20, 3.64, 3.01, 0.30, 0.44, 0.03, 1.63, 1.63, 1.12, 0.00, 1.00, 1.00, 1.00, 0.00, 1.00, 0.00, 0.00, 1.00, 1.00, 1.00, 1.00, 0.00, 0.00, 0.00, 1.00, 0.00, 0.00, 0.00
210,  0,  7.018,  0.98,  1, 0.05, 0.15, 1.13, 0.88, 2.50, 0.00, 0.12, 3.07, 3.57, 3.10, 0.32, 0.40, 0.06, 1.68, 1.50, 1.10, 0.00, 1.00, 1.00, 1.00, 0.00, 1.00, 0.00, 0.00, 1.00, 1.00, 1.00, 1.00, 0.00, 0.00, 0.00, 1.00, 0.00, 0.00, 0.00
211,  0,  7.052,  0.98,  1, 0.00, 0.16, 0.87, 0.83, 2.53, 0.00, 0.08, 3.07, 3.54, 3.22, 0.37, 0.66, 0.06, 1.68, 1.43, 1.08, 0.00, 1.00, 1.00, 1.00, 0.00, 1.00, 0.00, 0.00, 1.00, 1.00, 1.00, 1.00, 0.00, 0.00, 0.00, 1.00, 0.00, 0.00, 0.00
212,  0,  7.085,  0.98,  1, 0.00, 0.07, 0.83, 0.69, 2.60, 0.00, 0.10, 3.09, 3.52, 3.27, 0.40, 0.67, 0.02, 1.62, 1.44, 1.10, 0.00, 1.00, 1.00, 1.00, 0.00, 1.00, 0.00, 0.00, 1.00, 1.00, 1.00, 1.00, 0.00, 0.00, 0.00, 1.00, 0.00, 0.00, 0.00
213,  0,  7.119,  0.98,  1, 0.00, 0.09, 0.91, 0.53, 2.52, 0.00, 0.06, 3.12, 3.50, 3.23, 0.40, 0.78, 0.00, 1.54, 1.55, 1.20, 0.00, 1.00, 1.00, 1.00, 0.00, 1.00, 0.00, 0.00, 1.00, 1.00, 1.00, 1.00, 0.00, 0.00, 0.00, 1.00, 0.00, 0.00, 0.00
214,  0,  7.152,  0.98,  1, 0.00, 0.12, 0.90, 0.47, 2.47, 0.00, 0.09, 3.02, 3.47, 3.06, 0.42, 0.71, 0.00, 1.50, 1.54, 1.33, 0.00, 1.00, 1.00, 1.00, 0.00, 1.00, 0.00, 0.00, 1.00, 1.00, 1.00, 0.00, 0.00, 0.00, 0.00, 1.00, 0.00, 0.00, 0.00
215,  0,  7.186,  0.98,  1, 0.00, 0.12, 1.11, 0.43, 2.45, 0.03, 0.15, 3.01, 3.54, 3.03, 0.33, 0.86, 0.00, 1.50, 1.40, 1.43, 0.00, 1.00, 1.00, 1.00, 0.00, 1.00, 0.00, 0.00, 1.00, 1.00, 1.00, 0.00, 0.00, 0.00, 0.00, 1.00, 0.00, 0.00, 0.00
216,  0,  7.220,  0.98,  1, 0.00, 0.10, 1.09, 0.37, 2.57, 0.03, 0.22, 3.06, 3.59, 2.94, 0.21, 0.90, 0.01, 1.43, 1.23, 1.30, 0.00, 1.00, 1.00, 1.00, 0.00, 1.00, 1.00, 0.00, 1.00, 1.00, 1.00, 0.00, 0.00, 0.00, 0.00, 1.00, 0.00, 0.00, 0.00
217,  0,  7.253,  0.98,  1, 0.00, 0.00, 1.21, 0.20, 2.66, 0.03, 0.27, 3.18, 3.67, 2.92, 0.08, 0.94, 0.01, 1.44, 1.07, 1.10, 0.00, 1.00, 1.00, 1.00, 0.00, 1.00, 1.00, 0.00, 1.00, 1.00, 1.00, 0.00, 0.00, 0.00, 0.00, 0.00, 0.00, 0.00, 0.00
218,  0,  7.287,  0.98,  1, 0.00, 0.00, 1.06, 0.05, 2.65, 0.00, 0.24, 3.24, 3.70, 2.93, 0.03, 0.83, 0.01, 1.35, 1.19, 0.95, 0.00, 1.00, 1.00, 1.00, 0.00, 1.00, 1.00, 0.00, 1.00, 1.00, 1.00, 0.00, 0.00, 0.00, 0.00, 0.00, 0.00, 0.00, 0.00
219,  0,  7.320,  0.98,  1, 0.00, 0.00, 1.01, 0.02, 2.59, 0.01, 0.15, 3.27, 3.74, 3.11, 0.04, 0.77, 0.00, 1.27, 1.24, 0.90, 0.00, 1.00, 1.00, 1.00, 0.00, 1.00, 1.00, 0.00, 1.00, 1.00, 1.00, 0.00, 0.00, 0.00, 0.00, 0.00, 0.00, 0.00, 0.00
220,  0,  7.354,  0.98,  1, 0.00, 0.00, 1.02, 0.02, 2.55, 0.01, 0.04, 3.22, 3.76, 3.29, 0.02, 0.85, 0.00, 1.16, 1.26, 0.89, 0.00, 1.00, 1.00, 1.00, 0.00, 1.00, 1.00, 0.00, 1.00, 1.00, 1.00, 0.00, 0.00, 0.00, 0.00, 0.00, 0.00, 0.00, 0.00
221,  0,  7.387,  0.98,  1, 0.00, 0.00, 1.08, 0.02, 2.52, 0.01, 0.01, 3.25, 3.76, 3.34, 0.02, 1.02, 0.00, 1.10, 1.21, 0.82, 0.00, 1.00, 1.00, 1.00, 0.00, 1.00, 1.00, 0.00, 1.00, 1.00, 1.00, 0.00, 0.00, 0.00, 0.00, 0.00, 0.00, 0.00, 0.00
222,  0,  7.421,  0.98,  1, 0.00, 0.00, 1.17, 0.00, 2.51, 0.00, 0.03, 3.28, 3.72, 3.05, 0.00, 0.96, 0.00, 0.93, 1.28, 0.74, 0.00, 1.00, 1.00, 1.00, 0.00, 1.00, 1.00, 0.00, 1.00, 1.00, 1.00, 0.00, 0.00, 0.00, 0.00, 0.00, 0.00, 0.00, 0.00
223,  0,  7.455,  0.98,  1, 0.00, 0.00, 1.18, 0.00, 2.54, 0.00, 0.03, 3.31, 3.65, 2.88, 0.03, 0.83, 0.00, 0.74, 1.35, 0.64, 0.00, 1.00, 1.00, 1.00, 0.00, 1.00, 1.00, 0.00, 1.00, 1.00, 1.00, 0.00, 0.00, 0.00, 0.00, 0.00, 0.00, 0.00, 0.00
224,  0,  7.488,  0.98,  1, 0.00, 0.00, 1.22, 0.00, 2.54, 0.00, 0.02, 3.31, 3.58, 2.81, 0.03, 0.73, 0.00, 0.66, 1.36, 0.78, 0.00, 1.00, 1.00, 1.00, 0.00, 1.00, 1.00, 0.00, 1.00, 1.00, 1.00, 0.00, 0.00, 0.00, 0.00, 0.00, 0.00, 0.00, 0.00
225,  0,  7.522,  0.98,  1, 0.00, 0.00, 1.24, 0.00, 2.48, 0.00, 0.00, 3.24, 3.57, 2.97, 0.04, 0.78, 0.00, 0.62, 1.27, 0.87, 0.00, 1.00, 1.00, 1.00, 0.00, 1.00, 1.00, 0.00, 1.00, 1.00, 1.00, 0.00, 0.00, 0.00, 0.00, 0.00, 0.00, 0.00, 0.00
226,  0,  7.555,  0.98,  1, 0.00, 0.00, 1.24, 0.00, 2.40, 0.01, 0.00, 3.26, 3.65, 3.20, 0.01, 0.75, 0.00, 0.42, 1.24, 0.75, 0.00, 1.00, 1.00, 1.00, 0.00, 1.00, 1.00, 0.00, 1.00, 1.00, 1.00, 0.00, 0.00, 0.00, 0.00, 0.00, 0.00, 0.00, 0.00
227,  0,  7.589,  0.98,  1, 0.00, 0.00, 1.21, 0.04, 2.38, 0.01, 0.00, 3.25, 3.76, 3.28, 0.04, 0.66, 0.00, 0.15, 1.25, 0.39, 0.01, 1.00, 1.00, 1.00, 0.00, 1.00, 1.00, 0.00, 1.00, 1.00, 1.00, 0.00, 0.00, 0.00, 0.00, 0.00, 0.00, 0.00, 0.00
228,  0,  7.623,  0.98,  1, 0.08, 0.00, 1.21, 0.04, 2.36, 0.01, 0.00, 3.28, 3.80, 3.45, 0.06, 0.59, 0.00, 0.00, 1.32, 0.25, 0.09, 1.00, 1.00, 1.00, 0.00, 1.00, 1.00, 0.00, 1.00, 1.00, 1.00, 0.00, 0.00, 0.00, 0.00, 0.00, 0.00, 0.00, 0.00
229,  0,  7.656,  0.98,  1, 0.08, 0.00, 1.30, 0.04, 2.28, 0.18, 0.00, 3.27, 3.81, 3.41, 0.11, 0.51, 0.00, 0.00, 1.43, 0.27, 0.09, 1.00, 1.00, 1.00, 0.00, 1.00, 1.00, 0.00, 1.00, 1.00, 1.00, 0.00, 0.00, 0.00, 0.00, 0.00, 0.00, 0.00, 0.00
230,  0,  7.690,  0.98,  1, 0.08, 0.00, 1.37, 0.00, 2.22, 0.20, 0.00, 3.31, 3.77, 3.39, 0.08, 0.43, 0.00, 0.00, 1.33, 0.25, 0.08, 1.00, 0.00, 1.00, 0.00, 1.00, 1.00, 0.00, 1.00, 1.00, 1.00, 0.00, 0.00, 0.00, 0.00, 0.00, 0.00, 0.00, 0.00
231,  0,  7.723,  0.98,  1, 0.00, 0.00, 1.43, 0.00, 2.17, 0.22, 0.00, 3.37, 3.76, 3.27, 0.05, 0.33, 0.00, 0.00, 1.25, 0.11, 0.00, 0.00, 0.00, 1.00, 0.00, 1.00, 1.00, 0.00, 1.00, 1.00, 1.00, 0.00, 0.00, 0.00, 0.00, 0.00, 0.00, 0.00, 0.00
232,  0,  7.757,  0.98,  1, 0.00, 0.00, 1.38, 0.00, 2.14, 0.03, 0.00, 3.37, 3.71, 3.15, 0.03, 0.38, 0.00, 0.00, 1.06, 0.17, 0.00, 0.00, 0.00, 1.00, 0.00, 1.00, 1.00, 0.00, 1.00, 1.00, 1.00, 0.00, 0.00, 0.00, 0.00, 0.00, 0.00, 0.00, 0.00
233,  0,  7.790,  0.98,  1, 0.00, 0.00, 1.31, 0.00, 2.09, 0.02, 0.00, 3.31, 3.67, 3.11, 0.03, 0.48, 0.00, 0.00, 1.08, 0.18, 0.00, 0.00, 0.00, 1.00, 0.00, 1.00, 0.00, 0.00, 1.00, 1.00, 1.00, 0.00, 0.00, 0.00, 0.00, 0.00, 0.00, 0.00, 0.00
234,  0,  7.824,  0.98,  1, 0.00, 0.00, 1.32, 0.00, 2.01, 0.00, 0.00, 3.19, 3.64, 2.97, 0.06, 0.57, 0.00, 0.00, 0.93, 0.27, 0.00, 0.00, 0.00, 1.00, 0.00, 1.00, 0.00, 0.00, 1.00, 1.00, 1.00, 0.00, 0.00, 0.00, 0.00, 0.00, 0.00, 0.00, 0.00
235,  0,  7.858,  0.98,  1, 0.00, 0.00, 1.25, 0.00, 2.00, 0.00, 0.00, 3.14, 3.61, 2.87, 0.03, 0.56, 0.00, 0.00, 0.91, 0.26, 0.00, 0.00, 0.00, 1.00, 0.00, 1.00, 0.00, 0.00, 1.00, 1.00, 1.00, 0.00, 0.00, 0.00, 0.00, 0.00, 0.00, 0.00, 0.00
236,  0,  7.891,  0.98,  1, 0.02, 0.00, 1.26, 0.00, 2.02, 0.00, 0.00, 3.17, 3.63, 2.92, 0.14, 0.58, 0.00, 0.00, 0.80, 0.23, 0.00, 0.00, 0.00, 1.00, 0.00, 1.00, 0.00, 0.00, 1.00, 1.00, 1.00, 0.00, 0.00, 0.00, 0.00, 0.00, 0.00, 0.00, 0.00
237,  0,  7.925,  0.98,  1, 0.10, 0.00, 1.27, 0.00, 2.06, 0.00, 0.00, 3.17, 3.64, 2.98, 0.12, 0.56, 0.00, 0.00, 0.80, 0.23, 0.00, 0.00, 0.00, 1.00, 0.00, 1.00, 0.00, 0.00, 1.00, 1.00, 1.00, 0.00, 0.00, 0.00, 0.00, 0.00, 0.00, 0.00, 0.00
238,  0,  7.958,  0.98,  1, 0.13, 0.00, 1.35, 0.00, 2.10, 0.00, 0.00, 3.09, 3.65, 3.01, 0.12, 0.56, 0.00, 0.00, 0.89, 0.19, 0.00, 1.00, 0.00, 1.00, 0.00, 1.00, 0.00, 0.00, 1.00, 1.00, 1.00, 0.00, 0.00, 0.00, 0.00, 0.00, 0.00, 0.00, 0.00
239,  0,  7.992,  0.98,  1, 0.19, 0.00, 1.40, 0.00, 2.11, 0.00, 0.00, 3.06, 3.63, 2.99, 0.01, 0.56, 0.00, 0.00, 0.82, 0.16, 0.00, 1.00, 0.00, 1.00, 0.00, 1.00, 0.00, 0.00, 1.00, 1.00, 1.00, 0.00, 0.00, 0.00, 0.00, 0.00, 0.00, 0.00, 0.00
240,  0,  8.025,  0.98,  1, 0.16, 0.00, 1.37, 0.00, 2.11, 0.00, 0.00, 2.99, 3.63, 2.87, 0.09, 0.59, 0.00, 0.00, 1.03, 0.21, 0.00, 1.00, 0.00, 1.00, 0.00, 1.00, 0.00, 0.00, 1.00, 1.00, 1.00, 0.00, 0.00, 0.00, 0.00, 0.00, 0.00, 0.00, 0.00
241,  0,  8.059,  0.98,  1, 0.19, 0.00, 1.32, 0.00, 2.02, 0.00, 0.00, 3.02, 3.64, 2.83, 0.13, 0.56, 0.00, 0.00, 1.03, 0.26, 0.00, 1.00, 0.00, 1.00, 0.00, 1.00, 0.00, 0.00, 1.00, 1.00, 1.00, 0.00, 0.00, 0.00, 0.00, 0.00, 0.00, 0.00, 0.00
242,  0,  8.093,  0.98,  1, 0.24, 0.00, 1.37, 0.00, 1.99, 0.00, 0.00, 2.98, 3.62, 2.74, 0.14, 0.52, 0.00, 0.00, 1.09, 0.30, 0.00, 1.00, 1.00, 1.00, 0.00, 1.00, 0.00, 0.00, 1.00, 1.00, 1.00, 0.00, 0.00, 0.00, 0.00, 0.00, 0.00, 0.00, 0.00
243,  0,  8.126,  0.98,  1, 0.26, 0.00, 1.39, 0.00, 1.98, 0.00, 0.00, 3.02, 3.62, 2.88, 0.05, 0.46, 0.00, 0.00, 1.06, 0.17, 0.00, 1.00, 1.00, 1.00, 0.00, 1.00, 0.00, 0.00, 1.00, 1.00, 1.00, 0.00, 0.00, 0.00, 0.00, 0.00, 0.00, 0.00, 0.00
244,  0,  8.160,  0.98,  1, 0.28, 0.00, 1.36, 0.00, 2.00, 0.00, 0.00, 2.95, 3.55, 2.86, 0.01, 0.49, 0.00, 0.00, 1.03, 0.06, 0.00, 1.00, 1.00, 1.00, 0.00, 1.00, 0.00, 0.00, 1.00, 1.00, 1.00, 0.00, 0.00, 0.00, 0.00, 0.00, 0.00, 0.00, 0.00
245,  0,  8.193,  0.98,  1, 0.22, 0.00, 1.27, 0.00, 2.04, 0.00, 0.00, 2.97, 3.54, 2.86, 0.03, 0.43, 0.00, 0.00, 0.98, 0.02, 0.00, 1.00, 1.00, 1.00, 0.00, 1.00, 0.00, 0.00, 1.00, 1.00, 1.00, 0.00, 0.00, 0.00, 0.00, 0.00, 0.00, 0.00, 0.00
246,  0,  8.227,  0.98,  1, 0.22, 0.00, 1.28, 0.00, 2.01, 0.00, 0.00, 2.92, 3.48, 2.77, 0.03, 0.43, 0.00, 0.00, 0.82, 0.02, 0.00, 1.00, 1.00, 1.00, 0.00, 1.00, 0.00, 0.00, 1.00, 1.00, 1.00, 0.00, 0.00, 0.00, 0.00, 0.00, 0.00, 0.00, 0.00
247,  0,  8.261,  0.98,  1, 0.29, 0.01, 1.25, 0.12, 1.95, 0.00, 0.00, 2.92, 3.50, 2.81, 0.14, 0.43, 0.00, 0.00, 0.80, 0.00, 0.27, 1.00, 1.00, 1.00, 0.00, 1.00, 0.00, 0.00, 1.00, 1.00, 1.00, 0.00, 0.00, 0.00, 0.00, 0.00, 0.00, 0.00, 0.00
248,  0,  8.294,  0.98,  1, 0.38, 0.03, 1.22, 0.25, 1.79, 0.00, 0.00, 2.78, 3.50, 2.86, 0.11, 0.54, 0.00, 0.00, 0.78, 0.00, 0.67, 1.00, 1.00, 1.00, 0.00, 1.00, 0.00, 0.00, 1.00, 1.00, 1.00, 0.00, 0.00, 0.00, 0.00, 0.00, 0.00, 0.00, 0.00
249,  0,  8.328,  0.98,  1, 0.38, 0.03, 1.10, 0.25, 1.72, 0.00, 0.00, 2.75, 3.47, 2.92, 0.11, 0.71, 0.00, 0.00, 0.69, 0.09, 0.87, 1.00, 1.00, 1.00, 0.00, 1.00, 0.00, 0.00, 1.00, 1.00, 1.00, 0.00, 0.00, 0.00, 0.00, 0.00, 0.00, 0.00, 0.00
250,  0,  8.361,  0.98,  1, 0.25, 0.02, 1.15, 0.12, 1.71, 0.00, 0.00, 2.79, 3.42, 2.86, 0.00, 0.77, 0.00, 0.00, 0.50, 0.09, 0.61, 1.00, 1.00, 1.00, 0.00, 1.00, 0.00, 0.00, 1.00, 1.00, 1.00, 0.00, 0.00, 0.00, 0.00, 0.00, 0.00, 0.00, 0.00
251,  0,  8.395,  0.98,  1, 0.11, 0.00, 1.21, 0.00, 1.73, 0.00, 0.00, 2.87, 3.39, 2.75, 0.00, 0.77, 0.00, 0.00, 0.61, 0.14, 0.22, 1.00, 1.00, 1.00, 0.00, 1.00, 0.00, 0.00, 1.00, 1.00, 1.00, 0.00, 0.00, 0.00, 0.00, 0.00, 0.00, 0.00, 0.00
252,  0,  8.428,  0.98,  1, 0.10, 0.00, 1.23, 0.00, 1.69, 0.00, 0.00, 2.85, 3.32, 2.64, 0.00, 0.69, 0.00, 0.00, 0.61, 0.05, 0.02, 1.00, 1.00, 1.00, 0.00, 1.00, 0.00, 0.00, 1.00, 1.00, 1.00, 0.00, 0.00, 0.00, 0.00, 0.00, 0.00, 0.00, 0.00
253,  0,  8.462,  0.98,  1, 0.26, 0.00, 1.29, 0.00, 1.70, 0.00, 0.00, 2.86, 3.32, 2.65, 0.08, 0.74, 0.00, 0.00, 0.71, 0.05, 0.00, 1.00, 1.00, 1.00, 0.00, 1.00, 0.00, 0.00, 1.00, 1.00, 1.00, 0.00, 0.00, 0.00, 0.00, 0.00, 0.00, 0.00, 0.00
254,  0,  8.496,  0.98,  1, 0.31, 0.00, 1.14, 0.00, 1.67, 0.00, 0.00, 2.77, 3.32, 2.67, 0.08, 0.87, 0.00, 0.00, 0.61, 0.00, 0.00, 1.00, 1.00, 1.00, 0.00, 1.00, 0.00, 0.00, 1.00, 1.00, 1.00, 0.00, 0.00, 0.00, 0.00, 0.00, 0.00, 0.00, 0.00
255,  0,  8.529,  0.98,  1, 0.30, 0.00, 1.14, 0.00, 1.71, 0.00, 0.00, 2.82, 3.39, 2.73, 0.08, 0.98, 0.00, 0.00, 0.56, 0.00, 0.00, 1.00, 1.00, 1.00, 0.00, 1.00, 0.00, 0.00, 1.00, 1.00, 1.00, 0.00, 0.00, 0.00, 0.00, 0.00, 0.00, 0.00, 0.00
256,  0,  8.563,  0.98,  1, 0.31, 0.00, 1.06, 0.00, 1.70, 0.00, 0.00, 2.72, 3.34, 2.71, 0.00, 1.09, 0.00, 0.00, 0.49, 0.00, 0.00, 1.00, 1.00, 1.00, 0.00, 1.00, 0.00, 0.00, 1.00, 1.00, 1.00, 0.00, 0.00, 0.00, 0.00, 0.00, 0.00, 0.00, 0.00
257,  0,  8.596,  0.98,  1, 0.33, 0.00, 1.19, 0.00, 1.75, 0.00, 0.00, 2.74, 3.29, 2.75, 0.00, 1.07, 0.00, 0.00, 0.56, 0.01, 0.00, 1.00, 1.00, 1.00, 0.00, 1.00, 0.00, 0.00, 1.00, 1.00, 1.00, 0.00, 0.00, 0.00, 0.00, 0.00, 0.00, 0.00, 0.00
258,  0,  8.630,  0.98,  1, 0.40, 0.00, 1.19, 0.00, 1.71, 0.00, 0.00, 2.65, 3.20, 2.71, 0.03, 1.04, 0.00, 0.00, 0.67, 0.01, 0.00, 1.00, 1.00, 1.00, 0.00, 1.00, 0.00, 0.00, 1.00, 1.00, 1.00, 0.00, 0.00, 0.00, 0.00, 0.00, 0.00, 0.00, 0.00
259,  0,  8.663,  0.98,  1, 0.41, 0.00, 1.22, 0.00, 1.67, 0.00, 0.00, 2.69, 3.20, 2.68, 0.03, 0.93, 0.00, 0.00, 0.75, 0.01, 0.00, 1.00, 1.00, 1.00, 0.00, 1.00, 0.00, 0.00, 1.00, 1.00, 1.00, 0.00, 0.00, 0.00, 0.00, 0.00, 0.00, 0.00, 0.00
260,  0,  8.697,  0.98,  1, 0.46, 0.00, 1.15, 0.00, 1.63, 0.00, 0.00, 2.73, 3.14, 2.55, 0.03, 0.92, 0.00, 0.00, 0.61, 0.08, 0.00, 1.00, 1.00, 1.00, 0.00, 1.00, 0.00, 0.00, 1.00, 1.00, 1.00, 0.00, 0.00, 0.00, 0.00, 0.00, 0.00, 0.00, 0.00
261,  0,  8.731,  0.98,  1, 0.48, 0.00, 1.12, 0.00, 1.59, 0.00, 0.00, 2.80, 3.10, 2.56, 0.00, 0.92, 0.00, 0.02, 0.61, 0.11, 0.00, 1.00, 1.00, 1.00, 0.00, 1.00, 0.00, 0.00, 1.00, 1.00, 1.00, 0.00, 0.00, 0.00, 0.00, 0.00, 0.00, 0.00, 0.00
262,  0,  8.764,  0.98,  1, 0.34, 0.00, 1.09, 0.00, 1.51, 0.00, 0.00, 2.78, 3.09, 2.67, 0.06, 1.08, 0.00, 0.02, 0.51, 0.28, 0.00, 1.00, 1.00, 1.00, 0.00, 1.00, 0.00, 0.00, 1.00, 1.00, 1.00, 0.00, 0.00, 0.00, 0.00, 0.00, 0.00, 0.00, 0.00
263,  0,  8.798,  0.98,  1, 0.22, 0.00, 1.07, 0.08, 1.47, 0.00, 0.00, 2.77, 3.10, 2.67, 0.12, 1.06, 0.00, 0.02, 0.61, 0.20, 0.00, 1.00, 1.00, 1.00, 0.00, 1.00, 0.00, 0.00, 1.00, 1.00, 1.00, 0.00, 0.00, 0.00, 0.00, 0.00, 0.00, 0.00, 0.00
264,  0,  8.831,  0.98,  1, 0.12, 0.00, 1.10, 0.08, 1.41, 0.00, 0.00, 2.76, 3.10, 2.72, 0.12, 1.03, 0.00, 0.00, 0.57, 0.17, 0.00, 0.00, 1.00, 1.00, 0.00, 1.00, 0.00, 0.00, 1.00, 1.00, 1.00, 0.00, 0.00, 0.00, 0.00, 0.00, 0.00, 0.00, 0.00
265,  0,  8.865,  0.98,  1, 0.07, 0.00, 1.16, 0.08, 1.42, 0.00, 0.00, 2.76, 3.11, 2.66, 0.06, 0.88, 0.00, 0.02, 0.53, 0.00, 0.00, 0.00, 1.00, 1.00, 0.00, 1.00, 0.00, 0.00, 1.00, 1.00, 1.00, 0.00, 0.00, 0.00, 0.00, 0.00, 0.00, 0.00, 0.00
266,  0,  8.899,  0.98,  1, 0.05, 0.00, 1.13, 0.00, 1.42, 0.00, 0.00, 2.79, 3.14, 2.73, 0.05, 0.91, 0.00, 0.02, 0.37, 0.05, 0.00, 0.00, 1.00, 1.00, 0.00, 1.00, 0.00, 0.00, 1.00, 1.00, 1.00, 0.00, 0.00, 0.00, 0.00, 0.00, 0.00, 0.00, 0.00
267,  0,  8.932,  0.98,  1, 0.00, 0.00, 1.12, 0.00, 1.48, 0.00, 0.00, 2.73, 3.17, 2.69, 0.15, 0.89, 0.00, 0.02, 0.31, 0.16, 0.00, 0.00, 0.00, 1.00, 0.00, 1.00, 0.00, 0.00, 1.00, 1.00, 1.00, 0.00, 0.00, 0.00, 0.00, 0.00, 0.00, 0.00, 0.00
268,  0,  8.966,  0.98,  1, 0.00, 0.00, 0.97, 0.00, 1.51, 0.00, 0.00, 2.74, 3.19, 2.73, 0.15, 0.87, 0.00, 0.01, 0.22, 0.28, 0.00, 0.00, 0.00, 1.00, 0.00, 1.00, 0.00, 0.00, 1.00, 1.00, 1.00, 0.00, 0.00, 0.00, 0.00, 0.00, 0.00, 0.00, 0.00
269,  0,  8.999,  0.98,  1, 0.04, 0.00, 0.97, 0.00, 1.50, 0.00, 0.00, 2.71, 3.22, 2.76, 0.10, 0.82, 0.00, 0.01, 0.27, 0.29, 0.00, 0.00, 1.00, 1.00, 0.00, 1.00, 0.00, 0.00, 1.00, 1.00, 1.00, 0.00, 0.00, 0.00, 0.00, 0.00, 0.00, 0.00, 0.00
270,  0,  9.033,  0.98,  1, 0.18, 0.00, 1.01, 0.00, 1.52, 0.00, 0.00, 2.75, 3.26, 2.74, 0.09, 0.82, 0.00, 0.00, 0.20, 0.25, 0.00, 1.00, 0.00, 1.00, 0.00, 1.00, 0.00, 0.00, 1.00, 1.00, 1.00, 0.00, 0.00, 0.00, 0.00, 0.00, 0.00, 0.00, 0.00
271,  0,  9.066,  0.98,  1, 0.24, 0.00, 1.13, 0.00, 1.55, 0.00, 0.00, 2.75, 3.30, 2.67, 0.09, 0.87, 0.00, 0.00, 0.20, 0.20, 0.00, 1.00, 0.00, 1.00, 0.00, 1.00, 0.00, 0.00, 1.00, 1.00, 1.00, 0.00, 0.00, 0.00, 0.00, 0.00, 0.00, 0.00, 0.00
272,  0,  9.100,  0.98,  1, 0.21, 0.00, 1.22, 0.00, 1.60, 0.00, 0.00, 2.80, 3.31, 2.64, 0.09, 0.78, 0.00, 0.00, 0.21, 0.14, 0.00, 0.00, 0.00, 1.00, 0.00, 1.00, 0.00, 0.00, 1.00, 1.00, 1.00, 0.00, 0.00, 0.00, 0.00, 0.00, 0.00, 0.00, 0.00
273,  0,  9.134,  0.98,  1, 0.07, 0.00, 1.01, 0.00, 1.64, 0.00, 0.00, 2.70, 3.31, 2.58, 0.00, 0.77, 0.00, 0.00, 0.32, 0.10, 0.00, 1.00, 0.00, 1.00, 0.00, 1.00, 0.00, 0.00, 1.00, 1.00, 1.00, 0.00, 0.00, 0.00, 0.00, 0.00, 0.00, 0.00, 0.00
274,  0,  9.167,  0.98,  1, 0.00, 0.00, 0.93, 0.00, 1.63, 0.00, 0.00, 2.71, 3.31, 2.58, 0.00, 0.64, 0.00, 0.00, 0.65, 0.13, 0.00, 1.00, 0.00, 1.00, 0.00, 1.00, 0.00, 0.00, 1.00, 1.00, 1.00, 0.00, 0.00, 0.00, 0.00, 0.00, 0.00, 0.00, 0.00
275,  0,  9.201,  0.98,  1, 0.00, 0.00, 0.88, 0.00, 1.61, 0.00, 0.00, 2.76, 3.29, 2.41, 0.00, 0.56, 0.00, 0.00, 0.86, 0.28, 0.00, 1.00, 0.00, 1.00, 0.00, 1.00, 0.00, 0.00, 1.00, 1.00, 1.00, 0.00, 0.00, 0.00, 0.00, 0.00, 0.00, 0.00, 0.00
276,  0,  9.234,  0.98,  1, 0.02, 0.00, 0.94, 0.00, 1.58, 0.00, 0.00, 2.98, 3.30, 2.36, 0.00, 0.51, 0.00, 0.00, 1.04, 0.31, 0.00, 1.00, 0.00, 1.00, 0.00, 1.00, 0.00, 0.00, 1.00, 1.00, 1.00, 0.00, 0.00, 0.00, 0.00, 0.00, 0.00, 0.00, 0.00
277,  0,  9.268,  0.98,  1, 0.14, 0.00, 0.96, 0.00, 1.59, 0.00, 0.00, 3.08, 3.30, 2.22, 0.00, 0.38, 0.00, 0.00, 1.02, 0.50, 0.00, 1.00, 0.00, 1.00, 0.00, 1.00, 0.00, 0.00, 1.00, 1.00, 1.00, 0.00, 0.00, 0.00, 0.00, 0.00, 0.00, 0.00, 0.00
278,  0,  9.301,  0.98,  1, 0.17, 0.00, 0.99, 0.00, 1.60, 0.00, 0.00, 3.06, 3.31, 2.19, 0.00, 0.28, 0.00, 0.00, 0.97, 0.74, 0.00, 1.00, 0.00, 1.00, 0.00, 1.00, 0.00, 0.00, 1.00, 1.00, 1.00, 0.00, 0.00, 0.00, 0.00, 0.00, 0.00, 0.00, 0.00
279,  0,  9.335,  0.98,  1, 0.25, 0.00, 1.12, 0.00, 1.57, 0.00, 0.00, 3.00, 3.26, 2.07, 0.00, 0.13, 0.00, 0.00, 1.02, 1.21, 0.00, 1.00, 0.00, 1.00, 0.00, 1.00, 0.00, 0.00, 1.00, 1.00, 1.00, 0.00, 0.00, 0.00, 0.00, 1.00, 0.00, 0.00, 0.00
280,  0,  9.369,  0.98,  1, 0.20, 0.00, 1.13, 0.00, 1.56, 0.00, 0.00, 3.00, 3.22, 2.07, 0.00, 0.20, 0.00, 0.00, 1.15, 1.44, 0.02, 1.00, 0.00, 1.00, 0.00, 1.00, 0.00, 0.00, 1.00, 1.00, 1.00, 0.00, 0.00, 0.00, 0.00, 1.00, 0.00, 0.00, 0.00
281,  0,  9.402,  0.98,  1, 0.25, 0.00, 1.18, 0.00, 1.53, 0.00, 0.00, 3.05, 3.13, 2.04, 0.00, 0.24, 0.00, 0.00, 1.25, 1.56, 0.02, 1.00, 0.00, 1.00, 0.00, 1.00, 0.00, 0.00, 1.00, 1.00, 1.00, 0.00, 0.00, 0.00, 0.00, 1.00, 0.00, 0.00, 0.00
282,  0,  9.436,  0.98,  1, 0.15, 0.00, 1.16, 0.00, 1.50, 0.00, 0.03, 3.05, 3.01, 2.14, 0.00, 0.41, 0.00, 0.00, 1.12, 1.52, 0.02, 1.00, 0.00, 1.00, 0.00, 1.00, 0.00, 0.00, 1.00, 1.00, 1.00, 0.00, 0.00, 0.00, 0.00, 1.00, 0.00, 0.00, 0.00
283,  0,  9.469,  0.98,  1, 0.11, 0.00, 1.17, 0.00, 1.43, 0.00, 0.13, 2.98, 2.94, 2.33, 0.00, 0.56, 0.00, 0.00, 0.93, 1.48, 0.06, 1.00, 0.00, 1.00, 0.00, 1.00, 0.00, 0.00, 1.00, 1.00, 1.00, 0.00, 0.00, 0.00, 0.00, 1.00, 0.00, 0.00, 0.00
284,  0,  9.503,  0.98,  1, 0.03, 0.00, 1.23, 0.00, 1.40, 0.00, 0.17, 2.97, 2.89, 2.60, 0.00, 0.76, 0.00, 0.00, 0.95, 1.56, 0.06, 1.00, 0.00, 1.00, 0.00, 1.00, 0.00, 0.00, 1.00, 1.00, 1.00, 0.00, 0.00, 0.00, 0.00, 1.00, 0.00, 0.00, 0.00
285,  0,  9.537,  0.98,  1, 0.09, 0.00, 1.29, 0.00, 1.46, 0.00, 0.32, 2.92, 2.82, 2.80, 0.00, 0.78, 0.00, 0.00, 1.03, 1.72, 0.08, 1.00, 0.00, 1.00, 0.00, 1.00, 0.00, 0.00, 1.00, 1.00, 1.00, 1.00, 0.00, 0.00, 0.00, 1.00, 0.00, 0.00, 0.00
286,  0,  9.570,  0.98,  1, 0.06, 0.00, 1.36, 0.00, 1.46, 0.00, 0.27, 2.91, 2.54, 2.66, 0.00, 0.81, 0.12, 0.00, 1.38, 1.68, 0.02, 1.00, 0.00, 1.00, 0.00, 0.00, 0.00, 0.00, 1.00, 1.00, 1.00, 1.00, 0.00, 0.00, 0.00, 1.00, 0.00, 0.00, 0.00
287,  0,  9.604,  0.98,  1, 0.06, 0.00, 1.31, 0.00, 1.40, 0.00, 0.31, 2.78, 2.29, 2.42, 0.00, 0.81, 0.14, 0.04, 1.68, 1.55, 0.02, 1.00, 0.00, 1.00, 0.00, 0.00, 0.00, 0.00, 1.00, 1.00, 1.00, 1.00, 0.00, 0.00, 0.00, 1.00, 0.00, 0.00, 0.00
288,  0,  9.637,  0.98,  1, 0.00, 0.00, 1.26, 0.07, 1.32, 0.00, 0.29, 2.88, 2.07, 2.34, 0.00, 0.85, 0.22, 0.18, 2.03, 1.51, 0.00, 1.00, 0.00, 1.00, 0.00, 0.00, 0.00, 0.00, 1.00, 1.00, 1.00, 1.00, 0.00, 1.00, 0.00, 1.00, 1.00, 0.00, 0.00
289,  0,  9.671,  0.98,  1, 0.00, 0.00, 1.19, 0.10, 1.27, 0.00, 0.43, 2.77, 1.96, 2.26, 0.00, 0.82, 0.20, 0.36, 2.10, 1.76, 0.00, 1.00, 0.00, 1.00, 0.00, 0.00, 0.00, 0.00, 1.00, 1.00, 1.00, 1.00, 0.00, 1.00, 0.00, 1.00, 1.00, 0.00, 0.00
290,  0,  9.704,  0.98,  1, 0.09, 0.01, 1.18, 0.20, 1.25, 0.00, 0.47, 2.77, 1.88, 2.30, 0.00, 0.94, 0.36, 0.55, 1.86, 1.98, 0.00, 1.00, 0.00, 1.00, 0.00, 0.00, 0.00, 0.00, 1.00, 1.00, 1.00, 1.00, 0.00, 1.00, 0.00, 1.00, 1.00, 0.00, 0.00
291,  0,  9.738,  0.98,  1, 0.17, 0.01, 1.20, 0.13, 1.25, 0.00, 0.42, 2.65, 1.92, 2.28, 0.00, 1.01, 0.57, 0.75, 1.69, 1.99, 0.00, 1.00, 0.00, 1.00, 0.00, 0.00, 0.00, 0.00, 1.00, 1.00, 1.00, 1.00, 0.00, 1.00, 0.00, 1.00, 1.00, 0.00, 0.00
292,  0,  9.772,  0.98,  1, 0.17, 0.01, 1.28, 0.14, 1.22, 0.00, 0.37, 2.72, 2.01, 2.34, 0.00, 1.13, 0.74, 1.01, 1.50, 1.85, 0.00, 1.00, 0.00, 1.00, 0.00, 0.00, 0.00, 0.00, 1.00, 1.00, 1.00, 1.00, 0.00, 1.00, 0.00, 1.00, 1.00, 0.00, 0.00
293,  0,  9.805,  0.98,  1, 0.08, 0.02, 1.32, 0.19, 1.17, 0.00, 0.32, 2.76, 2.12, 2.28, 0.00, 1.16, 0.76, 1.24, 1.54, 1.73, 0.00, 1.00, 0.00, 1.00, 0.00, 0.00, 0.00, 0.00, 1.00, 1.00, 1.00, 1.00, 0.00, 1.00, 0.00, 1.00, 1.00, 0.00, 0.00
294,  0,  9.839,  0.98,  1, 0.00, 0.02, 1.34, 0.27, 1.11, 0.00, 0.30, 2.79, 2.25, 2.10, 0.00, 1.18, 0.66, 1.29, 1.50, 1.77, 0.00, 1.00, 0.00, 1.00, 0.00, 0.00, 0.00, 0.00, 1.00, 1.00, 1.00, 1.00, 0.00, 1.00, 1.00, 1.00, 1.00, 0.00, 0.00
295,  0,  9.872,  0.98,  1, 0.00, 0.02, 1.29, 0.27, 1.05, 0.00, 0.24, 2.79, 2.35, 2.05, 0.00, 1.14, 0.76, 1.27, 1.51, 1.87, 0.00, 1.00, 0.00, 1.00, 0.00, 0.00, 0.00, 0.00, 1.00, 1.00, 1.00, 1.00, 0.00, 1.00, 1.00, 1.00, 1.00, 0.00, 0.00
296,  0,  9.906,  0.98,  1, 0.00, 0.00, 1.21, 0.16, 1.00, 0.00, 0.19, 2.86, 2.37, 2.20, 0.00, 1.05, 0.81, 1.20, 1.70, 2.09, 0.00, 1.00, 0.00, 1.00, 0.00, 0.00, 0.00, 0.00, 1.00, 1.00, 1.00, 0.00, 0.00, 1.00, 1.00, 1.00, 1.00, 0.00, 0.00
297,  0,  9.939,  0.98,  1, 0.00, 0.00, 1.06, 0.13, 0.93, 0.00, 0.14, 2.80, 2.32, 2.17, 0.00, 0.90, 0.82, 1.04, 1.96, 2.07, 0.00, 1.00, 0.00, 1.00, 0.00, 0.00, 0.00, 0.00, 1.00, 1.00, 1.00, 0.00, 0.00, 1.00, 1.00, 1.00, 1.00, 0.00, 0.00
298,  0,  9.973,  0.98,  1, 0.00, 0.00, 0.91, 0.10, 1.00, 0.00, 0.06, 2.73, 2.47, 2.32, 0.00, 0.89, 0.56, 0.86, 2.01, 2.07, 0.05, 1.00, 0.00, 1.00, 0.00, 0.00, 0.00, 0.00, 1.00, 1.00, 1.00, 0.00, 1.00, 1.00, 0.00, 1.00, 1.00, 0.00, 0.00
299,  0,  10.007,  0.98,  1, 0.00, 0.00, 0.80, 0.04, 1.04, 0.00, 0.04, 2.58, 2.64, 2.29, 0.00, 0.94, 0.51, 0.65, 1.91, 2.07, 0.13, 1.00, 0.00, 1.00, 0.00, 0.00, 0.00, 0.00, 1.00, 1.00, 1.00, 0.00, 0.00, 1.00, 0.00, 1.00, 1.00, 0.00, 0.00
300,  0,  10.040,  0.98,  1, 0.00, 0.00, 0.90, 0.00, 1.13, 0.00, 0.03, 2.62, 2.83, 2.48, 0.00, 1.06, 0.29, 0.45, 1.71, 2.15, 0.25, 1.00, 0.00, 1.00, 0.00, 0.00, 0.00, 0.00, 1.00, 1.00, 1.00, 0.00, 0.00, 0.00, 0.00, 1.00, 1.00, 0.00, 0.00
301,  0,  10.074,  0.98,  1, 0.04, 0.00, 1.00, 0.00, 1.08, 0.00, 0.03, 2.66, 2.86, 2.39, 0.00, 0.95, 0.20, 0.21, 1.79, 2.15, 0.28, 1.00, 0.00, 1.00, 0.00, 0.00, 0.00, 0.00, 1.00, 1.00, 1.00, 0.00, 0.00, 0.00, 0.00, 1.00, 1.00, 0.00, 0.00
302,  0,  10.107,  0.98,  1, 0.04, 0.00, 1.09, 0.00, 1.10, 0.00, 0.05, 2.63, 2.93, 2.38, 0.00, 0.73, 0.00, 0.04, 1.87, 2.22, 0.37, 1.00, 0.00, 1.00, 0.00, 0.00, 0.00, 0.00, 1.00, 1.00, 1.00, 0.00, 0.00, 0.00, 0.00, 1.00, 1.00, 0.00, 0.00
303,  0,  10.141,  0.98,  1, 0.04, 0.00, 1.10, 0.00, 1.14, 0.00, 0.05, 2.66, 2.99, 2.33, 0.00, 0.43, 0.00, 0.00, 2.04, 2.23, 0.36, 1.00, 0.00, 1.00, 0.00, 0.00, 0.00, 0.00, 1.00, 1.00, 1.00, 0.00, 0.00, 0.00, 0.00, 1.00, 1.00, 0.00, 0.00
304,  0,  10.175,  0.98,  1, 0.00, 0.00, 1.13, 0.00, 1.18, 0.00, 0.07, 2.58, 2.97, 2.32, 0.00, 0.39, 0.04, 0.00, 2.02, 2.34, 0.37, 1.00, 0.00, 1.00, 0.00, 0.00, 0.00, 0.00, 1.00, 1.00, 1.00, 0.00, 0.00, 0.00, 0.00, 1.00, 1.00, 0.00, 0.00
305,  0,  10.208,  0.98,  1, 0.01, 0.00, 1.11, 0.00, 1.28, 0.00, 0.10, 2.62, 3.01, 2.32, 0.00, 0.31, 0.04, 0.00, 2.00, 2.19, 0.34, 1.00, 0.00, 1.00, 0.00, 0.00, 0.00, 0.00, 1.00, 1.00, 1.00, 0.00, 0.00, 0.00, 0.00, 1.00, 1.00, 0.00, 0.00
306,  0,  10.242,  0.98,  1, 0.02, 0.00, 1.06, 0.00, 1.26, 0.00, 0.07, 2.60, 2.96, 2.36, 0.00, 0.38, 0.12, 0.00, 1.91, 2.17, 0.37, 1.00, 0.00, 1.00, 0.00, 0.00, 0.00, 0.00, 1.00, 1.00, 1.00, 0.00, 0.00, 0.00, 0.00, 1.00, 1.00, 0.00, 0.00
307,  0,  10.275,  0.98,  1, 0.11, 0.00, 1.07, 0.00, 1.33, 0.00, 0.05, 2.79, 3.05, 2.55, 0.00, 0.44, 0.07, 0.00, 1.87, 1.94, 0.37, 1.00, 0.00, 1.00, 0.00, 0.00, 0.00, 0.00, 1.00, 1.00, 1.00, 0.00, 0.00, 0.00, 0.00, 1.00, 1.00, 0.00, 0.00
308,  0,  10.309,  0.98,  1, 0.10, 0.00, 1.08, 0.00, 1.30, 0.00, 0.02, 2.85, 3.08, 2.73, 0.00, 0.68, 0.07, 0.14, 1.57, 1.75, 0.33, 1.00, 0.00, 1.00, 0.00, 0.00, 0.00, 0.00, 1.00, 1.00, 1.00, 0.00, 0.00, 0.00, 0.00, 1.00, 0.00, 0.00, 0.00
309,  0,  10.342,  0.98,  1, 0.16, 0.00, 1.10, 0.00, 1.44, 0.00, 0.02, 3.01, 3.25, 2.93, 0.00, 0.87, 0.00, 0.22, 1.26, 1.45, 0.19, 1.00, 1.00, 1.00, 0.00, 0.00, 0.00, 0.00, 1.00, 1.00, 1.00, 0.00, 0.00, 0.00, 0.00, 0.00, 0.00, 0.00, 0.00
310,  0,  10.376,  0.98,  1, 0.11, 0.00, 1.12, 0.00, 1.46, 0.00, 0.02, 2.90, 3.19, 2.91, 0.07, 0.84, 0.00, 0.36, 1.14, 1.33, 0.19, 1.00, 1.00, 1.00, 0.00, 0.00, 0.00, 0.00, 1.00, 1.00, 1.00, 0.00, 0.00, 0.00, 0.00, 0.00, 0.00, 0.00, 0.00
311,  0,  10.410,  0.98,  1, 0.13, 0.00, 1.24, 0.00, 1.54, 0.00, 0.01, 2.98, 3.21, 2.85, 0.13, 0.78, 0.06, 0.47, 1.12, 1.16, 0.10, 1.00, 1.00, 1.00, 0.00, 0.00, 0.00, 0.00, 1.00, 1.00, 1.00, 0.00, 0.00, 0.00, 0.00, 0.00, 0.00, 0.00, 0.00
312,  0,  10.443,  0.98,  1, 0.13, 0.01, 1.29, 0.00, 1.50, 0.00, 0.06, 2.92, 3.15, 2.82, 0.21, 0.69, 0.06, 0.49, 1.14, 1.11, 0.13, 1.00, 1.00, 1.00, 0.00, 0.00, 0.00, 0.00, 1.00, 1.00, 1.00, 0.00, 0.00, 0.00, 0.00, 0.00, 0.00, 0.00, 0.00
313,  0,  10.477,  0.98,  1, 0.10, 0.01, 1.26, 0.00, 1.57, 0.00, 0.06, 3.13, 3.27, 2.85, 0.13, 0.75, 0.06, 0.56, 1.05, 0.98, 0.03, 1.00, 1.00, 1.00, 0.00, 0.00, 0.00, 0.00, 1.00, 1.00, 1.00, 0.00, 0.00, 0.00, 0.00, 0.00, 0.00, 0.00, 0.00
314,  0,  10.510,  0.98,  1, 0.10, 0.01, 1.17, 0.18, 1.55, 0.00, 0.07, 3.15, 3.30, 2.99, 0.07, 0.83, 0.00, 0.54, 0.92, 0.85, 0.05, 1.00, 1.00, 1.00, 0.00, 0.00, 0.00, 0.00, 1.00, 1.00, 1.00, 0.00, 0.00, 0.00, 0.00, 0.00, 0.00, 0.00, 0.00
315,  0,  10.544,  0.98,  1, 0.15, 0.12, 1.19, 0.18, 1.55, 0.00, 0.02, 3.14, 3.37, 3.13, 0.04, 0.95, 0.00, 0.48, 0.90, 0.72, 0.13, 1.00, 1.00, 1.00, 0.00, 0.00, 0.00, 0.00, 1.00, 1.00, 1.00, 0.00, 1.00, 0.00, 0.00, 0.00, 0.00, 0.00, 0.00
316,  0,  10.578,  0.98,  1, 0.18, 0.12, 1.22, 0.18, 1.55, 0.00, 0.02, 3.01, 3.42, 3.18, 0.04, 1.03, 0.00, 0.40, 0.88, 0.70, 0.23, 1.00, 1.00, 1.00, 0.00, 0.00, 0.00, 0.00, 1.00, 1.00, 1.00, 0.00, 1.00, 0.00, 0.00, 0.00, 0.00, 0.00, 0.00
317,  0,  10.611,  0.98,  1, 0.28, 0.19, 1.24, 0.00, 1.64, 0.00, 0.02, 2.93, 3.48, 3.10, 0.04, 1.03, 0.00, 0.19, 0.94, 0.66, 0.24, 1.00, 1.00, 1.00, 0.00, 1.00, 0.00, 0.00, 1.00, 1.00, 1.00, 0.00, 1.00, 0.00, 0.00, 0.00, 0.00, 0.00, 0.00
318,  0,  10.645,  0.98,  1, 0.20, 0.07, 1.16, 0.00, 1.68, 0.00, 0.02, 2.95, 3.49, 2.95, 0.00, 1.05, 0.00, 0.17, 0.91, 0.63, 0.22, 1.00, 1.00, 1.00, 0.00, 1.00, 0.00, 0.00, 1.00, 1.00, 1.00, 0.00, 1.00, 0.00, 0.00, 0.00, 0.00, 0.00, 0.00
319,  0,  10.678,  0.98,  1, 0.28, 0.09, 1.15, 0.00, 1.71, 0.00, 0.02, 2.93, 3.46, 2.95, 0.06, 1.04, 0.00, 0.09, 0.82, 0.47, 0.31, 1.00, 1.00, 1.00, 0.00, 1.00, 0.00, 0.00, 1.00, 1.00, 1.00, 0.00, 1.00, 0.00, 0.00, 0.00, 0.00, 0.00, 0.00
320,  0,  10.712,  0.98,  1, 0.25, 0.02, 1.20, 0.00, 1.70, 0.00, 0.03, 2.91, 3.43, 2.97, 0.06, 1.00, 0.00, 0.07, 0.75, 0.47, 0.27, 1.00, 1.00, 1.00, 0.00, 1.00, 0.00, 0.00, 1.00, 1.00, 1.00, 0.00, 1.00, 0.00, 0.00, 0.00, 0.00, 0.00, 0.00
321,  0,  10.745,  0.98,  1, 0.22, 0.02, 1.22, 0.00, 1.72, 0.00, 0.07, 2.82, 3.40, 2.97, 0.09, 0.99, 0.00, 0.09, 0.67, 0.54, 0.26, 1.00, 1.00, 1.00, 0.00, 1.00, 0.00, 0.00, 1.00, 1.00, 1.00, 0.00, 1.00, 0.00, 0.00, 0.00, 0.00, 0.00, 0.00
322,  0,  10.779,  0.98,  1, 0.11, 0.00, 1.32, 0.00, 1.73, 0.00, 0.12, 2.76, 3.36, 2.82, 0.03, 0.93, 0.00, 0.17, 0.67, 0.55, 0.11, 1.00, 1.00, 1.00, 0.00, 1.00, 0.00, 0.00, 1.00, 1.00, 1.00, 0.00, 1.00, 0.00, 0.00, 0.00, 0.00, 0.00, 0.00
323,  0,  10.813,  0.98,  1, 0.08, 0.09, 1.26, 0.00, 1.79, 0.00, 0.16, 2.89, 3.35, 2.81, 0.03, 0.91, 0.00, 0.23, 0.81, 0.52, 0.11, 1.00, 1.00, 1.00, 0.00, 1.00, 0.00, 0.00, 1.00, 1.00, 1.00, 0.00, 1.00, 0.00, 0.00, 0.00, 0.00, 0.00, 0.00
324,  0,  10.846,  0.98,  1, 0.08, 0.09, 1.22, 0.00, 1.78, 0.00, 0.12, 2.96, 3.37, 2.86, 0.00, 0.95, 0.00, 0.38, 0.84, 0.58, 0.03, 1.00, 1.00, 1.00, 0.00, 1.00, 0.00, 0.00, 1.00, 1.00, 1.00, 0.00, 1.00, 0.00, 0.00, 0.00, 0.00, 0.00, 0.00
325,  0,  10.880,  0.98,  1, 0.12, 0.09, 1.17, 0.00, 1.84, 0.00, 0.11, 3.11, 3.45, 3.00, 0.07, 1.00, 0.00, 0.39, 1.00, 0.67, 0.04, 1.00, 1.00, 1.00, 0.00, 1.00, 0.00, 0.00, 1.00, 1.00, 1.00, 0.00, 1.00, 0.00, 0.00, 0.00, 0.00, 0.00, 0.00
326,  0,  10.913,  0.98,  1, 0.13, 0.00, 1.15, 0.00, 1.86, 0.00, 0.07, 3.09, 3.50, 3.09, 0.09, 1.14, 0.00, 0.43, 0.93, 0.73, 0.12, 1.00, 1.00, 1.00, 0.00, 1.00, 0.00, 0.00, 1.00, 1.00, 1.00, 0.00, 1.00, 0.00, 0.00, 0.00, 0.00, 0.00, 0.00
327,  0,  10.947,  0.98,  1, 0.13, 0.00, 1.21, 0.00, 1.94, 0.00, 0.10, 3.12, 3.50, 3.11, 0.09, 1.19, 0.00, 0.40, 0.97, 0.65, 0.12, 1.00, 1.00, 1.00, 0.00, 1.00, 0.00, 0.00, 1.00, 1.00, 1.00, 0.00, 1.00, 0.00, 0.00, 0.00, 0.00, 0.00, 0.00
328,  0,  10.980,  0.98,  1, 0.08, 0.00, 1.17, 0.00, 1.91, 0.00, 0.06, 3.01, 3.49, 3.02, 0.03, 1.21, 0.00, 0.40, 0.98, 0.53, 0.11, 1.00, 1.00, 1.00, 0.00, 1.00, 0.00, 0.00, 1.00, 1.00, 1.00, 0.00, 1.00, 0.00, 0.00, 0.00, 0.00, 0.00, 0.00
329,  0,  11.014,  0.98,  1, 0.00, 0.00, 1.21, 0.00, 1.96, 0.00, 0.08, 3.04, 3.48, 3.01, 0.06, 1.19, 0.00, 0.43, 0.92, 0.44, 0.03, 1.00, 1.00, 1.00, 0.00, 1.00, 0.00, 0.00, 1.00, 1.00, 1.00, 0.00, 1.00, 0.00, 0.00, 0.00, 0.00, 0.00, 0.00
330,  0,  11.048,  0.98,  1, 0.00, 0.00, 1.16, 0.00, 1.98, 0.00, 0.05, 3.07, 3.50, 3.01, 0.15, 1.11, 0.00, 0.45, 0.86, 0.39, 0.03, 1.00, 1.00, 1.00, 0.00, 1.00, 0.00, 0.00, 1.00, 1.00, 1.00, 0.00, 1.00, 0.00, 0.00, 0.00, 0.00, 0.00, 0.00
331,  0,  11.081,  0.98,  1, 0.03, 0.00, 1.17, 0.00, 2.03, 0.00, 0.10, 3.18, 3.49, 3.01, 0.27, 1.22, 0.00, 0.48, 0.67, 0.38, 0.00, 1.00, 1.00, 1.00, 0.00, 1.00, 0.00, 0.00, 1.00, 1.00, 1.00, 0.00, 1.00, 0.00, 0.00, 0.00, 0.00, 0.00, 0.00
332,  0,  11.115,  0.98,  1, 0.05, 0.00, 1.15, 0.00, 2.00, 0.00, 0.17, 3.10, 3.42, 2.94, 0.33, 1.24, 0.00, 0.48, 0.72, 0.29, 0.00, 1.00, 1.00, 1.00, 0.00, 1.00, 0.00, 0.00, 1.00, 1.00, 1.00, 0.00, 1.00, 0.00, 0.00, 0.00, 0.00, 0.00, 0.00
333,  0,  11.148,  0.98,  1, 0.05, 0.00, 1.18, 0.00, 2.05, 0.00, 0.22, 3.02, 3.42, 2.90, 0.25, 1.35, 0.00, 0.47, 0.85, 0.26, 0.00, 1.00, 1.00, 1.00, 0.00, 1.00, 0.00, 0.00, 1.00, 1.00, 1.00, 0.00, 1.00, 0.00, 0.00, 0.00, 0.00, 0.00, 0.00
334,  0,  11.182,  0.98,  1, 0.06, 0.01, 1.17, 0.00, 2.08, 0.00, 0.19, 2.94, 3.42, 3.05, 0.14, 1.28, 0.00, 0.45, 0.96, 0.22, 0.09, 1.00, 1.00, 1.00, 0.00, 1.00, 0.00, 0.00, 1.00, 1.00, 1.00, 0.00, 1.00, 0.00, 0.00, 0.00, 0.00, 0.00, 0.00
335,  0,  11.216,  0.98,  1, 0.12, 0.09, 1.20, 0.00, 2.11, 0.00, 0.17, 2.97, 3.49, 3.14, 0.14, 1.18, 0.00, 0.38, 1.07, 0.27, 0.09, 1.00, 1.00, 1.00, 0.00, 1.00, 0.00, 0.00, 1.00, 1.00, 1.00, 0.00, 1.00, 0.00, 0.00, 0.00, 0.00, 0.00, 0.00
336,  0,  11.249,  0.98,  1, 0.12, 0.09, 1.22, 0.00, 2.08, 0.00, 0.11, 3.04, 3.52, 3.17, 0.27, 1.18, 0.00, 0.45, 0.84, 0.27, 0.09, 1.00, 1.00, 1.00, 0.00, 1.00, 0.00, 0.00, 1.00, 1.00, 1.00, 0.00, 1.00, 0.00, 0.00, 0.00, 0.00, 0.00, 0.00
337,  0,  11.283,  0.98,  1, 0.07, 0.12, 1.33, 0.00, 2.08, 0.00, 0.09, 3.16, 3.56, 3.15, 0.26, 1.20, 0.00, 0.45, 0.86, 0.35, 0.00, 1.00, 1.00, 1.00, 0.00, 1.00, 0.00, 0.00, 1.00, 1.00, 1.00, 0.00, 1.00, 0.00, 0.00, 0.00, 0.00, 0.00, 0.00
338,  0,  11.316,  0.98,  1, 0.07, 0.03, 1.32, 0.00, 2.05, 0.00, 0.02, 3.12, 3.57, 3.07, 0.14, 1.22, 0.00, 0.47, 0.79, 0.40, 0.00, 1.00, 1.00, 1.00, 0.00, 1.00, 0.00, 0.00, 1.00, 1.00, 1.00, 0.00, 1.00, 0.00, 0.00, 0.00, 0.00, 0.00, 0.00
339,  0,  11.350,  0.98,  1, 0.07, 0.03, 1.34, 0.00, 2.01, 0.00, 0.02, 3.13, 3.58, 3.06, 0.08, 1.18, 0.00, 0.35, 1.04, 0.31, 0.01, 1.00, 1.00, 1.00, 0.00, 1.00, 0.00, 0.00, 1.00, 1.00, 1.00, 0.00, 1.00, 0.00, 0.00, 0.00, 0.00, 0.00, 0.00
340,  0,  11.383,  0.98,  1, 0.13, 0.00, 1.17, 0.00, 2.02, 0.00, 0.02, 3.05, 3.61, 2.92, 0.09, 1.08, 0.00, 0.30, 1.00, 0.26, 0.06, 1.00, 1.00, 1.00, 0.00, 1.00, 0.00, 0.00, 1.00, 1.00, 1.00, 0.00, 1.00, 0.00, 0.00, 0.00, 0.00, 0.00, 0.00
341,  0,  11.417,  0.98,  1, 0.06, 0.00, 1.02, 0.00, 2.02, 0.00, 0.00, 3.02, 3.63, 2.97, 0.14, 1.01, 0.00, 0.36, 0.95, 0.15, 0.06, 1.00, 1.00, 1.00, 0.00, 1.00, 0.00, 0.00, 1.00, 1.00, 1.00, 0.00, 0.00, 0.00, 0.00, 0.00, 0.00, 0.00, 0.00
342,  0,  11.451,  0.98,  1, 0.06, 0.00, 0.99, 0.00, 2.08, 0.00, 0.01, 2.95, 3.67, 3.01, 0.22, 0.88, 0.00, 0.42, 0.82, 0.21, 0.09, 1.00, 1.00, 1.00, 0.00, 1.00, 0.00, 0.00, 1.00, 1.00, 1.00, 0.00, 0.00, 0.00, 0.00, 0.00, 0.00, 0.00, 0.00
343,  0,  11.484,  0.98,  1, 0.00, 0.00, 1.01, 0.00, 2.05, 0.00, 0.01, 2.90, 3.67, 3.08, 0.22, 0.93, 0.00, 0.46, 0.66, 0.13, 0.08, 1.00, 1.00, 1.00, 0.00, 1.00, 0.00, 0.00, 1.00, 1.00, 1.00, 0.00, 0.00, 0.00, 0.00, 0.00, 0.00, 0.00, 0.00
344,  0,  11.518,  0.98,  1, 0.00, 0.00, 1.16, 0.00, 2.10, 0.00, 0.01, 2.82, 3.69, 3.09, 0.18, 0.96, 0.00, 0.45, 0.61, 0.12, 0.08, 1.00, 1.00, 1.00, 0.00, 1.00, 0.00, 0.00, 1.00, 1.00, 1.00, 0.00, 0.00, 0.00, 0.00, 0.00, 0.00, 0.00, 0.00
345,  0,  11.551,  0.98,  1, 0.06, 0.00, 1.19, 0.00, 2.08, 0.00, 0.00, 2.81, 3.62, 3.16, 0.07, 1.09, 0.03, 0.43, 0.48, 0.03, 0.08, 1.00, 1.00, 1.00, 0.00, 1.00, 0.00, 0.00, 1.00, 1.00, 1.00, 0.00, 0.00, 0.00, 0.00, 0.00, 0.00, 0.00, 0.00
346,  0,  11.585,  0.98,  1, 0.06, 0.00, 1.24, 0.00, 2.10, 0.00, 0.00, 2.83, 3.58, 3.19, 0.09, 1.17, 0.03, 0.44, 0.50, 0.09, 0.04, 1.00, 1.00, 1.00, 0.00, 1.00, 0.00, 0.00, 1.00, 1.00, 1.00, 0.00, 0.00, 0.00, 0.00, 0.00, 0.00, 0.00, 0.00
347,  0,  11.618,  0.98,  1, 0.06, 0.00, 1.14, 0.00, 2.03, 0.00, 0.00, 2.86, 3.58, 3.19, 0.08, 1.22, 0.03, 0.43, 0.52, 0.15, 0.03, 1.00, 1.00, 1.00, 0.00, 1.00, 0.00, 0.00, 1.00, 1.00, 1.00, 0.00, 0.00, 0.00, 0.00, 0.00, 0.00, 0.00, 0.00
348,  0,  11.652,  0.98,  1, 0.00, 0.00, 1.05, 0.00, 1.99, 0.00, 0.02, 2.85, 3.62, 3.04, 0.04, 1.12, 0.00, 0.30, 0.72, 0.41, 0.09, 1.00, 1.00, 1.00, 0.00, 1.00, 0.00, 0.00, 1.00, 1.00, 1.00, 0.00, 0.00, 0.00, 0.00, 0.00, 0.00, 0.00, 0.00
349,  0,  11.686,  0.98,  1, 0.00, 0.00, 1.01, 0.00, 2.02, 0.00, 0.02, 2.90, 3.65, 3.01, 0.00, 0.95, 0.00, 0.20, 0.90, 0.61, 0.15, 1.00, 1.00, 1.00, 0.00, 1.00, 0.00, 0.00, 1.00, 1.00, 1.00, 0.00, 0.00, 0.00, 0.00, 0.00, 0.00, 0.00, 0.00
350,  0,  11.719,  0.98,  1, 0.00, 0.00, 1.10, 0.00, 2.12, 0.00, 0.10, 3.01, 3.61, 2.91, 0.00, 0.87, 0.00, 0.08, 0.83, 0.72, 0.21, 1.00, 0.00, 1.00, 0.00, 1.00, 0.00, 0.00, 1.00, 1.00, 1.00, 0.00, 0.00, 0.00, 0.00, 0.00, 0.00, 0.00, 0.00
351,  0,  11.753,  0.98,  1, 0.00, 0.00, 1.14, 0.00, 2.21, 0.00, 0.15, 3.05, 3.57, 2.98, 0.00, 0.78, 0.00, 0.04, 0.83, 0.65, 0.12, 1.00, 0.00, 1.00, 0.00, 1.00, 0.00, 0.00, 1.00, 1.00, 1.00, 0.00, 0.00, 0.00, 0.00, 0.00, 0.00, 0.00, 0.00
352,  0,  11.786,  0.98,  1, 0.00, 0.00, 1.09, 0.00, 2.23, 0.00, 0.19, 3.06, 3.51, 2.88, 0.00, 0.78, 0.00, 0.00, 0.70, 0.74, 0.06, 1.00, 0.00, 1.00, 0.00, 1.00, 0.00, 0.00, 1.00, 1.00, 1.00, 0.00, 0.00, 0.00, 0.00, 0.00, 0.00, 0.00, 0.00
353,  0,  11.820,  0.98,  1, 0.00, 0.00, 0.99, 0.00, 2.18, 0.00, 0.12, 3.03, 3.50, 2.84, 0.00, 0.70, 0.00, 0.00, 0.72, 0.84, 0.04, 1.00, 0.00, 1.00, 0.00, 1.00, 0.00, 0.00, 1.00, 1.00, 1.00, 0.00, 0.00, 0.00, 0.00, 0.00, 0.00, 0.00, 0.00
354,  0,  11.854,  0.98,  1, 0.00, 0.00, 1.00, 0.00, 2.14, 0.00, 0.07, 3.01, 3.46, 2.73, 0.00, 0.65, 0.00, 0.00, 0.59, 1.05, 0.15, 1.00, 0.00, 1.00, 0.00, 1.00, 0.00, 0.00, 1.00, 1.00, 1.00, 0.00, 0.00, 0.00, 0.00, 0.00, 0.00, 0.00, 0.00
355,  0,  11.887,  0.98,  1, 0.00, 0.00, 0.99, 0.00, 2.14, 0.01, 0.03, 3.06, 3.49, 2.80, 0.00, 0.50, 0.00, 0.00, 0.47, 1.02, 0.16, 1.00, 0.00, 1.00, 0.00, 1.00, 0.00, 0.00, 1.00, 1.00, 1.00, 0.00, 0.00, 0.00, 0.00, 0.00, 0.00, 0.00, 0.00
356,  0,  11.921,  0.98,  1, 0.00, 0.00, 1.07, 0.00, 2.16, 0.01, 0.03, 3.14, 3.43, 2.71, 0.00, 0.43, 0.02, 0.00, 0.48, 1.03, 0.18, 0.00, 0.00, 1.00, 0.00, 1.00, 0.00, 0.00, 1.00, 1.00, 1.00, 0.00, 0.00, 0.00, 0.00, 0.00, 0.00, 0.00, 1.00
357,  0,  11.954,  0.98,  1, 0.00, 0.00, 0.99, 0.00, 2.22, 0.07, 0.00, 3.20, 3.40, 2.69, 0.00, 0.24, 0.02, 0.00, 0.60, 0.95, 0.21, 0.00, 0.00, 1.00, 0.00, 1.00, 1.00, 0.00, 1.00, 1.00, 1.00, 0.00, 0.00, 0.00, 0.00, 0.00, 0.00, 0.00, 1.00
358,  0,  11.988,  0.98,  1, 0.00, 0.00, 1.00, 0.00, 2.28, 0.15, 0.00, 3.22, 3.33, 2.43, 0.00, 0.32, 0.07, 0.00, 0.78, 0.99, 0.19, 0.00, 0.00, 1.00, 0.00, 1.00, 1.00, 0.00, 1.00, 1.00, 1.00, 0.00, 0.00, 0.00, 0.00, 1.00, 0.00, 0.00, 1.00
359,  0,  12.021,  0.98,  1, 0.00, 0.00, 0.93, 0.00, 2.30, 0.35, 0.00, 3.24, 3.29, 2.45, 0.00, 0.25, 0.06, 0.00, 0.76, 0.97, 0.13, 0.00, 0.00, 1.00, 0.00, 1.00, 1.00, 0.00, 1.00, 1.00, 1.00, 0.00, 0.00, 0.00, 0.00, 1.00, 0.00, 0.00, 1.00
360,  0,  12.055,  0.98,  1, 0.00, 0.00, 0.99, 0.00, 2.30, 0.54, 0.00, 3.23, 3.26, 2.52, 0.00, 0.36, 0.08, 0.00, 0.67, 0.93, 0.00, 0.00, 0.00, 1.00, 0.00, 1.00, 1.00, 0.00, 1.00, 1.00, 1.00, 0.00, 0.00, 0.00, 0.00, 1.00, 0.00, 0.00, 1.00
361,  0,  12.089,  0.98,  1, 0.00, 0.00, 1.01, 0.00, 2.23, 0.65, 0.00, 3.28, 3.20, 2.54, 0.00, 0.35, 0.02, 0.00, 0.63, 0.85, 0.04, 0.00, 0.00, 1.00, 0.00, 1.00, 1.00, 0.00, 1.00, 1.00, 1.00, 0.00, 0.00, 0.00, 0.00, 1.00, 0.00, 0.00, 1.00
362,  0,  12.122,  0.98,  1, 0.00, 0.00, 0.96, 0.00, 2.18, 0.87, 0.00, 3.29, 3.21, 2.58, 0.00, 0.44, 0.01, 0.00, 0.63, 0.83, 0.04, 0.00, 0.00, 1.00, 0.00, 1.00, 1.00, 0.00, 1.00, 1.00, 1.00, 0.00, 0.00, 0.00, 0.00, 1.00, 0.00, 0.00, 1.00
363,  0,  12.156,  0.98,  1, 0.00, 0.00, 0.80, 0.00, 2.08, 1.18, 0.01, 3.20, 3.18, 2.46, 0.00, 0.35, 0.03, 0.00, 0.49, 0.74, 0.04, 0.00, 0.00, 0.00, 0.00, 1.00, 1.00, 0.00, 1.00, 1.00, 1.00, 0.00, 0.00, 0.00, 0.00, 1.00, 1.00, 0.00, 1.00
364,  0,  12.189,  0.98,  1, 0.00, 0.00, 0.57, 0.00, 1.98, 1.26, 0.01, 3.05, 3.27, 2.66, 0.00, 0.16, 0.03, 0.00, 0.41, 0.67, 0.00, 0.00, 0.00, 0.00, 0.00, 1.00, 1.00, 0.00, 1.00, 1.00, 1.00, 0.00, 0.00, 0.00, 0.00, 1.00, 1.00, 0.00, 1.00
365,  0,  12.223,  0.98,  1, 0.00, 0.00, 0.42, 0.00, 1.91, 1.17, 0.01, 3.02, 3.29, 2.73, 0.00, 0.06, 0.03, 0.00, 0.37, 0.53, 0.00, 0.00, 0.00, 0.00, 0.00, 1.00, 1.00, 0.00, 1.00, 1.00, 1.00, 0.00, 0.00, 0.00, 0.00, 1.00, 1.00, 0.00, 1.00
366,  0,  12.256,  0.98,  1, 0.00, 0.00, 0.38, 0.00, 1.84, 1.03, 0.00, 3.14, 3.34, 2.76, 0.00, 0.05, 0.00, 0.00, 0.51, 0.56, 0.00, 0.00, 0.00, 0.00, 0.00, 1.00, 1.00, 0.00, 1.00, 1.00, 1.00, 0.00, 0.00, 0.00, 0.00, 1.00, 1.00, 0.00, 1.00
367,  0,  12.290,  0.98,  1, 0.00, 0.00, 0.55, 0.00, 1.79, 1.34, 0.00, 3.39, 3.33, 2.74, 0.00, 0.05, 0.00, 0.00, 0.69, 0.48, 0.00, 0.00, 0.00, 0.00, 0.00, 1.00, 1.00, 0.00, 1.00, 1.00, 1.00, 0.00, 0.00, 0.00, 0.00, 1.00, 1.00, 0.00, 1.00
368,  0,  12.324,  0.98,  1, 0.00, 0.00, 0.69, 0.00, 1.72, 1.50, 0.00, 3.55, 3.33, 2.58, 0.00, 0.04, 0.00, 0.00, 0.99, 0.55, 0.00, 0.00, 0.00, 0.00, 0.00, 1.00, 1.00, 0.00, 1.00, 1.00, 1.00, 0.00, 0.00, 0.00, 0.00, 1.00, 0.00, 0.00, 1.00
369,  0,  12.357,  0.98,  1, 0.00, 0.00, 0.66, 0.00, 1.72, 1.58, 0.00, 3.63, 3.36, 2.55, 0.00, 0.04, 0.00, 0.00, 1.15, 0.30, 0.00, 0.00, 0.00, 0.00, 0.00, 1.00, 1.00, 0.00, 1.00, 1.00, 1.00, 0.00, 0.00, 0.00, 0.00, 1.00, 0.00, 0.00, 1.00
370,  0,  12.391,  0.98,  1, 0.00, 0.00, 0.46, 0.00, 1.76, 1.45, 0.00, 3.58, 3.40, 2.44, 0.00, 0.04, 0.00, 0.00, 1.22, 0.17, 0.00, 0.00, 0.00, 0.00, 0.00, 1.00, 1.00, 0.00, 1.00, 1.00, 1.00, 0.00, 0.00, 0.00, 0.00, 1.00, 0.00, 0.00, 1.00
371,  0,  12.424,  0.98,  1, 0.00, 0.00, 0.22, 0.00, 1.79, 1.33, 0.02, 3.35, 3.46, 2.50, 0.00, 0.00, 0.00, 0.00, 1.12, 0.00, 0.00, 0.00, 0.00, 0.00, 0.00, 1.00, 1.00, 0.00, 1.00, 1.00, 1.00, 0.00, 0.00, 0.00, 0.00, 1.00, 0.00, 0.00, 1.00
372,  0,  12.458,  0.98,  1, 0.00, 0.00, 0.15, 0.00, 1.84, 1.30, 0.02, 3.21, 3.51, 2.56, 0.00, 0.00, 0.00, 0.00, 1.14, 0.00, 0.00, 0.00, 0.00, 0.00, 0.00, 1.00, 1.00, 0.00, 1.00, 1.00, 1.00, 0.00, 0.00, 0.00, 0.00, 1.00, 0.00, 0.00, 1.00
373,  0,  12.492,  0.98,  1, 0.00, 0.00, 0.15, 0.00, 1.85, 1.30, 0.02, 3.09, 3.56, 2.58, 0.00, 0.00, 0.00, 0.00, 1.19, 0.00, 0.00, 0.00, 0.00, 0.00, 0.00, 1.00, 1.00, 0.00, 1.00, 1.00, 1.00, 0.00, 0.00, 0.00, 0.00, 1.00, 0.00, 0.00, 1.00
374,  0,  12.525,  0.98,  1, 0.00, 0.00, 0.33, 0.00, 1.84, 1.20, 0.00, 3.07, 3.62, 2.49, 0.00, 0.00, 0.00, 0.00, 1.34, 0.00, 0.00, 0.00, 0.00, 0.00, 0.00, 1.00, 1.00, 0.00, 1.00, 1.00, 1.00, 0.00, 0.00, 0.00, 0.00, 1.00, 0.00, 0.00, 1.00
375,  0,  12.559,  0.98,  1, 0.00, 0.00, 0.44, 0.00, 1.78, 1.17, 0.00, 3.09, 3.59, 2.38, 0.00, 0.00, 0.00, 0.00, 1.42, 0.00, 0.00, 0.00, 0.00, 0.00, 0.00, 1.00, 1.00, 0.00, 1.00, 1.00, 1.00, 0.00, 0.00, 0.00, 0.00, 1.00, 0.00, 0.00, 1.00
376,  0,  12.592,  0.98,  1, 0.00, 0.00, 0.52, 0.00, 1.78, 1.08, 0.00, 3.09, 3.55, 2.38, 0.00, 0.00, 0.00, 0.00, 1.46, 0.00, 0.00, 0.00, 0.00, 0.00, 0.00, 1.00, 1.00, 0.00, 1.00, 1.00, 1.00, 0.00, 0.00, 0.00, 0.00, 1.00, 0.00, 0.00, 1.00
377,  0,  12.626,  0.98,  1, 0.00, 0.00, 0.56, 0.00, 1.81, 1.24, 0.00, 3.15, 3.54, 2.40, 0.00, 0.00, 0.00, 0.00, 1.37, 0.00, 0.00, 0.00, 0.00, 0.00, 0.00, 1.00, 1.00, 0.00, 1.00, 1.00, 1.00, 0.00, 0.00, 0.00, 0.00, 1.00, 0.00, 0.00, 1.00
378,  0,  12.659,  0.98,  1, 0.00, 0.00, 0.49, 0.00, 1.85, 1.23, 0.00, 3.25, 3.56, 2.37, 0.00, 0.00, 0.00, 0.00, 1.29, 0.00, 0.00, 0.00, 0.00, 0.00, 0.00, 1.00, 1.00, 0.00, 1.00, 1.00, 1.00, 0.00, 0.00, 0.00, 0.00, 1.00, 0.00, 0.00, 1.00
379,  0,  12.693,  0.98,  1, 0.00, 0.00, 0.48, 0.00, 1.80, 1.17, 0.00, 3.25, 3.57, 2.35, 0.00, 0.00, 0.00, 0.00, 1.18, 0.08, 0.01, 0.00, 0.00, 0.00, 0.00, 1.00, 1.00, 0.00, 1.00, 1.00, 1.00, 0.00, 0.00, 0.00, 0.00, 1.00, 0.00, 0.00, 1.00
380,  0,  12.727,  0.98,  1, 0.00, 0.00, 0.43, 0.00, 1.77, 1.03, 0.00, 3.37, 3.54, 2.37, 0.00, 0.00, 0.00, 0.00, 1.22, 0.15, 0.01, 0.00, 0.00, 0.00, 0.00, 1.00, 1.00, 0.00, 1.00, 1.00, 1.00, 0.00, 0.00, 0.00, 0.00, 1.00, 0.00, 0.00, 1.00
381,  0,  12.760,  0.98,  1, 0.00, 0.00, 0.42, 0.00, 1.75, 1.03, 0.00, 3.33, 3.54, 2.48, 0.00, 0.00, 0.00, 0.00, 1.21, 0.17, 0.01, 0.00, 0.00, 0.00, 0.00, 1.00, 1.00, 0.00, 1.00, 1.00, 1.00, 0.00, 0.00, 0.00, 0.00, 1.00, 0.00, 0.00, 1.00
382,  0,  12.794,  0.98,  1, 0.00, 0.00, 0.27, 0.00, 1.74, 1.16, 0.00, 3.28, 3.49, 2.45, 0.00, 0.00, 0.00, 0.00, 1.30, 0.08, 0.00, 0.00, 0.00, 0.00, 0.00, 1.00, 1.00, 0.00, 1.00, 1.00, 1.00, 0.00, 0.00, 0.00, 0.00, 1.00, 0.00, 0.00, 1.00
383,  0,  12.827,  0.98,  1, 0.00, 0.00, 0.18, 0.00, 1.77, 1.28, 0.00, 3.17, 3.50, 2.45, 0.00, 0.00, 0.00, 0.00, 1.37, 0.03, 0.00, 0.00, 0.00, 0.00, 0.00, 1.00, 0.00, 0.00, 1.00, 1.00, 1.00, 0.00, 0.00, 0.00, 0.00, 1.00, 0.00, 0.00, 1.00
384,  0,  12.861,  0.98,  1, 0.00, 0.00, 0.27, 0.00, 1.72, 1.08, 0.00, 3.05, 3.44, 2.35, 0.00, 0.00, 0.00, 0.00, 1.46, 0.07, 0.00, 0.00, 0.00, 0.00, 0.00, 1.00, 0.00, 0.00, 1.00, 1.00, 1.00, 0.00, 0.00, 0.00, 0.00, 1.00, 0.00, 0.00, 1.00
385,  0,  12.894,  0.98,  1, 0.00, 0.00, 0.39, 0.00, 1.73, 0.90, 0.00, 3.12, 3.43, 2.39, 0.00, 0.00, 0.00, 0.00, 1.43, 0.25, 0.00, 0.00, 0.00, 0.00, 0.00, 1.00, 0.00, 0.00, 1.00, 1.00, 1.00, 0.00, 0.00, 0.00, 0.00, 1.00, 0.00, 0.00, 1.00
386,  0,  12.928,  0.98,  1, 0.00, 0.00, 0.46, 0.00, 1.69, 0.83, 0.00, 3.02, 3.40, 2.48, 0.00, 0.00, 0.00, 0.00, 1.38, 0.35, 0.00, 0.00, 0.00, 0.00, 0.00, 1.00, 0.00, 0.00, 1.00, 1.00, 1.00, 0.00, 0.00, 0.00, 0.00, 1.00, 0.00, 0.00, 1.00
387,  0,  12.962,  0.98,  1, 0.00, 0.00, 0.34, 0.00, 1.72, 0.81, 0.00, 3.03, 3.40, 2.59, 0.00, 0.00, 0.00, 0.00, 1.39, 0.42, 0.05, 0.00, 0.00, 0.00, 0.00, 1.00, 0.00, 0.00, 1.00, 1.00, 1.00, 0.00, 0.00, 0.00, 0.00, 1.00, 0.00, 0.00, 1.00
388,  0,  12.995,  0.98,  1, 0.00, 0.00, 0.41, 0.00, 1.68, 0.84, 0.00, 2.94, 3.41, 2.70, 0.00, 0.00, 0.00, 0.00, 1.38, 0.24, 0.08, 0.00, 0.00, 0.00, 0.00, 1.00, 0.00, 0.00, 1.00, 1.00, 1.00, 0.00, 0.00, 0.00, 0.00, 1.00, 0.00, 0.00, 1.00
389,  0,  13.029,  0.98,  1, 0.00, 0.00, 0.44, 0.00, 1.66, 0.89, 0.00, 2.98, 3.40, 2.59, 0.00, 0.00, 0.00, 0.00, 1.43, 0.24, 0.08, 0.00, 0.00, 0.00, 0.00, 1.00, 0.00, 0.00, 1.00, 1.00, 1.00, 0.00, 0.00, 0.00, 0.00, 1.00, 0.00, 0.00, 1.00
390,  0,  13.062,  0.98,  1, 0.00, 0.00, 0.49, 0.00, 1.68, 1.09, 0.00, 3.07, 3.44, 2.56, 0.00, 0.00, 0.00, 0.00, 1.40, 0.21, 0.03, 0.00, 0.00, 0.00, 0.00, 1.00, 0.00, 0.00, 1.00, 1.00, 1.00, 0.00, 0.00, 0.00, 0.00, 1.00, 0.00, 0.00, 1.00
391,  0,  13.096,  0.98,  1, 0.00, 0.00, 0.43, 0.00, 1.76, 1.22, 0.00, 3.13, 3.45, 2.48, 0.00, 0.00, 0.00, 0.00, 1.40, 0.24, 0.00, 0.00, 0.00, 0.00, 0.00, 1.00, 0.00, 0.00, 1.00, 1.00, 1.00, 0.00, 0.00, 0.00, 0.00, 1.00, 0.00, 0.00, 1.00
392,  0,  13.130,  0.98,  1, 0.00, 0.00, 0.42, 0.00, 1.81, 1.27, 0.00, 3.22, 3.50, 2.53, 0.00, 0.00, 0.00, 0.00, 1.37, 0.19, 0.00, 0.00, 0.00, 0.00, 0.00, 1.00, 0.00, 0.00, 1.00, 1.00, 1.00, 0.00, 0.00, 0.00, 0.00, 1.00, 0.00, 0.00, 1.00
393,  0,  13.163,  0.98,  1, 0.00, 0.00, 0.39, 0.00, 1.80, 1.15, 0.00, 3.20, 3.49, 2.51, 0.00, 0.00, 0.00, 0.00, 1.28, 0.19, 0.03, 0.00, 0.00, 0.00, 0.00, 1.00, 0.00, 0.00, 1.00, 1.00, 1.00, 0.00, 0.00, 0.00, 0.00, 1.00, 0.00, 0.00, 1.00
394,  0,  13.197,  0.98,  1, 0.00, 0.00, 0.32, 0.00, 1.80, 1.07, 0.00, 3.19, 3.47, 2.43, 0.00, 0.00, 0.00, 0.00, 1.24, 0.25, 0.09, 0.00, 0.00, 0.00, 0.00, 1.00, 0.00, 0.00, 1.00, 1.00, 1.00, 0.00, 0.00, 0.00, 0.00, 1.00, 0.00, 0.00, 1.00
395,  0,  13.230,  0.98,  1, 0.00, 0.00, 0.37, 0.00, 1.83, 1.07, 0.00, 3.11, 3.43, 2.47, 0.00, 0.00, 0.00, 0.00, 1.27, 0.32, 0.09, 0.00, 0.00, 0.00, 0.00, 1.00, 0.00, 0.00, 1.00, 1.00, 1.00, 0.00, 0.00, 0.00, 0.00, 1.00, 0.00, 0.00, 1.00
396,  0,  13.264,  0.98,  1, 0.00, 0.00, 0.43, 0.00, 1.85, 1.23, 0.00, 3.04, 3.42, 2.55, 0.00, 0.00, 0.00, 0.00, 1.37, 0.25, 0.09, 0.00, 0.00, 0.00, 0.00, 1.00, 0.00, 0.00, 1.00, 1.00, 1.00, 0.00, 0.00, 0.00, 0.00, 1.00, 0.00, 0.00, 1.00
397,  0,  13.297,  0.98,  1, 0.00, 0.00, 0.61, 0.00, 1.78, 1.38, 0.00, 2.97, 3.42, 2.61, 0.00, 0.00, 0.00, 0.00, 1.40, 0.30, 0.04, 0.00, 0.00, 0.00, 0.00, 1.00, 0.00, 0.00, 1.00, 1.00, 1.00, 0.00, 0.00, 0.00, 0.00, 1.00, 0.00, 0.00, 1.00
398,  0,  13.331,  0.98,  1, 0.00, 0.00, 0.62, 0.00, 1.73, 1.28, 0.00, 2.94, 3.41, 2.64, 0.00, 0.00, 0.00, 0.00, 1.38, 0.24, 0.14, 0.00, 0.00, 0.00, 0.00, 1.00, 0.00, 0.00, 1.00, 1.00, 1.00, 0.00, 0.00, 0.00, 0.00, 1.00, 0.00, 0.00, 1.00
399,  0,  13.365,  0.98,  1, 0.00, 0.00, 0.65, 0.00, 1.71, 1.16, 0.00, 2.99, 3.45, 2.63, 0.00, 0.00, 0.00, 0.00, 1.38, 0.38, 0.13, 0.00, 0.00, 0.00, 0.00, 1.00, 1.00, 0.00, 1.00, 1.00, 1.00, 0.00, 0.00, 0.00, 0.00, 1.00, 0.00, 0.00, 1.00
400,  0,  13.398,  0.98,  1, 0.00, 0.00, 0.69, 0.00, 1.77, 1.09, 0.00, 3.04, 3.48, 2.68, 0.00, 0.00, 0.00, 0.00, 1.40, 0.36, 0.26, 0.00, 0.00, 0.00, 0.00, 1.00, 1.00, 0.00, 1.00, 1.00, 1.00, 0.00, 0.00, 0.00, 0.00, 1.00, 0.00, 0.00, 1.00
401,  0,  13.432,  0.98,  1, 0.00, 0.00, 0.75, 0.00, 1.80, 1.17, 0.00, 3.12, 3.50, 2.62, 0.00, 0.00, 0.00, 0.00, 1.46, 0.43, 0.17, 0.00, 0.00, 0.00, 0.00, 1.00, 1.00, 0.00, 1.00, 1.00, 1.00, 0.00, 0.00, 0.00, 0.00, 1.00, 1.00, 0.00, 1.00
402,  0,  13.465,  0.98,  1, 0.00, 0.00, 0.67, 0.00, 1.78, 1.30, 0.00, 3.12, 3.50, 2.69, 0.00, 0.00, 0.00, 0.00, 1.38, 0.34, 0.15, 0.00, 0.00, 0.00, 0.00, 1.00, 0.00, 0.00, 1.00, 1.00, 1.00, 0.00, 0.00, 0.00, 0.00, 1.00, 1.00, 0.00, 1.00
403,  0,  13.499,  0.98,  1, 0.00, 0.00, 0.56, 0.00, 1.72, 1.24, 0.00, 3.17, 3.51, 2.69, 0.00, 0.00, 0.00, 0.00, 1.40, 0.33, 0.01, 0.00, 0.00, 0.00, 0.00, 1.00, 0.00, 0.00, 1.00, 1.00, 1.00, 0.00, 0.00, 0.00, 0.00, 1.00, 1.00, 0.00, 1.00
404,  0,  13.532,  0.98,  1, 0.00, 0.00, 0.48, 0.00, 1.72, 1.16, 0.00, 3.05, 3.42, 2.75, 0.00, 0.00, 0.00, 0.00, 1.25, 0.33, 0.06, 0.00, 0.00, 0.00, 0.00, 1.00, 0.00, 0.00, 1.00, 1.00, 1.00, 0.00, 0.00, 0.00, 0.00, 1.00, 1.00, 0.00, 1.00
405,  0,  13.566,  0.98,  1, 0.00, 0.00, 0.62, 0.00, 1.76, 1.08, 0.00, 3.00, 3.36, 2.62, 0.00, 0.00, 0.00, 0.00, 1.27, 0.35, 0.17, 0.00, 0.00, 0.00, 0.00, 1.00, 0.00, 0.00, 1.00, 1.00, 1.00, 0.00, 0.00, 0.00, 0.00, 1.00, 1.00, 0.00, 1.00
406,  0,  13.600,  0.98,  1, 0.00, 0.00, 0.65, 0.00, 1.85, 1.14, 0.01, 2.87, 3.27, 2.41, 0.00, 0.00, 0.00, 0.00, 1.22, 0.38, 0.31, 0.00, 0.00, 0.00, 0.00, 1.00, 0.00, 0.00, 1.00, 1.00, 1.00, 0.00, 0.00, 0.00, 0.00, 1.00, 1.00, 0.00, 1.00
407,  0,  13.633,  0.98,  1, 0.00, 0.00, 0.64, 0.00, 1.86, 1.32, 0.01, 2.97, 3.34, 2.37, 0.00, 0.04, 0.00, 0.00, 1.31, 0.35, 0.25, 0.00, 0.00, 0.00, 0.00, 1.00, 0.00, 0.00, 1.00, 1.00, 1.00, 0.00, 0.00, 0.00, 0.00, 1.00, 1.00, 0.00, 1.00
408,  0,  13.667,  0.98,  1, 0.00, 0.00, 0.60, 0.00, 1.82, 1.29, 0.01, 2.90, 3.29, 2.32, 0.00, 0.04, 0.00, 0.00, 1.31, 0.31, 0.22, 0.00, 0.00, 0.00, 0.00, 1.00, 0.00, 0.00, 1.00, 1.00, 1.00, 0.00, 0.00, 0.00, 0.00, 1.00, 1.00, 0.00, 1.00
409,  0,  13.700,  0.98,  1, 0.00, 0.00, 0.60, 0.00, 1.77, 1.23, 0.00, 2.90, 3.38, 2.52, 0.00, 0.04, 0.00, 0.00, 1.25, 0.28, 0.08, 0.00, 0.00, 0.00, 0.00, 1.00, 0.00, 0.00, 1.00, 1.00, 1.00, 0.00, 0.00, 0.00, 0.00, 1.00, 1.00, 0.00, 1.00
410,  0,  13.734,  0.98,  1, 0.00, 0.00, 0.68, 0.00, 1.75, 1.12, 0.00, 2.83, 3.34, 2.51, 0.00, 0.00, 0.00, 0.00, 1.08, 0.36, 0.13, 0.00, 0.00, 0.00, 0.00, 1.00, 0.00, 0.00, 1.00, 1.00, 1.00, 0.00, 0.00, 0.00, 0.00, 1.00, 1.00, 0.00, 1.00
411,  0,  13.768,  0.98,  1, 0.00, 0.00, 0.73, 0.00, 1.78, 1.14, 0.00, 2.87, 3.39, 2.60, 0.00, 0.00, 0.00, 0.00, 1.14, 0.40, 0.12, 0.00, 0.00, 0.00, 0.00, 1.00, 0.00, 0.00, 1.00, 1.00, 1.00, 0.00, 0.00, 0.00, 0.00, 1.00, 1.00, 0.00, 1.00
412,  0,  13.801,  0.98,  1, 0.00, 0.00, 0.89, 0.00, 1.80, 1.10, 0.00, 2.91, 3.35, 2.57, 0.00, 0.00, 0.00, 0.00, 1.17, 0.40, 0.12, 0.00, 0.00, 0.00, 0.00, 1.00, 0.00, 0.00, 1.00, 1.00, 1.00, 0.00, 0.00, 0.00, 0.00, 1.00, 1.00, 0.00, 1.00
413,  0,  13.835,  0.98,  1, 0.00, 0.00, 0.91, 0.00, 1.80, 1.05, 0.00, 2.88, 3.35, 2.63, 0.00, 0.00, 0.00, 0.00, 1.25, 0.36, 0.06, 0.00, 0.00, 0.00, 0.00, 1.00, 0.00, 0.00, 1.00, 1.00, 1.00, 0.00, 0.00, 0.00, 0.00, 1.00, 1.00, 0.00, 1.00
414,  0,  13.868,  0.98,  1, 0.00, 0.00, 0.92, 0.00, 1.76, 0.92, 0.00, 2.93, 3.35, 2.69, 0.00, 0.00, 0.00, 0.00, 1.15, 0.34, 0.03, 0.00, 0.00, 0.00, 0.00, 1.00, 0.00, 0.00, 1.00, 1.00, 1.00, 0.00, 0.00, 0.00, 0.00, 1.00, 1.00, 0.00, 1.00
415,  0,  13.902,  0.98,  1, 0.00, 0.00, 0.79, 0.00, 1.73, 0.86, 0.00, 2.93, 3.36, 2.71, 0.00, 0.00, 0.00, 0.00, 1.11, 0.34, 0.11, 0.00, 0.00, 0.00, 0.00, 1.00, 0.00, 0.00, 1.00, 1.00, 1.00, 0.00, 0.00, 0.00, 0.00, 1.00, 1.00, 0.00, 1.00
416,  0,  13.935,  0.98,  1, 0.00, 0.00, 0.78, 0.00, 1.77, 0.87, 0.00, 3.00, 3.38, 2.82, 0.00, 0.00, 0.00, 0.00, 1.01, 0.34, 0.20, 0.00, 0.00, 0.00, 0.00, 1.00, 0.00, 0.00, 1.00, 1.00, 1.00, 0.00, 0.00, 0.00, 0.00, 1.00, 1.00, 0.00, 1.00
417,  0,  13.969,  0.98,  1, 0.00, 0.00, 0.73, 0.00, 1.85, 0.95, 0.00, 3.06, 3.35, 2.81, 0.00, 0.00, 0.00, 0.00, 0.99, 0.30, 0.34, 0.00, 0.00, 0.00, 0.00, 1.00, 0.00, 0.00, 1.00, 1.00, 1.00, 0.00, 0.00, 0.00, 0.00, 1.00, 1.00, 0.00, 1.00
418,  0,  14.003,  0.98,  1, 0.00, 0.00, 0.77, 0.00, 1.90, 0.95, 0.00, 3.11, 3.34, 2.77, 0.00, 0.00, 0.00, 0.00, 0.92, 0.36, 0.47, 0.00, 0.00, 0.00, 0.00, 1.00, 0.00, 0.00, 1.00, 1.00, 1.00, 0.00, 0.00, 0.00, 0.00, 1.00, 1.00, 0.00, 1.00
419,  0,  14.036,  0.98,  1, 0.00, 0.00, 0.79, 0.00, 1.93, 0.99, 0.00, 3.12, 3.33, 2.70, 0.00, 0.00, 0.00, 0.00, 0.90, 0.37, 0.49, 0.00, 0.00, 0.00, 0.00, 1.00, 1.00, 0.00, 1.00, 1.00, 1.00, 0.00, 0.00, 0.00, 0.00, 1.00, 1.00, 0.00, 1.00
420,  0,  14.070,  0.98,  1, 0.00, 0.00, 0.76, 0.00, 1.94, 0.95, 0.00, 3.01, 3.36, 2.72, 0.00, 0.00, 0.00, 0.00, 0.89, 0.53, 0.49, 0.00, 0.00, 0.00, 0.00, 1.00, 1.00, 0.00, 1.00, 1.00, 1.00, 0.00, 0.00, 0.00, 0.00, 1.00, 1.00, 0.00, 1.00
421,  0,  14.103,  0.98,  1, 0.00, 0.00, 0.83, 0.00, 1.95, 1.18, 0.00, 3.06, 3.33, 2.79, 0.00, 0.00, 0.00, 0.00, 0.98, 0.54, 0.38, 0.00, 0.00, 1.00, 0.00, 1.00, 1.00, 0.00, 1.00, 1.00, 1.00, 0.00, 0.00, 0.00, 0.00, 1.00, 1.00, 0.00, 1.00
422,  0,  14.137,  0.98,  1, 0.00, 0.00, 0.84, 0.00, 1.94, 1.10, 0.00, 3.12, 3.35, 2.69, 0.00, 0.00, 0.00, 0.00, 1.11, 0.53, 0.53, 0.00, 0.00, 0.00, 0.00, 1.00, 1.00, 0.00, 1.00, 1.00, 1.00, 0.00, 0.00, 0.00, 0.00, 1.00, 1.00, 0.00, 1.00
423,  0,  14.171,  0.98,  1, 0.00, 0.00, 0.96, 0.00, 1.91, 1.30, 0.00, 3.15, 3.36, 2.68, 0.00, 0.00, 0.00, 0.00, 1.08, 0.44, 0.51, 0.00, 0.00, 1.00, 0.00, 1.00, 1.00, 0.00, 1.00, 1.00, 1.00, 0.00, 0.00, 0.00, 0.00, 1.00, 1.00, 0.00, 1.00
424,  0,  14.204,  0.98,  1, 0.00, 0.00, 0.91, 0.00, 1.89, 1.12, 0.00, 3.12, 3.39, 2.71, 0.00, 0.00, 0.00, 0.00, 1.08, 0.44, 0.58, 0.00, 0.00, 1.00, 0.00, 1.00, 1.00, 0.00, 1.00, 1.00, 1.00, 0.00, 0.00, 0.00, 0.00, 1.00, 1.00, 0.00, 1.00
425,  0,  14.238,  0.98,  1, 0.00, 0.00, 0.93, 0.00, 1.87, 1.12, 0.00, 3.02, 3.37, 2.80, 0.00, 0.00, 0.00, 0.00, 1.01, 0.47, 0.45, 0.00, 0.00, 1.00, 0.00, 1.00, 1.00, 0.00, 1.00, 1.00, 1.00, 0.00, 0.00, 0.00, 0.00, 1.00, 1.00, 0.00, 1.00
426,  0,  14.271,  0.98,  1, 0.00, 0.00, 0.95, 0.00, 1.89, 0.99, 0.00, 3.03, 3.33, 2.81, 0.00, 0.00, 0.00, 0.00, 1.06, 0.51, 0.50, 0.00, 0.00, 1.00, 0.00, 1.00, 1.00, 0.00, 1.00, 1.00, 1.00, 0.00, 0.00, 0.00, 0.00, 1.00, 1.00, 0.00, 1.00
427,  0,  14.305,  0.98,  1, 0.00, 0.00, 0.95, 0.00, 1.88, 0.87, 0.00, 2.99, 3.29, 2.77, 0.00, 0.00, 0.00, 0.00, 0.99, 0.49, 0.54, 0.00, 0.00, 1.00, 0.00, 1.00, 1.00, 0.00, 1.00, 1.00, 1.00, 0.00, 0.00, 0.00, 0.00, 1.00, 1.00, 0.00, 1.00
428,  0,  14.338,  0.98,  1, 0.00, 0.00, 0.96, 0.00, 1.86, 0.86, 0.00, 3.05, 3.30, 2.76, 0.00, 0.00, 0.00, 0.00, 1.00, 0.56, 0.50, 0.00, 0.00, 1.00, 0.00, 1.00, 1.00, 0.00, 1.00, 1.00, 1.00, 0.00, 0.00, 0.00, 0.00, 1.00, 1.00, 0.00, 1.00
429,  0,  14.372,  0.98,  1, 0.00, 0.00, 0.95, 0.00, 1.80, 1.00, 0.00, 3.09, 3.32, 2.73, 0.00, 0.00, 0.00, 0.00, 0.99, 0.69, 0.37, 0.00, 0.00, 1.00, 0.00, 1.00, 1.00, 0.00, 1.00, 1.00, 1.00, 0.00, 0.00, 0.00, 0.00, 1.00, 1.00, 0.00, 1.00
430,  0,  14.406,  0.98,  1, 0.00, 0.00, 1.00, 0.00, 1.78, 1.18, 0.00, 3.13, 3.32, 2.74, 0.00, 0.00, 0.00, 0.00, 1.07, 0.68, 0.29, 0.00, 0.00, 1.00, 0.00, 1.00, 1.00, 0.00, 1.00, 1.00, 1.00, 0.00, 0.00, 0.00, 0.00, 1.00, 1.00, 0.00, 1.00
431,  0,  14.439,  0.98,  1, 0.00, 0.00, 0.97, 0.00, 1.76, 1.33, 0.00, 3.07, 3.29, 2.82, 0.00, 0.00, 0.00, 0.00, 1.08, 0.56, 0.33, 0.00, 0.00, 1.00, 0.00, 1.00, 1.00, 0.00, 1.00, 1.00, 1.00, 0.00, 0.00, 0.00, 0.00, 1.00, 1.00, 0.00, 1.00
432,  0,  14.473,  0.98,  1, 0.00, 0.00, 1.03, 0.00, 1.78, 1.28, 0.00, 3.05, 3.28, 2.84, 0.00, 0.00, 0.00, 0.00, 1.09, 0.37, 0.33, 0.00, 0.00, 1.00, 0.00, 1.00, 1.00, 0.00, 1.00, 1.00, 1.00, 0.00, 0.00, 0.00, 0.00, 1.00, 1.00, 0.00, 1.00
433,  0,  14.506,  0.98,  1, 0.00, 0.00, 1.02, 0.00, 1.81, 1.33, 0.00, 3.08, 3.31, 2.77, 0.00, 0.00, 0.00, 0.00, 1.08, 0.28, 0.27, 0.00, 0.00, 1.00, 0.00, 1.00, 1.00, 0.00, 1.00, 1.00, 1.00, 0.00, 0.00, 0.00, 0.00, 1.00, 1.00, 0.00, 1.00
434,  0,  14.540,  0.98,  1, 0.00, 0.00, 1.06, 0.02, 1.82, 1.23, 0.00, 3.06, 3.32, 2.67, 0.00, 0.00, 0.00, 0.00, 1.01, 0.24, 0.28, 0.00, 0.00, 1.00, 0.00, 1.00, 1.00, 0.00, 1.00, 1.00, 1.00, 0.00, 0.00, 0.00, 0.00, 1.00, 1.00, 0.00, 1.00
435,  0,  14.573,  0.98,  1, 0.00, 0.00, 1.06, 0.02, 1.86, 1.16, 0.00, 3.06, 3.34, 2.65, 0.00, 0.00, 0.00, 0.00, 1.05, 0.32, 0.49, 0.00, 0.00, 1.00, 0.00, 1.00, 1.00, 0.00, 1.00, 1.00, 1.00, 0.00, 0.00, 0.00, 0.00, 1.00, 0.00, 0.00, 1.00
436,  0,  14.607,  0.98,  1, 0.00, 0.00, 1.17, 0.02, 1.89, 1.10, 0.00, 3.06, 3.33, 2.66, 0.00, 0.00, 0.00, 0.00, 1.04, 0.44, 0.74, 0.00, 0.00, 1.00, 0.00, 1.00, 1.00, 0.00, 1.00, 1.00, 1.00, 0.00, 0.00, 0.00, 0.00, 1.00, 0.00, 0.00, 1.00
437,  0,  14.641,  0.98,  1, 0.00, 0.00, 1.17, 0.00, 1.94, 1.20, 0.00, 3.12, 3.34, 2.70, 0.00, 0.00, 0.00, 0.00, 1.02, 0.45, 0.67, 0.00, 0.00, 1.00, 0.00, 1.00, 1.00, 0.00, 1.00, 1.00, 1.00, 0.00, 0.00, 0.00, 0.00, 1.00, 0.00, 0.00, 1.00
438,  0,  14.674,  0.98,  1, 0.00, 0.00, 1.03, 0.00, 1.98, 1.31, 0.00, 3.13, 3.30, 2.59, 0.00, 0.00, 0.00, 0.00, 0.96, 0.28, 0.40, 0.00, 0.00, 1.00, 0.00, 1.00, 1.00, 0.00, 1.00, 1.00, 1.00, 0.00, 0.00, 0.00, 0.00, 1.00, 0.00, 0.00, 1.00
439,  0,  14.708,  0.98,  1, 0.00, 0.00, 0.88, 0.00, 2.03, 1.24, 0.00, 3.11, 3.29, 2.56, 0.00, 0.00, 0.00, 0.00, 0.94, 0.13, 0.09, 0.00, 0.00, 0.00, 0.00, 1.00, 1.00, 0.00, 1.00, 1.00, 1.00, 0.00, 0.00, 0.00, 0.00, 1.00, 0.00, 0.00, 1.00
440,  0,  14.741,  0.98,  1, 0.00, 0.00, 0.89, 0.00, 2.04, 1.21, 0.00, 3.11, 3.30, 2.54, 0.00, 0.00, 0.00, 0.00, 1.03, 0.04, 0.03, 0.00, 0.00, 0.00, 0.00, 1.00, 1.00, 0.00, 1.00, 1.00, 1.00, 0.00, 0.00, 0.00, 0.00, 1.00, 0.00, 0.00, 1.00
441,  0,  14.775,  0.98,  1, 0.00, 0.00, 0.90, 0.00, 2.02, 1.07, 0.00, 3.15, 3.34, 2.56, 0.00, 0.00, 0.00, 0.00, 1.13, 0.03, 0.05, 0.00, 0.00, 0.00, 0.00, 1.00, 1.00, 0.00, 1.00, 1.00, 1.00, 0.00, 0.00, 0.00, 0.00, 1.00, 0.00, 0.00, 1.00
442,  0,  14.809,  0.98,  1, 0.00, 0.00, 0.91, 0.00, 2.03, 1.14, 0.00, 3.21, 3.36, 2.48, 0.00, 0.00, 0.00, 0.00, 1.14, 0.11, 0.05, 0.00, 0.00, 0.00, 0.00, 1.00, 1.00, 0.00, 1.00, 1.00, 1.00, 0.00, 0.00, 0.00, 0.00, 1.00, 0.00, 0.00, 0.00
443,  0,  14.842,  0.98,  1, 0.00, 0.00, 0.87, 0.00, 2.07, 1.15, 0.00, 3.23, 3.31, 2.35, 0.00, 0.00, 0.00, 0.00, 1.03, 0.13, 0.09, 0.00, 0.00, 0.00, 0.00, 1.00, 1.00, 0.00, 1.00, 1.00, 1.00, 0.00, 0.00, 0.00, 0.00, 1.00, 0.00, 0.00, 0.00
444,  0,  14.876,  0.98,  1, 0.00, 0.00, 0.82, 0.00, 2.05, 1.11, 0.00, 3.13, 3.26, 2.31, 0.00, 0.01, 0.00, 0.00, 0.83, 0.23, 0.12, 0.00, 0.00, 0.00, 0.00, 1.00, 1.00, 0.00, 1.00, 1.00, 1.00, 0.00, 0.00, 0.00, 0.00, 1.00, 0.00, 0.00, 0.00
445,  0,  14.909,  0.98,  1, 0.00, 0.00, 0.74, 0.00, 1.97, 0.94, 0.00, 2.97, 3.22, 2.36, 0.00, 0.03, 0.00, 0.00, 0.51, 0.17, 0.27, 0.00, 0.00, 0.00, 0.00, 1.00, 1.00, 0.00, 1.00, 1.00, 1.00, 0.00, 0.00, 0.00, 0.00, 0.00, 0.00, 0.00, 0.00
446,  0,  14.943,  0.98,  1, 0.00, 0.00, 0.67, 0.00, 1.85, 0.73, 0.00, 2.80, 3.23, 2.37, 0.00, 0.23, 0.00, 0.07, 0.25, 0.13, 0.29, 0.00, 0.00, 0.00, 0.00, 1.00, 1.00, 0.00, 1.00, 1.00, 1.00, 0.00, 0.00, 0.00, 0.00, 0.00, 0.00, 0.00, 0.00
447,  0,  14.976,  0.98,  1, 0.00, 0.00, 0.74, 0.00, 1.82, 0.74, 0.00, 2.73, 3.24, 2.36, 0.00, 0.28, 0.00, 0.18, 0.03, 0.03, 0.26, 0.00, 0.00, 0.00, 0.00, 1.00, 1.00, 0.00, 1.00, 1.00, 1.00, 0.00, 0.00, 0.00, 0.00, 0.00, 0.00, 0.00, 0.00
448,  0,  15.010,  0.98,  1, 0.00, 0.00, 0.79, 0.00, 1.83, 0.95, 0.00, 2.71, 3.28, 2.35, 0.00, 0.26, 0.00, 0.20, 0.00, 0.00, 0.11, 0.00, 0.00, 0.00, 0.00, 1.00, 1.00, 0.00, 1.00, 1.00, 1.00, 0.00, 0.00, 0.00, 0.00, 0.00, 0.00, 0.00, 0.00
449,  0,  15.044,  0.98,  1, 0.00, 0.00, 0.86, 0.00, 1.87, 1.11, 0.00, 2.78, 3.29, 2.32, 0.00, 0.05, 0.00, 0.13, 0.03, 0.00, 0.05, 0.00, 0.00, 0.00, 0.00, 1.00, 1.00, 0.00, 1.00, 1.00, 1.00, 0.00, 0.00, 0.00, 0.00, 0.00, 0.00, 0.00, 0.00
450,  0,  15.077,  0.98,  1, 0.00, 0.00, 0.80, 0.00, 1.90, 1.32, 0.00, 2.87, 3.30, 2.24, 0.00, 0.00, 0.00, 0.02, 0.12, 0.00, 0.02, 0.00, 0.00, 0.00, 0.00, 1.00, 1.00, 0.00, 1.00, 1.00, 1.00, 0.00, 0.00, 0.00, 0.00, 0.00, 0.00, 0.00, 0.00
451,  0,  15.111,  0.98,  1, 0.00, 0.00, 0.77, 0.06, 1.90, 1.23, 0.00, 2.92, 3.32, 2.19, 0.00, 0.00, 0.00, 0.00, 0.24, 0.07, 0.04, 0.00, 0.00, 0.00, 0.00, 1.00, 1.00, 0.00, 1.00, 1.00, 1.00, 0.00, 0.00, 0.00, 0.00, 0.00, 0.00, 0.00, 0.00
452,  0,  15.144,  0.98,  1, 0.00, 0.00, 0.73, 0.06, 1.90, 1.25, 0.00, 2.93, 3.30, 2.23, 0.00, 0.00, 0.00, 0.00, 0.35, 0.10, 0.04, 0.00, 0.00, 0.00, 0.00, 1.00, 1.00, 0.00, 1.00, 1.00, 1.00, 0.00, 0.00, 0.00, 0.00, 0.00, 0.00, 0.00, 0.00
453,  0,  15.178,  0.98,  1, 0.00, 0.00, 0.70, 0.06, 1.90, 1.12, 0.00, 2.94, 3.34, 2.30, 0.00, 0.00, 0.00, 0.00, 0.46, 0.11, 0.02, 0.00, 0.00, 0.00, 0.00, 1.00, 1.00, 0.00, 1.00, 1.00, 1.00, 0.00, 0.00, 0.00, 0.00, 0.00, 0.00, 0.00, 0.00
454,  0,  15.211,  0.98,  1, 0.00, 0.00, 0.74, 0.00, 1.90, 1.07, 0.00, 3.01, 3.33, 2.36, 0.00, 0.00, 0.00, 0.00, 0.57, 0.13, 0.00, 0.00, 0.00, 0.00, 0.00, 1.00, 1.00, 0.00, 1.00, 1.00, 1.00, 0.00, 0.00, 0.00, 0.00, 0.00, 0.00, 0.00, 0.00
455,  0,  15.245,  0.98,  1, 0.00, 0.00, 0.82, 0.00, 1.91, 0.99, 0.00, 3.09, 3.35, 2.37, 0.00, 0.00, 0.00, 0.00, 0.77, 0.34, 0.01, 0.00, 0.00, 0.00, 0.00, 1.00, 1.00, 0.00, 1.00, 1.00, 1.00, 0.00, 0.00, 0.00, 0.00, 0.00, 0.00, 0.00, 0.00
456,  0,  15.279,  0.98,  1, 0.00, 0.00, 0.89, 0.00, 1.91, 0.88, 0.00, 3.03, 3.30, 2.31, 0.00, 0.00, 0.00, 0.00, 0.77, 0.37, 0.11, 0.00, 0.00, 0.00, 0.00, 1.00, 1.00, 0.00, 1.00, 1.00, 1.00, 0.00, 0.00, 0.00, 0.00, 0.00, 0.00, 0.00, 0.00
457,  0,  15.312,  0.98,  1, 0.00, 0.00, 0.86, 0.00, 1.96, 1.00, 0.00, 2.98, 3.27, 2.35, 0.00, 0.00, 0.00, 0.00, 0.73, 0.28, 0.20, 0.00, 0.00, 1.00, 0.00, 1.00, 1.00, 0.00, 1.00, 1.00, 1.00, 0.00, 0.00, 0.00, 0.00, 0.00, 0.00, 0.00, 0.00
458,  0,  15.346,  0.98,  1, 0.00, 0.00, 0.88, 0.00, 2.00, 0.84, 0.00, 2.93, 3.29, 2.37, 0.00, 0.08, 0.00, 0.00, 0.39, 0.04, 0.22, 0.00, 0.00, 1.00, 0.00, 1.00, 1.00, 0.00, 1.00, 1.00, 1.00, 0.00, 0.00, 0.00, 0.00, 0.00, 0.00, 0.00, 0.00
459,  0,  15.379,  0.98,  1, 0.00, 0.00, 0.89, 0.00, 2.02, 0.75, 0.00, 2.98, 3.27, 2.46, 0.00, 0.13, 0.00, 0.00, 0.18, 0.00, 0.18, 0.00, 0.00, 1.00, 0.00, 1.00, 1.00, 0.00, 1.00, 1.00, 1.00, 0.00, 0.00, 0.00, 0.00, 0.00, 0.00, 0.00, 0.00
460,  0,  15.413,  0.98,  1, 0.00, 0.00, 0.97, 0.00, 2.00, 0.54, 0.00, 3.00, 3.27, 2.48, 0.00, 0.15, 0.00, 0.03, 0.00, 0.00, 0.16, 0.00, 0.00, 1.00, 0.00, 1.00, 1.00, 0.00, 1.00, 1.00, 1.00, 0.00, 0.00, 0.00, 0.00, 0.00, 0.00, 0.00, 0.00
461,  0,  15.447,  0.98,  1, 0.00, 0.00, 0.98, 0.00, 2.02, 0.55, 0.00, 2.96, 3.25, 2.51, 0.00, 0.14, 0.00, 0.03, 0.00, 0.00, 0.12, 0.00, 0.00, 1.00, 0.00, 1.00, 1.00, 0.00, 1.00, 1.00, 1.00, 0.00, 0.00, 0.00, 0.00, 0.00, 0.00, 0.00, 0.00
462,  0,  15.480,  0.98,  1, 0.00, 0.00, 1.12, 0.00, 2.07, 0.37, 0.00, 3.03, 3.30, 2.53, 0.00, 0.22, 0.00, 0.03, 0.00, 0.00, 0.09, 0.00, 0.00, 1.00, 0.00, 1.00, 1.00, 0.00, 1.00, 1.00, 1.00, 0.00, 0.00, 0.00, 0.00, 0.00, 0.00, 0.00, 0.00
463,  0,  15.514,  0.98,  1, 0.00, 0.00, 1.10, 0.00, 2.14, 0.18, 0.00, 2.94, 3.37, 2.51, 0.00, 0.34, 0.00, 0.01, 0.00, 0.00, 0.12, 0.00, 0.00, 1.00, 0.00, 1.00, 0.00, 0.00, 1.00, 1.00, 1.00, 0.00, 0.00, 0.00, 0.00, 0.00, 0.00, 0.00, 0.00
464,  0,  15.547,  0.98,  1, 0.01, 0.00, 1.23, 0.00, 2.16, 0.12, 0.00, 2.97, 3.40, 2.46, 0.00, 0.37, 0.00, 0.01, 0.09, 0.00, 0.12, 0.00, 0.00, 1.00, 0.00, 1.00, 0.00, 0.00, 1.00, 1.00, 1.00, 0.00, 0.00, 0.00, 0.00, 0.00, 0.00, 0.00, 0.00
465,  0,  15.581,  0.98,  1, 0.01, 0.00, 1.23, 0.00, 2.16, 0.11, 0.00, 2.90, 3.40, 2.44, 0.00, 0.37, 0.00, 0.01, 0.22, 0.00, 0.09, 0.00, 0.00, 1.00, 0.00, 1.00, 0.00, 0.00, 1.00, 1.00, 1.00, 0.00, 0.00, 0.00, 0.00, 0.00, 0.00, 0.00, 0.00
466,  0,  15.614,  0.98,  1, 0.01, 0.00, 1.31, 0.00, 2.11, 0.11, 0.00, 3.03, 3.37, 2.39, 0.00, 0.35, 0.00, 0.00, 0.53, 0.16, 0.00, 0.00, 0.00, 1.00, 0.00, 1.00, 0.00, 0.00, 1.00, 1.00, 1.00, 0.00, 0.00, 0.00, 0.00, 0.00, 0.00, 0.00, 0.00
467,  0,  15.648,  0.98,  1, 0.00, 0.00, 1.21, 0.00, 2.10, 0.00, 0.06, 3.04, 3.37, 2.41, 0.00, 0.32, 0.00, 0.00, 0.70, 0.49, 0.00, 0.00, 0.00, 1.00, 0.00, 1.00, 0.00, 0.00, 1.00, 1.00, 1.00, 0.00, 0.00, 0.00, 0.00, 0.00, 0.00, 0.00, 0.00
468,  0,  15.682,  0.98,  1, 0.00, 0.00, 1.03, 0.00, 2.05, 0.00, 0.10, 3.19, 3.22, 2.50, 0.00, 0.28, 0.00, 0.00, 0.97, 0.83, 0.00, 0.00, 0.00, 1.00, 0.00, 1.00, 0.00, 0.00, 1.00, 1.00, 1.00, 0.00, 0.00, 0.00, 0.00, 0.00, 0.00, 0.00, 0.00
469,  0,  15.715,  0.98,  1, 0.00, 0.00, 1.00, 0.00, 1.99, 0.00, 0.11, 3.29, 3.04, 2.45, 0.00, 0.25, 0.00, 0.06, 1.08, 1.11, 0.00, 0.00, 0.00, 1.00, 0.00, 1.00, 0.00, 0.00, 1.00, 1.00, 1.00, 0.00, 0.00, 0.00, 0.00, 0.00, 0.00, 0.00, 0.00
470,  0,  15.749,  0.98,  1, 0.00, 0.00, 0.97, 0.00, 1.92, 0.00, 0.19, 3.30, 2.81, 2.41, 0.00, 0.34, 0.00, 0.19, 1.20, 1.24, 0.00, 0.00, 0.00, 1.00, 0.00, 1.00, 0.00, 0.00, 1.00, 1.00, 1.00, 0.00, 0.00, 0.00, 1.00, 1.00, 0.00, 0.00, 0.00
471,  0,  15.782,  0.98,  1, 0.00, 0.00, 1.05, 0.00, 1.92, 0.05, 0.20, 3.20, 2.92, 2.39, 0.00, 0.39, 0.00, 0.49, 1.12, 1.37, 0.00, 0.00, 0.00, 1.00, 0.00, 1.00, 0.00, 0.00, 1.00, 1.00, 1.00, 0.00, 0.00, 0.00, 1.00, 1.00, 0.00, 0.00, 0.00
472,  0,  15.816,  0.98,  1, 0.00, 0.00, 1.06, 0.00, 1.97, 0.05, 0.24, 3.14, 2.96, 2.59, 0.00, 0.48, 0.00, 0.69, 1.06, 1.24, 0.00, 0.00, 0.00, 1.00, 0.00, 1.00, 0.00, 0.00, 1.00, 1.00, 1.00, 0.00, 0.00, 0.00, 1.00, 1.00, 0.00, 0.00, 0.00
473,  0,  15.849,  0.98,  1, 0.00, 0.00, 1.05, 0.00, 2.02, 0.10, 0.16, 3.18, 3.14, 2.72, 0.00, 0.57, 0.00, 0.97, 0.85, 1.06, 0.00, 0.00, 0.00, 1.00, 0.00, 1.00, 0.00, 0.00, 1.00, 1.00, 1.00, 0.00, 0.00, 0.00, 1.00, 1.00, 0.00, 0.00, 0.00
474,  0,  15.883,  0.98,  1, 0.00, 0.00, 1.05, 0.00, 1.95, 0.05, 0.16, 3.22, 3.07, 2.70, 0.00, 0.57, 0.00, 0.98, 0.85, 0.86, 0.00, 0.00, 0.00, 1.00, 0.00, 1.00, 0.00, 0.00, 1.00, 1.00, 1.00, 0.00, 0.00, 0.00, 1.00, 1.00, 0.00, 0.00, 0.00
475,  0,  15.917,  0.98,  1, 0.00, 0.00, 1.06, 0.00, 1.96, 0.05, 0.13, 3.15, 3.21, 2.69, 0.00, 0.61, 0.00, 1.08, 0.85, 0.89, 0.00, 0.00, 0.00, 1.00, 0.00, 1.00, 0.00, 0.00, 1.00, 1.00, 1.00, 0.00, 0.00, 0.00, 1.00, 1.00, 0.00, 0.00, 0.00
476,  0,  15.950,  0.98,  1, 0.00, 0.00, 0.96, 0.00, 1.93, 0.00, 0.07, 3.08, 3.19, 2.61, 0.00, 0.51, 0.00, 0.95, 1.19, 0.92, 0.00, 0.00, 0.00, 1.00, 0.00, 1.00, 0.00, 0.00, 1.00, 1.00, 1.00, 0.00, 0.00, 0.00, 1.00, 0.00, 0.00, 0.00, 0.00
477,  0,  15.984,  0.98,  1, 0.00, 0.00, 0.75, 0.00, 1.92, 0.00, 0.00, 2.97, 3.21, 2.47, 0.00, 0.44, 0.00, 0.81, 1.48, 0.95, 0.00, 0.00, 0.00, 1.00, 0.00, 1.00, 0.00, 0.00, 1.00, 1.00, 1.00, 0.00, 0.00, 0.00, 0.00, 1.00, 0.00, 0.00, 0.00
