frame, face_id, timestamp, confidence, success, AU01_r, AU02_r, AU04_r, AU05_r, AU06_r, AU07_r, AU09_r, AU10_r, AU12_r, AU14_r, AU15_r, AU17_r, AU20_r, AU23_r, AU25_r, AU26_r, AU45_r, AU01_c, AU02_c, AU04_c, AU05_c, AU06_c, AU07_c, AU09_c, AU10_c, AU12_c, AU14_c, AU15_c, AU17_c, AU20_c, AU23_c, AU25_c, AU26_c, AU28_c, AU45_c
1,  0,  0.000,  0.98,  1, 0.38, 0.00, 0.79, 0.00, 1.72, 2.19, 0.00, 1.87, 1.14, 1.89, 0.56, 0.04, 0.15, 0.00, 0.79, 0.60, 0.87, 1.00, 1.00, 0.00, 0.00, 1.00, 1.00, 0.00, 1.00, 1.00, 1.00, 0.00, 0.00, 1.00, 0.00, 0.00, 0.00, 0.00, 0.00
2,  0,  0.034,  0.98,  1, 0.19, 0.00, 0.84, 0.00, 1.84, 2.00, 0.00, 2.22, 1.23, 2.23, 0.36, 0.14, 0.39, 0.00, 0.60, 0.67, 0.88, 0.00, 0.00, 0.00, 0.00, 1.00, 1.00, 0.00, 1.00, 1.00, 1.00, 0.00, 0.00, 1.00, 0.00, 0.00, 0.00, 0.00, 0.00
3,  0,  0.067,  0.98,  1, 0.07, 0.00, 0.87, 0.00, 1.92, 1.92, 0.00, 2.39, 1.27, 2.29, 0.22, 0.14, 0.51, 0.00, 0.53, 0.70, 0.82, 0.00, 0.00, 0.00, 0.00, 1.00, 1.00, 0.00, 1.00, 1.00, 1.00, 0.00, 0.00, 1.00, 0.00, 0.00, 0.00, 0.00, 0.00
4,  0,  0.101,  0.98,  1, 0.00, 0.00, 0.87, 0.00, 1.93, 1.98, 0.00, 2.35, 1.31, 2.21, 0.18, 0.19, 0.50, 0.00, 0.45, 0.66, 0.68, 0.00, 0.00, 0.00, 0.00, 1.00, 1.00, 0.00, 1.00, 1.00, 1.00, 0.00, 0.00, 1.00, 0.00, 0.00, 0.00, 0.00, 0.00
5,  0,  0.134,  0.98,  1, 0.00, 0.00, 0.92, 0.00, 1.93, 2.04, 0.00, 2.40, 1.31, 2.23, 0.12, 0.19, 0.50, 0.00, 0.48, 0.77, 0.58, 0.00, 0.00, 0.00, 0.00, 1.00, 1.00, 0.00, 1.00, 1.00, 1.00, 0.00, 0.00, 1.00, 0.00, 0.00, 0.00, 0.00, 0.00
6,  0,  0.168,  0.98,  1, 0.00, 0.00, 1.01, 0.00, 1.91, 2.05, 0.00, 2.39, 1.35, 2.33, 0.07, 0.25, 0.41, 0.00, 0.41, 0.74, 0.50, 0.00, 0.00, 0.00, 0.00, 1.00, 1.00, 0.00, 1.00, 1.00, 1.00, 0.00, 0.00, 0.00, 0.00, 0.00, 0.00, 0.00, 0.00
7,  0,  0.202,  0.98,  1, 0.00, 0.00, 1.07, 0.00, 1.89, 2.08, 0.00, 2.38, 1.38, 2.36, 0.04, 0.18, 0.40, 0.00, 0.38, 0.65, 0.51, 0.00, 0.00, 0.00, 0.00, 1.00, 1.00, 0.00, 1.00, 1.00, 1.00, 0.00, 0.00, 0.00, 0.00, 0.00, 0.00, 0.00, 0.00
8,  0,  0.235,  0.98,  1, 0.00, 0.00, 1.06, 0.00, 1.88, 2.16, 0.00, 2.28, 1.39, 2.32, 0.01, 0.19, 0.27, 0.00, 0.32, 0.60, 0.52, 0.00, 0.00, 0.00, 0.00, 1.00, 1.00, 0.00, 1.00, 1.00, 1.00, 0.00, 0.00, 0.00, 0.00, 0.00, 0.00, 0.00, 0.00
9,  0,  0.269,  0.98,  1, 0.00, 0.00, 1.00, 0.00, 1.91, 2.23, 0.00, 2.31, 1.35, 2.25, 0.06, 0.21, 0.30, 0.00, 0.27, 0.55, 0.58, 0.00, 0.00, 0.00, 0.00, 1.00, 1.00, 0.00, 1.00, 1.00, 1.00, 0.00, 0.00, 1.00, 0.00, 0.00, 0.00, 0.00, 0.00
10,  0,  0.302,  0.98,  1, 0.00, 0.00, 0.95, 0.00, 1.91, 2.18, 0.00, 2.33, 1.30, 2.23, 0.09, 0.29, 0.45, 0.00, 0.30, 0.58, 0.57, 0.00, 0.00, 0.00, 0.00, 1.00, 1.00, 0.00, 1.00, 1.00, 1.00, 0.00, 0.00, 1.00, 0.00, 0.00, 0.00, 0.00, 0.00
11,  0,  0.336,  0.98,  1, 0.01, 0.00, 1.00, 0.00, 1.89, 2.11, 0.00, 2.36, 1.26, 2.21, 0.18, 0.28, 0.59, 0.00, 0.28, 0.61, 0.54, 0.00, 0.00, 0.00, 0.00, 1.00, 1.00, 0.00, 1.00, 1.00, 1.00, 0.00, 0.00, 1.00, 0.00, 0.00, 0.00, 0.00, 0.00
12,  0,  0.370,  0.98,  1, 0.03, 0.00, 1.04, 0.00, 1.88, 2.07, 0.00, 2.32, 1.26, 2.27, 0.14, 0.31, 0.74, 0.00, 0.31, 0.74, 0.45, 0.00, 0.00, 0.00, 0.00, 1.00, 1.00, 0.00, 1.00, 1.00, 1.00, 0.00, 0.00, 1.00, 0.00, 0.00, 0.00, 0.00, 0.00
13,  0,  0.403,  0.98,  1, 0.06, 0.00, 1.12, 0.00, 1.91, 2.18, 0.00, 2.26, 1.24, 2.25, 0.10, 0.27, 0.69, 0.00, 0.31, 0.65, 0.40, 0.00, 0.00, 0.00, 0.00, 1.00, 1.00, 0.00, 1.00, 1.00, 1.00, 0.00, 0.00, 1.00, 0.00, 0.00, 0.00, 0.00, 0.00
14,  0,  0.437,  0.98,  1, 0.09, 0.00, 1.07, 0.00, 1.94, 2.23, 0.00, 2.26, 1.25, 2.29, 0.02, 0.24, 0.68, 0.00, 0.36, 0.54, 0.41, 0.00, 0.00, 0.00, 0.00, 1.00, 1.00, 0.00, 1.00, 1.00, 1.00, 0.00, 0.00, 1.00, 0.00, 0.00, 0.00, 0.00, 0.00
15,  0,  0.470,  0.98,  1, 0.07, 0.00, 1.01, 0.00, 1.97, 2.33, 0.00, 2.26, 1.25, 2.31, 0.10, 0.20, 0.57, 0.00, 0.35, 0.40, 0.45, 0.00, 0.00, 0.00, 0.00, 1.00, 1.00, 0.00, 1.00, 1.00, 1.00, 0.00, 0.00, 1.00, 0.00, 0.00, 0.00, 0.00, 0.00
16,  0,  0.504,  0.98,  1, 0.06, 0.00, 0.92, 0.00, 1.96, 2.28, 0.00, 2.33, 1.27, 2.40, 0.20, 0.22, 0.49, 0.00, 0.40, 0.37, 0.48, 0.00, 0.00, 0.00, 0.00, 1.00, 1.00, 0.00, 1.00, 1.00, 1.00, 0.00, 0.00, 1.00, 0.00, 0.00, 0.00, 0.00, 0.00
17,  0,  0.538,  0.98,  1, 0.07, 0.00, 0.92, 0.00, 1.93, 2.28, 0.00, 2.30, 1.25, 2.44, 0.26, 0.30, 0.27, 0.00, 0.41, 0.27, 0.44, 0.00, 0.00, 0.00, 0.00, 1.00, 1.00, 0.00, 1.00, 1.00, 1.00, 0.00, 0.00, 1.00, 0.00, 0.00, 0.00, 0.00, 0.00
18,  0,  0.571,  0.98,  1, 0.11, 0.00, 0.94, 0.02, 1.92, 2.22, 0.00, 2.32, 1.25, 2.47, 0.19, 0.43, 0.18, 0.00, 0.42, 0.28, 0.39, 0.00, 0.00, 0.00, 0.00, 1.00, 1.00, 0.00, 1.00, 1.00, 1.00, 0.00, 0.00, 1.00, 0.00, 0.00, 0.00, 0.00, 0.00
19,  0,  0.605,  0.98,  1, 0.16, 0.00, 0.95, 0.02, 1.92, 2.23, 0.00, 2.34, 1.28, 2.48, 0.09, 0.49, 0.17, 0.00, 0.39, 0.34, 0.44, 0.00, 0.00, 0.00, 0.00, 1.00, 1.00, 0.00, 1.00, 1.00, 1.00, 0.00, 0.00, 0.00, 0.00, 0.00, 0.00, 0.00, 0.00
20,  0,  0.638,  0.98,  1, 0.14, 0.00, 0.92, 0.02, 1.92, 2.27, 0.00, 2.38, 1.30, 2.45, 0.02, 0.56, 0.32, 0.00, 0.29, 0.36, 0.56, 0.00, 0.00, 0.00, 0.00, 1.00, 1.00, 0.00, 1.00, 1.00, 1.00, 0.00, 0.00, 0.00, 0.00, 0.00, 0.00, 0.00, 0.00
21,  0,  0.672,  0.98,  1, 0.14, 0.00, 0.93, 0.00, 1.90, 2.30, 0.00, 2.34, 1.31, 2.34, 0.00, 0.48, 0.31, 0.00, 0.30, 0.35, 0.64, 0.00, 0.00, 0.00, 0.00, 1.00, 1.00, 0.00, 1.00, 1.00, 1.00, 0.00, 0.00, 0.00, 0.00, 0.00, 0.00, 0.00, 0.00
22,  0,  0.706,  0.98,  1, 0.13, 0.00, 0.95, 0.00, 1.88, 2.37, 0.00, 2.36, 1.32, 2.24, 0.00, 0.42, 0.36, 0.00, 0.28, 0.36, 0.65, 0.00, 0.00, 0.00, 0.00, 1.00, 1.00, 0.00, 1.00, 1.00, 1.00, 0.00, 0.00, 0.00, 0.00, 0.00, 0.00, 0.00, 0.00
23,  0,  0.739,  0.98,  1, 0.16, 0.00, 1.03, 0.00, 1.86, 2.46, 0.00, 2.30, 1.31, 2.15, 0.00, 0.26, 0.20, 0.00, 0.30, 0.39, 0.64, 0.00, 0.00, 0.00, 0.00, 1.00, 1.00, 0.00, 1.00, 1.00, 1.00, 0.00, 0.00, 0.00, 0.00, 0.00, 0.00, 0.00, 0.00
24,  0,  0.773,  0.98,  1, 0.17, 0.00, 1.05, 0.00, 1.83, 2.48, 0.00, 2.23, 1.27, 2.17, 0.00, 0.14, 0.16, 0.00, 0.19, 0.29, 0.71, 0.00, 0.00, 0.00, 0.00, 1.00, 1.00, 0.00, 1.00, 1.00, 1.00, 0.00, 0.00, 0.00, 0.00, 0.00, 0.00, 0.00, 0.00
25,  0,  0.806,  0.98,  1, 0.11, 0.00, 1.05, 0.00, 1.84, 2.52, 0.00, 2.13, 1.22, 2.19, 0.00, 0.07, 0.01, 0.00, 0.11, 0.22, 0.63, 0.00, 1.00, 0.00, 0.00, 1.00, 1.00, 0.00, 1.00, 1.00, 1.00, 0.00, 0.00, 0.00, 0.00, 0.00, 0.00, 0.00, 0.00
26,  0,  0.840,  0.98,  1, 0.05, 0.00, 1.02, 0.00, 1.82, 2.56, 0.00, 2.15, 1.19, 2.26, 0.00, 0.10, 0.01, 0.00, 0.09, 0.24, 0.54, 0.00, 1.00, 0.00, 0.00, 1.00, 1.00, 0.00, 1.00, 1.00, 1.00, 0.00, 0.00, 0.00, 0.00, 0.00, 0.00, 0.00, 0.00
27,  0,  0.874,  0.98,  1, 0.00, 0.00, 1.03, 0.00, 1.78, 2.55, 0.00, 2.22, 1.19, 2.17, 0.00, 0.24, 0.01, 0.00, 0.19, 0.42, 0.32, 0.00, 1.00, 0.00, 0.00, 1.00, 1.00, 0.00, 1.00, 1.00, 1.00, 0.00, 0.00, 0.00, 0.00, 0.00, 0.00, 0.00, 0.00
28,  0,  0.907,  0.98,  1, 0.04, 0.00, 1.09, 0.00, 1.72, 2.61, 0.00, 2.30, 1.19, 2.25, 0.00, 0.34, 0.00, 0.00, 0.25, 0.50, 0.20, 0.00, 1.00, 0.00, 0.00, 1.00, 1.00, 0.00, 1.00, 1.00, 1.00, 0.00, 0.00, 1.00, 0.00, 0.00, 0.00, 0.00, 0.00
29,  0,  0.941,  0.98,  1, 0.07, 0.00, 1.11, 0.02, 1.70, 2.57, 0.00, 2.35, 1.18, 2.33, 0.00, 0.40, 0.01, 0.00, 0.23, 0.48, 0.09, 0.00, 1.00, 0.00, 0.00, 1.00, 1.00, 0.00, 1.00, 1.00, 1.00, 0.00, 0.00, 1.00, 0.00, 0.00, 0.00, 0.00, 0.00
30,  0,  0.974,  0.98,  1, 0.10, 0.00, 1.10, 0.02, 1.67, 2.60, 0.00, 2.32, 1.17, 2.42, 0.00, 0.27, 0.01, 0.00, 0.12, 0.30, 0.11, 0.00, 0.00, 0.00, 0.00, 1.00, 1.00, 0.00, 1.00, 1.00, 1.00, 0.00, 0.00, 1.00, 0.00, 0.00, 0.00, 0.00, 0.00
31,  0,  1.008,  0.98,  1, 0.10, 0.00, 1.07, 0.02, 1.65, 2.46, 0.00, 2.20, 1.15, 2.29, 0.00, 0.23, 0.01, 0.00, 0.02, 0.20, 0.16, 0.00, 0.00, 0.00, 0.00, 1.00, 1.00, 0.00, 1.00, 1.00, 1.00, 0.00, 0.00, 1.00, 0.00, 0.00, 0.00, 0.00, 0.00
32,  0,  1.042,  0.98,  1, 0.13, 0.00, 1.14, 0.01, 1.65, 2.46, 0.00, 2.13, 1.16, 2.17, 0.00, 0.16, 0.01, 0.00, 0.00, 0.21, 0.24, 0.00, 0.00, 0.00, 0.00, 1.00, 1.00, 0.00, 1.00, 1.00, 1.00, 0.00, 0.00, 1.00, 0.00, 0.00, 0.00, 0.00, 0.00
33,  0,  1.075,  0.98,  1, 0.19, 0.00, 1.27, 0.01, 1.65, 2.51, 0.00, 2.18, 1.14, 2.18, 0.00, 0.23, 0.01, 0.00, 0.00, 0.37, 0.34, 0.00, 0.00, 0.00, 0.00, 1.00, 1.00, 0.00, 1.00, 1.00, 1.00, 0.00, 0.00, 0.00, 0.00, 0.00, 0.00, 0.00, 0.00
34,  0,  1.109,  0.98,  1, 0.21, 0.00, 1.37, 0.00, 1.66, 2.62, 0.00, 2.24, 1.13, 2.29, 0.00, 0.21, 0.01, 0.00, 0.00, 0.60, 0.40, 0.00, 0.00, 0.00, 0.00, 1.00, 1.00, 0.00, 1.00, 1.00, 1.00, 0.00, 0.00, 0.00, 0.00, 0.00, 0.00, 0.00, 0.00
35,  0,  1.142,  0.98,  1, 0.16, 0.00, 1.40, 0.00, 1.67, 2.64, 0.00, 2.27, 1.11, 2.30, 0.01, 0.18, 0.00, 0.00, 0.00, 0.65, 0.48, 0.00, 0.00, 0.00, 0.00, 1.00, 1.00, 0.00, 1.00, 1.00, 1.00, 0.00, 0.00, 0.00, 0.00, 0.00, 0.00, 0.00, 0.00
36,  0,  1.176,  0.98,  1, 0.08, 0.00, 1.37, 0.00, 1.71, 2.66, 0.00, 2.31, 1.15, 2.36, 0.01, 0.09, 0.00, 0.00, 0.03, 0.57, 0.49, 0.00, 0.00, 0.00, 0.00, 1.00, 1.00, 0.00, 1.00, 1.00, 1.00, 0.00, 0.00, 0.00, 0.00, 0.00, 0.00, 0.00, 0.00
37,  0,  1.210,  0.98,  1, 0.04, 0.00, 1.36, 0.00, 1.71, 2.65, 0.00, 2.34, 1.18, 2.39, 0.01, 0.03, 0.00, 0.00, 0.04, 0.49, 0.52, 0.00, 0.00, 0.00, 0.00, 1.00, 1.00, 0.00, 1.00, 1.00, 1.00, 0.00, 0.00, 0.00, 0.00, 0.00, 0.00, 0.00, 0.00
38,  0,  1.243,  0.98,  1, 0.05, 0.00, 1.35, 0.00, 1.71, 2.69, 0.00, 2.43, 1.20, 2.43, 0.12, 0.00, 0.02, 0.00, 0.04, 0.49, 0.44, 0.00, 0.00, 0.00, 0.00, 1.00, 1.00, 0.00, 1.00, 1.00, 1.00, 0.00, 0.00, 0.00, 0.00, 0.00, 0.00, 0.00, 0.00
39,  0,  1.277,  0.98,  1, 0.10, 0.00, 1.38, 0.00, 1.67, 2.76, 0.00, 2.44, 1.15, 2.41, 0.12, 0.04, 0.02, 0.00, 0.01, 0.51, 0.43, 0.00, 0.00, 0.00, 0.00, 1.00, 1.00, 0.00, 1.00, 1.00, 1.00, 0.00, 0.00, 0.00, 0.00, 0.00, 0.00, 0.00, 0.00
40,  0,  1.310,  0.98,  1, 0.13, 0.00, 1.39, 0.00, 1.68, 2.73, 0.00, 2.42, 1.14, 2.44, 0.12, 0.12, 0.02, 0.00, 0.01, 0.36, 0.34, 0.00, 0.00, 0.00, 0.00, 1.00, 1.00, 0.00, 1.00, 1.00, 1.00, 0.00, 0.00, 0.00, 0.00, 0.00, 0.00, 0.00, 0.00
41,  0,  1.344,  0.98,  1, 0.16, 0.00, 1.41, 0.00, 1.65, 2.64, 0.00, 2.29, 1.15, 2.54, 0.00, 0.12, 0.00, 0.00, 0.01, 0.27, 0.36, 0.00, 0.00, 0.00, 0.00, 1.00, 1.00, 0.00, 1.00, 1.00, 1.00, 0.00, 0.00, 0.00, 0.00, 0.00, 0.00, 0.00, 0.00
42,  0,  1.377,  0.98,  1, 0.16, 0.00, 1.32, 0.00, 1.67, 2.61, 0.00, 2.38, 1.21, 2.48, 0.00, 0.08, 0.00, 0.00, 0.00, 0.22, 0.33, 0.00, 0.00, 0.00, 0.00, 1.00, 1.00, 0.00, 1.00, 1.00, 1.00, 0.00, 0.00, 0.00, 0.00, 0.00, 0.00, 0.00, 0.00
43,  0,  1.411,  0.98,  1, 0.18, 0.00, 1.31, 0.00, 1.65, 2.76, 0.00, 2.42, 1.24, 2.39, 0.00, 0.02, 0.00, 0.00, 0.00, 0.37, 0.35, 0.00, 0.00, 0.00, 0.00, 1.00, 1.00, 0.00, 1.00, 1.00, 1.00, 0.00, 0.00, 0.00, 0.00, 0.00, 0.00, 0.00, 0.00
44,  0,  1.445,  0.98,  1, 0.22, 0.04, 1.31, 0.00, 1.64, 2.90, 0.00, 2.53, 1.24, 2.32, 0.00, 0.02, 0.01, 0.00, 0.00, 0.46, 0.31, 0.00, 1.00, 0.00, 0.00, 1.00, 1.00, 0.00, 1.00, 1.00, 1.00, 0.00, 0.00, 0.00, 0.00, 0.00, 0.00, 0.00, 0.00
45,  0,  1.478,  0.98,  1, 0.27, 0.04, 1.45, 0.00, 1.63, 2.93, 0.00, 2.46, 1.29, 2.38, 0.06, 0.02, 0.01, 0.00, 0.00, 0.56, 0.26, 0.00, 1.00, 0.00, 0.00, 1.00, 1.00, 0.00, 1.00, 1.00, 1.00, 0.00, 0.00, 1.00, 0.00, 0.00, 0.00, 0.00, 0.00
46,  0,  1.512,  0.98,  1, 0.28, 0.04, 1.48, 0.00, 1.65, 2.92, 0.00, 2.46, 1.32, 2.42, 0.06, 0.00, 0.21, 0.00, 0.00, 0.57, 0.32, 1.00, 1.00, 0.00, 0.00, 1.00, 1.00, 0.00, 1.00, 1.00, 1.00, 0.00, 0.00, 1.00, 0.00, 0.00, 0.00, 0.00, 0.00
47,  0,  1.545,  0.98,  1, 0.24, 0.00, 1.50, 0.00, 1.71, 2.91, 0.00, 2.44, 1.34, 2.39, 0.06, 0.02, 0.32, 0.00, 0.00, 0.53, 0.48, 1.00, 1.00, 0.00, 0.00, 1.00, 1.00, 0.00, 1.00, 1.00, 1.00, 0.00, 0.00, 1.00, 0.00, 0.00, 0.00, 0.00, 0.00
48,  0,  1.579,  0.98,  1, 0.20, 0.00, 1.50, 0.00, 1.73, 2.94, 0.00, 2.40, 1.34, 2.36, 0.00, 0.04, 0.40, 0.00, 0.00, 0.41, 0.53, 1.00, 1.00, 0.00, 0.00, 1.00, 1.00, 0.00, 1.00, 1.00, 1.00, 0.00, 0.00, 1.00, 0.00, 0.00, 0.00, 0.00, 0.00
49,  0,  1.613,  0.98,  1, 0.22, 0.05, 1.55, 0.00, 1.74, 2.94, 0.00, 2.44, 1.29, 2.35, 0.00, 0.11, 0.20, 0.00, 0.00, 0.34, 0.50, 1.00, 1.00, 0.00, 0.00, 1.00, 1.00, 0.00, 1.00, 1.00, 1.00, 0.00, 0.00, 1.00, 0.00, 0.00, 0.00, 0.00, 0.00
50,  0,  1.646,  0.98,  1, 0.23, 0.10, 1.62, 0.00, 1.75, 2.94, 0.00, 2.51, 1.28, 2.35, 0.01, 0.11, 0.08, 0.00, 0.00, 0.27, 0.32, 1.00, 1.00, 0.00, 0.00, 1.00, 1.00, 0.00, 1.00, 1.00, 1.00, 0.00, 0.00, 1.00, 0.00, 0.00, 0.00, 0.00, 0.00
51,  0,  1.680,  0.98,  1, 0.22, 0.10, 1.65, 0.00, 1.73, 2.85, 0.00, 2.62, 1.20, 2.28, 0.01, 0.12, 0.08, 0.00, 0.00, 0.36, 0.28, 1.00, 1.00, 0.00, 0.00, 1.00, 1.00, 0.00, 1.00, 1.00, 1.00, 0.00, 0.00, 0.00, 0.00, 0.00, 0.00, 0.00, 0.00
52,  0,  1.713,  0.98,  1, 0.21, 0.12, 1.70, 0.00, 1.71, 2.82, 0.00, 2.56, 1.20, 2.23, 0.02, 0.05, 0.08, 0.00, 0.00, 0.34, 0.31, 1.00, 1.00, 0.00, 0.00, 1.00, 1.00, 0.00, 1.00, 1.00, 1.00, 0.00, 0.00, 0.00, 0.00, 0.00, 0.00, 0.00, 0.00
53,  0,  1.747,  0.98,  1, 0.23, 0.15, 1.69, 0.00, 1.72, 2.94, 0.00, 2.51, 1.17, 2.17, 0.02, 0.07, 0.08, 0.00, 0.00, 0.45, 0.44, 1.00, 1.00, 0.00, 0.00, 1.00, 1.00, 0.00, 1.00, 1.00, 1.00, 0.00, 0.00, 0.00, 0.00, 0.00, 0.00, 0.00, 0.00
54,  0,  1.781,  0.98,  1, 0.23, 0.20, 1.70, 0.00, 1.73, 3.13, 0.00, 2.48, 1.21, 2.24, 0.02, 0.17, 0.00, 0.00, 0.00, 0.41, 0.47, 1.00, 1.00, 0.00, 0.00, 1.00, 1.00, 0.00, 1.00, 1.00, 1.00, 0.00, 0.00, 0.00, 0.00, 0.00, 0.00, 0.00, 0.00
55,  0,  1.814,  0.98,  1, 0.22, 0.16, 1.68, 0.00, 1.74, 3.29, 0.00, 2.49, 1.22, 2.29, 0.03, 0.22, 0.00, 0.00, 0.00, 0.34, 0.49, 1.00, 1.00, 0.00, 0.00, 1.00, 1.00, 0.00, 1.00, 1.00, 1.00, 0.00, 0.00, 0.00, 0.00, 0.00, 0.00, 0.00, 0.00
56,  0,  1.848,  0.98,  1, 0.22, 0.12, 1.68, 0.00, 1.72, 3.19, 0.00, 2.43, 1.19, 2.26, 0.13, 0.19, 0.00, 0.00, 0.00, 0.16, 0.49, 1.00, 0.00, 0.00, 0.00, 1.00, 1.00, 0.00, 1.00, 1.00, 1.00, 0.00, 0.00, 0.00, 0.00, 0.00, 0.00, 0.00, 0.00
57,  0,  1.881,  0.98,  1, 0.16, 0.07, 1.62, 0.00, 1.76, 3.12, 0.00, 2.36, 1.15, 2.20, 0.13, 0.06, 0.00, 0.00, 0.00, 0.13, 0.48, 1.00, 0.00, 0.00, 0.00, 1.00, 1.00, 0.00, 1.00, 1.00, 1.00, 0.00, 0.00, 0.00, 0.00, 0.00, 0.00, 0.00, 0.00
58,  0,  1.915,  0.98,  1, 0.15, 0.04, 1.55, 0.00, 1.80, 3.05, 0.00, 2.27, 1.09, 2.18, 0.10, 0.00, 0.00, 0.00, 0.00, 0.06, 0.44, 0.00, 0.00, 0.00, 0.00, 1.00, 1.00, 0.00, 1.00, 1.00, 1.00, 0.00, 0.00, 0.00, 0.00, 0.00, 0.00, 0.00, 0.00
59,  0,  1.949,  0.98,  1, 0.12, 0.00, 1.48, 0.00, 1.83, 3.06, 0.00, 2.26, 1.09, 2.19, 0.00, 0.00, 0.00, 0.00, 0.00, 0.13, 0.44, 0.00, 0.00, 0.00, 0.00, 1.00, 1.00, 0.00, 1.00, 1.00, 1.00, 0.00, 0.00, 0.00, 0.00, 0.00, 0.00, 0.00, 0.00
60,  0,  1.982,  0.98,  1, 0.12, 0.00, 1.55, 0.00, 1.86, 3.12, 0.00, 2.28, 1.11, 2.17, 0.00, 0.00, 0.00, 0.00, 0.00, 0.28, 0.46, 0.00, 0.00, 0.00, 0.00, 1.00, 1.00, 0.00, 1.00, 1.00, 1.00, 0.00, 0.00, 0.00, 0.00, 0.00, 0.00, 0.00, 0.00
61,  0,  2.016,  0.98,  1, 0.04, 0.00, 1.63, 0.00, 1.87, 3.09, 0.00, 2.36, 1.18, 2.09, 0.00, 0.00, 0.00, 0.00, 0.00, 0.43, 0.42, 0.00, 0.00, 0.00, 0.00, 1.00, 1.00, 0.00, 1.00, 1.00, 1.00, 0.00, 0.00, 0.00, 0.00, 0.00, 0.00, 0.00, 0.00
62,  0,  2.049,  0.98,  1, 0.00, 0.00, 1.67, 0.00, 1.90, 3.09, 0.00, 2.50, 1.22, 2.09, 0.00, 0.12, 0.00, 0.00, 0.00, 0.48, 0.41, 0.00, 0.00, 0.00, 0.00, 1.00, 1.00, 0.00, 1.00, 1.00, 1.00, 0.00, 0.00, 0.00, 0.00, 0.00, 0.00, 0.00, 0.00
63,  0,  2.083,  0.98,  1, 0.00, 0.00, 1.67, 0.00, 1.90, 2.97, 0.00, 2.59, 1.24, 2.22, 0.00, 0.19, 0.06, 0.00, 0.00, 0.37, 0.43, 0.00, 0.00, 0.00, 0.00, 1.00, 1.00, 0.00, 1.00, 1.00, 1.00, 0.00, 0.00, 0.00, 0.00, 0.00, 0.00, 0.00, 0.00
64,  0,  2.117,  0.98,  1, 0.02, 0.00, 1.66, 0.01, 1.88, 2.99, 0.00, 2.68, 1.23, 2.38, 0.02, 0.19, 0.15, 0.00, 0.00, 0.29, 0.52, 0.00, 0.00, 0.00, 0.00, 1.00, 1.00, 0.00, 1.00, 1.00, 1.00, 0.00, 0.00, 0.00, 0.00, 0.00, 0.00, 0.00, 0.00
65,  0,  2.150,  0.98,  1, 0.02, 0.00, 1.74, 0.01, 1.85, 2.97, 0.00, 2.76, 1.23, 2.49, 0.03, 0.07, 0.15, 0.00, 0.00, 0.40, 0.51, 0.00, 0.00, 0.00, 0.00, 1.00, 1.00, 0.00, 1.00, 1.00, 1.00, 0.00, 0.00, 0.00, 0.00, 0.00, 0.00, 0.00, 0.00
66,  0,  2.184,  0.98,  1, 0.02, 0.00, 1.76, 0.01, 1.84, 2.99, 0.00, 2.71, 1.19, 2.48, 0.09, 0.08, 0.09, 0.00, 0.00, 0.48, 0.54, 0.00, 0.00, 0.00, 0.00, 1.00, 1.00, 0.00, 1.00, 1.00, 1.00, 0.00, 0.00, 0.00, 0.00, 0.00, 0.00, 0.00, 0.00
67,  0,  2.217,  0.98,  1, 0.00, 0.00, 1.77, 0.00, 1.85, 2.97, 0.00, 2.65, 1.18, 2.53, 0.08, 0.20, 0.00, 0.00, 0.00, 0.56, 0.51, 0.00, 0.00, 0.00, 0.00, 1.00, 1.00, 0.00, 1.00, 1.00, 1.00, 0.00, 0.00, 0.00, 0.00, 0.00, 0.00, 0.00, 0.00
68,  0,  2.251,  0.98,  1, 0.00, 0.00, 1.76, 0.00, 1.85, 3.04, 0.00, 2.50, 1.13, 2.49, 0.07, 0.26, 0.00, 0.00, 0.00, 0.33, 0.52, 0.00, 0.00, 0.00, 0.00, 1.00, 1.00, 0.00, 1.00, 1.00, 1.00, 0.00, 0.00, 0.00, 0.00, 0.00, 0.00, 0.00, 0.00
69,  0,  2.285,  0.98,  1, 0.00, 0.00, 1.77, 0.00, 1.86, 3.11, 0.00, 2.47, 1.17, 2.44, 0.00, 0.23, 0.00, 0.00, 0.06, 0.24, 0.53, 0.00, 0.00, 0.00, 0.00, 1.00, 1.00, 0.00, 1.00, 1.00, 1.00, 0.00, 0.00, 0.00, 0.00, 0.00, 0.00, 0.00, 0.00
70,  0,  2.318,  0.98,  1, 0.00, 0.00, 1.76, 0.00, 1.88, 3.16, 0.00, 2.42, 1.16, 2.31, 0.00, 0.26, 0.00, 0.00, 0.08, 0.21, 0.51, 0.00, 0.00, 0.00, 0.00, 1.00, 1.00, 0.00, 1.00, 1.00, 1.00, 0.00, 0.00, 0.00, 0.00, 0.00, 0.00, 0.00, 0.00
71,  0,  2.352,  0.98,  1, 0.00, 0.00, 1.72, 0.00, 1.92, 3.13, 0.00, 2.44, 1.22, 2.32, 0.10, 0.29, 0.00, 0.00, 0.08, 0.31, 0.51, 0.00, 0.00, 0.00, 0.00, 1.00, 1.00, 0.00, 1.00, 1.00, 1.00, 0.00, 0.00, 0.00, 0.00, 0.00, 0.00, 0.00, 0.00
72,  0,  2.385,  0.98,  1, 0.00, 0.00, 1.71, 0.00, 1.97, 3.16, 0.00, 2.50, 1.23, 2.30, 0.12, 0.35, 0.00, 0.00, 0.12, 0.35, 0.49, 0.00, 0.00, 0.00, 0.00, 1.00, 1.00, 0.00, 1.00, 1.00, 1.00, 0.00, 0.00, 0.00, 0.00, 0.00, 0.00, 0.00, 0.00
73,  0,  2.419,  0.98,  1, 0.00, 0.00, 1.74, 0.00, 2.00, 3.10, 0.00, 2.57, 1.24, 2.35, 0.12, 0.20, 0.00, 0.00, 0.10, 0.34, 0.48, 0.00, 0.00, 0.00, 0.00, 1.00, 1.00, 0.00, 1.00, 1.00, 1.00, 0.00, 0.00, 0.00, 0.00, 0.00, 0.00, 0.00, 0.00
74,  0,  2.453,  0.98,  1, 0.00, 0.00, 1.80, 0.00, 2.02, 3.19, 0.00, 2.57, 1.21, 2.37, 0.02, 0.12, 0.00, 0.00, 0.13, 0.32, 0.45, 0.00, 0.00, 0.00, 0.00, 1.00, 1.00, 0.00, 1.00, 1.00, 1.00, 0.00, 0.00, 0.00, 0.00, 0.00, 0.00, 0.00, 0.00
75,  0,  2.486,  0.98,  1, 0.00, 0.00, 1.76, 0.00, 2.04, 3.14, 0.00, 2.59, 1.19, 2.46, 0.08, 0.13, 0.00, 0.00, 0.07, 0.32, 0.33, 0.00, 0.00, 0.00, 0.00, 1.00, 1.00, 0.00, 1.00, 1.00, 1.00, 0.00, 0.00, 0.00, 0.00, 0.00, 0.00, 0.00, 0.00
76,  0,  2.520,  0.98,  1, 0.00, 0.00, 1.74, 0.00, 2.06, 3.26, 0.00, 2.59, 1.20, 2.41, 0.08, 0.17, 0.00, 0.00, 0.08, 0.35, 0.26, 0.00, 0.00, 0.00, 0.00, 1.00, 1.00, 0.00, 1.00, 1.00, 1.00, 0.00, 0.00, 0.00, 0.00, 0.00, 0.00, 0.00, 0.00
77,  0,  2.553,  0.98,  1, 0.00, 0.00, 1.70, 0.00, 2.10, 3.26, 0.00, 2.62, 1.21, 2.41, 0.08, 0.20, 0.00, 0.00, 0.08, 0.31, 0.24, 0.00, 0.00, 0.00, 0.00, 1.00, 1.00, 0.00, 1.00, 1.00, 1.00, 0.00, 0.00, 0.00, 0.00, 0.00, 0.00, 0.00, 0.00
78,  0,  2.587,  0.98,  1, 0.00, 0.00, 1.74, 0.00, 2.12, 3.35, 0.00, 2.60, 1.24, 2.30, 0.00, 0.12, 0.00, 0.00, 0.11, 0.41, 0.30, 0.00, 0.00, 0.00, 0.00, 1.00, 1.00, 0.00, 1.00, 1.00, 1.00, 0.00, 0.00, 0.00, 0.00, 0.00, 0.00, 0.00, 0.00
79,  0,  2.621,  0.98,  1, 0.00, 0.00, 1.79, 0.04, 2.13, 3.34, 0.00, 2.65, 1.26, 2.32, 0.00, 0.10, 0.00, 0.00, 0.15, 0.44, 0.34, 0.00, 0.00, 0.00, 0.00, 1.00, 1.00, 0.00, 1.00, 1.00, 1.00, 0.00, 0.00, 0.00, 0.00, 0.00, 0.00, 0.00, 0.00
80,  0,  2.654,  0.98,  1, 0.00, 0.00, 1.82, 0.04, 2.11, 3.30, 0.00, 2.60, 1.26, 2.26, 0.05, 0.16, 0.00, 0.00, 0.20, 0.54, 0.27, 0.00, 0.00, 0.00, 0.00, 1.00, 1.00, 0.00, 1.00, 1.00, 1.00, 0.00, 0.00, 0.00, 0.00, 0.00, 0.00, 0.00, 0.00
81,  0,  2.688,  0.98,  1, 0.00, 0.00, 1.84, 0.04, 2.11, 3.26, 0.00, 2.57, 1.23, 2.32, 0.05, 0.25, 0.00, 0.00, 0.15, 0.44, 0.18, 0.00, 0.00, 0.00, 0.00, 1.00, 1.00, 0.00, 1.00, 1.00, 1.00, 0.00, 0.00, 0.00, 0.00, 0.00, 0.00, 0.00, 0.00
82,  0,  2.721,  0.98,  1, 0.00, 0.00, 1.77, 0.00, 2.09, 3.20, 0.00, 2.57, 1.20, 2.28, 0.05, 0.27, 0.00, 0.00, 0.09, 0.33, 0.15, 0.00, 0.00, 0.00, 0.00, 1.00, 1.00, 0.00, 1.00, 1.00, 1.00, 0.00, 0.00, 0.00, 0.00, 0.00, 0.00, 0.00, 0.00
83,  0,  2.755,  0.98,  1, 0.00, 0.00, 1.76, 0.00, 2.08, 3.20, 0.00, 2.64, 1.20, 2.28, 0.00, 0.26, 0.00, 0.00, 0.01, 0.25, 0.12, 0.00, 0.00, 0.00, 0.00, 1.00, 1.00, 0.00, 1.00, 1.00, 1.00, 0.00, 0.00, 0.00, 0.00, 0.00, 0.00, 0.00, 0.00
84,  0,  2.789,  0.98,  1, 0.00, 0.00, 1.71, 0.00, 2.06, 3.16, 0.00, 2.73, 1.21, 2.29, 0.02, 0.20, 0.00, 0.00, 0.01, 0.16, 0.13, 0.00, 0.00, 0.00, 0.00, 1.00, 1.00, 0.00, 1.00, 1.00, 1.00, 0.00, 0.00, 0.00, 0.00, 0.00, 0.00, 0.00, 0.00
85,  0,  2.822,  0.98,  1, 0.00, 0.00, 1.77, 0.00, 2.05, 3.27, 0.00, 2.78, 1.21, 2.29, 0.02, 0.28, 0.00, 0.00, 0.01, 0.20, 0.15, 0.00, 0.00, 0.00, 0.00, 1.00, 1.00, 0.00, 1.00, 1.00, 1.00, 0.00, 0.00, 0.00, 0.00, 0.00, 0.00, 0.00, 0.00
86,  0,  2.856,  0.98,  1, 0.00, 0.00, 1.76, 0.00, 2.04, 3.26, 0.00, 2.81, 1.20, 2.32, 0.02, 0.33, 0.00, 0.00, 0.00, 0.30, 0.25, 0.00, 0.00, 0.00, 0.00, 1.00, 1.00, 0.00, 1.00, 1.00, 1.00, 0.00, 0.00, 0.00, 0.00, 0.00, 0.00, 0.00, 0.00
87,  0,  2.889,  0.98,  1, 0.00, 0.00, 1.75, 0.00, 2.06, 3.32, 0.00, 2.82, 1.19, 2.31, 0.00, 0.37, 0.03, 0.00, 0.00, 0.31, 0.22, 0.00, 0.00, 0.00, 0.00, 1.00, 1.00, 0.00, 1.00, 1.00, 1.00, 0.00, 0.00, 0.00, 0.00, 0.00, 0.00, 0.00, 0.00
88,  0,  2.923,  0.98,  1, 0.00, 0.00, 1.73, 0.00, 2.09, 3.25, 0.00, 2.74, 1.18, 2.28, 0.04, 0.39, 0.03, 0.00, 0.04, 0.22, 0.21, 0.00, 0.00, 0.00, 0.00, 1.00, 1.00, 0.00, 1.00, 1.00, 1.00, 0.00, 0.00, 0.00, 0.00, 0.00, 0.00, 0.00, 0.00
89,  0,  2.957,  0.98,  1, 0.00, 0.00, 1.73, 0.00, 2.12, 3.28, 0.00, 2.69, 1.19, 2.30, 0.04, 0.31, 0.03, 0.00, 0.07, 0.09, 0.17, 0.00, 0.00, 0.00, 0.00, 1.00, 1.00, 0.00, 1.00, 1.00, 1.00, 0.00, 0.00, 0.00, 0.00, 0.00, 0.00, 0.00, 0.00
90,  0,  2.990,  0.98,  1, 0.00, 0.00, 1.80, 0.00, 2.14, 3.14, 0.00, 2.59, 1.24, 2.33, 0.04, 0.23, 0.00, 0.00, 0.09, 0.21, 0.18, 0.00, 0.00, 0.00, 0.00, 1.00, 1.00, 0.00, 1.00, 1.00, 1.00, 0.00, 0.00, 0.00, 0.00, 0.00, 0.00, 0.00, 0.00
91,  0,  3.024,  0.98,  1, 0.00, 0.00, 1.88, 0.00, 2.14, 3.05, 0.00, 2.55, 1.24, 2.30, 0.00, 0.09, 0.00, 0.00, 0.08, 0.25, 0.15, 0.00, 0.00, 0.00, 0.00, 1.00, 1.00, 0.00, 1.00, 1.00, 1.00, 0.00, 0.00, 0.00, 0.00, 0.00, 0.00, 0.00, 0.00
92,  0,  3.057,  0.98,  1, 0.00, 0.00, 1.99, 0.00, 2.16, 2.94, 0.00, 2.54, 1.25, 2.30, 0.00, 0.03, 0.00, 0.00, 0.05, 0.22, 0.09, 0.00, 0.00, 0.00, 0.00, 1.00, 1.00, 0.00, 1.00, 1.00, 1.00, 0.00, 0.00, 0.00, 0.00, 0.00, 0.00, 0.00, 0.00
93,  0,  3.091,  0.98,  1, 0.00, 0.00, 2.04, 0.00, 2.17, 3.04, 0.00, 2.60, 1.24, 2.33, 0.00, 0.09, 0.00, 0.00, 0.03, 0.16, 0.04, 0.00, 0.00, 0.00, 0.00, 1.00, 1.00, 0.00, 1.00, 1.00, 1.00, 0.00, 0.00, 0.00, 0.00, 0.00, 0.00, 0.00, 0.00
94,  0,  3.125,  0.98,  1, 0.00, 0.00, 2.06, 0.00, 2.19, 3.07, 0.00, 2.64, 1.27, 2.43, 0.03, 0.10, 0.00, 0.00, 0.01, 0.18, 0.00, 0.00, 0.00, 0.00, 0.00, 1.00, 1.00, 0.00, 1.00, 1.00, 1.00, 0.00, 0.00, 0.00, 0.00, 0.00, 0.00, 0.00, 0.00
95,  0,  3.158,  0.98,  1, 0.00, 0.00, 2.08, 0.00, 2.20, 3.12, 0.00, 2.61, 1.27, 2.40, 0.03, 0.13, 0.00, 0.00, 0.02, 0.21, 0.00, 0.00, 0.00, 0.00, 0.00, 1.00, 1.00, 0.00, 1.00, 1.00, 1.00, 0.00, 0.00, 0.00, 0.00, 0.00, 0.00, 0.00, 0.00
96,  0,  3.192,  0.98,  1, 0.00, 0.00, 2.10, 0.00, 2.22, 3.14, 0.00, 2.56, 1.28, 2.32, 0.03, 0.15, 0.00, 0.00, 0.02, 0.11, 0.00, 0.00, 0.00, 0.00, 0.00, 1.00, 1.00, 0.00, 1.00, 1.00, 1.00, 0.00, 0.00, 0.00, 0.00, 0.00, 0.00, 0.00, 0.00
97,  0,  3.225,  0.98,  1, 0.00, 0.00, 2.07, 0.00, 2.23, 3.21, 0.00, 2.52, 1.26, 2.28, 0.01, 0.22, 0.00, 0.00, 0.02, 0.07, 0.00, 0.00, 0.00, 0.00, 0.00, 1.00, 1.00, 0.00, 1.00, 1.00, 1.00, 0.00, 0.00, 0.00, 0.00, 0.00, 0.00, 0.00, 0.00
98,  0,  3.259,  0.98,  1, 0.00, 0.00, 2.05, 0.00, 2.26, 3.31, 0.00, 2.51, 1.26, 2.20, 0.11, 0.23, 0.00, 0.00, 0.01, 0.04, 0.00, 0.00, 0.00, 0.00, 0.00, 1.00, 1.00, 0.00, 1.00, 1.00, 1.00, 0.00, 0.00, 0.00, 0.00, 0.00, 0.00, 0.00, 0.00
99,  0,  3.293,  0.98,  1, 0.00, 0.00, 2.08, 0.00, 2.26, 3.41, 0.00, 2.51, 1.24, 2.21, 0.21, 0.14, 0.00, 0.00, 0.01, 0.06, 0.00, 0.00, 0.00, 0.00, 0.00, 1.00, 1.00, 0.00, 1.00, 1.00, 1.00, 0.00, 0.00, 0.00, 0.00, 0.00, 0.00, 0.00, 0.00
100,  0,  3.326,  0.98,  1, 0.00, 0.00, 2.15, 0.00, 2.28, 3.47, 0.00, 2.57, 1.23, 2.19, 0.22, 0.09, 0.00, 0.00, 0.03, 0.02, 0.00, 0.00, 0.00, 0.00, 0.00, 1.00, 1.00, 0.00, 1.00, 1.00, 1.00, 0.00, 0.00, 0.00, 0.00, 0.00, 0.00, 0.00, 0.00
101,  0,  3.360,  0.98,  1, 0.00, 0.00, 2.20, 0.00, 2.30, 3.49, 0.00, 2.61, 1.20, 2.24, 0.11, 0.13, 0.00, 0.00, 0.07, 0.04, 0.00, 0.00, 0.00, 0.00, 0.00, 1.00, 1.00, 0.00, 1.00, 1.00, 1.00, 0.00, 0.00, 0.00, 0.00, 0.00, 0.00, 0.00, 0.00
102,  0,  3.393,  0.98,  1, 0.00, 0.00, 2.28, 0.00, 2.36, 3.46, 0.00, 2.69, 1.20, 2.26, 0.12, 0.19, 0.00, 0.00, 0.07, 0.02, 0.00, 0.00, 0.00, 0.00, 0.00, 1.00, 1.00, 0.00, 1.00, 1.00, 1.00, 0.00, 0.00, 0.00, 0.00, 0.00, 0.00, 0.00, 0.00
103,  0,  3.427,  0.98,  1, 0.00, 0.00, 2.37, 0.00, 2.43, 3.40, 0.00, 2.68, 1.18, 2.27, 0.18, 0.27, 0.00, 0.00, 0.04, 0.01, 0.00, 0.00, 0.00, 1.00, 0.00, 1.00, 1.00, 0.00, 1.00, 1.00, 1.00, 1.00, 0.00, 0.00, 0.00, 0.00, 0.00, 0.00, 0.00
104,  0,  3.461,  0.98,  1, 0.00, 0.00, 2.43, 0.00, 2.49, 3.43, 0.00, 2.70, 1.17, 2.32, 0.19, 0.28, 0.04, 0.00, 0.00, 0.08, 0.00, 0.00, 0.00, 1.00, 0.00, 1.00, 1.00, 0.00, 1.00, 1.00, 1.00, 1.00, 0.00, 0.00, 0.00, 0.00, 0.00, 0.00, 0.00
105,  0,  3.494,  0.98,  1, 0.00, 0.00, 2.39, 0.00, 2.52, 3.49, 0.00, 2.66, 1.14, 2.37, 0.24, 0.35, 0.04, 0.00, 0.07, 0.18, 0.00, 0.00, 0.00, 1.00, 0.00, 1.00, 1.00, 0.00, 1.00, 1.00, 1.00, 1.00, 0.00, 0.00, 0.00, 0.00, 0.00, 0.00, 0.00
106,  0,  3.528,  0.98,  1, 0.00, 0.00, 2.32, 0.00, 2.52, 3.64, 0.00, 2.64, 1.09, 2.49, 0.39, 0.44, 0.04, 0.00, 0.14, 0.29, 0.00, 0.00, 0.00, 1.00, 0.00, 1.00, 1.00, 0.00, 1.00, 1.00, 1.00, 1.00, 0.00, 0.00, 0.00, 0.00, 0.00, 0.00, 0.00
107,  0,  3.561,  0.98,  1, 0.00, 0.00, 2.26, 0.00, 2.51, 3.78, 0.00, 2.63, 1.05, 2.52, 0.64, 0.57, 0.00, 0.00, 0.17, 0.32, 0.00, 0.00, 0.00, 1.00, 0.00, 1.00, 1.00, 0.00, 1.00, 1.00, 1.00, 1.00, 0.00, 0.00, 0.00, 0.00, 0.00, 0.00, 0.00
108,  0,  3.595,  0.98,  1, 0.00, 0.00, 2.25, 0.00, 2.49, 3.94, 0.00, 2.68, 0.99, 2.46, 0.69, 0.74, 0.08, 0.00, 0.14, 0.29, 0.00, 0.00, 0.00, 1.00, 0.00, 1.00, 1.00, 0.00, 1.00, 1.00, 1.00, 1.00, 0.00, 0.00, 0.00, 0.00, 0.00, 0.00, 0.00
109,  0,  3.629,  0.98,  1, 0.00, 0.00, 2.28, 0.00, 2.44, 4.05, 0.00, 2.70, 0.91, 2.26, 0.82, 0.90, 0.16, 0.00, 0.12, 0.23, 0.00, 0.00, 0.00, 1.00, 0.00, 1.00, 1.00, 0.00, 1.00, 0.00, 1.00, 1.00, 0.00, 0.00, 0.00, 0.00, 0.00, 0.00, 0.00
110,  0,  3.662,  0.98,  1, 0.00, 0.00, 2.37, 0.00, 2.39, 3.98, 0.00, 2.76, 0.79, 2.08, 1.14, 1.12, 0.36, 0.00, 0.19, 0.28, 0.00, 0.00, 0.00, 1.00, 0.00, 1.00, 1.00, 0.00, 1.00, 0.00, 1.00, 1.00, 0.00, 0.00, 0.00, 0.00, 0.00, 0.00, 0.00
111,  0,  3.696,  0.98,  1, 0.02, 0.00, 2.50, 0.00, 2.37, 3.92, 0.01, 2.76, 0.68, 1.94, 1.20, 1.39, 0.63, 0.00, 0.21, 0.41, 0.00, 0.00, 0.00, 1.00, 0.00, 1.00, 1.00, 0.00, 1.00, 0.00, 1.00, 1.00, 1.00, 1.00, 0.00, 0.00, 0.00, 0.00, 0.00
112,  0,  3.729,  0.98,  1, 0.12, 0.00, 2.62, 0.00, 2.38, 3.82, 0.03, 2.80, 0.62, 2.08, 0.98, 1.49, 0.83, 0.00, 0.18, 0.40, 0.00, 0.00, 0.00, 1.00, 0.00, 1.00, 1.00, 0.00, 1.00, 0.00, 1.00, 1.00, 1.00, 1.00, 0.00, 0.00, 0.00, 0.00, 0.00
113,  0,  3.763,  0.98,  1, 0.26, 0.05, 2.72, 0.00, 2.36, 3.95, 0.03, 2.72, 0.58, 2.19, 0.70, 1.55, 0.74, 0.00, 0.13, 0.31, 0.00, 1.00, 0.00, 1.00, 0.00, 1.00, 1.00, 0.00, 1.00, 0.00, 1.00, 1.00, 1.00, 1.00, 0.00, 0.00, 0.00, 0.00, 0.00
114,  0,  3.796,  0.98,  1, 0.41, 0.14, 2.80, 0.00, 2.32, 4.04, 0.02, 2.63, 0.57, 2.25, 0.78, 1.41, 0.44, 0.00, 0.21, 0.12, 0.00, 1.00, 1.00, 1.00, 0.00, 1.00, 1.00, 0.00, 1.00, 0.00, 1.00, 1.00, 1.00, 1.00, 0.00, 0.00, 0.00, 0.00, 0.00
115,  0,  3.830,  0.98,  1, 0.45, 0.31, 2.84, 0.00, 2.28, 4.14, 0.00, 2.58, 0.54, 2.13, 0.88, 1.42, 0.20, 0.00, 0.35, 0.07, 0.00, 1.00, 1.00, 1.00, 0.00, 1.00, 1.00, 0.00, 1.00, 0.00, 1.00, 1.00, 1.00, 0.00, 0.00, 0.00, 0.00, 0.00, 0.00
116,  0,  3.864,  0.98,  1, 0.51, 0.43, 2.85, 0.00, 2.29, 4.12, 0.00, 2.52, 0.50, 1.98, 0.74, 1.41, 0.16, 0.00, 0.44, 0.00, 0.00, 1.00, 1.00, 1.00, 0.00, 1.00, 1.00, 0.00, 1.00, 0.00, 1.00, 1.00, 1.00, 0.00, 0.00, 0.00, 0.00, 0.00, 0.00
117,  0,  3.897,  0.98,  1, 0.52, 0.46, 2.91, 0.00, 2.32, 4.12, 0.00, 2.64, 0.47, 1.92, 1.06, 1.39, 0.14, 0.00, 0.55, 0.00, 0.00, 1.00, 1.00, 1.00, 0.00, 1.00, 1.00, 0.00, 1.00, 0.00, 0.00, 1.00, 1.00, 0.00, 0.00, 0.00, 0.00, 0.00, 0.00
118,  0,  3.931,  0.98,  1, 0.58, 0.42, 3.02, 0.00, 2.36, 4.15, 0.00, 2.69, 0.45, 1.80, 1.32, 1.42, 0.14, 0.00, 0.64, 0.07, 0.00, 1.00, 1.00, 1.00, 0.00, 1.00, 1.00, 0.00, 1.00, 0.00, 0.00, 1.00, 1.00, 0.00, 0.00, 0.00, 0.00, 0.00, 0.00
119,  0,  3.964,  0.98,  1, 0.55, 0.37, 3.11, 0.00, 2.38, 4.22, 0.01, 2.78, 0.46, 1.80, 1.35, 1.33, 0.16, 0.00, 0.67, 0.14, 0.00, 1.00, 1.00, 1.00, 0.00, 1.00, 1.00, 0.00, 1.00, 0.00, 0.00, 1.00, 1.00, 0.00, 0.00, 0.00, 0.00, 0.00, 0.00
120,  0,  3.998,  0.98,  1, 0.51, 0.40, 3.18, 0.00, 2.42, 4.29, 0.02, 2.78, 0.49, 1.79, 0.90, 1.38, 0.18, 0.00, 0.61, 0.13, 0.00, 1.00, 1.00, 1.00, 0.00, 1.00, 1.00, 0.00, 1.00, 0.00, 0.00, 1.00, 1.00, 0.00, 0.00, 0.00, 0.00, 0.00, 0.00
121,  0,  4.032,  0.98,  1, 0.46, 0.42, 3.17, 0.00, 2.46, 4.29, 0.07, 2.83, 0.49, 1.86, 0.61, 1.26, 0.26, 0.00, 0.55, 0.11, 0.00, 1.00, 1.00, 1.00, 0.00, 1.00, 1.00, 0.00, 1.00, 0.00, 0.00, 1.00, 1.00, 0.00, 0.00, 0.00, 0.00, 0.00, 0.00
122,  0,  4.065,  0.98,  1, 0.51, 0.50, 3.26, 0.00, 2.53, 4.27, 0.12, 2.89, 0.52, 1.89, 0.71, 1.40, 0.29, 0.00, 0.60, 0.24, 0.00, 1.00, 1.00, 1.00, 0.00, 1.00, 1.00, 0.00, 1.00, 0.00, 0.00, 1.00, 1.00, 0.00, 0.00, 0.00, 0.00, 0.00, 0.00
123,  0,  4.099,  0.98,  1, 0.53, 0.49, 3.25, 0.00, 2.55, 4.23, 0.15, 2.90, 0.49, 1.89, 0.90, 1.41, 0.32, 0.00, 0.66, 0.39, 0.00, 1.00, 1.00, 1.00, 0.00, 1.00, 1.00, 0.00, 1.00, 0.00, 0.00, 1.00, 1.00, 0.00, 0.00, 0.00, 0.00, 0.00, 0.00
124,  0,  4.132,  0.98,  1, 0.49, 0.46, 3.30, 0.00, 2.58, 4.25, 0.19, 2.86, 0.50, 1.86, 0.99, 1.53, 0.20, 0.00, 0.61, 0.43, 0.00, 1.00, 1.00, 1.00, 0.00, 1.00, 1.00, 0.00, 1.00, 0.00, 0.00, 1.00, 1.00, 0.00, 0.00, 0.00, 0.00, 0.00, 0.00
125,  0,  4.166,  0.98,  1, 0.42, 0.40, 3.23, 0.00, 2.56, 4.29, 0.25, 2.79, 0.52, 1.83, 0.86, 1.39, 0.07, 0.00, 0.64, 0.26, 0.00, 1.00, 1.00, 1.00, 0.00, 1.00, 1.00, 0.00, 1.00, 0.00, 0.00, 1.00, 1.00, 0.00, 0.00, 0.00, 0.00, 0.00, 0.00
126,  0,  4.200,  0.98,  1, 0.39, 0.37, 3.22, 0.00, 2.52, 4.24, 0.32, 2.75, 0.52, 1.82, 0.71, 1.38, 0.05, 0.00, 0.63, 0.19, 0.00, 1.00, 1.00, 1.00, 0.00, 1.00, 1.00, 0.00, 1.00, 0.00, 0.00, 1.00, 1.00, 0.00, 0.00, 0.00, 0.00, 0.00, 0.00
127,  0,  4.233,  0.98,  1, 0.49, 0.39, 3.17, 0.00, 2.49, 4.26, 0.31, 2.77, 0.50, 1.73, 0.78, 1.24, 0.11, 0.00, 0.76, 0.10, 0.00, 1.00, 1.00, 1.00, 0.00, 1.00, 1.00, 0.00, 1.00, 0.00, 0.00, 1.00, 1.00, 0.00, 0.00, 0.00, 0.00, 0.00, 0.00
128,  0,  4.267,  0.98,  1, 0.52, 0.31, 3.17, 0.00, 2.48, 4.23, 0.29, 2.80, 0.51, 1.73, 0.86, 1.31, 0.12, 0.00, 0.73, 0.19, 0.00, 1.00, 1.00, 1.00, 0.00, 1.00, 1.00, 0.00, 1.00, 0.00, 0.00, 1.00, 1.00, 0.00, 0.00, 0.00, 0.00, 0.00, 0.00
129,  0,  4.300,  0.98,  1, 0.51, 0.24, 3.19, 0.00, 2.47, 4.27, 0.28, 2.79, 0.51, 1.72, 0.84, 1.35, 0.07, 0.00, 0.70, 0.20, 0.00, 1.00, 1.00, 1.00, 0.00, 1.00, 1.00, 0.00, 1.00, 0.00, 1.00, 1.00, 1.00, 0.00, 0.00, 0.00, 0.00, 0.00, 0.00
130,  0,  4.334,  0.98,  1, 0.44, 0.23, 3.28, 0.00, 2.49, 4.29, 0.33, 2.77, 0.54, 1.84, 0.67, 1.54, 0.06, 0.00, 0.64, 0.28, 0.00, 1.00, 1.00, 1.00, 0.00, 1.00, 1.00, 0.00, 1.00, 0.00, 1.00, 1.00, 1.00, 0.00, 0.00, 0.00, 0.00, 0.00, 0.00
131,  0,  4.368,  0.98,  1, 0.44, 0.26, 3.36, 0.00, 2.49, 4.27, 0.36, 2.77, 0.55, 1.89, 0.57, 1.55, 0.13, 0.00, 0.58, 0.17, 0.00, 1.00, 1.00, 1.00, 0.00, 1.00, 1.00, 0.00, 1.00, 0.00, 1.00, 1.00, 1.00, 0.00, 0.00, 0.00, 0.00, 0.00, 0.00
132,  0,  4.401,  0.98,  1, 0.46, 0.35, 3.42, 0.00, 2.49, 4.29, 0.40, 2.78, 0.59, 1.94, 0.61, 1.47, 0.13, 0.00, 0.64, 0.09, 0.00, 1.00, 1.00, 1.00, 0.00, 1.00, 1.00, 0.00, 1.00, 0.00, 1.00, 1.00, 1.00, 0.00, 0.00, 0.00, 0.00, 0.00, 0.00
133,  0,  4.435,  0.98,  1, 0.49, 0.32, 3.42, 0.00, 2.47, 4.21, 0.43, 2.75, 0.59, 1.93, 0.51, 1.43, 0.18, 0.00, 0.57, 0.04, 0.00, 1.00, 1.00, 1.00, 0.00, 1.00, 1.00, 0.00, 1.00, 0.00, 1.00, 1.00, 1.00, 0.00, 0.00, 0.00, 0.00, 0.00, 0.00
134,  0,  4.468,  0.98,  1, 0.48, 0.32, 3.39, 0.00, 2.46, 4.23, 0.43, 2.76, 0.60, 1.93, 0.55, 1.46, 0.24, 0.00, 0.50, 0.10, 0.00, 1.00, 1.00, 1.00, 0.00, 1.00, 1.00, 0.00, 1.00, 0.00, 1.00, 1.00, 1.00, 0.00, 0.00, 0.00, 0.00, 0.00, 0.00
135,  0,  4.502,  0.98,  1, 0.49, 0.31, 3.36, 0.00, 2.47, 4.25, 0.43, 2.75, 0.55, 1.92, 0.64, 1.54, 0.36, 0.00, 0.41, 0.18, 0.00, 1.00, 1.00, 1.00, 0.00, 1.00, 1.00, 0.00, 1.00, 0.00, 1.00, 1.00, 1.00, 0.00, 0.00, 0.00, 0.00, 0.00, 0.00
136,  0,  4.536,  0.98,  1, 0.48, 0.23, 3.32, 0.00, 2.48, 4.42, 0.38, 2.75, 0.54, 1.92, 0.79, 1.50, 0.34, 0.00, 0.47, 0.15, 0.00, 1.00, 1.00, 1.00, 0.00, 1.00, 1.00, 0.00, 1.00, 0.00, 1.00, 1.00, 1.00, 0.00, 0.00, 0.00, 0.00, 0.00, 0.00
137,  0,  4.569,  0.98,  1, 0.49, 0.29, 3.28, 0.00, 2.49, 4.48, 0.41, 2.69, 0.52, 1.89, 0.81, 1.45, 0.23, 0.00, 0.54, 0.10, 0.00, 1.00, 1.00, 1.00, 0.00, 1.00, 1.00, 0.00, 1.00, 0.00, 1.00, 1.00, 1.00, 0.00, 0.00, 0.00, 0.00, 0.00, 0.00
138,  0,  4.603,  0.98,  1, 0.50, 0.34, 3.26, 0.00, 2.50, 4.58, 0.34, 2.78, 0.53, 1.93, 0.84, 1.48, 0.18, 0.00, 0.67, 0.12, 0.00, 1.00, 1.00, 1.00, 0.00, 1.00, 1.00, 0.00, 1.00, 0.00, 1.00, 1.00, 1.00, 0.00, 0.00, 0.00, 0.00, 0.00, 0.00
139,  0,  4.636,  0.98,  1, 0.55, 0.50, 3.32, 0.00, 2.51, 4.63, 0.37, 2.82, 0.53, 1.93, 0.81, 1.60, 0.11, 0.00, 0.69, 0.20, 0.00, 1.00, 1.00, 1.00, 0.00, 1.00, 1.00, 0.00, 1.00, 0.00, 0.00, 1.00, 1.00, 0.00, 0.00, 0.00, 0.00, 0.00, 0.00
140,  0,  4.670,  0.98,  1, 0.56, 0.40, 3.37, 0.00, 2.50, 4.65, 0.38, 2.96, 0.51, 1.92, 0.92, 1.65, 0.25, 0.00, 0.77, 0.37, 0.00, 1.00, 1.00, 1.00, 0.00, 1.00, 1.00, 0.00, 1.00, 0.00, 0.00, 1.00, 1.00, 0.00, 0.00, 0.00, 0.00, 0.00, 0.00
141,  0,  4.704,  0.98,  1, 0.51, 0.30, 3.35, 0.00, 2.50, 4.62, 0.47, 3.01, 0.56, 1.88, 0.78, 1.62, 0.18, 0.00, 0.70, 0.35, 0.00, 1.00, 1.00, 1.00, 0.00, 1.00, 1.00, 0.00, 1.00, 0.00, 0.00, 1.00, 1.00, 0.00, 0.00, 0.00, 0.00, 0.00, 0.00
142,  0,  4.737,  0.98,  1, 0.43, 0.24, 3.28, 0.00, 2.48, 4.42, 0.45, 3.07, 0.56, 1.82, 0.94, 1.69, 0.19, 0.00, 0.72, 0.53, 0.00, 1.00, 1.00, 1.00, 0.00, 1.00, 1.00, 0.00, 1.00, 0.00, 0.00, 1.00, 1.00, 0.00, 0.00, 0.00, 0.00, 0.00, 0.00
143,  0,  4.771,  0.98,  1, 0.43, 0.35, 3.22, 0.00, 2.47, 4.37, 0.41, 3.04, 0.55, 1.71, 1.00, 1.82, 0.09, 0.00, 0.63, 0.58, 0.00, 1.00, 1.00, 1.00, 0.00, 1.00, 1.00, 0.00, 1.00, 0.00, 0.00, 1.00, 1.00, 0.00, 0.00, 0.00, 0.00, 0.00, 0.00
144,  0,  4.804,  0.98,  1, 0.55, 0.45, 3.21, 0.00, 2.43, 4.21, 0.35, 3.06, 0.53, 1.57, 1.34, 1.91, 0.09, 0.00, 0.68, 0.49, 0.00, 1.00, 1.00, 1.00, 0.00, 1.00, 1.00, 0.00, 1.00, 0.00, 0.00, 1.00, 1.00, 0.00, 0.00, 0.00, 0.00, 0.00, 0.00
145,  0,  4.838,  0.98,  1, 0.66, 0.43, 3.25, 0.00, 2.36, 4.14, 0.37, 3.03, 0.49, 1.54, 1.33, 1.91, 0.08, 0.00, 0.66, 0.28, 0.00, 1.00, 1.00, 1.00, 0.00, 1.00, 1.00, 0.00, 1.00, 0.00, 0.00, 1.00, 1.00, 0.00, 0.00, 0.00, 0.00, 0.00, 0.00
146,  0,  4.872,  0.98,  1, 0.76, 0.35, 3.22, 0.00, 2.24, 3.79, 0.31, 2.90, 0.44, 1.41, 1.83, 1.88, 0.00, 0.00, 0.78, 0.06, 0.00, 1.00, 1.00, 1.00, 0.00, 1.00, 1.00, 0.00, 1.00, 0.00, 0.00, 1.00, 1.00, 0.00, 0.00, 0.00, 0.00, 0.00, 0.00
147,  0,  4.905,  0.98,  1, 0.67, 0.18, 3.00, 0.00, 2.12, 3.31, 0.26, 2.71, 0.33, 1.30, 1.93, 1.91, 0.00, 0.00, 0.75, 0.06, 0.00, 1.00, 1.00, 1.00, 0.00, 1.00, 1.00, 0.00, 1.00, 0.00, 0.00, 1.00, 1.00, 0.00, 0.00, 0.00, 0.00, 0.00, 0.00
148,  0,  4.939,  0.88,  1, 0.43, 0.09, 2.55, 0.00, 2.09, 2.97, 0.14, 2.63, 0.39, 1.33, 2.11, 1.81, 0.08, 0.00, 0.70, 0.10, 0.01, 1.00, 1.00, 0.00, 0.00, 1.00, 1.00, 0.00, 1.00, 0.00, 0.00, 1.00, 1.00, 0.00, 0.00, 0.00, 0.00, 0.00, 0.00
149,  0,  4.972,  0.88,  1, 0.14, 0.00, 2.12, 0.00, 2.15, 2.96, 0.07, 2.57, 0.46, 1.45, 1.85, 1.66, 0.34, 0.00, 0.78, 0.44, 0.01, 0.00, 1.00, 0.00, 0.00, 1.00, 1.00, 0.00, 1.00, 0.00, 0.00, 1.00, 1.00, 0.00, 0.00, 0.00, 0.00, 0.00, 1.00
150,  0,  5.006,  0.98,  1, 0.00, 0.00, 1.86, 0.00, 2.30, 3.19, 0.02, 2.69, 0.56, 1.73, 1.78, 1.51, 0.35, 0.00, 0.69, 0.78, 0.01, 0.00, 0.00, 0.00, 0.00, 1.00, 1.00, 0.00, 1.00, 0.00, 0.00, 1.00, 1.00, 0.00, 0.00, 0.00, 0.00, 0.00, 1.00
151,  0,  5.040,  0.98,  1, 0.00, 0.00, 1.84, 0.00, 2.41, 3.56, 0.00, 2.72, 0.57, 1.69, 1.74, 1.62, 0.29, 0.00, 0.74, 1.12, 0.00, 0.00, 0.00, 0.00, 0.00, 1.00, 1.00, 0.00, 1.00, 0.00, 1.00, 1.00, 1.00, 0.00, 0.00, 0.00, 0.00, 0.00, 1.00
152,  0,  5.073,  0.98,  1, 0.00, 0.00, 1.87, 0.00, 2.51, 3.76, 0.01, 2.74, 0.54, 1.75, 1.72, 1.79, 0.04, 0.00, 0.65, 1.27, 0.00, 0.00, 0.00, 0.00, 0.00, 1.00, 1.00, 0.00, 1.00, 0.00, 1.00, 1.00, 1.00, 0.00, 0.00, 0.00, 0.00, 0.00, 1.00
153,  0,  5.107,  0.98,  1, 0.00, 0.00, 1.99, 0.00, 2.56, 3.89, 0.02, 2.69, 0.46, 1.63, 1.78, 2.05, 0.02, 0.00, 0.73, 1.43, 0.00, 0.00, 0.00, 0.00, 0.00, 1.00, 1.00, 0.00, 1.00, 0.00, 1.00, 1.00, 1.00, 0.00, 0.00, 0.00, 0.00, 0.00, 1.00
154,  0,  5.140,  0.98,  1, 0.19, 0.00, 2.24, 0.00, 2.62, 3.89, 0.09, 2.68, 0.44, 1.78, 2.15, 1.92, 0.01, 0.00, 0.73, 1.34, 0.00, 0.00, 0.00, 0.00, 0.00, 1.00, 1.00, 0.00, 1.00, 0.00, 1.00, 1.00, 1.00, 0.00, 0.00, 0.00, 0.00, 0.00, 0.00
155,  0,  5.174,  0.93,  1, 0.58, 0.16, 2.54, 0.00, 2.57, 4.06, 0.26, 2.79, 0.41, 1.78, 2.20, 1.89, 0.00, 0.00, 0.66, 1.01, 0.00, 1.00, 1.00, 1.00, 0.00, 1.00, 1.00, 0.00, 1.00, 0.00, 0.00, 1.00, 1.00, 0.00, 0.00, 0.00, 0.00, 0.00, 0.00
156,  0,  5.208,  0.98,  1, 0.99, 0.30, 2.76, 0.00, 2.46, 4.07, 0.39, 2.74, 0.41, 1.70, 2.26, 1.72, 0.00, 0.00, 0.70, 0.68, 0.00, 1.00, 1.00, 1.00, 0.00, 1.00, 1.00, 0.00, 1.00, 0.00, 0.00, 1.00, 1.00, 0.00, 0.00, 0.00, 0.00, 0.00, 0.00
157,  0,  5.241,  0.98,  1, 1.22, 0.42, 2.83, 0.00, 2.37, 4.01, 0.51, 2.79, 0.36, 1.55, 2.37, 1.92, 0.00, 0.00, 0.81, 0.41, 0.00, 1.00, 1.00, 1.00, 0.00, 1.00, 1.00, 0.00, 1.00, 0.00, 0.00, 1.00, 1.00, 0.00, 0.00, 0.00, 0.00, 0.00, 0.00
158,  0,  5.275,  0.98,  1, 1.30, 0.36, 2.81, 0.00, 2.35, 3.88, 0.49, 2.61, 0.32, 1.27, 3.13, 1.88, 0.01, 0.00, 0.97, 0.36, 0.00, 1.00, 1.00, 1.00, 0.00, 1.00, 1.00, 0.00, 1.00, 0.00, 0.00, 1.00, 1.00, 0.00, 0.00, 0.00, 0.00, 0.00, 0.00
159,  0,  5.308,  0.98,  1, 1.33, 0.23, 2.80, 0.00, 2.38, 3.96, 0.53, 2.61, 0.33, 1.18, 3.33, 1.81, 0.01, 0.00, 1.03, 0.49, 0.00, 1.00, 1.00, 1.00, 0.00, 1.00, 1.00, 0.00, 1.00, 0.00, 0.00, 1.00, 1.00, 0.00, 0.00, 0.00, 0.00, 0.00, 0.00
160,  0,  5.342,  0.98,  1, 1.35, 0.11, 2.74, 0.00, 2.40, 4.01, 0.55, 2.61, 0.31, 1.12, 3.64, 1.64, 0.01, 0.00, 0.97, 0.61, 0.00, 1.00, 1.00, 1.00, 0.00, 1.00, 1.00, 0.00, 1.00, 0.00, 0.00, 1.00, 1.00, 0.00, 0.00, 0.00, 0.00, 0.00, 0.00
161,  0,  5.376,  0.98,  1, 0.88, 0.01, 2.58, 0.00, 2.45, 4.04, 0.52, 2.77, 0.43, 1.61, 2.70, 1.60, 0.04, 0.00, 0.87, 0.74, 0.00, 1.00, 1.00, 1.00, 0.00, 1.00, 1.00, 0.00, 1.00, 0.00, 0.00, 1.00, 1.00, 0.00, 0.00, 0.00, 0.00, 0.00, 0.00
162,  0,  5.409,  0.98,  1, 0.45, 0.00, 2.36, 0.00, 2.58, 4.12, 0.43, 2.82, 0.55, 2.03, 2.43, 1.64, 0.04, 0.00, 0.71, 0.74, 0.00, 1.00, 1.00, 1.00, 0.00, 1.00, 1.00, 0.00, 1.00, 0.00, 1.00, 1.00, 1.00, 0.00, 0.00, 0.00, 0.00, 0.00, 0.00
163,  0,  5.443,  0.98,  1, 0.26, 0.00, 2.38, 0.00, 2.73, 4.37, 0.31, 2.82, 0.68, 2.28, 1.89, 1.67, 0.04, 0.00, 0.55, 0.74, 0.00, 1.00, 1.00, 1.00, 0.00, 1.00, 1.00, 0.00, 1.00, 0.00, 1.00, 1.00, 1.00, 0.00, 0.00, 0.00, 0.00, 0.00, 0.00
164,  0,  5.476,  0.93,  1, 0.59, 0.12, 2.61, 0.00, 2.78, 4.53, 0.38, 2.86, 0.64, 2.26, 2.04, 1.72, 0.00, 0.00, 0.38, 0.73, 0.00, 1.00, 1.00, 1.00, 0.00, 1.00, 1.00, 0.00, 1.00, 0.00, 1.00, 1.00, 1.00, 0.00, 0.00, 0.00, 0.00, 0.00, 0.00
165,  0,  5.510,  0.98,  1, 0.90, 0.20, 2.91, 0.00, 2.78, 4.65, 0.56, 2.78, 0.60, 2.03, 2.07, 1.84, 0.00, 0.00, 0.40, 0.59, 0.00, 1.00, 1.00, 1.00, 0.00, 1.00, 1.00, 0.00, 1.00, 0.00, 1.00, 1.00, 1.00, 0.00, 0.00, 0.00, 0.00, 0.00, 0.00
166,  0,  5.544,  0.98,  1, 0.93, 0.33, 2.96, 0.00, 2.74, 4.55, 0.74, 2.77, 0.55, 1.80, 1.85, 1.80, 0.00, 0.00, 0.64, 0.66, 0.00, 1.00, 1.00, 1.00, 0.00, 1.00, 1.00, 1.00, 1.00, 0.00, 1.00, 1.00, 1.00, 0.00, 0.00, 0.00, 0.00, 0.00, 0.00
167,  0,  5.577,  0.98,  1, 0.87, 0.33, 2.94, 0.00, 2.80, 4.57, 0.88, 2.78, 0.57, 1.42, 1.61, 1.75, 0.00, 0.00, 0.81, 0.70, 0.00, 1.00, 1.00, 1.00, 0.00, 1.00, 1.00, 1.00, 1.00, 0.00, 0.00, 1.00, 1.00, 0.00, 0.00, 0.00, 0.00, 0.00, 0.00
168,  0,  5.611,  0.98,  1, 0.82, 0.39, 2.92, 0.00, 2.79, 4.48, 0.89, 2.87, 0.56, 1.25, 1.48, 1.76, 0.00, 0.00, 0.81, 0.84, 0.00, 1.00, 1.00, 1.00, 0.00, 1.00, 1.00, 1.00, 1.00, 0.00, 0.00, 1.00, 1.00, 0.00, 0.00, 0.00, 0.00, 0.00, 0.00
169,  0,  5.644,  0.98,  1, 0.78, 0.37, 2.94, 0.00, 2.81, 4.49, 0.92, 2.94, 0.57, 1.25, 1.38, 1.86, 0.00, 0.00, 0.66, 0.81, 0.00, 1.00, 1.00, 1.00, 0.00, 1.00, 1.00, 1.00, 1.00, 0.00, 0.00, 1.00, 1.00, 0.00, 0.00, 0.00, 0.00, 0.00, 0.00
170,  0,  5.678,  0.98,  1, 0.76, 0.42, 2.99, 0.00, 2.80, 4.57, 0.89, 3.06, 0.57, 1.47, 1.19, 1.92, 0.00, 0.00, 0.70, 0.68, 0.00, 1.00, 1.00, 1.00, 0.00, 1.00, 1.00, 1.00, 1.00, 0.00, 0.00, 1.00, 1.00, 0.00, 0.00, 0.00, 0.00, 0.00, 0.00
171,  0,  5.712,  0.98,  1, 0.78, 0.44, 3.03, 0.00, 2.84, 4.69, 0.89, 3.15, 0.62, 1.81, 0.84, 1.78, 0.00, 0.00, 0.68, 0.37, 0.00, 1.00, 1.00, 1.00, 0.00, 1.00, 1.00, 1.00, 1.00, 0.00, 0.00, 1.00, 1.00, 0.00, 0.00, 0.00, 0.00, 0.00, 0.00
172,  0,  5.745,  0.98,  1, 0.78, 0.50, 3.10, 0.00, 2.88, 4.80, 0.91, 3.22, 0.65, 2.00, 0.54, 1.65, 0.00, 0.00, 0.75, 0.30, 0.00, 1.00, 1.00, 1.00, 0.00, 1.00, 1.00, 1.00, 1.00, 0.00, 1.00, 1.00, 1.00, 0.00, 0.00, 0.00, 0.00, 0.00, 0.00
173,  0,  5.779,  0.98,  1, 0.77, 0.52, 3.13, 0.00, 2.93, 4.86, 0.90, 3.26, 0.71, 2.28, 0.63, 1.63, 0.00, 0.00, 0.75, 0.37, 0.00, 1.00, 1.00, 1.00, 0.00, 1.00, 1.00, 1.00, 1.00, 0.00, 1.00, 1.00, 1.00, 0.00, 0.00, 0.00, 0.00, 0.00, 0.00
174,  0,  5.812,  0.98,  1, 0.80, 0.61, 3.20, 0.00, 2.95, 4.95, 0.89, 3.33, 0.75, 2.27, 0.68, 1.66, 0.00, 0.00, 0.86, 0.47, 0.00, 1.00, 1.00, 1.00, 0.00, 1.00, 1.00, 1.00, 1.00, 0.00, 1.00, 1.00, 1.00, 0.00, 0.00, 0.00, 0.00, 0.00, 0.00
175,  0,  5.846,  0.98,  1, 0.85, 0.62, 3.25, 0.00, 2.96, 4.96, 0.81, 3.35, 0.80, 2.34, 1.06, 1.71, 0.00, 0.00, 0.92, 0.43, 0.00, 1.00, 1.00, 1.00, 0.00, 1.00, 1.00, 1.00, 1.00, 0.00, 1.00, 1.00, 1.00, 0.00, 0.00, 0.00, 0.00, 0.00, 0.00
176,  0,  5.880,  0.98,  1, 0.88, 0.57, 3.32, 0.00, 2.97, 4.91, 0.79, 3.40, 0.89, 2.13, 1.18, 1.72, 0.00, 0.00, 0.87, 0.31, 0.00, 1.00, 1.00, 1.00, 0.00, 1.00, 1.00, 1.00, 1.00, 0.00, 1.00, 1.00, 1.00, 0.00, 0.00, 0.00, 0.00, 0.00, 0.00
177,  0,  5.913,  0.98,  1, 0.82, 0.50, 3.30, 0.00, 2.98, 4.91, 0.77, 3.50, 0.89, 2.16, 1.56, 1.70, 0.00, 0.00, 0.99, 0.20, 0.00, 1.00, 1.00, 1.00, 0.00, 1.00, 1.00, 1.00, 1.00, 0.00, 1.00, 1.00, 1.00, 0.00, 0.00, 0.00, 0.00, 0.00, 0.00
178,  0,  5.947,  0.98,  1, 0.76, 0.47, 3.27, 0.00, 3.02, 4.95, 0.85, 3.48, 0.90, 2.25, 1.18, 1.63, 0.00, 0.00, 0.99, 0.13, 0.00, 1.00, 1.00, 1.00, 0.00, 1.00, 1.00, 1.00, 1.00, 0.00, 1.00, 1.00, 1.00, 0.00, 0.00, 0.00, 0.00, 0.00, 0.00
179,  0,  5.980,  0.98,  1, 0.69, 0.46, 3.26, 0.00, 3.00, 5.00, 0.88, 3.42, 0.87, 2.45, 1.02, 1.52, 0.00, 0.00, 1.00, 0.07, 0.00, 1.00, 1.00, 1.00, 0.00, 1.00, 1.00, 0.00, 1.00, 0.00, 1.00, 1.00, 1.00, 0.00, 0.00, 0.00, 0.00, 0.00, 0.00
180,  0,  6.014,  0.98,  1, 0.72, 0.36, 3.35, 0.00, 3.00, 5.00, 0.83, 3.31, 0.89, 2.44, 0.76, 1.52, 0.00, 0.00, 0.77, 0.15, 0.00, 1.00, 1.00, 1.00, 0.00, 1.00, 1.00, 0.00, 1.00, 0.00, 1.00, 1.00, 1.00, 0.00, 0.00, 0.00, 0.00, 0.00, 0.00
181,  0,  6.048,  0.98,  1, 0.75, 0.29, 3.42, 0.00, 2.98, 5.00, 0.74, 3.39, 0.91, 2.43, 1.06, 1.50, 0.00, 0.00, 0.77, 0.14, 0.00, 1.00, 1.00, 1.00, 0.00, 1.00, 1.00, 1.00, 1.00, 0.00, 1.00, 1.00, 1.00, 0.00, 0.00, 0.00, 0.00, 0.00, 0.00
182,  0,  6.081,  0.98,  1, 0.78, 0.36, 3.47, 0.00, 2.96, 5.00, 0.64, 3.45, 0.92, 2.39, 1.29, 1.48, 0.00, 0.00, 0.83, 0.14, 0.00, 1.00, 1.00, 1.00, 0.00, 1.00, 1.00, 1.00, 1.00, 0.00, 1.00, 1.00, 1.00, 0.00, 0.00, 0.00, 0.00, 0.00, 0.00
183,  0,  6.115,  0.98,  1, 0.70, 0.45, 3.46, 0.00, 2.95, 4.97, 0.68, 3.47, 0.96, 2.48, 1.09, 1.37, 0.00, 0.00, 0.90, 0.12, 0.00, 1.00, 1.00, 1.00, 0.00, 1.00, 1.00, 1.00, 1.00, 0.00, 1.00, 1.00, 1.00, 0.00, 0.00, 0.00, 0.00, 0.00, 0.00
184,  0,  6.148,  0.98,  1, 0.60, 0.50, 3.46, 0.00, 2.96, 4.94, 0.78, 3.47, 1.00, 2.49, 0.66, 1.32, 0.00, 0.00, 0.81, 0.13, 0.00, 1.00, 1.00, 1.00, 0.00, 1.00, 1.00, 1.00, 1.00, 0.00, 1.00, 1.00, 1.00, 0.00, 0.00, 0.00, 0.00, 0.00, 0.00
185,  0,  6.182,  0.98,  1, 0.56, 0.37, 3.40, 0.00, 2.99, 4.88, 0.83, 3.36, 1.03, 2.50, 0.19, 1.21, 0.00, 0.00, 0.72, 0.19, 0.00, 1.00, 1.00, 1.00, 0.00, 1.00, 1.00, 1.00, 1.00, 0.00, 1.00, 1.00, 1.00, 0.00, 0.00, 0.00, 0.00, 0.00, 0.00
186,  0,  6.216,  0.98,  1, 0.53, 0.29, 3.33, 0.00, 3.01, 4.78, 0.87, 3.32, 1.03, 2.41, 0.05, 1.21, 0.00, 0.00, 0.58, 0.17, 0.00, 1.00, 1.00, 1.00, 0.00, 1.00, 1.00, 1.00, 1.00, 0.00, 1.00, 1.00, 1.00, 0.00, 0.00, 0.00, 0.00, 0.00, 0.00
187,  0,  6.249,  0.98,  1, 0.47, 0.20, 3.33, 0.00, 3.02, 4.74, 0.87, 3.21, 1.01, 2.38, 0.21, 1.18, 0.00, 0.00, 0.58, 0.27, 0.00, 1.00, 1.00, 1.00, 0.00, 1.00, 1.00, 1.00, 1.00, 1.00, 1.00, 1.00, 1.00, 0.00, 0.00, 0.00, 0.00, 0.00, 0.00
188,  0,  6.283,  0.98,  1, 0.42, 0.16, 3.32, 0.00, 3.01, 4.76, 0.87, 3.30, 1.03, 2.42, 0.46, 1.26, 0.04, 0.00, 0.55, 0.26, 0.00, 1.00, 1.00, 1.00, 0.00, 1.00, 1.00, 1.00, 1.00, 1.00, 1.00, 1.00, 1.00, 0.00, 0.00, 0.00, 0.00, 0.00, 0.00
189,  0,  6.316,  0.98,  1, 0.40, 0.10, 3.31, 0.00, 2.97, 4.82, 0.87, 3.33, 1.04, 2.50, 0.67, 1.30, 0.15, 0.00, 0.54, 0.37, 0.00, 1.00, 1.00, 1.00, 0.00, 1.00, 1.00, 1.00, 1.00, 1.00, 1.00, 1.00, 1.00, 0.00, 0.00, 0.00, 0.00, 0.00, 0.00
190,  0,  6.350,  0.98,  1, 0.47, 0.14, 3.26, 0.00, 2.96, 4.84, 0.91, 3.43, 1.08, 2.61, 0.64, 1.12, 0.15, 0.00, 0.44, 0.34, 0.00, 1.00, 1.00, 1.00, 0.00, 1.00, 1.00, 1.00, 1.00, 1.00, 1.00, 1.00, 1.00, 0.00, 0.00, 0.00, 0.00, 0.00, 0.00
191,  0,  6.383,  0.98,  1, 0.48, 0.19, 3.23, 0.00, 2.97, 4.73, 0.99, 3.39, 1.09, 2.61, 0.65, 0.97, 0.10, 0.00, 0.33, 0.38, 0.00, 1.00, 1.00, 1.00, 0.00, 1.00, 1.00, 1.00, 1.00, 1.00, 1.00, 1.00, 1.00, 0.00, 0.00, 0.00, 0.00, 0.00, 0.00
192,  0,  6.417,  0.98,  1, 0.50, 0.31, 3.23, 0.00, 2.98, 4.72, 1.00, 3.31, 1.12, 2.70, 0.64, 0.85, 0.00, 0.00, 0.29, 0.31, 0.00, 1.00, 1.00, 1.00, 0.00, 1.00, 1.00, 1.00, 1.00, 1.00, 1.00, 1.00, 1.00, 0.00, 0.00, 0.00, 0.00, 0.00, 0.00
193,  0,  6.451,  0.98,  1, 0.47, 0.35, 3.22, 0.00, 2.96, 4.68, 0.97, 3.20, 1.13, 2.65, 0.80, 0.92, 0.00, 0.00, 0.23, 0.22, 0.00, 1.00, 1.00, 1.00, 0.00, 1.00, 1.00, 1.00, 1.00, 1.00, 1.00, 1.00, 1.00, 0.00, 0.00, 0.00, 0.00, 0.00, 0.00
194,  0,  6.484,  0.98,  1, 0.47, 0.37, 3.25, 0.00, 2.97, 4.79, 0.94, 3.13, 1.09, 2.59, 0.75, 0.95, 0.00, 0.00, 0.18, 0.26, 0.00, 1.00, 1.00, 1.00, 0.00, 1.00, 1.00, 1.00, 1.00, 1.00, 1.00, 1.00, 1.00, 0.00, 0.00, 0.00, 0.00, 0.00, 0.00
195,  0,  6.518,  0.98,  1, 0.46, 0.35, 3.16, 0.00, 2.96, 4.70, 0.92, 3.12, 1.05, 2.48, 0.85, 0.88, 0.01, 0.00, 0.19, 0.23, 0.00, 1.00, 1.00, 1.00, 0.00, 1.00, 1.00, 1.00, 1.00, 1.00, 1.00, 1.00, 1.00, 0.00, 0.00, 0.00, 0.00, 0.00, 0.00
196,  0,  6.551,  0.98,  1, 0.41, 0.28, 3.09, 0.00, 2.98, 4.58, 0.94, 3.11, 1.02, 2.47, 0.84, 0.92, 0.12, 0.00, 0.29, 0.32, 0.00, 0.00, 0.00, 1.00, 0.00, 1.00, 1.00, 1.00, 1.00, 1.00, 1.00, 1.00, 1.00, 0.00, 0.00, 0.00, 0.00, 0.00, 0.00
197,  0,  6.585,  0.98,  1, 0.34, 0.24, 3.02, 0.00, 2.98, 4.46, 0.93, 3.13, 1.05, 2.58, 0.90, 0.93, 0.23, 0.00, 0.35, 0.31, 0.00, 0.00, 0.00, 1.00, 0.00, 1.00, 1.00, 1.00, 1.00, 1.00, 1.00, 1.00, 1.00, 0.00, 0.00, 0.00, 0.00, 0.00, 0.00
198,  0,  6.619,  0.98,  1, 0.31, 0.22, 3.05, 0.00, 3.04, 4.58, 0.92, 3.12, 1.11, 2.70, 0.76, 0.91, 0.35, 0.00, 0.48, 0.42, 0.00, 0.00, 0.00, 1.00, 0.00, 1.00, 1.00, 1.00, 1.00, 1.00, 1.00, 1.00, 1.00, 0.00, 0.00, 0.00, 0.00, 0.00, 0.00
199,  0,  6.652,  0.98,  1, 0.30, 0.22, 2.99, 0.00, 3.04, 4.64, 0.85, 3.16, 1.10, 2.84, 0.70, 0.93, 0.46, 0.00, 0.58, 0.40, 0.00, 0.00, 0.00, 1.00, 0.00, 1.00, 1.00, 1.00, 1.00, 1.00, 1.00, 1.00, 1.00, 0.00, 0.00, 0.00, 0.00, 0.00, 0.00
200,  0,  6.686,  0.98,  1, 0.32, 0.14, 3.00, 0.00, 3.02, 4.76, 0.77, 3.22, 1.13, 2.83, 0.63, 0.96, 0.41, 0.00, 0.65, 0.41, 0.00, 0.00, 0.00, 1.00, 0.00, 1.00, 1.00, 1.00, 1.00, 1.00, 1.00, 1.00, 1.00, 0.00, 0.00, 0.00, 0.00, 0.00, 0.00
201,  0,  6.719,  0.98,  1, 0.30, 0.04, 3.00, 0.00, 3.01, 4.73, 0.76, 3.27, 1.12, 2.86, 0.70, 1.06, 0.28, 0.00, 0.60, 0.35, 0.00, 0.00, 0.00, 1.00, 0.00, 1.00, 1.00, 1.00, 1.00, 1.00, 1.00, 1.00, 1.00, 0.00, 0.00, 0.00, 0.00, 0.00, 0.00
202,  0,  6.753,  0.98,  1, 0.30, 0.00, 2.99, 0.00, 3.04, 4.75, 0.72, 3.22, 1.11, 2.87, 0.64, 1.11, 0.13, 0.00, 0.55, 0.38, 0.00, 0.00, 0.00, 1.00, 0.00, 1.00, 1.00, 1.00, 1.00, 1.00, 1.00, 1.00, 1.00, 0.00, 0.00, 0.00, 0.00, 0.00, 0.00
203,  0,  6.787,  0.98,  1, 0.28, 0.00, 2.86, 0.00, 3.08, 4.68, 0.81, 3.15, 1.09, 2.83, 0.64, 1.19, 0.09, 0.00, 0.49, 0.35, 0.00, 0.00, 0.00, 1.00, 0.00, 1.00, 1.00, 1.00, 1.00, 1.00, 1.00, 1.00, 1.00, 0.00, 0.00, 0.00, 0.00, 0.00, 0.00
204,  0,  6.820,  0.98,  1, 0.27, 0.00, 2.76, 0.00, 3.07, 4.64, 0.86, 3.11, 1.09, 2.76, 0.57, 1.14, 0.14, 0.00, 0.39, 0.33, 0.00, 0.00, 0.00, 1.00, 0.00, 1.00, 1.00, 1.00, 1.00, 1.00, 1.00, 1.00, 1.00, 0.00, 0.00, 0.00, 0.00, 0.00, 0.00
205,  0,  6.854,  0.98,  1, 0.28, 0.00, 2.73, 0.00, 3.07, 4.56, 0.94, 3.08, 1.11, 2.67, 0.68, 1.08, 0.08, 0.00, 0.31, 0.19, 0.00, 0.00, 0.00, 1.00, 0.00, 1.00, 1.00, 1.00, 1.00, 1.00, 1.00, 1.00, 1.00, 0.00, 0.00, 0.00, 0.00, 0.00, 0.00
206,  0,  6.887,  0.98,  1, 0.33, 0.00, 2.73, 0.00, 3.05, 4.48, 0.86, 2.98, 1.13, 2.66, 0.78, 0.94, 0.18, 0.00, 0.32, 0.30, 0.00, 0.00, 0.00, 1.00, 0.00, 1.00, 1.00, 1.00, 1.00, 1.00, 1.00, 1.00, 1.00, 0.00, 0.00, 0.00, 0.00, 0.00, 0.00
207,  0,  6.921,  0.98,  1, 0.33, 0.00, 2.78, 0.00, 3.03, 4.46, 0.77, 2.90, 1.10, 2.65, 0.82, 1.06, 0.26, 0.00, 0.38, 0.42, 0.00, 0.00, 0.00, 1.00, 0.00, 1.00, 1.00, 1.00, 1.00, 1.00, 1.00, 1.00, 1.00, 0.00, 0.00, 0.00, 0.00, 0.00, 0.00
208,  0,  6.955,  0.98,  1, 0.30, 0.00, 2.82, 0.00, 3.02, 4.45, 0.68, 2.91, 1.12, 2.65, 0.84, 1.16, 0.26, 0.00, 0.42, 0.48, 0.00, 0.00, 0.00, 1.00, 0.00, 1.00, 1.00, 1.00, 1.00, 1.00, 1.00, 1.00, 1.00, 0.00, 0.00, 0.00, 0.00, 0.00, 0.00
209,  0,  6.988,  0.98,  1, 0.20, 0.00, 2.86, 0.00, 3.04, 4.43, 0.65, 2.94, 1.12, 2.66, 0.76, 1.29, 0.23, 0.00, 0.32, 0.31, 0.00, 0.00, 0.00, 1.00, 0.00, 1.00, 1.00, 1.00, 1.00, 1.00, 1.00, 1.00, 1.00, 0.00, 0.00, 0.00, 0.00, 0.00, 0.00
210,  0,  7.022,  0.98,  1, 0.10, 0.00, 2.85, 0.00, 3.01, 4.34, 0.57, 3.00, 1.15, 2.65, 0.73, 1.30, 0.18, 0.00, 0.19, 0.25, 0.00, 0.00, 0.00, 1.00, 0.00, 1.00, 1.00, 1.00, 1.00, 1.00, 1.00, 1.00, 1.00, 0.00, 0.00, 0.00, 0.00, 0.00, 0.00
211,  0,  7.055,  0.98,  1, 0.04, 0.00, 2.92, 0.00, 2.98, 4.25, 0.51, 2.95, 1.15, 2.67, 0.65, 1.22, 0.18, 0.00, 0.14, 0.30, 0.00, 0.00, 0.00, 1.00, 0.00, 1.00, 1.00, 1.00, 1.00, 1.00, 1.00, 1.00, 1.00, 0.00, 0.00, 0.00, 0.00, 0.00, 0.00
212,  0,  7.089,  0.98,  1, 0.00, 0.00, 2.93, 0.00, 2.93, 4.18, 0.42, 2.96, 1.16, 2.72, 0.66, 1.14, 0.21, 0.00, 0.15, 0.42, 0.00, 0.00, 0.00, 1.00, 0.00, 1.00, 1.00, 0.00, 1.00, 1.00, 1.00, 1.00, 1.00, 0.00, 0.00, 0.00, 0.00, 0.00, 0.00
213,  0,  7.123,  0.98,  1, 0.03, 0.00, 2.96, 0.00, 2.90, 4.13, 0.31, 2.85, 1.15, 2.75, 0.63, 1.10, 0.13, 0.00, 0.24, 0.43, 0.00, 0.00, 0.00, 1.00, 0.00, 1.00, 1.00, 0.00, 1.00, 1.00, 1.00, 1.00, 1.00, 0.00, 0.00, 0.00, 0.00, 0.00, 0.00
214,  0,  7.156,  0.98,  1, 0.03, 0.00, 2.86, 0.00, 2.86, 4.14, 0.20, 2.71, 1.15, 2.69, 0.57, 0.98, 0.13, 0.00, 0.23, 0.44, 0.00, 0.00, 0.00, 1.00, 0.00, 1.00, 1.00, 0.00, 1.00, 1.00, 1.00, 1.00, 0.00, 0.00, 0.00, 0.00, 0.00, 0.00, 0.00
215,  0,  7.190,  0.98,  1, 0.03, 0.00, 2.83, 0.00, 2.86, 4.23, 0.08, 2.45, 1.22, 2.54, 0.58, 0.73, 0.18, 0.00, 0.60, 0.56, 0.00, 0.00, 0.00, 1.00, 0.00, 1.00, 1.00, 0.00, 1.00, 1.00, 1.00, 1.00, 0.00, 0.00, 0.00, 0.00, 0.00, 0.00, 0.00
216,  0,  7.223,  0.98,  1, 0.00, 0.00, 2.79, 0.00, 2.89, 4.36, 0.05, 2.17, 1.33, 2.54, 0.45, 0.35, 0.37, 0.04, 1.05, 0.58, 0.00, 0.00, 0.00, 1.00, 0.00, 1.00, 1.00, 0.00, 1.00, 1.00, 1.00, 0.00, 0.00, 1.00, 0.00, 1.00, 1.00, 0.00, 0.00
217,  0,  7.257,  0.98,  1, 0.00, 0.00, 2.72, 0.00, 2.92, 4.33, 0.03, 1.89, 1.43, 2.75, 0.28, 0.09, 0.56, 0.25, 1.59, 0.59, 0.00, 0.00, 0.00, 0.00, 0.00, 1.00, 1.00, 0.00, 1.00, 1.00, 1.00, 0.00, 0.00, 1.00, 0.00, 1.00, 1.00, 0.00, 0.00
218,  0,  7.291,  0.98,  1, 0.00, 0.00, 2.65, 0.00, 2.94, 4.28, 0.03, 1.91, 1.55, 3.19, 0.06, 0.02, 0.61, 0.47, 1.82, 0.40, 0.00, 0.00, 0.00, 0.00, 0.00, 1.00, 1.00, 0.00, 1.00, 1.00, 1.00, 0.00, 0.00, 1.00, 0.00, 1.00, 1.00, 0.00, 0.00
219,  0,  7.324,  0.98,  1, 0.00, 0.00, 2.53, 0.00, 2.95, 4.24, 0.03, 1.97, 1.64, 3.37, 0.00, 0.08, 0.63, 0.57, 1.84, 0.26, 0.00, 0.00, 0.00, 0.00, 0.00, 1.00, 1.00, 0.00, 1.00, 1.00, 1.00, 0.00, 0.00, 1.00, 0.00, 1.00, 1.00, 0.00, 0.00
220,  0,  7.358,  0.98,  1, 0.00, 0.00, 2.51, 0.00, 2.98, 4.41, 0.00, 2.08, 1.70, 3.35, 0.00, 0.08, 0.67, 0.40, 1.92, 0.24, 0.00, 0.00, 0.00, 0.00, 0.00, 1.00, 1.00, 0.00, 1.00, 1.00, 1.00, 0.00, 0.00, 1.00, 0.00, 1.00, 1.00, 0.00, 0.00
221,  0,  7.391,  0.98,  1, 0.00, 0.00, 2.51, 0.00, 3.00, 4.49, 0.00, 2.01, 1.69, 3.31, 0.00, 0.07, 0.65, 0.18, 2.01, 0.27, 0.00, 0.00, 0.00, 0.00, 0.00, 1.00, 1.00, 0.00, 1.00, 1.00, 1.00, 0.00, 0.00, 1.00, 0.00, 1.00, 1.00, 0.00, 0.00
222,  0,  7.425,  0.98,  1, 0.00, 0.00, 2.57, 0.00, 2.98, 4.55, 0.00, 1.99, 1.63, 3.34, 0.00, 0.01, 0.62, 0.04, 2.22, 0.46, 0.00, 0.00, 0.00, 0.00, 0.00, 1.00, 1.00, 0.00, 1.00, 1.00, 1.00, 0.00, 0.00, 1.00, 0.00, 1.00, 1.00, 0.00, 0.00
223,  0,  7.459,  0.98,  1, 0.00, 0.00, 2.60, 0.00, 2.94, 4.52, 0.00, 2.04, 1.61, 3.31, 0.00, 0.00, 0.68, 0.00, 2.29, 0.59, 0.11, 0.00, 0.00, 0.00, 0.00, 1.00, 1.00, 0.00, 1.00, 1.00, 1.00, 0.00, 0.00, 1.00, 0.00, 1.00, 1.00, 0.00, 0.00
224,  0,  7.492,  0.98,  1, 0.00, 0.00, 2.57, 0.00, 2.88, 4.56, 0.00, 2.16, 1.61, 3.04, 0.00, 0.13, 0.57, 0.00, 1.98, 0.57, 0.34, 0.00, 0.00, 0.00, 0.00, 1.00, 1.00, 0.00, 1.00, 1.00, 1.00, 0.00, 0.00, 1.00, 0.00, 1.00, 1.00, 0.00, 1.00
225,  0,  7.526,  0.98,  1, 0.00, 0.00, 2.53, 0.00, 2.86, 4.59, 0.00, 2.24, 1.56, 2.78, 0.00, 0.53, 0.56, 0.07, 1.29, 0.49, 0.47, 0.00, 0.00, 0.00, 0.00, 1.00, 1.00, 0.00, 1.00, 1.00, 1.00, 0.00, 0.00, 0.00, 0.00, 1.00, 1.00, 0.00, 1.00
226,  0,  7.559,  0.98,  1, 0.00, 0.00, 2.55, 0.00, 2.88, 4.70, 0.00, 2.30, 1.51, 2.51, 0.06, 0.95, 0.39, 0.19, 0.65, 0.27, 0.50, 0.00, 0.00, 0.00, 0.00, 1.00, 1.00, 0.00, 1.00, 1.00, 1.00, 0.00, 0.00, 0.00, 0.00, 1.00, 1.00, 0.00, 1.00
227,  0,  7.593,  0.98,  1, 0.00, 0.00, 2.57, 0.00, 2.88, 4.83, 0.00, 2.27, 1.42, 2.50, 0.06, 0.99, 0.47, 0.21, 0.65, 0.42, 0.32, 0.00, 0.00, 0.00, 0.00, 1.00, 1.00, 0.00, 1.00, 1.00, 1.00, 0.00, 0.00, 0.00, 0.00, 1.00, 1.00, 0.00, 1.00
228,  0,  7.627,  0.98,  1, 0.00, 0.00, 2.64, 0.00, 2.87, 4.88, 0.00, 2.21, 1.46, 2.74, 0.06, 0.59, 0.53, 0.19, 1.11, 0.57, 0.27, 0.00, 0.00, 0.00, 0.00, 1.00, 1.00, 0.00, 1.00, 1.00, 1.00, 0.00, 0.00, 0.00, 0.00, 1.00, 1.00, 0.00, 1.00
229,  0,  7.660,  0.98,  1, 0.00, 0.00, 2.66, 0.00, 2.86, 4.77, 0.00, 2.25, 1.53, 3.07, 0.00, 0.17, 0.59, 0.14, 1.73, 0.83, 0.20, 0.00, 0.00, 0.00, 0.00, 1.00, 1.00, 0.00, 1.00, 1.00, 1.00, 0.00, 0.00, 0.00, 0.00, 1.00, 1.00, 0.00, 0.00
230,  0,  7.694,  0.98,  1, 0.00, 0.00, 2.64, 0.00, 2.90, 4.53, 0.02, 2.36, 1.69, 3.28, 0.00, 0.00, 0.42, 0.18, 2.23, 0.76, 0.23, 0.00, 0.00, 0.00, 0.00, 1.00, 1.00, 0.00, 1.00, 1.00, 1.00, 0.00, 0.00, 0.00, 0.00, 1.00, 1.00, 0.00, 0.00
231,  0,  7.727,  0.98,  1, 0.00, 0.00, 2.64, 0.00, 3.03, 4.38, 0.03, 2.48, 1.87, 3.34, 0.09, 0.00, 0.18, 0.22, 2.60, 0.54, 0.34, 0.00, 0.00, 0.00, 0.00, 1.00, 1.00, 0.00, 1.00, 1.00, 1.00, 0.00, 0.00, 0.00, 0.00, 1.00, 1.00, 0.00, 0.00
232,  0,  7.761,  0.98,  1, 0.00, 0.00, 2.51, 0.00, 3.13, 4.32, 0.03, 2.41, 2.00, 3.32, 0.09, 0.00, 0.10, 0.25, 2.77, 0.28, 0.45, 0.00, 0.00, 0.00, 0.00, 1.00, 1.00, 0.00, 1.00, 1.00, 1.00, 0.00, 0.00, 0.00, 0.00, 1.00, 1.00, 0.00, 0.00
233,  0,  7.795,  0.98,  1, 0.00, 0.00, 2.37, 0.00, 3.19, 4.31, 0.02, 2.30, 2.12, 3.31, 0.09, 0.00, 0.16, 0.30, 2.65, 0.07, 0.62, 0.00, 0.00, 0.00, 0.00, 1.00, 1.00, 0.00, 1.00, 1.00, 1.00, 0.00, 0.00, 0.00, 0.00, 1.00, 1.00, 0.00, 0.00
234,  0,  7.828,  0.98,  1, 0.00, 0.00, 2.18, 0.00, 3.22, 4.25, 0.01, 2.18, 2.19, 3.11, 0.00, 0.00, 0.29, 0.26, 2.58, 0.04, 0.77, 0.00, 0.00, 0.00, 0.00, 1.00, 1.00, 0.00, 1.00, 1.00, 1.00, 0.00, 0.00, 0.00, 0.00, 1.00, 1.00, 0.00, 0.00
235,  0,  7.862,  0.98,  1, 0.00, 0.00, 2.01, 0.00, 3.26, 4.23, 0.01, 2.24, 2.33, 2.93, 0.00, 0.00, 0.27, 0.16, 2.55, 0.00, 0.80, 0.00, 0.00, 0.00, 0.00, 1.00, 1.00, 0.00, 1.00, 1.00, 1.00, 0.00, 0.00, 0.00, 0.00, 1.00, 1.00, 0.00, 0.00
236,  0,  7.895,  0.98,  1, 0.00, 0.00, 1.99, 0.00, 3.32, 4.24, 0.01, 2.24, 2.36, 2.86, 0.00, 0.00, 0.29, 0.04, 2.50, 0.04, 0.77, 0.00, 0.00, 0.00, 0.00, 1.00, 1.00, 0.00, 1.00, 1.00, 1.00, 0.00, 0.00, 0.00, 0.00, 1.00, 1.00, 0.00, 0.00
237,  0,  7.929,  0.98,  1, 0.00, 0.00, 2.05, 0.00, 3.28, 4.28, 0.00, 2.32, 2.32, 2.88, 0.00, 0.00, 0.36, 0.00, 2.51, 0.21, 0.56, 0.00, 0.00, 0.00, 0.00, 1.00, 1.00, 0.00, 1.00, 1.00, 1.00, 0.00, 0.00, 0.00, 0.00, 1.00, 1.00, 0.00, 0.00
238,  0,  7.963,  0.98,  1, 0.00, 0.00, 2.23, 0.00, 3.18, 4.28, 0.00, 2.32, 2.19, 3.07, 0.00, 0.00, 0.42, 0.00, 2.51, 0.50, 0.51, 0.00, 0.00, 0.00, 0.00, 1.00, 1.00, 0.00, 1.00, 1.00, 1.00, 0.00, 0.00, 0.00, 0.00, 1.00, 1.00, 0.00, 0.00
239,  0,  7.996,  0.98,  1, 0.00, 0.00, 2.37, 0.00, 3.12, 4.39, 0.00, 2.40, 2.11, 3.16, 0.00, 0.02, 0.45, 0.00, 2.68, 0.73, 0.50, 0.00, 0.00, 0.00, 0.00, 1.00, 1.00, 0.00, 1.00, 1.00, 1.00, 0.00, 0.00, 0.00, 0.00, 1.00, 1.00, 0.00, 0.00
240,  0,  8.030,  0.98,  1, 0.00, 0.00, 2.34, 0.00, 3.11, 4.43, 0.00, 2.42, 2.14, 3.09, 0.00, 0.02, 0.35, 0.00, 2.71, 0.72, 0.54, 0.00, 0.00, 0.00, 0.00, 1.00, 1.00, 0.00, 1.00, 1.00, 1.00, 0.00, 0.00, 0.00, 0.00, 1.00, 1.00, 0.00, 0.00
241,  0,  8.063,  0.98,  1, 0.00, 0.00, 2.29, 0.00, 3.16, 4.44, 0.00, 2.35, 2.19, 2.97, 0.00, 0.02, 0.20, 0.00, 2.74, 0.44, 0.67, 0.00, 0.00, 0.00, 0.00, 1.00, 1.00, 0.00, 1.00, 1.00, 1.00, 0.00, 0.00, 0.00, 0.00, 1.00, 1.00, 0.00, 0.00
242,  0,  8.097,  0.98,  1, 0.00, 0.00, 2.22, 0.00, 3.22, 4.34, 0.00, 2.27, 2.27, 2.81, 0.00, 0.00, 0.16, 0.00, 2.67, 0.22, 0.62, 0.00, 0.00, 0.00, 0.00, 1.00, 1.00, 0.00, 1.00, 1.00, 1.00, 0.00, 0.00, 0.00, 0.00, 1.00, 1.00, 0.00, 0.00
243,  0,  8.131,  0.98,  1, 0.00, 0.00, 2.32, 0.00, 3.27, 4.38, 0.00, 2.26, 2.29, 2.87, 0.00, 0.00, 0.14, 0.00, 2.68, 0.24, 0.62, 0.00, 0.00, 0.00, 0.00, 1.00, 1.00, 0.00, 1.00, 1.00, 1.00, 0.00, 0.00, 0.00, 0.00, 1.00, 1.00, 0.00, 0.00
244,  0,  8.164,  0.98,  1, 0.00, 0.00, 2.35, 0.00, 3.25, 4.37, 0.00, 2.38, 2.32, 2.96, 0.00, 0.00, 0.26, 0.00, 2.60, 0.50, 0.46, 0.00, 0.00, 0.00, 0.00, 1.00, 1.00, 0.00, 1.00, 1.00, 1.00, 0.00, 0.00, 0.00, 1.00, 1.00, 1.00, 0.00, 0.00
245,  0,  8.198,  0.98,  1, 0.00, 0.00, 2.37, 0.00, 3.20, 4.42, 0.00, 2.41, 2.30, 3.14, 0.00, 0.00, 0.23, 0.00, 2.64, 0.67, 0.32, 0.00, 0.00, 0.00, 0.00, 1.00, 1.00, 0.00, 1.00, 1.00, 1.00, 0.00, 0.00, 0.00, 1.00, 1.00, 1.00, 0.00, 0.00
246,  0,  8.231,  0.98,  1, 0.00, 0.00, 2.35, 0.00, 3.17, 4.33, 0.00, 2.48, 2.28, 3.23, 0.00, 0.00, 0.16, 0.00, 2.68, 0.68, 0.27, 0.00, 0.00, 0.00, 0.00, 1.00, 1.00, 0.00, 1.00, 1.00, 1.00, 0.00, 0.00, 0.00, 1.00, 1.00, 1.00, 0.00, 0.00
247,  0,  8.265,  0.98,  1, 0.00, 0.00, 2.35, 0.00, 3.21, 4.26, 0.00, 2.56, 2.28, 3.21, 0.00, 0.00, 0.04, 0.00, 2.87, 0.61, 0.17, 0.00, 0.00, 0.00, 0.00, 1.00, 1.00, 0.00, 1.00, 1.00, 1.00, 0.00, 0.00, 0.00, 1.00, 1.00, 1.00, 0.00, 0.00
248,  0,  8.299,  0.98,  1, 0.00, 0.00, 2.33, 0.00, 3.25, 4.13, 0.00, 2.68, 2.29, 3.06, 0.00, 0.00, 0.00, 0.00, 2.99, 0.66, 0.18, 0.00, 0.00, 0.00, 0.00, 1.00, 1.00, 0.00, 1.00, 1.00, 1.00, 0.00, 0.00, 0.00, 1.00, 1.00, 1.00, 0.00, 0.00
249,  0,  8.332,  0.98,  1, 0.00, 0.00, 2.31, 0.01, 3.27, 4.16, 0.00, 2.70, 2.32, 2.93, 0.00, 0.00, 0.09, 0.00, 2.99, 0.69, 0.17, 0.00, 0.00, 0.00, 0.00, 1.00, 1.00, 0.00, 1.00, 1.00, 1.00, 0.00, 0.00, 0.00, 1.00, 1.00, 1.00, 0.00, 0.00
250,  0,  8.366,  0.98,  1, 0.00, 0.00, 2.32, 0.04, 3.29, 4.35, 0.00, 2.65, 2.32, 2.89, 0.00, 0.00, 0.21, 0.00, 2.89, 0.76, 0.20, 0.00, 0.00, 0.00, 0.00, 1.00, 1.00, 0.00, 1.00, 1.00, 1.00, 0.00, 0.00, 0.00, 1.00, 1.00, 1.00, 0.00, 0.00
251,  0,  8.399,  0.98,  1, 0.00, 0.00, 2.35, 0.06, 3.33, 4.44, 0.00, 2.62, 2.34, 2.92, 0.00, 0.00, 0.21, 0.00, 2.77, 0.78, 0.21, 0.00, 0.00, 0.00, 0.00, 1.00, 1.00, 0.00, 1.00, 1.00, 1.00, 0.00, 0.00, 0.00, 1.00, 1.00, 1.00, 0.00, 0.00
252,  0,  8.433,  0.98,  1, 0.00, 0.00, 2.34, 0.13, 3.35, 4.43, 0.00, 2.64, 2.35, 2.93, 0.00, 0.00, 0.12, 0.00, 2.65, 0.83, 0.12, 0.00, 0.00, 0.00, 0.00, 1.00, 1.00, 0.00, 1.00, 1.00, 1.00, 0.00, 0.00, 0.00, 1.00, 1.00, 1.00, 0.00, 0.00
253,  0,  8.467,  0.98,  1, 0.00, 0.00, 2.28, 0.09, 3.33, 4.34, 0.00, 2.67, 2.37, 2.91, 0.00, 0.00, 0.00, 0.00, 2.64, 0.82, 0.05, 0.00, 0.00, 0.00, 0.00, 1.00, 1.00, 0.00, 1.00, 1.00, 1.00, 0.00, 0.00, 0.00, 1.00, 1.00, 1.00, 0.00, 0.00
254,  0,  8.500,  0.98,  1, 0.00, 0.00, 2.24, 0.08, 3.33, 4.31, 0.00, 2.70, 2.36, 2.86, 0.00, 0.00, 0.00, 0.00, 2.68, 0.68, 0.04, 0.00, 0.00, 0.00, 0.00, 1.00, 1.00, 0.00, 1.00, 1.00, 1.00, 0.00, 0.00, 0.00, 1.00, 1.00, 1.00, 0.00, 0.00
255,  0,  8.534,  0.98,  1, 0.00, 0.00, 2.24, 0.06, 3.32, 4.35, 0.00, 2.73, 2.31, 2.84, 0.00, 0.00, 0.02, 0.00, 2.67, 0.63, 0.12, 0.00, 0.00, 0.00, 0.00, 1.00, 1.00, 0.00, 1.00, 1.00, 1.00, 0.00, 0.00, 0.00, 1.00, 1.00, 1.00, 0.00, 0.00
256,  0,  8.567,  0.98,  1, 0.00, 0.00, 2.29, 0.12, 3.32, 4.36, 0.00, 2.80, 2.26, 2.84, 0.04, 0.00, 0.10, 0.00, 2.71, 0.60, 0.17, 0.00, 0.00, 0.00, 0.00, 1.00, 1.00, 0.00, 1.00, 1.00, 1.00, 0.00, 0.00, 0.00, 1.00, 1.00, 1.00, 0.00, 0.00
257,  0,  8.601,  0.98,  1, 0.00, 0.00, 2.33, 0.17, 3.29, 4.47, 0.00, 2.79, 2.20, 2.89, 0.04, 0.00, 0.22, 0.00, 2.63, 0.67, 0.23, 0.00, 0.00, 0.00, 0.00, 1.00, 1.00, 0.00, 1.00, 1.00, 1.00, 0.00, 0.00, 0.00, 1.00, 1.00, 1.00, 0.00, 0.00
258,  0,  8.635,  0.98,  1, 0.00, 0.00, 2.32, 0.17, 3.29, 4.47, 0.00, 2.74, 2.17, 2.97, 0.04, 0.00, 0.29, 0.00, 2.71, 0.65, 0.22, 0.00, 0.00, 0.00, 0.00, 1.00, 1.00, 0.00, 1.00, 1.00, 1.00, 0.00, 0.00, 0.00, 1.00, 1.00, 1.00, 0.00, 0.00
259,  0,  8.668,  0.98,  1, 0.00, 0.00, 2.31, 0.14, 3.28, 4.57, 0.00, 2.64, 2.14, 2.95, 0.00, 0.00, 0.28, 0.00, 2.67, 0.54, 0.26, 0.00, 0.00, 0.00, 0.00, 1.00, 1.00, 0.00, 1.00, 1.00, 1.00, 0.00, 0.00, 0.00, 1.00, 1.00, 1.00, 0.00, 0.00
260,  0,  8.702,  0.98,  1, 0.00, 0.00, 2.28, 0.12, 3.25, 4.54, 0.00, 2.59, 2.12, 2.96, 0.00, 0.00, 0.31, 0.00, 2.69, 0.42, 0.27, 0.00, 0.00, 0.00, 0.00, 1.00, 1.00, 0.00, 1.00, 1.00, 1.00, 0.00, 0.00, 0.00, 1.00, 1.00, 1.00, 0.00, 0.00
261,  0,  8.735,  0.98,  1, 0.00, 0.00, 2.27, 0.07, 3.23, 4.50, 0.00, 2.61, 2.10, 2.83, 0.00, 0.00, 0.31, 0.00, 2.68, 0.30, 0.28, 0.00, 0.00, 0.00, 0.00, 1.00, 1.00, 0.00, 1.00, 1.00, 1.00, 0.00, 0.00, 0.00, 1.00, 1.00, 1.00, 0.00, 0.00
262,  0,  8.769,  0.98,  1, 0.00, 0.00, 2.27, 0.08, 3.21, 4.43, 0.00, 2.61, 2.06, 2.83, 0.00, 0.00, 0.31, 0.00, 2.65, 0.32, 0.21, 0.00, 0.00, 0.00, 0.00, 1.00, 1.00, 0.00, 1.00, 1.00, 1.00, 0.00, 0.00, 0.00, 1.00, 1.00, 1.00, 0.00, 0.00
263,  0,  8.802,  0.98,  1, 0.00, 0.00, 2.30, 0.10, 3.22, 4.37, 0.00, 2.70, 2.04, 2.79, 0.00, 0.00, 0.24, 0.00, 2.61, 0.42, 0.17, 0.00, 0.00, 0.00, 0.00, 1.00, 1.00, 0.00, 1.00, 1.00, 1.00, 0.00, 0.00, 0.00, 1.00, 1.00, 1.00, 0.00, 0.00
264,  0,  8.836,  0.98,  1, 0.00, 0.00, 2.34, 0.12, 3.24, 4.37, 0.00, 2.70, 2.02, 2.79, 0.00, 0.00, 0.21, 0.00, 2.54, 0.49, 0.17, 0.00, 0.00, 0.00, 0.00, 1.00, 1.00, 0.00, 1.00, 1.00, 1.00, 0.00, 0.00, 0.00, 1.00, 1.00, 1.00, 0.00, 0.00
265,  0,  8.870,  0.98,  1, 0.00, 0.00, 2.38, 0.17, 3.26, 4.40, 0.00, 2.68, 2.01, 2.71, 0.00, 0.00, 0.17, 0.00, 2.53, 0.50, 0.21, 0.00, 0.00, 0.00, 0.00, 1.00, 1.00, 0.00, 1.00, 1.00, 1.00, 0.00, 0.00, 0.00, 1.00, 1.00, 1.00, 0.00, 0.00
266,  0,  8.903,  0.98,  1, 0.00, 0.00, 2.35, 0.21, 3.29, 4.47, 0.00, 2.63, 2.03, 2.69, 0.00, 0.00, 0.21, 0.00, 2.50, 0.46, 0.20, 0.00, 0.00, 0.00, 0.00, 1.00, 1.00, 0.00, 1.00, 1.00, 1.00, 0.00, 0.00, 0.00, 1.00, 1.00, 1.00, 0.00, 0.00
267,  0,  8.937,  0.98,  1, 0.00, 0.00, 2.33, 0.24, 3.30, 4.40, 0.00, 2.56, 2.07, 2.67, 0.01, 0.00, 0.25, 0.00, 2.47, 0.44, 0.17, 0.00, 0.00, 0.00, 0.00, 1.00, 1.00, 0.00, 1.00, 1.00, 1.00, 0.00, 0.00, 0.00, 1.00, 1.00, 1.00, 0.00, 0.00
268,  0,  8.970,  0.98,  1, 0.00, 0.00, 2.31, 0.20, 3.30, 4.30, 0.00, 2.58, 2.11, 2.61, 0.01, 0.00, 0.29, 0.00, 2.40, 0.34, 0.11, 0.00, 0.00, 0.00, 0.00, 1.00, 1.00, 0.00, 1.00, 1.00, 1.00, 0.00, 0.00, 0.00, 1.00, 1.00, 1.00, 0.00, 0.00
269,  0,  9.004,  0.98,  1, 0.00, 0.00, 2.29, 0.13, 3.24, 4.23, 0.00, 2.58, 2.10, 2.52, 0.04, 0.00, 0.24, 0.00, 2.38, 0.29, 0.06, 0.00, 0.00, 0.00, 0.00, 1.00, 1.00, 0.00, 1.00, 1.00, 1.00, 0.00, 0.00, 0.00, 1.00, 1.00, 1.00, 0.00, 0.00
270,  0,  9.038,  0.98,  1, 0.00, 0.00, 2.34, 0.13, 3.23, 4.32, 0.00, 2.67, 2.10, 2.50, 0.03, 0.00, 0.25, 0.00, 2.39, 0.18, 0.01, 0.00, 0.00, 0.00, 0.00, 1.00, 1.00, 0.00, 1.00, 1.00, 1.00, 0.00, 0.00, 0.00, 1.00, 1.00, 1.00, 0.00, 0.00
271,  0,  9.071,  0.98,  1, 0.00, 0.00, 2.39, 0.07, 3.25, 4.44, 0.00, 2.70, 2.11, 2.55, 0.03, 0.00, 0.18, 0.00, 2.42, 0.13, 0.00, 0.00, 0.00, 0.00, 0.00, 1.00, 1.00, 0.00, 1.00, 1.00, 1.00, 0.00, 0.00, 0.00, 1.00, 1.00, 1.00, 0.00, 0.00
272,  0,  9.105,  0.98,  1, 0.00, 0.00, 2.52, 0.05, 3.28, 4.44, 0.00, 2.62, 2.11, 2.60, 0.00, 0.02, 0.11, 0.00, 2.49, 0.15, 0.00, 0.00, 0.00, 0.00, 0.00, 1.00, 1.00, 0.00, 1.00, 1.00, 1.00, 0.00, 0.00, 0.00, 1.00, 1.00, 1.00, 0.00, 0.00
273,  0,  9.138,  0.98,  1, 0.00, 0.00, 2.56, 0.00, 3.30, 4.46, 0.00, 2.59, 2.11, 2.66, 0.00, 0.02, 0.01, 0.00, 2.53, 0.20, 0.00, 0.00, 0.00, 1.00, 0.00, 1.00, 1.00, 0.00, 1.00, 1.00, 1.00, 0.00, 0.00, 0.00, 1.00, 1.00, 1.00, 0.00, 0.00
274,  0,  9.172,  0.98,  1, 0.00, 0.00, 2.56, 0.01, 3.31, 4.42, 0.00, 2.57, 2.09, 2.68, 0.00, 0.02, 0.06, 0.00, 2.57, 0.23, 0.01, 0.00, 0.00, 1.00, 0.00, 1.00, 1.00, 0.00, 1.00, 1.00, 1.00, 0.00, 0.00, 0.00, 1.00, 1.00, 1.00, 0.00, 0.00
275,  0,  9.206,  0.98,  1, 0.00, 0.00, 2.53, 0.01, 3.34, 4.43, 0.00, 2.67, 2.12, 2.69, 0.00, 0.00, 0.17, 0.00, 2.52, 0.16, 0.06, 0.00, 0.00, 1.00, 0.00, 1.00, 1.00, 0.00, 1.00, 1.00, 1.00, 0.00, 0.00, 0.00, 1.00, 1.00, 1.00, 0.00, 0.00
276,  0,  9.239,  0.98,  1, 0.00, 0.00, 2.46, 0.01, 3.33, 4.46, 0.00, 2.67, 2.08, 2.63, 0.00, 0.00, 0.17, 0.00, 2.39, 0.09, 0.16, 0.00, 0.00, 1.00, 0.00, 1.00, 1.00, 0.00, 1.00, 1.00, 1.00, 0.00, 0.00, 0.00, 1.00, 1.00, 1.00, 0.00, 0.00
277,  0,  9.273,  0.98,  1, 0.00, 0.00, 2.40, 0.00, 3.33, 4.49, 0.05, 2.71, 2.10, 2.62, 0.00, 0.00, 0.17, 0.00, 2.32, 0.12, 0.15, 0.00, 0.00, 1.00, 0.00, 1.00, 1.00, 0.00, 1.00, 1.00, 1.00, 0.00, 0.00, 0.00, 1.00, 1.00, 1.00, 0.00, 0.00
278,  0,  9.306,  0.98,  1, 0.00, 0.00, 2.41, 0.00, 3.38, 4.58, 0.08, 2.72, 2.10, 2.58, 0.00, 0.00, 0.09, 0.00, 2.30, 0.09, 0.10, 0.00, 0.00, 1.00, 0.00, 1.00, 1.00, 0.00, 1.00, 1.00, 1.00, 0.00, 0.00, 0.00, 1.00, 1.00, 1.00, 0.00, 0.00
279,  0,  9.340,  0.98,  1, 0.00, 0.00, 2.44, 0.00, 3.41, 4.52, 0.10, 2.72, 2.13, 2.60, 0.00, 0.00, 0.23, 0.00, 2.42, 0.19, 0.02, 0.00, 0.00, 1.00, 0.00, 1.00, 1.00, 0.00, 1.00, 1.00, 1.00, 0.00, 0.00, 0.00, 1.00, 1.00, 1.00, 0.00, 0.00
280,  0,  9.374,  0.98,  1, 0.00, 0.00, 2.46, 0.00, 3.42, 4.52, 0.05, 2.67, 2.14, 2.60, 0.00, 0.00, 0.23, 0.00, 2.51, 0.15, 0.03, 0.00, 0.00, 1.00, 0.00, 1.00, 1.00, 0.00, 1.00, 1.00, 1.00, 0.00, 0.00, 0.00, 1.00, 1.00, 1.00, 0.00, 0.00
281,  0,  9.407,  0.98,  1, 0.00, 0.00, 2.47, 0.00, 3.40, 4.48, 0.03, 2.64, 2.14, 2.68, 0.00, 0.00, 0.26, 0.00, 2.53, 0.12, 0.04, 0.00, 0.00, 1.00, 0.00, 1.00, 1.00, 0.00, 1.00, 1.00, 1.00, 0.00, 0.00, 0.00, 1.00, 1.00, 1.00, 0.00, 0.00
282,  0,  9.441,  0.98,  1, 0.00, 0.00, 2.54, 0.00, 3.39, 4.45, 0.04, 2.68, 2.14, 2.77, 0.00, 0.00, 0.16, 0.00, 2.42, 0.02, 0.03, 0.00, 0.00, 1.00, 0.00, 1.00, 1.00, 0.00, 1.00, 1.00, 1.00, 0.00, 0.00, 0.00, 1.00, 1.00, 1.00, 0.00, 0.00
283,  0,  9.474,  0.98,  1, 0.00, 0.00, 2.58, 0.00, 3.38, 4.44, 0.07, 2.70, 2.14, 2.74, 0.00, 0.00, 0.09, 0.00, 2.33, 0.00, 0.01, 0.00, 0.00, 1.00, 0.00, 1.00, 1.00, 0.00, 1.00, 1.00, 1.00, 0.00, 0.00, 0.00, 1.00, 1.00, 1.00, 0.00, 0.00
284,  0,  9.508,  0.98,  1, 0.00, 0.00, 2.56, 0.00, 3.33, 4.44, 0.13, 2.72, 2.10, 2.77, 0.00, 0.00, 0.21, 0.00, 2.29, 0.00, 0.00, 0.00, 0.00, 1.00, 0.00, 1.00, 1.00, 0.00, 1.00, 1.00, 1.00, 0.00, 0.00, 0.00, 1.00, 1.00, 1.00, 0.00, 0.00
285,  0,  9.542,  0.98,  1, 0.00, 0.00, 2.55, 0.00, 3.31, 4.52, 0.17, 2.69, 2.04, 2.82, 0.00, 0.01, 0.32, 0.00, 2.31, 0.04, 0.00, 0.00, 0.00, 1.00, 0.00, 1.00, 1.00, 0.00, 1.00, 1.00, 1.00, 0.00, 0.00, 0.00, 1.00, 1.00, 1.00, 0.00, 0.00
286,  0,  9.575,  0.98,  1, 0.00, 0.00, 2.56, 0.00, 3.30, 4.50, 0.21, 2.65, 1.96, 2.91, 0.00, 0.01, 0.37, 0.00, 2.23, 0.04, 0.00, 0.00, 0.00, 1.00, 0.00, 1.00, 1.00, 0.00, 1.00, 1.00, 1.00, 0.00, 0.00, 0.00, 1.00, 1.00, 1.00, 0.00, 0.00
287,  0,  9.609,  0.98,  1, 0.00, 0.00, 2.63, 0.00, 3.29, 4.48, 0.26, 2.56, 1.90, 2.96, 0.00, 0.01, 0.32, 0.00, 2.14, 0.04, 0.03, 0.00, 0.00, 1.00, 0.00, 1.00, 1.00, 0.00, 1.00, 1.00, 1.00, 0.00, 0.00, 0.00, 1.00, 1.00, 1.00, 0.00, 0.00
288,  0,  9.642,  0.98,  1, 0.00, 0.00, 2.68, 0.00, 3.33, 4.53, 0.30, 2.59, 1.91, 2.95, 0.00, 0.00, 0.30, 0.00, 2.00, 0.00, 0.07, 0.00, 0.00, 1.00, 0.00, 1.00, 1.00, 0.00, 1.00, 1.00, 1.00, 0.00, 0.00, 0.00, 1.00, 1.00, 1.00, 0.00, 0.00
289,  0,  9.676,  0.98,  1, 0.00, 0.00, 2.77, 0.00, 3.37, 4.72, 0.32, 2.62, 1.90, 2.95, 0.00, 0.02, 0.26, 0.00, 1.71, 0.00, 0.07, 0.00, 0.00, 1.00, 0.00, 1.00, 1.00, 0.00, 1.00, 1.00, 1.00, 0.00, 0.00, 0.00, 1.00, 1.00, 1.00, 0.00, 0.00
290,  0,  9.710,  0.98,  1, 0.00, 0.00, 2.84, 0.00, 3.41, 4.86, 0.32, 2.76, 1.88, 2.92, 0.01, 0.02, 0.13, 0.00, 1.31, 0.00, 0.04, 0.00, 0.00, 1.00, 0.00, 1.00, 1.00, 0.00, 1.00, 1.00, 1.00, 0.00, 0.00, 0.00, 1.00, 1.00, 0.00, 0.00, 0.00
291,  0,  9.743,  0.98,  1, 0.00, 0.00, 2.97, 0.00, 3.37, 4.87, 0.29, 2.83, 1.82, 3.05, 0.01, 0.10, 0.01, 0.00, 0.95, 0.00, 0.00, 0.00, 0.00, 1.00, 0.00, 1.00, 1.00, 0.00, 1.00, 1.00, 1.00, 0.00, 0.00, 0.00, 1.00, 1.00, 0.00, 0.00, 0.00
292,  0,  9.777,  0.98,  1, 0.12, 0.01, 3.07, 0.00, 3.27, 4.85, 0.25, 2.97, 1.80, 3.18, 0.01, 0.10, 0.00, 0.00, 0.81, 0.00, 0.00, 0.00, 0.00, 1.00, 0.00, 1.00, 1.00, 0.00, 1.00, 1.00, 1.00, 0.00, 0.00, 0.00, 1.00, 1.00, 0.00, 0.00, 0.00
293,  0,  9.810,  0.98,  1, 0.25, 0.07, 3.19, 0.00, 3.18, 4.89, 0.20, 3.11, 1.80, 3.22, 0.00, 0.20, 0.00, 0.00, 0.92, 0.07, 0.00, 0.00, 1.00, 1.00, 0.00, 1.00, 1.00, 0.00, 1.00, 1.00, 1.00, 0.00, 0.00, 0.00, 1.00, 0.00, 0.00, 0.00, 0.00
294,  0,  9.844,  0.98,  1, 0.43, 0.16, 3.16, 0.00, 3.18, 4.92, 0.24, 3.23, 1.77, 3.09, 0.00, 0.29, 0.00, 0.00, 1.00, 0.07, 0.00, 0.00, 1.00, 1.00, 0.00, 1.00, 1.00, 0.00, 1.00, 1.00, 1.00, 0.00, 0.00, 0.00, 1.00, 0.00, 0.00, 0.00, 0.00
295,  0,  9.878,  0.98,  1, 0.53, 0.28, 3.12, 0.00, 3.22, 4.80, 0.28, 3.26, 1.73, 2.96, 0.00, 0.38, 0.00, 0.00, 0.94, 0.07, 0.00, 0.00, 1.00, 1.00, 0.00, 1.00, 1.00, 0.00, 1.00, 1.00, 1.00, 0.00, 0.00, 0.00, 1.00, 0.00, 0.00, 0.00, 0.00
296,  0,  9.911,  0.98,  1, 0.60, 0.35, 3.09, 0.00, 3.26, 4.68, 0.33, 3.23, 1.70, 3.02, 0.00, 0.48, 0.00, 0.00, 0.82, 0.04, 0.00, 0.00, 1.00, 1.00, 0.00, 1.00, 1.00, 0.00, 1.00, 1.00, 1.00, 0.00, 1.00, 0.00, 1.00, 0.00, 0.00, 0.00, 0.00
297,  0,  9.945,  0.98,  1, 0.66, 0.46, 3.16, 0.00, 3.27, 4.58, 0.33, 3.25, 1.72, 3.09, 0.00, 0.44, 0.00, 0.00, 0.71, 0.09, 0.00, 0.00, 1.00, 1.00, 0.00, 1.00, 1.00, 0.00, 1.00, 1.00, 1.00, 0.00, 1.00, 0.00, 1.00, 0.00, 0.00, 0.00, 0.00
298,  0,  9.978,  0.98,  1, 0.60, 0.53, 3.29, 0.00, 3.32, 4.64, 0.40, 3.29, 1.72, 3.17, 0.00, 0.55, 0.00, 0.00, 0.73, 0.09, 0.00, 0.00, 1.00, 1.00, 0.00, 1.00, 1.00, 0.00, 1.00, 1.00, 1.00, 0.00, 1.00, 0.00, 1.00, 0.00, 0.00, 0.00, 0.00
299,  0,  10.012,  0.98,  1, 0.54, 0.51, 3.31, 0.00, 3.42, 4.75, 0.48, 3.33, 1.75, 3.11, 0.00, 0.55, 0.00, 0.00, 0.67, 0.12, 0.00, 0.00, 1.00, 1.00, 0.00, 1.00, 1.00, 0.00, 1.00, 1.00, 1.00, 0.00, 1.00, 0.00, 1.00, 0.00, 0.00, 0.00, 0.00
300,  0,  10.046,  0.98,  1, 0.31, 0.32, 3.27, 0.00, 3.53, 4.91, 0.53, 3.34, 1.84, 3.09, 0.07, 0.65, 0.00, 0.00, 0.47, 0.08, 0.00, 0.00, 1.00, 1.00, 0.00, 1.00, 1.00, 1.00, 1.00, 1.00, 1.00, 0.00, 1.00, 0.00, 1.00, 0.00, 0.00, 0.00, 0.00
301,  0,  10.079,  0.98,  1, 0.14, 0.12, 3.11, 0.00, 3.60, 5.00, 0.57, 3.37, 1.96, 3.12, 0.10, 0.52, 0.00, 0.00, 0.30, 0.08, 0.00, 0.00, 1.00, 1.00, 0.00, 1.00, 1.00, 1.00, 1.00, 1.00, 1.00, 0.00, 1.00, 0.00, 1.00, 0.00, 0.00, 0.00, 0.00
302,  0,  10.113,  0.98,  1, 0.00, 0.01, 3.05, 0.00, 3.60, 5.00, 0.59, 3.37, 2.02, 3.12, 0.20, 0.47, 0.00, 0.00, 0.26, 0.00, 0.00, 0.00, 1.00, 1.00, 0.00, 1.00, 1.00, 1.00, 1.00, 1.00, 1.00, 0.00, 0.00, 0.00, 1.00, 0.00, 0.00, 0.00, 0.00
303,  0,  10.146,  0.98,  1, 0.03, 0.04, 3.07, 0.00, 3.59, 5.00, 0.63, 3.35, 1.97, 3.05, 0.21, 0.39, 0.00, 0.00, 0.35, 0.00, 0.00, 0.00, 1.00, 1.00, 0.00, 1.00, 1.00, 1.00, 1.00, 1.00, 1.00, 0.00, 0.00, 0.00, 1.00, 0.00, 0.00, 0.00, 0.00
304,  0,  10.180,  0.98,  1, 0.17, 0.12, 3.22, 0.00, 3.59, 5.00, 0.70, 3.34, 1.94, 3.11, 0.26, 0.41, 0.00, 0.00, 0.45, 0.00, 0.00, 0.00, 1.00, 1.00, 0.00, 1.00, 1.00, 1.00, 1.00, 1.00, 1.00, 0.00, 0.00, 0.00, 1.00, 0.00, 0.00, 0.00, 0.00
305,  0,  10.214,  0.98,  1, 0.45, 0.38, 3.34, 0.00, 3.54, 5.00, 0.74, 3.35, 1.85, 3.16, 0.16, 0.54, 0.00, 0.00, 0.42, 0.00, 0.00, 0.00, 1.00, 1.00, 0.00, 1.00, 1.00, 1.00, 1.00, 1.00, 1.00, 0.00, 0.00, 0.00, 1.00, 0.00, 0.00, 0.00, 0.00
306,  0,  10.247,  0.98,  1, 0.70, 0.58, 3.39, 0.00, 3.43, 4.88, 0.76, 3.43, 1.76, 3.27, 0.08, 0.73, 0.00, 0.00, 0.50, 0.06, 0.00, 0.00, 1.00, 1.00, 0.00, 1.00, 1.00, 1.00, 1.00, 1.00, 1.00, 0.00, 1.00, 0.00, 1.00, 0.00, 0.00, 0.00, 0.00
307,  0,  10.281,  0.98,  1, 0.87, 0.69, 3.34, 0.00, 3.30, 4.75, 0.66, 3.45, 1.63, 3.08, 0.00, 0.97, 0.00, 0.00, 0.64, 0.19, 0.00, 0.00, 1.00, 1.00, 0.00, 1.00, 1.00, 1.00, 1.00, 1.00, 1.00, 0.00, 1.00, 0.00, 1.00, 0.00, 0.00, 0.00, 0.00
308,  0,  10.314,  0.98,  1, 0.88, 0.62, 3.29, 0.00, 3.26, 4.50, 0.64, 3.50, 1.56, 3.04, 0.00, 0.94, 0.00, 0.00, 0.76, 0.24, 0.00, 0.00, 1.00, 1.00, 0.00, 1.00, 1.00, 1.00, 1.00, 1.00, 1.00, 0.00, 1.00, 0.00, 1.00, 0.00, 0.00, 0.00, 0.00
309,  0,  10.348,  0.98,  1, 0.90, 0.57, 3.28, 0.00, 3.31, 4.41, 0.61, 3.47, 1.52, 2.87, 0.04, 0.92, 0.00, 0.00, 0.85, 0.39, 0.00, 0.00, 1.00, 1.00, 0.00, 1.00, 1.00, 1.00, 1.00, 1.00, 1.00, 0.00, 1.00, 0.00, 1.00, 0.00, 0.00, 0.00, 0.00
310,  0,  10.382,  0.98,  1, 0.89, 0.59, 3.32, 0.00, 3.33, 4.31, 0.70, 3.52, 1.48, 2.95, 0.04, 0.88, 0.00, 0.00, 0.95, 0.47, 0.00, 0.00, 1.00, 1.00, 0.00, 1.00, 1.00, 1.00, 1.00, 1.00, 1.00, 0.00, 1.00, 0.00, 1.00, 0.00, 0.00, 0.00, 0.00
311,  0,  10.415,  0.98,  1, 0.97, 0.70, 3.38, 0.00, 3.35, 4.45, 0.70, 3.48, 1.50, 2.93, 0.04, 0.94, 0.00, 0.00, 0.94, 0.46, 0.00, 0.00, 1.00, 1.00, 0.00, 1.00, 1.00, 1.00, 1.00, 1.00, 1.00, 0.00, 1.00, 0.00, 1.00, 0.00, 0.00, 0.00, 0.00
312,  0,  10.449,  0.98,  1, 1.02, 0.79, 3.41, 0.00, 3.32, 4.63, 0.67, 3.47, 1.53, 3.10, 0.00, 0.94, 0.00, 0.00, 0.87, 0.27, 0.00, 0.00, 1.00, 1.00, 0.00, 1.00, 1.00, 1.00, 1.00, 1.00, 1.00, 0.00, 1.00, 0.00, 1.00, 0.00, 0.00, 0.00, 0.00
313,  0,  10.482,  0.98,  1, 1.08, 0.82, 3.41, 0.00, 3.32, 4.79, 0.62, 3.38, 1.57, 3.06, 0.00, 1.03, 0.00, 0.00, 0.71, 0.15, 0.00, 0.00, 1.00, 1.00, 0.00, 1.00, 1.00, 1.00, 1.00, 1.00, 1.00, 0.00, 1.00, 0.00, 1.00, 0.00, 0.00, 0.00, 0.00
314,  0,  10.516,  0.98,  1, 1.04, 0.74, 3.33, 0.00, 3.32, 4.84, 0.58, 3.37, 1.60, 3.07, 0.03, 0.99, 0.00, 0.00, 0.73, 0.11, 0.00, 0.00, 1.00, 1.00, 0.00, 1.00, 1.00, 1.00, 1.00, 1.00, 1.00, 0.00, 1.00, 0.00, 1.00, 0.00, 0.00, 0.00, 0.00
315,  0,  10.550,  0.98,  1, 1.03, 0.77, 3.32, 0.00, 3.32, 4.80, 0.59, 3.43, 1.62, 3.03, 0.04, 0.96, 0.00, 0.00, 0.80, 0.15, 0.00, 0.00, 1.00, 1.00, 0.00, 1.00, 1.00, 1.00, 1.00, 1.00, 1.00, 0.00, 1.00, 0.00, 1.00, 0.00, 0.00, 0.00, 0.00
316,  0,  10.583,  0.98,  1, 1.04, 0.84, 3.37, 0.00, 3.33, 4.69, 0.58, 3.43, 1.61, 3.06, 0.04, 0.81, 0.00, 0.00, 0.79, 0.07, 0.00, 0.00, 1.00, 1.00, 0.00, 1.00, 1.00, 1.00, 1.00, 1.00, 1.00, 0.00, 1.00, 0.00, 1.00, 0.00, 0.00, 0.00, 0.00
317,  0,  10.617,  0.98,  1, 1.03, 0.94, 3.45, 0.00, 3.34, 4.72, 0.57, 3.45, 1.58, 3.08, 0.01, 0.82, 0.00, 0.00, 0.82, 0.11, 0.00, 0.00, 1.00, 1.00, 0.00, 1.00, 1.00, 1.00, 1.00, 1.00, 1.00, 0.00, 1.00, 0.00, 1.00, 0.00, 0.00, 0.00, 0.00
318,  0,  10.650,  0.98,  1, 1.07, 0.93, 3.51, 0.00, 3.34, 4.76, 0.52, 3.43, 1.60, 3.02, 0.00, 0.88, 0.00, 0.00, 0.74, 0.15, 0.00, 0.00, 1.00, 1.00, 0.00, 1.00, 1.00, 0.00, 1.00, 1.00, 1.00, 0.00, 1.00, 0.00, 1.00, 0.00, 0.00, 0.00, 0.00
319,  0,  10.684,  0.98,  1, 1.03, 0.99, 3.55, 0.00, 3.33, 4.86, 0.53, 3.45, 1.61, 3.07, 0.00, 0.95, 0.00, 0.00, 0.75, 0.15, 0.00, 0.00, 1.00, 1.00, 0.00, 1.00, 1.00, 0.00, 1.00, 1.00, 1.00, 0.00, 1.00, 0.00, 1.00, 0.00, 0.00, 0.00, 0.00
320,  0,  10.718,  0.98,  1, 1.03, 0.97, 3.52, 0.00, 3.31, 4.72, 0.49, 3.44, 1.68, 3.09, 0.00, 0.98, 0.00, 0.00, 0.71, 0.12, 0.00, 0.00, 1.00, 1.00, 0.00, 1.00, 1.00, 0.00, 1.00, 1.00, 1.00, 0.00, 1.00, 0.00, 1.00, 0.00, 0.00, 0.00, 0.00
321,  0,  10.751,  0.98,  1, 0.95, 0.91, 3.47, 0.00, 3.31, 4.74, 0.51, 3.34, 1.73, 3.12, 0.00, 0.91, 0.00, 0.00, 0.70, 0.03, 0.00, 0.00, 1.00, 1.00, 0.00, 1.00, 1.00, 0.00, 1.00, 1.00, 1.00, 0.00, 1.00, 0.00, 1.00, 0.00, 0.00, 0.00, 0.00
322,  0,  10.785,  0.98,  1, 0.93, 0.85, 3.40, 0.00, 3.29, 4.76, 0.47, 3.30, 1.81, 3.04, 0.00, 0.84, 0.00, 0.00, 0.75, 0.07, 0.00, 0.00, 1.00, 1.00, 0.00, 1.00, 1.00, 0.00, 1.00, 1.00, 1.00, 0.00, 1.00, 0.00, 1.00, 0.00, 0.00, 0.00, 0.00
323,  0,  10.818,  0.98,  1, 0.85, 0.81, 3.37, 0.00, 3.28, 4.87, 0.44, 3.28, 1.85, 3.00, 0.00, 0.84, 0.00, 0.00, 0.69, 0.07, 0.00, 0.00, 1.00, 1.00, 0.00, 1.00, 1.00, 0.00, 1.00, 1.00, 1.00, 0.00, 1.00, 0.00, 1.00, 0.00, 0.00, 0.00, 0.00
324,  0,  10.852,  0.98,  1, 0.74, 0.78, 3.31, 0.00, 3.29, 4.80, 0.45, 3.32, 1.88, 3.15, 0.00, 0.78, 0.00, 0.00, 0.57, 0.05, 0.00, 0.00, 1.00, 1.00, 0.00, 1.00, 1.00, 0.00, 1.00, 1.00, 1.00, 0.00, 1.00, 0.00, 1.00, 0.00, 0.00, 0.00, 0.00
325,  0,  10.886,  0.98,  1, 0.62, 0.64, 3.26, 0.00, 3.30, 4.76, 0.48, 3.35, 1.91, 3.18, 0.00, 0.64, 0.00, 0.00, 0.42, 0.01, 0.00, 0.00, 1.00, 1.00, 0.00, 1.00, 1.00, 0.00, 1.00, 1.00, 1.00, 0.00, 1.00, 0.00, 1.00, 0.00, 0.00, 0.00, 0.00
326,  0,  10.919,  0.98,  1, 0.44, 0.43, 3.27, 0.00, 3.32, 4.81, 0.46, 3.36, 1.93, 3.25, 0.00, 0.58, 0.00, 0.00, 0.36, 0.00, 0.00, 0.00, 1.00, 1.00, 0.00, 1.00, 1.00, 0.00, 1.00, 1.00, 1.00, 0.00, 1.00, 0.00, 1.00, 0.00, 0.00, 0.00, 0.00
327,  0,  10.953,  0.98,  1, 0.30, 0.24, 3.26, 0.00, 3.33, 4.89, 0.37, 3.35, 1.98, 3.13, 0.00, 0.55, 0.00, 0.00, 0.47, 0.00, 0.00, 0.00, 0.00, 1.00, 0.00, 1.00, 1.00, 0.00, 1.00, 1.00, 1.00, 0.00, 0.00, 0.00, 1.00, 0.00, 0.00, 0.00, 0.00
328,  0,  10.986,  0.98,  1, 0.24, 0.11, 3.33, 0.00, 3.34, 4.89, 0.29, 3.34, 1.99, 3.16, 0.02, 0.58, 0.00, 0.00, 0.53, 0.00, 0.00, 0.00, 0.00, 1.00, 0.00, 1.00, 1.00, 0.00, 1.00, 1.00, 1.00, 0.00, 0.00, 0.00, 1.00, 0.00, 0.00, 0.00, 0.00
329,  0,  11.020,  0.98,  1, 0.28, 0.04, 3.28, 0.00, 3.34, 4.85, 0.29, 3.32, 1.99, 3.10, 0.10, 0.49, 0.00, 0.00, 0.56, 0.00, 0.00, 0.00, 0.00, 1.00, 0.00, 1.00, 1.00, 0.00, 1.00, 1.00, 1.00, 0.00, 0.00, 0.00, 1.00, 0.00, 0.00, 0.00, 0.00
330,  0,  11.054,  0.98,  1, 0.22, 0.03, 3.24, 0.00, 3.37, 4.71, 0.34, 3.30, 2.01, 3.13, 0.10, 0.37, 0.00, 0.00, 0.50, 0.00, 0.00, 0.00, 0.00, 1.00, 0.00, 1.00, 1.00, 0.00, 1.00, 1.00, 1.00, 0.00, 0.00, 0.00, 1.00, 1.00, 0.00, 0.00, 0.00
331,  0,  11.087,  0.98,  1, 0.11, 0.00, 3.15, 0.00, 3.41, 4.79, 0.40, 3.27, 2.06, 3.17, 0.08, 0.36, 0.00, 0.00, 0.51, 0.01, 0.00, 0.00, 0.00, 1.00, 0.00, 1.00, 1.00, 0.00, 1.00, 1.00, 1.00, 0.00, 0.00, 0.00, 1.00, 1.00, 0.00, 0.00, 0.00
332,  0,  11.121,  0.98,  1, 0.00, 0.00, 3.14, 0.00, 3.42, 4.85, 0.39, 3.18, 2.08, 3.20, 0.00, 0.31, 0.00, 0.01, 0.45, 0.01, 0.00, 0.00, 0.00, 1.00, 0.00, 1.00, 1.00, 0.00, 1.00, 1.00, 1.00, 0.00, 0.00, 0.00, 1.00, 0.00, 0.00, 0.00, 0.00
333,  0,  11.154,  0.98,  1, 0.00, 0.00, 3.09, 0.00, 3.38, 4.90, 0.32, 3.07, 2.11, 3.19, 0.00, 0.24, 0.00, 0.01, 0.43, 0.01, 0.00, 0.00, 0.00, 1.00, 0.00, 1.00, 1.00, 0.00, 1.00, 1.00, 1.00, 0.00, 0.00, 0.00, 1.00, 0.00, 0.00, 0.00, 0.00
334,  0,  11.188,  0.98,  1, 0.00, 0.00, 3.05, 0.00, 3.34, 4.81, 0.19, 3.08, 2.13, 3.21, 0.04, 0.15, 0.03, 0.01, 0.34, 0.00, 0.00, 0.00, 0.00, 1.00, 0.00, 1.00, 1.00, 0.00, 1.00, 1.00, 1.00, 0.00, 0.00, 0.00, 1.00, 0.00, 0.00, 0.00, 0.00
335,  0,  11.222,  0.98,  1, 0.00, 0.00, 3.03, 0.00, 3.37, 4.76, 0.13, 3.15, 2.12, 3.13, 0.23, 0.17, 0.03, 0.00, 0.31, 0.00, 0.02, 0.00, 0.00, 1.00, 0.00, 1.00, 1.00, 0.00, 1.00, 1.00, 1.00, 0.00, 0.00, 0.00, 1.00, 0.00, 0.00, 0.00, 0.00
336,  0,  11.255,  0.98,  1, 0.00, 0.00, 2.97, 0.00, 3.44, 4.72, 0.06, 3.30, 2.08, 3.02, 0.30, 0.42, 0.03, 0.00, 0.34, 0.11, 0.02, 0.00, 0.00, 1.00, 0.00, 1.00, 1.00, 0.00, 1.00, 1.00, 1.00, 0.00, 0.00, 0.00, 1.00, 0.00, 0.00, 0.00, 0.00
337,  0,  11.289,  0.98,  1, 0.00, 0.00, 2.91, 0.01, 3.49, 4.63, 0.04, 3.37, 2.01, 2.93, 0.39, 0.66, 0.00, 0.00, 0.39, 0.26, 0.02, 0.00, 0.00, 1.00, 0.00, 1.00, 1.00, 0.00, 1.00, 1.00, 1.00, 0.00, 0.00, 0.00, 1.00, 0.00, 0.00, 0.00, 0.00
338,  0,  11.322,  0.98,  1, 0.00, 0.00, 2.76, 0.04, 3.50, 4.47, 0.04, 3.44, 2.00, 3.07, 0.33, 0.79, 0.00, 0.00, 0.42, 0.34, 0.00, 0.00, 0.00, 1.00, 0.00, 1.00, 1.00, 0.00, 1.00, 1.00, 1.00, 0.00, 0.00, 0.00, 1.00, 0.00, 0.00, 0.00, 0.00
339,  0,  11.356,  0.98,  1, 0.00, 0.00, 2.68, 0.12, 3.47, 4.46, 0.07, 3.43, 1.97, 3.21, 0.37, 0.77, 0.00, 0.00, 0.36, 0.33, 0.00, 0.00, 0.00, 1.00, 0.00, 1.00, 1.00, 0.00, 1.00, 1.00, 1.00, 0.00, 0.00, 0.00, 1.00, 0.00, 0.00, 0.00, 0.00
340,  0,  11.389,  0.98,  1, 0.00, 0.00, 2.52, 0.11, 3.45, 4.56, 0.09, 3.39, 1.98, 3.15, 0.34, 0.68, 0.00, 0.00, 0.36, 0.28, 0.00, 0.00, 0.00, 1.00, 0.00, 1.00, 1.00, 0.00, 1.00, 1.00, 1.00, 0.00, 0.00, 0.00, 0.00, 0.00, 0.00, 0.00, 0.00
341,  0,  11.423,  0.98,  1, 0.00, 0.00, 2.42, 0.08, 3.43, 4.61, 0.06, 3.37, 1.99, 3.03, 0.25, 0.57, 0.00, 0.00, 0.44, 0.30, 0.00, 0.00, 0.00, 1.00, 0.00, 1.00, 1.00, 0.00, 1.00, 1.00, 1.00, 0.00, 0.00, 0.00, 0.00, 0.00, 0.00, 0.00, 0.00
342,  0,  11.457,  0.98,  1, 0.00, 0.00, 2.31, 0.00, 3.41, 4.57, 0.04, 3.39, 1.99, 2.97, 0.25, 0.48, 0.00, 0.00, 0.48, 0.33, 0.00, 0.00, 0.00, 1.00, 0.00, 1.00, 1.00, 0.00, 1.00, 1.00, 1.00, 0.00, 0.00, 0.00, 1.00, 0.00, 0.00, 0.00, 0.00
343,  0,  11.490,  0.98,  1, 0.00, 0.00, 2.31, 0.00, 3.37, 4.42, 0.04, 3.40, 1.98, 2.97, 0.22, 0.50, 0.00, 0.00, 0.39, 0.28, 0.00, 0.00, 0.00, 1.00, 0.00, 1.00, 1.00, 0.00, 1.00, 1.00, 1.00, 0.00, 0.00, 0.00, 1.00, 0.00, 0.00, 0.00, 0.00
344,  0,  11.524,  0.98,  1, 0.00, 0.00, 2.30, 0.00, 3.32, 4.38, 0.03, 3.36, 1.93, 2.90, 0.26, 0.47, 0.00, 0.00, 0.30, 0.22, 0.00, 0.00, 0.00, 1.00, 0.00, 1.00, 1.00, 0.00, 1.00, 1.00, 1.00, 0.00, 0.00, 0.00, 1.00, 0.00, 0.00, 0.00, 0.00
345,  0,  11.557,  0.98,  1, 0.00, 0.00, 2.34, 0.00, 3.32, 4.35, 0.03, 3.34, 1.90, 2.87, 0.25, 0.52, 0.06, 0.00, 0.29, 0.21, 0.00, 0.00, 0.00, 1.00, 0.00, 1.00, 1.00, 0.00, 1.00, 1.00, 1.00, 0.00, 0.00, 0.00, 1.00, 0.00, 0.00, 0.00, 0.00
346,  0,  11.591,  0.98,  1, 0.00, 0.00, 2.29, 0.00, 3.31, 4.37, 0.00, 3.32, 1.85, 2.84, 0.28, 0.52, 0.06, 0.00, 0.35, 0.26, 0.00, 0.00, 0.00, 1.00, 0.00, 1.00, 1.00, 0.00, 1.00, 1.00, 1.00, 0.00, 0.00, 0.00, 1.00, 0.00, 0.00, 0.00, 0.00
347,  0,  11.625,  0.98,  1, 0.00, 0.00, 2.27, 0.00, 3.32, 4.44, 0.00, 3.35, 1.87, 2.82, 0.29, 0.48, 0.06, 0.00, 0.39, 0.30, 0.00, 0.00, 0.00, 1.00, 0.00, 1.00, 1.00, 0.00, 1.00, 1.00, 1.00, 0.00, 0.00, 0.00, 1.00, 0.00, 0.00, 0.00, 0.00
348,  0,  11.658,  0.98,  1, 0.00, 0.00, 2.20, 0.02, 3.26, 4.41, 0.00, 3.27, 1.85, 2.76, 0.21, 0.43, 0.00, 0.03, 0.42, 0.25, 0.00, 0.00, 0.00, 1.00, 0.00, 1.00, 1.00, 0.00, 1.00, 1.00, 1.00, 0.00, 0.00, 0.00, 0.00, 0.00, 0.00, 0.00, 0.00
349,  0,  11.692,  0.98,  1, 0.00, 0.00, 2.15, 0.03, 3.22, 4.34, 0.00, 3.18, 1.81, 2.75, 0.15, 0.39, 0.00, 0.04, 0.37, 0.27, 0.00, 0.00, 0.00, 1.00, 0.00, 1.00, 1.00, 0.00, 1.00, 1.00, 1.00, 0.00, 0.00, 0.00, 0.00, 0.00, 0.00, 0.00, 0.00
350,  0,  11.725,  0.98,  1, 0.00, 0.00, 2.16, 0.09, 3.16, 4.22, 0.00, 3.06, 1.75, 2.76, 0.14, 0.48, 0.00, 0.07, 0.31, 0.31, 0.00, 0.00, 0.00, 1.00, 0.00, 1.00, 1.00, 0.00, 1.00, 1.00, 1.00, 0.00, 0.00, 0.00, 0.00, 0.00, 0.00, 0.00, 0.00
351,  0,  11.759,  0.98,  1, 0.00, 0.00, 2.16, 0.15, 3.14, 4.27, 0.00, 3.05, 1.73, 2.76, 0.26, 0.53, 0.00, 0.04, 0.23, 0.29, 0.00, 0.00, 0.00, 1.00, 0.00, 1.00, 1.00, 0.00, 1.00, 1.00, 1.00, 0.00, 0.00, 0.00, 1.00, 0.00, 0.00, 0.00, 0.00
352,  0,  11.793,  0.98,  1, 0.00, 0.00, 2.16, 0.16, 3.13, 4.36, 0.00, 3.10, 1.79, 2.80, 0.33, 0.56, 0.00, 0.05, 0.19, 0.18, 0.00, 0.00, 0.00, 1.00, 0.00, 1.00, 1.00, 0.00, 1.00, 1.00, 1.00, 0.00, 0.00, 0.00, 1.00, 0.00, 0.00, 0.00, 0.00
353,  0,  11.826,  0.98,  1, 0.00, 0.00, 2.14, 0.16, 3.11, 4.31, 0.00, 3.15, 1.81, 2.74, 0.40, 0.58, 0.00, 0.03, 0.22, 0.10, 0.00, 0.00, 0.00, 1.00, 0.00, 1.00, 1.00, 0.00, 1.00, 1.00, 1.00, 0.00, 0.00, 0.00, 1.00, 0.00, 0.00, 0.00, 0.00
354,  0,  11.860,  0.98,  1, 0.00, 0.00, 2.16, 0.12, 3.10, 4.33, 0.00, 3.19, 1.81, 2.74, 0.40, 0.59, 0.00, 0.04, 0.25, 0.04, 0.00, 0.00, 0.00, 1.00, 0.00, 1.00, 1.00, 0.00, 1.00, 1.00, 1.00, 0.00, 0.00, 0.00, 1.00, 0.00, 0.00, 0.00, 0.00
355,  0,  11.893,  0.98,  1, 0.00, 0.00, 2.15, 0.15, 3.07, 4.27, 0.00, 3.16, 1.76, 2.73, 0.45, 0.62, 0.00, 0.03, 0.35, 0.10, 0.00, 0.00, 0.00, 0.00, 0.00, 1.00, 1.00, 0.00, 1.00, 1.00, 1.00, 0.00, 0.00, 0.00, 1.00, 0.00, 0.00, 0.00, 0.00
356,  0,  11.927,  0.98,  1, 0.00, 0.00, 2.11, 0.10, 3.05, 4.26, 0.00, 3.14, 1.75, 2.80, 0.44, 0.58, 0.00, 0.04, 0.35, 0.11, 0.00, 0.00, 0.00, 0.00, 0.00, 1.00, 1.00, 0.00, 1.00, 1.00, 1.00, 0.00, 0.00, 0.00, 1.00, 0.00, 0.00, 0.00, 0.00
357,  0,  11.961,  0.98,  1, 0.00, 0.00, 2.03, 0.06, 3.07, 4.09, 0.00, 3.11, 1.78, 2.76, 0.38, 0.55, 0.00, 0.06, 0.40, 0.11, 0.00, 0.00, 0.00, 0.00, 0.00, 1.00, 1.00, 0.00, 1.00, 1.00, 1.00, 0.00, 0.00, 0.00, 1.00, 0.00, 0.00, 0.00, 0.00
358,  0,  11.994,  0.98,  1, 0.00, 0.00, 2.04, 0.03, 3.10, 4.03, 0.00, 3.15, 1.79, 2.83, 0.33, 0.59, 0.00, 0.06, 0.42, 0.05, 0.00, 0.00, 0.00, 0.00, 0.00, 1.00, 1.00, 0.00, 1.00, 1.00, 1.00, 0.00, 0.00, 0.00, 1.00, 0.00, 0.00, 0.00, 0.00
359,  0,  12.028,  0.98,  1, 0.00, 0.00, 2.04, 0.07, 3.13, 4.06, 0.00, 3.20, 1.80, 2.83, 0.31, 0.58, 0.02, 0.04, 0.32, 0.04, 0.00, 0.00, 0.00, 0.00, 0.00, 1.00, 1.00, 0.00, 1.00, 1.00, 1.00, 0.00, 0.00, 0.00, 1.00, 0.00, 0.00, 0.00, 0.00
360,  0,  12.061,  0.98,  1, 0.00, 0.00, 2.09, 0.11, 3.10, 4.06, 0.00, 3.24, 1.82, 2.74, 0.23, 0.51, 0.05, 0.01, 0.28, 0.07, 0.00, 0.00, 0.00, 0.00, 0.00, 1.00, 1.00, 0.00, 1.00, 1.00, 1.00, 0.00, 0.00, 0.00, 1.00, 0.00, 0.00, 0.00, 0.00
361,  0,  12.095,  0.98,  1, 0.00, 0.00, 2.15, 0.19, 3.10, 4.04, 0.00, 3.23, 1.86, 2.62, 0.18, 0.49, 0.06, 0.00, 0.19, 0.13, 0.00, 0.00, 0.00, 0.00, 0.00, 1.00, 1.00, 0.00, 1.00, 1.00, 1.00, 0.00, 0.00, 0.00, 1.00, 0.00, 0.00, 0.00, 0.00
362,  0,  12.129,  0.98,  1, 0.00, 0.00, 2.22, 0.17, 3.09, 3.98, 0.00, 3.23, 1.85, 2.64, 0.07, 0.51, 0.04, 0.00, 0.30, 0.13, 0.00, 0.00, 0.00, 0.00, 0.00, 1.00, 1.00, 0.00, 1.00, 1.00, 1.00, 0.00, 0.00, 0.00, 1.00, 0.00, 0.00, 0.00, 0.00
363,  0,  12.162,  0.98,  1, 0.00, 0.00, 2.22, 0.11, 3.06, 3.96, 0.00, 3.21, 1.80, 2.78, 0.09, 0.56, 0.02, 0.00, 0.41, 0.22, 0.00, 0.00, 0.00, 1.00, 0.00, 1.00, 1.00, 0.00, 1.00, 1.00, 1.00, 0.00, 0.00, 0.00, 1.00, 0.00, 0.00, 0.00, 0.00
364,  0,  12.196,  0.98,  1, 0.00, 0.00, 2.26, 0.03, 3.00, 3.99, 0.00, 3.23, 1.76, 2.87, 0.11, 0.49, 0.02, 0.00, 0.53, 0.21, 0.01, 0.00, 0.00, 1.00, 0.00, 1.00, 1.00, 0.00, 1.00, 1.00, 1.00, 0.00, 0.00, 0.00, 1.00, 0.00, 0.00, 0.00, 0.00
365,  0,  12.229,  0.98,  1, 0.00, 0.00, 2.29, 0.00, 2.95, 4.03, 0.00, 3.15, 1.76, 2.89, 0.20, 0.47, 0.02, 0.00, 0.54, 0.16, 0.01, 0.00, 0.00, 1.00, 0.00, 1.00, 1.00, 0.00, 1.00, 1.00, 1.00, 0.00, 0.00, 0.00, 1.00, 0.00, 0.00, 0.00, 0.00
366,  0,  12.263,  0.98,  1, 0.00, 0.00, 2.33, 0.00, 2.92, 4.08, 0.00, 3.09, 1.77, 2.85, 0.27, 0.56, 0.01, 0.00, 0.42, 0.05, 0.01, 0.00, 0.00, 1.00, 0.00, 1.00, 1.00, 0.00, 1.00, 1.00, 1.00, 0.00, 0.00, 0.00, 1.00, 0.00, 0.00, 0.00, 0.00
367,  0,  12.297,  0.98,  1, 0.00, 0.00, 2.34, 0.00, 2.89, 4.03, 0.00, 3.08, 1.81, 2.89, 0.23, 0.64, 0.00, 0.00, 0.45, 0.08, 0.00, 0.00, 0.00, 1.00, 0.00, 1.00, 1.00, 0.00, 1.00, 1.00, 1.00, 0.00, 0.00, 0.00, 1.00, 0.00, 0.00, 0.00, 0.00
368,  0,  12.330,  0.98,  1, 0.00, 0.00, 2.36, 0.00, 2.86, 3.98, 0.00, 3.16, 1.81, 2.86, 0.21, 0.72, 0.00, 0.00, 0.53, 0.21, 0.00, 0.00, 0.00, 1.00, 0.00, 1.00, 1.00, 0.00, 1.00, 1.00, 1.00, 0.00, 1.00, 0.00, 1.00, 0.00, 0.00, 0.00, 0.00
369,  0,  12.364,  0.98,  1, 0.00, 0.00, 2.38, 0.00, 2.85, 3.95, 0.00, 3.21, 1.82, 2.88, 0.18, 0.68, 0.05, 0.00, 0.56, 0.30, 0.00, 0.00, 0.00, 1.00, 0.00, 1.00, 1.00, 0.00, 1.00, 1.00, 1.00, 0.00, 1.00, 0.00, 1.00, 0.00, 0.00, 0.00, 0.00
370,  0,  12.397,  0.98,  1, 0.00, 0.00, 2.34, 0.00, 2.81, 3.99, 0.00, 3.21, 1.80, 2.80, 0.16, 0.69, 0.05, 0.00, 0.62, 0.28, 0.00, 0.00, 0.00, 1.00, 0.00, 1.00, 1.00, 0.00, 1.00, 1.00, 1.00, 0.00, 1.00, 0.00, 1.00, 0.00, 0.00, 0.00, 0.00
371,  0,  12.431,  0.98,  1, 0.00, 0.00, 2.33, 0.00, 2.74, 4.01, 0.00, 3.21, 1.76, 2.83, 0.16, 0.59, 0.17, 0.00, 0.58, 0.23, 0.00, 0.00, 0.00, 1.00, 0.00, 1.00, 1.00, 0.00, 1.00, 1.00, 1.00, 0.00, 0.00, 0.00, 1.00, 0.00, 0.00, 0.00, 0.00
372,  0,  12.465,  0.98,  1, 0.00, 0.00, 2.33, 0.00, 2.71, 4.01, 0.00, 3.24, 1.76, 2.84, 0.11, 0.54, 0.12, 0.00, 0.57, 0.18, 0.00, 0.00, 0.00, 1.00, 0.00, 1.00, 1.00, 0.00, 1.00, 1.00, 1.00, 0.00, 0.00, 0.00, 1.00, 0.00, 0.00, 0.00, 0.00
373,  0,  12.498,  0.98,  1, 0.00, 0.00, 2.33, 0.00, 2.69, 3.87, 0.00, 3.27, 1.77, 2.90, 0.10, 0.42, 0.12, 0.00, 0.44, 0.16, 0.00, 0.00, 0.00, 1.00, 0.00, 1.00, 1.00, 0.00, 1.00, 1.00, 1.00, 0.00, 0.00, 0.00, 1.00, 0.00, 0.00, 0.00, 0.00
374,  0,  12.532,  0.98,  1, 0.00, 0.00, 2.32, 0.00, 2.73, 3.80, 0.00, 3.25, 1.80, 2.96, 0.07, 0.36, 0.06, 0.00, 0.38, 0.17, 0.00, 0.00, 0.00, 1.00, 0.00, 1.00, 1.00, 0.00, 1.00, 1.00, 1.00, 0.00, 0.00, 0.00, 1.00, 0.00, 0.00, 0.00, 0.00
375,  0,  12.565,  0.98,  1, 0.00, 0.00, 2.35, 0.00, 2.72, 3.73, 0.00, 3.28, 1.78, 3.08, 0.10, 0.30, 0.12, 0.00, 0.34, 0.29, 0.00, 0.00, 0.00, 1.00, 0.00, 1.00, 1.00, 0.00, 1.00, 1.00, 1.00, 0.00, 0.00, 0.00, 1.00, 0.00, 0.00, 0.00, 0.00
376,  0,  12.599,  0.98,  1, 0.00, 0.00, 2.37, 0.00, 2.72, 3.77, 0.00, 3.27, 1.78, 3.15, 0.16, 0.32, 0.16, 0.00, 0.36, 0.41, 0.00, 0.00, 0.00, 1.00, 0.00, 1.00, 1.00, 0.00, 1.00, 1.00, 1.00, 0.00, 0.00, 0.00, 1.00, 0.00, 0.00, 0.00, 0.00
377,  0,  12.633,  0.98,  1, 0.00, 0.00, 2.37, 0.00, 2.70, 3.74, 0.00, 3.26, 1.81, 3.22, 0.26, 0.31, 0.13, 0.00, 0.37, 0.44, 0.00, 0.00, 0.00, 1.00, 0.00, 1.00, 1.00, 0.00, 1.00, 1.00, 1.00, 0.00, 0.00, 0.00, 1.00, 0.00, 0.00, 0.00, 0.00
378,  0,  12.666,  0.98,  1, 0.00, 0.00, 2.37, 0.00, 2.70, 3.74, 0.00, 3.19, 1.83, 3.14, 0.28, 0.29, 0.06, 0.00, 0.41, 0.40, 0.00, 0.00, 0.00, 1.00, 0.00, 1.00, 1.00, 0.00, 1.00, 1.00, 1.00, 0.00, 0.00, 0.00, 1.00, 0.00, 0.00, 0.00, 0.00
379,  0,  12.700,  0.98,  1, 0.00, 0.00, 2.33, 0.00, 2.69, 3.74, 0.00, 3.14, 1.82, 3.12, 0.28, 0.18, 0.03, 0.00, 0.46, 0.44, 0.00, 0.00, 0.00, 1.00, 0.00, 1.00, 1.00, 0.00, 1.00, 1.00, 1.00, 0.00, 0.00, 0.00, 1.00, 0.00, 0.00, 0.00, 0.00
380,  0,  12.733,  0.98,  1, 0.00, 0.00, 2.34, 0.00, 2.66, 3.67, 0.00, 3.10, 1.81, 3.08, 0.15, 0.12, 0.00, 0.00, 0.53, 0.43, 0.00, 0.00, 0.00, 1.00, 0.00, 1.00, 1.00, 0.00, 1.00, 1.00, 1.00, 0.00, 0.00, 0.00, 1.00, 0.00, 0.00, 0.00, 0.00
381,  0,  12.767,  0.98,  1, 0.00, 0.00, 2.28, 0.00, 2.66, 3.69, 0.00, 3.11, 1.85, 3.16, 0.13, 0.08, 0.00, 0.04, 0.53, 0.31, 0.01, 0.00, 0.00, 1.00, 0.00, 1.00, 1.00, 0.00, 1.00, 1.00, 1.00, 0.00, 0.00, 0.00, 1.00, 0.00, 0.00, 0.00, 0.00
382,  0,  12.801,  0.98,  1, 0.00, 0.00, 2.29, 0.00, 2.69, 3.79, 0.00, 3.10, 1.88, 3.14, 0.11, 0.11, 0.00, 0.12, 0.51, 0.16, 0.04, 0.00, 0.00, 1.00, 0.00, 1.00, 1.00, 0.00, 1.00, 1.00, 1.00, 0.00, 0.00, 0.00, 1.00, 0.00, 0.00, 0.00, 0.00
383,  0,  12.834,  0.98,  1, 0.00, 0.00, 2.24, 0.00, 2.71, 4.01, 0.00, 3.08, 1.88, 3.12, 0.20, 0.16, 0.00, 0.26, 0.37, 0.11, 0.05, 0.00, 0.00, 1.00, 0.00, 1.00, 1.00, 0.00, 1.00, 1.00, 1.00, 0.00, 0.00, 0.00, 1.00, 0.00, 0.00, 0.00, 0.00
384,  0,  12.868,  0.98,  1, 0.00, 0.00, 2.29, 0.00, 2.67, 3.99, 0.00, 3.10, 1.79, 3.04, 0.21, 0.17, 0.00, 0.28, 0.34, 0.23, 0.03, 0.00, 0.00, 1.00, 0.00, 1.00, 1.00, 0.00, 1.00, 1.00, 1.00, 0.00, 0.00, 0.00, 1.00, 0.00, 0.00, 0.00, 0.00
385,  0,  12.901,  0.98,  1, 0.02, 0.00, 2.29, 0.00, 2.62, 3.93, 0.00, 3.11, 1.75, 3.05, 0.27, 0.15, 0.00, 0.21, 0.24, 0.33, 0.01, 0.00, 0.00, 1.00, 0.00, 1.00, 1.00, 0.00, 1.00, 1.00, 1.00, 0.00, 0.00, 0.00, 1.00, 0.00, 0.00, 0.00, 0.00
386,  0,  12.935,  0.98,  1, 0.02, 0.00, 2.33, 0.00, 2.60, 3.76, 0.00, 3.13, 1.73, 3.05, 0.26, 0.15, 0.00, 0.12, 0.30, 0.41, 0.00, 0.00, 0.00, 1.00, 0.00, 1.00, 1.00, 0.00, 1.00, 1.00, 1.00, 0.00, 0.00, 0.00, 1.00, 0.00, 0.00, 0.00, 0.00
387,  0,  12.969,  0.98,  1, 0.05, 0.00, 2.33, 0.00, 2.58, 3.72, 0.00, 3.05, 1.76, 3.10, 0.27, 0.14, 0.00, 0.06, 0.28, 0.43, 0.00, 0.00, 0.00, 1.00, 0.00, 1.00, 1.00, 0.00, 1.00, 1.00, 1.00, 0.00, 0.00, 0.00, 1.00, 0.00, 0.00, 0.00, 0.00
388,  0,  13.002,  0.98,  1, 0.05, 0.00, 2.34, 0.00, 2.55, 3.73, 0.00, 3.06, 1.77, 3.07, 0.14, 0.24, 0.04, 0.05, 0.24, 0.30, 0.01, 0.00, 0.00, 1.00, 0.00, 1.00, 1.00, 0.00, 1.00, 1.00, 1.00, 0.00, 0.00, 0.00, 1.00, 0.00, 0.00, 0.00, 0.00
389,  0,  13.036,  0.98,  1, 0.07, 0.00, 2.38, 0.00, 2.53, 3.71, 0.00, 3.04, 1.77, 2.92, 0.05, 0.24, 0.04, 0.00, 0.18, 0.24, 0.01, 0.00, 0.00, 1.00, 0.00, 1.00, 1.00, 0.00, 1.00, 1.00, 1.00, 0.00, 0.00, 0.00, 1.00, 0.00, 0.00, 0.00, 0.00
390,  0,  13.069,  0.98,  1, 0.04, 0.00, 2.39, 0.00, 2.55, 3.71, 0.00, 3.10, 1.72, 2.77, 0.08, 0.43, 0.04, 0.08, 0.09, 0.09, 0.02, 0.00, 0.00, 1.00, 0.00, 1.00, 1.00, 0.00, 1.00, 1.00, 1.00, 0.00, 0.00, 0.00, 1.00, 0.00, 0.00, 0.00, 0.00
391,  0,  13.103,  0.98,  1, 0.02, 0.00, 2.43, 0.00, 2.59, 3.69, 0.00, 3.09, 1.79, 2.82, 0.23, 0.38, 0.00, 0.21, 0.07, 0.07, 0.14, 0.00, 0.00, 1.00, 0.00, 1.00, 1.00, 0.00, 1.00, 1.00, 1.00, 0.00, 0.00, 0.00, 1.00, 0.00, 0.00, 0.00, 0.00
392,  0,  13.137,  0.98,  1, 0.00, 0.00, 2.40, 0.00, 2.60, 3.76, 0.00, 3.06, 1.82, 2.84, 0.28, 0.39, 0.00, 0.33, 0.10, 0.00, 0.14, 0.00, 0.00, 1.00, 0.00, 1.00, 1.00, 0.00, 1.00, 1.00, 1.00, 0.00, 0.00, 0.00, 1.00, 0.00, 0.00, 0.00, 0.00
393,  0,  13.170,  0.98,  1, 0.00, 0.00, 2.42, 0.00, 2.59, 3.82, 0.00, 3.05, 1.85, 2.82, 0.25, 0.18, 0.09, 0.38, 0.10, 0.07, 0.13, 0.00, 0.00, 1.00, 0.00, 1.00, 1.00, 0.00, 1.00, 1.00, 1.00, 0.00, 0.00, 0.00, 1.00, 0.00, 0.00, 0.00, 0.00
394,  0,  13.204,  0.98,  1, 0.00, 0.00, 2.36, 0.00, 2.57, 3.90, 0.00, 2.92, 1.78, 2.69, 0.10, 0.10, 0.10, 0.41, 0.10, 0.18, 0.03, 0.00, 0.00, 1.00, 0.00, 1.00, 1.00, 0.00, 1.00, 1.00, 1.00, 0.00, 0.00, 0.00, 1.00, 0.00, 0.00, 0.00, 0.00
395,  0,  13.237,  0.98,  1, 0.00, 0.00, 2.31, 0.00, 2.57, 3.88, 0.00, 2.82, 1.72, 2.69, 0.07, 0.01, 0.10, 0.40, 0.00, 0.23, 0.04, 0.00, 0.00, 1.00, 0.00, 1.00, 1.00, 0.00, 1.00, 1.00, 1.00, 0.00, 0.00, 0.00, 0.00, 0.00, 0.00, 0.00, 0.00
396,  0,  13.271,  0.98,  1, 0.00, 0.00, 2.24, 0.00, 2.60, 3.89, 0.00, 2.62, 1.69, 2.79, 0.02, 0.01, 0.00, 0.43, 0.00, 0.17, 0.06, 0.00, 0.00, 0.00, 0.00, 1.00, 1.00, 0.00, 1.00, 1.00, 1.00, 0.00, 0.00, 0.00, 0.00, 0.00, 0.00, 0.00, 0.00
397,  0,  13.305,  0.98,  1, 0.00, 0.00, 2.18, 0.00, 2.65, 3.78, 0.00, 2.70, 1.65, 2.84, 0.06, 0.00, 0.03, 0.39, 0.01, 0.25, 0.07, 0.00, 0.00, 0.00, 0.00, 1.00, 1.00, 0.00, 1.00, 1.00, 1.00, 0.00, 0.00, 0.00, 0.00, 0.00, 0.00, 0.00, 0.00
398,  0,  13.338,  0.98,  1, 0.00, 0.00, 2.18, 0.00, 2.67, 3.82, 0.00, 2.77, 1.65, 2.88, 0.13, 0.06, 0.04, 0.40, 0.01, 0.25, 0.06, 0.00, 0.00, 0.00, 0.00, 1.00, 1.00, 0.00, 1.00, 1.00, 1.00, 0.00, 0.00, 0.00, 0.00, 0.00, 0.00, 0.00, 0.00
399,  0,  13.372,  0.98,  1, 0.00, 0.00, 2.10, 0.00, 2.62, 3.78, 0.00, 2.91, 1.64, 2.75, 0.18, 0.13, 0.14, 0.33, 0.01, 0.33, 0.04, 0.00, 0.00, 0.00, 0.00, 1.00, 1.00, 0.00, 1.00, 1.00, 1.00, 0.00, 0.00, 0.00, 0.00, 0.00, 0.00, 0.00, 0.00
400,  0,  13.405,  0.98,  1, 0.00, 0.00, 2.10, 0.00, 2.61, 3.79, 0.00, 2.88, 1.64, 2.71, 0.14, 0.21, 0.12, 0.41, 0.00, 0.14, 0.05, 0.00, 0.00, 0.00, 0.00, 1.00, 1.00, 0.00, 1.00, 1.00, 1.00, 0.00, 0.00, 0.00, 0.00, 0.00, 0.00, 0.00, 0.00
401,  0,  13.439,  0.98,  1, 0.00, 0.00, 2.10, 0.00, 2.59, 3.68, 0.00, 2.84, 1.59, 2.59, 0.05, 0.26, 0.15, 0.40, 0.00, 0.15, 0.04, 0.00, 0.00, 0.00, 0.00, 1.00, 1.00, 0.00, 1.00, 1.00, 1.00, 0.00, 0.00, 0.00, 0.00, 0.00, 0.00, 0.00, 0.00
402,  0,  13.473,  0.98,  1, 0.00, 0.00, 2.17, 0.00, 2.61, 3.74, 0.00, 2.84, 1.56, 2.59, 0.00, 0.24, 0.05, 0.41, 0.00, 0.17, 0.04, 0.00, 0.00, 0.00, 0.00, 1.00, 1.00, 0.00, 1.00, 1.00, 1.00, 0.00, 0.00, 0.00, 0.00, 0.00, 0.00, 0.00, 0.00
403,  0,  13.506,  0.98,  1, 0.00, 0.00, 2.19, 0.00, 2.57, 3.71, 0.00, 2.85, 1.54, 2.49, 0.00, 0.23, 0.05, 0.31, 0.00, 0.27, 0.00, 0.00, 0.00, 0.00, 0.00, 1.00, 1.00, 0.00, 1.00, 1.00, 1.00, 0.00, 0.00, 0.00, 0.00, 0.00, 0.00, 0.00, 0.00
404,  0,  13.540,  0.98,  1, 0.00, 0.00, 2.20, 0.00, 2.56, 3.79, 0.00, 2.83, 1.53, 2.56, 0.00, 0.15, 0.00, 0.28, 0.00, 0.22, 0.02, 0.00, 0.00, 0.00, 0.00, 1.00, 1.00, 0.00, 1.00, 1.00, 1.00, 0.00, 0.00, 0.00, 0.00, 0.00, 0.00, 0.00, 0.00
405,  0,  13.573,  0.98,  1, 0.00, 0.00, 2.21, 0.00, 2.54, 3.73, 0.00, 2.77, 1.50, 2.55, 0.00, 0.24, 0.01, 0.28, 0.00, 0.21, 0.10, 0.00, 0.00, 0.00, 0.00, 1.00, 1.00, 0.00, 1.00, 1.00, 1.00, 0.00, 0.00, 0.00, 0.00, 0.00, 0.00, 0.00, 0.00
406,  0,  13.607,  0.98,  1, 0.00, 0.00, 2.21, 0.00, 2.55, 3.80, 0.00, 2.76, 1.50, 2.66, 0.00, 0.26, 0.01, 0.32, 0.00, 0.17, 0.22, 0.00, 0.00, 0.00, 0.00, 1.00, 1.00, 0.00, 1.00, 1.00, 1.00, 0.00, 0.00, 0.00, 0.00, 0.00, 0.00, 0.00, 0.00
407,  0,  13.641,  0.98,  1, 0.00, 0.00, 2.15, 0.00, 2.59, 3.84, 0.00, 2.76, 1.53, 2.67, 0.00, 0.31, 0.01, 0.38, 0.00, 0.24, 0.25, 0.00, 0.00, 0.00, 0.00, 1.00, 1.00, 0.00, 1.00, 1.00, 1.00, 0.00, 0.00, 0.00, 0.00, 0.00, 0.00, 0.00, 0.00
408,  0,  13.674,  0.98,  1, 0.00, 0.00, 2.09, 0.02, 2.63, 3.85, 0.00, 2.81, 1.56, 2.63, 0.00, 0.27, 0.00, 0.38, 0.00, 0.25, 0.18, 0.00, 0.00, 0.00, 0.00, 1.00, 1.00, 0.00, 1.00, 1.00, 1.00, 0.00, 0.00, 0.00, 0.00, 0.00, 0.00, 0.00, 0.00
409,  0,  13.708,  0.98,  1, 0.00, 0.00, 2.09, 0.02, 2.63, 3.79, 0.00, 2.86, 1.60, 2.60, 0.07, 0.24, 0.03, 0.39, 0.00, 0.31, 0.13, 0.00, 0.00, 0.00, 0.00, 1.00, 1.00, 0.00, 1.00, 1.00, 1.00, 0.00, 0.00, 0.00, 0.00, 0.00, 0.00, 0.00, 0.00
410,  0,  13.741,  0.98,  1, 0.00, 0.00, 2.18, 0.02, 2.55, 3.81, 0.00, 2.83, 1.60, 2.54, 0.07, 0.27, 0.03, 0.37, 0.00, 0.33, 0.09, 0.00, 0.00, 0.00, 0.00, 1.00, 1.00, 0.00, 1.00, 1.00, 1.00, 0.00, 0.00, 0.00, 0.00, 0.00, 0.00, 0.00, 0.00
411,  0,  13.775,  0.98,  1, 0.00, 0.00, 2.28, 0.06, 2.48, 3.89, 0.00, 2.84, 1.57, 2.62, 0.07, 0.23, 0.03, 0.31, 0.00, 0.26, 0.12, 0.00, 0.00, 0.00, 0.00, 1.00, 1.00, 0.00, 1.00, 1.00, 1.00, 0.00, 0.00, 0.00, 0.00, 0.00, 0.00, 0.00, 0.00
412,  0,  13.808,  0.98,  1, 0.04, 0.00, 2.37, 0.11, 2.44, 4.01, 0.00, 2.78, 1.54, 2.63, 0.00, 0.15, 0.00, 0.20, 0.00, 0.14, 0.09, 0.00, 0.00, 1.00, 0.00, 1.00, 1.00, 0.00, 1.00, 1.00, 1.00, 0.00, 0.00, 0.00, 0.00, 0.00, 0.00, 0.00, 0.00
413,  0,  13.842,  0.98,  1, 0.04, 0.00, 2.40, 0.13, 2.43, 3.96, 0.00, 2.79, 1.53, 2.64, 0.00, 0.13, 0.00, 0.07, 0.00, 0.04, 0.07, 0.00, 0.00, 1.00, 0.00, 1.00, 1.00, 0.00, 1.00, 1.00, 1.00, 0.00, 0.00, 0.00, 0.00, 0.00, 0.00, 0.00, 0.00
414,  0,  13.876,  0.98,  1, 0.04, 0.00, 2.40, 0.08, 2.44, 3.89, 0.00, 2.75, 1.59, 2.68, 0.00, 0.12, 0.00, 0.09, 0.00, 0.00, 0.06, 0.00, 0.00, 1.00, 0.00, 1.00, 1.00, 0.00, 1.00, 1.00, 1.00, 0.00, 0.00, 0.00, 0.00, 0.00, 0.00, 0.00, 0.00
415,  0,  13.909,  0.98,  1, 0.00, 0.00, 2.36, 0.05, 2.43, 3.77, 0.00, 2.67, 1.60, 2.76, 0.00, 0.15, 0.07, 0.16, 0.00, 0.08, 0.03, 0.00, 0.00, 1.00, 0.00, 1.00, 1.00, 0.00, 1.00, 1.00, 1.00, 0.00, 0.00, 0.00, 0.00, 0.00, 0.00, 0.00, 0.00
416,  0,  13.943,  0.98,  1, 0.00, 0.00, 2.32, 0.11, 2.42, 3.78, 0.00, 2.70, 1.61, 2.75, 0.00, 0.08, 0.20, 0.25, 0.00, 0.16, 0.03, 0.00, 0.00, 1.00, 0.00, 1.00, 1.00, 0.00, 1.00, 1.00, 1.00, 0.00, 0.00, 0.00, 0.00, 0.00, 0.00, 0.00, 0.00
417,  0,  13.976,  0.98,  1, 0.00, 0.00, 2.33, 0.11, 2.39, 3.74, 0.00, 2.69, 1.60, 2.76, 0.00, 0.12, 0.25, 0.31, 0.00, 0.18, 0.00, 0.00, 0.00, 1.00, 0.00, 1.00, 1.00, 0.00, 1.00, 1.00, 1.00, 0.00, 0.00, 0.00, 0.00, 0.00, 0.00, 0.00, 0.00
418,  0,  14.010,  0.98,  1, 0.00, 0.00, 2.33, 0.15, 2.40, 3.68, 0.00, 2.66, 1.55, 2.77, 0.00, 0.09, 0.33, 0.29, 0.00, 0.14, 0.00, 0.00, 0.00, 1.00, 0.00, 1.00, 1.00, 0.00, 1.00, 1.00, 1.00, 0.00, 0.00, 0.00, 0.00, 0.00, 0.00, 0.00, 0.00
419,  0,  14.044,  0.98,  1, 0.00, 0.00, 2.35, 0.15, 2.41, 3.61, 0.00, 2.65, 1.55, 2.83, 0.00, 0.10, 0.25, 0.27, 0.00, 0.07, 0.00, 0.00, 0.00, 1.00, 0.00, 1.00, 1.00, 0.00, 1.00, 1.00, 1.00, 0.00, 0.00, 0.00, 0.00, 0.00, 0.00, 0.00, 0.00
420,  0,  14.077,  0.98,  1, 0.00, 0.00, 2.29, 0.17, 2.45, 3.59, 0.00, 2.73, 1.52, 2.85, 0.00, 0.07, 0.27, 0.16, 0.00, 0.05, 0.00, 0.00, 0.00, 1.00, 0.00, 1.00, 1.00, 0.00, 1.00, 1.00, 1.00, 0.00, 0.00, 0.00, 0.00, 0.00, 0.00, 0.00, 0.00
421,  0,  14.111,  0.98,  1, 0.00, 0.00, 2.24, 0.11, 2.47, 3.62, 0.00, 2.84, 1.60, 2.86, 0.03, 0.11, 0.12, 0.17, 0.00, 0.00, 0.00, 0.00, 0.00, 1.00, 0.00, 1.00, 1.00, 0.00, 1.00, 1.00, 1.00, 0.00, 0.00, 0.00, 1.00, 0.00, 0.00, 0.00, 0.00
422,  0,  14.144,  0.98,  1, 0.04, 0.00, 2.19, 0.10, 2.50, 3.72, 0.00, 2.87, 1.65, 2.89, 0.06, 0.19, 0.07, 0.24, 0.00, 0.08, 0.00, 0.00, 0.00, 1.00, 0.00, 1.00, 1.00, 0.00, 1.00, 1.00, 1.00, 0.00, 0.00, 0.00, 1.00, 0.00, 0.00, 0.00, 0.00
423,  0,  14.178,  0.98,  1, 0.08, 0.00, 2.16, 0.14, 2.47, 3.78, 0.00, 2.77, 1.65, 2.88, 0.06, 0.23, 0.00, 0.31, 0.00, 0.08, 0.00, 0.00, 0.00, 1.00, 0.00, 1.00, 1.00, 0.00, 1.00, 1.00, 1.00, 0.00, 0.00, 0.00, 1.00, 0.00, 0.00, 0.00, 0.00
424,  0,  14.212,  0.98,  1, 0.13, 0.00, 2.18, 0.16, 2.45, 3.78, 0.00, 2.72, 1.61, 2.86, 0.06, 0.24, 0.00, 0.39, 0.00, 0.14, 0.00, 0.00, 0.00, 1.00, 0.00, 1.00, 1.00, 0.00, 1.00, 1.00, 1.00, 0.00, 0.00, 0.00, 1.00, 0.00, 0.00, 0.00, 0.00
425,  0,  14.245,  0.98,  1, 0.11, 0.00, 2.21, 0.19, 2.44, 3.65, 0.00, 2.68, 1.56, 2.82, 0.02, 0.19, 0.00, 0.40, 0.00, 0.12, 0.02, 0.00, 0.00, 1.00, 0.00, 1.00, 1.00, 0.00, 1.00, 1.00, 1.00, 0.00, 0.00, 0.00, 1.00, 0.00, 0.00, 0.00, 0.00
426,  0,  14.279,  0.98,  1, 0.08, 0.00, 2.26, 0.20, 2.50, 3.62, 0.00, 2.70, 1.63, 2.82, 0.10, 0.10, 0.00, 0.50, 0.00, 0.12, 0.02, 0.00, 0.00, 1.00, 0.00, 1.00, 1.00, 0.00, 1.00, 1.00, 1.00, 0.00, 0.00, 0.00, 1.00, 0.00, 0.00, 0.00, 0.00
427,  0,  14.312,  0.98,  1, 0.05, 0.00, 2.27, 0.20, 2.53, 3.67, 0.00, 2.71, 1.62, 2.82, 0.13, 0.05, 0.00, 0.45, 0.00, 0.11, 0.02, 0.00, 0.00, 1.00, 0.00, 1.00, 1.00, 0.00, 1.00, 1.00, 1.00, 0.00, 0.00, 0.00, 1.00, 0.00, 0.00, 0.00, 0.00
428,  0,  14.346,  0.98,  1, 0.02, 0.00, 2.20, 0.15, 2.54, 3.73, 0.00, 2.82, 1.67, 2.85, 0.15, 0.00, 0.00, 0.38, 0.00, 0.06, 0.00, 0.00, 0.00, 1.00, 0.00, 1.00, 1.00, 0.00, 1.00, 1.00, 1.00, 0.00, 0.00, 0.00, 1.00, 0.00, 0.00, 0.00, 0.00
429,  0,  14.380,  0.98,  1, 0.01, 0.00, 2.18, 0.09, 2.52, 3.72, 0.00, 2.83, 1.61, 2.81, 0.07, 0.10, 0.00, 0.29, 0.00, 0.06, 0.08, 0.00, 0.00, 0.00, 0.00, 1.00, 1.00, 0.00, 1.00, 1.00, 1.00, 0.00, 0.00, 0.00, 1.00, 0.00, 0.00, 0.00, 0.00
430,  0,  14.413,  0.98,  1, 0.00, 0.00, 2.12, 0.05, 2.51, 3.61, 0.00, 2.87, 1.65, 2.77, 0.02, 0.12, 0.00, 0.31, 0.00, 0.00, 0.09, 0.00, 0.00, 0.00, 0.00, 1.00, 1.00, 0.00, 1.00, 1.00, 1.00, 0.00, 0.00, 0.00, 1.00, 0.00, 0.00, 0.00, 0.00
431,  0,  14.447,  0.98,  1, 0.01, 0.00, 2.13, 0.02, 2.49, 3.54, 0.00, 2.85, 1.62, 2.71, 0.00, 0.18, 0.00, 0.32, 0.00, 0.03, 0.09, 0.00, 0.00, 0.00, 0.00, 1.00, 1.00, 0.00, 1.00, 1.00, 1.00, 0.00, 0.00, 0.00, 1.00, 0.00, 0.00, 0.00, 0.00
432,  0,  14.480,  0.98,  1, 0.01, 0.00, 2.12, 0.00, 2.49, 3.48, 0.00, 2.88, 1.63, 2.68, 0.00, 0.19, 0.00, 0.34, 0.00, 0.11, 0.06, 0.00, 0.00, 0.00, 0.00, 1.00, 1.00, 0.00, 1.00, 1.00, 1.00, 0.00, 0.00, 0.00, 1.00, 0.00, 0.00, 0.00, 0.00
433,  0,  14.514,  0.98,  1, 0.01, 0.00, 2.21, 0.00, 2.48, 3.52, 0.00, 2.92, 1.59, 2.61, 0.00, 0.24, 0.00, 0.31, 0.00, 0.11, 0.08, 0.00, 0.00, 0.00, 0.00, 1.00, 1.00, 0.00, 1.00, 1.00, 1.00, 0.00, 0.00, 0.00, 1.00, 0.00, 0.00, 0.00, 0.00
434,  0,  14.548,  0.98,  1, 0.00, 0.00, 2.22, 0.00, 2.50, 3.58, 0.00, 2.96, 1.61, 2.66, 0.03, 0.31, 0.00, 0.32, 0.00, 0.08, 0.09, 0.00, 0.00, 0.00, 0.00, 1.00, 1.00, 0.00, 1.00, 1.00, 1.00, 0.00, 0.00, 0.00, 1.00, 0.00, 0.00, 0.00, 0.00
435,  0,  14.581,  0.98,  1, 0.03, 0.00, 2.21, 0.01, 2.51, 3.67, 0.00, 2.99, 1.61, 2.67, 0.03, 0.33, 0.00, 0.31, 0.00, 0.09, 0.08, 0.00, 0.00, 0.00, 0.00, 1.00, 1.00, 0.00, 1.00, 1.00, 1.00, 0.00, 0.00, 0.00, 1.00, 0.00, 0.00, 0.00, 0.00
436,  0,  14.615,  0.98,  1, 0.03, 0.00, 2.12, 0.01, 2.55, 3.62, 0.00, 2.93, 1.64, 2.73, 0.03, 0.32, 0.00, 0.35, 0.00, 0.09, 0.09, 0.00, 0.00, 0.00, 0.00, 1.00, 1.00, 0.00, 1.00, 1.00, 1.00, 0.00, 0.00, 0.00, 1.00, 0.00, 0.00, 0.00, 0.00
437,  0,  14.648,  0.98,  1, 0.04, 0.00, 2.16, 0.01, 2.53, 3.56, 0.00, 2.93, 1.70, 2.61, 0.00, 0.18, 0.00, 0.36, 0.00, 0.20, 0.08, 0.00, 0.00, 0.00, 0.00, 1.00, 1.00, 0.00, 1.00, 1.00, 1.00, 0.00, 0.00, 0.00, 1.00, 0.00, 0.00, 0.00, 0.00
438,  0,  14.682,  0.98,  1, 0.01, 0.00, 2.17, 0.00, 2.51, 3.46, 0.00, 2.94, 1.76, 2.41, 0.00, 0.13, 0.00, 0.37, 0.00, 0.16, 0.04, 0.00, 0.00, 0.00, 0.00, 1.00, 1.00, 0.00, 1.00, 1.00, 1.00, 0.00, 0.00, 0.00, 1.00, 0.00, 0.00, 0.00, 0.00
439,  0,  14.716,  0.98,  1, 0.01, 0.00, 2.23, 0.00, 2.48, 3.50, 0.00, 2.94, 1.76, 2.35, 0.00, 0.09, 0.00, 0.37, 0.00, 0.24, 0.00, 0.00, 0.00, 0.00, 0.00, 1.00, 1.00, 0.00, 1.00, 1.00, 1.00, 0.00, 0.00, 0.00, 1.00, 0.00, 0.00, 0.00, 0.00
440,  0,  14.749,  0.98,  1, 0.00, 0.00, 2.23, 0.01, 2.48, 3.51, 0.00, 2.91, 1.71, 2.36, 0.00, 0.13, 0.00, 0.35, 0.00, 0.21, 0.00, 0.00, 0.00, 1.00, 0.00, 1.00, 1.00, 0.00, 1.00, 1.00, 1.00, 0.00, 0.00, 0.00, 1.00, 0.00, 0.00, 0.00, 0.00
441,  0,  14.783,  0.98,  1, 0.01, 0.00, 2.20, 0.01, 2.48, 3.55, 0.00, 2.89, 1.66, 2.51, 0.00, 0.12, 0.01, 0.34, 0.00, 0.16, 0.00, 0.00, 0.00, 1.00, 0.00, 1.00, 1.00, 0.00, 1.00, 1.00, 1.00, 0.00, 0.00, 0.00, 1.00, 0.00, 0.00, 0.00, 0.00
442,  0,  14.816,  0.98,  1, 0.03, 0.00, 2.19, 0.01, 2.47, 3.58, 0.00, 2.85, 1.63, 2.60, 0.02, 0.10, 0.01, 0.32, 0.00, 0.10, 0.00, 0.00, 0.00, 1.00, 0.00, 1.00, 1.00, 0.00, 1.00, 1.00, 1.00, 0.00, 0.00, 0.00, 1.00, 0.00, 0.00, 0.00, 0.00
443,  0,  14.850,  0.98,  1, 0.02, 0.00, 2.16, 0.00, 2.48, 3.59, 0.00, 2.74, 1.62, 2.73, 0.02, 0.07, 0.01, 0.40, 0.00, 0.08, 0.00, 0.00, 0.00, 1.00, 0.00, 1.00, 1.00, 0.00, 1.00, 1.00, 1.00, 0.00, 0.00, 0.00, 0.00, 0.00, 0.00, 0.00, 0.00
444,  0,  14.884,  0.98,  1, 0.04, 0.00, 2.23, 0.00, 2.48, 3.55, 0.00, 2.64, 1.62, 2.77, 0.02, 0.00, 0.00, 0.48, 0.00, 0.14, 0.00, 0.00, 0.00, 1.00, 0.00, 1.00, 1.00, 0.00, 1.00, 1.00, 1.00, 0.00, 0.00, 0.00, 0.00, 0.00, 0.00, 0.00, 0.00
445,  0,  14.917,  0.98,  1, 0.02, 0.00, 2.27, 0.00, 2.50, 3.55, 0.00, 2.66, 1.70, 2.75, 0.00, 0.00, 0.00, 0.57, 0.00, 0.12, 0.00, 0.00, 0.00, 1.00, 0.00, 1.00, 1.00, 0.00, 1.00, 1.00, 1.00, 0.00, 0.00, 0.00, 0.00, 0.00, 0.00, 0.00, 0.00
446,  0,  14.951,  0.98,  1, 0.03, 0.00, 2.30, 0.00, 2.51, 3.62, 0.00, 2.82, 1.68, 2.67, 0.00, 0.03, 0.00, 0.52, 0.00, 0.06, 0.00, 0.00, 0.00, 1.00, 0.00, 1.00, 1.00, 0.00, 1.00, 1.00, 1.00, 0.00, 0.00, 0.00, 0.00, 0.00, 0.00, 0.00, 0.00
447,  0,  14.984,  0.98,  1, 0.03, 0.00, 2.33, 0.00, 2.55, 3.71, 0.00, 2.96, 1.67, 2.66, 0.00, 0.02, 0.00, 0.45, 0.00, 0.00, 0.04, 0.00, 0.00, 1.00, 0.00, 1.00, 1.00, 0.00, 1.00, 1.00, 1.00, 0.00, 0.00, 0.00, 0.00, 0.00, 0.00, 0.00, 0.00
448,  0,  15.018,  0.98,  1, 0.03, 0.00, 2.32, 0.00, 2.55, 3.71, 0.00, 2.98, 1.64, 2.65, 0.00, 0.02, 0.00, 0.43, 0.00, 0.00, 0.06, 0.00, 0.00, 1.00, 0.00, 1.00, 1.00, 0.00, 1.00, 1.00, 1.00, 0.00, 0.00, 0.00, 1.00, 0.00, 0.00, 0.00, 0.00
449,  0,  15.052,  0.98,  1, 0.10, 0.00, 2.38, 0.00, 2.54, 3.71, 0.00, 2.90, 1.68, 2.70, 0.00, 0.00, 0.00, 0.51, 0.00, 0.03, 0.07, 0.00, 0.00, 1.00, 0.00, 1.00, 1.00, 0.00, 1.00, 1.00, 1.00, 0.00, 0.00, 0.00, 1.00, 0.00, 0.00, 0.00, 0.00
450,  0,  15.085,  0.98,  1, 0.14, 0.00, 2.40, 0.00, 2.51, 3.63, 0.00, 2.87, 1.70, 2.73, 0.00, 0.03, 0.00, 0.49, 0.00, 0.03, 0.02, 0.00, 0.00, 1.00, 0.00, 1.00, 1.00, 0.00, 1.00, 1.00, 1.00, 0.00, 0.00, 0.00, 1.00, 0.00, 0.00, 0.00, 0.00
451,  0,  15.119,  0.98,  1, 0.14, 0.00, 2.48, 0.00, 2.51, 3.73, 0.00, 2.82, 1.71, 2.76, 0.00, 0.03, 0.01, 0.47, 0.00, 0.05, 0.01, 0.00, 0.00, 1.00, 0.00, 1.00, 1.00, 0.00, 1.00, 1.00, 1.00, 0.00, 0.00, 0.00, 1.00, 0.00, 0.00, 0.00, 0.00
452,  0,  15.152,  0.98,  1, 0.08, 0.00, 2.50, 0.00, 2.52, 3.69, 0.00, 2.81, 1.71, 2.82, 0.00, 0.03, 0.02, 0.43, 0.00, 0.03, 0.00, 0.00, 0.00, 1.00, 0.00, 1.00, 1.00, 0.00, 1.00, 1.00, 1.00, 0.00, 0.00, 0.00, 1.00, 0.00, 0.00, 0.00, 0.00
453,  0,  15.186,  0.98,  1, 0.02, 0.00, 2.48, 0.00, 2.53, 3.76, 0.00, 2.75, 1.70, 2.88, 0.00, 0.00, 0.09, 0.51, 0.00, 0.15, 0.00, 0.00, 0.00, 1.00, 0.00, 1.00, 1.00, 0.00, 1.00, 1.00, 1.00, 0.00, 0.00, 0.00, 1.00, 0.00, 0.00, 0.00, 0.00
454,  0,  15.220,  0.98,  1, 0.05, 0.00, 2.40, 0.00, 2.54, 3.70, 0.00, 2.73, 1.67, 2.84, 0.00, 0.05, 0.08, 0.56, 0.00, 0.14, 0.00, 0.00, 0.00, 1.00, 0.00, 1.00, 1.00, 0.00, 1.00, 1.00, 1.00, 0.00, 0.00, 0.00, 1.00, 0.00, 0.00, 0.00, 0.00
455,  0,  15.253,  0.98,  1, 0.03, 0.00, 2.33, 0.00, 2.56, 3.80, 0.00, 2.67, 1.66, 2.81, 0.00, 0.05, 0.10, 0.65, 0.00, 0.13, 0.00, 0.00, 0.00, 1.00, 0.00, 1.00, 1.00, 0.00, 1.00, 1.00, 1.00, 0.00, 0.00, 0.00, 1.00, 0.00, 0.00, 0.00, 0.00
456,  0,  15.287,  0.98,  1, 0.05, 0.00, 2.31, 0.00, 2.56, 3.77, 0.00, 2.68, 1.68, 2.78, 0.00, 0.10, 0.03, 0.61, 0.00, 0.01, 0.00, 0.00, 0.00, 1.00, 0.00, 1.00, 1.00, 0.00, 1.00, 1.00, 1.00, 0.00, 0.00, 0.00, 1.00, 0.00, 0.00, 0.00, 0.00
457,  0,  15.320,  0.98,  1, 0.02, 0.00, 2.28, 0.00, 2.57, 3.81, 0.00, 2.74, 1.68, 2.85, 0.00, 0.06, 0.03, 0.63, 0.00, 0.00, 0.00, 0.00, 0.00, 1.00, 0.00, 1.00, 1.00, 0.00, 1.00, 1.00, 1.00, 0.00, 0.00, 0.00, 1.00, 0.00, 0.00, 0.00, 0.00
458,  0,  15.354,  0.98,  1, 0.02, 0.00, 2.32, 0.01, 2.56, 3.82, 0.00, 2.83, 1.69, 2.76, 0.00, 0.06, 0.00, 0.47, 0.00, 0.00, 0.00, 0.00, 0.00, 1.00, 0.00, 1.00, 1.00, 0.00, 1.00, 1.00, 1.00, 0.00, 0.00, 0.00, 1.00, 0.00, 0.00, 0.00, 0.00
459,  0,  15.388,  0.98,  1, 0.00, 0.00, 2.32, 0.01, 2.55, 3.90, 0.00, 2.82, 1.71, 2.68, 0.00, 0.01, 0.00, 0.51, 0.00, 0.00, 0.00, 0.00, 0.00, 1.00, 0.00, 1.00, 1.00, 0.00, 1.00, 1.00, 1.00, 0.00, 0.00, 0.00, 1.00, 0.00, 0.00, 0.00, 0.00
460,  0,  15.421,  0.98,  1, 0.00, 0.00, 2.36, 0.01, 2.55, 3.91, 0.00, 2.76, 1.72, 2.55, 0.00, 0.01, 0.00, 0.52, 0.00, 0.00, 0.00, 0.00, 0.00, 1.00, 0.00, 1.00, 1.00, 0.00, 1.00, 1.00, 1.00, 0.00, 0.00, 0.00, 1.00, 0.00, 0.00, 0.00, 0.00
461,  0,  15.455,  0.98,  1, 0.00, 0.00, 2.34, 0.00, 2.58, 3.86, 0.00, 2.67, 1.71, 2.60, 0.00, 0.01, 0.00, 0.61, 0.00, 0.00, 0.00, 0.00, 0.00, 0.00, 0.00, 1.00, 1.00, 0.00, 1.00, 1.00, 1.00, 0.00, 0.00, 0.00, 1.00, 0.00, 0.00, 0.00, 0.00
462,  0,  15.488,  0.98,  1, 0.00, 0.00, 2.32, 0.02, 2.58, 3.76, 0.00, 2.69, 1.68, 2.63, 0.00, 0.04, 0.00, 0.62, 0.00, 0.00, 0.01, 0.00, 0.00, 0.00, 0.00, 1.00, 1.00, 0.00, 1.00, 1.00, 1.00, 0.00, 0.00, 0.00, 1.00, 0.00, 0.00, 0.00, 0.00
463,  0,  15.522,  0.98,  1, 0.00, 0.00, 2.30, 0.02, 2.58, 3.75, 0.00, 2.80, 1.72, 2.76, 0.00, 0.12, 0.10, 0.55, 0.00, 0.02, 0.01, 0.00, 0.00, 0.00, 0.00, 1.00, 1.00, 0.00, 1.00, 1.00, 1.00, 0.00, 0.00, 0.00, 1.00, 0.00, 0.00, 0.00, 0.00
464,  0,  15.556,  0.98,  1, 0.00, 0.00, 2.30, 0.02, 2.58, 3.73, 0.00, 2.82, 1.74, 2.72, 0.00, 0.18, 0.17, 0.53, 0.00, 0.02, 0.01, 0.00, 0.00, 0.00, 0.00, 1.00, 1.00, 0.00, 1.00, 1.00, 1.00, 0.00, 0.00, 0.00, 1.00, 0.00, 0.00, 0.00, 0.00
465,  0,  15.589,  0.98,  1, 0.00, 0.00, 2.40, 0.00, 2.63, 3.75, 0.00, 2.85, 1.73, 2.72, 0.00, 0.22, 0.17, 0.49, 0.00, 0.02, 0.00, 0.00, 0.00, 1.00, 0.00, 1.00, 1.00, 0.00, 1.00, 1.00, 1.00, 0.00, 0.00, 0.00, 1.00, 0.00, 0.00, 0.00, 0.00
466,  0,  15.623,  0.98,  1, 0.00, 0.00, 2.43, 0.00, 2.67, 3.76, 0.00, 2.82, 1.74, 2.64, 0.00, 0.16, 0.07, 0.56, 0.00, 0.00, 0.00, 0.00, 0.00, 1.00, 0.00, 1.00, 1.00, 0.00, 1.00, 1.00, 1.00, 0.00, 0.00, 0.00, 1.00, 0.00, 0.00, 0.00, 0.00
467,  0,  15.656,  0.98,  1, 0.00, 0.00, 2.48, 0.00, 2.69, 3.85, 0.00, 2.83, 1.76, 2.76, 0.00, 0.14, 0.00, 0.63, 0.00, 0.00, 0.00, 0.00, 0.00, 1.00, 0.00, 1.00, 1.00, 0.00, 1.00, 1.00, 1.00, 0.00, 0.00, 0.00, 1.00, 0.00, 0.00, 0.00, 0.00
468,  0,  15.690,  0.98,  1, 0.00, 0.00, 2.47, 0.00, 2.71, 3.98, 0.00, 2.88, 1.78, 2.86, 0.00, 0.09, 0.00, 0.67, 0.00, 0.00, 0.00, 0.00, 0.00, 1.00, 0.00, 1.00, 1.00, 0.00, 1.00, 1.00, 1.00, 0.00, 0.00, 0.00, 1.00, 0.00, 0.00, 0.00, 0.00
469,  0,  15.724,  0.98,  1, 0.00, 0.00, 2.46, 0.00, 2.72, 3.98, 0.00, 2.90, 1.77, 2.86, 0.00, 0.19, 0.00, 0.66, 0.00, 0.00, 0.00, 0.00, 0.00, 1.00, 0.00, 1.00, 1.00, 0.00, 1.00, 1.00, 1.00, 0.00, 0.00, 0.00, 1.00, 0.00, 0.00, 0.00, 0.00
470,  0,  15.757,  0.98,  1, 0.00, 0.00, 2.49, 0.00, 2.73, 3.98, 0.00, 2.97, 1.78, 2.87, 0.00, 0.24, 0.00, 0.66, 0.00, 0.00, 0.00, 0.00, 0.00, 1.00, 0.00, 1.00, 1.00, 0.00, 1.00, 1.00, 1.00, 0.00, 0.00, 0.00, 1.00, 0.00, 0.00, 0.00, 0.00
471,  0,  15.791,  0.98,  1, 0.00, 0.00, 2.48, 0.00, 2.75, 4.01, 0.00, 2.98, 1.77, 2.85, 0.00, 0.29, 0.00, 0.65, 0.00, 0.00, 0.00, 0.00, 0.00, 1.00, 0.00, 1.00, 1.00, 0.00, 1.00, 1.00, 1.00, 0.00, 0.00, 0.00, 1.00, 0.00, 0.00, 0.00, 0.00
472,  0,  15.824,  0.98,  1, 0.00, 0.00, 2.54, 0.00, 2.79, 4.07, 0.02, 2.97, 1.78, 2.94, 0.00, 0.26, 0.00, 0.68, 0.10, 0.00, 0.00, 0.00, 0.00, 1.00, 0.00, 1.00, 1.00, 0.00, 1.00, 1.00, 1.00, 0.00, 0.00, 0.00, 1.00, 0.00, 0.00, 0.00, 0.00
473,  0,  15.858,  0.98,  1, 0.00, 0.00, 2.53, 0.00, 2.81, 4.05, 0.02, 3.02, 1.77, 2.89, 0.00, 0.18, 0.00, 0.56, 0.22, 0.08, 0.00, 0.00, 0.00, 1.00, 0.00, 1.00, 1.00, 0.00, 1.00, 1.00, 1.00, 0.00, 0.00, 0.00, 1.00, 0.00, 0.00, 0.00, 0.00
474,  0,  15.892,  0.98,  1, 0.00, 0.00, 2.56, 0.00, 2.77, 3.90, 0.02, 3.01, 1.83, 2.94, 0.00, 0.14, 0.00, 0.53, 0.32, 0.08, 0.00, 0.00, 0.00, 1.00, 0.00, 1.00, 1.00, 0.00, 1.00, 1.00, 1.00, 0.00, 0.00, 0.00, 1.00, 0.00, 0.00, 0.00, 0.00
475,  0,  15.925,  0.98,  1, 0.00, 0.00, 2.56, 0.00, 2.72, 3.88, 0.04, 2.97, 1.84, 2.91, 0.00, 0.09, 0.00, 0.45, 0.38, 0.08, 0.00, 0.00, 0.00, 1.00, 0.00, 1.00, 1.00, 0.00, 1.00, 1.00, 1.00, 0.00, 0.00, 0.00, 1.00, 0.00, 0.00, 0.00, 0.00
476,  0,  15.959,  0.98,  1, 0.00, 0.00, 2.60, 0.00, 2.72, 3.89, 0.09, 2.85, 1.83, 3.05, 0.03, 0.13, 0.00, 0.50, 0.33, 0.00, 0.00, 0.00, 0.00, 1.00, 0.00, 1.00, 1.00, 0.00, 1.00, 1.00, 1.00, 0.00, 0.00, 0.00, 1.00, 0.00, 0.00, 0.00, 0.00
477,  0,  15.992,  0.98,  1, 0.00, 0.00, 2.61, 0.00, 2.77, 3.97, 0.10, 2.85, 1.85, 3.05, 0.11, 0.14, 0.00, 0.55, 0.24, 0.00, 0.00, 0.00, 0.00, 1.00, 0.00, 1.00, 1.00, 0.00, 1.00, 1.00, 1.00, 0.00, 0.00, 0.00, 1.00, 0.00, 0.00, 0.00, 0.00
478,  0,  16.026,  0.98,  1, 0.00, 0.00, 2.66, 0.00, 2.80, 3.88, 0.06, 2.87, 1.85, 3.10, 0.11, 0.11, 0.03, 0.52, 0.13, 0.00, 0.00, 0.00, 0.00, 1.00, 0.00, 1.00, 1.00, 0.00, 1.00, 1.00, 1.00, 0.00, 0.00, 0.00, 1.00, 0.00, 0.00, 0.00, 0.00
479,  0,  16.060,  0.98,  1, 0.00, 0.00, 2.62, 0.00, 2.81, 3.90, 0.02, 2.91, 1.90, 3.00, 0.14, 0.06, 0.03, 0.60, 0.12, 0.00, 0.00, 0.00, 0.00, 1.00, 0.00, 1.00, 1.00, 0.00, 1.00, 1.00, 1.00, 0.00, 0.00, 0.00, 1.00, 0.00, 0.00, 0.00, 0.00
480,  0,  16.093,  0.98,  1, 0.00, 0.00, 2.62, 0.00, 2.82, 4.07, 0.06, 2.94, 1.85, 2.98, 0.13, 0.00, 0.03, 0.54, 0.15, 0.00, 0.00, 0.00, 0.00, 1.00, 0.00, 1.00, 1.00, 0.00, 1.00, 1.00, 1.00, 0.00, 0.00, 0.00, 1.00, 0.00, 0.00, 0.00, 0.00
481,  0,  16.127,  0.98,  1, 0.00, 0.00, 2.69, 0.00, 2.86, 4.24, 0.06, 3.02, 1.82, 2.98, 0.13, 0.09, 0.00, 0.55, 0.12, 0.00, 0.00, 0.00, 0.00, 1.00, 0.00, 1.00, 1.00, 0.00, 1.00, 1.00, 1.00, 0.00, 0.00, 0.00, 1.00, 0.00, 0.00, 0.00, 0.00
482,  0,  16.160,  0.98,  1, 0.00, 0.00, 2.75, 0.00, 2.89, 4.39, 0.10, 3.05, 1.77, 3.05, 0.07, 0.09, 0.05, 0.37, 0.09, 0.00, 0.00, 0.00, 0.00, 1.00, 0.00, 1.00, 1.00, 0.00, 1.00, 1.00, 1.00, 0.00, 0.00, 0.00, 1.00, 0.00, 0.00, 0.00, 0.00
483,  0,  16.194,  0.98,  1, 0.00, 0.00, 2.87, 0.00, 2.86, 4.42, 0.10, 3.07, 1.80, 3.09, 0.01, 0.18, 0.05, 0.33, 0.12, 0.00, 0.00, 0.00, 0.00, 1.00, 0.00, 1.00, 1.00, 0.00, 1.00, 1.00, 1.00, 0.00, 0.00, 0.00, 1.00, 0.00, 0.00, 0.00, 0.00
484,  0,  16.228,  0.98,  1, 0.00, 0.00, 2.84, 0.00, 2.89, 4.48, 0.16, 3.09, 1.84, 3.17, 0.01, 0.14, 0.05, 0.32, 0.17, 0.00, 0.00, 0.00, 0.00, 1.00, 0.00, 1.00, 1.00, 0.00, 1.00, 1.00, 1.00, 0.00, 0.00, 0.00, 1.00, 0.00, 0.00, 0.00, 0.00
485,  0,  16.261,  0.98,  1, 0.00, 0.00, 2.83, 0.00, 2.91, 4.47, 0.20, 3.09, 1.86, 3.11, 0.02, 0.16, 0.00, 0.36, 0.25, 0.00, 0.00, 0.00, 0.00, 1.00, 0.00, 1.00, 1.00, 0.00, 1.00, 1.00, 1.00, 0.00, 0.00, 0.00, 1.00, 0.00, 0.00, 0.00, 0.00
486,  0,  16.295,  0.98,  1, 0.00, 0.00, 2.73, 0.00, 2.95, 4.39, 0.21, 3.07, 1.84, 3.09, 0.00, 0.08, 0.00, 0.37, 0.26, 0.00, 0.00, 0.00, 0.00, 1.00, 0.00, 1.00, 1.00, 0.00, 1.00, 1.00, 1.00, 0.00, 0.00, 0.00, 1.00, 0.00, 0.00, 0.00, 0.00
487,  0,  16.328,  0.98,  1, 0.00, 0.00, 2.76, 0.00, 2.91, 4.39, 0.20, 3.01, 1.82, 3.09, 0.01, 0.06, 0.00, 0.33, 0.18, 0.00, 0.00, 0.00, 0.00, 1.00, 0.00, 1.00, 1.00, 0.00, 1.00, 1.00, 1.00, 0.00, 0.00, 0.00, 1.00, 0.00, 0.00, 0.00, 0.00
488,  0,  16.362,  0.98,  1, 0.00, 0.00, 2.80, 0.00, 2.90, 4.28, 0.17, 3.03, 1.86, 3.17, 0.01, 0.03, 0.00, 0.29, 0.14, 0.00, 0.00, 0.00, 0.00, 1.00, 0.00, 1.00, 1.00, 0.00, 1.00, 1.00, 1.00, 0.00, 0.00, 0.00, 1.00, 0.00, 0.00, 0.00, 0.00
489,  0,  16.395,  0.98,  1, 0.00, 0.00, 2.87, 0.00, 2.90, 4.29, 0.14, 3.03, 1.85, 3.16, 0.10, 0.09, 0.04, 0.31, 0.06, 0.00, 0.00, 0.00, 0.00, 1.00, 0.00, 1.00, 1.00, 0.00, 1.00, 1.00, 1.00, 0.00, 0.00, 0.00, 1.00, 0.00, 0.00, 0.00, 0.00
490,  0,  16.429,  0.98,  1, 0.00, 0.00, 2.85, 0.00, 2.93, 4.32, 0.10, 3.09, 1.91, 3.08, 0.15, 0.15, 0.04, 0.39, 0.11, 0.00, 0.00, 0.00, 0.00, 1.00, 0.00, 1.00, 1.00, 0.00, 1.00, 1.00, 1.00, 0.00, 0.00, 0.00, 1.00, 0.00, 0.00, 0.00, 0.00
491,  0,  16.463,  0.98,  1, 0.00, 0.00, 2.80, 0.00, 2.95, 4.38, 0.06, 3.12, 1.87, 3.04, 0.24, 0.18, 0.12, 0.42, 0.05, 0.00, 0.00, 0.00, 0.00, 1.00, 0.00, 1.00, 1.00, 0.00, 1.00, 1.00, 1.00, 0.00, 0.00, 0.00, 1.00, 0.00, 0.00, 0.00, 0.00
492,  0,  16.496,  0.98,  1, 0.00, 0.00, 2.81, 0.00, 2.98, 4.35, 0.09, 3.10, 1.85, 2.97, 0.27, 0.15, 0.25, 0.34, 0.05, 0.00, 0.00, 0.00, 0.00, 1.00, 0.00, 1.00, 1.00, 0.00, 1.00, 1.00, 1.00, 0.00, 0.00, 0.00, 1.00, 0.00, 0.00, 0.00, 0.00
493,  0,  16.530,  0.98,  1, 0.00, 0.00, 2.85, 0.00, 3.00, 4.29, 0.10, 3.09, 1.75, 2.88, 0.21, 0.15, 0.41, 0.25, 0.06, 0.04, 0.00, 0.00, 0.00, 1.00, 0.00, 1.00, 1.00, 0.00, 1.00, 1.00, 1.00, 0.00, 0.00, 0.00, 1.00, 0.00, 0.00, 0.00, 0.00
494,  0,  16.563,  0.98,  1, 0.03, 0.00, 2.94, 0.00, 3.02, 4.41, 0.09, 3.15, 1.70, 2.85, 0.16, 0.17, 0.40, 0.21, 0.09, 0.04, 0.00, 0.00, 0.00, 1.00, 0.00, 1.00, 1.00, 0.00, 1.00, 1.00, 1.00, 0.00, 0.00, 0.00, 1.00, 0.00, 0.00, 0.00, 0.00
495,  0,  16.597,  0.98,  1, 0.10, 0.04, 2.95, 0.00, 3.03, 4.45, 0.08, 3.21, 1.67, 2.86, 0.04, 0.24, 0.24, 0.13, 0.08, 0.04, 0.00, 0.00, 0.00, 1.00, 0.00, 1.00, 1.00, 0.00, 1.00, 1.00, 1.00, 0.00, 0.00, 0.00, 1.00, 0.00, 0.00, 0.00, 0.00
496,  0,  16.631,  0.98,  1, 0.13, 0.05, 2.94, 0.00, 2.99, 4.42, 0.08, 3.25, 1.65, 2.91, 0.04, 0.21, 0.08, 0.08, 0.05, 0.00, 0.00, 0.00, 0.00, 1.00, 0.00, 1.00, 1.00, 0.00, 1.00, 1.00, 1.00, 0.00, 0.00, 0.00, 1.00, 0.00, 0.00, 0.00, 0.00
497,  0,  16.664,  0.98,  1, 0.17, 0.05, 2.94, 0.00, 2.95, 4.34, 0.08, 3.20, 1.66, 2.89, 0.03, 0.20, 0.00, 0.04, 0.03, 0.00, 0.00, 0.00, 0.00, 1.00, 0.00, 1.00, 1.00, 0.00, 1.00, 1.00, 1.00, 0.00, 0.00, 0.00, 1.00, 0.00, 0.00, 0.00, 0.00
498,  0,  16.698,  0.98,  1, 0.18, 0.01, 2.98, 0.00, 2.94, 4.37, 0.02, 3.23, 1.70, 2.87, 0.03, 0.11, 0.00, 0.04, 0.14, 0.00, 0.00, 0.00, 0.00, 1.00, 0.00, 1.00, 1.00, 0.00, 1.00, 1.00, 1.00, 0.00, 0.00, 0.00, 1.00, 0.00, 0.00, 0.00, 0.00
499,  0,  16.731,  0.98,  1, 0.17, 0.00, 2.99, 0.00, 2.93, 4.31, 0.02, 3.19, 1.76, 2.74, 0.03, 0.09, 0.00, 0.03, 0.17, 0.00, 0.00, 0.00, 0.00, 1.00, 0.00, 1.00, 1.00, 0.00, 1.00, 1.00, 1.00, 0.00, 0.00, 0.00, 1.00, 0.00, 0.00, 0.00, 0.00
500,  0,  16.765,  0.98,  1, 0.18, 0.01, 3.03, 0.00, 2.92, 4.26, 0.06, 3.20, 1.78, 2.70, 0.00, 0.17, 0.00, 0.00, 0.17, 0.00, 0.00, 0.00, 0.00, 1.00, 0.00, 1.00, 1.00, 0.00, 1.00, 1.00, 1.00, 0.00, 0.00, 0.00, 1.00, 0.00, 0.00, 0.00, 0.00
501,  0,  16.799,  0.98,  1, 0.16, 0.03, 2.92, 0.00, 2.88, 4.19, 0.05, 3.20, 1.80, 2.82, 0.00, 0.29, 0.05, 0.03, 0.10, 0.00, 0.00, 0.00, 0.00, 1.00, 0.00, 1.00, 1.00, 0.00, 1.00, 1.00, 1.00, 0.00, 0.00, 0.00, 1.00, 0.00, 0.00, 0.00, 0.00
502,  0,  16.832,  0.98,  1, 0.21, 0.08, 2.93, 0.00, 2.86, 4.23, 0.05, 3.22, 1.82, 3.00, 0.00, 0.37, 0.05, 0.17, 0.12, 0.00, 0.00, 0.00, 0.00, 1.00, 0.00, 1.00, 1.00, 0.00, 1.00, 1.00, 1.00, 0.00, 0.00, 0.00, 1.00, 0.00, 0.00, 0.00, 0.00
503,  0,  16.866,  0.98,  1, 0.22, 0.08, 2.88, 0.00, 2.84, 4.27, 0.02, 3.23, 1.86, 3.00, 0.00, 0.38, 0.05, 0.27, 0.12, 0.00, 0.00, 0.00, 0.00, 1.00, 0.00, 1.00, 1.00, 0.00, 1.00, 1.00, 1.00, 0.00, 0.00, 0.00, 1.00, 0.00, 0.00, 0.00, 0.00
504,  0,  16.899,  0.98,  1, 0.27, 0.12, 2.93, 0.00, 2.83, 4.30, 0.02, 3.24, 1.89, 2.90, 0.00, 0.33, 0.03, 0.36, 0.17, 0.00, 0.00, 0.00, 1.00, 1.00, 0.00, 1.00, 1.00, 0.00, 1.00, 1.00, 1.00, 0.00, 0.00, 0.00, 1.00, 0.00, 0.00, 0.00, 0.00
505,  0,  16.933,  0.98,  1, 0.26, 0.06, 2.90, 0.00, 2.82, 4.41, 0.01, 3.22, 1.89, 2.87, 0.00, 0.32, 0.04, 0.36, 0.09, 0.00, 0.00, 0.00, 1.00, 1.00, 0.00, 1.00, 1.00, 0.00, 1.00, 1.00, 1.00, 0.00, 0.00, 0.00, 1.00, 0.00, 0.00, 0.00, 0.00
506,  0,  16.967,  0.98,  1, 0.17, 0.06, 2.81, 0.00, 2.81, 4.42, 0.00, 3.17, 1.90, 2.91, 0.09, 0.30, 0.04, 0.37, 0.11, 0.00, 0.00, 0.00, 1.00, 1.00, 0.00, 1.00, 1.00, 0.00, 1.00, 1.00, 1.00, 0.00, 0.00, 0.00, 1.00, 0.00, 0.00, 0.00, 0.00
507,  0,  17.000,  0.98,  1, 0.13, 0.06, 2.76, 0.00, 2.80, 4.41, 0.00, 3.07, 1.86, 2.88, 0.09, 0.27, 0.01, 0.34, 0.06, 0.00, 0.00, 0.00, 0.00, 1.00, 0.00, 1.00, 1.00, 0.00, 1.00, 1.00, 1.00, 0.00, 0.00, 0.00, 1.00, 0.00, 0.00, 0.00, 0.00
508,  0,  17.034,  0.98,  1, 0.15, 0.09, 2.74, 0.00, 2.77, 4.25, 0.00, 3.10, 1.79, 2.88, 0.09, 0.34, 0.04, 0.24, 0.07, 0.06, 0.00, 0.00, 0.00, 1.00, 0.00, 1.00, 1.00, 0.00, 1.00, 1.00, 1.00, 0.00, 0.00, 0.00, 1.00, 0.00, 0.00, 0.00, 0.00
509,  0,  17.067,  0.98,  1, 0.26, 0.09, 2.77, 0.00, 2.77, 4.19, 0.00, 3.13, 1.73, 2.87, 0.00, 0.41, 0.04, 0.17, 0.05, 0.06, 0.00, 0.00, 0.00, 1.00, 0.00, 1.00, 1.00, 0.00, 1.00, 1.00, 1.00, 0.00, 0.00, 0.00, 1.00, 0.00, 0.00, 0.00, 0.00
510,  0,  17.101,  0.98,  1, 0.20, 0.03, 2.76, 0.00, 2.77, 4.07, 0.00, 3.20, 1.71, 2.86, 0.00, 0.37, 0.04, 0.17, 0.01, 0.06, 0.00, 0.00, 0.00, 1.00, 0.00, 1.00, 1.00, 0.00, 1.00, 1.00, 1.00, 0.00, 0.00, 0.00, 1.00, 0.00, 0.00, 0.00, 0.00
511,  0,  17.135,  0.98,  1, 0.12, 0.00, 2.70, 0.00, 2.77, 4.04, 0.00, 3.16, 1.70, 2.80, 0.00, 0.29, 0.00, 0.18, 0.00, 0.00, 0.00, 0.00, 0.00, 1.00, 0.00, 1.00, 1.00, 0.00, 1.00, 1.00, 1.00, 0.00, 0.00, 0.00, 1.00, 0.00, 0.00, 0.00, 0.00
512,  0,  17.168,  0.98,  1, 0.01, 0.00, 2.67, 0.00, 2.73, 4.02, 0.00, 3.14, 1.69, 2.71, 0.00, 0.20, 0.00, 0.21, 0.02, 0.00, 0.00, 0.00, 0.00, 1.00, 0.00, 1.00, 1.00, 0.00, 1.00, 1.00, 1.00, 0.00, 0.00, 0.00, 1.00, 0.00, 0.00, 0.00, 0.00
513,  0,  17.202,  0.98,  1, 0.04, 0.00, 2.64, 0.00, 2.71, 4.12, 0.00, 3.14, 1.66, 2.72, 0.00, 0.29, 0.00, 0.22, 0.02, 0.10, 0.00, 0.00, 0.00, 1.00, 0.00, 1.00, 1.00, 0.00, 1.00, 1.00, 1.00, 0.00, 0.00, 0.00, 1.00, 0.00, 0.00, 0.00, 0.00
514,  0,  17.235,  0.98,  1, 0.09, 0.01, 2.61, 0.00, 2.70, 4.16, 0.00, 3.09, 1.72, 2.70, 0.00, 0.33, 0.00, 0.31, 0.05, 0.10, 0.00, 0.00, 0.00, 1.00, 0.00, 1.00, 1.00, 0.00, 1.00, 1.00, 1.00, 0.00, 0.00, 0.00, 1.00, 0.00, 0.00, 0.00, 0.00
515,  0,  17.269,  0.98,  1, 0.12, 0.01, 2.60, 0.01, 2.73, 4.11, 0.00, 3.02, 1.72, 2.74, 0.00, 0.46, 0.00, 0.43, 0.03, 0.10, 0.00, 0.00, 0.00, 1.00, 0.00, 1.00, 1.00, 0.00, 1.00, 1.00, 1.00, 0.00, 0.00, 0.00, 1.00, 0.00, 0.00, 0.00, 0.00
516,  0,  17.303,  0.98,  1, 0.14, 0.03, 2.59, 0.01, 2.71, 4.08, 0.00, 2.91, 1.78, 2.72, 0.08, 0.47, 0.00, 0.54, 0.03, 0.00, 0.00, 0.00, 0.00, 1.00, 0.00, 1.00, 1.00, 0.00, 1.00, 1.00, 1.00, 0.00, 0.00, 0.00, 1.00, 0.00, 0.00, 0.00, 0.00
517,  0,  17.336,  0.98,  1, 0.09, 0.02, 2.59, 0.01, 2.66, 4.05, 0.00, 2.92, 1.77, 2.69, 0.24, 0.46, 0.00, 0.53, 0.00, 0.00, 0.00, 0.00, 0.00, 1.00, 0.00, 1.00, 1.00, 0.00, 1.00, 1.00, 1.00, 0.00, 0.00, 0.00, 1.00, 0.00, 0.00, 0.00, 0.00
518,  0,  17.370,  0.98,  1, 0.06, 0.02, 2.52, 0.00, 2.60, 3.93, 0.00, 2.98, 1.82, 2.68, 0.28, 0.34, 0.00, 0.48, 0.00, 0.00, 0.00, 0.00, 0.00, 1.00, 0.00, 1.00, 1.00, 0.00, 1.00, 1.00, 1.00, 0.00, 0.00, 0.00, 1.00, 0.00, 0.00, 0.00, 0.00
519,  0,  17.403,  0.98,  1, 0.05, 0.00, 2.46, 0.00, 2.56, 3.77, 0.00, 3.03, 1.79, 2.65, 0.20, 0.26, 0.01, 0.38, 0.00, 0.00, 0.00, 0.00, 0.00, 1.00, 0.00, 1.00, 1.00, 0.00, 1.00, 1.00, 1.00, 0.00, 0.00, 0.00, 0.00, 0.00, 0.00, 0.00, 0.00
520,  0,  17.437,  0.98,  1, 0.05, 0.00, 2.42, 0.00, 2.57, 3.66, 0.00, 2.98, 1.76, 2.69, 0.04, 0.23, 0.01, 0.37, 0.00, 0.00, 0.00, 0.00, 0.00, 1.00, 0.00, 1.00, 1.00, 0.00, 1.00, 1.00, 1.00, 0.00, 0.00, 0.00, 0.00, 0.00, 0.00, 0.00, 0.00
521,  0,  17.471,  0.98,  1, 0.08, 0.00, 2.36, 0.04, 2.58, 3.67, 0.00, 2.88, 1.73, 2.73, 0.13, 0.24, 0.03, 0.38, 0.00, 0.00, 0.00, 0.00, 0.00, 1.00, 0.00, 1.00, 1.00, 0.00, 1.00, 1.00, 1.00, 0.00, 0.00, 0.00, 0.00, 0.00, 0.00, 0.00, 0.00
522,  0,  17.504,  0.98,  1, 0.07, 0.00, 2.33, 0.06, 2.57, 3.71, 0.00, 2.77, 1.70, 2.80, 0.13, 0.18, 0.15, 0.42, 0.00, 0.15, 0.00, 0.00, 0.00, 1.00, 0.00, 1.00, 1.00, 0.00, 1.00, 1.00, 1.00, 0.00, 0.00, 0.00, 0.00, 0.00, 0.00, 0.00, 0.00
523,  0,  17.538,  0.98,  1, 0.05, 0.00, 2.29, 0.06, 2.55, 3.78, 0.00, 2.76, 1.71, 2.71, 0.13, 0.18, 0.15, 0.40, 0.00, 0.15, 0.00, 0.00, 0.00, 1.00, 0.00, 1.00, 1.00, 0.00, 1.00, 1.00, 1.00, 0.00, 0.00, 0.00, 0.00, 0.00, 0.00, 0.00, 0.00
524,  0,  17.571,  0.98,  1, 0.02, 0.00, 2.27, 0.07, 2.53, 3.78, 0.00, 2.81, 1.65, 2.61, 0.00, 0.13, 0.30, 0.29, 0.00, 0.20, 0.00, 0.00, 0.00, 0.00, 0.00, 1.00, 1.00, 0.00, 1.00, 1.00, 1.00, 0.00, 0.00, 0.00, 0.00, 0.00, 0.00, 0.00, 0.00
525,  0,  17.605,  0.98,  1, 0.00, 0.00, 2.22, 0.04, 2.56, 3.72, 0.00, 2.90, 1.64, 2.51, 0.00, 0.17, 0.22, 0.24, 0.01, 0.19, 0.00, 0.00, 0.00, 0.00, 0.00, 1.00, 1.00, 0.00, 1.00, 1.00, 1.00, 0.00, 0.00, 0.00, 0.00, 0.00, 0.00, 0.00, 0.00
526,  0,  17.639,  0.98,  1, 0.03, 0.00, 2.17, 0.04, 2.57, 3.69, 0.00, 2.91, 1.58, 2.56, 0.00, 0.10, 0.22, 0.20, 0.04, 0.33, 0.00, 0.00, 0.00, 0.00, 0.00, 1.00, 1.00, 0.00, 1.00, 1.00, 1.00, 0.00, 0.00, 0.00, 0.00, 0.00, 0.00, 0.00, 0.00
527,  0,  17.672,  0.98,  1, 0.03, 0.00, 2.16, 0.00, 2.59, 3.69, 0.00, 2.86, 1.58, 2.62, 0.04, 0.07, 0.04, 0.23, 0.13, 0.38, 0.00, 0.00, 0.00, 0.00, 0.00, 1.00, 1.00, 0.00, 1.00, 1.00, 1.00, 0.00, 0.00, 0.00, 0.00, 0.00, 0.00, 0.00, 0.00
528,  0,  17.706,  0.98,  1, 0.07, 0.00, 2.12, 0.00, 2.56, 3.74, 0.00, 2.79, 1.54, 2.72, 0.16, 0.03, 0.00, 0.21, 0.13, 0.29, 0.00, 0.00, 0.00, 0.00, 0.00, 1.00, 1.00, 0.00, 1.00, 1.00, 1.00, 0.00, 0.00, 0.00, 0.00, 0.00, 0.00, 0.00, 0.00
529,  0,  17.739,  0.98,  1, 0.07, 0.00, 2.11, 0.00, 2.55, 3.66, 0.00, 2.75, 1.57, 2.81, 0.25, 0.00, 0.00, 0.31, 0.15, 0.15, 0.01, 0.00, 0.00, 0.00, 0.00, 1.00, 1.00, 0.00, 1.00, 1.00, 1.00, 0.00, 0.00, 0.00, 0.00, 0.00, 0.00, 0.00, 0.00
530,  0,  17.773,  0.98,  1, 0.07, 0.00, 2.14, 0.00, 2.55, 3.70, 0.00, 2.76, 1.59, 2.80, 0.28, 0.00, 0.00, 0.32, 0.06, 0.04, 0.04, 0.00, 0.00, 0.00, 0.00, 1.00, 1.00, 0.00, 1.00, 1.00, 1.00, 0.00, 0.00, 0.00, 0.00, 0.00, 0.00, 0.00, 0.00
531,  0,  17.807,  0.98,  1, 0.02, 0.00, 2.18, 0.00, 2.55, 3.73, 0.00, 2.79, 1.63, 2.71, 0.19, 0.11, 0.00, 0.37, 0.06, 0.00, 0.06, 0.00, 0.00, 0.00, 0.00, 1.00, 1.00, 0.00, 1.00, 1.00, 1.00, 0.00, 0.00, 0.00, 0.00, 0.00, 0.00, 0.00, 0.00
532,  0,  17.840,  0.98,  1, 0.01, 0.00, 2.17, 0.00, 2.52, 3.86, 0.00, 2.80, 1.59, 2.61, 0.13, 0.22, 0.00, 0.31, 0.00, 0.00, 0.07, 0.00, 0.00, 0.00, 0.00, 1.00, 1.00, 0.00, 1.00, 1.00, 1.00, 0.00, 0.00, 0.00, 0.00, 0.00, 0.00, 0.00, 0.00
533,  0,  17.874,  0.98,  1, 0.00, 0.00, 2.12, 0.04, 2.51, 3.89, 0.00, 2.80, 1.56, 2.59, 0.10, 0.30, 0.00, 0.21, 0.00, 0.00, 0.04, 0.00, 0.00, 0.00, 0.00, 1.00, 1.00, 0.00, 1.00, 1.00, 1.00, 0.00, 0.00, 0.00, 0.00, 0.00, 0.00, 0.00, 0.00
534,  0,  17.907,  0.98,  1, 0.00, 0.00, 2.07, 0.04, 2.49, 3.92, 0.00, 2.78, 1.51, 2.62, 0.16, 0.30, 0.00, 0.10, 0.00, 0.00, 0.01, 0.00, 0.00, 0.00, 0.00, 1.00, 1.00, 0.00, 1.00, 1.00, 1.00, 0.00, 0.00, 0.00, 0.00, 0.00, 0.00, 0.00, 0.00
535,  0,  17.941,  0.98,  1, 0.00, 0.00, 2.03, 0.04, 2.51, 3.79, 0.00, 2.84, 1.48, 2.61, 0.20, 0.29, 0.00, 0.00, 0.00, 0.00, 0.01, 0.00, 0.00, 0.00, 0.00, 1.00, 1.00, 0.00, 1.00, 1.00, 1.00, 0.00, 0.00, 0.00, 0.00, 0.00, 0.00, 0.00, 0.00
536,  0,  17.975,  0.98,  1, 0.00, 0.00, 2.03, 0.04, 2.51, 3.75, 0.00, 2.86, 1.46, 2.64, 0.16, 0.25, 0.00, 0.00, 0.00, 0.00, 0.01, 0.00, 0.00, 0.00, 0.00, 1.00, 1.00, 0.00, 1.00, 1.00, 1.00, 0.00, 0.00, 0.00, 0.00, 0.00, 0.00, 0.00, 0.00
537,  0,  18.008,  0.98,  1, 0.00, 0.00, 2.05, 0.04, 2.53, 3.66, 0.00, 2.91, 1.49, 2.65, 0.07, 0.21, 0.03, 0.00, 0.00, 0.05, 0.01, 0.00, 0.00, 0.00, 0.00, 1.00, 1.00, 0.00, 1.00, 1.00, 1.00, 0.00, 0.00, 0.00, 0.00, 0.00, 0.00, 0.00, 0.00
538,  0,  18.042,  0.98,  1, 0.00, 0.00, 2.06, 0.04, 2.53, 3.67, 0.00, 2.93, 1.52, 2.74, 0.07, 0.24, 0.06, 0.00, 0.00, 0.11, 0.00, 0.00, 0.00, 0.00, 0.00, 1.00, 1.00, 0.00, 1.00, 1.00, 1.00, 0.00, 0.00, 0.00, 0.00, 0.00, 0.00, 0.00, 0.00
539,  0,  18.075,  0.98,  1, 0.00, 0.00, 2.06, 0.00, 2.52, 3.65, 0.00, 2.96, 1.57, 2.77, 0.12, 0.28, 0.08, 0.00, 0.00, 0.21, 0.00, 0.00, 0.00, 0.00, 0.00, 1.00, 1.00, 0.00, 1.00, 1.00, 1.00, 0.00, 0.00, 0.00, 0.00, 0.00, 0.00, 0.00, 0.00
540,  0,  18.109,  0.98,  1, 0.00, 0.00, 2.09, 0.00, 2.50, 3.60, 0.00, 2.91, 1.52, 2.66, 0.12, 0.23, 0.05, 0.00, 0.00, 0.16, 0.13, 0.00, 0.00, 0.00, 0.00, 1.00, 1.00, 0.00, 1.00, 1.00, 1.00, 0.00, 0.00, 0.00, 0.00, 0.00, 0.00, 0.00, 0.00
541,  0,  18.143,  0.98,  1, 0.00, 0.00, 2.11, 0.00, 2.51, 3.65, 0.00, 2.86, 1.48, 2.52, 0.05, 0.09, 0.12, 0.00, 0.05, 0.09, 0.19, 0.00, 0.00, 0.00, 0.00, 1.00, 1.00, 0.00, 1.00, 1.00, 1.00, 0.00, 0.00, 0.00, 0.00, 0.00, 0.00, 0.00, 0.00
542,  0,  18.176,  0.98,  1, 0.00, 0.00, 2.09, 0.00, 2.48, 3.68, 0.00, 2.85, 1.45, 2.45, 0.00, 0.01, 0.18, 0.00, 0.08, 0.09, 0.29, 0.00, 0.00, 0.00, 0.00, 1.00, 1.00, 0.00, 1.00, 1.00, 1.00, 0.00, 0.00, 0.00, 0.00, 0.00, 0.00, 0.00, 0.00
543,  0,  18.210,  0.98,  1, 0.00, 0.00, 2.05, 0.00, 2.48, 3.74, 0.00, 2.95, 1.48, 2.58, 0.00, 0.05, 0.38, 0.00, 0.09, 0.21, 0.27, 0.00, 0.00, 0.00, 0.00, 1.00, 1.00, 0.00, 1.00, 1.00, 1.00, 0.00, 0.00, 0.00, 0.00, 0.00, 0.00, 0.00, 0.00
544,  0,  18.243,  0.98,  1, 0.00, 0.00, 2.06, 0.00, 2.46, 3.74, 0.00, 2.98, 1.49, 2.63, 0.00, 0.12, 0.45, 0.00, 0.05, 0.28, 0.33, 0.00, 0.00, 0.00, 0.00, 1.00, 1.00, 0.00, 1.00, 1.00, 1.00, 0.00, 0.00, 0.00, 0.00, 0.00, 0.00, 0.00, 0.00
545,  0,  18.277,  0.98,  1, 0.00, 0.00, 2.08, 0.00, 2.46, 3.75, 0.00, 2.98, 1.44, 2.60, 0.00, 0.23, 0.57, 0.00, 0.02, 0.34, 0.39, 0.00, 0.00, 0.00, 0.00, 1.00, 1.00, 0.00, 1.00, 1.00, 1.00, 0.00, 0.00, 0.00, 0.00, 0.00, 0.00, 0.00, 0.00
546,  0,  18.311,  0.98,  1, 0.00, 0.00, 2.10, 0.00, 2.47, 3.75, 0.00, 2.95, 1.41, 2.63, 0.00, 0.35, 0.37, 0.00, 0.00, 0.25, 0.39, 0.00, 0.00, 0.00, 0.00, 1.00, 1.00, 0.00, 1.00, 1.00, 1.00, 0.00, 0.00, 0.00, 0.00, 0.00, 0.00, 0.00, 0.00
547,  0,  18.344,  0.98,  1, 0.00, 0.00, 2.08, 0.00, 2.47, 3.69, 0.00, 2.97, 1.42, 2.67, 0.00, 0.39, 0.22, 0.00, 0.00, 0.21, 0.33, 0.00, 0.00, 0.00, 0.00, 1.00, 1.00, 0.00, 1.00, 1.00, 1.00, 0.00, 0.00, 0.00, 0.00, 0.00, 0.00, 0.00, 0.00
548,  0,  18.378,  0.98,  1, 0.00, 0.00, 2.10, 0.00, 2.48, 3.60, 0.00, 2.99, 1.50, 2.75, 0.00, 0.32, 0.02, 0.00, 0.04, 0.16, 0.23, 0.00, 0.00, 0.00, 0.00, 1.00, 1.00, 0.00, 1.00, 1.00, 1.00, 0.00, 0.00, 0.00, 0.00, 0.00, 0.00, 0.00, 0.00
549,  0,  18.411,  0.98,  1, 0.00, 0.00, 2.14, 0.00, 2.48, 3.57, 0.00, 3.02, 1.53, 2.66, 0.00, 0.18, 0.00, 0.00, 0.06, 0.20, 0.19, 0.00, 0.00, 0.00, 0.00, 1.00, 1.00, 0.00, 1.00, 1.00, 1.00, 0.00, 0.00, 0.00, 0.00, 0.00, 0.00, 0.00, 0.00
550,  0,  18.445,  0.98,  1, 0.00, 0.00, 2.17, 0.00, 2.49, 3.62, 0.00, 2.99, 1.52, 2.62, 0.02, 0.17, 0.01, 0.00, 0.09, 0.28, 0.17, 0.00, 0.00, 0.00, 0.00, 1.00, 1.00, 0.00, 1.00, 1.00, 1.00, 0.00, 0.00, 0.00, 0.00, 0.00, 0.00, 0.00, 0.00
551,  0,  18.479,  0.98,  1, 0.00, 0.00, 2.12, 0.00, 2.48, 3.65, 0.00, 2.92, 1.50, 2.54, 0.02, 0.24, 0.08, 0.00, 0.05, 0.18, 0.20, 0.00, 0.00, 0.00, 0.00, 1.00, 1.00, 0.00, 1.00, 1.00, 1.00, 0.00, 0.00, 0.00, 0.00, 0.00, 0.00, 0.00, 0.00
552,  0,  18.512,  0.98,  1, 0.00, 0.00, 2.07, 0.00, 2.48, 3.62, 0.00, 2.88, 1.52, 2.58, 0.02, 0.23, 0.13, 0.00, 0.03, 0.11, 0.22, 0.00, 0.00, 0.00, 0.00, 1.00, 1.00, 0.00, 1.00, 1.00, 1.00, 0.00, 0.00, 0.00, 0.00, 0.00, 0.00, 0.00, 0.00
553,  0,  18.546,  0.98,  1, 0.00, 0.00, 2.07, 0.00, 2.45, 3.50, 0.00, 2.86, 1.49, 2.64, 0.00, 0.16, 0.12, 0.00, 0.02, 0.07, 0.28, 0.00, 0.00, 0.00, 0.00, 1.00, 1.00, 0.00, 1.00, 1.00, 1.00, 0.00, 0.00, 0.00, 0.00, 0.00, 0.00, 0.00, 0.00
554,  0,  18.579,  0.98,  1, 0.00, 0.00, 2.09, 0.00, 2.47, 3.52, 0.00, 2.91, 1.48, 2.73, 0.00, 0.10, 0.10, 0.00, 0.03, 0.17, 0.37, 0.00, 0.00, 0.00, 0.00, 1.00, 1.00, 0.00, 1.00, 1.00, 1.00, 0.00, 0.00, 0.00, 0.00, 0.00, 0.00, 0.00, 0.00
555,  0,  18.613,  0.98,  1, 0.00, 0.00, 2.12, 0.00, 2.47, 3.61, 0.00, 2.87, 1.45, 2.69, 0.00, 0.09, 0.08, 0.00, 0.06, 0.22, 0.40, 0.00, 0.00, 0.00, 0.00, 1.00, 1.00, 0.00, 1.00, 1.00, 1.00, 0.00, 0.00, 0.00, 0.00, 0.00, 0.00, 0.00, 0.00
556,  0,  18.647,  0.98,  1, 0.00, 0.00, 2.11, 0.00, 2.49, 3.69, 0.00, 2.88, 1.43, 2.71, 0.00, 0.12, 0.16, 0.00, 0.13, 0.22, 0.39, 0.00, 0.00, 0.00, 0.00, 1.00, 1.00, 0.00, 1.00, 1.00, 1.00, 0.00, 0.00, 0.00, 0.00, 0.00, 0.00, 0.00, 0.00
557,  0,  18.680,  0.98,  1, 0.00, 0.01, 2.13, 0.00, 2.47, 3.62, 0.00, 2.82, 1.44, 2.66, 0.00, 0.07, 0.10, 0.01, 0.19, 0.13, 0.32, 0.00, 0.00, 0.00, 0.00, 1.00, 1.00, 0.00, 1.00, 1.00, 1.00, 0.00, 0.00, 0.00, 0.00, 0.00, 0.00, 0.00, 0.00
558,  0,  18.714,  0.98,  1, 0.00, 0.01, 2.10, 0.00, 2.47, 3.55, 0.00, 2.77, 1.46, 2.75, 0.02, 0.09, 0.08, 0.02, 0.23, 0.14, 0.25, 0.00, 0.00, 0.00, 0.00, 1.00, 1.00, 0.00, 1.00, 1.00, 1.00, 0.00, 0.00, 0.00, 0.00, 0.00, 0.00, 0.00, 0.00
559,  0,  18.747,  0.98,  1, 0.00, 0.01, 2.15, 0.00, 2.48, 3.57, 0.00, 2.75, 1.54, 2.73, 0.02, 0.02, 0.00, 0.02, 0.19, 0.12, 0.25, 0.00, 0.00, 0.00, 0.00, 1.00, 1.00, 0.00, 1.00, 1.00, 1.00, 0.00, 0.00, 0.00, 0.00, 0.00, 0.00, 0.00, 0.00
560,  0,  18.781,  0.98,  1, 0.00, 0.00, 2.19, 0.00, 2.50, 3.64, 0.00, 2.76, 1.56, 2.76, 0.05, 0.04, 0.00, 0.01, 0.16, 0.16, 0.29, 0.00, 0.00, 0.00, 0.00, 1.00, 1.00, 0.00, 1.00, 1.00, 1.00, 0.00, 0.00, 0.00, 0.00, 0.00, 0.00, 0.00, 0.00
561,  0,  18.814,  0.98,  1, 0.00, 0.00, 2.22, 0.00, 2.51, 3.65, 0.00, 2.80, 1.57, 2.74, 0.05, 0.06, 0.00, 0.00, 0.13, 0.20, 0.39, 0.00, 0.00, 0.00, 0.00, 1.00, 1.00, 0.00, 1.00, 1.00, 1.00, 0.00, 0.00, 0.00, 0.00, 0.00, 0.00, 0.00, 0.00
562,  0,  18.848,  0.98,  1, 0.00, 0.00, 2.15, 0.00, 2.55, 3.65, 0.00, 2.82, 1.53, 2.77, 0.16, 0.12, 0.00, 0.00, 0.11, 0.25, 0.40, 0.00, 0.00, 0.00, 0.00, 1.00, 1.00, 0.00, 1.00, 1.00, 1.00, 0.00, 0.00, 0.00, 0.00, 0.00, 0.00, 0.00, 0.00
563,  0,  18.882,  0.98,  1, 0.00, 0.00, 2.11, 0.00, 2.54, 3.58, 0.00, 2.79, 1.48, 2.81, 0.13, 0.18, 0.00, 0.00, 0.08, 0.34, 0.36, 0.00, 0.00, 0.00, 0.00, 1.00, 1.00, 0.00, 1.00, 1.00, 1.00, 0.00, 0.00, 0.00, 0.00, 0.00, 0.00, 0.00, 0.00
564,  0,  18.915,  0.98,  1, 0.00, 0.00, 2.10, 0.00, 2.54, 3.58, 0.00, 2.78, 1.49, 2.79, 0.12, 0.21, 0.00, 0.00, 0.02, 0.25, 0.31, 0.00, 0.00, 0.00, 0.00, 1.00, 1.00, 0.00, 1.00, 1.00, 1.00, 0.00, 0.00, 0.00, 0.00, 0.00, 0.00, 0.00, 0.00
565,  0,  18.949,  0.98,  1, 0.00, 0.00, 2.14, 0.00, 2.50, 3.54, 0.00, 2.78, 1.48, 2.70, 0.00, 0.15, 0.00, 0.00, 0.00, 0.15, 0.31, 0.00, 0.00, 0.00, 0.00, 1.00, 1.00, 0.00, 1.00, 1.00, 1.00, 0.00, 0.00, 0.00, 0.00, 0.00, 0.00, 0.00, 0.00
566,  0,  18.982,  0.98,  1, 0.00, 0.00, 2.17, 0.00, 2.51, 3.56, 0.00, 2.80, 1.52, 2.65, 0.01, 0.14, 0.00, 0.00, 0.01, 0.03, 0.36, 0.00, 0.00, 0.00, 0.00, 1.00, 1.00, 0.00, 1.00, 1.00, 1.00, 0.00, 0.00, 0.00, 0.00, 0.00, 0.00, 0.00, 0.00
567,  0,  19.016,  0.98,  1, 0.00, 0.00, 2.15, 0.00, 2.51, 3.59, 0.00, 2.83, 1.53, 2.63, 0.12, 0.15, 0.00, 0.00, 0.01, 0.00, 0.41, 0.00, 0.00, 0.00, 0.00, 1.00, 1.00, 0.00, 1.00, 1.00, 1.00, 0.00, 0.00, 0.00, 0.00, 0.00, 0.00, 0.00, 0.00
568,  0,  19.050,  0.98,  1, 0.00, 0.00, 2.12, 0.00, 2.53, 3.68, 0.00, 2.87, 1.55, 2.71, 0.25, 0.21, 0.00, 0.00, 0.01, 0.00, 0.46, 0.00, 0.00, 0.00, 0.00, 1.00, 1.00, 0.00, 1.00, 1.00, 1.00, 0.00, 0.00, 0.00, 0.00, 0.00, 0.00, 0.00, 0.00
569,  0,  19.083,  0.98,  1, 0.00, 0.00, 2.11, 0.01, 2.53, 3.67, 0.00, 2.92, 1.56, 2.64, 0.24, 0.20, 0.00, 0.00, 0.00, 0.00, 0.50, 0.00, 0.00, 0.00, 0.00, 1.00, 1.00, 0.00, 1.00, 1.00, 1.00, 0.00, 0.00, 0.00, 0.00, 0.00, 0.00, 0.00, 0.00
570,  0,  19.117,  0.98,  1, 0.00, 0.00, 2.09, 0.01, 2.55, 3.62, 0.00, 2.99, 1.60, 2.73, 0.19, 0.14, 0.04, 0.02, 0.02, 0.15, 0.53, 0.00, 0.00, 0.00, 0.00, 1.00, 1.00, 0.00, 1.00, 1.00, 1.00, 0.00, 0.00, 0.00, 0.00, 0.00, 0.00, 0.00, 0.00
571,  0,  19.150,  0.98,  1, 0.00, 0.00, 2.11, 0.01, 2.52, 3.56, 0.00, 3.07, 1.63, 2.67, 0.11, 0.08, 0.07, 0.03, 0.05, 0.22, 0.54, 0.00, 0.00, 0.00, 0.00, 1.00, 1.00, 0.00, 1.00, 1.00, 1.00, 0.00, 0.00, 0.00, 0.00, 0.00, 0.00, 0.00, 0.00
572,  0,  19.184,  0.98,  1, 0.00, 0.00, 2.10, 0.00, 2.52, 3.49, 0.00, 3.12, 1.65, 2.62, 0.11, 0.06, 0.07, 0.03, 0.05, 0.29, 0.51, 0.00, 0.00, 0.00, 0.00, 1.00, 1.00, 0.00, 1.00, 1.00, 1.00, 0.00, 0.00, 0.00, 0.00, 0.00, 0.00, 0.00, 0.00
573,  0,  19.218,  0.98,  1, 0.00, 0.00, 2.13, 0.00, 2.51, 3.48, 0.00, 3.14, 1.64, 2.46, 0.04, 0.06, 0.03, 0.01, 0.06, 0.14, 0.46, 0.00, 0.00, 0.00, 0.00, 1.00, 1.00, 0.00, 1.00, 1.00, 1.00, 0.00, 0.00, 0.00, 0.00, 0.00, 0.00, 0.00, 0.00
574,  0,  19.251,  0.98,  1, 0.00, 0.00, 2.14, 0.00, 2.51, 3.44, 0.00, 3.12, 1.60, 2.34, 0.05, 0.08, 0.00, 0.00, 0.02, 0.07, 0.46, 0.00, 0.00, 0.00, 0.00, 1.00, 1.00, 0.00, 1.00, 1.00, 1.00, 0.00, 0.00, 0.00, 0.00, 0.00, 0.00, 0.00, 0.00
575,  0,  19.285,  0.98,  1, 0.00, 0.00, 2.13, 0.00, 2.51, 3.44, 0.00, 3.12, 1.56, 2.44, 0.05, 0.04, 0.00, 0.04, 0.03, 0.11, 0.45, 0.00, 0.00, 0.00, 0.00, 1.00, 1.00, 0.00, 1.00, 1.00, 1.00, 0.00, 0.00, 0.00, 0.00, 0.00, 0.00, 0.00, 0.00
576,  0,  19.318,  0.98,  1, 0.00, 0.00, 2.10, 0.00, 2.51, 3.41, 0.00, 3.09, 1.54, 2.48, 0.05, 0.02, 0.00, 0.05, 0.03, 0.28, 0.41, 0.00, 0.00, 0.00, 0.00, 1.00, 1.00, 0.00, 1.00, 1.00, 1.00, 0.00, 0.00, 0.00, 0.00, 0.00, 0.00, 0.00, 0.00
577,  0,  19.352,  0.98,  1, 0.00, 0.00, 2.07, 0.00, 2.53, 3.46, 0.00, 3.11, 1.55, 2.60, 0.02, 0.00, 0.01, 0.08, 0.08, 0.40, 0.38, 0.00, 0.00, 0.00, 0.00, 1.00, 1.00, 0.00, 1.00, 1.00, 1.00, 0.00, 0.00, 0.00, 0.00, 0.00, 0.00, 0.00, 0.00
578,  0,  19.386,  0.98,  1, 0.00, 0.00, 2.07, 0.00, 2.51, 3.50, 0.00, 3.10, 1.59, 2.62, 0.02, 0.00, 0.06, 0.06, 0.15, 0.41, 0.34, 0.00, 0.00, 0.00, 0.00, 1.00, 1.00, 0.00, 1.00, 1.00, 1.00, 0.00, 0.00, 0.00, 0.00, 0.00, 0.00, 0.00, 0.00
579,  0,  19.419,  0.98,  1, 0.00, 0.00, 2.07, 0.00, 2.51, 3.62, 0.00, 3.14, 1.63, 2.68, 0.02, 0.00, 0.06, 0.05, 0.13, 0.32, 0.34, 0.00, 0.00, 0.00, 0.00, 1.00, 1.00, 0.00, 1.00, 1.00, 1.00, 0.00, 0.00, 0.00, 0.00, 0.00, 0.00, 0.00, 0.00
580,  0,  19.453,  0.98,  1, 0.00, 0.00, 2.06, 0.00, 2.47, 3.63, 0.00, 3.07, 1.61, 2.68, 0.00, 0.00, 0.05, 0.02, 0.09, 0.38, 0.33, 0.00, 0.00, 0.00, 0.00, 1.00, 1.00, 0.00, 1.00, 1.00, 1.00, 0.00, 0.00, 0.00, 0.00, 0.00, 0.00, 0.00, 0.00
581,  0,  19.486,  0.98,  1, 0.00, 0.00, 2.03, 0.00, 2.49, 3.63, 0.00, 3.06, 1.59, 2.62, 0.00, 0.00, 0.04, 0.00, 0.01, 0.44, 0.35, 0.00, 0.00, 0.00, 0.00, 1.00, 1.00, 0.00, 1.00, 1.00, 1.00, 0.00, 0.00, 0.00, 0.00, 0.00, 0.00, 0.00, 0.00
582,  0,  19.520,  0.98,  1, 0.00, 0.00, 2.02, 0.00, 2.47, 3.53, 0.00, 3.04, 1.56, 2.54, 0.00, 0.00, 0.04, 0.00, 0.00, 0.45, 0.33, 0.00, 0.00, 0.00, 0.00, 1.00, 1.00, 0.00, 1.00, 1.00, 1.00, 0.00, 0.00, 0.00, 0.00, 0.00, 0.00, 0.00, 0.00
583,  0,  19.554,  0.98,  1, 0.00, 0.00, 2.05, 0.00, 2.48, 3.51, 0.00, 3.06, 1.59, 2.53, 0.05, 0.03, 0.04, 0.00, 0.00, 0.31, 0.29, 0.00, 0.00, 0.00, 0.00, 1.00, 1.00, 0.00, 1.00, 1.00, 1.00, 0.00, 0.00, 0.00, 0.00, 0.00, 0.00, 0.00, 0.00
584,  0,  19.587,  0.98,  1, 0.00, 0.00, 2.06, 0.00, 2.46, 3.46, 0.00, 3.09, 1.60, 2.59, 0.05, 0.03, 0.00, 0.00, 0.00, 0.24, 0.27, 0.00, 0.00, 0.00, 0.00, 1.00, 1.00, 0.00, 1.00, 1.00, 1.00, 0.00, 0.00, 0.00, 0.00, 0.00, 0.00, 0.00, 0.00
585,  0,  19.621,  0.98,  1, 0.00, 0.00, 2.04, 0.00, 2.45, 3.46, 0.00, 3.09, 1.58, 2.71, 0.05, 0.03, 0.00, 0.00, 0.00, 0.18, 0.31, 0.00, 0.00, 0.00, 0.00, 1.00, 1.00, 0.00, 1.00, 1.00, 1.00, 0.00, 0.00, 0.00, 0.00, 0.00, 0.00, 0.00, 0.00
586,  0,  19.654,  0.98,  1, 0.00, 0.00, 2.02, 0.00, 2.47, 3.49, 0.00, 3.11, 1.53, 2.72, 0.00, 0.00, 0.00, 0.00, 0.00, 0.18, 0.28, 0.00, 0.00, 0.00, 0.00, 1.00, 1.00, 0.00, 1.00, 1.00, 1.00, 0.00, 0.00, 0.00, 0.00, 0.00, 0.00, 0.00, 0.00
587,  0,  19.688,  0.98,  1, 0.00, 0.00, 2.01, 0.00, 2.48, 3.52, 0.00, 3.13, 1.52, 2.65, 0.00, 0.00, 0.00, 0.00, 0.05, 0.20, 0.25, 0.00, 0.00, 0.00, 0.00, 1.00, 1.00, 0.00, 1.00, 1.00, 1.00, 0.00, 0.00, 0.00, 0.00, 0.00, 0.00, 0.00, 0.00
588,  0,  19.722,  0.98,  1, 0.00, 0.00, 2.01, 0.00, 2.47, 3.47, 0.00, 3.11, 1.51, 2.68, 0.02, 0.00, 0.00, 0.00, 0.13, 0.30, 0.21, 0.00, 0.00, 0.00, 0.00, 1.00, 1.00, 0.00, 1.00, 1.00, 1.00, 0.00, 0.00, 0.00, 0.00, 0.00, 0.00, 0.00, 0.00
589,  0,  19.755,  0.98,  1, 0.00, 0.00, 2.03, 0.00, 2.43, 3.43, 0.00, 3.09, 1.56, 2.78, 0.02, 0.03, 0.00, 0.00, 0.15, 0.45, 0.23, 0.00, 0.00, 0.00, 0.00, 1.00, 1.00, 0.00, 1.00, 1.00, 1.00, 0.00, 0.00, 0.00, 0.00, 0.00, 0.00, 0.00, 0.00
590,  0,  19.789,  0.98,  1, 0.00, 0.00, 2.07, 0.00, 2.40, 3.44, 0.00, 2.99, 1.56, 2.83, 0.02, 0.07, 0.00, 0.03, 0.14, 0.40, 0.17, 0.00, 0.00, 0.00, 0.00, 1.00, 1.00, 0.00, 1.00, 1.00, 1.00, 0.00, 0.00, 0.00, 0.00, 0.00, 0.00, 0.00, 0.00
591,  0,  19.822,  0.98,  1, 0.04, 0.00, 2.11, 0.00, 2.40, 3.54, 0.00, 2.85, 1.64, 2.80, 0.14, 0.13, 0.11, 0.15, 0.13, 0.35, 0.10, 0.00, 0.00, 0.00, 0.00, 1.00, 1.00, 0.00, 1.00, 1.00, 1.00, 0.00, 0.00, 0.00, 0.00, 0.00, 0.00, 0.00, 0.00
592,  0,  19.856,  0.98,  1, 0.06, 0.00, 2.13, 0.00, 2.38, 3.50, 0.00, 2.73, 1.71, 2.74, 0.14, 0.10, 0.11, 0.28, 0.10, 0.15, 0.02, 0.00, 0.00, 0.00, 0.00, 1.00, 1.00, 0.00, 1.00, 1.00, 1.00, 0.00, 0.00, 0.00, 0.00, 0.00, 0.00, 0.00, 0.00
593,  0,  19.890,  0.98,  1, 0.11, 0.00, 2.17, 0.00, 2.36, 3.49, 0.00, 2.68, 1.81, 2.78, 0.14, 0.14, 0.11, 0.42, 0.07, 0.08, 0.01, 0.00, 0.00, 0.00, 0.00, 1.00, 1.00, 0.00, 1.00, 1.00, 1.00, 0.00, 0.00, 0.00, 0.00, 0.00, 0.00, 0.00, 0.00
594,  0,  19.923,  0.98,  1, 0.13, 0.05, 2.20, 0.00, 2.32, 3.38, 0.00, 2.71, 1.83, 2.78, 0.00, 0.15, 0.00, 0.42, 0.06, 0.00, 0.00, 0.00, 0.00, 1.00, 0.00, 1.00, 1.00, 0.00, 1.00, 1.00, 1.00, 0.00, 0.00, 0.00, 0.00, 0.00, 0.00, 0.00, 0.00
595,  0,  19.957,  0.98,  1, 0.17, 0.06, 2.25, 0.00, 2.28, 3.42, 0.00, 2.77, 1.81, 2.72, 0.00, 0.26, 0.00, 0.38, 0.11, 0.00, 0.00, 0.00, 0.00, 1.00, 0.00, 1.00, 1.00, 0.00, 1.00, 1.00, 1.00, 0.00, 0.00, 0.00, 0.00, 0.00, 0.00, 0.00, 0.00
596,  0,  19.990,  0.98,  1, 0.19, 0.06, 2.29, 0.00, 2.26, 3.43, 0.00, 2.85, 1.74, 2.71, 0.00, 0.23, 0.03, 0.21, 0.11, 0.01, 0.00, 0.00, 0.00, 1.00, 0.00, 1.00, 1.00, 0.00, 1.00, 1.00, 1.00, 0.00, 0.00, 0.00, 0.00, 0.00, 0.00, 0.00, 0.00
597,  0,  20.024,  0.98,  1, 0.24, 0.02, 2.31, 0.01, 2.27, 3.54, 0.00, 2.90, 1.68, 2.59, 0.00, 0.21, 0.03, 0.09, 0.06, 0.06, 0.00, 0.00, 0.00, 1.00, 0.00, 1.00, 1.00, 0.00, 1.00, 1.00, 1.00, 0.00, 0.00, 0.00, 0.00, 0.00, 0.00, 0.00, 0.00
598,  0,  20.058,  0.98,  1, 0.21, 0.02, 2.26, 0.01, 2.28, 3.60, 0.00, 2.91, 1.63, 2.60, 0.00, 0.09, 0.03, 0.00, 0.01, 0.06, 0.00, 0.00, 0.00, 1.00, 0.00, 1.00, 1.00, 0.00, 1.00, 1.00, 1.00, 0.00, 0.00, 0.00, 0.00, 0.00, 0.00, 0.00, 0.00
599,  0,  20.091,  0.98,  1, 0.21, 0.03, 2.22, 0.01, 2.29, 3.71, 0.00, 2.84, 1.64, 2.55, 0.00, 0.05, 0.01, 0.00, 0.04, 0.10, 0.00, 0.00, 0.00, 1.00, 0.00, 1.00, 1.00, 0.00, 1.00, 1.00, 1.00, 0.00, 0.00, 0.00, 0.00, 0.00, 0.00, 0.00, 0.00
600,  0,  20.125,  0.98,  1, 0.17, 0.03, 2.17, 0.02, 2.29, 3.61, 0.00, 2.87, 1.71, 2.67, 0.00, 0.01, 0.00, 0.13, 0.02, 0.05, 0.03, 0.00, 0.00, 1.00, 0.00, 1.00, 1.00, 0.00, 1.00, 1.00, 1.00, 0.00, 0.00, 0.00, 0.00, 0.00, 0.00, 0.00, 0.00
601,  0,  20.158,  0.98,  1, 0.27, 0.06, 2.21, 0.05, 2.25, 3.56, 0.00, 2.79, 1.74, 2.68, 0.00, 0.01, 0.00, 0.23, 0.04, 0.05, 0.03, 0.00, 0.00, 1.00, 0.00, 1.00, 1.00, 0.00, 1.00, 1.00, 1.00, 0.00, 0.00, 0.00, 1.00, 0.00, 0.00, 0.00, 0.00
602,  0,  20.192,  0.98,  1, 0.33, 0.15, 2.26, 0.05, 2.26, 3.41, 0.00, 2.85, 1.72, 2.75, 0.00, 0.08, 0.00, 0.27, 0.09, 0.03, 0.09, 1.00, 1.00, 1.00, 0.00, 1.00, 1.00, 0.00, 1.00, 1.00, 1.00, 0.00, 0.00, 0.00, 1.00, 0.00, 0.00, 0.00, 0.00
603,  0,  20.226,  0.93,  1, 0.43, 0.21, 2.34, 0.03, 2.24, 3.44, 0.00, 2.86, 1.62, 2.77, 0.00, 0.11, 0.00, 0.14, 0.09, 0.03, 0.06, 1.00, 1.00, 1.00, 0.00, 1.00, 1.00, 0.00, 1.00, 1.00, 1.00, 0.00, 0.00, 0.00, 1.00, 0.00, 0.00, 0.00, 0.00
604,  0,  20.259,  0.93,  1, 0.48, 0.25, 2.42, 0.00, 2.26, 3.54, 0.00, 2.97, 1.54, 2.91, 0.00, 0.11, 0.00, 0.05, 0.07, 0.03, 0.05, 1.00, 1.00, 1.00, 0.00, 1.00, 1.00, 0.00, 1.00, 1.00, 1.00, 0.00, 0.00, 0.00, 1.00, 0.00, 0.00, 0.00, 0.00
605,  0,  20.293,  0.93,  1, 0.45, 0.26, 2.44, 0.00, 2.21, 3.61, 0.00, 2.98, 1.52, 2.89, 0.00, 0.12, 0.00, 0.00, 0.08, 0.00, 0.04, 1.00, 1.00, 1.00, 0.00, 1.00, 1.00, 0.00, 1.00, 1.00, 1.00, 0.00, 0.00, 0.00, 1.00, 0.00, 0.00, 0.00, 0.00
606,  0,  20.326,  0.98,  1, 0.43, 0.31, 2.48, 0.00, 2.20, 3.61, 0.00, 2.95, 1.58, 2.89, 0.00, 0.20, 0.00, 0.00, 0.22, 0.00, 0.14, 1.00, 1.00, 1.00, 0.00, 1.00, 1.00, 0.00, 1.00, 1.00, 1.00, 0.00, 0.00, 0.00, 1.00, 0.00, 0.00, 0.00, 0.00
607,  0,  20.360,  0.98,  1, 0.38, 0.34, 2.48, 0.00, 2.21, 3.55, 0.00, 2.97, 1.61, 2.68, 0.00, 0.30, 0.00, 0.00, 0.32, 0.06, 0.18, 1.00, 1.00, 1.00, 0.00, 1.00, 1.00, 0.00, 1.00, 1.00, 1.00, 0.00, 0.00, 0.00, 1.00, 0.00, 0.00, 0.00, 0.00
608,  0,  20.394,  0.93,  1, 0.43, 0.39, 2.51, 0.00, 2.25, 3.52, 0.00, 3.04, 1.63, 2.63, 0.00, 0.38, 0.00, 0.00, 0.32, 0.14, 0.22, 1.00, 1.00, 1.00, 0.00, 1.00, 1.00, 0.00, 1.00, 1.00, 1.00, 0.00, 0.00, 0.00, 1.00, 0.00, 0.00, 0.00, 0.00
609,  0,  20.427,  0.93,  1, 0.45, 0.45, 2.55, 0.00, 2.26, 3.50, 0.00, 3.08, 1.61, 2.73, 0.00, 0.33, 0.00, 0.00, 0.21, 0.14, 0.12, 1.00, 1.00, 1.00, 0.00, 1.00, 1.00, 0.00, 1.00, 1.00, 1.00, 0.00, 0.00, 0.00, 1.00, 0.00, 0.00, 0.00, 0.00
610,  0,  20.461,  0.93,  1, 0.49, 0.42, 2.53, 0.00, 2.26, 3.44, 0.00, 3.08, 1.57, 2.92, 0.00, 0.23, 0.00, 0.00, 0.21, 0.08, 0.09, 1.00, 1.00, 1.00, 0.00, 1.00, 1.00, 0.00, 1.00, 1.00, 1.00, 0.00, 0.00, 0.00, 1.00, 0.00, 0.00, 0.00, 0.00
611,  0,  20.494,  0.98,  1, 0.51, 0.36, 2.52, 0.00, 2.26, 3.52, 0.00, 3.03, 1.54, 3.01, 0.00, 0.11, 0.00, 0.00, 0.16, 0.00, 0.02, 1.00, 1.00, 1.00, 0.00, 1.00, 1.00, 0.00, 1.00, 1.00, 1.00, 0.00, 0.00, 0.00, 1.00, 0.00, 0.00, 0.00, 0.00
612,  0,  20.528,  0.98,  1, 0.50, 0.38, 2.50, 0.00, 2.25, 3.49, 0.00, 2.98, 1.50, 2.87, 0.00, 0.16, 0.00, 0.00, 0.19, 0.00, 0.01, 1.00, 1.00, 1.00, 0.00, 1.00, 1.00, 0.00, 1.00, 1.00, 1.00, 0.00, 0.00, 0.00, 1.00, 0.00, 0.00, 0.00, 0.00
613,  0,  20.562,  0.98,  1, 0.46, 0.41, 2.49, 0.00, 2.28, 3.52, 0.00, 3.00, 1.52, 2.80, 0.00, 0.19, 0.00, 0.00, 0.14, 0.00, 0.01, 1.00, 1.00, 1.00, 0.00, 1.00, 1.00, 0.00, 1.00, 1.00, 1.00, 0.00, 0.00, 0.00, 1.00, 0.00, 0.00, 0.00, 0.00
614,  0,  20.595,  0.93,  1, 0.50, 0.53, 2.53, 0.01, 2.27, 3.49, 0.00, 2.99, 1.55, 2.77, 0.18, 0.20, 0.00, 0.00, 0.35, 0.00, 0.04, 1.00, 1.00, 1.00, 0.00, 1.00, 1.00, 0.00, 1.00, 1.00, 1.00, 0.00, 0.00, 0.00, 1.00, 0.00, 0.00, 0.00, 0.00
615,  0,  20.629,  0.93,  1, 0.56, 0.51, 2.55, 0.04, 2.26, 3.55, 0.00, 3.08, 1.58, 2.82, 0.28, 0.12, 0.00, 0.00, 0.43, 0.00, 0.07, 1.00, 1.00, 1.00, 0.00, 1.00, 1.00, 0.00, 1.00, 1.00, 1.00, 0.00, 0.00, 0.00, 1.00, 0.00, 0.00, 0.00, 0.00
616,  0,  20.662,  0.98,  1, 0.65, 0.55, 2.57, 0.06, 2.22, 3.57, 0.00, 3.04, 1.55, 2.78, 0.27, 0.09, 0.00, 0.00, 0.51, 0.00, 0.07, 1.00, 1.00, 1.00, 0.00, 1.00, 1.00, 0.00, 1.00, 1.00, 1.00, 0.00, 0.00, 0.00, 1.00, 0.00, 0.00, 0.00, 0.00
617,  0,  20.696,  0.98,  1, 0.62, 0.46, 2.50, 0.05, 2.24, 3.57, 0.00, 3.04, 1.54, 2.81, 0.09, 0.03, 0.00, 0.00, 0.37, 0.00, 0.04, 1.00, 1.00, 1.00, 0.00, 1.00, 1.00, 0.00, 1.00, 1.00, 1.00, 0.00, 0.00, 0.00, 1.00, 0.00, 0.00, 0.00, 0.00
618,  0,  20.730,  0.98,  1, 0.62, 0.44, 2.40, 0.03, 2.25, 3.51, 0.00, 2.96, 1.51, 2.76, 0.00, 0.00, 0.00, 0.00, 0.27, 0.00, 0.00, 1.00, 1.00, 1.00, 0.00, 1.00, 1.00, 0.00, 1.00, 1.00, 1.00, 0.00, 0.00, 0.00, 1.00, 0.00, 0.00, 0.00, 0.00
619,  0,  20.763,  0.98,  1, 0.59, 0.41, 2.37, 0.00, 2.26, 3.60, 0.00, 2.98, 1.51, 2.70, 0.00, 0.04, 0.00, 0.00, 0.21, 0.00, 0.00, 1.00, 1.00, 1.00, 0.00, 1.00, 1.00, 0.00, 1.00, 1.00, 1.00, 0.00, 0.00, 0.00, 0.00, 0.00, 0.00, 0.00, 0.00
620,  0,  20.797,  0.98,  1, 0.65, 0.49, 2.35, 0.00, 2.24, 3.65, 0.00, 2.93, 1.50, 2.64, 0.00, 0.13, 0.00, 0.00, 0.15, 0.01, 0.00, 1.00, 1.00, 1.00, 0.00, 1.00, 1.00, 0.00, 1.00, 1.00, 1.00, 0.00, 0.00, 0.00, 0.00, 0.00, 0.00, 0.00, 0.00
621,  0,  20.830,  0.98,  1, 0.62, 0.50, 2.33, 0.03, 2.25, 3.75, 0.00, 2.96, 1.52, 2.65, 0.04, 0.13, 0.00, 0.00, 0.19, 0.01, 0.00, 1.00, 1.00, 1.00, 0.00, 1.00, 1.00, 0.00, 1.00, 1.00, 1.00, 0.00, 0.00, 0.00, 0.00, 0.00, 0.00, 0.00, 0.00
622,  0,  20.864,  0.98,  1, 0.58, 0.49, 2.29, 0.06, 2.27, 3.68, 0.00, 2.92, 1.56, 2.65, 0.04, 0.15, 0.00, 0.00, 0.13, 0.01, 0.00, 1.00, 1.00, 1.00, 0.00, 1.00, 1.00, 0.00, 1.00, 1.00, 1.00, 0.00, 0.00, 0.00, 1.00, 0.00, 0.00, 0.00, 0.00
623,  0,  20.898,  0.98,  1, 0.52, 0.37, 2.32, 0.06, 2.28, 3.64, 0.00, 2.96, 1.64, 2.71, 0.04, 0.06, 0.00, 0.00, 0.11, 0.00, 0.00, 1.00, 1.00, 1.00, 0.00, 1.00, 1.00, 0.00, 1.00, 1.00, 1.00, 0.00, 0.00, 0.00, 0.00, 0.00, 0.00, 0.00, 0.00
624,  0,  20.931,  0.98,  1, 0.60, 0.38, 2.34, 0.03, 2.26, 3.66, 0.00, 2.96, 1.62, 2.78, 0.06, 0.12, 0.00, 0.00, 0.03, 0.01, 0.00, 1.00, 1.00, 1.00, 0.00, 1.00, 1.00, 0.00, 1.00, 1.00, 1.00, 0.00, 0.00, 0.00, 0.00, 0.00, 0.00, 0.00, 0.00
625,  0,  20.965,  0.98,  1, 0.78, 0.49, 2.38, 0.01, 2.22, 3.73, 0.00, 3.01, 1.61, 2.93, 0.26, 0.10, 0.00, 0.00, 0.12, 0.02, 0.00, 1.00, 1.00, 1.00, 0.00, 1.00, 1.00, 0.00, 1.00, 1.00, 1.00, 0.00, 0.00, 0.00, 0.00, 0.00, 0.00, 0.00, 0.00
626,  0,  20.998,  0.98,  1, 0.87, 0.56, 2.37, 0.06, 2.20, 3.71, 0.00, 2.98, 1.55, 2.96, 0.38, 0.15, 0.00, 0.00, 0.10, 0.09, 0.00, 1.00, 1.00, 1.00, 0.00, 1.00, 1.00, 0.00, 1.00, 1.00, 1.00, 0.00, 0.00, 0.00, 1.00, 0.00, 0.00, 0.00, 0.00
627,  0,  21.032,  0.98,  1, 0.86, 0.51, 2.37, 0.08, 2.18, 3.63, 0.00, 3.01, 1.60, 2.93, 0.33, 0.11, 0.00, 0.00, 0.17, 0.15, 0.00, 1.00, 1.00, 1.00, 0.00, 1.00, 1.00, 0.00, 1.00, 1.00, 1.00, 0.00, 0.00, 0.00, 1.00, 0.00, 0.00, 0.00, 0.00
628,  0,  21.066,  0.98,  1, 0.75, 0.44, 2.35, 0.08, 2.20, 3.58, 0.00, 3.01, 1.64, 2.82, 0.12, 0.06, 0.00, 0.00, 0.08, 0.13, 0.00, 1.00, 1.00, 1.00, 0.00, 1.00, 1.00, 0.00, 1.00, 1.00, 1.00, 0.00, 0.00, 0.00, 1.00, 0.00, 0.00, 0.00, 0.00
629,  0,  21.099,  0.98,  1, 0.67, 0.38, 2.32, 0.03, 2.19, 3.51, 0.00, 3.05, 1.65, 2.74, 0.00, 0.07, 0.00, 0.00, 0.07, 0.06, 0.00, 1.00, 1.00, 1.00, 0.00, 1.00, 1.00, 0.00, 1.00, 1.00, 1.00, 0.00, 0.00, 0.00, 1.00, 0.00, 0.00, 0.00, 0.00
630,  0,  21.133,  0.98,  1, 0.49, 0.25, 2.33, 0.00, 2.22, 3.49, 0.00, 3.02, 1.64, 2.72, 0.00, 0.11, 0.00, 0.00, 0.00, 0.00, 0.00, 1.00, 1.00, 1.00, 0.00, 1.00, 1.00, 0.00, 1.00, 1.00, 1.00, 0.00, 0.00, 0.00, 1.00, 0.00, 0.00, 0.00, 0.00
631,  0,  21.166,  0.98,  1, 0.44, 0.15, 2.33, 0.00, 2.21, 3.48, 0.00, 2.98, 1.64, 2.72, 0.00, 0.18, 0.00, 0.00, 0.07, 0.05, 0.00, 1.00, 1.00, 1.00, 0.00, 1.00, 1.00, 0.00, 1.00, 1.00, 1.00, 0.00, 0.00, 0.00, 1.00, 0.00, 0.00, 0.00, 0.00
632,  0,  21.200,  0.98,  1, 0.43, 0.17, 2.33, 0.02, 2.22, 3.41, 0.00, 2.95, 1.67, 2.69, 0.00, 0.13, 0.00, 0.00, 0.20, 0.05, 0.00, 1.00, 1.00, 1.00, 0.00, 1.00, 1.00, 0.00, 1.00, 1.00, 1.00, 0.00, 0.00, 0.00, 1.00, 0.00, 0.00, 0.00, 0.00
633,  0,  21.234,  0.98,  1, 0.50, 0.26, 2.30, 0.14, 2.21, 3.39, 0.00, 2.91, 1.72, 2.65, 0.00, 0.07, 0.00, 0.00, 0.30, 0.09, 0.00, 1.00, 1.00, 1.00, 0.00, 1.00, 1.00, 0.00, 1.00, 1.00, 1.00, 0.00, 0.00, 0.00, 1.00, 0.00, 0.00, 0.00, 0.00
634,  0,  21.267,  0.98,  1, 0.41, 0.20, 2.25, 0.20, 2.24, 3.26, 0.00, 2.96, 1.72, 2.63, 0.00, 0.00, 0.00, 0.00, 0.31, 0.06, 0.00, 1.00, 1.00, 1.00, 0.00, 1.00, 1.00, 0.00, 1.00, 1.00, 1.00, 0.00, 0.00, 0.00, 1.00, 0.00, 0.00, 0.00, 0.00
635,  0,  21.301,  0.98,  1, 0.31, 0.09, 2.19, 0.21, 2.23, 3.29, 0.00, 2.95, 1.70, 2.57, 0.00, 0.05, 0.00, 0.00, 0.18, 0.06, 0.00, 1.00, 0.00, 1.00, 0.00, 1.00, 1.00, 0.00, 1.00, 1.00, 1.00, 0.00, 0.00, 0.00, 0.00, 0.00, 0.00, 0.00, 0.00
636,  0,  21.334,  0.98,  1, 0.21, 0.00, 2.13, 0.10, 2.22, 3.20, 0.00, 2.88, 1.67, 2.58, 0.00, 0.08, 0.00, 0.00, 0.11, 0.04, 0.00, 1.00, 0.00, 0.00, 0.00, 1.00, 1.00, 0.00, 1.00, 1.00, 1.00, 0.00, 0.00, 0.00, 0.00, 0.00, 0.00, 0.00, 0.00
637,  0,  21.368,  0.98,  1, 0.21, 0.03, 2.06, 0.05, 2.20, 3.32, 0.00, 2.74, 1.72, 2.63, 0.00, 0.08, 0.00, 0.09, 0.08, 0.03, 0.00, 1.00, 0.00, 0.00, 0.00, 1.00, 1.00, 0.00, 1.00, 1.00, 1.00, 0.00, 0.00, 0.00, 1.00, 0.00, 0.00, 0.00, 0.00
638,  0,  21.401,  0.98,  1, 0.24, 0.03, 2.04, 0.02, 2.24, 3.38, 0.00, 2.69, 1.79, 2.69, 0.08, 0.06, 0.00, 0.26, 0.12, 0.03, 0.00, 1.00, 0.00, 0.00, 0.00, 1.00, 1.00, 0.00, 1.00, 1.00, 1.00, 0.00, 0.00, 0.00, 0.00, 0.00, 0.00, 0.00, 0.00
639,  0,  21.435,  0.98,  1, 0.30, 0.03, 2.00, 0.06, 2.27, 3.44, 0.00, 2.69, 1.83, 2.69, 0.13, 0.02, 0.02, 0.37, 0.17, 0.02, 0.00, 0.00, 0.00, 0.00, 0.00, 1.00, 1.00, 0.00, 1.00, 1.00, 1.00, 0.00, 0.00, 0.00, 0.00, 0.00, 0.00, 0.00, 0.00
640,  0,  21.469,  0.98,  1, 0.30, 0.00, 2.00, 0.07, 2.31, 3.42, 0.00, 2.71, 1.83, 2.74, 0.13, 0.02, 0.04, 0.34, 0.23, 0.00, 0.00, 0.00, 0.00, 0.00, 0.00, 1.00, 1.00, 0.00, 1.00, 1.00, 1.00, 0.00, 0.00, 0.00, 1.00, 0.00, 0.00, 0.00, 0.00
641,  0,  21.502,  0.98,  1, 0.28, 0.00, 2.02, 0.13, 2.29, 3.40, 0.00, 2.79, 1.76, 2.85, 0.05, 0.00, 0.12, 0.16, 0.23, 0.05, 0.00, 0.00, 0.00, 0.00, 0.00, 1.00, 1.00, 0.00, 1.00, 1.00, 1.00, 0.00, 0.00, 0.00, 1.00, 0.00, 0.00, 0.00, 0.00
642,  0,  21.536,  0.98,  1, 0.27, 0.00, 1.99, 0.12, 2.28, 3.45, 0.00, 2.85, 1.71, 2.99, 0.00, 0.00, 0.10, 0.05, 0.23, 0.05, 0.00, 0.00, 0.00, 0.00, 0.00, 1.00, 1.00, 0.00, 1.00, 1.00, 1.00, 0.00, 0.00, 0.00, 1.00, 0.00, 0.00, 0.00, 0.00
643,  0,  21.569,  0.98,  1, 0.27, 0.00, 2.01, 0.19, 2.27, 3.47, 0.00, 2.87, 1.62, 2.89, 0.00, 0.04, 0.18, 0.00, 0.18, 0.07, 0.00, 0.00, 0.00, 0.00, 0.00, 1.00, 1.00, 0.00, 1.00, 1.00, 1.00, 0.00, 0.00, 0.00, 1.00, 0.00, 0.00, 0.00, 0.00
644,  0,  21.603,  0.98,  1, 0.24, 0.00, 1.99, 0.21, 2.32, 3.62, 0.00, 2.85, 1.64, 2.79, 0.00, 0.08, 0.19, 0.02, 0.14, 0.05, 0.00, 0.00, 0.00, 0.00, 0.00, 1.00, 1.00, 0.00, 1.00, 1.00, 1.00, 0.00, 0.00, 0.00, 1.00, 0.00, 0.00, 0.00, 0.00
645,  0,  21.637,  0.98,  1, 0.19, 0.00, 2.02, 0.32, 2.35, 3.73, 0.00, 2.87, 1.66, 2.63, 0.00, 0.14, 0.28, 0.06, 0.15, 0.14, 0.00, 0.00, 0.00, 0.00, 0.00, 1.00, 1.00, 0.00, 1.00, 1.00, 1.00, 0.00, 0.00, 0.00, 1.00, 0.00, 0.00, 0.00, 0.00
646,  0,  21.670,  0.98,  1, 0.22, 0.00, 2.00, 0.27, 2.36, 3.74, 0.00, 2.92, 1.66, 2.64, 0.07, 0.12, 0.33, 0.08, 0.14, 0.20, 0.00, 0.00, 0.00, 0.00, 0.00, 1.00, 1.00, 0.00, 1.00, 1.00, 1.00, 0.00, 0.00, 0.00, 1.00, 0.00, 0.00, 0.00, 0.00
647,  0,  21.704,  0.98,  1, 0.25, 0.00, 1.99, 0.18, 2.36, 3.68, 0.00, 2.92, 1.63, 2.64, 0.07, 0.07, 0.34, 0.07, 0.19, 0.19, 0.00, 0.00, 0.00, 0.00, 0.00, 1.00, 1.00, 0.00, 1.00, 1.00, 1.00, 0.00, 0.00, 0.00, 1.00, 0.00, 0.00, 0.00, 0.00
648,  0,  21.737,  0.98,  1, 0.24, 0.00, 1.93, 0.07, 2.35, 3.60, 0.00, 2.91, 1.59, 2.69, 0.07, 0.10, 0.26, 0.03, 0.09, 0.11, 0.00, 0.00, 0.00, 0.00, 0.00, 1.00, 1.00, 0.00, 1.00, 1.00, 1.00, 0.00, 0.00, 0.00, 1.00, 0.00, 0.00, 0.00, 0.00
649,  0,  21.771,  0.98,  1, 0.19, 0.00, 1.88, 0.08, 2.35, 3.51, 0.00, 2.80, 1.59, 2.73, 0.00, 0.09, 0.11, 0.02, 0.04, 0.05, 0.00, 0.00, 0.00, 0.00, 0.00, 1.00, 1.00, 0.00, 1.00, 1.00, 1.00, 0.00, 0.00, 0.00, 1.00, 0.00, 0.00, 0.00, 0.00
650,  0,  21.805,  0.98,  1, 0.16, 0.00, 1.83, 0.11, 2.32, 3.47, 0.00, 2.73, 1.59, 2.63, 0.00, 0.09, 0.02, 0.03, 0.07, 0.06, 0.00, 0.00, 0.00, 0.00, 0.00, 1.00, 1.00, 0.00, 1.00, 1.00, 1.00, 0.00, 0.00, 0.00, 1.00, 0.00, 0.00, 0.00, 0.00
651,  0,  21.838,  0.98,  1, 0.19, 0.00, 1.86, 0.06, 2.31, 3.35, 0.00, 2.70, 1.60, 2.52, 0.00, 0.01, 0.00, 0.03, 0.15, 0.13, 0.00, 0.00, 0.00, 0.00, 0.00, 1.00, 1.00, 0.00, 1.00, 1.00, 1.00, 0.00, 0.00, 0.00, 1.00, 0.00, 0.00, 0.00, 0.00
652,  0,  21.872,  0.98,  1, 0.26, 0.00, 1.92, 0.05, 2.29, 3.35, 0.00, 2.77, 1.60, 2.43, 0.00, 0.00, 0.07, 0.04, 0.19, 0.14, 0.03, 0.00, 0.00, 0.00, 0.00, 1.00, 1.00, 0.00, 1.00, 1.00, 1.00, 0.00, 0.00, 0.00, 1.00, 0.00, 0.00, 0.00, 0.00
653,  0,  21.905,  0.98,  1, 0.29, 0.00, 1.94, 0.02, 2.27, 3.38, 0.00, 2.84, 1.62, 2.43, 0.01, 0.05, 0.14, 0.08, 0.15, 0.16, 0.03, 0.00, 0.00, 0.00, 0.00, 1.00, 1.00, 0.00, 1.00, 1.00, 1.00, 0.00, 0.00, 0.00, 1.00, 0.00, 0.00, 0.00, 0.00
654,  0,  21.939,  0.98,  1, 0.30, 0.00, 1.88, 0.02, 2.28, 3.51, 0.00, 2.90, 1.63, 2.36, 0.03, 0.05, 0.20, 0.11, 0.12, 0.17, 0.03, 0.00, 0.00, 0.00, 0.00, 1.00, 1.00, 0.00, 1.00, 1.00, 1.00, 0.00, 0.00, 0.00, 0.00, 0.00, 0.00, 0.00, 0.00
655,  0,  21.973,  0.98,  1, 0.28, 0.00, 1.86, 0.00, 2.31, 3.56, 0.00, 2.97, 1.64, 2.35, 0.03, 0.14, 0.15, 0.09, 0.08, 0.23, 0.00, 0.00, 0.00, 0.00, 0.00, 1.00, 1.00, 0.00, 1.00, 1.00, 1.00, 0.00, 0.00, 0.00, 0.00, 0.00, 0.00, 0.00, 0.00
656,  0,  22.006,  0.98,  1, 0.23, 0.00, 1.84, 0.02, 2.34, 3.57, 0.00, 2.98, 1.63, 2.41, 0.02, 0.09, 0.11, 0.06, 0.10, 0.23, 0.00, 0.00, 0.00, 0.00, 0.00, 1.00, 1.00, 0.00, 1.00, 1.00, 1.00, 0.00, 0.00, 0.00, 0.00, 0.00, 0.00, 0.00, 0.00
657,  0,  22.040,  0.98,  1, 0.18, 0.00, 1.86, 0.02, 2.36, 3.56, 0.00, 2.95, 1.63, 2.51, 0.00, 0.09, 0.11, 0.08, 0.05, 0.28, 0.00, 0.00, 0.00, 0.00, 0.00, 1.00, 1.00, 0.00, 1.00, 1.00, 1.00, 0.00, 0.00, 0.00, 0.00, 0.00, 0.00, 0.00, 0.00
658,  0,  22.073,  0.98,  1, 0.17, 0.00, 1.83, 0.02, 2.37, 3.52, 0.00, 2.88, 1.62, 2.50, 0.04, 0.03, 0.09, 0.14, 0.05, 0.26, 0.00, 0.00, 0.00, 0.00, 0.00, 1.00, 1.00, 0.00, 1.00, 1.00, 1.00, 0.00, 0.00, 0.00, 0.00, 0.00, 0.00, 0.00, 0.00
659,  0,  22.107,  0.98,  1, 0.17, 0.00, 1.82, 0.00, 2.37, 3.49, 0.00, 2.83, 1.61, 2.47, 0.04, 0.13, 0.06, 0.11, 0.00, 0.33, 0.00, 0.00, 0.00, 0.00, 0.00, 1.00, 1.00, 0.00, 1.00, 1.00, 1.00, 0.00, 0.00, 0.00, 0.00, 0.00, 0.00, 0.00, 0.00
660,  0,  22.141,  0.98,  1, 0.12, 0.00, 1.85, 0.04, 2.35, 3.52, 0.00, 2.89, 1.60, 2.46, 0.14, 0.19, 0.01, 0.08, 0.06, 0.27, 0.00, 0.00, 0.00, 0.00, 0.00, 1.00, 1.00, 0.00, 1.00, 1.00, 1.00, 0.00, 0.00, 0.00, 0.00, 0.00, 0.00, 0.00, 0.00
661,  0,  22.174,  0.98,  1, 0.05, 0.00, 1.84, 0.09, 2.33, 3.61, 0.00, 2.93, 1.60, 2.44, 0.11, 0.23, 0.01, 0.02, 0.06, 0.27, 0.00, 0.00, 0.00, 0.00, 0.00, 1.00, 1.00, 0.00, 1.00, 1.00, 1.00, 0.00, 0.00, 0.00, 0.00, 0.00, 0.00, 0.00, 0.00
662,  0,  22.208,  0.98,  1, 0.00, 0.00, 1.82, 0.15, 2.35, 3.61, 0.00, 2.99, 1.64, 2.48, 0.11, 0.19, 0.03, 0.04, 0.06, 0.18, 0.00, 0.00, 0.00, 0.00, 0.00, 1.00, 1.00, 0.00, 1.00, 1.00, 1.00, 0.00, 0.00, 0.00, 0.00, 0.00, 0.00, 0.00, 0.00
663,  0,  22.241,  0.98,  1, 0.01, 0.00, 1.80, 0.16, 2.37, 3.67, 0.00, 2.90, 1.61, 2.47, 0.04, 0.18, 0.10, 0.07, 0.00, 0.18, 0.00, 0.00, 0.00, 0.00, 0.00, 1.00, 1.00, 0.00, 1.00, 1.00, 1.00, 0.00, 0.00, 0.00, 0.00, 0.00, 0.00, 0.00, 0.00
664,  0,  22.275,  0.98,  1, 0.03, 0.00, 1.80, 0.13, 2.39, 3.71, 0.00, 2.85, 1.60, 2.57, 0.08, 0.11, 0.10, 0.15, 0.08, 0.21, 0.00, 0.00, 0.00, 0.00, 0.00, 1.00, 1.00, 0.00, 1.00, 1.00, 1.00, 0.00, 0.00, 0.00, 0.00, 0.00, 0.00, 0.00, 0.00
665,  0,  22.309,  0.98,  1, 0.03, 0.00, 1.81, 0.08, 2.36, 3.78, 0.00, 2.79, 1.54, 2.50, 0.08, 0.07, 0.09, 0.15, 0.16, 0.20, 0.00, 0.00, 0.00, 0.00, 0.00, 1.00, 1.00, 0.00, 1.00, 1.00, 1.00, 0.00, 0.00, 0.00, 0.00, 0.00, 0.00, 0.00, 0.00
666,  0,  22.342,  0.98,  1, 0.02, 0.00, 1.79, 0.03, 2.35, 3.77, 0.00, 2.74, 1.49, 2.52, 0.04, 0.02, 0.00, 0.13, 0.22, 0.23, 0.00, 0.00, 0.00, 0.00, 0.00, 1.00, 1.00, 0.00, 1.00, 1.00, 1.00, 0.00, 0.00, 0.00, 0.00, 0.00, 0.00, 0.00, 0.00
667,  0,  22.376,  0.98,  1, 0.00, 0.00, 1.74, 0.01, 2.35, 3.73, 0.00, 2.74, 1.48, 2.49, 0.00, 0.02, 0.04, 0.14, 0.17, 0.22, 0.01, 0.00, 0.00, 0.00, 0.00, 1.00, 1.00, 0.00, 1.00, 1.00, 1.00, 0.00, 0.00, 0.00, 0.00, 0.00, 0.00, 0.00, 0.00
668,  0,  22.409,  0.98,  1, 0.00, 0.00, 1.69, 0.01, 2.35, 3.63, 0.00, 2.73, 1.49, 2.58, 0.00, 0.00, 0.04, 0.19, 0.12, 0.30, 0.01, 0.00, 0.00, 0.00, 0.00, 1.00, 1.00, 0.00, 1.00, 1.00, 1.00, 0.00, 0.00, 0.00, 0.00, 0.00, 0.00, 0.00, 0.00
669,  0,  22.443,  0.98,  1, 0.00, 0.00, 1.66, 0.00, 2.32, 3.50, 0.00, 2.75, 1.53, 2.58, 0.00, 0.03, 0.04, 0.22, 0.06, 0.27, 0.05, 0.00, 0.00, 0.00, 0.00, 1.00, 1.00, 0.00, 1.00, 1.00, 1.00, 0.00, 0.00, 0.00, 0.00, 0.00, 0.00, 0.00, 0.00
670,  0,  22.477,  0.98,  1, 0.00, 0.00, 1.72, 0.00, 2.32, 3.47, 0.00, 2.78, 1.56, 2.58, 0.00, 0.04, 0.00, 0.15, 0.03, 0.20, 0.13, 0.00, 0.00, 0.00, 0.00, 1.00, 1.00, 0.00, 1.00, 1.00, 1.00, 0.00, 0.00, 0.00, 0.00, 0.00, 0.00, 0.00, 0.00
671,  0,  22.510,  0.98,  1, 0.00, 0.00, 1.83, 0.00, 2.36, 3.49, 0.00, 2.82, 1.59, 2.52, 0.00, 0.03, 0.00, 0.08, 0.00, 0.08, 0.14, 0.00, 0.00, 0.00, 0.00, 1.00, 1.00, 0.00, 1.00, 1.00, 1.00, 0.00, 0.00, 0.00, 0.00, 0.00, 0.00, 0.00, 0.00
672,  0,  22.544,  0.98,  1, 0.00, 0.00, 1.87, 0.00, 2.38, 3.48, 0.00, 2.86, 1.59, 2.61, 0.00, 0.09, 0.00, 0.03, 0.00, 0.06, 0.13, 0.00, 0.00, 0.00, 0.00, 1.00, 1.00, 0.00, 1.00, 1.00, 1.00, 0.00, 0.00, 0.00, 0.00, 0.00, 0.00, 0.00, 0.00
673,  0,  22.577,  0.98,  1, 0.00, 0.00, 1.87, 0.00, 2.38, 3.45, 0.00, 2.88, 1.60, 2.61, 0.00, 0.09, 0.00, 0.02, 0.07, 0.11, 0.08, 0.00, 0.00, 0.00, 0.00, 1.00, 1.00, 0.00, 1.00, 1.00, 1.00, 0.00, 0.00, 0.00, 0.00, 0.00, 0.00, 0.00, 0.00
674,  0,  22.611,  0.98,  1, 0.00, 0.00, 1.87, 0.00, 2.37, 3.50, 0.00, 2.81, 1.58, 2.61, 0.00, 0.10, 0.00, 0.03, 0.08, 0.22, 0.07, 0.00, 0.00, 0.00, 0.00, 1.00, 1.00, 0.00, 1.00, 1.00, 1.00, 0.00, 0.00, 0.00, 0.00, 0.00, 0.00, 0.00, 0.00
675,  0,  22.645,  0.98,  1, 0.00, 0.00, 1.89, 0.00, 2.40, 3.52, 0.00, 2.79, 1.58, 2.52, 0.00, 0.10, 0.00, 0.03, 0.08, 0.26, 0.07, 0.00, 0.00, 0.00, 0.00, 1.00, 1.00, 0.00, 1.00, 1.00, 1.00, 0.00, 0.00, 0.00, 0.00, 0.00, 0.00, 0.00, 0.00
676,  0,  22.678,  0.98,  1, 0.00, 0.00, 1.94, 0.00, 2.42, 3.51, 0.00, 2.76, 1.55, 2.43, 0.00, 0.15, 0.00, 0.05, 0.01, 0.20, 0.13, 0.00, 0.00, 0.00, 0.00, 1.00, 1.00, 0.00, 1.00, 1.00, 1.00, 0.00, 0.00, 0.00, 0.00, 0.00, 0.00, 0.00, 0.00
677,  0,  22.712,  0.98,  1, 0.00, 0.00, 1.97, 0.00, 2.44, 3.48, 0.00, 2.84, 1.52, 2.38, 0.00, 0.18, 0.07, 0.04, 0.00, 0.17, 0.14, 0.00, 0.00, 0.00, 0.00, 1.00, 1.00, 0.00, 1.00, 1.00, 1.00, 0.00, 0.00, 0.00, 0.00, 0.00, 0.00, 0.00, 0.00
678,  0,  22.745,  0.98,  1, 0.01, 0.00, 2.03, 0.04, 2.44, 3.54, 0.00, 2.82, 1.49, 2.37, 0.00, 0.13, 0.18, 0.03, 0.00, 0.15, 0.16, 0.00, 0.00, 0.00, 0.00, 1.00, 1.00, 0.00, 1.00, 1.00, 1.00, 0.00, 0.00, 0.00, 0.00, 0.00, 0.00, 0.00, 0.00
679,  0,  22.779,  0.98,  1, 0.01, 0.00, 2.04, 0.07, 2.43, 3.60, 0.00, 2.82, 1.46, 2.48, 0.00, 0.17, 0.25, 0.00, 0.00, 0.25, 0.08, 0.00, 0.00, 0.00, 0.00, 1.00, 1.00, 0.00, 1.00, 1.00, 1.00, 0.00, 0.00, 0.00, 0.00, 0.00, 0.00, 0.00, 0.00
680,  0,  22.813,  0.98,  1, 0.03, 0.00, 2.02, 0.07, 2.43, 3.57, 0.00, 2.78, 1.45, 2.65, 0.00, 0.19, 0.37, 0.02, 0.00, 0.37, 0.15, 0.00, 0.00, 0.00, 0.00, 1.00, 1.00, 0.00, 1.00, 1.00, 1.00, 0.00, 0.00, 0.00, 0.00, 0.00, 0.00, 0.00, 0.00
681,  0,  22.846,  0.98,  1, 0.02, 0.00, 1.98, 0.03, 2.45, 3.48, 0.00, 2.74, 1.48, 2.76, 0.02, 0.17, 0.28, 0.04, 0.00, 0.34, 0.16, 0.00, 0.00, 0.00, 0.00, 1.00, 1.00, 0.00, 1.00, 1.00, 1.00, 0.00, 0.00, 0.00, 0.00, 0.00, 0.00, 0.00, 0.00
682,  0,  22.880,  0.98,  1, 0.02, 0.00, 1.95, 0.02, 2.51, 3.43, 0.00, 2.69, 1.52, 2.70, 0.02, 0.16, 0.23, 0.06, 0.00, 0.28, 0.19, 0.00, 0.00, 0.00, 0.00, 1.00, 1.00, 0.00, 1.00, 1.00, 1.00, 0.00, 0.00, 0.00, 0.00, 0.00, 0.00, 0.00, 0.00
683,  0,  22.913,  0.98,  1, 0.00, 0.00, 1.91, 0.02, 2.52, 3.47, 0.00, 2.67, 1.57, 2.54, 0.02, 0.15, 0.10, 0.05, 0.00, 0.13, 0.17, 0.00, 0.00, 0.00, 0.00, 1.00, 1.00, 0.00, 1.00, 1.00, 1.00, 0.00, 0.00, 0.00, 0.00, 0.00, 0.00, 0.00, 0.00
684,  0,  22.947,  0.98,  1, 0.00, 0.00, 1.92, 0.05, 2.52, 3.59, 0.00, 2.77, 1.60, 2.41, 0.00, 0.24, 0.18, 0.03, 0.00, 0.23, 0.14, 0.00, 0.00, 0.00, 0.00, 1.00, 1.00, 0.00, 1.00, 1.00, 1.00, 0.00, 0.00, 0.00, 0.00, 0.00, 0.00, 0.00, 0.00
685,  0,  22.981,  0.98,  1, 0.00, 0.00, 1.91, 0.04, 2.48, 3.65, 0.00, 2.85, 1.59, 2.48, 0.00, 0.27, 0.16, 0.02, 0.00, 0.24, 0.15, 0.00, 0.00, 0.00, 0.00, 1.00, 1.00, 0.00, 1.00, 1.00, 1.00, 0.00, 0.00, 0.00, 0.00, 0.00, 0.00, 0.00, 0.00
686,  0,  23.014,  0.98,  1, 0.00, 0.00, 1.90, 0.04, 2.45, 3.53, 0.00, 2.86, 1.56, 2.53, 0.00, 0.28, 0.10, 0.02, 0.00, 0.24, 0.19, 0.00, 0.00, 0.00, 0.00, 1.00, 1.00, 0.00, 1.00, 1.00, 1.00, 0.00, 0.00, 0.00, 0.00, 0.00, 0.00, 0.00, 0.00
687,  0,  23.048,  0.98,  1, 0.00, 0.00, 1.87, 0.01, 2.47, 3.45, 0.00, 2.86, 1.54, 2.58, 0.00, 0.20, 0.00, 0.04, 0.01, 0.10, 0.29, 0.00, 0.00, 0.00, 0.00, 1.00, 1.00, 0.00, 1.00, 1.00, 1.00, 0.00, 0.00, 0.00, 0.00, 0.00, 0.00, 0.00, 0.00
688,  0,  23.081,  0.98,  1, 0.00, 0.00, 1.88, 0.00, 2.49, 3.37, 0.00, 2.85, 1.55, 2.54, 0.00, 0.17, 0.00, 0.04, 0.05, 0.11, 0.40, 0.00, 0.00, 0.00, 0.00, 1.00, 1.00, 0.00, 1.00, 1.00, 1.00, 0.00, 0.00, 0.00, 0.00, 0.00, 0.00, 0.00, 0.00
689,  0,  23.115,  0.98,  1, 0.00, 0.00, 1.92, 0.00, 2.52, 3.33, 0.00, 2.83, 1.56, 2.55, 0.00, 0.17, 0.00, 0.01, 0.05, 0.10, 0.45, 0.00, 0.00, 0.00, 0.00, 1.00, 1.00, 0.00, 1.00, 1.00, 1.00, 0.00, 0.00, 0.00, 0.00, 0.00, 0.00, 0.00, 0.00
690,  0,  23.149,  0.98,  1, 0.00, 0.00, 1.93, 0.00, 2.54, 3.36, 0.00, 2.80, 1.55, 2.66, 0.00, 0.25, 0.00, 0.00, 0.04, 0.23, 0.46, 0.00, 0.00, 0.00, 0.00, 1.00, 1.00, 0.00, 1.00, 1.00, 1.00, 0.00, 0.00, 0.00, 0.00, 0.00, 0.00, 0.00, 0.00
691,  0,  23.182,  0.98,  1, 0.00, 0.00, 1.88, 0.00, 2.60, 3.44, 0.00, 2.74, 1.53, 2.63, 0.00, 0.22, 0.00, 0.01, 0.00, 0.31, 0.45, 0.00, 0.00, 0.00, 0.00, 1.00, 1.00, 0.00, 1.00, 1.00, 1.00, 0.00, 0.00, 0.00, 0.00, 0.00, 0.00, 0.00, 0.00
692,  0,  23.216,  0.98,  1, 0.00, 0.00, 1.85, 0.00, 2.67, 3.63, 0.00, 2.74, 1.57, 2.66, 0.00, 0.23, 0.00, 0.05, 0.00, 0.40, 0.52, 0.00, 0.00, 0.00, 0.00, 1.00, 1.00, 0.00, 1.00, 1.00, 1.00, 0.00, 0.00, 0.00, 0.00, 0.00, 0.00, 0.00, 0.00
693,  0,  23.249,  0.98,  1, 0.00, 0.00, 1.85, 0.00, 2.70, 3.70, 0.00, 2.75, 1.56, 2.55, 0.10, 0.34, 0.00, 0.05, 0.01, 0.35, 0.60, 0.00, 0.00, 0.00, 0.00, 1.00, 1.00, 0.00, 1.00, 1.00, 1.00, 0.00, 0.00, 0.00, 0.00, 0.00, 0.00, 0.00, 0.00
694,  0,  23.283,  0.98,  1, 0.00, 0.00, 1.87, 0.00, 2.70, 3.73, 0.00, 2.77, 1.53, 2.62, 0.10, 0.51, 0.00, 0.04, 0.15, 0.36, 0.60, 0.00, 0.00, 0.00, 0.00, 1.00, 1.00, 0.00, 1.00, 1.00, 1.00, 0.00, 0.00, 0.00, 0.00, 0.00, 0.00, 0.00, 0.00
695,  0,  23.317,  0.98,  1, 0.00, 0.00, 1.91, 0.00, 2.74, 3.73, 0.00, 2.82, 1.51, 2.53, 0.11, 0.57, 0.00, 0.00, 0.28, 0.42, 0.55, 0.00, 0.00, 0.00, 0.00, 1.00, 1.00, 0.00, 1.00, 1.00, 1.00, 0.00, 0.00, 0.00, 0.00, 0.00, 0.00, 0.00, 0.00
696,  0,  23.350,  0.98,  1, 0.00, 0.00, 1.97, 0.05, 2.77, 3.73, 0.00, 2.79, 1.57, 2.52, 0.01, 0.50, 0.00, 0.00, 0.35, 0.46, 0.56, 0.00, 0.00, 0.00, 0.00, 1.00, 1.00, 0.00, 1.00, 1.00, 1.00, 0.00, 0.00, 0.00, 0.00, 0.00, 0.00, 0.00, 0.00
697,  0,  23.384,  0.98,  1, 0.00, 0.00, 2.03, 0.05, 2.80, 3.75, 0.00, 2.78, 1.68, 2.43, 0.05, 0.49, 0.00, 0.00, 0.28, 0.38, 0.56, 0.00, 0.00, 0.00, 0.00, 1.00, 1.00, 0.00, 1.00, 1.00, 1.00, 0.00, 0.00, 0.00, 0.00, 0.00, 0.00, 0.00, 0.00
698,  0,  23.417,  0.98,  1, 0.00, 0.00, 2.00, 0.05, 2.81, 3.77, 0.00, 2.74, 1.70, 2.47, 0.04, 0.50, 0.02, 0.00, 0.21, 0.32, 0.60, 0.00, 0.00, 0.00, 0.00, 1.00, 1.00, 0.00, 1.00, 1.00, 1.00, 0.00, 0.00, 0.00, 0.00, 0.00, 0.00, 0.00, 0.00
699,  0,  23.451,  0.98,  1, 0.00, 0.00, 1.97, 0.00, 2.78, 3.70, 0.00, 2.77, 1.70, 2.52, 0.11, 0.58, 0.02, 0.00, 0.21, 0.35, 0.53, 0.00, 0.00, 0.00, 0.00, 1.00, 1.00, 0.00, 1.00, 1.00, 1.00, 0.00, 0.00, 0.00, 0.00, 0.00, 0.00, 0.00, 0.00
700,  0,  23.485,  0.98,  1, 0.00, 0.00, 1.95, 0.03, 2.79, 3.66, 0.00, 2.81, 1.64, 2.52, 0.15, 0.58, 0.02, 0.00, 0.15, 0.43, 0.60, 0.00, 0.00, 0.00, 0.00, 1.00, 1.00, 0.00, 1.00, 1.00, 1.00, 0.00, 0.00, 0.00, 0.00, 0.00, 0.00, 0.00, 0.00
701,  0,  23.518,  0.98,  1, 0.00, 0.00, 1.98, 0.04, 2.76, 3.53, 0.00, 2.81, 1.64, 2.51, 0.15, 0.60, 0.00, 0.00, 0.10, 0.37, 0.63, 0.00, 0.00, 0.00, 0.00, 1.00, 1.00, 0.00, 1.00, 1.00, 1.00, 0.00, 0.00, 0.00, 0.00, 0.00, 0.00, 0.00, 0.00
702,  0,  23.552,  0.98,  1, 0.00, 0.00, 1.96, 0.05, 2.77, 3.51, 0.00, 2.77, 1.61, 2.48, 0.08, 0.55, 0.00, 0.02, 0.01, 0.35, 0.56, 0.00, 0.00, 0.00, 0.00, 1.00, 1.00, 0.00, 1.00, 1.00, 1.00, 0.00, 0.00, 0.00, 0.00, 0.00, 0.00, 0.00, 0.00
703,  0,  23.585,  0.98,  1, 0.00, 0.00, 2.00, 0.02, 2.76, 3.39, 0.00, 2.75, 1.61, 2.47, 0.00, 0.54, 0.00, 0.03, 0.06, 0.24, 0.45, 0.00, 0.00, 0.00, 0.00, 1.00, 1.00, 0.00, 1.00, 1.00, 1.00, 0.00, 0.00, 0.00, 0.00, 0.00, 0.00, 0.00, 0.00
704,  0,  23.619,  0.98,  1, 0.00, 0.00, 2.02, 0.03, 2.82, 3.46, 0.00, 2.81, 1.62, 2.51, 0.02, 0.58, 0.00, 0.04, 0.11, 0.22, 0.29, 0.00, 0.00, 0.00, 0.00, 1.00, 1.00, 0.00, 1.00, 1.00, 1.00, 0.00, 0.00, 0.00, 0.00, 0.00, 0.00, 0.00, 0.00
705,  0,  23.653,  0.98,  1, 0.00, 0.00, 2.10, 0.05, 2.89, 3.44, 0.00, 2.89, 1.64, 2.55, 0.05, 0.62, 0.00, 0.04, 0.18, 0.21, 0.28, 0.00, 0.00, 0.00, 0.00, 1.00, 1.00, 0.00, 1.00, 1.00, 1.00, 0.00, 0.00, 0.00, 0.00, 0.00, 0.00, 0.00, 0.00
706,  0,  23.686,  0.98,  1, 0.00, 0.00, 2.17, 0.05, 2.93, 3.53, 0.00, 2.94, 1.65, 2.57, 0.06, 0.63, 0.00, 0.03, 0.18, 0.25, 0.21, 0.00, 0.00, 0.00, 0.00, 1.00, 1.00, 0.00, 1.00, 1.00, 1.00, 0.00, 0.00, 0.00, 0.00, 0.00, 0.00, 0.00, 0.00
707,  0,  23.720,  0.98,  1, 0.00, 0.00, 2.26, 0.05, 2.96, 3.55, 0.00, 2.89, 1.67, 2.54, 0.09, 0.56, 0.00, 0.01, 0.11, 0.26, 0.23, 0.00, 0.00, 0.00, 0.00, 1.00, 1.00, 0.00, 1.00, 1.00, 1.00, 0.00, 0.00, 0.00, 0.00, 0.00, 0.00, 0.00, 0.00
708,  0,  23.753,  0.98,  1, 0.00, 0.00, 2.29, 0.06, 2.93, 3.61, 0.00, 2.81, 1.69, 2.49, 0.07, 0.48, 0.00, 0.02, 0.05, 0.16, 0.29, 0.00, 0.00, 0.00, 0.00, 1.00, 1.00, 0.00, 1.00, 1.00, 1.00, 0.00, 0.00, 0.00, 0.00, 0.00, 0.00, 0.00, 0.00
709,  0,  23.787,  0.98,  1, 0.00, 0.00, 2.29, 0.06, 2.91, 3.74, 0.00, 2.72, 1.73, 2.55, 0.05, 0.46, 0.00, 0.05, 0.00, 0.09, 0.45, 0.00, 0.00, 1.00, 0.00, 1.00, 1.00, 0.00, 1.00, 1.00, 1.00, 0.00, 0.00, 0.00, 0.00, 0.00, 0.00, 0.00, 0.00
710,  0,  23.820,  0.98,  1, 0.00, 0.00, 2.27, 0.04, 2.90, 3.86, 0.00, 2.78, 1.73, 2.65, 0.01, 0.59, 0.00, 0.05, 0.01, 0.09, 0.54, 0.00, 0.00, 1.00, 0.00, 1.00, 1.00, 0.00, 1.00, 1.00, 1.00, 0.00, 0.00, 0.00, 0.00, 0.00, 0.00, 0.00, 0.00
711,  0,  23.854,  0.98,  1, 0.00, 0.00, 2.32, 0.01, 2.92, 3.98, 0.00, 2.86, 1.70, 2.71, 0.02, 0.67, 0.00, 0.03, 0.01, 0.14, 0.53, 0.00, 0.00, 1.00, 0.00, 1.00, 1.00, 0.00, 1.00, 1.00, 1.00, 0.00, 0.00, 0.00, 0.00, 0.00, 0.00, 0.00, 0.00
712,  0,  23.888,  0.98,  1, 0.00, 0.00, 2.30, 0.01, 2.94, 4.03, 0.00, 2.93, 1.67, 2.67, 0.02, 0.72, 0.00, 0.00, 0.08, 0.20, 0.47, 0.00, 0.00, 1.00, 0.00, 1.00, 1.00, 0.00, 1.00, 1.00, 1.00, 0.00, 0.00, 0.00, 0.00, 0.00, 0.00, 0.00, 0.00
713,  0,  23.921,  0.98,  1, 0.00, 0.00, 2.31, 0.00, 2.95, 3.96, 0.00, 2.87, 1.64, 2.60, 0.02, 0.71, 0.00, 0.00, 0.17, 0.20, 0.41, 0.00, 0.00, 1.00, 0.00, 1.00, 1.00, 0.00, 1.00, 1.00, 1.00, 0.00, 0.00, 0.00, 0.00, 0.00, 0.00, 0.00, 0.00
714,  0,  23.955,  0.98,  1, 0.00, 0.00, 2.27, 0.00, 2.97, 3.89, 0.00, 2.88, 1.70, 2.48, 0.00, 0.68, 0.00, 0.00, 0.22, 0.19, 0.40, 0.00, 0.00, 1.00, 0.00, 1.00, 1.00, 0.00, 1.00, 1.00, 1.00, 0.00, 0.00, 0.00, 0.00, 0.00, 0.00, 0.00, 0.00
715,  0,  23.988,  0.98,  1, 0.00, 0.00, 2.29, 0.03, 3.00, 3.86, 0.00, 2.91, 1.77, 2.47, 0.00, 0.54, 0.00, 0.03, 0.25, 0.14, 0.28, 0.00, 0.00, 1.00, 0.00, 1.00, 1.00, 0.00, 1.00, 1.00, 1.00, 0.00, 0.00, 0.00, 0.00, 0.00, 0.00, 0.00, 0.00
716,  0,  24.022,  0.98,  1, 0.00, 0.00, 2.29, 0.05, 3.03, 3.97, 0.00, 3.02, 1.90, 2.42, 0.00, 0.40, 0.00, 0.04, 0.25, 0.15, 0.21, 0.00, 0.00, 0.00, 0.00, 1.00, 1.00, 0.00, 1.00, 1.00, 1.00, 0.00, 0.00, 0.00, 0.00, 0.00, 0.00, 0.00, 0.00
717,  0,  24.056,  0.98,  1, 0.00, 0.00, 2.31, 0.12, 3.05, 4.10, 0.00, 3.07, 1.93, 2.44, 0.00, 0.43, 0.00, 0.04, 0.31, 0.16, 0.24, 0.00, 0.00, 0.00, 0.00, 1.00, 1.00, 0.00, 1.00, 1.00, 1.00, 0.00, 0.00, 0.00, 0.00, 0.00, 0.00, 0.00, 0.00
718,  0,  24.089,  0.98,  1, 0.00, 0.00, 2.29, 0.13, 3.10, 4.15, 0.00, 3.12, 1.96, 2.43, 0.00, 0.54, 0.00, 0.03, 0.28, 0.22, 0.30, 0.00, 0.00, 0.00, 0.00, 1.00, 1.00, 0.00, 1.00, 1.00, 1.00, 0.00, 0.00, 0.00, 0.00, 0.00, 0.00, 0.00, 0.00
719,  0,  24.123,  0.98,  1, 0.00, 0.00, 2.26, 0.18, 3.13, 4.23, 0.00, 3.04, 1.93, 2.53, 0.00, 0.63, 0.00, 0.03, 0.25, 0.27, 0.24, 0.00, 0.00, 0.00, 0.00, 1.00, 1.00, 0.00, 1.00, 1.00, 1.00, 0.00, 0.00, 0.00, 0.00, 0.00, 0.00, 0.00, 0.00
720,  0,  24.156,  0.98,  1, 0.00, 0.00, 2.33, 0.12, 3.15, 4.32, 0.00, 3.03, 1.90, 2.67, 0.00, 0.59, 0.00, 0.02, 0.17, 0.27, 0.11, 0.00, 0.00, 0.00, 0.00, 1.00, 1.00, 0.00, 1.00, 1.00, 1.00, 0.00, 0.00, 0.00, 0.00, 0.00, 0.00, 0.00, 0.00
721,  0,  24.190,  0.98,  1, 0.00, 0.00, 2.40, 0.11, 3.15, 4.37, 0.00, 3.04, 1.87, 2.73, 0.00, 0.59, 0.00, 0.00, 0.18, 0.20, 0.04, 0.00, 0.00, 1.00, 0.00, 1.00, 1.00, 0.00, 1.00, 1.00, 1.00, 0.00, 0.00, 0.00, 0.00, 0.00, 0.00, 0.00, 0.00
722,  0,  24.224,  0.98,  1, 0.00, 0.00, 2.48, 0.04, 3.15, 4.29, 0.00, 3.11, 1.86, 2.71, 0.00, 0.65, 0.00, 0.00, 0.21, 0.13, 0.04, 0.00, 0.00, 1.00, 0.00, 1.00, 1.00, 0.00, 1.00, 1.00, 1.00, 0.00, 0.00, 0.00, 0.00, 0.00, 0.00, 0.00, 0.00
723,  0,  24.257,  0.98,  1, 0.00, 0.00, 2.51, 0.02, 3.16, 4.31, 0.00, 3.09, 1.87, 2.67, 0.00, 0.73, 0.00, 0.02, 0.32, 0.05, 0.15, 0.00, 0.00, 1.00, 0.00, 1.00, 1.00, 0.00, 1.00, 1.00, 1.00, 0.00, 0.00, 0.00, 0.00, 0.00, 0.00, 0.00, 0.00
724,  0,  24.291,  0.98,  1, 0.00, 0.00, 2.54, 0.00, 3.16, 4.36, 0.00, 3.03, 1.85, 2.65, 0.00, 0.77, 0.00, 0.02, 0.27, 0.06, 0.17, 0.00, 0.00, 1.00, 0.00, 1.00, 1.00, 0.00, 1.00, 1.00, 1.00, 0.00, 0.00, 0.00, 0.00, 0.00, 0.00, 0.00, 0.00
725,  0,  24.324,  0.98,  1, 0.00, 0.00, 2.63, 0.00, 3.18, 4.44, 0.00, 2.98, 1.85, 2.68, 0.00, 0.81, 0.00, 0.01, 0.25, 0.12, 0.15, 0.00, 0.00, 1.00, 0.00, 1.00, 1.00, 0.00, 1.00, 1.00, 1.00, 0.00, 0.00, 0.00, 0.00, 0.00, 0.00, 0.00, 0.00
726,  0,  24.358,  0.98,  1, 0.00, 0.00, 2.71, 0.01, 3.19, 4.43, 0.00, 2.97, 1.84, 2.74, 0.08, 0.92, 0.00, 0.02, 0.16, 0.15, 0.05, 0.00, 0.00, 1.00, 0.00, 1.00, 1.00, 0.00, 1.00, 1.00, 1.00, 0.00, 0.00, 0.00, 0.00, 0.00, 0.00, 0.00, 0.00
727,  0,  24.392,  0.98,  1, 0.00, 0.00, 2.80, 0.01, 3.23, 4.49, 0.00, 2.97, 1.86, 2.77, 0.08, 1.00, 0.00, 0.05, 0.13, 0.14, 0.00, 0.00, 0.00, 1.00, 0.00, 1.00, 1.00, 0.00, 1.00, 1.00, 1.00, 0.00, 0.00, 0.00, 0.00, 0.00, 0.00, 0.00, 0.00
728,  0,  24.425,  0.98,  1, 0.00, 0.00, 2.83, 0.01, 3.24, 4.52, 0.08, 3.00, 1.83, 2.78, 0.14, 1.03, 0.00, 0.12, 0.04, 0.05, 0.00, 0.00, 0.00, 1.00, 0.00, 1.00, 1.00, 0.00, 1.00, 1.00, 1.00, 0.00, 0.00, 0.00, 0.00, 0.00, 0.00, 0.00, 0.00
729,  0,  24.459,  0.98,  1, 0.00, 0.00, 2.93, 0.00, 3.25, 4.55, 0.15, 3.03, 1.76, 2.72, 0.05, 0.95, 0.00, 0.12, 0.04, 0.07, 0.00, 0.00, 0.00, 1.00, 0.00, 1.00, 1.00, 0.00, 1.00, 1.00, 1.00, 0.00, 1.00, 0.00, 0.00, 0.00, 0.00, 0.00, 0.00
730,  0,  24.492,  0.98,  1, 0.00, 0.00, 2.97, 0.00, 3.24, 4.50, 0.26, 3.07, 1.68, 2.78, 0.07, 0.86, 0.18, 0.11, 0.08, 0.09, 0.00, 0.00, 0.00, 1.00, 0.00, 1.00, 1.00, 0.00, 1.00, 1.00, 1.00, 0.00, 1.00, 0.00, 0.00, 0.00, 0.00, 0.00, 0.00
731,  0,  24.526,  0.98,  1, 0.00, 0.00, 3.01, 0.00, 3.27, 4.62, 0.37, 3.07, 1.60, 2.74, 0.03, 0.77, 0.35, 0.12, 0.08, 0.09, 0.00, 0.00, 0.00, 1.00, 0.00, 1.00, 1.00, 0.00, 1.00, 1.00, 1.00, 0.00, 0.00, 0.00, 0.00, 0.00, 0.00, 0.00, 0.00
732,  0,  24.560,  0.98,  1, 0.02, 0.00, 2.99, 0.00, 3.27, 4.62, 0.56, 3.06, 1.57, 2.75, 0.12, 0.61, 0.45, 0.19, 0.07, 0.03, 0.00, 0.00, 0.00, 1.00, 0.00, 1.00, 1.00, 1.00, 1.00, 1.00, 1.00, 0.00, 0.00, 0.00, 0.00, 0.00, 0.00, 0.00, 0.00
733,  0,  24.593,  0.98,  1, 0.10, 0.00, 3.01, 0.00, 3.28, 4.72, 0.66, 3.02, 1.53, 2.79, 0.11, 0.51, 0.28, 0.30, 0.17, 0.04, 0.00, 0.00, 0.00, 1.00, 0.00, 1.00, 1.00, 1.00, 1.00, 1.00, 1.00, 0.00, 0.00, 0.00, 0.00, 0.00, 0.00, 0.00, 0.00
734,  0,  24.627,  0.98,  1, 0.25, 0.00, 3.07, 0.00, 3.25, 4.78, 0.71, 3.01, 1.59, 2.85, 0.21, 0.40, 0.10, 0.35, 0.28, 0.04, 0.00, 0.00, 0.00, 1.00, 0.00, 1.00, 1.00, 1.00, 1.00, 1.00, 1.00, 0.00, 0.00, 0.00, 0.00, 0.00, 0.00, 0.00, 0.00
735,  0,  24.660,  0.98,  1, 0.33, 0.00, 3.10, 0.00, 3.28, 4.93, 0.70, 3.00, 1.64, 2.96, 0.24, 0.38, 0.00, 0.32, 0.43, 0.07, 0.00, 0.00, 0.00, 1.00, 0.00, 1.00, 1.00, 1.00, 1.00, 1.00, 1.00, 0.00, 0.00, 0.00, 0.00, 0.00, 0.00, 0.00, 0.00
736,  0,  24.694,  0.98,  1, 0.39, 0.00, 3.15, 0.00, 3.29, 5.00, 0.73, 3.15, 1.70, 2.89, 0.24, 0.32, 0.00, 0.27, 0.45, 0.04, 0.00, 0.00, 0.00, 1.00, 0.00, 1.00, 1.00, 1.00, 1.00, 1.00, 1.00, 0.00, 0.00, 0.00, 1.00, 0.00, 0.00, 0.00, 0.00
737,  0,  24.728,  0.98,  1, 0.42, 0.00, 3.21, 0.00, 3.30, 5.00, 0.68, 3.26, 1.72, 2.89, 0.12, 0.39, 0.00, 0.15, 0.52, 0.05, 0.00, 0.00, 0.00, 1.00, 0.00, 1.00, 1.00, 1.00, 1.00, 1.00, 1.00, 0.00, 0.00, 0.00, 1.00, 0.00, 0.00, 0.00, 0.00
738,  0,  24.761,  0.98,  1, 0.49, 0.00, 3.23, 0.00, 3.32, 4.99, 0.64, 3.38, 1.71, 2.84, 0.00, 0.61, 0.00, 0.11, 0.43, 0.03, 0.00, 0.00, 0.00, 1.00, 0.00, 1.00, 1.00, 1.00, 1.00, 1.00, 1.00, 0.00, 0.00, 0.00, 1.00, 0.00, 0.00, 0.00, 0.00
739,  0,  24.795,  0.98,  1, 0.50, 0.01, 3.24, 0.00, 3.32, 4.92, 0.56, 3.44, 1.74, 2.93, 0.04, 0.72, 0.00, 0.12, 0.48, 0.03, 0.00, 0.00, 0.00, 1.00, 0.00, 1.00, 1.00, 1.00, 1.00, 1.00, 1.00, 0.00, 1.00, 0.00, 1.00, 0.00, 0.00, 0.00, 0.00
740,  0,  24.828,  0.98,  1, 0.45, 0.05, 3.19, 0.00, 3.34, 4.86, 0.61, 3.51, 1.71, 2.99, 0.15, 0.80, 0.00, 0.19, 0.40, 0.02, 0.00, 0.00, 1.00, 1.00, 0.00, 1.00, 1.00, 1.00, 1.00, 1.00, 1.00, 0.00, 1.00, 0.00, 1.00, 0.00, 0.00, 0.00, 0.00
741,  0,  24.862,  0.98,  1, 0.42, 0.12, 3.16, 0.00, 3.33, 4.83, 0.62, 3.54, 1.70, 2.97, 0.21, 0.81, 0.00, 0.27, 0.40, 0.00, 0.00, 0.00, 1.00, 1.00, 0.00, 1.00, 1.00, 1.00, 1.00, 1.00, 1.00, 0.00, 1.00, 0.00, 1.00, 0.00, 0.00, 0.00, 0.00
742,  0,  24.896,  0.98,  1, 0.40, 0.14, 3.15, 0.00, 3.36, 4.91, 0.67, 3.51, 1.73, 2.89, 0.17, 0.83, 0.00, 0.37, 0.18, 0.00, 0.00, 0.00, 1.00, 1.00, 0.00, 1.00, 1.00, 1.00, 1.00, 1.00, 1.00, 0.00, 1.00, 0.00, 1.00, 0.00, 0.00, 0.00, 0.00
743,  0,  24.929,  0.98,  1, 0.40, 0.10, 3.12, 0.00, 3.36, 4.96, 0.62, 3.52, 1.75, 2.73, 0.08, 0.86, 0.00, 0.40, 0.14, 0.00, 0.00, 0.00, 1.00, 1.00, 0.00, 1.00, 1.00, 1.00, 1.00, 1.00, 1.00, 0.00, 1.00, 0.00, 1.00, 0.00, 0.00, 0.00, 0.00
744,  0,  24.963,  0.98,  1, 0.40, 0.06, 3.15, 0.00, 3.36, 5.00, 0.61, 3.54, 1.77, 2.74, 0.02, 0.80, 0.00, 0.38, 0.15, 0.00, 0.00, 0.00, 1.00, 1.00, 0.00, 1.00, 1.00, 1.00, 1.00, 1.00, 1.00, 0.00, 1.00, 0.00, 1.00, 0.00, 0.00, 0.00, 0.00
745,  0,  24.996,  0.98,  1, 0.42, 0.19, 3.17, 0.00, 3.34, 4.93, 0.63, 3.53, 1.71, 2.74, 0.02, 0.82, 0.00, 0.25, 0.29, 0.00, 0.00, 0.00, 1.00, 1.00, 0.00, 1.00, 1.00, 1.00, 1.00, 1.00, 1.00, 0.00, 1.00, 0.00, 1.00, 0.00, 0.00, 0.00, 0.00
746,  0,  25.030,  0.98,  1, 0.49, 0.39, 3.24, 0.00, 3.35, 4.84, 0.70, 3.47, 1.69, 2.83, 0.00, 0.82, 0.00, 0.14, 0.41, 0.00, 0.00, 1.00, 1.00, 1.00, 0.00, 1.00, 1.00, 1.00, 1.00, 1.00, 1.00, 0.00, 1.00, 0.00, 1.00, 0.00, 0.00, 0.00, 0.00
747,  0,  25.064,  0.98,  1, 0.65, 0.60, 3.22, 0.00, 3.34, 4.74, 0.77, 3.39, 1.63, 2.69, 0.00, 0.92, 0.00, 0.06, 0.46, 0.00, 0.00, 1.00, 1.00, 1.00, 0.00, 1.00, 1.00, 1.00, 1.00, 1.00, 1.00, 0.00, 1.00, 0.00, 1.00, 0.00, 0.00, 0.00, 0.00
748,  0,  25.097,  0.98,  1, 0.78, 0.70, 3.22, 0.00, 3.33, 4.81, 0.79, 3.32, 1.59, 2.73, 0.01, 0.99, 0.00, 0.03, 0.49, 0.00, 0.00, 0.00, 1.00, 1.00, 0.00, 1.00, 1.00, 1.00, 1.00, 1.00, 1.00, 0.00, 1.00, 0.00, 1.00, 0.00, 0.00, 0.00, 0.00
749,  0,  25.131,  0.98,  1, 0.81, 0.71, 3.18, 0.00, 3.33, 4.90, 0.82, 3.29, 1.55, 2.67, 0.05, 1.06, 0.00, 0.03, 0.43, 0.00, 0.00, 0.00, 1.00, 1.00, 0.00, 1.00, 1.00, 1.00, 1.00, 1.00, 1.00, 0.00, 1.00, 0.00, 1.00, 0.00, 0.00, 0.00, 0.00
750,  0,  25.164,  0.98,  1, 0.72, 0.62, 3.15, 0.00, 3.32, 4.96, 0.82, 3.27, 1.53, 2.72, 0.05, 1.12, 0.00, 0.02, 0.33, 0.00, 0.00, 0.00, 1.00, 1.00, 0.00, 1.00, 1.00, 1.00, 1.00, 1.00, 1.00, 0.00, 1.00, 0.00, 1.00, 0.00, 0.00, 0.00, 0.00
751,  0,  25.198,  0.98,  1, 0.59, 0.51, 3.10, 0.00, 3.33, 4.97, 0.78, 3.28, 1.53, 2.66, 0.04, 1.16, 0.00, 0.00, 0.25, 0.00, 0.00, 0.00, 1.00, 1.00, 0.00, 1.00, 1.00, 1.00, 1.00, 1.00, 1.00, 0.00, 1.00, 0.00, 1.00, 0.00, 0.00, 0.00, 0.00
752,  0,  25.232,  0.98,  1, 0.49, 0.37, 3.05, 0.00, 3.32, 4.89, 0.73, 3.25, 1.54, 2.73, 0.01, 1.19, 0.00, 0.00, 0.21, 0.00, 0.00, 0.00, 1.00, 1.00, 0.00, 1.00, 1.00, 1.00, 1.00, 1.00, 1.00, 0.00, 1.00, 0.00, 1.00, 0.00, 0.00, 0.00, 0.00
753,  0,  25.265,  0.98,  1, 0.41, 0.35, 3.02, 0.00, 3.32, 4.85, 0.72, 3.25, 1.56, 2.78, 0.01, 1.13, 0.00, 0.03, 0.30, 0.00, 0.00, 0.00, 1.00, 1.00, 0.00, 1.00, 1.00, 1.00, 1.00, 1.00, 1.00, 0.00, 1.00, 0.00, 1.00, 0.00, 0.00, 0.00, 0.00
754,  0,  25.299,  0.98,  1, 0.43, 0.34, 3.03, 0.00, 3.31, 4.80, 0.73, 3.27, 1.58, 2.75, 0.03, 1.11, 0.00, 0.03, 0.29, 0.00, 0.00, 0.00, 1.00, 1.00, 0.00, 1.00, 1.00, 1.00, 1.00, 1.00, 1.00, 0.00, 1.00, 0.00, 1.00, 0.00, 0.00, 0.00, 0.00
755,  0,  25.332,  0.98,  1, 0.49, 0.35, 3.07, 0.00, 3.32, 4.89, 0.71, 3.31, 1.59, 2.65, 0.02, 1.07, 0.00, 0.03, 0.31, 0.00, 0.00, 0.00, 1.00, 1.00, 0.00, 1.00, 1.00, 1.00, 1.00, 1.00, 1.00, 0.00, 1.00, 0.00, 1.00, 0.00, 0.00, 0.00, 0.00
756,  0,  25.366,  0.98,  1, 0.57, 0.36, 3.09, 0.00, 3.31, 4.94, 0.67, 3.35, 1.57, 2.71, 0.02, 1.12, 0.00, 0.00, 0.23, 0.00, 0.00, 0.00, 1.00, 1.00, 0.00, 1.00, 1.00, 1.00, 1.00, 1.00, 1.00, 0.00, 1.00, 0.00, 1.00, 0.00, 0.00, 0.00, 0.00
757,  0,  25.400,  0.98,  1, 0.57, 0.30, 3.07, 0.00, 3.29, 4.84, 0.64, 3.37, 1.58, 2.71, 0.00, 1.15, 0.00, 0.00, 0.25, 0.00, 0.00, 0.00, 1.00, 1.00, 0.00, 1.00, 1.00, 1.00, 1.00, 1.00, 1.00, 0.00, 1.00, 0.00, 1.00, 0.00, 0.00, 0.00, 0.00
758,  0,  25.433,  0.98,  1, 0.55, 0.34, 3.06, 0.00, 3.30, 4.82, 0.61, 3.40, 1.58, 2.81, 0.01, 1.15, 0.00, 0.00, 0.33, 0.00, 0.00, 0.00, 1.00, 1.00, 0.00, 1.00, 1.00, 1.00, 1.00, 1.00, 1.00, 0.00, 1.00, 0.00, 0.00, 0.00, 0.00, 0.00, 0.00
759,  0,  25.467,  0.98,  1, 0.54, 0.35, 3.09, 0.00, 3.28, 4.73, 0.66, 3.34, 1.63, 2.83, 0.07, 1.13, 0.00, 0.00, 0.42, 0.00, 0.00, 1.00, 1.00, 1.00, 0.00, 1.00, 1.00, 1.00, 1.00, 1.00, 1.00, 0.00, 1.00, 0.00, 0.00, 0.00, 0.00, 0.00, 0.00
760,  0,  25.500,  0.98,  1, 0.53, 0.44, 3.13, 0.00, 3.26, 4.80, 0.70, 3.29, 1.62, 2.93, 0.21, 1.17, 0.00, 0.00, 0.43, 0.00, 0.00, 1.00, 1.00, 1.00, 0.00, 1.00, 1.00, 1.00, 1.00, 1.00, 1.00, 0.00, 1.00, 0.00, 0.00, 0.00, 0.00, 0.00, 0.00
761,  0,  25.534,  0.98,  1, 0.55, 0.50, 3.15, 0.00, 3.21, 4.79, 0.74, 3.24, 1.60, 2.96, 0.34, 1.19, 0.00, 0.00, 0.35, 0.00, 0.00, 1.00, 1.00, 1.00, 0.00, 1.00, 1.00, 1.00, 1.00, 1.00, 1.00, 0.00, 1.00, 0.00, 0.00, 0.00, 0.00, 0.00, 0.00
762,  0,  25.568,  0.98,  1, 0.55, 0.48, 3.14, 0.00, 3.19, 4.85, 0.67, 3.21, 1.58, 2.97, 0.30, 1.18, 0.00, 0.00, 0.40, 0.00, 0.00, 1.00, 1.00, 1.00, 0.00, 1.00, 1.00, 1.00, 1.00, 1.00, 1.00, 0.00, 1.00, 0.00, 0.00, 0.00, 0.00, 0.00, 0.00
763,  0,  25.601,  0.98,  1, 0.58, 0.37, 3.14, 0.00, 3.13, 4.84, 0.59, 3.23, 1.57, 2.93, 0.22, 1.08, 0.00, 0.00, 0.43, 0.00, 0.00, 1.00, 1.00, 1.00, 0.00, 1.00, 1.00, 0.00, 1.00, 1.00, 1.00, 0.00, 1.00, 0.00, 0.00, 0.00, 0.00, 0.00, 0.00
764,  0,  25.635,  0.98,  1, 0.56, 0.21, 3.13, 0.00, 3.07, 4.73, 0.47, 3.23, 1.62, 2.83, 0.08, 0.94, 0.00, 0.00, 0.57, 0.00, 0.00, 1.00, 1.00, 1.00, 0.00, 1.00, 1.00, 0.00, 1.00, 1.00, 1.00, 0.00, 1.00, 0.00, 0.00, 0.00, 0.00, 0.00, 0.00
765,  0,  25.668,  0.98,  1, 0.51, 0.12, 3.07, 0.00, 3.00, 4.64, 0.38, 3.26, 1.64, 2.73, 0.16, 0.83, 0.00, 0.00, 0.54, 0.00, 0.00, 1.00, 1.00, 1.00, 0.00, 1.00, 1.00, 0.00, 1.00, 1.00, 1.00, 0.00, 1.00, 0.00, 1.00, 0.00, 0.00, 0.00, 0.00
766,  0,  25.702,  0.98,  1, 0.38, 0.04, 2.94, 0.00, 2.96, 4.56, 0.30, 3.23, 1.69, 2.64, 0.19, 0.75, 0.05, 0.00, 0.50, 0.00, 0.00, 0.00, 1.00, 1.00, 0.00, 1.00, 1.00, 0.00, 1.00, 1.00, 1.00, 0.00, 1.00, 0.00, 1.00, 0.00, 0.00, 0.00, 0.00
767,  0,  25.736,  0.98,  1, 0.24, 0.01, 2.79, 0.00, 2.89, 4.50, 0.22, 3.22, 1.70, 2.64, 0.38, 0.69, 0.07, 0.00, 0.43, 0.00, 0.00, 0.00, 0.00, 1.00, 0.00, 1.00, 1.00, 0.00, 1.00, 1.00, 1.00, 0.00, 1.00, 0.00, 0.00, 0.00, 0.00, 0.00, 0.00
768,  0,  25.769,  0.98,  1, 0.10, 0.00, 2.66, 0.00, 2.86, 4.37, 0.12, 3.15, 1.72, 2.62, 0.39, 0.65, 0.07, 0.00, 0.38, 0.05, 0.00, 0.00, 0.00, 1.00, 0.00, 1.00, 1.00, 0.00, 1.00, 1.00, 1.00, 0.00, 1.00, 0.00, 1.00, 0.00, 0.00, 0.00, 0.00
769,  0,  25.803,  0.98,  1, 0.05, 0.00, 2.56, 0.00, 2.86, 4.32, 0.04, 3.15, 1.74, 2.75, 0.44, 0.64, 0.02, 0.00, 0.30, 0.05, 0.00, 0.00, 0.00, 1.00, 0.00, 1.00, 1.00, 0.00, 1.00, 1.00, 1.00, 0.00, 1.00, 0.00, 0.00, 0.00, 0.00, 0.00, 0.00
770,  0,  25.836,  0.98,  1, 0.01, 0.00, 2.52, 0.00, 2.89, 4.26, 0.00, 3.19, 1.76, 2.86, 0.37, 0.62, 0.00, 0.00, 0.15, 0.05, 0.00, 0.00, 0.00, 1.00, 0.00, 1.00, 1.00, 0.00, 1.00, 1.00, 1.00, 0.00, 0.00, 0.00, 0.00, 0.00, 0.00, 0.00, 0.00
771,  0,  25.870,  0.98,  1, 0.00, 0.00, 2.44, 0.00, 2.93, 4.22, 0.00, 3.27, 1.85, 2.96, 0.43, 0.47, 0.00, 0.00, 0.04, 0.00, 0.00, 0.00, 0.00, 1.00, 0.00, 1.00, 1.00, 0.00, 1.00, 1.00, 1.00, 0.00, 0.00, 0.00, 0.00, 0.00, 0.00, 0.00, 0.00
772,  0,  25.904,  0.98,  1, 0.00, 0.00, 2.37, 0.01, 2.98, 4.04, 0.00, 3.35, 1.91, 2.92, 0.45, 0.42, 0.03, 0.00, 0.12, 0.08, 0.00, 0.00, 0.00, 1.00, 0.00, 1.00, 1.00, 0.00, 1.00, 1.00, 1.00, 0.00, 1.00, 0.00, 0.00, 0.00, 0.00, 0.00, 0.00
773,  0,  25.937,  0.98,  1, 0.00, 0.00, 2.25, 0.08, 3.05, 4.02, 0.00, 3.37, 1.94, 2.89, 0.48, 0.47, 0.09, 0.00, 0.23, 0.11, 0.00, 0.00, 0.00, 1.00, 0.00, 1.00, 1.00, 0.00, 1.00, 1.00, 1.00, 0.00, 1.00, 0.00, 0.00, 0.00, 0.00, 0.00, 0.00
774,  0,  25.971,  0.98,  1, 0.00, 0.00, 2.19, 0.13, 3.10, 4.01, 0.00, 3.43, 1.94, 2.92, 0.39, 0.64, 0.09, 0.00, 0.36, 0.18, 0.00, 0.00, 0.00, 1.00, 0.00, 1.00, 1.00, 0.00, 1.00, 1.00, 1.00, 0.00, 0.00, 0.00, 0.00, 0.00, 0.00, 0.00, 0.00
775,  0,  26.004,  0.98,  1, 0.00, 0.00, 2.22, 0.17, 3.07, 4.12, 0.00, 3.44, 1.94, 2.92, 0.35, 0.71, 0.06, 0.00, 0.34, 0.21, 0.00, 0.00, 0.00, 1.00, 0.00, 1.00, 1.00, 0.00, 1.00, 1.00, 1.00, 0.00, 0.00, 0.00, 0.00, 0.00, 0.00, 0.00, 0.00
776,  0,  26.038,  0.98,  1, 0.00, 0.00, 2.21, 0.13, 3.04, 4.06, 0.00, 3.45, 1.95, 2.92, 0.35, 0.69, 0.00, 0.00, 0.34, 0.26, 0.00, 0.00, 0.00, 1.00, 0.00, 1.00, 1.00, 0.00, 1.00, 1.00, 1.00, 0.00, 1.00, 0.00, 0.00, 0.00, 0.00, 0.00, 0.00
777,  0,  26.072,  0.98,  1, 0.00, 0.00, 2.19, 0.16, 3.04, 3.97, 0.00, 3.49, 1.94, 2.91, 0.50, 0.60, 0.00, 0.00, 0.32, 0.30, 0.00, 0.00, 0.00, 1.00, 0.00, 1.00, 1.00, 0.00, 1.00, 1.00, 1.00, 0.00, 1.00, 0.00, 0.00, 1.00, 0.00, 0.00, 0.00
778,  0,  26.105,  0.98,  1, 0.00, 0.00, 2.08, 0.18, 3.03, 3.86, 0.00, 3.48, 1.92, 2.98, 0.60, 0.58, 0.00, 0.00, 0.36, 0.28, 0.00, 0.00, 0.00, 1.00, 0.00, 1.00, 1.00, 0.00, 1.00, 1.00, 1.00, 0.00, 1.00, 0.00, 0.00, 1.00, 0.00, 0.00, 0.00
779,  0,  26.139,  0.98,  1, 0.00, 0.00, 2.02, 0.20, 3.02, 3.84, 0.00, 3.45, 1.92, 3.04, 0.64, 0.66, 0.00, 0.00, 0.42, 0.38, 0.00, 0.00, 0.00, 0.00, 0.00, 1.00, 1.00, 0.00, 1.00, 1.00, 1.00, 0.00, 0.00, 0.00, 0.00, 1.00, 0.00, 0.00, 0.00
780,  0,  26.172,  0.98,  1, 0.00, 0.00, 2.00, 0.15, 3.01, 3.89, 0.00, 3.41, 1.94, 2.96, 0.48, 0.68, 0.00, 0.00, 0.44, 0.44, 0.00, 0.00, 0.00, 0.00, 0.00, 1.00, 1.00, 0.00, 1.00, 1.00, 1.00, 0.00, 1.00, 0.00, 0.00, 1.00, 0.00, 0.00, 0.00
781,  0,  26.206,  0.98,  1, 0.00, 0.00, 2.06, 0.20, 3.02, 3.87, 0.00, 3.37, 1.95, 2.89, 0.36, 0.61, 0.02, 0.00, 0.49, 0.46, 0.00, 0.00, 0.00, 0.00, 0.00, 1.00, 1.00, 0.00, 1.00, 1.00, 1.00, 0.00, 0.00, 0.00, 0.00, 0.00, 0.00, 0.00, 0.00
782,  0,  26.240,  0.98,  1, 0.00, 0.00, 2.13, 0.31, 3.01, 3.80, 0.00, 3.32, 1.88, 2.90, 0.31, 0.44, 0.06, 0.00, 0.57, 0.34, 0.00, 0.00, 0.00, 0.00, 0.00, 1.00, 1.00, 0.00, 1.00, 1.00, 1.00, 0.00, 0.00, 0.00, 0.00, 1.00, 0.00, 0.00, 0.00
