frame, face_id, timestamp, confidence, success, AU01_r, AU02_r, AU04_r, AU05_r, AU06_r, AU07_r, AU09_r, AU10_r, AU12_r, AU14_r, AU15_r, AU17_r, AU20_r, AU23_r, AU25_r, AU26_r, AU45_r, AU01_c, AU02_c, AU04_c, AU05_c, AU06_c, AU07_c, AU09_c, AU10_c, AU12_c, AU14_c, AU15_c, AU17_c, AU20_c, AU23_c, AU25_c, AU26_c, AU28_c, AU45_c
1,  0,  0.000,  0.98,  1, 0.15, 0.00, 0.98, 0.00, 0.00, 0.00, 0.00, 0.58, 1.08, 1.47, 0.00, 0.00, 0.58, 0.05, 0.08, 0.28, 0.19, 0.00, 0.00, 1.00, 0.00, 0.00, 0.00, 0.00, 0.00, 0.00, 1.00, 0.00, 0.00, 1.00, 0.00, 0.00, 0.00, 0.00, 0.00
2,  0,  0.034,  0.98,  1, 0.21, 0.00, 1.06, 0.00, 0.01, 0.00, 0.00, 0.60, 1.12, 1.29, 0.00, 0.00, 0.36, 0.21, 0.03, 0.26, 0.08, 0.00, 0.00, 0.00, 0.00, 0.00, 0.00, 0.00, 0.00, 0.00, 1.00, 0.00, 0.00, 1.00, 1.00, 0.00, 0.00, 0.00, 0.00
3,  0,  0.068,  0.98,  1, 0.25, 0.08, 1.12, 0.00, 0.02, 0.00, 0.00, 0.60, 1.11, 1.33, 0.00, 0.00, 0.19, 0.26, 0.00, 0.17, 0.02, 0.00, 0.00, 1.00, 0.00, 0.00, 0.00, 0.00, 0.00, 0.00, 1.00, 0.00, 0.00, 0.00, 0.00, 0.00, 0.00, 0.00, 0.00
4,  0,  0.102,  0.98,  1, 0.36, 0.08, 1.16, 0.00, 0.02, 0.00, 0.00, 0.59, 1.11, 1.35, 0.00, 0.00, 0.06, 0.12, 0.00, 0.12, 0.10, 0.00, 0.00, 1.00, 0.00, 0.00, 0.00, 0.00, 0.00, 0.00, 1.00, 0.00, 0.00, 0.00, 0.00, 0.00, 0.00, 0.00, 0.00
5,  0,  0.135,  0.98,  1, 0.40, 0.08, 1.13, 0.00, 0.03, 0.00, 0.00, 0.58, 1.10, 1.50, 0.00, 0.00, 0.03, 0.09, 0.03, 0.22, 0.08, 0.00, 0.00, 1.00, 0.00, 0.00, 0.00, 0.00, 0.00, 0.00, 1.00, 0.00, 0.00, 0.00, 0.00, 0.00, 0.00, 0.00, 0.00
6,  0,  0.169,  0.98,  1, 0.48, 0.00, 1.13, 0.00, 0.04, 0.00, 0.00, 0.61, 1.08, 1.35, 0.00, 0.00, 0.00, 0.04, 0.03, 0.22, 0.08, 0.00, 0.00, 1.00, 0.00, 0.00, 0.00, 0.00, 0.00, 0.00, 1.00, 0.00, 0.00, 0.00, 0.00, 0.00, 0.00, 0.00, 0.00
7,  0,  0.203,  0.98,  1, 0.44, 0.00, 1.14, 0.00, 0.03, 0.00, 0.00, 0.59, 1.02, 1.27, 0.00, 0.00, 0.00, 0.03, 0.03, 0.11, 0.05, 0.00, 0.00, 1.00, 0.00, 0.00, 0.00, 0.00, 0.00, 0.00, 1.00, 0.00, 0.00, 0.00, 0.00, 0.00, 0.00, 0.00, 0.00
8,  0,  0.237,  0.98,  1, 0.42, 0.05, 1.13, 0.00, 0.01, 0.00, 0.00, 0.63, 0.93, 1.10, 0.00, 0.00, 0.04, 0.03, 0.00, 0.00, 0.08, 0.00, 0.00, 1.00, 0.00, 0.00, 0.00, 0.00, 0.00, 0.00, 1.00, 0.00, 0.00, 0.00, 0.00, 0.00, 0.00, 0.00, 0.00
9,  0,  0.271,  0.98,  1, 0.33, 0.05, 1.10, 0.00, 0.00, 0.00, 0.00, 0.62, 0.92, 1.11, 0.00, 0.00, 0.04, 0.02, 0.00, 0.04, 0.14, 0.00, 0.00, 1.00, 0.00, 0.00, 0.00, 0.00, 0.00, 0.00, 1.00, 0.00, 0.00, 0.00, 0.00, 0.00, 0.00, 0.00, 0.00
10,  0,  0.305,  0.98,  1, 0.27, 0.05, 1.11, 0.07, 0.01, 0.00, 0.00, 0.62, 0.98, 1.24, 0.00, 0.00, 0.04, 0.03, 0.00, 0.07, 0.11, 0.00, 0.00, 1.00, 0.00, 0.00, 0.00, 0.00, 0.00, 0.00, 1.00, 0.00, 0.00, 0.00, 0.00, 0.00, 0.00, 0.00, 0.00
11,  0,  0.338,  0.98,  1, 0.29, 0.09, 1.15, 0.20, 0.01, 0.00, 0.00, 0.53, 1.04, 1.42, 0.00, 0.00, 0.00, 0.07, 0.00, 0.07, 0.09, 0.00, 0.00, 1.00, 0.00, 0.00, 0.00, 0.00, 0.00, 0.00, 1.00, 0.00, 0.00, 0.00, 0.00, 0.00, 0.00, 0.00, 0.00
12,  0,  0.372,  0.98,  1, 0.29, 0.13, 1.16, 0.22, 0.01, 0.00, 0.00, 0.47, 1.07, 1.56, 0.00, 0.00, 0.00, 0.05, 0.00, 0.03, 0.03, 0.00, 0.00, 1.00, 0.00, 0.00, 0.00, 0.00, 0.00, 0.00, 1.00, 0.00, 0.00, 0.00, 0.00, 0.00, 0.00, 0.00, 0.00
13,  0,  0.406,  0.98,  1, 0.29, 0.13, 1.10, 0.16, 0.00, 0.00, 0.00, 0.51, 1.05, 1.46, 0.00, 0.00, 0.00, 0.03, 0.00, 0.00, 0.09, 0.00, 0.00, 1.00, 0.00, 0.00, 0.00, 0.00, 0.00, 0.00, 1.00, 0.00, 0.00, 0.00, 0.00, 0.00, 0.00, 0.00, 0.00
14,  0,  0.440,  0.98,  1, 0.21, 0.04, 1.05, 0.02, 0.00, 0.00, 0.00, 0.59, 1.05, 1.41, 0.00, 0.00, 0.00, 0.00, 0.00, 0.04, 0.08, 0.00, 0.00, 1.00, 0.00, 0.00, 0.00, 0.00, 0.00, 0.00, 1.00, 0.00, 0.00, 0.00, 0.00, 0.00, 0.00, 0.00, 0.00
15,  0,  0.474,  0.98,  1, 0.24, 0.01, 1.02, 0.00, 0.00, 0.00, 0.00, 0.65, 1.00, 1.31, 0.00, 0.00, 0.01, 0.00, 0.00, 0.09, 0.08, 0.00, 0.00, 1.00, 0.00, 0.00, 0.00, 0.00, 0.00, 0.00, 1.00, 0.00, 0.00, 0.00, 0.00, 0.00, 0.00, 0.00, 0.00
16,  0,  0.508,  0.98,  1, 0.32, 0.09, 1.05, 0.02, 0.00, 0.00, 0.00, 0.64, 0.95, 1.38, 0.00, 0.00, 0.01, 0.00, 0.00, 0.09, 0.00, 0.00, 0.00, 1.00, 0.00, 0.00, 0.00, 0.00, 0.00, 0.00, 1.00, 0.00, 0.00, 0.00, 0.00, 0.00, 0.00, 0.00, 0.00
17,  0,  0.541,  0.98,  1, 0.32, 0.09, 1.09, 0.02, 0.00, 0.00, 0.00, 0.64, 0.90, 1.38, 0.00, 0.00, 0.01, 0.00, 0.03, 0.06, 0.03, 0.00, 0.00, 1.00, 0.00, 0.00, 0.00, 0.00, 0.00, 0.00, 1.00, 0.00, 0.00, 0.00, 0.00, 0.00, 0.00, 0.00, 0.00
18,  0,  0.575,  0.98,  1, 0.22, 0.08, 1.12, 0.02, 0.00, 0.00, 0.00, 0.67, 0.91, 1.39, 0.00, 0.00, 0.00, 0.00, 0.03, 0.00, 0.07, 0.00, 0.00, 1.00, 0.00, 0.00, 0.00, 0.00, 0.00, 0.00, 1.00, 0.00, 0.00, 0.00, 0.00, 0.00, 0.00, 0.00, 0.00
19,  0,  0.609,  0.98,  1, 0.21, 0.13, 1.11, 0.00, 0.00, 0.00, 0.00, 0.66, 0.94, 1.37, 0.00, 0.00, 0.00, 0.01, 0.03, 0.00, 0.11, 0.00, 0.00, 1.00, 0.00, 0.00, 0.00, 0.00, 0.00, 0.00, 1.00, 0.00, 0.00, 0.00, 0.00, 0.00, 0.00, 0.00, 0.00
20,  0,  0.643,  0.98,  1, 0.22, 0.23, 1.06, 0.05, 0.00, 0.00, 0.00, 0.64, 0.99, 1.38, 0.00, 0.00, 0.00, 0.01, 0.01, 0.04, 0.12, 0.00, 0.00, 1.00, 0.00, 0.00, 0.00, 0.00, 0.00, 0.00, 1.00, 0.00, 0.00, 0.00, 0.00, 0.00, 0.00, 0.00, 0.00
21,  0,  0.677,  0.98,  1, 0.31, 0.26, 1.09, 0.06, 0.00, 0.00, 0.00, 0.64, 0.99, 1.40, 0.00, 0.00, 0.00, 0.01, 0.01, 0.04, 0.09, 0.00, 0.00, 1.00, 0.00, 0.00, 0.00, 0.00, 0.00, 0.00, 1.00, 0.00, 0.00, 0.00, 0.00, 0.00, 0.00, 0.00, 0.00
22,  0,  0.711,  0.98,  1, 0.33, 0.13, 1.14, 0.06, 0.00, 0.00, 0.00, 0.67, 0.97, 1.47, 0.00, 0.00, 0.00, 0.00, 0.01, 0.04, 0.05, 0.00, 0.00, 1.00, 0.00, 0.00, 0.00, 0.00, 0.00, 0.00, 1.00, 0.00, 0.00, 0.00, 0.00, 0.00, 0.00, 0.00, 0.00
23,  0,  0.744,  0.98,  1, 0.34, 0.05, 1.20, 0.03, 0.00, 0.00, 0.00, 0.74, 0.96, 1.56, 0.00, 0.00, 0.00, 0.00, 0.00, 0.11, 0.02, 0.00, 0.00, 1.00, 0.00, 0.00, 0.00, 0.00, 0.00, 0.00, 1.00, 0.00, 0.00, 0.00, 0.00, 0.00, 0.00, 0.00, 0.00
24,  0,  0.778,  0.98,  1, 0.36, 0.02, 1.17, 0.02, 0.00, 0.00, 0.00, 0.72, 0.93, 1.65, 0.00, 0.00, 0.00, 0.00, 0.00, 0.13, 0.08, 0.00, 0.00, 1.00, 0.00, 0.00, 0.00, 0.00, 0.00, 0.00, 1.00, 0.00, 0.00, 0.00, 0.00, 0.00, 0.00, 0.00, 0.00
25,  0,  0.812,  0.98,  1, 0.28, 0.02, 1.08, 0.02, 0.00, 0.00, 0.00, 0.67, 0.96, 1.65, 0.00, 0.00, 0.00, 0.00, 0.00, 0.13, 0.07, 0.00, 0.00, 1.00, 0.00, 0.00, 0.00, 0.00, 0.00, 0.00, 1.00, 0.00, 0.00, 0.00, 0.00, 0.00, 0.00, 0.00, 0.00
26,  0,  0.846,  0.98,  1, 0.24, 0.05, 1.06, 0.05, 0.00, 0.00, 0.00, 0.68, 0.94, 1.63, 0.00, 0.00, 0.04, 0.00, 0.00, 0.09, 0.06, 0.00, 0.00, 1.00, 0.00, 0.00, 0.00, 0.00, 0.00, 0.00, 1.00, 0.00, 0.00, 0.00, 0.00, 0.00, 0.00, 0.00, 0.00
27,  0,  0.880,  0.98,  1, 0.15, 0.05, 1.06, 0.05, 0.00, 0.00, 0.00, 0.75, 0.93, 1.58, 0.00, 0.00, 0.04, 0.00, 0.00, 0.12, 0.00, 0.00, 0.00, 1.00, 0.00, 0.00, 0.00, 0.00, 0.00, 0.00, 1.00, 0.00, 0.00, 0.00, 0.00, 0.00, 0.00, 0.00, 0.00
28,  0,  0.914,  0.98,  1, 0.16, 0.05, 1.12, 0.06, 0.00, 0.00, 0.00, 0.86, 0.90, 1.56, 0.00, 0.00, 0.04, 0.00, 0.00, 0.20, 0.00, 0.00, 0.00, 1.00, 0.00, 0.00, 0.00, 0.00, 0.00, 0.00, 1.00, 0.00, 0.00, 0.00, 0.00, 0.00, 0.00, 0.00, 0.00
29,  0,  0.947,  0.98,  1, 0.18, 0.02, 1.04, 0.01, 0.00, 0.00, 0.00, 0.88, 0.88, 1.58, 0.00, 0.00, 0.00, 0.00, 0.02, 0.16, 0.07, 0.00, 0.00, 1.00, 0.00, 0.00, 0.00, 0.00, 0.00, 0.00, 1.00, 0.00, 0.00, 0.00, 0.00, 0.00, 0.00, 0.00, 0.00
30,  0,  0.981,  0.98,  1, 0.22, 0.02, 1.02, 0.21, 0.00, 0.00, 0.00, 0.87, 0.89, 1.56, 0.00, 0.00, 0.00, 0.00, 0.02, 0.11, 0.14, 0.00, 0.00, 1.00, 0.00, 0.00, 0.00, 0.00, 0.00, 0.00, 1.00, 0.00, 0.00, 0.00, 0.00, 0.00, 0.00, 0.00, 0.00
31,  0,  1.015,  0.98,  1, 0.27, 0.02, 1.01, 0.20, 0.00, 0.00, 0.00, 0.90, 0.88, 1.61, 0.00, 0.00, 0.00, 0.00, 0.02, 0.11, 0.20, 0.00, 0.00, 1.00, 0.00, 0.00, 0.00, 0.00, 0.00, 0.00, 1.00, 0.00, 0.00, 0.00, 0.00, 0.00, 0.00, 0.00, 0.00
32,  0,  1.049,  0.98,  1, 0.32, 0.01, 1.09, 0.20, 0.00, 0.00, 0.00, 0.88, 0.88, 1.50, 0.00, 0.00, 0.00, 0.00, 0.01, 0.17, 0.35, 0.00, 0.00, 1.00, 0.00, 0.00, 0.00, 0.00, 0.00, 0.00, 1.00, 0.00, 0.00, 0.00, 0.00, 0.00, 0.00, 0.00, 0.00
33,  0,  1.083,  0.98,  1, 0.33, 0.04, 1.02, 0.04, 0.00, 0.00, 0.00, 0.83, 0.84, 1.51, 0.00, 0.00, 0.00, 0.00, 0.00, 0.19, 0.45, 0.00, 0.00, 1.00, 0.00, 0.00, 0.00, 0.00, 0.00, 0.00, 1.00, 0.00, 0.00, 0.00, 0.00, 0.00, 0.00, 0.00, 0.00
34,  0,  1.117,  0.98,  1, 0.28, 0.04, 1.01, 0.07, 0.00, 0.00, 0.00, 0.80, 0.84, 1.44, 0.00, 0.00, 0.00, 0.00, 0.00, 0.15, 0.55, 0.00, 0.00, 1.00, 0.00, 0.00, 0.00, 0.00, 0.00, 0.00, 1.00, 0.00, 0.00, 0.00, 0.00, 0.00, 0.00, 0.00, 0.00
35,  0,  1.150,  0.98,  1, 0.19, 0.03, 0.99, 0.10, 0.00, 0.00, 0.00, 0.83, 0.83, 1.46, 0.00, 0.00, 0.00, 0.00, 0.00, 0.06, 0.50, 0.00, 0.00, 1.00, 0.00, 0.00, 0.00, 0.00, 0.00, 0.00, 1.00, 0.00, 0.00, 0.00, 0.00, 0.00, 0.00, 0.00, 0.00
36,  0,  1.184,  0.98,  1, 0.19, 0.00, 1.04, 0.11, 0.00, 0.00, 0.00, 0.91, 0.85, 1.41, 0.00, 0.00, 0.00, 0.00, 0.00, 0.03, 0.48, 0.00, 0.00, 1.00, 0.00, 0.00, 0.00, 0.00, 0.00, 0.00, 1.00, 0.00, 0.00, 0.00, 0.00, 0.00, 0.00, 0.00, 0.00
37,  0,  1.218,  0.98,  1, 0.16, 0.00, 1.03, 0.18, 0.00, 0.00, 0.00, 0.98, 0.85, 1.41, 0.00, 0.00, 0.00, 0.00, 0.00, 0.03, 0.49, 0.00, 0.00, 1.00, 0.00, 0.00, 0.00, 0.00, 0.00, 0.00, 1.00, 0.00, 0.00, 0.00, 0.00, 0.00, 0.00, 0.00, 0.00
38,  0,  1.252,  0.98,  1, 0.22, 0.00, 1.05, 0.24, 0.00, 0.00, 0.00, 0.96, 0.86, 1.34, 0.00, 0.00, 0.00, 0.00, 0.00, 0.06, 0.41, 0.00, 0.00, 1.00, 0.00, 0.00, 0.00, 0.00, 0.00, 0.00, 1.00, 0.00, 0.00, 0.00, 0.00, 0.00, 0.00, 0.00, 0.00
39,  0,  1.286,  0.98,  1, 0.22, 0.00, 1.06, 0.23, 0.00, 0.00, 0.00, 0.94, 0.86, 1.29, 0.00, 0.00, 0.00, 0.00, 0.00, 0.06, 0.40, 0.00, 0.00, 1.00, 0.00, 0.00, 0.00, 0.00, 0.00, 0.00, 1.00, 0.00, 0.00, 0.00, 0.00, 0.00, 0.00, 0.00, 0.00
40,  0,  1.320,  0.98,  1, 0.22, 0.02, 1.08, 0.16, 0.00, 0.00, 0.00, 0.87, 0.86, 1.27, 0.00, 0.00, 0.00, 0.00, 0.00, 0.03, 0.41, 0.00, 0.00, 1.00, 0.00, 0.00, 0.00, 0.00, 0.00, 0.00, 1.00, 0.00, 0.00, 0.00, 0.00, 0.00, 0.00, 0.00, 0.00
41,  0,  1.353,  0.98,  1, 0.18, 0.02, 1.08, 0.07, 0.00, 0.00, 0.00, 0.84, 0.83, 1.36, 0.00, 0.00, 0.00, 0.00, 0.02, 0.00, 0.49, 0.00, 0.00, 1.00, 0.00, 0.00, 0.00, 0.00, 0.00, 0.00, 1.00, 0.00, 0.00, 0.00, 0.00, 0.00, 0.00, 0.00, 0.00
42,  0,  1.387,  0.98,  1, 0.15, 0.02, 1.10, 0.03, 0.00, 0.00, 0.00, 0.84, 0.83, 1.38, 0.00, 0.00, 0.00, 0.00, 0.02, 0.00, 0.49, 0.00, 0.00, 1.00, 0.00, 0.00, 0.00, 0.00, 0.00, 0.00, 1.00, 0.00, 0.00, 0.00, 0.00, 0.00, 0.00, 0.00, 0.00
43,  0,  1.421,  0.98,  1, 0.18, 0.03, 1.11, 0.01, 0.00, 0.00, 0.00, 0.82, 0.85, 1.37, 0.00, 0.00, 0.00, 0.00, 0.02, 0.00, 0.50, 0.00, 0.00, 1.00, 0.00, 0.00, 0.00, 0.00, 0.00, 0.00, 1.00, 0.00, 0.00, 0.00, 0.00, 0.00, 0.00, 0.00, 0.00
44,  0,  1.455,  0.98,  1, 0.29, 0.05, 1.17, 0.07, 0.00, 0.00, 0.00, 0.83, 0.84, 1.38, 0.00, 0.00, 0.00, 0.00, 0.00, 0.05, 0.34, 0.00, 0.00, 1.00, 0.00, 0.00, 0.00, 0.00, 0.00, 0.00, 1.00, 0.00, 0.00, 0.00, 0.00, 0.00, 0.00, 0.00, 0.00
45,  0,  1.489,  0.98,  1, 0.32, 0.05, 1.18, 0.07, 0.00, 0.00, 0.00, 0.82, 0.84, 1.42, 0.00, 0.00, 0.00, 0.00, 0.00, 0.05, 0.21, 0.00, 0.00, 1.00, 0.00, 0.00, 0.00, 0.00, 0.00, 0.00, 1.00, 0.00, 0.00, 0.00, 0.00, 0.00, 0.00, 0.00, 0.00
46,  0,  1.523,  0.98,  1, 0.30, 0.03, 1.20, 0.07, 0.00, 0.00, 0.00, 0.82, 0.85, 1.38, 0.00, 0.00, 0.00, 0.00, 0.01, 0.05, 0.02, 0.00, 0.00, 1.00, 0.00, 0.00, 0.00, 0.00, 0.00, 0.00, 1.00, 0.00, 0.00, 0.00, 0.00, 0.00, 0.00, 0.00, 0.00
47,  0,  1.556,  0.98,  1, 0.20, 0.01, 1.16, 0.02, 0.00, 0.00, 0.00, 0.89, 0.88, 1.24, 0.00, 0.00, 0.00, 0.00, 0.01, 0.00, 0.00, 0.00, 0.00, 1.00, 0.00, 0.00, 0.00, 0.00, 0.00, 0.00, 1.00, 0.00, 0.00, 0.00, 0.00, 0.00, 0.00, 0.00, 0.00
48,  0,  1.590,  0.98,  1, 0.18, 0.02, 1.15, 0.04, 0.00, 0.00, 0.00, 0.90, 0.87, 1.20, 0.00, 0.00, 0.00, 0.00, 0.03, 0.09, 0.00, 0.00, 0.00, 1.00, 0.00, 0.00, 0.00, 0.00, 0.00, 0.00, 1.00, 0.00, 0.00, 0.00, 0.00, 0.00, 0.00, 0.00, 0.00
49,  0,  1.624,  0.98,  1, 0.20, 0.01, 1.10, 0.07, 0.00, 0.00, 0.00, 0.90, 0.85, 1.18, 0.00, 0.00, 0.00, 0.00, 0.02, 0.14, 0.00, 0.00, 0.00, 0.00, 0.00, 0.00, 0.00, 0.00, 0.00, 0.00, 1.00, 0.00, 0.00, 0.00, 0.00, 0.00, 0.00, 0.00, 0.00
50,  0,  1.658,  0.98,  1, 0.26, 0.10, 1.03, 0.05, 0.00, 0.00, 0.00, 0.88, 0.81, 1.11, 0.00, 0.03, 0.00, 0.00, 0.07, 0.13, 0.00, 0.00, 0.00, 0.00, 0.00, 0.00, 0.00, 0.00, 0.00, 0.00, 1.00, 0.00, 0.00, 0.00, 0.00, 0.00, 0.00, 0.00, 0.00
51,  0,  1.692,  0.98,  1, 0.41, 0.16, 0.99, 0.05, 0.00, 0.00, 0.00, 0.90, 0.78, 1.09, 0.00, 0.04, 0.00, 0.01, 0.05, 0.07, 0.00, 0.00, 0.00, 0.00, 0.00, 0.00, 0.00, 0.00, 0.00, 0.00, 1.00, 0.00, 0.00, 0.00, 0.00, 0.00, 0.00, 0.00, 0.00
52,  0,  1.726,  0.98,  1, 0.35, 0.22, 0.96, 0.01, 0.00, 0.00, 0.00, 0.92, 0.74, 1.17, 0.00, 0.05, 0.00, 0.01, 0.07, 0.03, 0.00, 0.00, 0.00, 0.00, 0.00, 0.00, 0.00, 0.00, 0.00, 0.00, 1.00, 0.00, 0.00, 0.00, 0.00, 0.00, 0.00, 0.00, 0.00
53,  0,  1.759,  0.98,  1, 0.25, 0.13, 0.94, 0.12, 0.00, 0.00, 0.00, 0.89, 0.75, 1.30, 0.00, 0.02, 0.00, 0.01, 0.03, 0.10, 0.00, 0.00, 0.00, 0.00, 0.00, 0.00, 0.00, 0.00, 0.00, 0.00, 1.00, 0.00, 0.00, 0.00, 0.00, 0.00, 0.00, 0.00, 0.00
54,  0,  1.793,  0.98,  1, 0.04, 0.07, 0.87, 0.27, 0.00, 0.00, 0.00, 0.95, 0.84, 1.38, 0.00, 0.00, 0.00, 0.00, 0.03, 0.07, 0.00, 0.00, 0.00, 1.00, 0.00, 0.00, 0.00, 0.00, 0.00, 0.00, 1.00, 0.00, 0.00, 0.00, 0.00, 0.00, 0.00, 0.00, 0.00
55,  0,  1.827,  0.98,  1, 0.09, 0.01, 0.89, 0.48, 0.00, 0.00, 0.00, 1.02, 0.92, 1.41, 0.00, 0.00, 0.00, 0.00, 0.00, 0.07, 0.00, 0.00, 0.00, 1.00, 0.00, 0.00, 0.00, 0.00, 0.00, 0.00, 1.00, 0.00, 0.00, 0.00, 0.00, 0.00, 0.00, 0.00, 0.00
56,  0,  1.861,  0.98,  1, 0.08, 0.00, 0.91, 0.62, 0.00, 0.00, 0.00, 1.01, 0.97, 1.42, 0.00, 0.00, 0.00, 0.00, 0.01, 0.00, 0.00, 0.00, 0.00, 1.00, 0.00, 0.00, 0.00, 0.00, 0.00, 0.00, 1.00, 0.00, 0.00, 0.00, 0.00, 0.00, 0.00, 0.00, 0.00
57,  0,  1.895,  0.98,  1, 0.09, 0.00, 0.96, 0.57, 0.01, 0.00, 0.00, 0.96, 0.99, 1.38, 0.00, 0.00, 0.00, 0.00, 0.04, 0.00, 0.00, 0.00, 0.00, 1.00, 0.00, 0.00, 0.00, 0.00, 0.00, 0.00, 1.00, 0.00, 0.00, 0.00, 0.00, 0.00, 0.00, 0.00, 0.00
58,  0,  1.929,  0.98,  1, 0.06, 0.00, 0.99, 0.59, 0.01, 0.00, 0.00, 1.01, 0.96, 1.26, 0.00, 0.00, 0.00, 0.00, 0.04, 0.01, 0.00, 0.00, 0.00, 1.00, 0.00, 0.00, 0.00, 0.00, 0.00, 0.00, 1.00, 0.00, 0.00, 0.00, 0.00, 0.00, 0.00, 0.00, 0.00
59,  0,  1.962,  0.98,  1, 0.04, 0.00, 1.04, 0.47, 0.01, 0.00, 0.00, 1.05, 0.96, 1.18, 0.00, 0.00, 0.00, 0.00, 0.05, 0.02, 0.00, 0.00, 0.00, 1.00, 0.00, 0.00, 0.00, 0.00, 0.00, 0.00, 1.00, 0.00, 0.00, 0.00, 0.00, 0.00, 0.00, 0.00, 0.00
60,  0,  1.996,  0.98,  1, 0.06, 0.00, 1.02, 0.46, 0.00, 0.00, 0.00, 1.04, 0.94, 1.16, 0.00, 0.00, 0.00, 0.00, 0.02, 0.07, 0.00, 0.00, 0.00, 1.00, 0.00, 0.00, 0.00, 0.00, 0.00, 0.00, 1.00, 0.00, 0.00, 0.00, 0.00, 0.00, 0.00, 0.00, 0.00
61,  0,  2.030,  0.98,  1, 0.03, 0.00, 0.96, 0.49, 0.00, 0.00, 0.00, 0.95, 0.95, 1.29, 0.00, 0.00, 0.00, 0.00, 0.03, 0.06, 0.00, 0.00, 0.00, 1.00, 0.00, 0.00, 0.00, 0.00, 0.00, 0.00, 1.00, 0.00, 0.00, 0.00, 0.00, 0.00, 0.00, 0.00, 0.00
62,  0,  2.064,  0.98,  1, 0.03, 0.00, 0.93, 0.50, 0.00, 0.00, 0.00, 0.89, 0.93, 1.50, 0.00, 0.00, 0.00, 0.00, 0.03, 0.08, 0.00, 0.00, 0.00, 1.00, 0.00, 0.00, 0.00, 0.00, 0.00, 0.00, 1.00, 0.00, 0.00, 0.00, 0.00, 0.00, 0.00, 0.00, 0.00
63,  0,  2.098,  0.98,  1, 0.03, 0.00, 0.94, 0.58, 0.00, 0.00, 0.00, 0.92, 0.91, 1.54, 0.00, 0.00, 0.00, 0.00, 0.06, 0.03, 0.00, 0.00, 1.00, 1.00, 0.00, 0.00, 0.00, 0.00, 0.00, 0.00, 1.00, 0.00, 0.00, 0.00, 0.00, 0.00, 0.00, 0.00, 0.00
64,  0,  2.132,  0.98,  1, 0.05, 0.00, 0.96, 0.49, 0.00, 0.00, 0.00, 0.93, 0.92, 1.54, 0.00, 0.00, 0.00, 0.00, 0.10, 0.03, 0.00, 0.00, 1.00, 1.00, 0.00, 0.00, 0.00, 0.00, 0.00, 0.00, 1.00, 0.00, 0.00, 0.00, 0.00, 0.00, 0.00, 0.00, 0.00
65,  0,  2.165,  0.98,  1, 0.06, 0.00, 1.02, 0.46, 0.00, 0.00, 0.00, 0.96, 0.94, 1.55, 0.00, 0.00, 0.00, 0.00, 0.11, 0.10, 0.00, 0.00, 1.00, 1.00, 0.00, 0.00, 0.00, 0.00, 0.00, 0.00, 1.00, 0.00, 0.00, 0.00, 0.00, 0.00, 0.00, 0.00, 0.00
66,  0,  2.199,  0.98,  1, 0.09, 0.00, 1.08, 0.44, 0.00, 0.00, 0.00, 0.90, 0.93, 1.62, 0.00, 0.00, 0.00, 0.00, 0.12, 0.11, 0.00, 0.00, 1.00, 1.00, 0.00, 0.00, 0.00, 0.00, 0.00, 0.00, 1.00, 0.00, 0.00, 0.00, 0.00, 0.00, 0.00, 0.00, 0.00
67,  0,  2.233,  0.98,  1, 0.08, 0.00, 1.08, 0.40, 0.00, 0.00, 0.00, 0.86, 0.90, 1.61, 0.00, 0.00, 0.00, 0.00, 0.08, 0.12, 0.00, 0.00, 1.00, 1.00, 0.00, 0.00, 0.00, 0.00, 0.00, 0.00, 1.00, 0.00, 0.00, 0.00, 0.00, 0.00, 0.00, 0.00, 0.00
68,  0,  2.267,  0.98,  1, 0.07, 0.00, 1.04, 0.42, 0.00, 0.00, 0.00, 0.85, 0.86, 1.59, 0.00, 0.00, 0.00, 0.00, 0.04, 0.13, 0.00, 0.00, 1.00, 1.00, 0.00, 0.00, 0.00, 0.00, 0.00, 0.00, 1.00, 0.00, 0.00, 0.00, 0.00, 0.00, 0.00, 0.00, 0.00
69,  0,  2.301,  0.98,  1, 0.01, 0.00, 1.00, 0.37, 0.01, 0.00, 0.00, 0.85, 0.87, 1.56, 0.00, 0.00, 0.00, 0.00, 0.00, 0.20, 0.00, 0.00, 1.00, 1.00, 0.00, 0.00, 0.00, 0.00, 0.00, 0.00, 1.00, 0.00, 0.00, 0.00, 0.00, 0.00, 0.00, 0.00, 0.00
70,  0,  2.335,  0.98,  1, 0.02, 0.00, 1.08, 0.32, 0.01, 0.00, 0.00, 0.89, 0.91, 1.58, 0.00, 0.00, 0.00, 0.00, 0.03, 0.24, 0.00, 0.00, 1.00, 1.00, 0.00, 0.00, 0.00, 0.00, 0.00, 0.00, 1.00, 0.00, 0.00, 0.00, 0.00, 0.00, 0.00, 0.00, 0.00
71,  0,  2.368,  0.98,  1, 0.02, 0.00, 1.12, 0.26, 0.01, 0.00, 0.00, 0.95, 0.93, 1.52, 0.00, 0.00, 0.00, 0.00, 0.03, 0.13, 0.00, 0.00, 0.00, 1.00, 0.00, 0.00, 0.00, 0.00, 0.00, 0.00, 1.00, 0.00, 0.00, 0.00, 0.00, 0.00, 0.00, 0.00, 0.00
72,  0,  2.402,  0.98,  1, 0.02, 0.00, 1.17, 0.27, 0.00, 0.00, 0.00, 1.02, 0.91, 1.49, 0.00, 0.00, 0.00, 0.00, 0.03, 0.07, 0.00, 0.00, 1.00, 1.00, 0.00, 0.00, 0.00, 0.00, 0.00, 0.00, 1.00, 0.00, 0.00, 0.00, 0.00, 0.00, 0.00, 0.00, 0.00
73,  0,  2.436,  0.98,  1, 0.00, 0.00, 1.10, 0.25, 0.00, 0.00, 0.00, 1.02, 0.88, 1.44, 0.00, 0.00, 0.00, 0.00, 0.00, 0.01, 0.00, 0.00, 0.00, 1.00, 0.00, 0.00, 0.00, 0.00, 0.00, 0.00, 1.00, 0.00, 0.00, 0.00, 0.00, 0.00, 0.00, 0.00, 0.00
74,  0,  2.470,  0.98,  1, 0.00, 0.00, 1.07, 0.19, 0.01, 0.00, 0.00, 1.01, 0.86, 1.45, 0.00, 0.00, 0.00, 0.00, 0.00, 0.04, 0.00, 0.00, 0.00, 1.00, 0.00, 0.00, 0.00, 0.00, 0.00, 0.00, 1.00, 0.00, 0.00, 0.00, 0.00, 0.00, 0.00, 0.00, 0.00
75,  0,  2.504,  0.98,  1, 0.00, 0.00, 0.92, 0.23, 0.01, 0.00, 0.00, 1.04, 0.85, 1.44, 0.00, 0.00, 0.00, 0.00, 0.04, 0.03, 0.00, 0.00, 0.00, 1.00, 0.00, 0.00, 0.00, 0.00, 0.00, 0.00, 1.00, 0.00, 0.00, 0.00, 0.00, 0.00, 0.00, 0.00, 0.00
76,  0,  2.538,  0.98,  1, 0.00, 0.00, 0.87, 0.37, 0.01, 0.00, 0.00, 1.07, 0.85, 1.44, 0.00, 0.00, 0.00, 0.00, 0.04, 0.03, 0.00, 0.00, 0.00, 1.00, 0.00, 0.00, 0.00, 0.00, 0.00, 0.00, 1.00, 0.00, 0.00, 0.00, 0.00, 0.00, 0.00, 0.00, 0.00
77,  0,  2.571,  0.98,  1, 0.05, 0.00, 0.86, 0.52, 0.00, 0.00, 0.00, 1.08, 0.87, 1.41, 0.00, 0.00, 0.00, 0.00, 0.07, 0.00, 0.00, 0.00, 0.00, 1.00, 0.00, 0.00, 0.00, 0.00, 0.00, 0.00, 1.00, 0.00, 0.00, 0.00, 0.00, 0.00, 0.00, 0.00, 0.00
78,  0,  2.605,  0.98,  1, 0.12, 0.00, 0.96, 0.42, 0.00, 0.00, 0.00, 1.07, 0.90, 1.48, 0.00, 0.00, 0.00, 0.00, 0.04, 0.05, 0.00, 0.00, 1.00, 1.00, 0.00, 0.00, 0.00, 0.00, 0.00, 0.00, 1.00, 0.00, 0.00, 0.00, 0.00, 0.00, 0.00, 0.00, 0.00
79,  0,  2.639,  0.98,  1, 0.12, 0.00, 0.98, 0.24, 0.00, 0.00, 0.00, 1.10, 0.94, 1.41, 0.00, 0.00, 0.00, 0.00, 0.04, 0.05, 0.00, 0.00, 0.00, 0.00, 0.00, 0.00, 0.00, 0.00, 0.00, 0.00, 1.00, 0.00, 0.00, 0.00, 0.00, 0.00, 0.00, 0.00, 0.00
80,  0,  2.673,  0.98,  1, 0.09, 0.00, 0.93, 0.14, 0.00, 0.00, 0.00, 1.08, 0.95, 1.41, 0.00, 0.00, 0.00, 0.00, 0.00, 0.05, 0.00, 0.00, 1.00, 0.00, 0.00, 0.00, 0.00, 0.00, 0.00, 0.00, 1.00, 0.00, 0.00, 0.00, 0.00, 0.00, 0.00, 0.00, 0.00
81,  0,  2.707,  0.98,  1, 0.07, 0.00, 0.88, 0.12, 0.00, 0.00, 0.00, 1.08, 0.96, 1.31, 0.00, 0.00, 0.00, 0.00, 0.00, 0.01, 0.00, 0.00, 1.00, 0.00, 0.00, 0.00, 0.00, 0.00, 0.00, 0.00, 1.00, 0.00, 0.00, 0.00, 0.00, 0.00, 0.00, 0.00, 0.00
82,  0,  2.741,  0.98,  1, 0.14, 0.00, 0.96, 0.25, 0.00, 0.00, 0.00, 1.07, 0.97, 1.34, 0.00, 0.00, 0.00, 0.00, 0.00, 0.03, 0.00, 0.00, 1.00, 0.00, 0.00, 0.00, 0.00, 0.00, 0.00, 0.00, 1.00, 0.00, 0.00, 0.00, 0.00, 0.00, 0.00, 0.00, 0.00
83,  0,  2.774,  0.98,  1, 0.11, 0.00, 0.98, 0.29, 0.00, 0.00, 0.00, 1.02, 0.95, 1.32, 0.00, 0.00, 0.00, 0.00, 0.00, 0.03, 0.00, 0.00, 1.00, 0.00, 0.00, 0.00, 0.00, 0.00, 0.00, 0.00, 1.00, 0.00, 0.00, 0.00, 0.00, 0.00, 0.00, 0.00, 0.00
84,  0,  2.808,  0.98,  1, 0.07, 0.00, 0.92, 0.35, 0.00, 0.00, 0.00, 1.01, 0.95, 1.43, 0.00, 0.00, 0.00, 0.00, 0.02, 0.03, 0.00, 0.00, 1.00, 0.00, 0.00, 0.00, 0.00, 0.00, 0.00, 0.00, 1.00, 0.00, 0.00, 0.00, 0.00, 0.00, 0.00, 0.00, 0.00
85,  0,  2.842,  0.98,  1, 0.04, 0.00, 0.86, 0.35, 0.00, 0.00, 0.00, 1.01, 0.91, 1.47, 0.00, 0.00, 0.00, 0.00, 0.02, 0.01, 0.00, 0.00, 0.00, 0.00, 0.00, 0.00, 0.00, 0.00, 0.00, 0.00, 1.00, 0.00, 0.00, 0.00, 0.00, 0.00, 0.00, 0.00, 0.00
86,  0,  2.876,  0.98,  1, 0.04, 0.00, 0.80, 0.41, 0.00, 0.00, 0.00, 1.07, 0.89, 1.45, 0.00, 0.00, 0.00, 0.00, 0.02, 0.01, 0.00, 0.00, 1.00, 0.00, 0.00, 0.00, 0.00, 0.00, 0.00, 0.00, 1.00, 0.00, 0.00, 0.00, 0.00, 0.00, 0.00, 0.00, 0.00
87,  0,  2.910,  0.98,  1, 0.03, 0.00, 0.87, 0.34, 0.00, 0.00, 0.00, 1.03, 0.86, 1.39, 0.00, 0.00, 0.00, 0.00, 0.00, 0.06, 0.00, 0.00, 0.00, 0.00, 0.00, 0.00, 0.00, 0.00, 0.00, 0.00, 1.00, 0.00, 0.00, 0.00, 0.00, 0.00, 0.00, 0.00, 0.00
88,  0,  2.944,  0.98,  1, 0.01, 0.00, 0.82, 0.26, 0.03, 0.00, 0.00, 0.97, 0.83, 1.48, 0.00, 0.00, 0.00, 0.00, 0.00, 0.06, 0.00, 0.00, 0.00, 0.00, 0.00, 0.00, 0.00, 0.00, 0.00, 0.00, 1.00, 0.00, 0.00, 0.00, 0.00, 0.00, 0.00, 0.00, 0.00
89,  0,  2.977,  0.98,  1, 0.01, 0.00, 0.89, 0.31, 0.03, 0.00, 0.00, 0.93, 0.82, 1.54, 0.00, 0.00, 0.00, 0.00, 0.00, 0.06, 0.00, 0.00, 0.00, 0.00, 0.00, 0.00, 0.00, 0.00, 0.00, 0.00, 1.00, 0.00, 0.00, 0.00, 0.00, 0.00, 0.00, 0.00, 0.00
90,  0,  3.011,  0.98,  1, 0.06, 0.00, 0.92, 0.44, 0.03, 0.00, 0.00, 0.95, 0.84, 1.55, 0.00, 0.00, 0.00, 0.00, 0.00, 0.00, 0.00, 0.00, 0.00, 1.00, 0.00, 0.00, 0.00, 0.00, 0.00, 0.00, 1.00, 0.00, 0.00, 0.00, 0.00, 0.00, 0.00, 0.00, 0.00
91,  0,  3.045,  0.98,  1, 0.13, 0.00, 1.07, 0.45, 0.00, 0.00, 0.00, 0.97, 0.84, 1.53, 0.00, 0.00, 0.00, 0.00, 0.00, 0.01, 0.00, 0.00, 0.00, 1.00, 0.00, 0.00, 0.00, 0.00, 0.00, 0.00, 1.00, 0.00, 0.00, 0.00, 0.00, 0.00, 0.00, 0.00, 0.00
92,  0,  3.079,  0.98,  1, 0.16, 0.00, 1.11, 0.31, 0.01, 0.00, 0.00, 0.97, 0.80, 1.64, 0.00, 0.00, 0.00, 0.00, 0.00, 0.05, 0.00, 0.00, 0.00, 1.00, 0.00, 0.00, 0.00, 0.00, 0.00, 0.00, 1.00, 0.00, 0.00, 0.00, 0.00, 0.00, 0.00, 0.00, 0.00
93,  0,  3.113,  0.98,  1, 0.13, 0.00, 1.08, 0.22, 0.04, 0.00, 0.00, 0.97, 0.78, 1.64, 0.00, 0.00, 0.00, 0.00, 0.00, 0.05, 0.00, 0.00, 0.00, 1.00, 0.00, 0.00, 0.00, 0.00, 0.00, 0.00, 1.00, 0.00, 0.00, 0.00, 0.00, 0.00, 0.00, 0.00, 0.00
94,  0,  3.147,  0.98,  1, 0.09, 0.00, 1.05, 0.26, 0.06, 0.00, 0.00, 0.98, 0.80, 1.54, 0.00, 0.00, 0.00, 0.00, 0.00, 0.03, 0.00, 0.00, 0.00, 1.00, 0.00, 0.00, 0.00, 0.00, 0.00, 0.00, 1.00, 0.00, 0.00, 0.00, 0.00, 0.00, 0.00, 0.00, 0.00
95,  0,  3.180,  0.98,  1, 0.18, 0.00, 1.07, 0.38, 0.04, 0.00, 0.00, 1.02, 0.87, 1.46, 0.00, 0.00, 0.00, 0.00, 0.00, 0.00, 0.00, 0.00, 0.00, 1.00, 0.00, 0.00, 0.00, 0.00, 0.00, 0.00, 1.00, 0.00, 0.00, 0.00, 0.00, 0.00, 0.00, 0.00, 0.00
96,  0,  3.214,  0.98,  1, 0.24, 0.00, 1.10, 0.51, 0.02, 0.00, 0.00, 1.07, 0.88, 1.43, 0.00, 0.00, 0.00, 0.00, 0.00, 0.02, 0.00, 0.00, 0.00, 1.00, 0.00, 0.00, 0.00, 0.00, 0.00, 0.00, 1.00, 0.00, 0.00, 0.00, 0.00, 0.00, 0.00, 0.00, 0.00
97,  0,  3.248,  0.98,  1, 0.28, 0.00, 1.10, 0.71, 0.00, 0.00, 0.00, 1.04, 0.85, 1.51, 0.00, 0.00, 0.00, 0.00, 0.00, 0.02, 0.00, 0.00, 0.00, 1.00, 0.00, 0.00, 0.00, 0.00, 0.00, 0.00, 1.00, 0.00, 0.00, 0.00, 0.00, 0.00, 0.00, 0.00, 0.00
98,  0,  3.282,  0.98,  1, 0.22, 0.00, 1.03, 0.70, 0.00, 0.00, 0.00, 1.01, 0.84, 1.53, 0.00, 0.00, 0.00, 0.00, 0.00, 0.02, 0.00, 0.00, 0.00, 1.00, 0.00, 0.00, 0.00, 0.00, 0.00, 0.00, 1.00, 0.00, 0.00, 0.00, 0.00, 0.00, 0.00, 0.00, 0.00
99,  0,  3.316,  0.98,  1, 0.21, 0.00, 1.00, 0.79, 0.00, 0.00, 0.00, 1.00, 0.84, 1.58, 0.00, 0.00, 0.00, 0.00, 0.00, 0.00, 0.00, 0.00, 0.00, 1.00, 0.00, 0.00, 0.00, 0.00, 0.00, 0.00, 1.00, 0.00, 0.00, 0.00, 0.00, 0.00, 0.00, 0.00, 0.00
100,  0,  3.350,  0.98,  1, 0.15, 0.00, 1.02, 0.80, 0.00, 0.00, 0.00, 1.03, 0.86, 1.43, 0.00, 0.00, 0.00, 0.00, 0.00, 0.00, 0.00, 0.00, 0.00, 1.00, 0.00, 0.00, 0.00, 0.00, 0.00, 0.00, 1.00, 0.00, 0.00, 0.00, 0.00, 0.00, 0.00, 0.00, 0.00
101,  0,  3.383,  0.98,  1, 0.27, 0.00, 1.09, 0.66, 0.01, 0.00, 0.00, 1.02, 0.84, 1.37, 0.00, 0.00, 0.00, 0.00, 0.00, 0.00, 0.33, 0.00, 1.00, 1.00, 0.00, 0.00, 0.00, 0.00, 0.00, 0.00, 1.00, 0.00, 0.00, 0.00, 0.00, 0.00, 0.00, 0.00, 0.00
102,  0,  3.417,  0.98,  1, 0.37, 0.03, 1.13, 0.38, 0.01, 0.00, 0.00, 0.93, 0.78, 1.21, 0.00, 0.00, 0.00, 0.00, 0.00, 0.02, 0.87, 0.00, 1.00, 1.00, 0.00, 0.00, 0.00, 0.00, 0.00, 0.00, 1.00, 0.00, 0.00, 0.00, 0.00, 0.00, 0.00, 0.00, 1.00
103,  0,  3.451,  0.98,  1, 0.42, 0.04, 1.09, 0.06, 0.03, 0.00, 0.00, 0.90, 0.76, 1.31, 0.00, 0.00, 0.00, 0.00, 0.00, 0.02, 1.36, 0.00, 0.00, 1.00, 0.00, 0.00, 0.00, 0.00, 0.00, 0.00, 1.00, 0.00, 0.00, 0.00, 0.00, 0.00, 0.00, 0.00, 1.00
104,  0,  3.485,  0.98,  1, 0.25, 0.04, 1.14, 0.02, 0.03, 0.00, 0.00, 0.93, 0.73, 1.38, 0.00, 0.00, 0.00, 0.00, 0.00, 0.05, 1.37, 0.00, 0.00, 1.00, 0.00, 0.00, 0.00, 0.00, 0.00, 0.00, 1.00, 0.00, 0.00, 0.00, 0.00, 0.00, 0.00, 0.00, 1.00
105,  0,  3.519,  0.98,  1, 0.11, 0.01, 1.18, 0.05, 0.03, 0.00, 0.00, 1.01, 0.79, 1.58, 0.00, 0.00, 0.00, 0.00, 0.00, 0.04, 0.83, 0.00, 0.00, 1.00, 0.00, 0.00, 0.00, 0.00, 0.00, 0.00, 1.00, 0.00, 0.00, 0.00, 0.00, 0.00, 0.00, 0.00, 1.00
106,  0,  3.553,  0.98,  1, 0.04, 0.00, 1.25, 0.17, 0.01, 0.00, 0.00, 1.05, 0.82, 1.56, 0.00, 0.00, 0.00, 0.00, 0.00, 0.04, 0.34, 0.00, 0.00, 1.00, 0.00, 0.00, 0.00, 0.00, 0.00, 0.00, 1.00, 0.00, 0.00, 0.00, 0.00, 0.00, 0.00, 0.00, 1.00
107,  0,  3.586,  0.98,  1, 0.06, 0.00, 1.19, 0.30, 0.00, 0.00, 0.00, 1.04, 0.86, 1.49, 0.00, 0.00, 0.00, 0.00, 0.00, 0.00, 0.00, 0.00, 0.00, 1.00, 0.00, 0.00, 0.00, 0.00, 0.00, 0.00, 1.00, 0.00, 0.00, 0.00, 0.00, 0.00, 0.00, 0.00, 0.00
108,  0,  3.620,  0.98,  1, 0.11, 0.00, 1.14, 0.50, 0.00, 0.00, 0.00, 0.97, 0.82, 1.35, 0.00, 0.00, 0.00, 0.00, 0.00, 0.00, 0.00, 0.00, 0.00, 1.00, 0.00, 0.00, 0.00, 0.00, 0.00, 0.00, 1.00, 0.00, 0.00, 0.00, 0.00, 0.00, 0.00, 0.00, 0.00
109,  0,  3.654,  0.98,  1, 0.09, 0.00, 1.14, 0.58, 0.00, 0.00, 0.00, 0.91, 0.78, 1.29, 0.00, 0.00, 0.00, 0.00, 0.00, 0.00, 0.00, 0.00, 0.00, 1.00, 0.00, 0.00, 0.00, 0.00, 0.00, 0.00, 1.00, 0.00, 0.00, 0.00, 0.00, 0.00, 0.00, 0.00, 0.00
110,  0,  3.688,  0.98,  1, 0.06, 0.00, 1.18, 0.70, 0.00, 0.00, 0.00, 0.93, 0.79, 1.22, 0.00, 0.00, 0.00, 0.00, 0.00, 0.00, 0.00, 0.00, 0.00, 1.00, 0.00, 0.00, 0.00, 0.00, 0.00, 0.00, 1.00, 0.00, 0.00, 0.00, 0.00, 0.00, 0.00, 0.00, 0.00
111,  0,  3.722,  0.98,  1, 0.00, 0.00, 1.18, 0.65, 0.00, 0.00, 0.00, 0.95, 0.84, 1.26, 0.00, 0.00, 0.00, 0.00, 0.00, 0.00, 0.00, 0.00, 0.00, 1.00, 0.00, 0.00, 0.00, 0.00, 0.00, 0.00, 1.00, 0.00, 0.00, 0.00, 0.00, 0.00, 0.00, 0.00, 0.00
112,  0,  3.756,  0.98,  1, 0.04, 0.00, 1.17, 0.64, 0.00, 0.00, 0.00, 0.97, 0.88, 1.34, 0.00, 0.00, 0.00, 0.00, 0.00, 0.00, 0.00, 0.00, 0.00, 1.00, 0.00, 0.00, 0.00, 0.00, 0.00, 0.00, 1.00, 0.00, 0.00, 0.00, 0.00, 0.00, 0.00, 0.00, 0.00
113,  0,  3.789,  0.98,  1, 0.07, 0.00, 1.13, 0.52, 0.00, 0.00, 0.00, 0.95, 0.88, 1.33, 0.00, 0.00, 0.00, 0.00, 0.00, 0.00, 0.00, 0.00, 0.00, 1.00, 0.00, 0.00, 0.00, 0.00, 0.00, 0.00, 1.00, 0.00, 0.00, 0.00, 0.00, 0.00, 0.00, 0.00, 0.00
114,  0,  3.823,  0.98,  1, 0.10, 0.00, 1.12, 0.46, 0.00, 0.00, 0.00, 0.96, 0.89, 1.30, 0.00, 0.00, 0.00, 0.00, 0.00, 0.03, 0.00, 0.00, 0.00, 1.00, 0.00, 0.00, 0.00, 0.00, 0.00, 0.00, 1.00, 0.00, 0.00, 0.00, 0.00, 0.00, 0.00, 0.00, 0.00
115,  0,  3.857,  0.98,  1, 0.06, 0.00, 1.07, 0.44, 0.00, 0.00, 0.00, 0.91, 0.91, 1.21, 0.00, 0.00, 0.00, 0.00, 0.00, 0.03, 0.00, 0.00, 0.00, 1.00, 0.00, 0.00, 0.00, 0.00, 0.00, 0.00, 1.00, 0.00, 0.00, 0.00, 0.00, 0.00, 0.00, 0.00, 0.00
116,  0,  3.891,  0.98,  1, 0.04, 0.00, 1.08, 0.50, 0.00, 0.00, 0.00, 0.87, 0.93, 1.28, 0.00, 0.00, 0.00, 0.00, 0.00, 0.03, 0.00, 0.00, 0.00, 1.00, 0.00, 0.00, 0.00, 0.00, 0.00, 0.00, 1.00, 0.00, 0.00, 0.00, 0.00, 0.00, 0.00, 0.00, 0.00
117,  0,  3.925,  0.98,  1, 0.03, 0.00, 1.09, 0.50, 0.00, 0.00, 0.00, 0.85, 0.91, 1.33, 0.00, 0.00, 0.00, 0.00, 0.00, 0.00, 0.00, 0.00, 0.00, 1.00, 0.00, 0.00, 0.00, 0.00, 0.00, 0.00, 1.00, 0.00, 0.00, 0.00, 0.00, 0.00, 0.00, 0.00, 0.00
118,  0,  3.959,  0.98,  1, 0.03, 0.00, 1.13, 0.47, 0.00, 0.00, 0.00, 0.88, 0.89, 1.41, 0.00, 0.00, 0.00, 0.00, 0.00, 0.00, 0.00, 0.00, 0.00, 1.00, 0.00, 0.00, 0.00, 0.00, 0.00, 0.00, 1.00, 0.00, 0.00, 0.00, 0.00, 0.00, 0.00, 0.00, 0.00
119,  0,  3.992,  0.98,  1, 0.03, 0.00, 1.10, 0.42, 0.00, 0.00, 0.00, 0.88, 0.87, 1.41, 0.00, 0.00, 0.00, 0.00, 0.00, 0.00, 0.00, 0.00, 0.00, 1.00, 0.00, 0.00, 0.00, 0.00, 0.00, 0.00, 1.00, 0.00, 0.00, 0.00, 0.00, 0.00, 0.00, 0.00, 0.00
120,  0,  4.026,  0.98,  1, 0.00, 0.00, 1.08, 0.52, 0.00, 0.00, 0.00, 0.94, 0.86, 1.39, 0.00, 0.00, 0.00, 0.00, 0.00, 0.00, 0.00, 0.00, 0.00, 1.00, 0.00, 0.00, 0.00, 0.00, 0.00, 0.00, 1.00, 0.00, 0.00, 0.00, 0.00, 0.00, 0.00, 0.00, 0.00
121,  0,  4.060,  0.98,  1, 0.00, 0.00, 1.11, 0.67, 0.00, 0.00, 0.00, 0.97, 0.85, 1.39, 0.00, 0.00, 0.00, 0.00, 0.00, 0.00, 0.00, 0.00, 0.00, 1.00, 0.00, 0.00, 0.00, 0.00, 0.00, 0.00, 1.00, 0.00, 0.00, 0.00, 0.00, 0.00, 0.00, 0.00, 0.00
122,  0,  4.094,  0.98,  1, 0.00, 0.00, 1.12, 0.79, 0.00, 0.00, 0.00, 1.04, 0.85, 1.38, 0.00, 0.00, 0.00, 0.00, 0.00, 0.00, 0.00, 0.00, 0.00, 1.00, 0.00, 0.00, 0.00, 0.00, 0.00, 0.00, 1.00, 0.00, 0.00, 0.00, 0.00, 0.00, 0.00, 0.00, 0.00
123,  0,  4.128,  0.98,  1, 0.00, 0.00, 1.16, 0.75, 0.00, 0.00, 0.00, 1.08, 0.84, 1.27, 0.00, 0.00, 0.00, 0.00, 0.00, 0.00, 0.00, 0.00, 0.00, 1.00, 0.00, 0.00, 0.00, 0.00, 0.00, 0.00, 1.00, 0.00, 0.00, 0.00, 0.00, 0.00, 0.00, 0.00, 0.00
124,  0,  4.162,  0.98,  1, 0.00, 0.00, 1.13, 0.71, 0.01, 0.00, 0.00, 1.04, 0.83, 1.27, 0.00, 0.00, 0.00, 0.00, 0.00, 0.00, 0.00, 0.00, 0.00, 1.00, 0.00, 0.00, 0.00, 0.00, 0.00, 0.00, 1.00, 0.00, 0.00, 0.00, 0.00, 0.00, 0.00, 0.00, 0.00
125,  0,  4.195,  0.98,  1, 0.00, 0.00, 1.18, 0.59, 0.01, 0.00, 0.00, 1.05, 0.83, 1.30, 0.00, 0.00, 0.00, 0.00, 0.00, 0.00, 0.00, 0.00, 0.00, 1.00, 0.00, 0.00, 0.00, 0.00, 0.00, 0.00, 1.00, 0.00, 0.00, 0.00, 0.00, 0.00, 0.00, 0.00, 0.00
126,  0,  4.229,  0.98,  1, 0.04, 0.00, 1.24, 0.52, 0.01, 0.00, 0.00, 1.02, 0.83, 1.32, 0.00, 0.00, 0.00, 0.00, 0.00, 0.00, 0.00, 0.00, 0.00, 1.00, 0.00, 0.00, 0.00, 0.00, 0.00, 0.00, 1.00, 0.00, 0.00, 0.00, 0.00, 0.00, 0.00, 0.00, 0.00
127,  0,  4.263,  0.98,  1, 0.04, 0.00, 1.22, 0.43, 0.00, 0.00, 0.00, 1.06, 0.88, 1.21, 0.00, 0.00, 0.00, 0.00, 0.00, 0.00, 0.00, 0.00, 0.00, 1.00, 0.00, 0.00, 0.00, 0.00, 0.00, 0.00, 1.00, 0.00, 0.00, 0.00, 0.00, 0.00, 0.00, 0.00, 0.00
128,  0,  4.297,  0.98,  1, 0.04, 0.00, 1.14, 0.49, 0.00, 0.00, 0.00, 1.04, 0.89, 1.12, 0.00, 0.00, 0.00, 0.00, 0.00, 0.00, 0.00, 0.00, 0.00, 1.00, 0.00, 0.00, 0.00, 0.00, 0.00, 0.00, 1.00, 0.00, 0.00, 0.00, 0.00, 0.00, 0.00, 0.00, 0.00
129,  0,  4.331,  0.98,  1, 0.00, 0.00, 1.05, 0.51, 0.00, 0.00, 0.00, 1.01, 0.91, 1.15, 0.00, 0.00, 0.00, 0.00, 0.00, 0.00, 0.00, 0.00, 0.00, 1.00, 0.00, 0.00, 0.00, 0.00, 0.00, 0.00, 1.00, 0.00, 0.00, 0.00, 0.00, 0.00, 0.00, 0.00, 0.00
130,  0,  4.365,  0.98,  1, 0.00, 0.00, 1.02, 0.59, 0.00, 0.00, 0.00, 1.01, 0.88, 1.25, 0.00, 0.00, 0.00, 0.00, 0.00, 0.00, 0.00, 0.00, 0.00, 1.00, 0.00, 0.00, 0.00, 0.00, 0.00, 0.00, 1.00, 0.00, 0.00, 0.00, 0.00, 0.00, 0.00, 0.00, 0.00
131,  0,  4.399,  0.98,  1, 0.00, 0.00, 1.01, 0.63, 0.00, 0.00, 0.00, 0.98, 0.86, 1.36, 0.00, 0.00, 0.00, 0.00, 0.00, 0.00, 0.00, 0.00, 0.00, 1.00, 0.00, 0.00, 0.00, 0.00, 0.00, 0.00, 1.00, 0.00, 0.00, 0.00, 0.00, 0.00, 0.00, 0.00, 0.00
132,  0,  4.432,  0.98,  1, 0.00, 0.00, 0.97, 0.68, 0.00, 0.00, 0.00, 1.01, 0.86, 1.33, 0.00, 0.00, 0.00, 0.00, 0.00, 0.02, 0.00, 0.00, 0.00, 1.00, 0.00, 0.00, 0.00, 0.00, 0.00, 0.00, 1.00, 0.00, 0.00, 0.00, 0.00, 0.00, 0.00, 0.00, 0.00
133,  0,  4.466,  0.98,  1, 0.00, 0.00, 0.94, 0.58, 0.00, 0.00, 0.00, 1.02, 0.89, 1.31, 0.00, 0.00, 0.00, 0.00, 0.03, 0.08, 0.00, 0.00, 0.00, 1.00, 0.00, 0.00, 0.00, 0.00, 0.00, 0.00, 1.00, 0.00, 0.00, 0.00, 0.00, 0.00, 0.00, 0.00, 0.00
134,  0,  4.500,  0.98,  1, 0.03, 0.00, 0.94, 0.41, 0.00, 0.00, 0.00, 1.12, 0.91, 1.25, 0.00, 0.00, 0.00, 0.00, 0.03, 0.08, 0.00, 0.00, 0.00, 1.00, 0.00, 0.00, 0.00, 0.00, 0.00, 0.00, 1.00, 0.00, 0.00, 0.00, 0.00, 0.00, 0.00, 0.00, 0.00
135,  0,  4.534,  0.98,  1, 0.03, 0.00, 0.96, 0.40, 0.00, 0.00, 0.00, 1.15, 0.93, 1.26, 0.00, 0.00, 0.00, 0.00, 0.03, 0.06, 0.00, 0.00, 0.00, 1.00, 0.00, 0.00, 0.00, 0.00, 0.00, 0.00, 1.00, 0.00, 0.00, 0.00, 0.00, 0.00, 0.00, 0.00, 0.00
136,  0,  4.568,  0.98,  1, 0.03, 0.00, 0.99, 0.33, 0.00, 0.00, 0.00, 1.16, 0.92, 1.31, 0.00, 0.00, 0.00, 0.00, 0.00, 0.00, 0.00, 0.00, 0.00, 1.00, 0.00, 0.00, 0.00, 0.00, 0.00, 0.00, 1.00, 0.00, 0.00, 0.00, 0.00, 0.00, 0.00, 0.00, 0.00
137,  0,  4.602,  0.98,  1, 0.00, 0.00, 0.97, 0.35, 0.00, 0.00, 0.00, 1.09, 0.93, 1.37, 0.00, 0.00, 0.00, 0.00, 0.00, 0.00, 0.00, 0.00, 0.00, 1.00, 0.00, 0.00, 0.00, 0.00, 0.00, 0.00, 1.00, 0.00, 0.00, 0.00, 0.00, 0.00, 0.00, 0.00, 0.00
138,  0,  4.635,  0.98,  1, 0.00, 0.00, 0.98, 0.25, 0.00, 0.00, 0.00, 1.04, 0.93, 1.49, 0.00, 0.00, 0.00, 0.00, 0.00, 0.00, 0.00, 0.00, 0.00, 1.00, 0.00, 0.00, 0.00, 0.00, 0.00, 0.00, 1.00, 0.00, 0.00, 0.00, 0.00, 0.00, 0.00, 0.00, 0.00
139,  0,  4.669,  0.98,  1, 0.00, 0.00, 0.99, 0.17, 0.00, 0.00, 0.00, 1.04, 0.93, 1.51, 0.00, 0.00, 0.00, 0.00, 0.00, 0.02, 0.00, 0.00, 0.00, 1.00, 0.00, 0.00, 0.00, 0.00, 0.00, 0.00, 1.00, 0.00, 0.00, 0.00, 0.00, 0.00, 0.00, 0.00, 0.00
140,  0,  4.703,  0.98,  1, 0.00, 0.00, 1.05, 0.20, 0.00, 0.00, 0.00, 1.03, 0.92, 1.52, 0.00, 0.00, 0.00, 0.00, 0.00, 0.02, 0.01, 0.00, 0.00, 1.00, 0.00, 0.00, 0.00, 0.00, 0.00, 0.00, 1.00, 0.00, 0.00, 0.00, 0.00, 0.00, 0.00, 0.00, 0.00
141,  0,  4.737,  0.98,  1, 0.00, 0.00, 1.08, 0.21, 0.00, 0.00, 0.00, 1.02, 0.91, 1.57, 0.00, 0.00, 0.00, 0.00, 0.00, 0.02, 0.04, 0.00, 0.00, 1.00, 0.00, 0.00, 0.00, 0.00, 0.00, 0.00, 1.00, 0.00, 0.00, 0.00, 0.00, 0.00, 0.00, 0.00, 0.00
142,  0,  4.771,  0.98,  1, 0.00, 0.00, 1.07, 0.27, 0.00, 0.00, 0.00, 1.00, 0.91, 1.59, 0.00, 0.00, 0.00, 0.00, 0.00, 0.00, 0.04, 0.00, 0.00, 1.00, 0.00, 0.00, 0.00, 0.00, 0.00, 0.00, 1.00, 0.00, 0.00, 0.00, 0.00, 0.00, 0.00, 0.00, 0.00
143,  0,  4.805,  0.98,  1, 0.00, 0.00, 1.07, 0.31, 0.00, 0.00, 0.00, 0.99, 0.90, 1.59, 0.00, 0.00, 0.00, 0.00, 0.00, 0.00, 0.09, 0.00, 0.00, 1.00, 0.00, 0.00, 0.00, 0.00, 0.00, 0.00, 1.00, 0.00, 0.00, 0.00, 0.00, 0.00, 0.00, 0.00, 0.00
144,  0,  4.838,  0.98,  1, 0.00, 0.00, 1.11, 0.21, 0.00, 0.00, 0.00, 0.97, 0.88, 1.51, 0.00, 0.00, 0.00, 0.00, 0.02, 0.00, 0.13, 0.00, 0.00, 1.00, 0.00, 0.00, 0.00, 0.00, 0.00, 0.00, 1.00, 0.00, 0.00, 0.00, 0.00, 0.00, 0.00, 0.00, 0.00
145,  0,  4.872,  0.98,  1, 0.00, 0.00, 1.17, 0.24, 0.00, 0.00, 0.00, 0.90, 0.83, 1.51, 0.00, 0.00, 0.00, 0.00, 0.02, 0.00, 0.13, 0.00, 0.00, 1.00, 0.00, 0.00, 0.00, 0.00, 0.00, 0.00, 1.00, 0.00, 0.00, 0.00, 0.00, 0.00, 0.00, 0.00, 0.00
146,  0,  4.906,  0.98,  1, 0.02, 0.02, 1.24, 0.09, 0.00, 0.00, 0.00, 0.85, 0.81, 1.53, 0.00, 0.00, 0.00, 0.00, 0.04, 0.00, 0.13, 0.00, 0.00, 1.00, 0.00, 0.00, 0.00, 0.00, 0.00, 0.00, 1.00, 0.00, 0.00, 0.00, 0.00, 0.00, 0.00, 0.00, 0.00
147,  0,  4.940,  0.98,  1, 0.02, 0.02, 1.30, 0.10, 0.00, 0.00, 0.00, 0.83, 0.82, 1.61, 0.00, 0.00, 0.00, 0.00, 0.02, 0.00, 0.17, 0.00, 0.00, 1.00, 0.00, 0.00, 0.00, 0.00, 0.00, 0.00, 1.00, 0.00, 0.00, 0.00, 0.00, 0.00, 0.00, 0.00, 0.00
148,  0,  4.974,  0.98,  1, 0.03, 0.02, 1.43, 0.09, 0.00, 0.00, 0.00, 0.83, 0.86, 1.63, 0.00, 0.00, 0.00, 0.00, 0.03, 0.00, 0.31, 0.00, 0.00, 1.00, 0.00, 0.00, 0.00, 0.00, 0.00, 0.00, 1.00, 0.00, 0.00, 0.00, 0.00, 0.00, 0.00, 0.00, 0.00
149,  0,  5.008,  0.98,  1, 0.00, 0.00, 1.49, 0.22, 0.00, 0.00, 0.00, 0.84, 0.85, 1.60, 0.00, 0.00, 0.00, 0.00, 0.07, 0.00, 0.43, 0.00, 0.00, 1.00, 0.00, 0.00, 0.00, 0.00, 0.00, 0.00, 1.00, 0.00, 0.00, 0.00, 0.00, 0.00, 0.00, 0.00, 0.00
150,  0,  5.041,  0.98,  1, 0.00, 0.00, 1.50, 0.34, 0.00, 0.00, 0.00, 0.85, 0.85, 1.50, 0.00, 0.00, 0.00, 0.00, 0.06, 0.00, 0.43, 0.00, 0.00, 1.00, 0.00, 0.00, 0.00, 0.00, 0.00, 0.00, 1.00, 0.00, 0.00, 0.00, 0.00, 0.00, 0.00, 0.00, 0.00
151,  0,  5.075,  0.98,  1, 0.00, 0.00, 1.44, 0.30, 0.00, 0.00, 0.00, 0.90, 0.87, 1.49, 0.00, 0.00, 0.00, 0.00, 0.05, 0.00, 0.33, 0.00, 0.00, 1.00, 0.00, 0.00, 0.00, 0.00, 0.00, 0.00, 1.00, 0.00, 0.00, 0.00, 0.00, 0.00, 0.00, 0.00, 0.00
152,  0,  5.109,  0.98,  1, 0.00, 0.00, 1.39, 0.26, 0.00, 0.00, 0.00, 0.88, 0.87, 1.51, 0.00, 0.00, 0.00, 0.00, 0.00, 0.00, 0.34, 0.00, 0.00, 1.00, 0.00, 0.00, 0.00, 0.00, 0.00, 0.00, 1.00, 0.00, 0.00, 0.00, 0.00, 0.00, 0.00, 0.00, 0.00
153,  0,  5.143,  0.98,  1, 0.03, 0.00, 1.38, 0.13, 0.00, 0.00, 0.01, 0.91, 0.87, 1.52, 0.00, 0.00, 0.00, 0.00, 0.00, 0.00, 0.33, 0.00, 0.00, 1.00, 0.00, 0.00, 0.00, 0.00, 0.00, 0.00, 1.00, 0.00, 0.00, 0.00, 0.00, 0.00, 0.00, 0.00, 0.00
154,  0,  5.177,  0.98,  1, 0.03, 0.00, 1.31, 0.09, 0.00, 0.00, 0.01, 0.95, 0.83, 1.52, 0.00, 0.00, 0.00, 0.00, 0.00, 0.00, 0.39, 0.00, 0.00, 0.00, 0.00, 0.00, 0.00, 0.00, 0.00, 0.00, 1.00, 0.00, 0.00, 0.00, 0.00, 0.00, 0.00, 0.00, 0.00
155,  0,  5.211,  0.98,  1, 0.05, 0.00, 1.27, 0.00, 0.00, 0.00, 0.02, 1.06, 0.83, 1.47, 0.00, 0.00, 0.00, 0.00, 0.05, 0.00, 0.22, 0.00, 0.00, 0.00, 0.00, 0.00, 0.00, 0.00, 0.00, 0.00, 1.00, 0.00, 0.00, 0.00, 0.00, 0.00, 0.00, 0.00, 0.00
156,  0,  5.244,  0.98,  1, 0.02, 0.00, 1.17, 0.00, 0.00, 0.00, 0.02, 1.03, 0.80, 1.47, 0.00, 0.00, 0.00, 0.00, 0.05, 0.00, 0.18, 0.00, 0.00, 0.00, 0.00, 0.00, 0.00, 0.00, 0.00, 0.00, 1.00, 0.00, 0.00, 0.00, 0.00, 0.00, 0.00, 0.00, 0.00
157,  0,  5.278,  0.98,  1, 0.04, 0.00, 1.20, 0.00, 0.00, 0.00, 0.02, 0.92, 0.76, 1.24, 0.00, 0.00, 0.00, 0.00, 0.06, 0.00, 0.08, 0.00, 0.00, 0.00, 0.00, 0.00, 0.00, 0.00, 0.00, 0.00, 1.00, 0.00, 0.00, 0.00, 0.00, 0.00, 0.00, 0.00, 0.00
158,  0,  5.312,  0.98,  1, 0.10, 0.00, 1.20, 0.00, 0.00, 0.00, 0.00, 0.84, 0.69, 1.16, 0.00, 0.10, 0.00, 0.00, 0.02, 0.05, 0.15, 0.00, 0.00, 1.00, 0.00, 0.00, 0.00, 0.00, 0.00, 0.00, 1.00, 0.00, 0.00, 0.00, 0.00, 0.00, 0.00, 0.00, 0.00
159,  0,  5.346,  0.98,  1, 0.17, 0.02, 1.26, 0.04, 0.00, 0.00, 0.00, 0.84, 0.66, 1.13, 0.00, 0.10, 0.00, 0.00, 0.12, 0.09, 0.18, 0.00, 0.00, 1.00, 0.00, 0.00, 0.00, 0.00, 0.00, 0.00, 1.00, 0.00, 0.00, 0.00, 0.00, 0.00, 0.00, 0.00, 0.00
160,  0,  5.380,  0.98,  1, 0.22, 0.17, 1.25, 0.04, 0.00, 0.00, 0.00, 0.86, 0.62, 1.17, 0.06, 0.10, 0.00, 0.00, 0.13, 0.09, 0.30, 0.00, 0.00, 1.00, 0.00, 0.00, 0.00, 0.00, 0.00, 0.00, 1.00, 0.00, 0.00, 0.00, 0.00, 0.00, 0.00, 0.00, 0.00
161,  0,  5.414,  0.98,  1, 0.18, 0.17, 1.25, 0.06, 0.00, 0.00, 0.00, 0.86, 0.63, 1.21, 0.06, 0.00, 0.00, 0.00, 0.19, 0.05, 0.23, 0.00, 0.00, 1.00, 0.00, 0.00, 0.00, 0.00, 0.00, 0.00, 1.00, 0.00, 0.00, 0.00, 0.00, 0.00, 0.00, 0.00, 0.00
162,  0,  5.447,  0.98,  1, 0.18, 0.16, 1.23, 0.08, 0.00, 0.00, 0.00, 0.83, 0.64, 1.20, 0.06, 0.00, 0.00, 0.00, 0.09, 0.00, 0.12, 0.00, 0.00, 1.00, 0.00, 0.00, 0.00, 0.00, 0.00, 0.00, 1.00, 0.00, 0.00, 0.00, 0.00, 0.00, 0.00, 0.00, 0.00
163,  0,  5.481,  0.98,  1, 0.19, 0.00, 1.24, 0.10, 0.00, 0.00, 0.00, 0.76, 0.65, 1.29, 0.00, 0.00, 0.00, 0.00, 0.07, 0.00, 0.00, 0.00, 0.00, 1.00, 0.00, 0.00, 0.00, 0.00, 0.00, 0.00, 1.00, 0.00, 0.00, 0.00, 0.00, 0.00, 0.00, 0.00, 0.00
164,  0,  5.515,  0.98,  1, 0.26, 0.00, 1.24, 0.09, 0.00, 0.00, 0.00, 0.70, 0.66, 1.29, 0.00, 0.00, 0.00, 0.00, 0.01, 0.00, 0.00, 0.00, 0.00, 1.00, 0.00, 0.00, 0.00, 0.00, 0.00, 0.00, 1.00, 0.00, 0.00, 0.00, 0.00, 0.00, 0.00, 0.00, 0.00
165,  0,  5.549,  0.98,  1, 0.29, 0.02, 1.30, 0.03, 0.00, 0.00, 0.00, 0.71, 0.64, 1.35, 0.00, 0.00, 0.00, 0.00, 0.01, 0.00, 0.00, 0.00, 0.00, 1.00, 0.00, 0.00, 0.00, 0.00, 0.00, 0.00, 1.00, 0.00, 0.00, 0.00, 0.00, 0.00, 0.00, 0.00, 0.00
166,  0,  5.583,  0.98,  1, 0.30, 0.02, 1.27, 0.00, 0.00, 0.00, 0.00, 0.78, 0.68, 1.41, 0.00, 0.00, 0.00, 0.00, 0.00, 0.00, 0.00, 0.00, 0.00, 1.00, 0.00, 0.00, 0.00, 0.00, 0.00, 0.00, 1.00, 0.00, 0.00, 0.00, 0.00, 0.00, 0.00, 0.00, 0.00
167,  0,  5.617,  0.98,  1, 0.31, 0.02, 1.22, 0.00, 0.00, 0.00, 0.00, 0.82, 0.69, 1.40, 0.00, 0.00, 0.00, 0.00, 0.00, 0.00, 0.00, 0.00, 0.00, 1.00, 0.00, 0.00, 0.00, 0.00, 0.00, 0.00, 1.00, 0.00, 0.00, 0.00, 0.00, 0.00, 0.00, 0.00, 0.00
168,  0,  5.650,  0.98,  1, 0.30, 0.00, 1.14, 0.00, 0.00, 0.00, 0.00, 0.83, 0.71, 1.26, 0.00, 0.00, 0.00, 0.00, 0.00, 0.00, 0.00, 0.00, 0.00, 1.00, 0.00, 0.00, 0.00, 0.00, 0.00, 0.00, 1.00, 0.00, 0.00, 0.00, 0.00, 0.00, 0.00, 0.00, 0.00
169,  0,  5.684,  0.98,  1, 0.29, 0.00, 1.13, 0.00, 0.00, 0.00, 0.00, 0.86, 0.72, 1.22, 0.00, 0.00, 0.00, 0.00, 0.00, 0.00, 0.04, 0.00, 0.00, 1.00, 0.00, 0.00, 0.00, 0.00, 0.00, 0.00, 1.00, 0.00, 0.00, 0.00, 0.00, 0.00, 0.00, 0.00, 0.00
170,  0,  5.718,  0.98,  1, 0.26, 0.00, 1.18, 0.00, 0.00, 0.00, 0.00, 0.91, 0.74, 1.18, 0.00, 0.00, 0.00, 0.00, 0.00, 0.00, 0.04, 0.00, 0.00, 1.00, 0.00, 0.00, 0.00, 0.00, 0.00, 0.00, 1.00, 0.00, 0.00, 0.00, 0.00, 0.00, 0.00, 0.00, 0.00
171,  0,  5.752,  0.98,  1, 0.23, 0.00, 1.27, 0.00, 0.00, 0.00, 0.00, 0.95, 0.73, 1.25, 0.00, 0.01, 0.00, 0.00, 0.00, 0.00, 0.04, 0.00, 0.00, 1.00, 0.00, 0.00, 0.00, 0.00, 0.00, 0.00, 1.00, 0.00, 0.00, 0.00, 0.00, 0.00, 0.00, 0.00, 0.00
172,  0,  5.786,  0.98,  1, 0.25, 0.02, 1.31, 0.00, 0.00, 0.00, 0.00, 0.99, 0.75, 1.17, 0.00, 0.01, 0.00, 0.00, 0.00, 0.00, 0.00, 0.00, 0.00, 1.00, 0.00, 0.00, 0.00, 0.00, 0.00, 0.00, 1.00, 0.00, 0.00, 0.00, 0.00, 0.00, 0.00, 0.00, 0.00
173,  0,  5.820,  0.98,  1, 0.27, 0.02, 1.35, 0.00, 0.00, 0.00, 0.00, 0.99, 0.72, 1.14, 0.00, 0.01, 0.00, 0.00, 0.00, 0.00, 0.00, 0.00, 0.00, 1.00, 0.00, 0.00, 0.00, 0.00, 0.00, 0.00, 1.00, 0.00, 0.00, 0.00, 0.00, 0.00, 0.00, 0.00, 0.00
174,  0,  5.853,  0.98,  1, 0.28, 0.04, 1.31, 0.00, 0.00, 0.00, 0.00, 0.97, 0.72, 1.12, 0.00, 0.00, 0.00, 0.00, 0.00, 0.00, 0.00, 0.00, 0.00, 1.00, 0.00, 0.00, 0.00, 0.00, 0.00, 0.00, 1.00, 0.00, 0.00, 0.00, 0.00, 0.00, 0.00, 0.00, 0.00
175,  0,  5.887,  0.98,  1, 0.21, 0.04, 1.34, 0.00, 0.00, 0.00, 0.00, 0.88, 0.69, 1.17, 0.04, 0.02, 0.00, 0.00, 0.00, 0.00, 0.00, 0.00, 0.00, 1.00, 0.00, 0.00, 0.00, 0.00, 0.00, 0.00, 1.00, 0.00, 0.00, 0.00, 0.00, 0.00, 0.00, 0.00, 0.00
176,  0,  5.921,  0.98,  1, 0.16, 0.04, 1.29, 0.00, 0.00, 0.00, 0.00, 0.83, 0.70, 1.25, 0.04, 0.02, 0.00, 0.00, 0.06, 0.00, 0.00, 0.00, 0.00, 1.00, 0.00, 0.00, 0.00, 0.00, 0.00, 0.00, 1.00, 0.00, 0.00, 0.00, 0.00, 0.00, 0.00, 0.00, 0.00
177,  0,  5.955,  0.98,  1, 0.13, 0.01, 1.31, 0.00, 0.00, 0.00, 0.00, 0.80, 0.71, 1.29, 0.04, 0.02, 0.00, 0.00, 0.06, 0.00, 0.00, 0.00, 0.00, 1.00, 0.00, 0.00, 0.00, 0.00, 0.00, 0.00, 1.00, 0.00, 0.00, 0.00, 0.00, 0.00, 0.00, 0.00, 0.00
178,  0,  5.989,  0.98,  1, 0.16, 0.00, 1.29, 0.00, 0.00, 0.00, 0.00, 0.78, 0.75, 1.37, 0.00, 0.00, 0.00, 0.00, 0.06, 0.00, 0.00, 0.00, 0.00, 1.00, 0.00, 0.00, 0.00, 0.00, 0.00, 0.00, 1.00, 0.00, 0.00, 0.00, 0.00, 0.00, 0.00, 0.00, 0.00
179,  0,  6.023,  0.98,  1, 0.13, 0.00, 1.28, 0.00, 0.00, 0.00, 0.00, 0.79, 0.77, 1.36, 0.00, 0.00, 0.00, 0.00, 0.00, 0.00, 0.00, 0.00, 0.00, 1.00, 0.00, 0.00, 0.00, 0.00, 0.00, 0.00, 1.00, 0.00, 0.00, 0.00, 0.00, 0.00, 0.00, 0.00, 0.00
180,  0,  6.056,  0.98,  1, 0.20, 0.07, 1.19, 0.03, 0.00, 0.00, 0.00, 0.81, 0.77, 1.35, 0.00, 0.03, 0.00, 0.00, 0.00, 0.00, 0.01, 0.00, 0.00, 1.00, 0.00, 0.00, 0.00, 0.00, 0.00, 0.00, 1.00, 0.00, 0.00, 0.00, 0.00, 0.00, 0.00, 0.00, 0.00
181,  0,  6.090,  0.98,  1, 0.19, 0.07, 1.18, 0.03, 0.00, 0.00, 0.00, 0.85, 0.72, 1.27, 0.05, 0.03, 0.00, 0.00, 0.00, 0.00, 0.02, 0.00, 0.00, 1.00, 0.00, 0.00, 0.00, 0.00, 0.00, 0.00, 1.00, 0.00, 0.00, 0.00, 0.00, 0.00, 0.00, 0.00, 0.00
182,  0,  6.124,  0.98,  1, 0.25, 0.07, 1.20, 0.03, 0.00, 0.00, 0.00, 0.85, 0.67, 1.20, 0.05, 0.03, 0.00, 0.00, 0.00, 0.00, 0.12, 0.00, 0.00, 1.00, 0.00, 0.00, 0.00, 0.00, 0.00, 0.00, 1.00, 0.00, 0.00, 0.00, 0.00, 0.00, 0.00, 0.00, 0.00
183,  0,  6.158,  0.98,  1, 0.21, 0.00, 1.22, 0.00, 0.00, 0.00, 0.00, 0.84, 0.64, 1.09, 0.05, 0.00, 0.00, 0.00, 0.00, 0.00, 0.11, 0.00, 0.00, 1.00, 0.00, 0.00, 0.00, 0.00, 0.00, 0.00, 1.00, 0.00, 0.00, 0.00, 0.00, 0.00, 0.00, 0.00, 0.00
184,  0,  6.192,  0.98,  1, 0.22, 0.00, 1.23, 0.08, 0.00, 0.00, 0.00, 0.88, 0.64, 0.91, 0.02, 0.00, 0.00, 0.00, 0.00, 0.00, 0.10, 0.00, 0.00, 1.00, 0.00, 0.00, 0.00, 0.00, 0.00, 0.00, 1.00, 0.00, 0.00, 0.00, 0.00, 0.00, 0.00, 0.00, 0.00
185,  0,  6.226,  0.98,  1, 0.19, 0.00, 1.11, 0.08, 0.00, 0.00, 0.00, 0.85, 0.66, 0.93, 0.02, 0.00, 0.00, 0.00, 0.00, 0.01, 0.00, 0.00, 0.00, 1.00, 0.00, 0.00, 0.00, 0.00, 0.00, 0.00, 1.00, 0.00, 0.00, 0.00, 0.00, 0.00, 0.00, 0.00, 0.00
186,  0,  6.259,  0.98,  1, 0.16, 0.00, 1.10, 0.08, 0.00, 0.00, 0.00, 0.89, 0.67, 0.99, 0.02, 0.00, 0.00, 0.00, 0.00, 0.01, 0.00, 0.00, 0.00, 1.00, 0.00, 0.00, 0.00, 0.00, 0.00, 0.00, 1.00, 0.00, 0.00, 0.00, 0.00, 0.00, 0.00, 0.00, 0.00
187,  0,  6.293,  0.98,  1, 0.16, 0.02, 1.06, 0.02, 0.00, 0.00, 0.00, 0.89, 0.70, 1.10, 0.00, 0.00, 0.00, 0.00, 0.00, 0.01, 0.00, 0.00, 0.00, 1.00, 0.00, 0.00, 0.00, 0.00, 0.00, 0.00, 1.00, 0.00, 0.00, 0.00, 0.00, 0.00, 0.00, 0.00, 0.00
188,  0,  6.327,  0.98,  1, 0.20, 0.02, 1.15, 0.02, 0.00, 0.00, 0.00, 0.93, 0.70, 1.06, 0.00, 0.08, 0.00, 0.00, 0.00, 0.00, 0.00, 0.00, 0.00, 1.00, 0.00, 0.00, 0.00, 0.00, 0.00, 0.00, 1.00, 0.00, 0.00, 0.00, 0.00, 0.00, 0.00, 0.00, 0.00
189,  0,  6.361,  0.98,  1, 0.23, 0.02, 1.20, 0.02, 0.00, 0.00, 0.00, 0.96, 0.73, 0.99, 0.00, 0.08, 0.00, 0.00, 0.00, 0.00, 0.00, 0.00, 0.00, 1.00, 0.00, 0.00, 0.00, 0.00, 0.00, 0.00, 1.00, 0.00, 0.00, 0.00, 0.00, 0.00, 0.00, 0.00, 0.00
190,  0,  6.395,  0.98,  1, 0.22, 0.00, 1.21, 0.00, 0.00, 0.00, 0.00, 0.93, 0.74, 1.07, 0.05, 0.14, 0.00, 0.00, 0.04, 0.00, 0.00, 0.00, 0.00, 1.00, 0.00, 0.00, 0.00, 0.00, 0.00, 0.00, 1.00, 0.00, 0.00, 0.00, 0.00, 0.00, 0.00, 0.00, 0.00
191,  0,  6.429,  0.98,  1, 0.14, 0.00, 1.17, 0.00, 0.00, 0.00, 0.00, 0.95, 0.72, 1.14, 0.05, 0.06, 0.00, 0.00, 0.04, 0.00, 0.00, 0.00, 0.00, 1.00, 0.00, 0.00, 0.00, 0.00, 0.00, 0.00, 1.00, 0.00, 0.00, 0.00, 0.00, 0.00, 0.00, 0.00, 0.00
192,  0,  6.462,  0.98,  1, 0.07, 0.00, 1.14, 0.02, 0.00, 0.00, 0.00, 0.96, 0.68, 1.17, 0.05, 0.06, 0.00, 0.00, 0.11, 0.00, 0.00, 0.00, 0.00, 1.00, 0.00, 0.00, 0.00, 0.00, 0.00, 0.00, 1.00, 0.00, 0.00, 0.00, 0.00, 0.00, 0.00, 0.00, 0.00
193,  0,  6.496,  0.98,  1, 0.00, 0.00, 1.10, 0.02, 0.00, 0.00, 0.00, 1.00, 0.69, 1.17, 0.00, 0.00, 0.04, 0.00, 0.08, 0.00, 0.02, 0.00, 0.00, 1.00, 0.00, 0.00, 0.00, 0.00, 0.00, 0.00, 1.00, 0.00, 0.00, 0.00, 0.00, 0.00, 0.00, 0.00, 0.00
194,  0,  6.530,  0.98,  1, 0.00, 0.00, 1.08, 0.02, 0.00, 0.00, 0.00, 1.00, 0.79, 1.17, 0.00, 0.00, 0.04, 0.00, 0.16, 0.00, 0.11, 0.00, 0.00, 1.00, 0.00, 0.00, 0.00, 0.00, 0.00, 0.00, 1.00, 0.00, 0.00, 0.00, 0.00, 0.00, 0.00, 0.00, 0.00
195,  0,  6.564,  0.98,  1, 0.00, 0.00, 1.05, 0.00, 0.00, 0.00, 0.00, 0.85, 0.86, 1.13, 0.00, 0.00, 0.04, 0.01, 0.16, 0.00, 0.16, 0.00, 0.00, 1.00, 0.00, 0.00, 0.00, 0.00, 0.00, 0.00, 1.00, 0.00, 0.00, 0.00, 0.00, 0.00, 0.00, 0.00, 0.00
196,  0,  6.598,  0.98,  1, 0.03, 0.00, 1.09, 0.00, 0.00, 0.00, 0.00, 0.87, 0.91, 1.15, 0.00, 0.00, 0.00, 0.01, 0.16, 0.00, 0.20, 0.00, 0.00, 1.00, 0.00, 0.00, 0.00, 0.00, 0.00, 0.00, 1.00, 0.00, 0.00, 0.00, 0.00, 0.00, 0.00, 0.00, 0.00
197,  0,  6.632,  0.98,  1, 0.06, 0.00, 1.04, 0.00, 0.00, 0.00, 0.00, 0.87, 0.88, 1.06, 0.00, 0.00, 0.00, 0.01, 0.13, 0.00, 0.13, 0.00, 0.00, 1.00, 0.00, 0.00, 0.00, 0.00, 0.00, 0.00, 1.00, 0.00, 0.00, 0.00, 0.00, 0.00, 0.00, 0.00, 0.00
198,  0,  6.665,  0.98,  1, 0.12, 0.00, 1.02, 0.00, 0.00, 0.00, 0.00, 0.97, 0.83, 1.19, 0.00, 0.00, 0.00, 0.00, 0.05, 0.01, 0.14, 0.00, 0.00, 1.00, 0.00, 0.00, 0.00, 0.00, 0.00, 0.00, 1.00, 0.00, 0.00, 0.00, 0.00, 0.00, 0.00, 0.00, 0.00
199,  0,  6.699,  0.98,  1, 0.14, 0.01, 1.05, 0.00, 0.00, 0.00, 0.00, 0.97, 0.84, 1.27, 0.00, 0.00, 0.00, 0.00, 0.05, 0.02, 0.15, 0.00, 0.00, 1.00, 0.00, 0.00, 0.00, 0.00, 0.00, 0.00, 1.00, 0.00, 0.00, 0.00, 0.00, 0.00, 0.00, 0.00, 0.00
200,  0,  6.733,  0.98,  1, 0.18, 0.01, 1.07, 0.00, 0.00, 0.00, 0.00, 1.00, 0.90, 1.37, 0.00, 0.00, 0.00, 0.00, 0.00, 0.02, 0.19, 0.00, 0.00, 1.00, 0.00, 0.00, 0.00, 0.00, 0.00, 0.00, 1.00, 0.00, 0.00, 0.00, 0.00, 0.00, 0.00, 0.00, 0.00
201,  0,  6.767,  0.98,  1, 0.31, 0.01, 1.15, 0.02, 0.00, 0.00, 0.00, 1.05, 0.93, 1.36, 0.00, 0.12, 0.01, 0.03, 0.00, 0.03, 0.13, 0.00, 0.00, 1.00, 0.00, 0.00, 0.00, 0.00, 0.00, 0.00, 1.00, 0.00, 0.00, 0.00, 0.00, 0.00, 0.00, 0.00, 0.00
202,  0,  6.801,  0.98,  1, 0.33, 0.00, 1.08, 0.02, 0.00, 0.00, 0.00, 1.05, 0.88, 1.30, 0.00, 0.12, 0.01, 0.03, 0.00, 0.04, 0.08, 0.00, 0.00, 1.00, 0.00, 0.00, 0.00, 0.00, 0.00, 0.00, 1.00, 0.00, 0.00, 0.00, 0.00, 0.00, 0.00, 0.00, 0.00
203,  0,  6.835,  0.98,  1, 0.34, 0.00, 1.10, 0.02, 0.00, 0.00, 0.00, 1.11, 0.82, 1.33, 0.00, 0.12, 0.01, 0.03, 0.04, 0.09, 0.07, 0.00, 0.00, 1.00, 0.00, 0.00, 0.00, 0.00, 0.00, 0.00, 1.00, 0.00, 0.00, 0.00, 0.00, 0.00, 0.00, 0.00, 0.00
204,  0,  6.868,  0.98,  1, 0.27, 0.05, 1.05, 0.00, 0.00, 0.00, 0.00, 1.00, 0.79, 1.38, 0.00, 0.22, 0.00, 0.02, 0.04, 0.10, 0.07, 0.00, 0.00, 1.00, 0.00, 0.00, 0.00, 0.00, 0.00, 0.00, 1.00, 0.00, 0.00, 0.00, 0.00, 0.00, 0.00, 0.00, 0.00
205,  0,  6.902,  0.98,  1, 0.31, 0.10, 1.13, 0.00, 0.00, 0.00, 0.00, 0.97, 0.77, 1.42, 0.00, 0.23, 0.00, 0.03, 0.15, 0.08, 0.08, 0.00, 0.00, 1.00, 0.00, 0.00, 0.00, 0.00, 0.00, 0.00, 1.00, 0.00, 0.00, 0.00, 0.00, 0.00, 0.00, 0.00, 0.00
206,  0,  6.936,  0.98,  1, 0.33, 0.15, 1.17, 0.00, 0.00, 0.00, 0.00, 0.87, 0.77, 1.47, 0.00, 0.24, 0.00, 0.09, 0.11, 0.03, 0.11, 0.00, 0.00, 1.00, 0.00, 0.00, 0.00, 0.00, 0.00, 0.00, 1.00, 0.00, 0.00, 0.00, 0.00, 0.00, 0.00, 0.00, 0.00
207,  0,  6.970,  0.98,  1, 0.30, 0.19, 1.25, 0.00, 0.00, 0.00, 0.00, 0.90, 0.79, 1.41, 0.00, 0.02, 0.05, 0.10, 0.14, 0.00, 0.26, 0.00, 0.00, 1.00, 0.00, 0.00, 0.00, 0.00, 0.00, 0.00, 1.00, 0.00, 0.00, 0.00, 0.00, 0.00, 0.00, 0.00, 0.00
208,  0,  7.004,  0.98,  1, 0.31, 0.27, 1.26, 0.00, 0.00, 0.00, 0.00, 0.96, 0.81, 1.42, 0.00, 0.04, 0.05, 0.10, 0.07, 0.02, 0.23, 0.00, 0.00, 1.00, 0.00, 0.00, 0.00, 0.00, 0.00, 0.00, 1.00, 0.00, 0.00, 0.00, 0.00, 0.00, 0.00, 0.00, 0.00
209,  0,  7.038,  0.98,  1, 0.34, 0.34, 1.25, 0.00, 0.00, 0.00, 0.00, 1.03, 0.84, 1.34, 0.00, 0.11, 0.05, 0.09, 0.07, 0.06, 0.15, 0.00, 0.00, 1.00, 0.00, 0.00, 0.00, 0.00, 0.00, 0.00, 1.00, 0.00, 0.00, 0.00, 0.00, 0.00, 0.00, 0.00, 0.00
210,  0,  7.071,  0.98,  1, 0.43, 0.25, 1.21, 0.00, 0.00, 0.00, 0.00, 1.09, 0.87, 1.45, 0.00, 0.21, 0.00, 0.11, 0.05, 0.11, 0.03, 0.00, 0.00, 1.00, 0.00, 0.00, 0.00, 0.00, 0.00, 0.00, 1.00, 0.00, 0.00, 0.00, 0.00, 0.00, 0.00, 0.00, 0.00
211,  0,  7.105,  0.98,  1, 0.44, 0.13, 1.18, 0.00, 0.00, 0.00, 0.00, 1.06, 0.90, 1.37, 0.00, 0.18, 0.02, 0.14, 0.10, 0.18, 0.03, 0.00, 0.00, 1.00, 0.00, 0.00, 0.00, 0.00, 0.00, 0.00, 1.00, 0.00, 0.00, 0.00, 0.00, 0.00, 0.00, 0.00, 0.00
212,  0,  7.139,  0.98,  1, 0.42, 0.11, 1.24, 0.00, 0.00, 0.00, 0.00, 1.07, 0.88, 1.28, 0.00, 0.10, 0.16, 0.12, 0.18, 0.20, 0.03, 0.00, 0.00, 1.00, 0.00, 0.00, 0.00, 0.00, 0.00, 0.00, 1.00, 0.00, 0.00, 0.00, 0.00, 0.00, 0.00, 0.00, 0.00
213,  0,  7.173,  0.98,  1, 0.39, 0.20, 1.24, 0.00, 0.00, 0.00, 0.00, 1.17, 0.89, 1.18, 0.00, 0.00, 0.35, 0.07, 0.29, 0.33, 0.04, 0.00, 0.00, 1.00, 0.00, 0.00, 0.00, 0.00, 0.00, 0.00, 1.00, 0.00, 0.00, 0.00, 0.00, 0.00, 0.00, 0.00, 0.00
214,  0,  7.207,  0.98,  1, 0.32, 0.22, 1.21, 0.00, 0.00, 0.00, 0.01, 1.27, 0.88, 1.28, 0.00, 0.04, 0.38, 0.03, 0.37, 0.42, 0.05, 0.00, 0.00, 1.00, 0.00, 0.00, 0.00, 0.00, 0.00, 0.00, 1.00, 0.00, 0.00, 0.00, 0.00, 0.00, 0.00, 0.00, 0.00
215,  0,  7.241,  0.98,  1, 0.33, 0.19, 1.26, 0.00, 0.00, 0.00, 0.01, 1.40, 0.94, 1.52, 0.00, 0.11, 0.23, 0.00, 0.49, 0.59, 0.05, 0.00, 0.00, 1.00, 0.00, 0.00, 0.00, 0.00, 0.00, 0.00, 1.00, 0.00, 0.00, 0.00, 0.00, 0.00, 0.00, 0.00, 0.00
216,  0,  7.274,  0.98,  1, 0.20, 0.10, 1.32, 0.00, 0.00, 0.00, 0.07, 1.42, 0.94, 1.59, 0.00, 0.24, 0.04, 0.00, 0.47, 0.53, 0.10, 0.00, 0.00, 1.00, 0.00, 0.00, 0.00, 0.00, 0.00, 0.00, 1.00, 0.00, 0.00, 0.00, 0.00, 0.00, 0.00, 0.00, 0.00
217,  0,  7.308,  0.98,  1, 0.16, 0.06, 1.34, 0.00, 0.00, 0.00, 0.06, 1.50, 0.93, 1.62, 0.07, 0.31, 0.00, 0.00, 0.49, 0.55, 0.13, 0.00, 0.00, 1.00, 0.00, 0.00, 0.00, 0.00, 0.00, 0.00, 1.00, 0.00, 0.00, 0.00, 0.00, 0.00, 0.00, 0.00, 0.00
218,  0,  7.342,  0.98,  1, 0.08, 0.00, 1.31, 0.00, 0.00, 0.00, 0.06, 1.51, 0.90, 1.60, 0.07, 0.26, 0.00, 0.00, 0.48, 0.52, 0.13, 0.00, 0.00, 1.00, 0.00, 0.00, 0.00, 0.00, 0.00, 0.00, 1.00, 0.00, 0.00, 0.00, 0.00, 0.00, 0.00, 0.00, 0.00
219,  0,  7.376,  0.98,  1, 0.14, 0.06, 1.33, 0.00, 0.00, 0.00, 0.03, 1.43, 0.91, 1.61, 0.07, 0.15, 0.00, 0.01, 0.48, 0.64, 0.04, 0.00, 0.00, 1.00, 0.00, 0.00, 0.00, 0.00, 0.00, 0.00, 1.00, 0.00, 0.00, 0.00, 0.00, 0.00, 0.00, 0.00, 0.00
220,  0,  7.410,  0.98,  1, 0.22, 0.06, 1.34, 0.00, 0.00, 0.00, 0.03, 1.30, 0.93, 1.59, 0.00, 0.04, 0.10, 0.01, 0.47, 0.62, 0.07, 0.00, 0.00, 1.00, 0.00, 0.00, 0.00, 0.00, 0.00, 0.00, 1.00, 0.00, 0.00, 0.00, 0.00, 0.00, 0.00, 0.00, 0.00
221,  0,  7.444,  0.98,  1, 0.29, 0.06, 1.28, 0.00, 0.00, 0.00, 0.03, 1.19, 0.98, 1.51, 0.00, 0.08, 0.10, 0.05, 0.48, 0.59, 0.11, 0.00, 0.00, 1.00, 0.00, 0.00, 0.00, 0.00, 0.00, 0.00, 1.00, 0.00, 0.00, 0.00, 0.00, 0.00, 0.00, 0.00, 0.00
222,  0,  7.477,  0.98,  1, 0.31, 0.03, 1.30, 0.00, 0.00, 0.00, 0.00, 1.21, 0.99, 1.55, 0.00, 0.26, 0.10, 0.07, 0.49, 0.53, 0.11, 0.00, 0.00, 1.00, 0.00, 0.00, 0.00, 0.00, 0.00, 0.00, 1.00, 0.00, 0.00, 0.00, 0.00, 0.00, 0.00, 0.00, 0.00
223,  0,  7.511,  0.98,  1, 0.39, 0.27, 1.29, 0.00, 0.00, 0.00, 0.00, 1.21, 0.94, 1.54, 0.04, 0.38, 0.00, 0.10, 0.41, 0.50, 0.13, 0.00, 0.00, 1.00, 0.00, 0.00, 0.00, 0.00, 0.00, 0.00, 1.00, 0.00, 0.00, 0.00, 0.00, 0.00, 0.00, 0.00, 0.00
224,  0,  7.545,  0.98,  1, 0.38, 0.42, 1.36, 0.00, 0.00, 0.00, 0.00, 1.22, 0.89, 1.55, 0.07, 0.41, 0.00, 0.06, 0.45, 0.49, 0.18, 0.00, 0.00, 1.00, 0.00, 0.00, 0.00, 0.00, 0.00, 0.00, 1.00, 0.00, 0.00, 0.00, 0.00, 0.00, 0.00, 0.00, 0.00
225,  0,  7.579,  0.98,  1, 0.42, 0.50, 1.28, 0.00, 0.00, 0.00, 0.00, 1.26, 0.89, 1.52, 0.08, 0.38, 0.00, 0.10, 0.43, 0.49, 0.18, 0.00, 0.00, 1.00, 0.00, 0.00, 0.00, 0.00, 0.00, 0.00, 1.00, 0.00, 0.00, 0.00, 0.00, 0.00, 0.00, 0.00, 0.00
226,  0,  7.613,  0.98,  1, 0.33, 0.44, 1.32, 0.00, 0.00, 0.00, 0.00, 1.24, 0.89, 1.57, 0.09, 0.40, 0.00, 0.08, 0.53, 0.52, 0.10, 0.00, 0.00, 1.00, 0.00, 0.00, 0.00, 0.00, 0.00, 0.00, 1.00, 0.00, 0.00, 0.00, 0.00, 0.00, 0.00, 0.00, 0.00
227,  0,  7.647,  0.98,  1, 0.35, 0.46, 1.31, 0.00, 0.00, 0.00, 0.00, 1.22, 0.83, 1.50, 0.06, 0.38, 0.02, 0.14, 0.32, 0.50, 0.00, 0.00, 0.00, 1.00, 0.00, 0.00, 0.00, 0.00, 0.00, 0.00, 1.00, 0.00, 0.00, 0.00, 0.00, 0.00, 0.00, 0.00, 0.00
228,  0,  7.680,  0.98,  1, 0.40, 0.46, 1.36, 0.00, 0.00, 0.00, 0.00, 1.19, 0.75, 1.48, 0.05, 0.23, 0.02, 0.09, 0.35, 0.41, 0.10, 0.00, 0.00, 1.00, 0.00, 0.00, 0.00, 0.00, 0.00, 0.00, 1.00, 0.00, 0.00, 0.00, 0.00, 0.00, 0.00, 0.00, 0.00
229,  0,  7.714,  0.98,  1, 0.38, 0.36, 1.29, 0.00, 0.00, 0.00, 0.00, 1.18, 0.77, 1.43, 0.00, 0.12, 0.02, 0.08, 0.35, 0.37, 0.13, 0.00, 0.00, 1.00, 0.00, 0.00, 0.00, 0.00, 0.00, 0.00, 1.00, 0.00, 0.00, 0.00, 0.00, 0.00, 0.00, 0.00, 0.00
230,  0,  7.748,  0.98,  1, 0.45, 0.33, 1.30, 0.00, 0.00, 0.00, 0.02, 1.20, 0.81, 1.44, 0.05, 0.15, 0.04, 0.03, 0.42, 0.39, 0.24, 0.00, 0.00, 1.00, 0.00, 0.00, 0.00, 0.00, 0.00, 0.00, 1.00, 0.00, 0.00, 0.00, 0.00, 0.00, 0.00, 0.00, 0.00
231,  0,  7.782,  0.98,  1, 0.44, 0.38, 1.31, 0.00, 0.00, 0.00, 0.02, 1.14, 0.85, 1.49, 0.05, 0.22, 0.04, 0.01, 0.45, 0.42, 0.23, 0.00, 0.00, 1.00, 0.00, 0.00, 0.00, 0.00, 0.00, 0.00, 1.00, 0.00, 0.00, 0.00, 0.00, 0.00, 0.00, 0.00, 0.00
232,  0,  7.816,  0.98,  1, 0.51, 0.43, 1.34, 0.00, 0.00, 0.00, 0.02, 1.16, 0.84, 1.50, 0.07, 0.40, 0.04, 0.06, 0.39, 0.43, 0.20, 0.00, 0.00, 1.00, 0.00, 0.00, 0.00, 0.00, 0.00, 0.00, 1.00, 0.00, 0.00, 0.00, 0.00, 0.00, 0.00, 0.00, 0.00
233,  0,  7.850,  0.98,  1, 0.38, 0.43, 1.31, 0.00, 0.00, 0.00, 0.00, 1.07, 0.85, 1.54, 0.07, 0.44, 0.00, 0.11, 0.35, 0.42, 0.09, 0.00, 0.00, 1.00, 0.00, 0.00, 0.00, 0.00, 0.00, 0.00, 1.00, 0.00, 0.00, 0.00, 0.00, 0.00, 0.00, 0.00, 0.00
234,  0,  7.883,  0.98,  1, 0.31, 0.41, 1.31, 0.00, 0.00, 0.00, 0.00, 1.09, 0.85, 1.52, 0.12, 0.44, 0.00, 0.14, 0.26, 0.44, 0.02, 0.00, 1.00, 1.00, 0.00, 0.00, 0.00, 0.00, 0.00, 0.00, 1.00, 0.00, 0.00, 0.00, 0.00, 0.00, 0.00, 0.00, 0.00
235,  0,  7.917,  0.98,  1, 0.24, 0.47, 1.30, 0.00, 0.00, 0.00, 0.00, 1.07, 0.88, 1.53, 0.10, 0.30, 0.00, 0.14, 0.21, 0.38, 0.02, 0.00, 1.00, 1.00, 0.00, 0.00, 0.00, 0.00, 0.00, 0.00, 1.00, 0.00, 0.00, 0.00, 0.00, 0.00, 0.00, 0.00, 0.00
236,  0,  7.951,  0.98,  1, 0.29, 0.58, 1.29, 0.00, 0.00, 0.00, 0.00, 1.18, 0.89, 1.55, 0.06, 0.22, 0.00, 0.15, 0.33, 0.32, 0.02, 0.00, 1.00, 1.00, 0.00, 0.00, 0.00, 0.00, 0.00, 0.00, 1.00, 0.00, 0.00, 0.00, 0.00, 0.00, 0.00, 0.00, 0.00
237,  0,  7.985,  0.98,  1, 0.29, 0.58, 1.34, 0.00, 0.00, 0.00, 0.05, 1.18, 0.88, 1.54, 0.02, 0.14, 0.00, 0.16, 0.44, 0.35, 0.06, 0.00, 1.00, 1.00, 0.00, 0.00, 0.00, 0.00, 0.00, 0.00, 1.00, 0.00, 0.00, 0.00, 0.00, 0.00, 0.00, 0.00, 0.00
238,  0,  8.019,  0.98,  1, 0.35, 0.41, 1.42, 0.00, 0.00, 0.00, 0.10, 1.19, 0.79, 1.51, 0.02, 0.07, 0.03, 0.13, 0.63, 0.50, 0.14, 0.00, 1.00, 1.00, 0.00, 0.00, 0.00, 0.00, 0.00, 0.00, 1.00, 0.00, 0.00, 0.00, 0.00, 0.00, 0.00, 0.00, 0.00
239,  0,  8.053,  0.98,  1, 0.29, 0.17, 1.44, 0.00, 0.00, 0.00, 0.17, 1.21, 0.74, 1.43, 0.02, 0.00, 0.03, 0.07, 0.71, 0.53, 0.17, 0.00, 0.00, 1.00, 0.00, 0.00, 0.00, 0.00, 0.00, 0.00, 1.00, 0.00, 0.00, 1.00, 0.00, 0.00, 0.00, 0.00, 0.00
240,  0,  8.086,  0.98,  1, 0.32, 0.06, 1.30, 0.00, 0.00, 0.00, 0.19, 1.25, 0.74, 1.47, 0.00, 0.00, 0.03, 0.03, 0.72, 0.60, 0.16, 0.00, 0.00, 1.00, 0.00, 0.00, 0.00, 0.00, 0.00, 0.00, 1.00, 0.00, 0.00, 1.00, 0.00, 0.00, 0.00, 0.00, 0.00
241,  0,  8.120,  0.98,  1, 0.26, 0.03, 1.33, 0.00, 0.00, 0.00, 0.17, 1.22, 0.76, 1.53, 0.14, 0.11, 0.06, 0.03, 0.67, 0.69, 0.13, 0.00, 0.00, 1.00, 0.00, 0.00, 0.00, 0.00, 0.00, 0.00, 1.00, 0.00, 0.00, 1.00, 0.00, 1.00, 0.00, 0.00, 1.00
242,  0,  8.154,  0.98,  1, 0.31, 0.05, 1.28, 0.00, 0.00, 0.00, 0.11, 1.21, 0.75, 1.56, 0.24, 0.30, 0.11, 0.26, 0.53, 0.89, 0.10, 0.00, 0.00, 1.00, 0.00, 0.00, 0.00, 0.00, 0.00, 0.00, 1.00, 0.00, 0.00, 1.00, 0.00, 1.00, 0.00, 0.00, 1.00
243,  0,  8.188,  0.98,  1, 0.29, 0.02, 1.29, 0.00, 0.00, 0.00, 0.08, 1.36, 0.81, 1.56, 0.24, 0.33, 0.11, 0.35, 0.50, 0.95, 0.10, 0.00, 0.00, 1.00, 0.00, 0.00, 0.00, 0.00, 0.00, 0.00, 1.00, 0.00, 0.00, 1.00, 0.00, 1.00, 0.00, 0.00, 1.00
244,  0,  8.222,  0.98,  1, 0.26, 0.02, 1.18, 0.00, 0.00, 0.00, 0.12, 1.47, 0.85, 1.57, 0.12, 0.34, 0.07, 0.40, 0.51, 0.80, 0.15, 1.00, 0.00, 1.00, 0.00, 0.00, 0.00, 0.00, 0.00, 0.00, 1.00, 0.00, 0.00, 1.00, 0.00, 1.00, 0.00, 0.00, 1.00
245,  0,  8.256,  0.98,  1, 0.20, 0.01, 1.18, 0.00, 0.00, 0.00, 0.18, 1.39, 0.80, 1.50, 0.18, 0.31, 0.05, 0.51, 0.65, 0.74, 0.16, 0.00, 0.00, 1.00, 0.00, 0.00, 0.00, 0.00, 0.00, 0.00, 1.00, 0.00, 0.00, 1.00, 0.00, 1.00, 0.00, 0.00, 0.00
246,  0,  8.289,  0.98,  1, 0.16, 0.00, 1.15, 0.00, 0.00, 0.00, 0.14, 1.28, 0.78, 1.45, 0.25, 0.32, 0.11, 0.56, 0.78, 0.80, 0.10, 0.00, 0.00, 1.00, 0.00, 0.00, 0.00, 0.00, 0.00, 0.00, 1.00, 0.00, 0.00, 1.00, 0.00, 1.00, 0.00, 0.00, 0.00
247,  0,  8.323,  0.98,  1, 0.18, 0.00, 1.11, 0.00, 0.00, 0.00, 0.07, 1.28, 0.73, 1.40, 0.27, 0.37, 0.29, 0.55, 0.79, 0.74, 0.01, 0.00, 0.00, 1.00, 0.00, 0.00, 0.00, 0.00, 0.00, 0.00, 1.00, 0.00, 0.00, 1.00, 0.00, 1.00, 0.00, 0.00, 0.00
248,  0,  8.357,  0.98,  1, 0.17, 0.00, 1.13, 0.00, 0.00, 0.00, 0.07, 1.42, 0.77, 1.36, 0.23, 0.35, 0.44, 0.50, 0.73, 0.76, 0.00, 0.00, 0.00, 1.00, 0.00, 0.00, 0.00, 0.00, 0.00, 0.00, 1.00, 0.00, 0.00, 1.00, 0.00, 1.00, 0.00, 0.00, 0.00
249,  0,  8.391,  0.98,  1, 0.19, 0.00, 1.10, 0.00, 0.00, 0.00, 0.11, 1.46, 0.69, 1.36, 0.17, 0.36, 0.41, 0.48, 0.71, 0.78, 0.00, 0.00, 0.00, 1.00, 0.00, 0.00, 0.00, 0.00, 0.00, 0.00, 1.00, 0.00, 0.00, 1.00, 0.00, 1.00, 0.00, 0.00, 0.00
250,  0,  8.425,  0.98,  1, 0.21, 0.00, 1.07, 0.00, 0.00, 0.00, 0.17, 1.46, 0.68, 1.30, 0.18, 0.26, 0.23, 0.44, 0.64, 0.88, 0.00, 0.00, 0.00, 1.00, 0.00, 0.00, 0.00, 0.00, 0.00, 0.00, 1.00, 0.00, 0.00, 1.00, 0.00, 1.00, 0.00, 0.00, 0.00
251,  0,  8.459,  0.98,  1, 0.29, 0.03, 0.92, 0.00, 0.00, 0.00, 0.12, 1.47, 0.71, 1.36, 0.20, 0.31, 0.19, 0.38, 0.70, 0.94, 0.00, 0.00, 0.00, 1.00, 0.00, 0.00, 0.00, 0.00, 0.00, 0.00, 1.00, 0.00, 0.00, 1.00, 0.00, 1.00, 0.00, 0.00, 0.00
252,  0,  8.492,  0.98,  1, 0.32, 0.04, 0.89, 0.00, 0.00, 0.00, 0.08, 1.45, 0.76, 1.30, 0.29, 0.44, 0.20, 0.33, 0.72, 0.85, 0.00, 0.00, 0.00, 1.00, 0.00, 0.00, 0.00, 0.00, 0.00, 0.00, 1.00, 0.00, 0.00, 1.00, 0.00, 1.00, 0.00, 0.00, 0.00
253,  0,  8.526,  0.98,  1, 0.31, 0.04, 0.84, 0.00, 0.00, 0.00, 0.01, 1.50, 0.80, 1.25, 0.35, 0.59, 0.31, 0.55, 0.77, 0.97, 0.00, 0.00, 0.00, 1.00, 0.00, 0.00, 0.00, 0.00, 0.00, 0.00, 1.00, 0.00, 0.00, 1.00, 0.00, 0.00, 0.00, 0.00, 0.00
254,  0,  8.560,  0.98,  1, 0.29, 0.01, 0.94, 0.00, 0.00, 0.00, 0.01, 1.47, 0.78, 1.28, 0.23, 0.38, 0.32, 0.38, 0.65, 0.90, 0.00, 0.00, 0.00, 1.00, 0.00, 0.00, 0.00, 0.00, 0.00, 0.00, 1.00, 0.00, 0.00, 1.00, 0.00, 0.00, 0.00, 0.00, 0.00
255,  0,  8.594,  0.98,  1, 0.25, 0.03, 1.05, 0.00, 0.00, 0.00, 0.08, 1.45, 0.72, 1.29, 0.15, 0.21, 0.30, 0.31, 0.56, 0.88, 0.00, 0.00, 0.00, 1.00, 0.00, 0.00, 0.00, 0.00, 0.00, 0.00, 1.00, 0.00, 0.00, 1.00, 0.00, 1.00, 0.00, 0.00, 0.00
256,  0,  8.628,  0.98,  1, 0.23, 0.03, 1.12, 0.00, 0.00, 0.00, 0.13, 1.44, 0.71, 1.26, 0.06, 0.10, 0.22, 0.17, 0.58, 0.88, 0.00, 0.00, 0.00, 1.00, 0.00, 0.00, 0.00, 0.00, 0.00, 0.00, 1.00, 0.00, 0.00, 1.00, 0.00, 0.00, 0.00, 0.00, 0.00
257,  0,  8.662,  0.98,  1, 0.24, 0.04, 1.17, 0.00, 0.00, 0.00, 0.15, 1.50, 0.78, 1.28, 0.11, 0.10, 0.12, 0.13, 0.65, 0.93, 0.00, 0.00, 0.00, 1.00, 0.00, 0.00, 0.00, 0.00, 0.00, 0.00, 1.00, 0.00, 0.00, 1.00, 0.00, 0.00, 0.00, 0.00, 0.00
258,  0,  8.696,  0.98,  1, 0.22, 0.01, 1.17, 0.00, 0.00, 0.00, 0.17, 1.50, 0.87, 1.29, 0.20, 0.15, 0.10, 0.13, 0.56, 0.88, 0.00, 0.00, 0.00, 1.00, 0.00, 0.00, 0.00, 0.00, 0.00, 0.00, 1.00, 0.00, 0.00, 1.00, 0.00, 0.00, 0.00, 0.00, 0.00
259,  0,  8.729,  0.98,  1, 0.21, 0.01, 1.19, 0.00, 0.00, 0.00, 0.17, 1.48, 0.94, 1.52, 0.19, 0.15, 0.05, 0.01, 0.52, 0.73, 0.00, 0.00, 0.00, 1.00, 0.00, 0.00, 0.00, 0.00, 0.00, 0.00, 1.00, 0.00, 0.00, 1.00, 0.00, 0.00, 0.00, 0.00, 0.00
260,  0,  8.763,  0.98,  1, 0.12, 0.00, 1.20, 0.00, 0.00, 0.00, 0.20, 1.43, 0.93, 1.63, 0.26, 0.20, 0.00, 0.01, 0.52, 0.59, 0.00, 0.00, 0.00, 1.00, 0.00, 0.00, 0.00, 0.00, 0.00, 0.00, 1.00, 0.00, 0.00, 1.00, 0.00, 0.00, 0.00, 0.00, 0.00
261,  0,  8.797,  0.98,  1, 0.11, 0.00, 1.18, 0.00, 0.00, 0.00, 0.21, 1.43, 0.90, 1.63, 0.21, 0.14, 0.03, 0.00, 0.65, 0.57, 0.00, 0.00, 0.00, 1.00, 0.00, 0.00, 0.00, 0.00, 0.00, 0.00, 1.00, 0.00, 0.00, 1.00, 0.00, 0.00, 0.00, 0.00, 0.00
262,  0,  8.831,  0.98,  1, 0.14, 0.00, 1.17, 0.00, 0.00, 0.00, 0.22, 1.41, 0.87, 1.58, 0.19, 0.09, 0.20, 0.00, 0.69, 0.55, 0.00, 0.00, 0.00, 1.00, 0.00, 0.00, 0.00, 0.00, 0.00, 0.00, 1.00, 0.00, 0.00, 1.00, 0.00, 0.00, 0.00, 0.00, 0.00
263,  0,  8.865,  0.98,  1, 0.18, 0.00, 1.17, 0.00, 0.00, 0.00, 0.23, 1.36, 0.87, 1.59, 0.14, 0.04, 0.20, 0.00, 0.66, 0.60, 0.00, 0.00, 0.00, 1.00, 0.00, 0.00, 0.00, 0.00, 0.00, 0.00, 1.00, 0.00, 0.00, 1.00, 0.00, 0.00, 0.00, 0.00, 0.00
264,  0,  8.899,  0.98,  1, 0.22, 0.00, 1.17, 0.00, 0.00, 0.00, 0.19, 1.24, 0.89, 1.63, 0.08, 0.04, 0.17, 0.00, 0.56, 0.52, 0.00, 0.00, 0.00, 1.00, 0.00, 0.00, 0.00, 0.00, 0.00, 0.00, 1.00, 0.00, 0.00, 0.00, 0.00, 0.00, 0.00, 0.00, 0.00
265,  0,  8.932,  0.98,  1, 0.22, 0.00, 1.14, 0.00, 0.00, 0.00, 0.12, 1.15, 0.89, 1.56, 0.07, 0.00, 0.00, 0.00, 0.56, 0.60, 0.00, 0.00, 0.00, 1.00, 0.00, 0.00, 0.00, 0.00, 0.00, 0.00, 1.00, 0.00, 0.00, 0.00, 0.00, 0.00, 0.00, 0.00, 0.00
266,  0,  8.966,  0.98,  1, 0.31, 0.00, 1.17, 0.00, 0.00, 0.00, 0.05, 1.12, 0.85, 1.47, 0.00, 0.00, 0.00, 0.00, 0.50, 0.47, 0.00, 0.00, 0.00, 1.00, 0.00, 0.00, 0.00, 0.00, 0.00, 0.00, 1.00, 0.00, 0.00, 0.00, 0.00, 0.00, 0.00, 0.00, 0.00
267,  0,  9.000,  0.98,  1, 0.33, 0.05, 1.15, 0.00, 0.00, 0.00, 0.00, 1.17, 0.84, 1.50, 0.00, 0.00, 0.00, 0.00, 0.38, 0.53, 0.00, 0.00, 0.00, 1.00, 0.00, 0.00, 0.00, 0.00, 0.00, 0.00, 1.00, 0.00, 0.00, 0.00, 0.00, 0.00, 0.00, 0.00, 0.00
268,  0,  9.034,  0.98,  1, 0.33, 0.05, 1.19, 0.00, 0.00, 0.00, 0.00, 1.17, 0.83, 1.56, 0.00, 0.00, 0.00, 0.00, 0.29, 0.42, 0.00, 0.00, 0.00, 1.00, 0.00, 0.00, 0.00, 0.00, 0.00, 0.00, 1.00, 0.00, 0.00, 0.00, 0.00, 0.00, 0.00, 0.00, 0.00
269,  0,  9.068,  0.98,  1, 0.27, 0.08, 1.20, 0.00, 0.00, 0.00, 0.00, 1.18, 0.85, 1.61, 0.00, 0.01, 0.00, 0.00, 0.23, 0.51, 0.00, 0.00, 0.00, 1.00, 0.00, 0.00, 0.00, 0.00, 0.00, 0.00, 1.00, 0.00, 0.00, 0.00, 0.00, 0.00, 0.00, 0.00, 0.00
270,  0,  9.102,  0.98,  1, 0.26, 0.08, 1.23, 0.00, 0.00, 0.00, 0.00, 1.16, 0.89, 1.55, 0.00, 0.02, 0.00, 0.00, 0.25, 0.42, 0.00, 0.00, 0.00, 1.00, 0.00, 0.00, 0.00, 0.00, 0.00, 0.00, 1.00, 0.00, 0.00, 0.00, 0.00, 0.00, 0.00, 0.00, 0.00
271,  0,  9.135,  0.98,  1, 0.27, 0.17, 1.20, 0.00, 0.00, 0.00, 0.01, 1.16, 0.89, 1.52, 0.00, 0.02, 0.10, 0.01, 0.21, 0.44, 0.00, 0.00, 0.00, 1.00, 0.00, 0.00, 0.00, 0.00, 0.00, 0.00, 1.00, 0.00, 0.00, 0.00, 0.00, 0.00, 0.00, 0.00, 0.00
272,  0,  9.169,  0.98,  1, 0.25, 0.15, 1.20, 0.00, 0.00, 0.00, 0.01, 1.14, 0.91, 1.51, 0.00, 0.05, 0.10, 0.03, 0.15, 0.35, 0.00, 0.00, 0.00, 1.00, 0.00, 0.00, 0.00, 0.00, 0.00, 0.00, 1.00, 0.00, 0.00, 0.00, 0.00, 0.00, 0.00, 0.00, 0.00
273,  0,  9.203,  0.98,  1, 0.28, 0.12, 1.21, 0.00, 0.00, 0.00, 0.01, 1.16, 0.90, 1.42, 0.00, 0.13, 0.10, 0.08, 0.12, 0.37, 0.00, 0.00, 0.00, 1.00, 0.00, 0.00, 0.00, 0.00, 0.00, 0.00, 1.00, 0.00, 0.00, 0.00, 0.00, 0.00, 0.00, 0.00, 0.00
274,  0,  9.237,  0.98,  1, 0.28, 0.03, 1.30, 0.00, 0.00, 0.00, 0.00, 1.20, 0.93, 1.40, 0.00, 0.24, 0.00, 0.08, 0.09, 0.39, 0.00, 0.00, 0.00, 1.00, 0.00, 0.00, 0.00, 0.00, 0.00, 0.00, 1.00, 0.00, 0.00, 0.00, 0.00, 0.00, 0.00, 0.00, 0.00
275,  0,  9.271,  0.98,  1, 0.30, 0.06, 1.29, 0.00, 0.00, 0.00, 0.00, 1.21, 0.96, 1.38, 0.00, 0.30, 0.00, 0.09, 0.06, 0.41, 0.00, 0.00, 0.00, 1.00, 0.00, 0.00, 0.00, 0.00, 0.00, 0.00, 1.00, 0.00, 0.00, 0.00, 0.00, 0.00, 0.00, 0.00, 0.00
276,  0,  9.305,  0.98,  1, 0.24, 0.03, 1.31, 0.00, 0.00, 0.00, 0.00, 1.22, 0.98, 1.51, 0.00, 0.23, 0.00, 0.04, 0.09, 0.35, 0.00, 0.00, 0.00, 1.00, 0.00, 0.00, 0.00, 0.00, 0.00, 0.00, 1.00, 0.00, 0.00, 0.00, 0.00, 0.00, 0.00, 0.00, 0.00
277,  0,  9.338,  0.98,  1, 0.20, 0.10, 1.25, 0.00, 0.00, 0.00, 0.00, 1.18, 0.99, 1.49, 0.00, 0.14, 0.00, 0.02, 0.13, 0.32, 0.00, 0.00, 0.00, 1.00, 0.00, 0.00, 0.00, 0.00, 0.00, 0.00, 1.00, 0.00, 0.00, 0.00, 0.00, 0.00, 0.00, 0.00, 0.00
278,  0,  9.372,  0.98,  1, 0.14, 0.10, 1.19, 0.00, 0.00, 0.00, 0.00, 1.15, 0.98, 1.54, 0.00, 0.03, 0.00, 0.00, 0.30, 0.23, 0.00, 0.00, 0.00, 1.00, 0.00, 0.00, 0.00, 0.00, 0.00, 0.00, 1.00, 0.00, 0.00, 0.00, 0.00, 0.00, 0.00, 0.00, 0.00
279,  0,  9.406,  0.98,  1, 0.18, 0.19, 1.18, 0.00, 0.00, 0.00, 0.00, 1.08, 0.99, 1.45, 0.00, 0.15, 0.00, 0.07, 0.30, 0.17, 0.00, 0.00, 0.00, 1.00, 0.00, 0.00, 0.00, 0.00, 0.00, 0.00, 1.00, 0.00, 0.00, 0.00, 0.00, 0.00, 0.00, 0.00, 0.00
280,  0,  9.440,  0.98,  1, 0.20, 0.15, 1.21, 0.01, 0.00, 0.00, 0.00, 1.07, 0.97, 1.52, 0.00, 0.23, 0.00, 0.15, 0.32, 0.19, 0.00, 0.00, 0.00, 1.00, 0.00, 0.00, 0.00, 0.00, 0.00, 0.00, 1.00, 0.00, 0.00, 0.00, 0.00, 0.00, 0.00, 0.00, 0.00
281,  0,  9.474,  0.98,  1, 0.20, 0.15, 1.23, 0.01, 0.00, 0.00, 0.00, 1.07, 0.99, 1.53, 0.00, 0.35, 0.00, 0.23, 0.15, 0.37, 0.00, 0.00, 0.00, 1.00, 0.00, 0.00, 0.00, 0.00, 0.00, 0.00, 1.00, 0.00, 0.00, 0.00, 0.00, 0.00, 0.00, 0.00, 0.00
282,  0,  9.508,  0.98,  1, 0.12, 0.06, 1.22, 0.01, 0.00, 0.00, 0.00, 1.01, 0.94, 1.61, 0.00, 0.27, 0.00, 0.21, 0.13, 0.47, 0.00, 0.00, 0.00, 1.00, 0.00, 0.00, 0.00, 0.00, 0.00, 0.00, 1.00, 0.00, 0.00, 0.00, 0.00, 0.00, 0.00, 0.00, 0.00
283,  0,  9.541,  0.98,  1, 0.03, 0.03, 1.14, 0.00, 0.00, 0.00, 0.00, 1.01, 0.97, 1.63, 0.00, 0.26, 0.00, 0.17, 0.05, 0.43, 0.00, 0.00, 0.00, 1.00, 0.00, 0.00, 0.00, 0.00, 0.00, 0.00, 1.00, 0.00, 0.00, 0.00, 0.00, 0.00, 0.00, 0.00, 0.00
284,  0,  9.575,  0.98,  1, 0.03, 0.00, 1.13, 0.00, 0.00, 0.00, 0.00, 1.02, 0.96, 1.56, 0.00, 0.23, 0.00, 0.11, 0.09, 0.33, 0.00, 0.00, 0.00, 1.00, 0.00, 0.00, 0.00, 0.00, 0.00, 0.00, 1.00, 0.00, 0.00, 0.00, 0.00, 0.00, 0.00, 0.00, 0.00
285,  0,  9.609,  0.98,  1, 0.04, 0.00, 1.07, 0.00, 0.00, 0.00, 0.00, 1.08, 1.00, 1.50, 0.00, 0.26, 0.00, 0.11, 0.05, 0.30, 0.00, 0.00, 0.00, 1.00, 0.00, 0.00, 0.00, 0.00, 0.00, 0.00, 1.00, 0.00, 0.00, 0.00, 0.00, 0.00, 0.00, 0.00, 0.00
286,  0,  9.643,  0.98,  1, 0.04, 0.00, 1.09, 0.00, 0.00, 0.00, 0.00, 1.02, 0.96, 1.49, 0.00, 0.30, 0.00, 0.14, 0.04, 0.23, 0.00, 0.00, 0.00, 1.00, 0.00, 0.00, 0.00, 0.00, 0.00, 0.00, 1.00, 0.00, 0.00, 0.00, 0.00, 0.00, 0.00, 0.00, 0.00
287,  0,  9.677,  0.98,  1, 0.06, 0.00, 1.06, 0.00, 0.00, 0.00, 0.00, 0.93, 0.95, 1.46, 0.00, 0.32, 0.00, 0.19, 0.00, 0.23, 0.00, 0.00, 0.00, 1.00, 0.00, 0.00, 0.00, 0.00, 0.00, 0.00, 1.00, 0.00, 0.00, 0.00, 0.00, 0.00, 0.00, 0.00, 0.00
288,  0,  9.711,  0.98,  1, 0.05, 0.00, 1.08, 0.00, 0.00, 0.00, 0.00, 0.94, 0.92, 1.51, 0.00, 0.30, 0.00, 0.19, 0.00, 0.19, 0.00, 0.00, 0.00, 1.00, 0.00, 0.00, 0.00, 0.00, 0.00, 0.00, 1.00, 0.00, 0.00, 0.00, 0.00, 0.00, 0.00, 0.00, 0.00
289,  0,  9.744,  0.98,  1, 0.07, 0.02, 1.04, 0.00, 0.00, 0.00, 0.00, 0.96, 0.90, 1.48, 0.00, 0.22, 0.00, 0.15, 0.00, 0.22, 0.00, 0.00, 0.00, 1.00, 0.00, 0.00, 0.00, 0.00, 0.00, 0.00, 1.00, 0.00, 0.00, 0.00, 0.00, 0.00, 0.00, 0.00, 0.00
290,  0,  9.778,  0.98,  1, 0.09, 0.02, 1.06, 0.00, 0.00, 0.00, 0.00, 1.02, 0.88, 1.58, 0.00, 0.16, 0.00, 0.09, 0.00, 0.13, 0.00, 0.00, 0.00, 1.00, 0.00, 0.00, 0.00, 0.00, 0.00, 0.00, 1.00, 0.00, 0.00, 0.00, 0.00, 0.00, 0.00, 0.00, 0.00
291,  0,  9.812,  0.98,  1, 0.11, 0.02, 1.09, 0.00, 0.00, 0.00, 0.00, 1.00, 0.84, 1.61, 0.00, 0.14, 0.00, 0.08, 0.03, 0.14, 0.00, 0.00, 0.00, 1.00, 0.00, 0.00, 0.00, 0.00, 0.00, 0.00, 1.00, 0.00, 0.00, 0.00, 0.00, 0.00, 0.00, 0.00, 0.00
292,  0,  9.846,  0.98,  1, 0.14, 0.00, 1.13, 0.00, 0.00, 0.00, 0.00, 0.96, 0.83, 1.64, 0.00, 0.12, 0.00, 0.08, 0.03, 0.10, 0.00, 0.00, 0.00, 1.00, 0.00, 0.00, 0.00, 0.00, 0.00, 0.00, 1.00, 0.00, 0.00, 0.00, 0.00, 0.00, 0.00, 0.00, 0.00
293,  0,  9.880,  0.98,  1, 0.14, 0.02, 1.13, 0.00, 0.00, 0.00, 0.00, 0.91, 0.83, 1.59, 0.00, 0.07, 0.00, 0.09, 0.10, 0.14, 0.07, 0.00, 0.00, 1.00, 0.00, 0.00, 0.00, 0.00, 0.00, 0.00, 1.00, 0.00, 0.00, 0.00, 0.00, 0.00, 0.00, 0.00, 0.00
294,  0,  9.914,  0.98,  1, 0.18, 0.02, 1.16, 0.00, 0.00, 0.00, 0.00, 0.90, 0.87, 1.53, 0.00, 0.02, 0.00, 0.09, 0.07, 0.13, 0.09, 0.00, 0.00, 1.00, 0.00, 0.00, 0.00, 0.00, 0.00, 0.00, 1.00, 0.00, 0.00, 0.00, 0.00, 0.00, 0.00, 0.00, 0.00
295,  0,  9.947,  0.98,  1, 0.20, 0.02, 1.22, 0.00, 0.00, 0.00, 0.00, 0.92, 0.90, 1.60, 0.00, 0.00, 0.00, 0.07, 0.08, 0.14, 0.11, 0.00, 0.00, 1.00, 0.00, 0.00, 0.00, 0.00, 0.00, 0.00, 1.00, 0.00, 0.00, 0.00, 0.00, 0.00, 0.00, 0.00, 0.00
296,  0,  9.981,  0.98,  1, 0.15, 0.00, 1.21, 0.00, 0.00, 0.00, 0.00, 0.89, 0.89, 1.65, 0.00, 0.01, 0.00, 0.09, 0.00, 0.13, 0.11, 0.00, 0.00, 1.00, 0.00, 0.00, 0.00, 0.00, 0.00, 0.00, 1.00, 0.00, 0.00, 0.00, 0.00, 0.00, 0.00, 0.00, 0.00
297,  0,  10.015,  0.98,  1, 0.12, 0.00, 1.24, 0.00, 0.00, 0.00, 0.00, 0.82, 0.86, 1.69, 0.00, 0.04, 0.00, 0.12, 0.00, 0.15, 0.12, 0.00, 0.00, 1.00, 0.00, 0.00, 0.00, 0.00, 0.00, 0.00, 1.00, 0.00, 0.00, 0.00, 0.00, 0.00, 0.00, 0.00, 0.00
298,  0,  10.049,  0.98,  1, 0.09, 0.00, 1.20, 0.00, 0.00, 0.00, 0.00, 0.80, 0.84, 1.64, 0.00, 0.08, 0.00, 0.15, 0.00, 0.17, 0.10, 0.00, 0.00, 1.00, 0.00, 0.00, 0.00, 0.00, 0.00, 0.00, 1.00, 0.00, 0.00, 0.00, 0.00, 0.00, 0.00, 0.00, 0.00
299,  0,  10.083,  0.98,  1, 0.11, 0.00, 1.19, 0.00, 0.00, 0.00, 0.00, 0.83, 0.86, 1.63, 0.00, 0.14, 0.00, 0.13, 0.00, 0.21, 0.04, 0.00, 0.00, 1.00, 0.00, 0.00, 0.00, 0.00, 0.00, 0.00, 1.00, 0.00, 0.00, 0.00, 0.00, 0.00, 0.00, 0.00, 0.00
300,  0,  10.117,  0.98,  1, 0.17, 0.05, 1.14, 0.00, 0.00, 0.00, 0.00, 0.90, 0.90, 1.57, 0.00, 0.19, 0.00, 0.10, 0.00, 0.21, 0.01, 0.00, 0.00, 1.00, 0.00, 0.00, 0.00, 0.00, 0.00, 0.00, 1.00, 0.00, 0.00, 0.00, 0.00, 0.00, 0.00, 0.00, 0.00
301,  0,  10.150,  0.98,  1, 0.18, 0.05, 1.16, 0.00, 0.00, 0.00, 0.00, 0.92, 0.90, 1.49, 0.00, 0.22, 0.00, 0.09, 0.00, 0.26, 0.01, 0.00, 0.00, 1.00, 0.00, 0.00, 0.00, 0.00, 0.00, 0.00, 1.00, 0.00, 0.00, 0.00, 0.00, 0.00, 0.00, 0.00, 0.00
302,  0,  10.184,  0.98,  1, 0.18, 0.05, 1.17, 0.00, 0.00, 0.00, 0.00, 0.97, 0.96, 1.51, 0.00, 0.28, 0.00, 0.15, 0.00, 0.33, 0.00, 0.00, 0.00, 1.00, 0.00, 0.00, 0.00, 0.00, 0.00, 0.00, 1.00, 0.00, 0.00, 0.00, 0.00, 0.00, 0.00, 0.00, 0.00
303,  0,  10.218,  0.98,  1, 0.15, 0.03, 1.18, 0.00, 0.00, 0.00, 0.00, 0.97, 0.97, 1.56, 0.00, 0.28, 0.00, 0.18, 0.06, 0.28, 0.00, 0.00, 0.00, 1.00, 0.00, 0.00, 0.00, 0.00, 0.00, 0.00, 1.00, 0.00, 0.00, 0.00, 0.00, 0.00, 0.00, 0.00, 0.00
304,  0,  10.252,  0.98,  1, 0.20, 0.13, 1.17, 0.00, 0.00, 0.00, 0.00, 0.97, 1.01, 1.61, 0.00, 0.29, 0.00, 0.20, 0.07, 0.24, 0.00, 0.00, 0.00, 1.00, 0.00, 0.00, 0.00, 0.00, 0.00, 0.00, 1.00, 0.00, 0.00, 0.00, 0.00, 0.00, 0.00, 0.00, 0.00
305,  0,  10.286,  0.98,  1, 0.25, 0.21, 1.19, 0.00, 0.00, 0.00, 0.00, 0.97, 0.99, 1.56, 0.00, 0.29, 0.00, 0.19, 0.13, 0.19, 0.01, 0.00, 0.00, 0.00, 0.00, 0.00, 0.00, 0.00, 0.00, 0.00, 1.00, 0.00, 0.00, 0.00, 0.00, 0.00, 0.00, 0.00, 0.00
306,  0,  10.320,  0.98,  1, 0.25, 0.24, 1.16, 0.00, 0.00, 0.00, 0.00, 0.97, 0.98, 1.45, 0.00, 0.26, 0.00, 0.19, 0.23, 0.17, 0.01, 0.00, 0.00, 0.00, 0.00, 0.00, 0.00, 0.00, 0.00, 0.00, 1.00, 0.00, 0.00, 0.00, 0.00, 0.00, 0.00, 0.00, 0.00
307,  0,  10.353,  0.98,  1, 0.23, 0.22, 1.17, 0.00, 0.00, 0.00, 0.00, 0.97, 0.92, 1.40, 0.00, 0.29, 0.00, 0.18, 0.36, 0.12, 0.01, 0.00, 0.00, 0.00, 0.00, 0.00, 0.00, 0.00, 0.00, 0.00, 1.00, 0.00, 0.00, 0.00, 0.00, 0.00, 0.00, 0.00, 0.00
308,  0,  10.387,  0.98,  1, 0.21, 0.13, 1.15, 0.00, 0.00, 0.00, 0.00, 0.92, 0.90, 1.39, 0.00, 0.17, 0.00, 0.14, 0.44, 0.11, 0.00, 0.00, 0.00, 0.00, 0.00, 0.00, 0.00, 0.00, 0.00, 0.00, 1.00, 0.00, 0.00, 0.00, 0.00, 0.00, 0.00, 0.00, 0.00
309,  0,  10.421,  0.98,  1, 0.18, 0.07, 1.17, 0.00, 0.00, 0.00, 0.00, 0.96, 0.89, 1.50, 0.00, 0.19, 0.00, 0.11, 0.32, 0.13, 0.00, 0.00, 0.00, 1.00, 0.00, 0.00, 0.00, 0.00, 0.00, 0.00, 1.00, 0.00, 0.00, 0.00, 0.00, 0.00, 0.00, 0.00, 0.00
310,  0,  10.455,  0.98,  1, 0.21, 0.02, 1.13, 0.00, 0.00, 0.00, 0.00, 1.03, 0.91, 1.49, 0.00, 0.23, 0.00, 0.11, 0.17, 0.13, 0.00, 0.00, 0.00, 1.00, 0.00, 0.00, 0.00, 0.00, 0.00, 0.00, 1.00, 0.00, 0.00, 0.00, 0.00, 0.00, 0.00, 0.00, 0.00
311,  0,  10.489,  0.98,  1, 0.26, 0.15, 1.15, 0.00, 0.00, 0.00, 0.00, 1.04, 0.89, 1.44, 0.00, 0.29, 0.00, 0.15, 0.05, 0.08, 0.00, 0.00, 0.00, 1.00, 0.00, 0.00, 0.00, 0.00, 0.00, 0.00, 1.00, 0.00, 0.00, 0.00, 0.00, 0.00, 0.00, 0.00, 0.00
312,  0,  10.523,  0.98,  1, 0.27, 0.15, 1.14, 0.00, 0.00, 0.00, 0.00, 0.98, 0.91, 1.36, 0.00, 0.27, 0.00, 0.17, 0.02, 0.09, 0.00, 0.00, 0.00, 1.00, 0.00, 0.00, 0.00, 0.00, 0.00, 0.00, 1.00, 0.00, 0.00, 0.00, 0.00, 0.00, 0.00, 0.00, 0.00
313,  0,  10.556,  0.98,  1, 0.18, 0.13, 1.13, 0.00, 0.00, 0.00, 0.00, 0.92, 0.92, 1.38, 0.00, 0.17, 0.00, 0.18, 0.02, 0.13, 0.00, 0.00, 0.00, 1.00, 0.00, 0.00, 0.00, 0.00, 0.00, 0.00, 1.00, 0.00, 0.00, 0.00, 0.00, 0.00, 0.00, 0.00, 0.00
314,  0,  10.590,  0.98,  1, 0.07, 0.00, 1.08, 0.00, 0.00, 0.00, 0.00, 0.99, 0.99, 1.43, 0.00, 0.22, 0.00, 0.18, 0.00, 0.16, 0.03, 0.00, 0.00, 1.00, 0.00, 0.00, 0.00, 0.00, 0.00, 0.00, 1.00, 0.00, 0.00, 0.00, 0.00, 0.00, 0.00, 0.00, 0.00
315,  0,  10.624,  0.98,  1, 0.04, 0.04, 1.02, 0.00, 0.00, 0.00, 0.00, 1.05, 1.02, 1.47, 0.00, 0.32, 0.00, 0.21, 0.01, 0.22, 0.03, 0.00, 0.00, 1.00, 0.00, 0.00, 0.00, 0.00, 0.00, 0.00, 1.00, 0.00, 0.00, 0.00, 0.00, 0.00, 0.00, 0.00, 0.00
316,  0,  10.658,  0.98,  1, 0.06, 0.04, 1.05, 0.00, 0.00, 0.00, 0.00, 1.12, 1.03, 1.48, 0.00, 0.39, 0.00, 0.18, 0.06, 0.26, 0.03, 0.00, 0.00, 1.00, 0.00, 0.00, 0.00, 0.00, 0.00, 0.00, 1.00, 0.00, 0.00, 0.00, 0.00, 0.00, 0.00, 0.00, 0.00
317,  0,  10.692,  0.98,  1, 0.06, 0.04, 1.10, 0.00, 0.00, 0.00, 0.00, 1.11, 1.00, 1.38, 0.00, 0.41, 0.00, 0.16, 0.12, 0.27, 0.00, 0.00, 0.00, 0.00, 0.00, 0.00, 0.00, 0.00, 0.00, 0.00, 1.00, 0.00, 0.00, 0.00, 0.00, 0.00, 0.00, 0.00, 0.00
318,  0,  10.726,  0.98,  1, 0.11, 0.05, 1.10, 0.00, 0.00, 0.00, 0.00, 1.10, 0.98, 1.32, 0.00, 0.37, 0.00, 0.10, 0.20, 0.25, 0.00, 0.00, 0.00, 0.00, 0.00, 0.00, 0.00, 0.00, 0.00, 0.00, 1.00, 0.00, 0.00, 0.00, 0.00, 0.00, 0.00, 0.00, 0.00
319,  0,  10.759,  0.98,  1, 0.08, 0.05, 1.07, 0.00, 0.00, 0.00, 0.00, 1.13, 0.97, 1.29, 0.00, 0.37, 0.00, 0.08, 0.16, 0.23, 0.00, 0.00, 0.00, 1.00, 0.00, 0.00, 0.00, 0.00, 0.00, 0.00, 1.00, 0.00, 0.00, 0.00, 0.00, 0.00, 0.00, 0.00, 0.00
320,  0,  10.793,  0.98,  1, 0.10, 0.09, 1.05, 0.00, 0.00, 0.00, 0.00, 1.18, 1.00, 1.34, 0.00, 0.32, 0.00, 0.03, 0.16, 0.21, 0.00, 0.00, 0.00, 1.00, 0.00, 0.00, 0.00, 0.00, 0.00, 0.00, 1.00, 0.00, 0.00, 0.00, 0.00, 0.00, 0.00, 0.00, 0.00
321,  0,  10.827,  0.98,  1, 0.08, 0.11, 1.09, 0.00, 0.00, 0.00, 0.00, 1.22, 1.00, 1.44, 0.00, 0.28, 0.00, 0.01, 0.08, 0.14, 0.00, 0.00, 0.00, 0.00, 0.00, 0.00, 0.00, 0.00, 0.00, 0.00, 1.00, 0.00, 0.00, 0.00, 0.00, 0.00, 0.00, 0.00, 0.00
322,  0,  10.861,  0.98,  1, 0.10, 0.11, 1.01, 0.00, 0.00, 0.00, 0.00, 1.15, 1.01, 1.48, 0.00, 0.26, 0.00, 0.06, 0.06, 0.11, 0.00, 0.00, 0.00, 0.00, 0.00, 0.00, 0.00, 0.00, 0.00, 0.00, 1.00, 0.00, 0.00, 0.00, 0.00, 0.00, 0.00, 0.00, 0.00
323,  0,  10.895,  0.98,  1, 0.10, 0.06, 1.00, 0.00, 0.00, 0.00, 0.00, 1.04, 1.04, 1.47, 0.00, 0.27, 0.00, 0.14, 0.03, 0.17, 0.00, 0.00, 0.00, 0.00, 0.00, 0.00, 0.00, 0.00, 0.00, 0.00, 1.00, 0.00, 0.00, 0.00, 0.00, 0.00, 0.00, 0.00, 0.00
324,  0,  10.929,  0.98,  1, 0.05, 0.00, 1.02, 0.00, 0.00, 0.00, 0.00, 0.96, 1.06, 1.52, 0.00, 0.28, 0.00, 0.18, 0.04, 0.27, 0.00, 0.00, 0.00, 1.00, 0.00, 0.00, 0.00, 0.00, 0.00, 0.00, 1.00, 0.00, 0.00, 0.00, 0.00, 0.00, 0.00, 0.00, 0.00
325,  0,  10.962,  0.98,  1, 0.02, 0.00, 1.05, 0.00, 0.00, 0.00, 0.00, 0.92, 1.09, 1.57, 0.00, 0.29, 0.00, 0.16, 0.03, 0.28, 0.00, 0.00, 0.00, 1.00, 0.00, 0.00, 0.00, 0.00, 0.00, 0.00, 1.00, 0.00, 0.00, 0.00, 0.00, 0.00, 0.00, 0.00, 0.00
326,  0,  10.996,  0.98,  1, 0.10, 0.00, 1.06, 0.00, 0.00, 0.00, 0.00, 0.96, 1.10, 1.61, 0.00, 0.28, 0.00, 0.13, 0.02, 0.15, 0.00, 0.00, 0.00, 1.00, 0.00, 0.00, 0.00, 0.00, 0.00, 0.00, 1.00, 0.00, 0.00, 0.00, 0.00, 0.00, 0.00, 0.00, 0.00
327,  0,  11.030,  0.98,  1, 0.17, 0.08, 1.02, 0.00, 0.00, 0.00, 0.00, 0.97, 1.14, 1.52, 0.00, 0.30, 0.00, 0.15, 0.01, 0.09, 0.00, 0.00, 0.00, 1.00, 0.00, 0.00, 0.00, 0.00, 0.00, 0.00, 1.00, 0.00, 0.00, 0.00, 0.00, 0.00, 0.00, 0.00, 0.00
328,  0,  11.064,  0.98,  1, 0.26, 0.10, 1.07, 0.00, 0.00, 0.00, 0.00, 1.00, 1.14, 1.47, 0.00, 0.24, 0.00, 0.18, 0.06, 0.08, 0.00, 0.00, 0.00, 1.00, 0.00, 0.00, 0.00, 0.00, 0.00, 0.00, 1.00, 0.00, 0.00, 0.00, 0.00, 0.00, 0.00, 0.00, 0.00
329,  0,  11.098,  0.98,  1, 0.26, 0.14, 1.04, 0.00, 0.00, 0.00, 0.00, 1.09, 1.12, 1.51, 0.00, 0.30, 0.00, 0.20, 0.10, 0.14, 0.00, 0.00, 0.00, 0.00, 0.00, 0.00, 0.00, 0.00, 0.00, 0.00, 1.00, 0.00, 0.00, 0.00, 0.00, 0.00, 0.00, 0.00, 0.00
330,  0,  11.132,  0.98,  1, 0.20, 0.14, 1.00, 0.00, 0.00, 0.00, 0.00, 1.11, 1.08, 1.52, 0.00, 0.22, 0.00, 0.20, 0.10, 0.13, 0.00, 0.00, 0.00, 0.00, 0.00, 0.00, 0.00, 0.00, 0.00, 0.00, 1.00, 0.00, 0.00, 0.00, 0.00, 0.00, 0.00, 0.00, 0.00
331,  0,  11.165,  0.98,  1, 0.20, 0.18, 0.96, 0.00, 0.00, 0.00, 0.00, 1.07, 1.02, 1.54, 0.00, 0.24, 0.00, 0.23, 0.04, 0.10, 0.00, 0.00, 0.00, 0.00, 0.00, 0.00, 0.00, 0.00, 0.00, 0.00, 1.00, 0.00, 0.00, 0.00, 0.00, 0.00, 0.00, 0.00, 0.00
332,  0,  11.199,  0.98,  1, 0.14, 0.18, 0.96, 0.00, 0.00, 0.00, 0.00, 0.99, 1.01, 1.51, 0.00, 0.09, 0.00, 0.23, 0.01, 0.09, 0.00, 0.00, 0.00, 0.00, 0.00, 0.00, 0.00, 0.00, 0.00, 0.00, 1.00, 0.00, 0.00, 0.00, 0.00, 0.00, 0.00, 0.00, 0.00
333,  0,  11.233,  0.98,  1, 0.15, 0.17, 0.94, 0.00, 0.00, 0.00, 0.00, 0.97, 1.02, 1.55, 0.00, 0.17, 0.00, 0.26, 0.01, 0.12, 0.00, 0.00, 0.00, 0.00, 0.00, 0.00, 0.00, 0.00, 0.00, 0.00, 1.00, 0.00, 0.00, 0.00, 0.00, 0.00, 0.00, 0.00, 0.00
334,  0,  11.267,  0.98,  1, 0.14, 0.17, 0.93, 0.00, 0.00, 0.00, 0.00, 1.03, 1.04, 1.64, 0.00, 0.12, 0.00, 0.25, 0.01, 0.17, 0.00, 0.00, 0.00, 0.00, 0.00, 0.00, 0.00, 0.00, 0.00, 0.00, 1.00, 0.00, 0.00, 0.00, 0.00, 0.00, 0.00, 0.00, 0.00
335,  0,  11.301,  0.98,  1, 0.15, 0.14, 0.95, 0.00, 0.00, 0.00, 0.00, 1.04, 1.05, 1.68, 0.00, 0.14, 0.00, 0.22, 0.00, 0.16, 0.00, 0.00, 0.00, 0.00, 0.00, 0.00, 0.00, 0.00, 0.00, 0.00, 1.00, 0.00, 0.00, 0.00, 0.00, 0.00, 0.00, 0.00, 0.00
336,  0,  11.335,  0.98,  1, 0.14, 0.07, 0.97, 0.00, 0.00, 0.00, 0.00, 1.08, 1.06, 1.64, 0.00, 0.13, 0.00, 0.20, 0.03, 0.22, 0.00, 0.00, 0.00, 0.00, 0.00, 0.00, 0.00, 0.00, 0.00, 0.00, 1.00, 0.00, 0.00, 0.00, 0.00, 0.00, 0.00, 0.00, 0.00
337,  0,  11.368,  0.98,  1, 0.17, 0.04, 1.05, 0.00, 0.00, 0.00, 0.00, 1.09, 1.05, 1.51, 0.00, 0.22, 0.00, 0.16, 0.08, 0.25, 0.00, 0.00, 0.00, 1.00, 0.00, 0.00, 0.00, 0.00, 0.00, 0.00, 1.00, 0.00, 0.00, 0.00, 0.00, 0.00, 0.00, 0.00, 0.00
338,  0,  11.402,  0.98,  1, 0.23, 0.02, 1.04, 0.00, 0.00, 0.00, 0.00, 1.12, 1.02, 1.39, 0.00, 0.26, 0.00, 0.16, 0.08, 0.32, 0.00, 0.00, 0.00, 1.00, 0.00, 0.00, 0.00, 0.00, 0.00, 0.00, 1.00, 0.00, 0.00, 0.00, 0.00, 0.00, 0.00, 0.00, 0.00
339,  0,  11.436,  0.98,  1, 0.28, 0.02, 1.09, 0.00, 0.00, 0.00, 0.00, 1.11, 0.97, 1.30, 0.00, 0.18, 0.00, 0.11, 0.04, 0.19, 0.00, 0.00, 0.00, 1.00, 0.00, 0.00, 0.00, 0.00, 0.00, 0.00, 1.00, 0.00, 0.00, 0.00, 0.00, 0.00, 0.00, 0.00, 0.00
340,  0,  11.470,  0.98,  1, 0.21, 0.01, 1.13, 0.00, 0.00, 0.00, 0.00, 1.09, 0.97, 1.29, 0.00, 0.15, 0.00, 0.15, 0.00, 0.17, 0.07, 0.00, 0.00, 1.00, 0.00, 0.00, 0.00, 0.00, 0.00, 0.00, 1.00, 0.00, 0.00, 0.00, 0.00, 0.00, 0.00, 0.00, 0.00
341,  0,  11.504,  0.98,  1, 0.20, 0.03, 1.22, 0.00, 0.00, 0.00, 0.00, 1.04, 0.96, 1.31, 0.00, 0.12, 0.00, 0.15, 0.00, 0.15, 0.12, 0.00, 0.00, 1.00, 0.00, 0.00, 0.00, 0.00, 0.00, 0.00, 1.00, 0.00, 0.00, 0.00, 0.00, 0.00, 0.00, 0.00, 0.00
342,  0,  11.538,  0.98,  1, 0.20, 0.12, 1.24, 0.00, 0.00, 0.00, 0.00, 0.98, 0.96, 1.43, 0.00, 0.17, 0.00, 0.21, 0.00, 0.19, 0.13, 0.00, 0.00, 1.00, 0.00, 0.00, 0.00, 0.00, 0.00, 0.00, 1.00, 0.00, 0.00, 0.00, 0.00, 0.00, 0.00, 0.00, 0.00
343,  0,  11.571,  0.98,  1, 0.23, 0.12, 1.16, 0.00, 0.00, 0.00, 0.00, 0.95, 0.91, 1.50, 0.00, 0.10, 0.00, 0.20, 0.09, 0.20, 0.10, 0.00, 0.00, 1.00, 0.00, 0.00, 0.00, 0.00, 0.00, 0.00, 1.00, 0.00, 0.00, 0.00, 0.00, 0.00, 0.00, 0.00, 0.00
344,  0,  11.605,  0.98,  1, 0.18, 0.09, 1.14, 0.00, 0.00, 0.00, 0.00, 0.96, 0.89, 1.50, 0.00, 0.13, 0.01, 0.25, 0.09, 0.15, 0.16, 0.00, 0.00, 1.00, 0.00, 0.00, 0.00, 0.00, 0.00, 0.00, 1.00, 0.00, 0.00, 0.00, 0.00, 0.00, 0.00, 0.00, 0.00
345,  0,  11.639,  0.98,  1, 0.13, 0.00, 1.12, 0.00, 0.00, 0.00, 0.00, 1.01, 0.88, 1.43, 0.00, 0.13, 0.01, 0.21, 0.09, 0.11, 0.18, 0.00, 0.00, 1.00, 0.00, 0.00, 0.00, 0.00, 0.00, 0.00, 1.00, 0.00, 0.00, 0.00, 0.00, 0.00, 0.00, 0.00, 0.00
346,  0,  11.673,  0.98,  1, 0.09, 0.00, 1.15, 0.00, 0.00, 0.00, 0.00, 1.05, 0.89, 1.38, 0.00, 0.21, 0.01, 0.26, 0.00, 0.13, 0.24, 0.00, 0.00, 1.00, 0.00, 0.00, 0.00, 0.00, 0.00, 0.00, 1.00, 0.00, 0.00, 0.00, 0.00, 0.00, 0.00, 0.00, 0.00
347,  0,  11.707,  0.98,  1, 0.05, 0.00, 1.12, 0.00, 0.00, 0.00, 0.00, 1.06, 0.90, 1.37, 0.00, 0.20, 0.00, 0.19, 0.00, 0.16, 0.19, 0.00, 0.00, 1.00, 0.00, 0.00, 0.00, 0.00, 0.00, 0.00, 1.00, 0.00, 0.00, 0.00, 0.00, 0.00, 0.00, 0.00, 0.00
348,  0,  11.741,  0.98,  1, 0.05, 0.00, 1.15, 0.00, 0.00, 0.00, 0.00, 1.05, 0.91, 1.42, 0.00, 0.16, 0.00, 0.21, 0.01, 0.22, 0.16, 0.00, 0.00, 1.00, 0.00, 0.00, 0.00, 0.00, 0.00, 0.00, 1.00, 0.00, 0.00, 0.00, 0.00, 0.00, 0.00, 0.00, 0.00
349,  0,  11.774,  0.98,  1, 0.07, 0.00, 1.15, 0.00, 0.00, 0.00, 0.00, 1.05, 0.93, 1.54, 0.00, 0.11, 0.00, 0.12, 0.11, 0.17, 0.09, 0.00, 0.00, 1.00, 0.00, 0.00, 0.00, 0.00, 0.00, 0.00, 1.00, 0.00, 0.00, 0.00, 0.00, 0.00, 0.00, 0.00, 0.00
350,  0,  11.808,  0.98,  1, 0.08, 0.00, 1.16, 0.00, 0.00, 0.00, 0.00, 1.07, 0.95, 1.66, 0.00, 0.07, 0.00, 0.14, 0.18, 0.13, 0.03, 0.00, 0.00, 1.00, 0.00, 0.00, 0.00, 0.00, 0.00, 0.00, 1.00, 0.00, 0.00, 0.00, 0.00, 0.00, 0.00, 0.00, 0.00
351,  0,  11.842,  0.98,  1, 0.10, 0.00, 1.13, 0.00, 0.00, 0.00, 0.00, 1.05, 0.98, 1.65, 0.00, 0.05, 0.00, 0.11, 0.31, 0.08, 0.11, 0.00, 0.00, 1.00, 0.00, 0.00, 0.00, 0.00, 0.00, 0.00, 1.00, 0.00, 0.00, 0.00, 0.00, 0.00, 0.00, 0.00, 0.00
352,  0,  11.876,  0.98,  1, 0.07, 0.00, 1.12, 0.00, 0.00, 0.00, 0.00, 1.03, 1.01, 1.57, 0.00, 0.01, 0.00, 0.13, 0.29, 0.05, 0.13, 0.00, 0.00, 1.00, 0.00, 0.00, 0.00, 0.00, 0.00, 0.00, 1.00, 0.00, 0.00, 0.00, 0.00, 0.00, 0.00, 0.00, 0.00
353,  0,  11.910,  0.98,  1, 0.08, 0.00, 1.09, 0.00, 0.00, 0.00, 0.00, 1.02, 1.02, 1.51, 0.00, 0.00, 0.00, 0.11, 0.28, 0.02, 0.13, 0.00, 0.00, 0.00, 0.00, 0.00, 0.00, 0.00, 0.00, 0.00, 1.00, 0.00, 0.00, 0.00, 0.00, 0.00, 0.00, 0.00, 0.00
354,  0,  11.944,  0.98,  1, 0.03, 0.00, 1.13, 0.00, 0.00, 0.00, 0.00, 1.09, 1.06, 1.54, 0.00, 0.09, 0.00, 0.11, 0.19, 0.05, 0.10, 0.00, 0.00, 0.00, 0.00, 0.00, 0.00, 0.00, 0.00, 0.00, 1.00, 0.00, 0.00, 0.00, 0.00, 0.00, 0.00, 0.00, 0.00
355,  0,  11.977,  0.98,  1, 0.05, 0.01, 1.14, 0.00, 0.00, 0.00, 0.00, 1.12, 1.07, 1.52, 0.00, 0.13, 0.00, 0.15, 0.20, 0.12, 0.12, 0.00, 0.00, 1.00, 0.00, 0.00, 0.00, 0.00, 0.00, 0.00, 1.00, 0.00, 0.00, 0.00, 0.00, 0.00, 0.00, 0.00, 0.00
356,  0,  12.011,  0.98,  1, 0.05, 0.01, 1.18, 0.00, 0.00, 0.00, 0.00, 1.14, 1.08, 1.52, 0.00, 0.18, 0.00, 0.20, 0.22, 0.18, 0.18, 0.00, 0.00, 1.00, 0.00, 0.00, 0.00, 0.00, 0.00, 0.00, 1.00, 0.00, 0.00, 0.00, 0.00, 0.00, 0.00, 0.00, 0.00
357,  0,  12.045,  0.98,  1, 0.07, 0.01, 1.14, 0.00, 0.00, 0.00, 0.00, 1.12, 1.05, 1.53, 0.00, 0.13, 0.00, 0.21, 0.18, 0.15, 0.14, 0.00, 0.00, 1.00, 0.00, 0.00, 0.00, 0.00, 0.00, 0.00, 1.00, 0.00, 0.00, 0.00, 0.00, 0.00, 0.00, 0.00, 0.00
358,  0,  12.079,  0.98,  1, 0.07, 0.08, 1.20, 0.00, 0.00, 0.00, 0.00, 1.16, 1.07, 1.59, 0.01, 0.17, 0.00, 0.19, 0.11, 0.10, 0.08, 0.00, 0.00, 1.00, 0.00, 0.00, 0.00, 0.00, 0.00, 0.00, 1.00, 0.00, 0.00, 0.00, 0.00, 0.00, 0.00, 0.00, 0.00
359,  0,  12.113,  0.98,  1, 0.09, 0.12, 1.16, 0.00, 0.00, 0.00, 0.00, 1.13, 1.04, 1.56, 0.01, 0.13, 0.00, 0.17, 0.08, 0.09, 0.00, 0.00, 0.00, 1.00, 0.00, 0.00, 0.00, 0.00, 0.00, 0.00, 1.00, 0.00, 0.00, 0.00, 0.00, 0.00, 0.00, 0.00, 0.00
360,  0,  12.147,  0.98,  1, 0.16, 0.25, 1.17, 0.00, 0.00, 0.00, 0.00, 1.09, 1.03, 1.49, 0.01, 0.09, 0.00, 0.19, 0.13, 0.13, 0.00, 0.00, 0.00, 1.00, 0.00, 0.00, 0.00, 0.00, 0.00, 0.00, 1.00, 0.00, 0.00, 0.00, 0.00, 0.00, 0.00, 0.00, 0.00
361,  0,  12.180,  0.98,  1, 0.26, 0.17, 1.18, 0.00, 0.00, 0.00, 0.00, 0.99, 0.96, 1.38, 0.00, 0.01, 0.00, 0.16, 0.18, 0.15, 0.00, 0.00, 0.00, 1.00, 0.00, 0.00, 0.00, 0.00, 0.00, 0.00, 1.00, 0.00, 0.00, 0.00, 0.00, 0.00, 0.00, 0.00, 0.00
362,  0,  12.214,  0.98,  1, 0.34, 0.19, 1.23, 0.00, 0.00, 0.00, 0.00, 0.96, 0.97, 1.38, 0.00, 0.02, 0.00, 0.17, 0.18, 0.10, 0.00, 0.00, 0.00, 1.00, 0.00, 0.00, 0.00, 0.00, 0.00, 0.00, 1.00, 0.00, 0.00, 0.00, 0.00, 0.00, 0.00, 0.00, 0.00
363,  0,  12.248,  0.98,  1, 0.33, 0.08, 1.28, 0.00, 0.00, 0.00, 0.00, 0.97, 0.97, 1.38, 0.00, 0.07, 0.00, 0.16, 0.22, 0.07, 0.00, 0.00, 0.00, 1.00, 0.00, 0.00, 0.00, 0.00, 0.00, 0.00, 1.00, 0.00, 0.00, 0.00, 0.00, 0.00, 0.00, 0.00, 0.00
364,  0,  12.282,  0.98,  1, 0.21, 0.08, 1.21, 0.00, 0.00, 0.00, 0.00, 1.08, 0.99, 1.49, 0.00, 0.08, 0.00, 0.16, 0.20, 0.16, 0.00, 0.00, 0.00, 1.00, 0.00, 0.00, 0.00, 0.00, 0.00, 0.00, 1.00, 0.00, 0.00, 0.00, 0.00, 0.00, 0.00, 0.00, 0.00
365,  0,  12.316,  0.98,  1, 0.16, 0.09, 1.20, 0.00, 0.00, 0.00, 0.00, 1.15, 0.96, 1.57, 0.00, 0.07, 0.00, 0.14, 0.24, 0.25, 0.00, 0.00, 0.00, 1.00, 0.00, 0.00, 0.00, 0.00, 0.00, 0.00, 1.00, 0.00, 0.00, 0.00, 0.00, 0.00, 0.00, 0.00, 0.00
366,  0,  12.350,  0.98,  1, 0.13, 0.06, 1.16, 0.00, 0.00, 0.00, 0.00, 1.22, 0.97, 1.62, 0.00, 0.07, 0.00, 0.11, 0.16, 0.27, 0.00, 0.00, 0.00, 1.00, 0.00, 0.00, 0.00, 0.00, 0.00, 0.00, 1.00, 0.00, 0.00, 0.00, 0.00, 0.00, 0.00, 0.00, 0.00
367,  0,  12.383,  0.98,  1, 0.16, 0.06, 1.18, 0.00, 0.00, 0.00, 0.00, 1.19, 0.95, 1.63, 0.00, 0.05, 0.00, 0.10, 0.24, 0.23, 0.04, 0.00, 0.00, 1.00, 0.00, 0.00, 0.00, 0.00, 0.00, 0.00, 1.00, 0.00, 0.00, 0.00, 0.00, 0.00, 0.00, 0.00, 0.00
368,  0,  12.417,  0.98,  1, 0.10, 0.00, 1.20, 0.00, 0.00, 0.00, 0.00, 1.23, 1.01, 1.57, 0.00, 0.07, 0.00, 0.12, 0.22, 0.20, 0.04, 0.00, 0.00, 1.00, 0.00, 0.00, 0.00, 0.00, 0.00, 0.00, 1.00, 0.00, 0.00, 0.00, 0.00, 0.00, 0.00, 0.00, 0.00
369,  0,  12.451,  0.98,  1, 0.08, 0.00, 1.19, 0.00, 0.00, 0.00, 0.00, 1.22, 0.98, 1.57, 0.00, 0.02, 0.00, 0.13, 0.29, 0.22, 0.04, 0.00, 0.00, 1.00, 0.00, 0.00, 0.00, 0.00, 0.00, 0.00, 1.00, 0.00, 0.00, 0.00, 0.00, 0.00, 0.00, 0.00, 0.00
370,  0,  12.485,  0.98,  1, 0.06, 0.00, 1.16, 0.00, 0.00, 0.00, 0.00, 1.24, 0.98, 1.54, 0.00, 0.08, 0.00, 0.14, 0.15, 0.18, 0.00, 0.00, 0.00, 1.00, 0.00, 0.00, 0.00, 0.00, 0.00, 0.00, 1.00, 0.00, 0.00, 0.00, 0.00, 0.00, 0.00, 0.00, 0.00
371,  0,  12.519,  0.98,  1, 0.17, 0.07, 1.13, 0.00, 0.00, 0.00, 0.00, 1.20, 0.90, 1.49, 0.00, 0.11, 0.00, 0.12, 0.17, 0.13, 0.02, 0.00, 0.00, 1.00, 0.00, 0.00, 0.00, 0.00, 0.00, 0.00, 1.00, 0.00, 0.00, 0.00, 0.00, 0.00, 0.00, 0.00, 0.00
372,  0,  12.553,  0.98,  1, 0.16, 0.07, 1.12, 0.00, 0.00, 0.00, 0.00, 1.18, 0.89, 1.45, 0.00, 0.16, 0.00, 0.13, 0.08, 0.13, 0.02, 0.00, 0.00, 1.00, 0.00, 0.00, 0.00, 0.00, 0.00, 0.00, 1.00, 0.00, 0.00, 0.00, 0.00, 0.00, 0.00, 0.00, 0.00
373,  0,  12.586,  0.98,  1, 0.21, 0.12, 1.14, 0.00, 0.00, 0.00, 0.00, 1.14, 0.83, 1.40, 0.00, 0.11, 0.00, 0.14, 0.17, 0.10, 0.07, 0.00, 0.00, 1.00, 0.00, 0.00, 0.00, 0.00, 0.00, 0.00, 1.00, 0.00, 0.00, 0.00, 0.00, 0.00, 0.00, 0.00, 0.00
374,  0,  12.620,  0.98,  1, 0.11, 0.05, 1.15, 0.00, 0.00, 0.00, 0.00, 1.14, 0.83, 1.43, 0.00, 0.07, 0.00, 0.18, 0.14, 0.15, 0.06, 0.00, 0.00, 1.00, 0.00, 0.00, 0.00, 0.00, 0.00, 0.00, 1.00, 0.00, 0.00, 0.00, 0.00, 0.00, 0.00, 0.00, 0.00
375,  0,  12.654,  0.98,  1, 0.14, 0.08, 1.20, 0.00, 0.00, 0.00, 0.00, 1.08, 0.80, 1.45, 0.00, 0.02, 0.00, 0.17, 0.21, 0.18, 0.13, 0.00, 0.00, 1.00, 0.00, 0.00, 0.00, 0.00, 0.00, 0.00, 1.00, 0.00, 0.00, 0.00, 0.00, 0.00, 0.00, 0.00, 0.00
376,  0,  12.688,  0.98,  1, 0.11, 0.03, 1.23, 0.00, 0.00, 0.00, 0.00, 1.09, 0.84, 1.40, 0.00, 0.02, 0.00, 0.15, 0.12, 0.20, 0.13, 0.00, 0.00, 1.00, 0.00, 0.00, 0.00, 0.00, 0.00, 0.00, 1.00, 0.00, 0.00, 0.00, 0.00, 0.00, 0.00, 0.00, 0.00
377,  0,  12.722,  0.98,  1, 0.16, 0.03, 1.26, 0.00, 0.00, 0.00, 0.00, 1.11, 0.85, 1.44, 0.00, 0.01, 0.00, 0.11, 0.14, 0.13, 0.21, 0.00, 0.00, 1.00, 0.00, 0.00, 0.00, 0.00, 0.00, 0.00, 1.00, 0.00, 0.00, 0.00, 0.00, 0.00, 0.00, 0.00, 0.00
378,  0,  12.756,  0.98,  1, 0.12, 0.00, 1.29, 0.00, 0.00, 0.00, 0.00, 1.15, 0.86, 1.47, 0.00, 0.05, 0.00, 0.13, 0.11, 0.13, 0.14, 0.00, 0.00, 1.00, 0.00, 0.00, 0.00, 0.00, 0.00, 0.00, 1.00, 0.00, 0.00, 0.00, 0.00, 0.00, 0.00, 0.00, 0.00
379,  0,  12.789,  0.98,  1, 0.10, 0.00, 1.33, 0.00, 0.00, 0.00, 0.00, 1.11, 0.87, 1.56, 0.00, 0.06, 0.00, 0.15, 0.13, 0.08, 0.14, 0.00, 0.00, 1.00, 0.00, 0.00, 0.00, 0.00, 0.00, 0.00, 1.00, 0.00, 0.00, 0.00, 0.00, 0.00, 0.00, 0.00, 0.00
380,  0,  12.823,  0.98,  1, 0.06, 0.00, 1.32, 0.00, 0.00, 0.00, 0.00, 1.10, 0.88, 1.57, 0.00, 0.08, 0.00, 0.16, 0.11, 0.10, 0.12, 0.00, 0.00, 1.00, 0.00, 0.00, 0.00, 0.00, 0.00, 0.00, 1.00, 0.00, 0.00, 0.00, 0.00, 0.00, 0.00, 0.00, 0.00
381,  0,  12.857,  0.98,  1, 0.04, 0.00, 1.26, 0.00, 0.00, 0.00, 0.00, 1.10, 0.89, 1.52, 0.00, 0.05, 0.00, 0.14, 0.07, 0.10, 0.14, 0.00, 0.00, 1.00, 0.00, 0.00, 0.00, 0.00, 0.00, 0.00, 1.00, 0.00, 0.00, 0.00, 0.00, 0.00, 0.00, 0.00, 0.00
382,  0,  12.891,  0.98,  1, 0.06, 0.05, 1.23, 0.00, 0.00, 0.00, 0.00, 1.16, 0.89, 1.53, 0.00, 0.08, 0.00, 0.12, 0.08, 0.17, 0.09, 0.00, 0.00, 1.00, 0.00, 0.00, 0.00, 0.00, 0.00, 0.00, 1.00, 0.00, 0.00, 0.00, 0.00, 0.00, 0.00, 0.00, 0.00
383,  0,  12.925,  0.98,  1, 0.05, 0.11, 1.26, 0.00, 0.00, 0.00, 0.04, 1.13, 0.86, 1.49, 0.00, 0.06, 0.00, 0.12, 0.04, 0.18, 0.08, 0.00, 0.00, 1.00, 0.00, 0.00, 0.00, 0.00, 0.00, 0.00, 1.00, 0.00, 0.00, 0.00, 0.00, 0.00, 0.00, 0.00, 0.00
384,  0,  12.959,  0.98,  1, 0.11, 0.19, 1.26, 0.00, 0.00, 0.00, 0.04, 1.14, 0.85, 1.57, 0.00, 0.10, 0.00, 0.13, 0.03, 0.17, 0.05, 0.00, 0.00, 1.00, 0.00, 0.00, 0.00, 0.00, 0.00, 0.00, 1.00, 0.00, 0.00, 0.00, 0.00, 0.00, 0.00, 0.00, 0.00
385,  0,  12.992,  0.98,  1, 0.16, 0.22, 1.24, 0.00, 0.00, 0.00, 0.04, 1.11, 0.81, 1.54, 0.00, 0.07, 0.00, 0.14, 0.00, 0.10, 0.07, 0.00, 0.00, 1.00, 0.00, 0.00, 0.00, 0.00, 0.00, 0.00, 1.00, 0.00, 0.00, 0.00, 0.00, 0.00, 0.00, 0.00, 0.00
386,  0,  13.026,  0.98,  1, 0.21, 0.17, 1.17, 0.00, 0.00, 0.00, 0.00, 1.10, 0.82, 1.52, 0.00, 0.12, 0.00, 0.16, 0.04, 0.12, 0.02, 0.00, 0.00, 1.00, 0.00, 0.00, 0.00, 0.00, 0.00, 0.00, 1.00, 0.00, 0.00, 0.00, 0.00, 0.00, 0.00, 0.00, 0.00
387,  0,  13.060,  0.98,  1, 0.17, 0.11, 1.18, 0.00, 0.00, 0.00, 0.00, 1.07, 0.80, 1.44, 0.00, 0.06, 0.00, 0.14, 0.04, 0.06, 0.10, 0.00, 0.00, 1.00, 0.00, 0.00, 0.00, 0.00, 0.00, 0.00, 1.00, 0.00, 0.00, 0.00, 0.00, 0.00, 0.00, 0.00, 0.00
388,  0,  13.094,  0.98,  1, 0.14, 0.03, 1.24, 0.00, 0.00, 0.00, 0.00, 1.06, 0.82, 1.41, 0.00, 0.10, 0.00, 0.12, 0.08, 0.11, 0.09, 0.00, 0.00, 1.00, 0.00, 0.00, 0.00, 0.00, 0.00, 0.00, 1.00, 0.00, 0.00, 0.00, 0.00, 0.00, 0.00, 0.00, 0.00
389,  0,  13.128,  0.98,  1, 0.17, 0.02, 1.34, 0.00, 0.00, 0.00, 0.01, 1.10, 0.81, 1.42, 0.00, 0.06, 0.00, 0.08, 0.05, 0.15, 0.16, 0.00, 0.00, 1.00, 0.00, 0.00, 0.00, 0.00, 0.00, 0.00, 1.00, 0.00, 0.00, 0.00, 0.00, 0.00, 0.00, 0.00, 0.00
390,  0,  13.162,  0.98,  1, 0.16, 0.00, 1.44, 0.00, 0.00, 0.00, 0.01, 1.12, 0.85, 1.47, 0.00, 0.10, 0.00, 0.05, 0.12, 0.24, 0.16, 0.00, 0.00, 1.00, 0.00, 0.00, 0.00, 0.00, 0.00, 0.00, 1.00, 0.00, 0.00, 0.00, 0.00, 0.00, 0.00, 0.00, 0.00
391,  0,  13.196,  0.98,  1, 0.11, 0.00, 1.51, 0.00, 0.00, 0.00, 0.01, 1.15, 0.84, 1.48, 0.00, 0.05, 0.00, 0.03, 0.18, 0.23, 0.27, 0.00, 0.00, 1.00, 0.00, 0.00, 0.00, 0.00, 0.00, 0.00, 1.00, 0.00, 0.00, 0.00, 0.00, 0.00, 0.00, 0.00, 0.00
392,  0,  13.229,  0.98,  1, 0.08, 0.01, 1.55, 0.00, 0.00, 0.00, 0.00, 1.14, 0.87, 1.51, 0.00, 0.07, 0.00, 0.01, 0.21, 0.14, 0.26, 0.00, 0.00, 1.00, 0.00, 0.00, 0.00, 0.00, 0.00, 0.00, 1.00, 0.00, 0.00, 0.00, 0.00, 0.00, 0.00, 0.00, 0.00
393,  0,  13.263,  0.98,  1, 0.12, 0.01, 1.56, 0.00, 0.00, 0.00, 0.02, 1.13, 0.84, 1.49, 0.00, 0.03, 0.00, 0.00, 0.17, 0.06, 0.18, 0.00, 0.00, 1.00, 0.00, 0.00, 0.00, 0.00, 0.00, 0.00, 1.00, 0.00, 0.00, 0.00, 0.00, 0.00, 0.00, 0.00, 0.00
394,  0,  13.297,  0.98,  1, 0.15, 0.02, 1.56, 0.00, 0.00, 0.00, 0.02, 1.16, 0.86, 1.53, 0.00, 0.07, 0.00, 0.00, 0.07, 0.04, 0.07, 0.00, 0.00, 1.00, 0.00, 0.00, 0.00, 0.00, 0.00, 0.00, 1.00, 0.00, 0.00, 0.00, 0.00, 0.00, 0.00, 0.00, 0.00
395,  0,  13.331,  0.98,  1, 0.16, 0.04, 1.55, 0.00, 0.00, 0.00, 0.03, 1.16, 0.85, 1.45, 0.00, 0.07, 0.00, 0.00, 0.03, 0.07, 0.08, 0.00, 0.00, 1.00, 0.00, 0.00, 0.00, 0.00, 0.00, 0.00, 1.00, 0.00, 0.00, 0.00, 0.00, 0.00, 0.00, 0.00, 0.00
396,  0,  13.365,  0.98,  1, 0.18, 0.04, 1.52, 0.00, 0.00, 0.00, 0.01, 1.17, 0.85, 1.33, 0.00, 0.15, 0.00, 0.01, 0.00, 0.11, 0.08, 0.00, 0.00, 1.00, 0.00, 0.00, 0.00, 0.00, 0.00, 0.00, 1.00, 0.00, 0.00, 0.00, 0.00, 0.00, 0.00, 0.00, 0.00
397,  0,  13.399,  0.98,  1, 0.18, 0.02, 1.45, 0.00, 0.00, 0.00, 0.01, 1.13, 0.79, 1.21, 0.00, 0.16, 0.00, 0.01, 0.05, 0.14, 0.14, 0.00, 0.00, 1.00, 0.00, 0.00, 0.00, 0.00, 0.00, 0.00, 1.00, 0.00, 0.00, 0.00, 0.00, 0.00, 0.00, 0.00, 0.00
398,  0,  13.432,  0.98,  1, 0.18, 0.00, 1.42, 0.00, 0.00, 0.00, 0.00, 1.04, 0.78, 1.19, 0.00, 0.20, 0.00, 0.04, 0.06, 0.13, 0.16, 0.00, 0.00, 1.00, 0.00, 0.00, 0.00, 0.00, 0.00, 0.00, 1.00, 0.00, 0.00, 0.00, 0.00, 0.00, 0.00, 0.00, 0.00
399,  0,  13.466,  0.98,  1, 0.11, 0.00, 1.40, 0.00, 0.00, 0.00, 0.00, 1.01, 0.76, 1.16, 0.00, 0.16, 0.00, 0.04, 0.09, 0.08, 0.25, 0.00, 0.00, 1.00, 0.00, 0.00, 0.00, 0.00, 0.00, 0.00, 1.00, 0.00, 0.00, 0.00, 0.00, 0.00, 0.00, 0.00, 0.00
400,  0,  13.500,  0.98,  1, 0.07, 0.00, 1.42, 0.00, 0.00, 0.00, 0.00, 0.99, 0.78, 1.15, 0.00, 0.15, 0.00, 0.09, 0.06, 0.01, 0.18, 0.00, 0.00, 1.00, 0.00, 0.00, 0.00, 0.00, 0.00, 0.00, 1.00, 0.00, 0.00, 0.00, 0.00, 0.00, 0.00, 0.00, 0.00
401,  0,  13.534,  0.98,  1, 0.02, 0.01, 1.37, 0.00, 0.00, 0.00, 0.00, 1.02, 0.74, 1.12, 0.00, 0.12, 0.00, 0.06, 0.12, 0.00, 0.10, 0.00, 0.00, 1.00, 0.00, 0.00, 0.00, 0.00, 0.00, 0.00, 1.00, 0.00, 0.00, 0.00, 0.00, 0.00, 0.00, 0.00, 0.00
402,  0,  13.568,  0.98,  1, 0.02, 0.01, 1.29, 0.00, 0.00, 0.00, 0.00, 1.00, 0.77, 1.23, 0.00, 0.22, 0.00, 0.05, 0.08, 0.00, 0.17, 0.00, 0.00, 1.00, 0.00, 0.00, 0.00, 0.00, 0.00, 0.00, 1.00, 0.00, 0.00, 0.00, 0.00, 0.00, 0.00, 0.00, 0.00
403,  0,  13.602,  0.98,  1, 0.10, 0.02, 1.27, 0.00, 0.00, 0.00, 0.00, 0.98, 0.75, 1.24, 0.01, 0.25, 0.00, 0.00, 0.12, 0.06, 0.20, 0.00, 0.00, 1.00, 0.00, 0.00, 0.00, 0.00, 0.00, 0.00, 1.00, 0.00, 0.00, 0.00, 0.00, 0.00, 0.00, 0.00, 0.00
404,  0,  13.635,  0.98,  1, 0.14, 0.01, 1.29, 0.00, 0.00, 0.00, 0.00, 0.94, 0.78, 1.22, 0.05, 0.33, 0.00, 0.00, 0.15, 0.16, 0.21, 0.00, 0.00, 1.00, 0.00, 0.00, 0.00, 0.00, 0.00, 0.00, 1.00, 0.00, 0.00, 0.00, 0.00, 0.00, 0.00, 0.00, 0.00
405,  0,  13.669,  0.98,  1, 0.18, 0.01, 1.39, 0.00, 0.00, 0.00, 0.00, 0.94, 0.74, 1.11, 0.07, 0.27, 0.00, 0.00, 0.15, 0.20, 0.05, 0.00, 0.00, 1.00, 0.00, 0.00, 0.00, 0.00, 0.00, 0.00, 1.00, 0.00, 0.00, 0.00, 0.00, 0.00, 0.00, 0.00, 0.00
406,  0,  13.703,  0.98,  1, 0.15, 0.00, 1.40, 0.00, 0.00, 0.00, 0.00, 1.00, 0.77, 1.10, 0.06, 0.32, 0.00, 0.00, 0.11, 0.14, 0.08, 0.00, 0.00, 1.00, 0.00, 0.00, 0.00, 0.00, 0.00, 0.00, 1.00, 0.00, 0.00, 0.00, 0.00, 0.00, 0.00, 0.00, 0.00
407,  0,  13.737,  0.98,  1, 0.20, 0.10, 1.43, 0.00, 0.00, 0.00, 0.00, 1.09, 0.77, 1.08, 0.02, 0.27, 0.00, 0.00, 0.06, 0.06, 0.52, 0.00, 0.00, 1.00, 0.00, 0.00, 0.00, 0.00, 0.00, 0.00, 1.00, 0.00, 0.00, 0.00, 0.00, 0.00, 0.00, 0.00, 0.00
408,  0,  13.771,  0.98,  1, 0.31, 0.22, 1.38, 0.00, 0.00, 0.00, 0.00, 1.16, 0.77, 1.12, 0.01, 0.36, 0.10, 0.00, 0.06, 0.05, 1.08, 0.00, 0.00, 1.00, 0.00, 0.00, 0.00, 0.00, 0.00, 0.00, 1.00, 0.00, 0.00, 0.00, 0.00, 0.00, 0.00, 0.00, 1.00
409,  0,  13.805,  0.98,  1, 0.37, 0.30, 1.44, 0.00, 0.00, 0.00, 0.00, 1.17, 0.72, 1.18, 0.01, 0.36, 0.15, 0.00, 0.04, 0.13, 1.56, 0.00, 0.00, 1.00, 0.00, 0.00, 0.00, 0.00, 0.00, 0.00, 1.00, 0.00, 0.00, 0.00, 0.00, 0.00, 0.00, 0.00, 1.00
410,  0,  13.838,  0.98,  1, 0.33, 0.21, 1.47, 0.00, 0.00, 0.00, 0.00, 1.26, 0.72, 1.37, 0.01, 0.53, 0.27, 0.00, 0.00, 0.12, 1.52, 0.00, 0.00, 1.00, 0.00, 0.00, 0.00, 0.00, 0.00, 0.00, 1.00, 0.00, 0.00, 0.00, 0.00, 0.00, 0.00, 0.00, 1.00
411,  0,  13.872,  0.98,  1, 0.19, 0.16, 1.54, 0.07, 0.00, 0.00, 0.00, 1.36, 0.71, 1.40, 0.13, 0.58, 0.23, 0.00, 0.00, 0.09, 1.14, 0.00, 0.00, 1.00, 0.00, 0.00, 0.00, 0.00, 0.00, 0.00, 1.00, 0.00, 0.00, 0.00, 0.00, 0.00, 0.00, 0.00, 1.00
412,  0,  13.906,  0.98,  1, 0.07, 0.08, 1.53, 0.07, 0.00, 0.00, 0.00, 1.53, 0.76, 1.34, 0.29, 0.68, 0.34, 0.00, 0.00, 0.02, 0.61, 0.00, 0.00, 1.00, 0.00, 0.00, 0.00, 0.00, 0.00, 0.00, 1.00, 0.00, 0.00, 0.00, 0.00, 0.00, 0.00, 0.00, 1.00
413,  0,  13.940,  0.98,  1, 0.07, 0.17, 1.55, 0.07, 0.00, 0.00, 0.00, 1.64, 0.76, 1.23, 0.47, 0.73, 0.30, 0.00, 0.02, 0.01, 0.23, 0.00, 0.00, 1.00, 0.00, 0.00, 0.00, 0.00, 1.00, 0.00, 1.00, 1.00, 0.00, 0.00, 0.00, 0.00, 0.00, 0.00, 0.00
414,  0,  13.974,  0.98,  1, 0.07, 0.13, 1.59, 0.00, 0.00, 0.00, 0.00, 1.68, 0.77, 1.15, 0.50, 0.81, 0.45, 0.00, 0.02, 0.02, 0.09, 0.00, 0.00, 1.00, 0.00, 0.00, 0.00, 0.00, 1.00, 0.00, 1.00, 1.00, 0.00, 0.00, 0.00, 0.00, 0.00, 0.00, 0.00
415,  0,  14.008,  0.98,  1, 0.07, 0.13, 1.57, 0.00, 0.00, 0.00, 0.00, 1.66, 0.77, 1.17, 0.54, 0.81, 0.50, 0.00, 0.06, 0.01, 0.18, 0.00, 0.00, 1.00, 0.00, 0.00, 0.00, 0.00, 1.00, 0.00, 1.00, 1.00, 0.00, 0.00, 0.00, 0.00, 0.00, 0.00, 0.00
416,  0,  14.041,  0.98,  1, 0.02, 0.04, 1.62, 0.00, 0.00, 0.00, 0.00, 1.68, 0.78, 1.12, 0.52, 0.76, 0.62, 0.00, 0.04, 0.00, 0.14, 0.00, 0.00, 1.00, 0.00, 0.00, 0.00, 0.00, 1.00, 0.00, 1.00, 1.00, 1.00, 0.00, 0.00, 0.00, 0.00, 0.00, 0.00
417,  0,  14.075,  0.98,  1, 0.00, 0.00, 1.58, 0.00, 0.00, 0.00, 0.00, 1.73, 0.79, 1.18, 0.55, 0.68, 0.69, 0.00, 0.04, 0.00, 0.20, 0.00, 0.00, 1.00, 0.00, 0.00, 0.00, 0.00, 1.00, 0.00, 1.00, 1.00, 1.00, 0.00, 0.00, 0.00, 0.00, 0.00, 0.00
418,  0,  14.109,  0.98,  1, 0.00, 0.00, 1.61, 0.00, 0.00, 0.00, 0.02, 1.83, 0.78, 1.22, 0.58, 0.68, 0.72, 0.00, 0.08, 0.00, 0.10, 0.00, 0.00, 1.00, 0.00, 0.00, 0.00, 0.00, 1.00, 0.00, 1.00, 1.00, 1.00, 0.00, 0.00, 0.00, 0.00, 0.00, 0.00
419,  0,  14.143,  0.98,  1, 0.00, 0.00, 1.59, 0.00, 0.00, 0.00, 0.07, 1.89, 0.79, 1.48, 0.73, 0.64, 0.77, 0.00, 0.11, 0.03, 0.15, 0.00, 0.00, 1.00, 0.00, 0.00, 0.00, 0.00, 1.00, 0.00, 1.00, 1.00, 1.00, 0.00, 0.00, 0.00, 0.00, 0.00, 0.00
420,  0,  14.177,  0.98,  1, 0.00, 0.00, 1.64, 0.00, 0.02, 0.00, 0.07, 1.96, 0.83, 1.56, 0.77, 0.75, 0.65, 0.00, 0.11, 0.03, 0.06, 0.00, 0.00, 1.00, 0.00, 0.00, 0.00, 0.00, 1.00, 0.00, 1.00, 1.00, 1.00, 0.00, 0.00, 0.00, 0.00, 0.00, 0.00
421,  0,  14.211,  0.98,  1, 0.01, 0.02, 1.62, 0.00, 0.02, 0.00, 0.05, 1.98, 0.82, 1.50, 0.76, 0.80, 0.57, 0.00, 0.03, 0.04, 0.06, 0.00, 0.00, 1.00, 0.00, 0.00, 0.00, 0.00, 1.00, 0.00, 1.00, 1.00, 1.00, 0.00, 0.00, 0.00, 0.00, 0.00, 0.00
422,  0,  14.244,  0.98,  1, 0.04, 0.12, 1.59, 0.00, 0.02, 0.00, 0.00, 1.98, 0.85, 1.30, 0.65, 0.89, 0.47, 0.00, 0.01, 0.03, 0.01, 0.00, 0.00, 1.00, 0.00, 0.00, 0.00, 0.00, 1.00, 0.00, 1.00, 1.00, 1.00, 0.00, 0.00, 0.00, 0.00, 0.00, 0.00
423,  0,  14.278,  0.98,  1, 0.04, 0.12, 1.52, 0.00, 0.00, 0.00, 0.01, 1.97, 0.83, 1.21, 0.65, 0.78, 0.39, 0.00, 0.03, 0.08, 0.02, 0.00, 0.00, 1.00, 0.00, 0.00, 0.00, 0.00, 1.00, 0.00, 1.00, 1.00, 1.00, 0.00, 0.00, 0.00, 0.00, 0.00, 0.00
424,  0,  14.312,  0.98,  1, 0.03, 0.12, 1.49, 0.00, 0.00, 0.00, 0.01, 1.97, 0.87, 1.28, 0.65, 0.77, 0.39, 0.00, 0.03, 0.07, 0.05, 0.00, 0.00, 1.00, 0.00, 0.00, 0.00, 0.00, 1.00, 0.00, 1.00, 1.00, 1.00, 0.00, 0.00, 0.00, 0.00, 0.00, 0.00
425,  0,  14.346,  0.98,  1, 0.00, 0.02, 1.51, 0.04, 0.00, 0.00, 0.01, 2.02, 0.87, 1.26, 0.67, 0.66, 0.41, 0.00, 0.06, 0.08, 0.13, 0.00, 0.00, 1.00, 0.00, 0.00, 0.00, 0.00, 1.00, 0.00, 1.00, 1.00, 0.00, 0.00, 0.00, 0.00, 0.00, 0.00, 0.00
426,  0,  14.380,  0.98,  1, 0.00, 0.02, 1.48, 0.04, 0.00, 0.00, 0.00, 2.03, 0.89, 1.25, 0.68, 0.68, 0.40, 0.00, 0.04, 0.04, 0.15, 0.00, 0.00, 1.00, 0.00, 0.00, 0.00, 0.00, 1.00, 0.00, 1.00, 1.00, 0.00, 0.00, 0.00, 0.00, 0.00, 0.00, 0.00
427,  0,  14.414,  0.98,  1, 0.01, 0.00, 1.50, 0.04, 0.00, 0.00, 0.00, 2.09, 0.86, 1.18, 0.69, 0.61, 0.36, 0.00, 0.09, 0.06, 0.20, 0.00, 0.00, 1.00, 0.00, 0.00, 0.00, 0.00, 1.00, 0.00, 1.00, 1.00, 0.00, 0.00, 0.00, 0.00, 0.00, 0.00, 0.00
428,  0,  14.447,  0.98,  1, 0.04, 0.05, 1.45, 0.00, 0.00, 0.00, 0.00, 2.10, 0.88, 1.18, 0.64, 0.65, 0.42, 0.00, 0.13, 0.04, 0.12, 0.00, 0.00, 0.00, 0.00, 0.00, 0.00, 0.00, 1.00, 0.00, 1.00, 1.00, 0.00, 0.00, 0.00, 0.00, 0.00, 0.00, 0.00
429,  0,  14.481,  0.98,  1, 0.06, 0.05, 1.43, 0.00, 0.00, 0.00, 0.00, 2.12, 0.88, 1.22, 0.49, 0.57, 0.53, 0.00, 0.20, 0.05, 0.07, 0.00, 0.00, 0.00, 0.00, 0.00, 0.00, 0.00, 1.00, 0.00, 1.00, 1.00, 0.00, 0.00, 0.00, 0.00, 0.00, 0.00, 0.00
430,  0,  14.515,  0.98,  1, 0.05, 0.05, 1.40, 0.00, 0.00, 0.00, 0.00, 2.09, 0.92, 1.28, 0.43, 0.56, 0.61, 0.00, 0.17, 0.02, 0.03, 0.00, 0.00, 0.00, 0.00, 0.00, 0.00, 0.00, 1.00, 0.00, 1.00, 1.00, 0.00, 0.00, 0.00, 0.00, 0.00, 0.00, 0.00
431,  0,  14.549,  0.98,  1, 0.03, 0.00, 1.37, 0.00, 0.00, 0.00, 0.00, 2.03, 0.89, 1.31, 0.44, 0.47, 0.49, 0.00, 0.11, 0.02, 0.04, 0.00, 0.00, 1.00, 0.00, 0.00, 0.00, 0.00, 1.00, 0.00, 1.00, 1.00, 0.00, 0.00, 0.00, 0.00, 0.00, 0.00, 0.00
432,  0,  14.583,  0.98,  1, 0.00, 0.00, 1.36, 0.00, 0.00, 0.00, 0.00, 1.97, 0.85, 1.31, 0.48, 0.52, 0.41, 0.00, 0.05, 0.00, 0.04, 0.00, 0.00, 1.00, 0.00, 0.00, 0.00, 0.00, 1.00, 0.00, 1.00, 1.00, 0.00, 0.00, 0.00, 0.00, 0.00, 0.00, 0.00
433,  0,  14.617,  0.98,  1, 0.00, 0.00, 1.36, 0.03, 0.00, 0.00, 0.00, 1.91, 0.81, 1.28, 0.51, 0.59, 0.30, 0.00, 0.02, 0.00, 0.01, 0.00, 0.00, 1.00, 0.00, 0.00, 0.00, 0.00, 1.00, 0.00, 1.00, 1.00, 0.00, 0.00, 0.00, 0.00, 0.00, 0.00, 0.00
434,  0,  14.650,  0.98,  1, 0.00, 0.00, 1.33, 0.03, 0.00, 0.00, 0.00, 1.99, 0.83, 1.29, 0.52, 0.70, 0.36, 0.00, 0.01, 0.00, 0.01, 0.00, 0.00, 1.00, 0.00, 0.00, 0.00, 0.00, 1.00, 0.00, 1.00, 1.00, 1.00, 0.00, 0.00, 0.00, 0.00, 0.00, 0.00
435,  0,  14.684,  0.98,  1, 0.00, 0.00, 1.25, 0.03, 0.00, 0.00, 0.00, 2.05, 0.82, 1.30, 0.63, 0.75, 0.32, 0.00, 0.00, 0.00, 0.00, 0.00, 0.00, 1.00, 0.00, 0.00, 0.00, 0.00, 1.00, 0.00, 1.00, 0.00, 1.00, 0.00, 0.00, 0.00, 0.00, 0.00, 0.00
436,  0,  14.718,  0.98,  1, 0.00, 0.00, 1.20, 0.00, 0.01, 0.00, 0.00, 2.10, 0.82, 1.30, 0.58, 0.69, 0.29, 0.00, 0.00, 0.00, 0.00, 0.00, 0.00, 1.00, 0.00, 0.00, 0.00, 0.00, 1.00, 0.00, 1.00, 1.00, 1.00, 0.00, 0.00, 0.00, 0.00, 0.00, 0.00
437,  0,  14.752,  0.98,  1, 0.00, 0.00, 1.17, 0.03, 0.01, 0.00, 0.00, 1.98, 0.78, 1.25, 0.51, 0.65, 0.31, 0.00, 0.10, 0.00, 0.00, 0.00, 0.00, 1.00, 0.00, 0.00, 0.00, 0.00, 1.00, 0.00, 1.00, 1.00, 1.00, 0.00, 0.00, 0.00, 0.00, 0.00, 0.00
438,  0,  14.786,  0.98,  1, 0.00, 0.00, 1.26, 0.03, 0.01, 0.00, 0.00, 1.97, 0.80, 1.19, 0.44, 0.66, 0.38, 0.00, 0.14, 0.00, 0.00, 0.00, 0.00, 1.00, 0.00, 0.00, 0.00, 0.00, 1.00, 0.00, 1.00, 1.00, 1.00, 0.00, 0.00, 0.00, 0.00, 0.00, 0.00
439,  0,  14.820,  0.98,  1, 0.00, 0.00, 1.27, 0.03, 0.00, 0.00, 0.00, 1.90, 0.75, 1.13, 0.59, 0.70, 0.52, 0.00, 0.24, 0.00, 0.00, 0.00, 0.00, 1.00, 0.00, 0.00, 0.00, 0.00, 1.00, 0.00, 1.00, 0.00, 0.00, 0.00, 0.00, 0.00, 0.00, 0.00, 0.00
440,  0,  14.853,  0.98,  1, 0.00, 0.00, 1.38, 0.00, 0.00, 0.00, 0.00, 1.84, 0.75, 1.12, 0.66, 0.76, 0.45, 0.00, 0.22, 0.01, 0.08, 0.00, 0.00, 1.00, 0.00, 0.00, 0.00, 0.00, 1.00, 0.00, 1.00, 0.00, 0.00, 0.00, 0.00, 0.00, 0.00, 0.00, 0.00
441,  0,  14.887,  0.98,  1, 0.00, 0.00, 1.36, 0.00, 0.00, 0.00, 0.01, 1.84, 0.81, 1.11, 0.69, 0.70, 0.46, 0.00, 0.24, 0.14, 0.10, 0.00, 0.00, 1.00, 0.00, 0.00, 0.00, 0.00, 1.00, 0.00, 1.00, 0.00, 0.00, 0.00, 0.00, 0.00, 0.00, 0.00, 0.00
442,  0,  14.921,  0.98,  1, 0.00, 0.00, 1.37, 0.01, 0.00, 0.00, 0.01, 1.89, 0.85, 1.14, 0.55, 0.71, 0.41, 0.00, 0.15, 0.15, 0.12, 0.00, 0.00, 1.00, 0.00, 0.00, 0.00, 0.00, 1.00, 0.00, 1.00, 0.00, 0.00, 0.00, 0.00, 0.00, 0.00, 0.00, 0.00
443,  0,  14.955,  0.98,  1, 0.00, 0.00, 1.30, 0.01, 0.00, 0.00, 0.01, 2.04, 0.94, 1.21, 0.60, 0.72, 0.53, 0.00, 0.24, 0.17, 0.04, 0.00, 0.00, 1.00, 0.00, 0.00, 0.00, 0.00, 1.00, 0.00, 1.00, 0.00, 0.00, 0.00, 0.00, 0.00, 0.00, 0.00, 0.00
444,  0,  14.989,  0.98,  1, 0.00, 0.00, 1.30, 0.01, 0.00, 0.00, 0.03, 2.12, 0.95, 1.23, 0.66, 0.73, 0.57, 0.00, 0.39, 0.10, 0.01, 0.00, 0.00, 1.00, 0.00, 0.00, 0.00, 0.00, 1.00, 0.00, 1.00, 0.00, 0.00, 0.00, 0.00, 0.00, 0.00, 0.00, 0.00
445,  0,  15.023,  0.98,  1, 0.03, 0.00, 1.31, 0.00, 0.00, 0.00, 0.04, 2.16, 1.01, 1.20, 0.81, 0.72, 0.57, 0.00, 0.47, 0.15, 0.00, 0.00, 0.00, 1.00, 0.00, 0.00, 0.00, 0.00, 1.00, 0.00, 1.00, 0.00, 0.00, 0.00, 0.00, 0.00, 0.00, 0.00, 0.00
446,  0,  15.056,  0.98,  1, 0.03, 0.00, 1.29, 0.00, 0.00, 0.00, 0.07, 2.25, 1.00, 1.09, 0.89, 0.66, 0.51, 0.00, 0.52, 0.15, 0.04, 0.00, 0.00, 1.00, 0.00, 0.00, 0.00, 0.00, 1.00, 0.00, 1.00, 0.00, 0.00, 1.00, 0.00, 0.00, 0.00, 0.00, 0.00
447,  0,  15.090,  0.98,  1, 0.03, 0.00, 1.29, 0.00, 0.00, 0.00, 0.12, 2.24, 0.93, 1.11, 0.88, 0.62, 0.51, 0.00, 0.47, 0.19, 0.08, 0.00, 0.00, 1.00, 0.00, 0.00, 0.00, 0.00, 1.00, 0.00, 1.00, 0.00, 0.00, 1.00, 0.00, 0.00, 0.00, 0.00, 0.00
448,  0,  15.124,  0.98,  1, 0.05, 0.00, 1.25, 0.00, 0.00, 0.00, 0.18, 2.26, 0.87, 1.12, 0.85, 0.59, 0.56, 0.00, 0.64, 0.23, 0.15, 0.00, 0.00, 1.00, 0.00, 0.00, 0.00, 0.00, 1.00, 0.00, 1.00, 0.00, 0.00, 1.00, 0.00, 0.00, 0.00, 0.00, 0.00
449,  0,  15.158,  0.98,  1, 0.05, 0.00, 1.24, 0.00, 0.00, 0.00, 0.24, 2.23, 0.83, 1.25, 0.81, 0.54, 0.54, 0.00, 0.63, 0.32, 0.12, 0.00, 0.00, 1.00, 0.00, 0.00, 0.00, 0.00, 1.00, 0.00, 1.00, 0.00, 0.00, 1.00, 0.00, 0.00, 0.00, 0.00, 0.00
450,  0,  15.192,  0.98,  1, 0.10, 0.00, 1.20, 0.00, 0.01, 0.00, 0.25, 2.22, 0.80, 1.27, 0.90, 0.53, 0.52, 0.00, 0.66, 0.27, 0.07, 0.00, 0.00, 1.00, 0.00, 0.00, 0.00, 0.00, 1.00, 0.00, 1.00, 0.00, 0.00, 1.00, 0.00, 0.00, 0.00, 0.00, 0.00
451,  0,  15.226,  0.98,  1, 0.12, 0.00, 1.16, 0.00, 0.01, 0.00, 0.26, 2.24, 0.80, 1.32, 0.90, 0.51, 0.50, 0.00, 0.62, 0.21, 0.00, 0.00, 0.00, 1.00, 0.00, 0.00, 0.00, 0.00, 1.00, 0.00, 1.00, 0.00, 0.00, 1.00, 0.00, 0.00, 0.00, 0.00, 0.00
452,  0,  15.259,  0.98,  1, 0.18, 0.00, 1.19, 0.00, 0.01, 0.00, 0.25, 2.19, 0.76, 1.21, 0.90, 0.51, 0.62, 0.00, 0.73, 0.24, 0.00, 0.00, 0.00, 1.00, 0.00, 0.00, 0.00, 0.00, 1.00, 0.00, 1.00, 0.00, 0.00, 1.00, 0.00, 0.00, 0.00, 0.00, 0.00
453,  0,  15.293,  0.98,  1, 0.22, 0.00, 1.15, 0.01, 0.00, 0.00, 0.23, 2.18, 0.79, 1.21, 0.86, 0.51, 0.72, 0.00, 0.77, 0.30, 0.00, 0.00, 0.00, 1.00, 0.00, 0.00, 0.00, 0.00, 1.00, 0.00, 1.00, 0.00, 0.00, 1.00, 0.00, 0.00, 0.00, 0.00, 0.00
454,  0,  15.327,  0.98,  1, 0.23, 0.00, 1.20, 0.01, 0.00, 0.00, 0.19, 2.20, 0.76, 1.26, 0.93, 0.55, 0.75, 0.00, 0.82, 0.32, 0.00, 0.00, 0.00, 1.00, 0.00, 0.00, 0.00, 0.00, 1.00, 0.00, 1.00, 0.00, 0.00, 1.00, 0.00, 0.00, 0.00, 0.00, 0.00
455,  0,  15.361,  0.98,  1, 0.23, 0.00, 1.17, 0.01, 0.00, 0.00, 0.20, 2.26, 0.80, 1.32, 0.88, 0.63, 0.61, 0.00, 0.59, 0.21, 0.00, 0.00, 0.00, 1.00, 0.00, 0.00, 0.00, 0.00, 1.00, 0.00, 1.00, 0.00, 0.00, 1.00, 0.00, 0.00, 0.00, 0.00, 0.00
456,  0,  15.395,  0.98,  1, 0.21, 0.00, 1.20, 0.00, 0.00, 0.00, 0.19, 2.30, 0.81, 1.25, 0.89, 0.72, 0.55, 0.00, 0.47, 0.16, 0.00, 0.00, 0.00, 1.00, 0.00, 0.00, 0.00, 0.00, 1.00, 0.00, 1.00, 0.00, 0.00, 1.00, 0.00, 0.00, 0.00, 0.00, 0.00
457,  0,  15.429,  0.98,  1, 0.22, 0.00, 1.12, 0.00, 0.00, 0.00, 0.23, 2.21, 0.82, 1.09, 0.84, 0.74, 0.60, 0.00, 0.35, 0.13, 0.00, 0.00, 0.00, 1.00, 0.00, 0.00, 0.00, 0.00, 1.00, 0.00, 1.00, 0.00, 0.00, 1.00, 0.00, 0.00, 0.00, 0.00, 0.00
458,  0,  15.462,  0.98,  1, 0.22, 0.00, 1.11, 0.00, 0.00, 0.00, 0.26, 2.03, 0.77, 0.99, 0.90, 0.74, 0.70, 0.00, 0.34, 0.12, 0.00, 0.00, 0.00, 1.00, 0.00, 0.00, 0.00, 0.00, 1.00, 0.00, 1.00, 0.00, 0.00, 1.00, 0.00, 0.00, 0.00, 0.00, 0.00
459,  0,  15.496,  0.98,  1, 0.21, 0.00, 1.11, 0.00, 0.00, 0.00, 0.31, 1.89, 0.71, 0.96, 0.90, 0.75, 0.64, 0.00, 0.33, 0.08, 0.00, 0.00, 0.00, 1.00, 0.00, 0.00, 0.00, 0.00, 1.00, 0.00, 1.00, 0.00, 1.00, 1.00, 0.00, 0.00, 0.00, 0.00, 0.00
460,  0,  15.530,  0.98,  1, 0.16, 0.00, 1.19, 0.00, 0.00, 0.00, 0.33, 1.86, 0.71, 0.90, 0.94, 0.85, 0.53, 0.00, 0.20, 0.13, 0.00, 0.00, 0.00, 1.00, 0.00, 0.00, 0.00, 0.00, 1.00, 0.00, 1.00, 0.00, 1.00, 1.00, 0.00, 0.00, 0.00, 0.00, 0.00
461,  0,  15.564,  0.98,  1, 0.15, 0.00, 1.14, 0.00, 0.00, 0.00, 0.27, 1.91, 0.74, 0.89, 0.91, 0.97, 0.49, 0.00, 0.13, 0.16, 0.00, 0.00, 0.00, 1.00, 0.00, 0.00, 0.00, 0.00, 1.00, 0.00, 1.00, 0.00, 0.00, 1.00, 0.00, 0.00, 0.00, 0.00, 0.00
462,  0,  15.598,  0.98,  1, 0.09, 0.00, 1.09, 0.00, 0.00, 0.00, 0.15, 1.91, 0.82, 0.93, 0.86, 0.93, 0.58, 0.00, 0.08, 0.14, 0.00, 0.00, 0.00, 1.00, 0.00, 0.00, 0.00, 0.00, 1.00, 0.00, 1.00, 0.00, 1.00, 1.00, 0.00, 0.00, 0.00, 0.00, 0.00
463,  0,  15.632,  0.98,  1, 0.05, 0.00, 1.07, 0.00, 0.00, 0.00, 0.09, 1.96, 0.85, 1.05, 0.82, 0.89, 0.69, 0.00, 0.09, 0.19, 0.00, 0.00, 0.00, 1.00, 0.00, 0.00, 0.00, 0.00, 1.00, 0.00, 1.00, 0.00, 1.00, 1.00, 0.00, 0.00, 0.00, 0.00, 0.00
464,  0,  15.665,  0.98,  1, 0.00, 0.00, 1.13, 0.00, 0.00, 0.00, 0.03, 2.00, 0.86, 1.09, 0.82, 0.80, 0.84, 0.00, 0.10, 0.20, 0.00, 0.00, 0.00, 1.00, 0.00, 0.00, 0.00, 0.00, 1.00, 0.00, 1.00, 0.00, 0.00, 1.00, 0.00, 0.00, 0.00, 0.00, 0.00
465,  0,  15.699,  0.98,  1, 0.05, 0.00, 1.17, 0.00, 0.00, 0.00, 0.03, 2.05, 0.86, 1.01, 0.75, 0.78, 0.85, 0.00, 0.14, 0.30, 0.00, 0.00, 0.00, 1.00, 0.00, 0.00, 0.00, 0.00, 1.00, 0.00, 1.00, 0.00, 0.00, 1.00, 0.00, 0.00, 0.00, 0.00, 0.00
466,  0,  15.733,  0.98,  1, 0.05, 0.00, 1.17, 0.12, 0.00, 0.00, 0.00, 2.06, 0.90, 0.90, 0.72, 0.72, 0.86, 0.00, 0.12, 0.24, 0.00, 0.00, 0.00, 1.00, 0.00, 0.00, 0.00, 0.00, 1.00, 0.00, 1.00, 1.00, 0.00, 1.00, 0.00, 0.00, 0.00, 0.00, 0.00
467,  0,  15.767,  0.98,  1, 0.05, 0.00, 1.18, 0.12, 0.00, 0.00, 0.02, 2.04, 0.90, 0.96, 0.69, 0.73, 0.77, 0.00, 0.21, 0.31, 0.00, 0.00, 0.00, 1.00, 0.00, 0.00, 0.00, 0.00, 1.00, 0.00, 1.00, 1.00, 0.00, 1.00, 0.00, 0.00, 0.00, 0.00, 0.00
468,  0,  15.801,  0.98,  1, 0.02, 0.00, 1.24, 0.12, 0.00, 0.00, 0.02, 2.00, 0.91, 1.06, 0.66, 0.72, 0.71, 0.00, 0.20, 0.31, 0.00, 0.00, 0.00, 1.00, 0.00, 0.00, 0.00, 0.00, 1.00, 0.00, 1.00, 1.00, 0.00, 1.00, 0.00, 0.00, 0.00, 0.00, 0.00
469,  0,  15.835,  0.98,  1, 0.02, 0.00, 1.26, 0.00, 0.00, 0.00, 0.02, 1.90, 0.90, 1.14, 0.49, 0.71, 0.65, 0.00, 0.27, 0.27, 0.00, 0.00, 0.00, 1.00, 0.00, 0.00, 0.00, 0.00, 1.00, 0.00, 1.00, 1.00, 0.00, 1.00, 0.00, 0.00, 0.00, 0.00, 0.00
470,  0,  15.868,  0.98,  1, 0.02, 0.00, 1.29, 0.00, 0.02, 0.00, 0.00, 1.89, 0.93, 1.16, 0.38, 0.54, 0.63, 0.00, 0.23, 0.10, 0.01, 0.00, 0.00, 1.00, 0.00, 0.00, 0.00, 0.00, 1.00, 0.00, 1.00, 1.00, 0.00, 1.00, 0.00, 0.00, 0.00, 0.00, 0.00
471,  0,  15.902,  0.98,  1, 0.00, 0.00, 1.25, 0.00, 0.02, 0.00, 0.00, 1.88, 0.87, 1.22, 0.42, 0.58, 0.64, 0.00, 0.22, 0.02, 0.01, 0.00, 0.00, 1.00, 0.00, 0.00, 0.00, 0.00, 1.00, 0.00, 1.00, 1.00, 0.00, 1.00, 0.00, 0.00, 0.00, 0.00, 0.00
472,  0,  15.936,  0.98,  1, 0.00, 0.00, 1.23, 0.00, 0.02, 0.00, 0.00, 1.84, 0.90, 1.32, 0.45, 0.60, 0.55, 0.00, 0.14, 0.01, 0.01, 0.00, 0.00, 0.00, 0.00, 0.00, 0.00, 0.00, 1.00, 0.00, 1.00, 1.00, 0.00, 1.00, 0.00, 0.00, 0.00, 0.00, 0.00
473,  0,  15.970,  0.98,  1, 0.00, 0.04, 1.25, 0.00, 0.01, 0.00, 0.00, 1.82, 0.85, 1.33, 0.49, 0.73, 0.57, 0.00, 0.06, 0.01, 0.00, 0.00, 0.00, 0.00, 0.00, 0.00, 0.00, 0.00, 1.00, 0.00, 1.00, 1.00, 0.00, 1.00, 0.00, 0.00, 0.00, 0.00, 0.00
474,  0,  16.004,  0.98,  1, 0.00, 0.05, 1.29, 0.00, 0.00, 0.00, 0.00, 1.80, 0.90, 1.26, 0.36, 0.74, 0.56, 0.00, 0.00, 0.00, 0.00, 0.00, 0.00, 0.00, 0.00, 0.00, 0.00, 0.00, 1.00, 0.00, 1.00, 1.00, 0.00, 1.00, 0.00, 0.00, 0.00, 0.00, 0.00
475,  0,  16.038,  0.98,  1, 0.00, 0.05, 1.33, 0.00, 0.00, 0.00, 0.00, 1.87, 0.86, 1.18, 0.40, 0.76, 0.59, 0.00, 0.00, 0.00, 0.00, 0.00, 0.00, 0.00, 0.00, 0.00, 0.00, 0.00, 1.00, 0.00, 1.00, 0.00, 0.00, 1.00, 0.00, 0.00, 0.00, 0.00, 0.00
476,  0,  16.071,  0.98,  1, 0.00, 0.12, 1.29, 0.00, 0.00, 0.00, 0.00, 1.89, 0.87, 1.20, 0.33, 0.74, 0.51, 0.00, 0.00, 0.03, 0.00, 0.00, 0.00, 0.00, 0.00, 0.00, 0.00, 0.00, 1.00, 0.00, 1.00, 1.00, 0.00, 1.00, 0.00, 0.00, 0.00, 0.00, 0.00
477,  0,  16.105,  0.98,  1, 0.00, 0.10, 1.29, 0.00, 0.00, 0.00, 0.00, 1.93, 0.88, 1.22, 0.37, 0.67, 0.44, 0.00, 0.00, 0.03, 0.00, 0.00, 0.00, 0.00, 0.00, 0.00, 0.00, 0.00, 1.00, 0.00, 1.00, 1.00, 0.00, 1.00, 0.00, 0.00, 0.00, 0.00, 0.00
478,  0,  16.139,  0.98,  1, 0.00, 0.10, 1.30, 0.00, 0.00, 0.00, 0.00, 1.96, 0.86, 1.31, 0.40, 0.73, 0.51, 0.00, 0.00, 0.07, 0.00, 0.00, 0.00, 0.00, 0.00, 0.00, 0.00, 0.00, 1.00, 0.00, 1.00, 1.00, 0.00, 1.00, 0.00, 0.00, 0.00, 0.00, 0.00
479,  0,  16.173,  0.98,  1, 0.00, 0.00, 1.31, 0.00, 0.00, 0.00, 0.00, 1.96, 0.89, 1.33, 0.46, 0.75, 0.47, 0.00, 0.01, 0.08, 0.00, 0.00, 0.00, 0.00, 0.00, 0.00, 0.00, 0.00, 1.00, 0.00, 1.00, 1.00, 0.00, 1.00, 0.00, 0.00, 0.00, 0.00, 0.00
480,  0,  16.207,  0.98,  1, 0.00, 0.00, 1.32, 0.00, 0.00, 0.00, 0.00, 1.90, 0.93, 1.55, 0.49, 0.78, 0.52, 0.00, 0.01, 0.21, 0.00, 0.00, 0.00, 0.00, 0.00, 0.00, 0.00, 0.00, 1.00, 0.00, 1.00, 1.00, 0.00, 1.00, 0.00, 0.00, 0.00, 0.00, 0.00
481,  0,  16.241,  0.98,  1, 0.00, 0.00, 1.26, 0.00, 0.00, 0.00, 0.00, 1.90, 0.96, 1.60, 0.38, 0.73, 0.57, 0.00, 0.00, 0.25, 0.00, 0.00, 0.00, 0.00, 0.00, 0.00, 0.00, 0.00, 1.00, 0.00, 1.00, 1.00, 0.00, 1.00, 0.00, 0.00, 0.00, 0.00, 0.00
482,  0,  16.274,  0.98,  1, 0.00, 0.00, 1.24, 0.00, 0.00, 0.00, 0.00, 1.87, 0.94, 1.52, 0.33, 0.76, 0.65, 0.00, 0.00, 0.29, 0.00, 0.00, 0.00, 0.00, 0.00, 0.00, 0.00, 0.00, 1.00, 0.00, 1.00, 1.00, 0.00, 1.00, 0.00, 0.00, 0.00, 0.00, 0.00
483,  0,  16.308,  0.98,  1, 0.00, 0.00, 1.16, 0.00, 0.00, 0.00, 0.00, 1.92, 0.92, 1.34, 0.31, 0.77, 0.58, 0.00, 0.00, 0.21, 0.00, 0.00, 0.00, 0.00, 0.00, 0.00, 0.00, 0.00, 1.00, 0.00, 1.00, 1.00, 0.00, 1.00, 0.00, 0.00, 0.00, 0.00, 0.00
484,  0,  16.342,  0.98,  1, 0.00, 0.00, 1.17, 0.00, 0.00, 0.00, 0.00, 1.87, 0.89, 1.29, 0.42, 0.77, 0.56, 0.00, 0.00, 0.19, 0.00, 0.00, 0.00, 0.00, 0.00, 0.00, 0.00, 0.00, 1.00, 0.00, 1.00, 1.00, 0.00, 1.00, 0.00, 0.00, 0.00, 0.00, 0.00
485,  0,  16.376,  0.98,  1, 0.00, 0.00, 1.14, 0.00, 0.00, 0.00, 0.00, 1.85, 0.87, 1.31, 0.51, 0.73, 0.56, 0.00, 0.10, 0.11, 0.00, 0.00, 0.00, 0.00, 0.00, 0.00, 0.00, 0.00, 1.00, 0.00, 1.00, 0.00, 1.00, 0.00, 0.00, 0.00, 0.00, 0.00, 0.00
486,  0,  16.410,  0.98,  1, 0.00, 0.02, 1.19, 0.00, 0.00, 0.00, 0.00, 1.79, 0.84, 1.38, 0.49, 0.73, 0.48, 0.00, 0.19, 0.07, 0.00, 0.00, 0.00, 0.00, 0.00, 0.00, 0.00, 0.00, 1.00, 0.00, 1.00, 0.00, 1.00, 0.00, 0.00, 0.00, 0.00, 0.00, 0.00
487,  0,  16.444,  0.98,  1, 0.00, 0.02, 1.18, 0.00, 0.00, 0.00, 0.00, 1.83, 0.85, 1.36, 0.50, 0.76, 0.40, 0.00, 0.19, 0.05, 0.00, 0.00, 0.00, 1.00, 0.00, 0.00, 0.00, 0.00, 1.00, 0.00, 1.00, 0.00, 1.00, 0.00, 0.00, 0.00, 0.00, 0.00, 0.00
488,  0,  16.477,  0.98,  1, 0.00, 0.02, 1.18, 0.00, 0.00, 0.00, 0.00, 1.81, 0.87, 1.42, 0.47, 0.76, 0.34, 0.00, 0.12, 0.11, 0.00, 0.00, 0.00, 1.00, 0.00, 0.00, 0.00, 0.00, 1.00, 0.00, 1.00, 1.00, 1.00, 0.00, 0.00, 0.00, 0.00, 0.00, 0.00
489,  0,  16.511,  0.98,  1, 0.00, 0.00, 1.13, 0.00, 0.00, 0.00, 0.00, 1.83, 0.91, 1.47, 0.47, 0.78, 0.37, 0.00, 0.08, 0.20, 0.00, 0.00, 0.00, 1.00, 0.00, 0.00, 0.00, 0.00, 1.00, 0.00, 1.00, 1.00, 1.00, 0.00, 0.00, 0.00, 0.00, 0.00, 0.00
490,  0,  16.545,  0.98,  1, 0.00, 0.00, 1.14, 0.00, 0.00, 0.00, 0.00, 1.84, 0.90, 1.46, 0.49, 0.71, 0.36, 0.00, 0.13, 0.23, 0.00, 0.00, 0.00, 1.00, 0.00, 0.00, 0.00, 0.00, 1.00, 0.00, 1.00, 1.00, 1.00, 0.00, 0.00, 0.00, 0.00, 0.00, 0.00
491,  0,  16.579,  0.98,  1, 0.00, 0.00, 1.13, 0.00, 0.00, 0.00, 0.00, 1.85, 0.92, 1.48, 0.48, 0.79, 0.41, 0.00, 0.12, 0.21, 0.00, 0.00, 0.00, 1.00, 0.00, 0.00, 0.00, 0.00, 1.00, 0.00, 1.00, 1.00, 0.00, 0.00, 0.00, 0.00, 0.00, 0.00, 0.00
492,  0,  16.613,  0.98,  1, 0.00, 0.00, 1.19, 0.00, 0.00, 0.00, 0.00, 1.87, 0.90, 1.45, 0.56, 0.82, 0.45, 0.00, 0.06, 0.16, 0.00, 0.00, 0.00, 1.00, 0.00, 0.00, 0.00, 0.00, 1.00, 0.00, 1.00, 1.00, 0.00, 0.00, 0.00, 0.00, 0.00, 0.00, 0.00
493,  0,  16.647,  0.98,  1, 0.00, 0.00, 1.16, 0.02, 0.00, 0.00, 0.00, 1.91, 0.92, 1.56, 0.50, 0.81, 0.42, 0.00, 0.01, 0.13, 0.00, 0.00, 0.00, 1.00, 0.00, 0.00, 0.00, 0.00, 1.00, 0.00, 1.00, 1.00, 0.00, 0.00, 0.00, 0.00, 0.00, 0.00, 0.00
494,  0,  16.680,  0.98,  1, 0.00, 0.00, 1.14, 0.02, 0.00, 0.00, 0.00, 1.88, 0.91, 1.56, 0.39, 0.86, 0.35, 0.00, 0.01, 0.16, 0.00, 0.00, 0.00, 1.00, 0.00, 0.00, 0.00, 0.00, 1.00, 0.00, 1.00, 1.00, 0.00, 0.00, 0.00, 0.00, 0.00, 0.00, 0.00
495,  0,  16.714,  0.98,  1, 0.00, 0.00, 1.13, 0.02, 0.00, 0.00, 0.00, 1.86, 0.92, 1.50, 0.32, 0.83, 0.46, 0.00, 0.05, 0.23, 0.00, 0.00, 0.00, 1.00, 0.00, 0.00, 0.00, 0.00, 1.00, 0.00, 1.00, 1.00, 0.00, 0.00, 0.00, 0.00, 0.00, 0.00, 0.00
496,  0,  16.748,  0.98,  1, 0.00, 0.00, 1.19, 0.00, 0.00, 0.00, 0.00, 1.77, 0.90, 1.48, 0.25, 0.77, 0.55, 0.00, 0.12, 0.26, 0.00, 0.00, 0.00, 1.00, 0.00, 0.00, 0.00, 0.00, 1.00, 0.00, 1.00, 0.00, 0.00, 0.00, 0.00, 0.00, 0.00, 0.00, 0.00
497,  0,  16.782,  0.98,  1, 0.00, 0.00, 1.21, 0.00, 0.00, 0.00, 0.00, 1.82, 0.92, 1.48, 0.29, 0.64, 0.61, 0.00, 0.14, 0.24, 0.00, 0.00, 0.00, 1.00, 0.00, 0.00, 0.00, 0.00, 1.00, 0.00, 1.00, 0.00, 0.00, 0.00, 0.00, 0.00, 0.00, 0.00, 0.00
498,  0,  16.816,  0.98,  1, 0.00, 0.00, 1.21, 0.00, 0.00, 0.00, 0.00, 1.87, 0.89, 1.52, 0.34, 0.63, 0.53, 0.00, 0.11, 0.13, 0.00, 0.00, 0.00, 1.00, 0.00, 0.00, 0.00, 0.00, 1.00, 0.00, 1.00, 0.00, 0.00, 0.00, 0.00, 0.00, 0.00, 0.00, 0.00
499,  0,  16.850,  0.98,  1, 0.00, 0.00, 1.19, 0.00, 0.00, 0.00, 0.00, 1.94, 0.86, 1.46, 0.46, 0.72, 0.45, 0.00, 0.06, 0.07, 0.04, 0.00, 0.00, 1.00, 0.00, 0.00, 0.00, 0.00, 1.00, 0.00, 1.00, 0.00, 0.00, 0.00, 0.00, 0.00, 0.00, 0.00, 0.00
500,  0,  16.883,  0.98,  1, 0.00, 0.00, 1.26, 0.00, 0.00, 0.00, 0.00, 1.96, 0.80, 1.42, 0.57, 0.81, 0.38, 0.00, 0.05, 0.03, 0.04, 0.00, 0.00, 1.00, 0.00, 0.00, 0.00, 0.00, 1.00, 0.00, 1.00, 0.00, 0.00, 0.00, 0.00, 0.00, 0.00, 0.00, 0.00
501,  0,  16.917,  0.98,  1, 0.00, 0.00, 1.28, 0.00, 0.00, 0.00, 0.00, 1.99, 0.82, 1.43, 0.62, 0.88, 0.41, 0.00, 0.04, 0.10, 0.04, 0.00, 0.00, 1.00, 0.00, 0.00, 0.00, 0.00, 1.00, 0.00, 1.00, 1.00, 1.00, 0.00, 0.00, 0.00, 0.00, 0.00, 0.00
502,  0,  16.951,  0.98,  1, 0.00, 0.00, 1.32, 0.00, 0.00, 0.00, 0.00, 1.99, 0.81, 1.48, 0.65, 0.85, 0.41, 0.00, 0.03, 0.09, 0.00, 0.00, 0.00, 1.00, 0.00, 0.00, 0.00, 0.00, 1.00, 0.00, 1.00, 1.00, 1.00, 0.00, 0.00, 0.00, 0.00, 0.00, 0.00
503,  0,  16.985,  0.98,  1, 0.00, 0.00, 1.37, 0.00, 0.00, 0.00, 0.00, 1.99, 0.86, 1.51, 0.58, 0.84, 0.35, 0.00, 0.01, 0.12, 0.00, 0.00, 0.00, 1.00, 0.00, 0.00, 0.00, 0.00, 1.00, 0.00, 1.00, 1.00, 1.00, 0.00, 0.00, 0.00, 0.00, 0.00, 0.00
504,  0,  17.019,  0.98,  1, 0.03, 0.00, 1.42, 0.00, 0.00, 0.00, 0.00, 1.93, 0.85, 1.51, 0.54, 0.76, 0.29, 0.00, 0.01, 0.04, 0.00, 0.00, 0.00, 1.00, 0.00, 0.00, 0.00, 0.00, 1.00, 0.00, 1.00, 1.00, 1.00, 0.00, 0.00, 0.00, 0.00, 0.00, 0.00
505,  0,  17.053,  0.98,  1, 0.03, 0.00, 1.38, 0.00, 0.00, 0.00, 0.00, 1.86, 0.88, 1.47, 0.41, 0.85, 0.33, 0.00, 0.00, 0.09, 0.00, 0.00, 0.00, 1.00, 0.00, 0.00, 0.00, 0.00, 1.00, 0.00, 1.00, 1.00, 1.00, 0.00, 0.00, 0.00, 0.00, 0.00, 0.00
506,  0,  17.086,  0.98,  1, 0.03, 0.00, 1.39, 0.00, 0.00, 0.00, 0.00, 1.81, 0.86, 1.46, 0.35, 0.78, 0.37, 0.00, 0.02, 0.07, 0.00, 0.00, 0.00, 1.00, 0.00, 0.00, 0.00, 0.00, 1.00, 0.00, 1.00, 0.00, 0.00, 0.00, 0.00, 0.00, 0.00, 0.00, 0.00
507,  0,  17.120,  0.98,  1, 0.00, 0.00, 1.37, 0.00, 0.00, 0.00, 0.00, 1.76, 0.89, 1.45, 0.27, 0.78, 0.44, 0.00, 0.06, 0.22, 0.08, 0.00, 0.00, 1.00, 0.00, 0.00, 0.00, 0.00, 1.00, 0.00, 1.00, 0.00, 0.00, 0.00, 0.00, 0.00, 0.00, 0.00, 0.00
508,  0,  17.154,  0.98,  1, 0.00, 0.00, 1.41, 0.00, 0.00, 0.00, 0.00, 1.72, 0.89, 1.42, 0.29, 0.70, 0.39, 0.00, 0.11, 0.23, 0.08, 0.00, 0.00, 1.00, 0.00, 0.00, 0.00, 0.00, 1.00, 0.00, 1.00, 0.00, 0.00, 0.00, 0.00, 0.00, 0.00, 0.00, 0.00
509,  0,  17.188,  0.98,  1, 0.00, 0.00, 1.38, 0.00, 0.01, 0.00, 0.00, 1.76, 0.94, 1.40, 0.27, 0.72, 0.46, 0.00, 0.10, 0.25, 0.08, 0.00, 0.00, 1.00, 0.00, 0.00, 0.00, 0.00, 1.00, 0.00, 1.00, 0.00, 0.00, 0.00, 0.00, 0.00, 0.00, 0.00, 0.00
510,  0,  17.222,  0.98,  1, 0.00, 0.00, 1.43, 0.00, 0.01, 0.00, 0.00, 1.84, 0.93, 1.30, 0.31, 0.74, 0.37, 0.00, 0.10, 0.10, 0.06, 0.00, 0.00, 1.00, 0.00, 0.00, 0.00, 0.00, 1.00, 0.00, 1.00, 0.00, 0.00, 0.00, 0.00, 0.00, 0.00, 0.00, 0.00
511,  0,  17.256,  0.98,  1, 0.00, 0.00, 1.40, 0.00, 0.01, 0.00, 0.00, 1.92, 0.97, 1.28, 0.28, 0.84, 0.35, 0.00, 0.05, 0.09, 0.06, 0.00, 0.00, 1.00, 0.00, 0.00, 0.00, 0.00, 1.00, 0.00, 1.00, 0.00, 1.00, 0.00, 0.00, 0.00, 0.00, 0.00, 0.00
512,  0,  17.289,  0.98,  1, 0.00, 0.00, 1.38, 0.00, 0.00, 0.00, 0.00, 1.98, 0.95, 1.26, 0.30, 0.87, 0.30, 0.00, 0.05, 0.13, 0.09, 0.00, 0.00, 1.00, 0.00, 0.00, 0.00, 0.00, 1.00, 0.00, 1.00, 0.00, 0.00, 0.00, 0.00, 0.00, 0.00, 0.00, 0.00
513,  0,  17.323,  0.98,  1, 0.00, 0.00, 1.33, 0.00, 0.00, 0.00, 0.00, 1.94, 0.97, 1.31, 0.22, 0.91, 0.30, 0.00, 0.02, 0.19, 0.03, 0.00, 0.00, 0.00, 0.00, 0.00, 0.00, 0.00, 1.00, 0.00, 1.00, 0.00, 0.00, 0.00, 0.00, 0.00, 0.00, 0.00, 0.00
514,  0,  17.357,  0.98,  1, 0.00, 0.00, 1.36, 0.00, 0.00, 0.00, 0.00, 1.98, 0.94, 1.27, 0.20, 0.79, 0.25, 0.00, 0.05, 0.18, 0.08, 0.00, 0.00, 0.00, 0.00, 0.00, 0.00, 0.00, 1.00, 0.00, 1.00, 0.00, 0.00, 0.00, 0.00, 0.00, 0.00, 0.00, 0.00
515,  0,  17.391,  0.98,  1, 0.00, 0.00, 1.37, 0.00, 0.00, 0.00, 0.00, 1.92, 0.97, 1.26, 0.16, 0.76, 0.19, 0.00, 0.05, 0.18, 0.05, 0.00, 0.00, 0.00, 0.00, 0.00, 0.00, 0.00, 1.00, 0.00, 1.00, 0.00, 0.00, 0.00, 0.00, 0.00, 0.00, 0.00, 0.00
516,  0,  17.425,  0.98,  1, 0.00, 0.00, 1.36, 0.00, 0.00, 0.00, 0.00, 1.92, 0.94, 1.23, 0.23, 0.66, 0.19, 0.00, 0.10, 0.18, 0.15, 0.00, 0.00, 1.00, 0.00, 0.00, 0.00, 0.00, 1.00, 0.00, 1.00, 0.00, 0.00, 0.00, 0.00, 0.00, 0.00, 0.00, 0.00
517,  0,  17.459,  0.98,  1, 0.00, 0.00, 1.37, 0.00, 0.01, 0.00, 0.00, 1.87, 0.97, 1.25, 0.19, 0.66, 0.24, 0.00, 0.12, 0.24, 0.10, 0.00, 0.00, 1.00, 0.00, 0.00, 0.00, 0.00, 1.00, 0.00, 1.00, 0.00, 0.00, 0.00, 0.00, 0.00, 0.00, 0.00, 0.00
518,  0,  17.493,  0.98,  1, 0.00, 0.00, 1.46, 0.00, 0.01, 0.00, 0.00, 1.87, 0.93, 1.20, 0.23, 0.61, 0.30, 0.00, 0.18, 0.21, 0.14, 0.00, 0.00, 1.00, 0.00, 0.00, 0.00, 0.00, 1.00, 0.00, 1.00, 0.00, 0.00, 0.00, 0.00, 0.00, 0.00, 0.00, 0.00
519,  0,  17.526,  0.98,  1, 0.00, 0.00, 1.46, 0.00, 0.01, 0.00, 0.00, 1.87, 0.99, 1.17, 0.12, 0.63, 0.32, 0.00, 0.20, 0.15, 0.04, 0.00, 0.00, 1.00, 0.00, 0.00, 0.00, 0.00, 1.00, 0.00, 1.00, 0.00, 0.00, 0.00, 0.00, 0.00, 0.00, 0.00, 0.00
520,  0,  17.560,  0.98,  1, 0.00, 0.00, 1.48, 0.00, 0.00, 0.00, 0.00, 1.91, 0.95, 1.16, 0.16, 0.62, 0.36, 0.00, 0.22, 0.04, 0.04, 0.00, 0.00, 1.00, 0.00, 0.00, 0.00, 0.00, 1.00, 0.00, 1.00, 0.00, 0.00, 0.00, 0.00, 0.00, 0.00, 0.00, 0.00
521,  0,  17.594,  0.98,  1, 0.00, 0.00, 1.38, 0.00, 0.00, 0.00, 0.00, 1.91, 0.99, 1.22, 0.17, 0.63, 0.37, 0.00, 0.20, 0.07, 0.00, 0.00, 0.00, 1.00, 0.00, 0.00, 0.00, 0.00, 1.00, 0.00, 1.00, 0.00, 0.00, 0.00, 0.00, 0.00, 0.00, 0.00, 0.00
522,  0,  17.628,  0.98,  1, 0.00, 0.00, 1.40, 0.00, 0.00, 0.00, 0.00, 1.93, 0.91, 1.24, 0.26, 0.67, 0.28, 0.00, 0.15, 0.18, 0.05, 0.00, 0.00, 1.00, 0.00, 0.00, 0.00, 0.00, 1.00, 0.00, 1.00, 0.00, 0.00, 0.00, 0.00, 0.00, 0.00, 0.00, 0.00
523,  0,  17.662,  0.98,  1, 0.06, 0.03, 1.41, 0.00, 0.00, 0.00, 0.00, 1.84, 0.91, 1.15, 0.26, 0.78, 0.34, 0.00, 0.20, 0.32, 0.51, 0.00, 0.00, 1.00, 0.00, 0.00, 0.00, 0.00, 1.00, 0.00, 1.00, 0.00, 0.00, 0.00, 0.00, 0.00, 0.00, 0.00, 0.00
524,  0,  17.696,  0.98,  1, 0.08, 0.13, 1.39, 0.00, 0.00, 0.00, 0.00, 1.77, 0.85, 0.97, 0.18, 0.78, 0.47, 0.00, 0.26, 0.31, 1.11, 0.00, 0.00, 1.00, 0.00, 0.00, 0.00, 0.00, 1.00, 0.00, 1.00, 0.00, 0.00, 0.00, 0.00, 0.00, 0.00, 0.00, 1.00
525,  0,  17.729,  0.98,  1, 0.16, 0.13, 1.48, 0.00, 0.00, 0.00, 0.00, 1.71, 0.85, 0.93, 0.16, 0.76, 0.59, 0.00, 0.31, 0.20, 1.45, 0.00, 0.00, 1.00, 0.00, 0.00, 0.00, 0.00, 1.00, 0.00, 1.00, 0.00, 0.00, 0.00, 0.00, 0.00, 0.00, 0.00, 1.00
526,  0,  17.763,  0.98,  1, 0.11, 0.10, 1.46, 0.00, 0.00, 0.00, 0.00, 1.77, 0.86, 1.02, 0.15, 0.73, 0.46, 0.00, 0.26, 0.17, 1.12, 0.00, 0.00, 1.00, 0.00, 0.00, 0.00, 0.00, 1.00, 0.00, 1.00, 0.00, 0.00, 0.00, 0.00, 0.00, 0.00, 0.00, 1.00
527,  0,  17.797,  0.98,  1, 0.08, 0.00, 1.47, 0.00, 0.01, 0.00, 0.00, 1.80, 0.91, 1.22, 0.17, 0.75, 0.31, 0.00, 0.24, 0.19, 0.55, 0.00, 0.00, 1.00, 0.00, 0.00, 0.00, 0.00, 1.00, 0.00, 1.00, 0.00, 0.00, 0.00, 0.00, 0.00, 0.00, 0.00, 1.00
528,  0,  17.831,  0.98,  1, 0.00, 0.00, 1.33, 0.00, 0.01, 0.00, 0.01, 1.81, 0.94, 1.29, 0.13, 0.72, 0.28, 0.00, 0.20, 0.23, 0.28, 0.00, 0.00, 1.00, 0.00, 0.00, 0.00, 0.00, 1.00, 0.00, 1.00, 0.00, 0.00, 0.00, 0.00, 0.00, 0.00, 0.00, 1.00
529,  0,  17.865,  0.98,  1, 0.00, 0.00, 1.27, 0.00, 0.01, 0.00, 0.01, 1.78, 0.93, 1.29, 0.06, 0.63, 0.32, 0.00, 0.18, 0.14, 0.17, 0.00, 0.00, 1.00, 0.00, 0.00, 0.00, 0.00, 1.00, 0.00, 1.00, 0.00, 0.00, 0.00, 0.00, 0.00, 0.00, 0.00, 0.00
530,  0,  17.899,  0.98,  1, 0.00, 0.00, 1.24, 0.07, 0.00, 0.00, 0.01, 1.82, 0.88, 1.31, 0.06, 0.62, 0.34, 0.00, 0.14, 0.10, 0.14, 0.00, 0.00, 0.00, 0.00, 0.00, 0.00, 0.00, 1.00, 0.00, 1.00, 0.00, 0.00, 0.00, 0.00, 0.00, 0.00, 0.00, 0.00
531,  0,  17.932,  0.98,  1, 0.00, 0.00, 1.24, 0.07, 0.00, 0.00, 0.00, 1.90, 0.92, 1.34, 0.08, 0.68, 0.22, 0.00, 0.10, 0.09, 0.10, 0.00, 0.00, 0.00, 0.00, 0.00, 0.00, 0.00, 1.00, 0.00, 1.00, 0.00, 0.00, 0.00, 0.00, 0.00, 0.00, 0.00, 0.00
532,  0,  17.966,  0.98,  1, 0.00, 0.00, 1.23, 0.07, 0.00, 0.00, 0.00, 1.95, 0.97, 1.31, 0.10, 0.74, 0.20, 0.00, 0.05, 0.06, 0.12, 0.00, 0.00, 1.00, 0.00, 0.00, 0.00, 0.00, 1.00, 0.00, 1.00, 0.00, 0.00, 0.00, 0.00, 0.00, 0.00, 0.00, 0.00
533,  0,  18.000,  0.98,  1, 0.00, 0.00, 1.29, 0.00, 0.00, 0.00, 0.00, 1.95, 1.00, 1.31, 0.10, 0.68, 0.13, 0.00, 0.07, 0.07, 0.17, 0.00, 0.00, 1.00, 0.00, 0.00, 0.00, 0.00, 1.00, 0.00, 1.00, 0.00, 0.00, 0.00, 0.00, 0.00, 0.00, 0.00, 0.00
534,  0,  18.034,  0.98,  1, 0.00, 0.00, 1.27, 0.00, 0.00, 0.00, 0.00, 1.91, 1.02, 1.23, 0.04, 0.61, 0.17, 0.00, 0.12, 0.08, 0.08, 0.00, 0.00, 1.00, 0.00, 0.00, 0.00, 0.00, 1.00, 0.00, 1.00, 0.00, 0.00, 0.00, 0.00, 0.00, 0.00, 0.00, 0.00
535,  0,  18.068,  0.98,  1, 0.00, 0.00, 1.30, 0.08, 0.00, 0.00, 0.00, 1.91, 1.02, 1.24, 0.09, 0.62, 0.16, 0.00, 0.18, 0.08, 0.10, 0.00, 0.00, 1.00, 0.00, 0.00, 0.00, 0.00, 1.00, 0.00, 1.00, 0.00, 0.00, 0.00, 0.00, 0.00, 0.00, 0.00, 0.00
536,  0,  18.102,  0.98,  1, 0.00, 0.00, 1.32, 0.08, 0.00, 0.00, 0.00, 1.93, 1.05, 1.24, 0.14, 0.58, 0.14, 0.00, 0.18, 0.04, 0.09, 0.00, 0.00, 1.00, 0.00, 0.00, 0.00, 0.00, 1.00, 0.00, 1.00, 0.00, 0.00, 0.00, 0.00, 0.00, 0.00, 0.00, 0.00
537,  0,  18.135,  0.98,  1, 0.00, 0.00, 1.31, 0.08, 0.00, 0.00, 0.00, 1.91, 1.07, 1.26, 0.25, 0.64, 0.17, 0.00, 0.13, 0.05, 0.09, 0.00, 0.00, 1.00, 0.00, 0.00, 0.00, 0.00, 1.00, 0.00, 1.00, 0.00, 0.00, 0.00, 0.00, 0.00, 0.00, 0.00, 0.00
538,  0,  18.169,  0.98,  1, 0.00, 0.00, 1.32, 0.02, 0.00, 0.00, 0.00, 1.87, 1.07, 1.36, 0.31, 0.63, 0.10, 0.00, 0.11, 0.10, 0.09, 0.00, 0.00, 1.00, 0.00, 0.00, 0.00, 0.00, 1.00, 0.00, 1.00, 0.00, 0.00, 0.00, 0.00, 0.00, 0.00, 0.00, 0.00
539,  0,  18.203,  0.98,  1, 0.00, 0.00, 1.22, 0.02, 0.00, 0.00, 0.00, 1.79, 1.09, 1.30, 0.31, 0.70, 0.08, 0.00, 0.05, 0.20, 0.04, 0.00, 0.00, 1.00, 0.00, 0.00, 0.00, 0.00, 1.00, 0.00, 1.00, 0.00, 0.00, 0.00, 0.00, 0.00, 0.00, 0.00, 0.00
540,  0,  18.237,  0.98,  1, 0.00, 0.00, 1.27, 0.06, 0.00, 0.00, 0.00, 1.80, 1.02, 1.34, 0.38, 0.58, 0.12, 0.00, 0.12, 0.27, 0.14, 0.00, 0.00, 1.00, 0.00, 0.00, 0.00, 0.00, 1.00, 0.00, 1.00, 0.00, 0.00, 0.00, 0.00, 0.00, 0.00, 0.00, 0.00
541,  0,  18.271,  0.98,  1, 0.00, 0.00, 1.21, 0.04, 0.00, 0.00, 0.00, 1.79, 1.03, 1.31, 0.36, 0.48, 0.20, 0.00, 0.16, 0.33, 0.11, 0.00, 0.00, 1.00, 0.00, 0.00, 0.00, 0.00, 1.00, 0.00, 1.00, 0.00, 0.00, 0.00, 0.00, 0.00, 0.00, 0.00, 0.00
542,  0,  18.305,  0.98,  1, 0.00, 0.00, 1.30, 0.06, 0.00, 0.00, 0.01, 1.88, 0.97, 1.40, 0.43, 0.46, 0.26, 0.00, 0.21, 0.40, 0.16, 0.00, 0.00, 1.00, 0.00, 0.00, 0.00, 0.00, 1.00, 0.00, 1.00, 0.00, 0.00, 0.00, 0.00, 0.00, 0.00, 0.00, 0.00
543,  0,  18.338,  0.98,  1, 0.00, 0.00, 1.27, 0.02, 0.00, 0.00, 0.01, 1.85, 1.00, 1.41, 0.37, 0.49, 0.20, 0.00, 0.14, 0.41, 0.05, 0.00, 0.00, 0.00, 0.00, 0.00, 0.00, 0.00, 1.00, 0.00, 1.00, 0.00, 0.00, 0.00, 0.00, 0.00, 0.00, 0.00, 0.00
544,  0,  18.372,  0.98,  1, 0.00, 0.00, 1.32, 0.02, 0.00, 0.00, 0.01, 1.86, 0.99, 1.39, 0.38, 0.50, 0.15, 0.00, 0.07, 0.40, 0.12, 0.00, 0.00, 1.00, 0.00, 0.00, 0.00, 0.00, 1.00, 0.00, 1.00, 0.00, 0.00, 0.00, 0.00, 0.00, 0.00, 0.00, 0.00
545,  0,  18.406,  0.98,  1, 0.00, 0.00, 1.23, 0.00, 0.00, 0.00, 0.00, 1.79, 1.03, 1.32, 0.35, 0.48, 0.14, 0.00, 0.01, 0.23, 0.06, 0.00, 0.00, 1.00, 0.00, 0.00, 0.00, 0.00, 1.00, 0.00, 1.00, 0.00, 0.00, 0.00, 0.00, 0.00, 0.00, 0.00, 0.00
546,  0,  18.440,  0.98,  1, 0.00, 0.00, 1.23, 0.03, 0.00, 0.00, 0.00, 1.86, 1.03, 1.35, 0.33, 0.48, 0.16, 0.00, 0.11, 0.15, 0.08, 0.00, 0.00, 1.00, 0.00, 0.00, 0.00, 0.00, 1.00, 0.00, 1.00, 0.00, 0.00, 0.00, 0.00, 0.00, 0.00, 0.00, 0.00
547,  0,  18.474,  0.98,  1, 0.00, 0.00, 1.17, 0.03, 0.00, 0.00, 0.00, 1.88, 1.05, 1.45, 0.29, 0.58, 0.25, 0.00, 0.20, 0.19, 0.01, 0.00, 0.00, 1.00, 0.00, 0.00, 0.00, 0.00, 1.00, 0.00, 1.00, 0.00, 0.00, 0.00, 0.00, 0.00, 0.00, 0.00, 0.00
548,  0,  18.508,  0.98,  1, 0.00, 0.00, 1.20, 0.03, 0.00, 0.00, 0.01, 1.91, 1.01, 1.60, 0.34, 0.67, 0.22, 0.00, 0.20, 0.27, 0.01, 0.00, 0.00, 1.00, 0.00, 0.00, 0.00, 0.00, 1.00, 0.00, 1.00, 0.00, 0.00, 0.00, 0.00, 0.00, 0.00, 0.00, 0.00
549,  0,  18.541,  0.98,  1, 0.00, 0.00, 1.21, 0.00, 0.00, 0.00, 0.01, 1.83, 0.99, 1.62, 0.30, 0.71, 0.14, 0.00, 0.22, 0.33, 0.00, 0.00, 0.00, 1.00, 0.00, 0.00, 0.00, 0.00, 1.00, 0.00, 1.00, 0.00, 0.00, 0.00, 0.00, 0.00, 0.00, 0.00, 0.00
550,  0,  18.575,  0.98,  1, 0.00, 0.00, 1.22, 0.00, 0.00, 0.00, 0.01, 1.79, 0.95, 1.66, 0.27, 0.68, 0.07, 0.00, 0.24, 0.28, 0.03, 0.00, 0.00, 1.00, 0.00, 0.00, 0.00, 0.00, 1.00, 0.00, 1.00, 0.00, 0.00, 0.00, 0.00, 0.00, 0.00, 0.00, 0.00
551,  0,  18.609,  0.98,  1, 0.00, 0.00, 1.22, 0.00, 0.00, 0.00, 0.00, 1.75, 1.00, 1.65, 0.18, 0.64, 0.17, 0.00, 0.36, 0.27, 0.03, 0.00, 0.00, 1.00, 0.00, 0.00, 0.00, 0.00, 1.00, 0.00, 1.00, 0.00, 0.00, 0.00, 0.00, 0.00, 0.00, 0.00, 0.00
552,  0,  18.643,  0.98,  1, 0.00, 0.00, 1.26, 0.00, 0.00, 0.00, 0.00, 1.77, 0.98, 1.67, 0.24, 0.67, 0.18, 0.00, 0.37, 0.28, 0.03, 0.00, 0.00, 1.00, 0.00, 0.00, 0.00, 0.00, 1.00, 0.00, 1.00, 0.00, 0.00, 0.00, 0.00, 0.00, 0.00, 0.00, 0.00
553,  0,  18.677,  0.98,  1, 0.00, 0.00, 1.29, 0.00, 0.00, 0.00, 0.00, 1.79, 1.01, 1.58, 0.22, 0.67, 0.22, 0.00, 0.35, 0.34, 0.00, 0.00, 0.00, 1.00, 0.00, 0.00, 0.00, 0.00, 1.00, 0.00, 1.00, 0.00, 0.00, 0.00, 0.00, 0.00, 0.00, 0.00, 0.00
554,  0,  18.711,  0.98,  1, 0.00, 0.00, 1.28, 0.00, 0.00, 0.00, 0.00, 1.79, 0.95, 1.53, 0.25, 0.63, 0.11, 0.00, 0.30, 0.34, 0.00, 0.00, 0.00, 1.00, 0.00, 0.00, 0.00, 0.00, 1.00, 0.00, 1.00, 0.00, 0.00, 0.00, 0.00, 0.00, 0.00, 0.00, 0.00
555,  0,  18.744,  0.98,  1, 0.00, 0.00, 1.27, 0.01, 0.00, 0.00, 0.00, 1.84, 0.97, 1.50, 0.20, 0.50, 0.15, 0.00, 0.18, 0.35, 0.00, 0.00, 0.00, 1.00, 0.00, 0.00, 0.00, 0.00, 1.00, 0.00, 1.00, 0.00, 0.00, 0.00, 0.00, 0.00, 0.00, 0.00, 0.00
556,  0,  18.778,  0.98,  1, 0.00, 0.00, 1.25, 0.01, 0.00, 0.00, 0.00, 1.89, 0.96, 1.49, 0.28, 0.44, 0.05, 0.00, 0.10, 0.36, 0.00, 0.00, 0.00, 1.00, 0.00, 0.00, 0.00, 0.00, 1.00, 0.00, 1.00, 0.00, 0.00, 0.00, 0.00, 0.00, 0.00, 0.00, 0.00
557,  0,  18.812,  0.98,  1, 0.01, 0.07, 1.34, 0.01, 0.00, 0.00, 0.00, 1.91, 0.98, 1.49, 0.33, 0.54, 0.05, 0.00, 0.03, 0.32, 0.00, 0.00, 0.00, 1.00, 0.00, 0.00, 0.00, 0.00, 1.00, 0.00, 1.00, 0.00, 0.00, 0.00, 0.00, 0.00, 0.00, 0.00, 0.00
558,  0,  18.846,  0.98,  1, 0.01, 0.07, 1.29, 0.00, 0.00, 0.00, 0.00, 1.94, 0.96, 1.39, 0.38, 0.66, 0.00, 0.00, 0.03, 0.33, 0.00, 0.00, 0.00, 1.00, 0.00, 0.00, 0.00, 0.00, 1.00, 0.00, 1.00, 0.00, 0.00, 0.00, 0.00, 0.00, 0.00, 0.00, 0.00
559,  0,  18.880,  0.98,  1, 0.01, 0.07, 1.30, 0.00, 0.00, 0.00, 0.00, 1.98, 0.94, 1.36, 0.32, 0.67, 0.00, 0.00, 0.04, 0.18, 0.00, 0.00, 0.00, 1.00, 0.00, 0.00, 0.00, 0.00, 1.00, 0.00, 1.00, 0.00, 0.00, 0.00, 0.00, 0.00, 0.00, 0.00, 0.00
560,  0,  18.914,  0.98,  1, 0.00, 0.02, 1.23, 0.00, 0.00, 0.00, 0.00, 2.01, 0.92, 1.36, 0.38, 0.55, 0.00, 0.00, 0.11, 0.19, 0.00, 0.00, 0.00, 1.00, 0.00, 0.00, 0.00, 0.00, 1.00, 0.00, 1.00, 0.00, 0.00, 0.00, 0.00, 0.00, 0.00, 0.00, 0.00
561,  0,  18.947,  0.98,  1, 0.00, 0.10, 1.28, 0.00, 0.00, 0.00, 0.00, 1.93, 0.91, 1.43, 0.33, 0.51, 0.07, 0.00, 0.13, 0.17, 0.00, 0.00, 0.00, 1.00, 0.00, 0.00, 0.00, 0.00, 1.00, 0.00, 1.00, 0.00, 0.00, 0.00, 0.00, 0.00, 0.00, 0.00, 0.00
562,  0,  18.981,  0.98,  1, 0.00, 0.10, 1.27, 0.00, 0.00, 0.00, 0.00, 1.88, 0.92, 1.36, 0.37, 0.50, 0.10, 0.00, 0.11, 0.18, 0.00, 0.00, 0.00, 0.00, 0.00, 0.00, 0.00, 0.00, 1.00, 0.00, 1.00, 0.00, 0.00, 0.00, 0.00, 0.00, 0.00, 0.00, 0.00
563,  0,  19.015,  0.98,  1, 0.00, 0.14, 1.21, 0.01, 0.00, 0.00, 0.00, 1.87, 0.97, 1.39, 0.28, 0.52, 0.11, 0.00, 0.09, 0.14, 0.00, 0.00, 0.00, 0.00, 0.00, 0.00, 0.00, 0.00, 1.00, 0.00, 1.00, 0.00, 0.00, 0.00, 0.00, 0.00, 0.00, 0.00, 0.00
564,  0,  19.049,  0.98,  1, 0.00, 0.12, 1.09, 0.01, 0.00, 0.00, 0.00, 1.90, 1.00, 1.41, 0.33, 0.56, 0.11, 0.00, 0.04, 0.08, 0.00, 0.00, 0.00, 1.00, 0.00, 0.00, 0.00, 0.00, 1.00, 0.00, 1.00, 0.00, 0.00, 0.00, 0.00, 0.00, 0.00, 0.00, 0.00
565,  0,  19.083,  0.98,  1, 0.00, 0.27, 1.10, 0.01, 0.00, 0.00, 0.00, 1.86, 1.00, 1.56, 0.32, 0.67, 0.09, 0.00, 0.12, 0.15, 0.00, 0.00, 0.00, 0.00, 0.00, 0.00, 0.00, 0.00, 1.00, 0.00, 1.00, 0.00, 0.00, 0.00, 0.00, 0.00, 0.00, 0.00, 0.00
566,  0,  19.117,  0.98,  1, 0.00, 0.21, 1.13, 0.00, 0.00, 0.00, 0.00, 1.77, 0.97, 1.49, 0.31, 0.78, 0.11, 0.01, 0.08, 0.23, 0.00, 0.00, 0.00, 0.00, 0.00, 0.00, 0.00, 0.00, 1.00, 0.00, 1.00, 0.00, 0.00, 0.00, 0.00, 0.00, 0.00, 0.00, 0.00
567,  0,  19.150,  0.98,  1, 0.00, 0.15, 1.18, 0.00, 0.00, 0.00, 0.00, 1.66, 0.95, 1.41, 0.19, 0.80, 0.05, 0.01, 0.11, 0.21, 0.00, 0.00, 0.00, 0.00, 0.00, 0.00, 0.00, 0.00, 1.00, 0.00, 1.00, 0.00, 0.00, 0.00, 0.00, 0.00, 0.00, 0.00, 0.00
568,  0,  19.184,  0.98,  1, 0.00, 0.00, 1.17, 0.02, 0.00, 0.00, 0.00, 1.63, 0.95, 1.25, 0.10, 0.73, 0.07, 0.01, 0.07, 0.16, 0.00, 0.00, 0.00, 0.00, 0.00, 0.00, 0.00, 0.00, 1.00, 0.00, 1.00, 0.00, 0.00, 0.00, 0.00, 0.00, 0.00, 0.00, 0.00
569,  0,  19.218,  0.98,  1, 0.00, 0.00, 1.14, 0.02, 0.00, 0.00, 0.00, 1.67, 0.93, 1.26, 0.02, 0.67, 0.04, 0.00, 0.07, 0.05, 0.00, 0.00, 0.00, 0.00, 0.00, 0.00, 0.00, 0.00, 1.00, 0.00, 1.00, 0.00, 0.00, 0.00, 0.00, 0.00, 0.00, 0.00, 0.00
570,  0,  19.252,  0.98,  1, 0.00, 0.00, 1.22, 0.02, 0.00, 0.00, 0.00, 1.74, 0.93, 1.31, 0.05, 0.66, 0.04, 0.00, 0.07, 0.12, 0.00, 0.00, 0.00, 0.00, 0.00, 0.00, 0.00, 0.00, 1.00, 0.00, 1.00, 0.00, 0.00, 0.00, 0.00, 0.00, 0.00, 0.00, 0.00
571,  0,  19.286,  0.98,  1, 0.00, 0.05, 1.32, 0.00, 0.00, 0.00, 0.00, 1.77, 0.96, 1.41, 0.09, 0.67, 0.04, 0.00, 0.06, 0.10, 0.00, 0.00, 0.00, 0.00, 0.00, 0.00, 0.00, 0.00, 1.00, 0.00, 1.00, 0.00, 0.00, 0.00, 0.00, 0.00, 0.00, 0.00, 0.00
572,  0,  19.320,  0.98,  1, 0.00, 0.05, 1.39, 0.00, 0.00, 0.00, 0.00, 1.83, 0.93, 1.36, 0.18, 0.74, 0.04, 0.00, 0.08, 0.16, 0.00, 0.00, 0.00, 1.00, 0.00, 0.00, 0.00, 0.00, 1.00, 0.00, 1.00, 0.00, 0.00, 0.00, 0.00, 0.00, 0.00, 0.00, 0.00
573,  0,  19.353,  0.98,  1, 0.00, 0.05, 1.39, 0.00, 0.00, 0.00, 0.00, 1.82, 0.95, 1.34, 0.18, 0.74, 0.06, 0.00, 0.06, 0.16, 0.00, 0.00, 0.00, 1.00, 0.00, 0.00, 0.00, 0.00, 1.00, 0.00, 1.00, 0.00, 0.00, 0.00, 0.00, 0.00, 0.00, 0.00, 0.00
574,  0,  19.387,  0.98,  1, 0.00, 0.09, 1.37, 0.00, 0.00, 0.00, 0.00, 1.77, 0.91, 1.28, 0.24, 0.81, 0.02, 0.00, 0.09, 0.15, 0.00, 0.00, 0.00, 1.00, 0.00, 0.00, 0.00, 0.00, 1.00, 0.00, 1.00, 0.00, 0.00, 0.00, 0.00, 0.00, 0.00, 0.00, 0.00
575,  0,  19.421,  0.98,  1, 0.00, 0.09, 1.40, 0.01, 0.00, 0.00, 0.00, 1.74, 0.99, 1.34, 0.17, 0.71, 0.03, 0.00, 0.13, 0.13, 0.00, 0.00, 0.00, 1.00, 0.00, 0.00, 0.00, 0.00, 1.00, 0.00, 1.00, 0.00, 0.00, 0.00, 0.00, 0.00, 0.00, 0.00, 0.00
576,  0,  19.455,  0.98,  1, 0.00, 0.10, 1.43, 0.01, 0.00, 0.00, 0.00, 1.79, 1.00, 1.32, 0.26, 0.74, 0.01, 0.00, 0.17, 0.05, 0.00, 0.00, 0.00, 1.00, 0.00, 0.00, 0.00, 0.00, 1.00, 0.00, 1.00, 0.00, 0.00, 0.00, 0.00, 0.00, 0.00, 0.00, 0.00
577,  0,  19.489,  0.98,  1, 0.00, 0.07, 1.39, 0.01, 0.00, 0.00, 0.00, 1.88, 1.04, 1.35, 0.22, 0.70, 0.03, 0.00, 0.18, 0.11, 0.00, 0.00, 0.00, 1.00, 0.00, 0.00, 0.00, 0.00, 1.00, 0.00, 1.00, 0.00, 0.00, 0.00, 0.00, 0.00, 0.00, 0.00, 0.00
578,  0,  19.523,  0.98,  1, 0.01, 0.15, 1.38, 0.00, 0.00, 0.00, 0.00, 1.91, 1.02, 1.29, 0.27, 0.69, 0.02, 0.00, 0.17, 0.18, 0.00, 0.00, 0.00, 1.00, 0.00, 0.00, 0.00, 0.00, 1.00, 0.00, 1.00, 0.00, 0.00, 0.00, 0.00, 0.00, 0.00, 0.00, 0.00
579,  0,  19.556,  0.98,  1, 0.05, 0.18, 1.35, 0.00, 0.00, 0.00, 0.00, 1.90, 1.01, 1.38, 0.18, 0.72, 0.02, 0.00, 0.11, 0.20, 0.00, 0.00, 0.00, 1.00, 0.00, 0.00, 0.00, 0.00, 1.00, 0.00, 1.00, 0.00, 0.00, 0.00, 0.00, 0.00, 0.00, 0.00, 0.00
580,  0,  19.590,  0.98,  1, 0.05, 0.12, 1.34, 0.00, 0.00, 0.00, 0.00, 1.88, 1.02, 1.34, 0.11, 0.65, 0.00, 0.00, 0.09, 0.20, 0.00, 0.00, 0.00, 1.00, 0.00, 0.00, 0.00, 0.00, 1.00, 0.00, 1.00, 0.00, 0.00, 0.00, 0.00, 0.00, 0.00, 0.00, 0.00
581,  0,  19.624,  0.98,  1, 0.05, 0.04, 1.33, 0.00, 0.00, 0.00, 0.00, 1.86, 1.03, 1.36, 0.05, 0.58, 0.03, 0.00, 0.14, 0.23, 0.00, 0.00, 0.00, 1.00, 0.00, 0.00, 0.00, 0.00, 1.00, 0.00, 1.00, 0.00, 0.00, 0.00, 0.00, 0.00, 0.00, 0.00, 0.00
582,  0,  19.658,  0.98,  1, 0.00, 0.00, 1.32, 0.00, 0.00, 0.00, 0.00, 1.81, 1.04, 1.31, 0.04, 0.46, 0.03, 0.00, 0.23, 0.31, 0.00, 0.00, 0.00, 1.00, 0.00, 0.00, 0.00, 0.00, 1.00, 0.00, 1.00, 0.00, 0.00, 0.00, 0.00, 0.00, 0.00, 0.00, 0.00
583,  0,  19.692,  0.98,  1, 0.00, 0.02, 1.38, 0.00, 0.00, 0.00, 0.00, 1.79, 1.02, 1.30, 0.05, 0.48, 0.11, 0.00, 0.28, 0.35, 0.00, 0.00, 0.00, 1.00, 0.00, 0.00, 0.00, 0.00, 1.00, 0.00, 1.00, 0.00, 0.00, 0.00, 0.00, 0.00, 0.00, 0.00, 0.00
584,  0,  19.726,  0.98,  1, 0.00, 0.02, 1.37, 0.00, 0.00, 0.00, 0.00, 1.76, 1.00, 1.35, 0.07, 0.59, 0.08, 0.00, 0.22, 0.33, 0.02, 0.00, 0.00, 1.00, 0.00, 0.00, 0.00, 0.00, 1.00, 0.00, 1.00, 0.00, 0.00, 0.00, 0.00, 0.00, 0.00, 0.00, 0.00
585,  0,  19.759,  0.98,  1, 0.00, 0.02, 1.39, 0.16, 0.00, 0.00, 0.00, 1.74, 0.97, 1.40, 0.04, 0.66, 0.11, 0.00, 0.15, 0.38, 0.02, 0.00, 0.00, 1.00, 0.00, 0.00, 0.00, 0.00, 1.00, 0.00, 1.00, 0.00, 0.00, 0.00, 0.00, 0.00, 0.00, 0.00, 0.00
586,  0,  19.793,  0.98,  1, 0.00, 0.00, 1.34, 0.26, 0.00, 0.00, 0.00, 1.76, 0.96, 1.51, 0.06, 0.71, 0.06, 0.00, 0.06, 0.36, 0.02, 0.00, 0.00, 1.00, 0.00, 0.00, 0.00, 0.00, 1.00, 0.00, 1.00, 0.00, 0.00, 0.00, 0.00, 0.00, 0.00, 0.00, 0.00
587,  0,  19.827,  0.98,  1, 0.00, 0.00, 1.36, 0.37, 0.00, 0.00, 0.00, 1.78, 0.98, 1.54, 0.13, 0.65, 0.08, 0.00, 0.01, 0.36, 0.00, 0.00, 0.00, 1.00, 0.00, 0.00, 0.00, 0.00, 1.00, 0.00, 1.00, 0.00, 0.00, 0.00, 0.00, 0.00, 0.00, 0.00, 0.00
588,  0,  19.861,  0.98,  1, 0.00, 0.00, 1.31, 0.22, 0.00, 0.00, 0.00, 1.81, 0.96, 1.49, 0.19, 0.62, 0.05, 0.00, 0.10, 0.29, 0.00, 0.00, 0.00, 1.00, 0.00, 0.00, 0.00, 0.00, 1.00, 0.00, 1.00, 0.00, 0.00, 0.00, 0.00, 0.00, 0.00, 0.00, 0.00
589,  0,  19.895,  0.98,  1, 0.00, 0.00, 1.26, 0.14, 0.00, 0.00, 0.00, 1.79, 0.96, 1.39, 0.17, 0.61, 0.08, 0.00, 0.16, 0.27, 0.00, 0.00, 0.00, 1.00, 0.00, 0.00, 0.00, 0.00, 1.00, 0.00, 1.00, 0.00, 0.00, 0.00, 0.00, 0.00, 0.00, 0.00, 0.00
590,  0,  19.929,  0.98,  1, 0.00, 0.00, 1.23, 0.04, 0.00, 0.00, 0.00, 1.80, 0.93, 1.26, 0.11, 0.63, 0.06, 0.00, 0.18, 0.22, 0.00, 0.00, 0.00, 1.00, 0.00, 0.00, 0.00, 0.00, 1.00, 0.00, 1.00, 0.00, 0.00, 0.00, 0.00, 0.00, 0.00, 0.00, 0.00
591,  0,  19.962,  0.98,  1, 0.00, 0.00, 1.32, 0.03, 0.00, 0.00, 0.00, 1.83, 0.94, 1.24, 0.07, 0.66, 0.07, 0.00, 0.08, 0.21, 0.00, 0.00, 0.00, 1.00, 0.00, 0.00, 0.00, 0.00, 1.00, 0.00, 1.00, 0.00, 0.00, 0.00, 0.00, 0.00, 0.00, 0.00, 0.00
592,  0,  19.996,  0.98,  1, 0.00, 0.00, 1.46, 0.00, 0.00, 0.00, 0.00, 1.80, 0.92, 1.29, 0.10, 0.65, 0.01, 0.00, 0.08, 0.19, 0.01, 0.00, 0.00, 1.00, 0.00, 0.00, 0.00, 0.00, 1.00, 0.00, 1.00, 0.00, 0.00, 0.00, 0.00, 0.00, 0.00, 0.00, 0.00
593,  0,  20.030,  0.98,  1, 0.00, 0.00, 1.51, 0.00, 0.00, 0.00, 0.00, 1.80, 0.96, 1.38, 0.13, 0.62, 0.01, 0.00, 0.06, 0.23, 0.01, 0.00, 0.00, 1.00, 0.00, 0.00, 0.00, 0.00, 1.00, 0.00, 1.00, 0.00, 0.00, 0.00, 0.00, 0.00, 0.00, 0.00, 0.00
594,  0,  20.064,  0.98,  1, 0.00, 0.00, 1.52, 0.00, 0.00, 0.00, 0.01, 1.81, 0.96, 1.37, 0.12, 0.56, 0.00, 0.00, 0.16, 0.29, 0.10, 0.00, 0.00, 1.00, 0.00, 0.00, 0.00, 0.00, 1.00, 0.00, 1.00, 0.00, 0.00, 0.00, 0.00, 0.00, 0.00, 0.00, 0.00
595,  0,  20.098,  0.98,  1, 0.00, 0.00, 1.48, 0.00, 0.02, 0.00, 0.00, 1.85, 1.01, 1.31, 0.08, 0.49, 0.00, 0.00, 0.17, 0.30, 0.09, 0.00, 0.00, 1.00, 0.00, 0.00, 0.00, 0.00, 1.00, 0.00, 1.00, 0.00, 0.00, 0.00, 0.00, 0.00, 0.00, 0.00, 0.00
596,  0,  20.132,  0.98,  1, 0.00, 0.00, 1.51, 0.00, 0.02, 0.00, 0.00, 1.85, 0.98, 1.19, 0.06, 0.50, 0.00, 0.00, 0.28, 0.28, 0.16, 0.00, 0.00, 1.00, 0.00, 0.00, 0.00, 0.00, 1.00, 0.00, 1.00, 0.00, 0.00, 0.00, 0.00, 0.00, 0.00, 0.00, 0.00
597,  0,  20.165,  0.98,  1, 0.00, 0.00, 1.46, 0.01, 0.02, 0.00, 0.00, 1.86, 1.03, 1.24, 0.07, 0.58, 0.00, 0.00, 0.25, 0.22, 0.14, 0.00, 0.00, 1.00, 0.00, 0.00, 0.00, 0.00, 1.00, 0.00, 1.00, 0.00, 0.00, 0.00, 0.00, 0.00, 0.00, 0.00, 0.00
598,  0,  20.199,  0.98,  1, 0.00, 0.00, 1.52, 0.03, 0.00, 0.00, 0.00, 1.82, 1.00, 1.29, 0.09, 0.63, 0.00, 0.00, 0.24, 0.19, 0.22, 0.00, 0.00, 1.00, 0.00, 0.00, 0.00, 0.00, 1.00, 0.00, 1.00, 0.00, 0.00, 0.00, 0.00, 0.00, 0.00, 0.00, 0.00
599,  0,  20.233,  0.98,  1, 0.00, 0.04, 1.46, 0.03, 0.00, 0.00, 0.00, 1.76, 1.03, 1.36, 0.07, 0.65, 0.00, 0.00, 0.13, 0.13, 0.19, 0.00, 0.00, 1.00, 0.00, 0.00, 0.00, 0.00, 1.00, 0.00, 1.00, 0.00, 0.00, 0.00, 0.00, 0.00, 0.00, 0.00, 0.00
600,  0,  20.267,  0.98,  1, 0.00, 0.04, 1.55, 0.02, 0.00, 0.00, 0.03, 1.69, 1.00, 1.39, 0.16, 0.52, 0.01, 0.00, 0.14, 0.08, 0.23, 0.00, 0.00, 1.00, 0.00, 0.00, 0.00, 0.00, 1.00, 0.00, 1.00, 0.00, 0.00, 0.00, 0.00, 0.00, 0.00, 0.00, 0.00
601,  0,  20.301,  0.98,  1, 0.00, 0.04, 1.50, 0.00, 0.00, 0.00, 0.05, 1.64, 1.04, 1.38, 0.20, 0.46, 0.06, 0.00, 0.11, 0.07, 0.15, 0.00, 0.00, 1.00, 0.00, 0.00, 0.00, 0.00, 1.00, 0.00, 1.00, 0.00, 0.00, 0.00, 0.00, 0.00, 0.00, 0.00, 0.00
602,  0,  20.335,  0.98,  1, 0.00, 0.00, 1.58, 0.00, 0.00, 0.00, 0.10, 1.64, 1.01, 1.33, 0.20, 0.35, 0.06, 0.00, 0.17, 0.05, 0.15, 0.00, 0.00, 1.00, 0.00, 0.00, 0.00, 0.00, 1.00, 0.00, 1.00, 0.00, 0.00, 0.00, 0.00, 0.00, 0.00, 0.00, 0.00
603,  0,  20.368,  0.98,  1, 0.00, 0.00, 1.48, 0.00, 0.00, 0.00, 0.07, 1.61, 1.01, 1.34, 0.16, 0.44, 0.05, 0.00, 0.13, 0.13, 0.16, 0.00, 0.00, 1.00, 0.00, 0.00, 0.00, 0.00, 1.00, 0.00, 1.00, 0.00, 0.00, 0.00, 0.00, 0.00, 0.00, 0.00, 0.00
604,  0,  20.402,  0.98,  1, 0.00, 0.00, 1.53, 0.00, 0.00, 0.00, 0.04, 1.62, 0.96, 1.40, 0.17, 0.50, 0.00, 0.00, 0.22, 0.15, 0.29, 0.00, 0.00, 1.00, 0.00, 0.00, 0.00, 0.00, 1.00, 0.00, 1.00, 0.00, 0.00, 0.00, 0.00, 0.00, 0.00, 0.00, 0.00
605,  0,  20.436,  0.98,  1, 0.00, 0.00, 1.42, 0.00, 0.00, 0.00, 0.00, 1.59, 0.97, 1.47, 0.23, 0.57, 0.00, 0.00, 0.16, 0.17, 0.25, 0.00, 0.00, 1.00, 0.00, 0.00, 0.00, 0.00, 1.00, 0.00, 1.00, 0.00, 0.00, 0.00, 0.00, 0.00, 0.00, 0.00, 0.00
606,  0,  20.470,  0.98,  1, 0.00, 0.00, 1.47, 0.07, 0.00, 0.00, 0.00, 1.60, 0.94, 1.39, 0.26, 0.54, 0.03, 0.00, 0.15, 0.17, 0.20, 0.00, 0.00, 1.00, 0.00, 0.00, 0.00, 0.00, 1.00, 0.00, 1.00, 0.00, 0.00, 0.00, 0.00, 0.00, 0.00, 0.00, 0.00
607,  0,  20.504,  0.98,  1, 0.00, 0.00, 1.42, 0.07, 0.00, 0.00, 0.00, 1.62, 0.98, 1.39, 0.25, 0.55, 0.06, 0.00, 0.03, 0.18, 0.11, 0.00, 0.00, 1.00, 0.00, 0.00, 0.00, 0.00, 1.00, 0.00, 1.00, 0.00, 0.00, 0.00, 0.00, 0.00, 0.00, 0.00, 0.00
608,  0,  20.538,  0.98,  1, 0.00, 0.00, 1.53, 0.07, 0.00, 0.00, 0.01, 1.59, 0.96, 1.32, 0.25, 0.56, 0.07, 0.00, 0.06, 0.24, 0.14, 0.00, 0.00, 1.00, 0.00, 0.00, 0.00, 0.00, 1.00, 0.00, 1.00, 0.00, 0.00, 0.00, 0.00, 0.00, 0.00, 0.00, 0.00
609,  0,  20.571,  0.98,  1, 0.00, 0.03, 1.48, 0.00, 0.00, 0.00, 0.01, 1.61, 0.99, 1.35, 0.18, 0.60, 0.08, 0.00, 0.03, 0.15, 0.11, 0.00, 0.00, 1.00, 0.00, 0.00, 0.00, 0.00, 1.00, 0.00, 1.00, 0.00, 0.00, 0.00, 0.00, 0.00, 0.00, 0.00, 0.00
610,  0,  20.605,  0.98,  1, 0.00, 0.03, 1.53, 0.00, 0.00, 0.00, 0.01, 1.62, 0.95, 1.22, 0.20, 0.54, 0.06, 0.00, 0.03, 0.11, 0.15, 0.00, 0.00, 1.00, 0.00, 0.00, 0.00, 0.00, 1.00, 0.00, 1.00, 0.00, 0.00, 0.00, 0.00, 0.00, 0.00, 0.00, 0.00
611,  0,  20.639,  0.98,  1, 0.00, 0.03, 1.43, 0.00, 0.00, 0.00, 0.00, 1.67, 1.01, 1.28, 0.11, 0.51, 0.06, 0.00, 0.00, 0.03, 0.18, 0.00, 0.00, 1.00, 0.00, 0.00, 0.00, 0.00, 1.00, 0.00, 1.00, 0.00, 0.00, 0.00, 0.00, 0.00, 0.00, 0.00, 0.00
612,  0,  20.673,  0.98,  1, 0.00, 0.00, 1.54, 0.00, 0.00, 0.00, 0.00, 1.62, 0.99, 1.25, 0.17, 0.43, 0.07, 0.00, 0.01, 0.04, 0.19, 0.00, 0.00, 1.00, 0.00, 0.00, 0.00, 0.00, 1.00, 0.00, 1.00, 0.00, 0.00, 0.00, 0.00, 0.00, 0.00, 0.00, 0.00
613,  0,  20.707,  0.98,  1, 0.00, 0.00, 1.43, 0.00, 0.00, 0.00, 0.00, 1.55, 1.05, 1.34, 0.11, 0.45, 0.08, 0.00, 0.02, 0.11, 0.12, 0.00, 0.00, 1.00, 0.00, 0.00, 0.00, 0.00, 1.00, 0.00, 1.00, 0.00, 0.00, 0.00, 0.00, 0.00, 0.00, 0.00, 0.00
614,  0,  20.741,  0.98,  1, 0.00, 0.00, 1.48, 0.00, 0.00, 0.00, 0.00, 1.53, 0.98, 1.37, 0.17, 0.42, 0.07, 0.00, 0.08, 0.13, 0.10, 0.00, 0.00, 1.00, 0.00, 0.00, 0.00, 0.00, 1.00, 0.00, 1.00, 0.00, 0.00, 0.00, 0.00, 0.00, 0.00, 0.00, 0.00
615,  0,  20.774,  0.98,  1, 0.00, 0.00, 1.33, 0.00, 0.00, 0.00, 0.00, 1.57, 1.03, 1.44, 0.12, 0.43, 0.05, 0.00, 0.08, 0.20, 0.04, 0.00, 0.00, 1.00, 0.00, 0.00, 0.00, 0.00, 1.00, 0.00, 1.00, 0.00, 0.00, 0.00, 0.00, 0.00, 0.00, 0.00, 0.00
616,  0,  20.808,  0.98,  1, 0.00, 0.00, 1.39, 0.00, 0.00, 0.00, 0.00, 1.65, 0.99, 1.47, 0.10, 0.39, 0.03, 0.00, 0.14, 0.14, 0.14, 0.00, 0.00, 1.00, 0.00, 0.00, 0.00, 0.00, 1.00, 0.00, 1.00, 0.00, 0.00, 0.00, 0.00, 0.00, 0.00, 0.00, 0.00
617,  0,  20.842,  0.98,  1, 0.00, 0.00, 1.34, 0.00, 0.00, 0.00, 0.00, 1.61, 1.06, 1.43, 0.03, 0.39, 0.05, 0.00, 0.12, 0.12, 0.13, 0.00, 0.00, 1.00, 0.00, 0.00, 0.00, 0.00, 1.00, 0.00, 1.00, 0.00, 0.00, 0.00, 0.00, 0.00, 0.00, 0.00, 0.00
618,  0,  20.876,  0.98,  1, 0.00, 0.00, 1.40, 0.00, 0.00, 0.00, 0.00, 1.62, 0.97, 1.46, 0.05, 0.40, 0.02, 0.00, 0.19, 0.03, 0.20, 0.00, 0.00, 1.00, 0.00, 0.00, 0.00, 0.00, 1.00, 0.00, 1.00, 0.00, 0.00, 0.00, 0.00, 0.00, 0.00, 0.00, 0.00
619,  0,  20.910,  0.98,  1, 0.00, 0.00, 1.31, 0.00, 0.00, 0.00, 0.00, 1.53, 1.00, 1.46, 0.05, 0.41, 0.02, 0.00, 0.26, 0.06, 0.10, 0.00, 0.00, 1.00, 0.00, 0.00, 0.00, 0.00, 1.00, 0.00, 1.00, 0.00, 0.00, 0.00, 0.00, 0.00, 0.00, 0.00, 0.00
620,  0,  20.944,  0.98,  1, 0.00, 0.00, 1.32, 0.00, 0.00, 0.00, 0.00, 1.51, 0.91, 1.40, 0.08, 0.39, 0.00, 0.00, 0.29, 0.08, 0.08, 0.00, 0.00, 1.00, 0.00, 0.00, 0.00, 0.00, 1.00, 0.00, 1.00, 0.00, 0.00, 0.00, 0.00, 0.00, 0.00, 0.00, 0.00
621,  0,  20.977,  0.98,  1, 0.00, 0.00, 1.23, 0.00, 0.00, 0.00, 0.00, 1.44, 0.96, 1.41, 0.07, 0.39, 0.00, 0.00, 0.25, 0.08, 0.01, 0.00, 0.00, 1.00, 0.00, 0.00, 0.00, 0.00, 1.00, 0.00, 1.00, 0.00, 0.00, 0.00, 0.00, 0.00, 0.00, 0.00, 0.00
622,  0,  21.011,  0.98,  1, 0.00, 0.00, 1.30, 0.00, 0.00, 0.00, 0.00, 1.50, 0.94, 1.37, 0.11, 0.38, 0.00, 0.00, 0.14, 0.05, 0.06, 0.00, 0.00, 1.00, 0.00, 0.00, 0.00, 0.00, 1.00, 0.00, 1.00, 0.00, 0.00, 0.00, 0.00, 0.00, 0.00, 0.00, 0.00
623,  0,  21.045,  0.98,  1, 0.00, 0.00, 1.31, 0.00, 0.00, 0.00, 0.00, 1.54, 0.95, 1.40, 0.09, 0.35, 0.00, 0.00, 0.13, 0.06, 0.15, 0.00, 0.00, 1.00, 0.00, 0.00, 0.00, 0.00, 1.00, 0.00, 1.00, 0.00, 0.00, 0.00, 0.00, 0.00, 0.00, 0.00, 0.00
624,  0,  21.079,  0.98,  1, 0.00, 0.00, 1.32, 0.00, 0.00, 0.00, 0.00, 1.60, 0.96, 1.36, 0.12, 0.30, 0.00, 0.00, 0.13, 0.08, 0.15, 0.00, 0.00, 1.00, 0.00, 0.00, 0.00, 0.00, 1.00, 0.00, 1.00, 0.00, 0.00, 0.00, 0.00, 0.00, 0.00, 0.00, 0.00
625,  0,  21.113,  0.98,  1, 0.00, 0.00, 1.35, 0.00, 0.00, 0.00, 0.00, 1.63, 0.93, 1.39, 0.07, 0.38, 0.00, 0.00, 0.12, 0.10, 0.15, 0.00, 0.00, 1.00, 0.00, 0.00, 0.00, 0.00, 1.00, 0.00, 1.00, 0.00, 0.00, 0.00, 0.00, 0.00, 0.00, 0.00, 0.00
626,  0,  21.147,  0.98,  1, 0.00, 0.00, 1.30, 0.00, 0.00, 0.00, 0.00, 1.67, 0.95, 1.42, 0.10, 0.41, 0.00, 0.00, 0.04, 0.16, 0.05, 0.00, 0.00, 1.00, 0.00, 0.00, 0.00, 0.00, 1.00, 0.00, 1.00, 0.00, 0.00, 0.00, 0.00, 0.00, 0.00, 0.00, 0.00
627,  0,  21.180,  0.98,  1, 0.00, 0.00, 1.38, 0.00, 0.00, 0.00, 0.00, 1.71, 0.90, 1.40, 0.04, 0.34, 0.00, 0.00, 0.07, 0.16, 0.05, 0.00, 0.00, 1.00, 0.00, 0.00, 0.00, 0.00, 1.00, 0.00, 1.00, 0.00, 0.00, 0.00, 0.00, 0.00, 0.00, 0.00, 0.00
628,  0,  21.214,  0.98,  1, 0.00, 0.00, 1.33, 0.00, 0.00, 0.00, 0.00, 1.76, 0.94, 1.37, 0.07, 0.25, 0.00, 0.00, 0.12, 0.18, 0.00, 0.00, 0.00, 1.00, 0.00, 0.00, 0.00, 0.00, 1.00, 0.00, 1.00, 0.00, 0.00, 0.00, 0.00, 0.00, 0.00, 0.00, 0.00
629,  0,  21.248,  0.98,  1, 0.00, 0.00, 1.39, 0.00, 0.00, 0.00, 0.00, 1.75, 0.92, 1.30, 0.07, 0.22, 0.00, 0.00, 0.12, 0.15, 0.00, 0.00, 0.00, 1.00, 0.00, 0.00, 0.00, 0.00, 1.00, 0.00, 1.00, 0.00, 0.00, 0.00, 0.00, 0.00, 0.00, 0.00, 0.00
630,  0,  21.282,  0.98,  1, 0.00, 0.00, 1.30, 0.00, 0.00, 0.00, 0.00, 1.71, 0.95, 1.26, 0.06, 0.30, 0.03, 0.00, 0.05, 0.14, 0.06, 0.00, 0.00, 1.00, 0.00, 0.00, 0.00, 0.00, 1.00, 0.00, 1.00, 0.00, 0.00, 0.00, 0.00, 0.00, 0.00, 0.00, 0.00
631,  0,  21.316,  0.98,  1, 0.00, 0.00, 1.29, 0.00, 0.00, 0.00, 0.00, 1.65, 0.91, 1.25, 0.05, 0.30, 0.03, 0.00, 0.00, 0.05, 0.18, 0.00, 0.00, 1.00, 0.00, 0.00, 0.00, 0.00, 1.00, 0.00, 1.00, 0.00, 0.00, 0.00, 0.00, 0.00, 0.00, 0.00, 0.00
632,  0,  21.350,  0.98,  1, 0.00, 0.00, 1.22, 0.00, 0.00, 0.00, 0.00, 1.63, 0.95, 1.29, 0.02, 0.33, 0.03, 0.00, 0.00, 0.03, 0.25, 0.00, 0.00, 1.00, 0.00, 0.00, 0.00, 0.00, 1.00, 0.00, 1.00, 0.00, 0.00, 0.00, 0.00, 0.00, 0.00, 0.00, 0.00
633,  0,  21.383,  0.98,  1, 0.00, 0.00, 1.27, 0.00, 0.00, 0.00, 0.00, 1.65, 0.94, 1.29, 0.02, 0.31, 0.00, 0.00, 0.00, 0.04, 0.24, 0.00, 0.00, 1.00, 0.00, 0.00, 0.00, 0.00, 1.00, 0.00, 1.00, 0.00, 0.00, 0.00, 0.00, 0.00, 0.00, 0.00, 0.00
634,  0,  21.417,  0.98,  1, 0.00, 0.00, 1.28, 0.00, 0.00, 0.00, 0.00, 1.64, 0.95, 1.28, 0.00, 0.33, 0.00, 0.00, 0.00, 0.11, 0.16, 0.00, 0.00, 1.00, 0.00, 0.00, 0.00, 0.00, 1.00, 0.00, 1.00, 0.00, 0.00, 0.00, 0.00, 0.00, 0.00, 0.00, 0.00
635,  0,  21.451,  0.98,  1, 0.00, 0.00, 1.33, 0.00, 0.00, 0.00, 0.00, 1.70, 0.92, 1.30, 0.04, 0.34, 0.00, 0.00, 0.04, 0.17, 0.14, 0.00, 0.00, 1.00, 0.00, 0.00, 0.00, 0.00, 1.00, 0.00, 1.00, 0.00, 0.00, 0.00, 0.00, 0.00, 0.00, 0.00, 0.00
636,  0,  21.485,  0.98,  1, 0.00, 0.00, 1.35, 0.00, 0.00, 0.00, 0.00, 1.65, 0.93, 1.33, 0.05, 0.39, 0.04, 0.00, 0.04, 0.24, 0.14, 0.00, 0.00, 1.00, 0.00, 0.00, 0.00, 0.00, 1.00, 0.00, 1.00, 0.00, 0.00, 0.00, 0.00, 0.00, 0.00, 0.00, 0.00
637,  0,  21.519,  0.98,  1, 0.00, 0.00, 1.40, 0.00, 0.00, 0.00, 0.00, 1.59, 0.93, 1.30, 0.09, 0.40, 0.04, 0.00, 0.05, 0.25, 0.14, 0.00, 0.00, 1.00, 0.00, 0.00, 0.00, 0.00, 1.00, 0.00, 1.00, 0.00, 0.00, 0.00, 0.00, 0.00, 0.00, 0.00, 0.00
638,  0,  21.553,  0.98,  1, 0.00, 0.00, 1.37, 0.00, 0.00, 0.00, 0.00, 1.47, 0.94, 1.18, 0.07, 0.41, 0.04, 0.00, 0.01, 0.21, 0.09, 0.00, 0.00, 1.00, 0.00, 0.00, 0.00, 0.00, 1.00, 0.00, 1.00, 0.00, 0.00, 0.00, 0.00, 0.00, 0.00, 0.00, 0.00
639,  0,  21.586,  0.98,  1, 0.00, 0.00, 1.35, 0.00, 0.00, 0.00, 0.00, 1.53, 0.88, 1.15, 0.21, 0.40, 0.00, 0.00, 0.03, 0.12, 0.05, 0.00, 0.00, 1.00, 0.00, 0.00, 0.00, 0.00, 1.00, 0.00, 1.00, 0.00, 0.00, 0.00, 0.00, 0.00, 0.00, 0.00, 0.00
640,  0,  21.620,  0.98,  1, 0.00, 0.00, 1.25, 0.00, 0.00, 0.00, 0.00, 1.57, 0.90, 1.18, 0.22, 0.41, 0.00, 0.00, 0.02, 0.08, 0.00, 0.00, 0.00, 1.00, 0.00, 0.00, 0.00, 0.00, 1.00, 0.00, 1.00, 0.00, 0.00, 0.00, 0.00, 0.00, 0.00, 0.00, 0.00
641,  0,  21.654,  0.98,  1, 0.00, 0.00, 1.30, 0.00, 0.00, 0.00, 0.00, 1.63, 0.86, 1.22, 0.24, 0.40, 0.00, 0.00, 0.02, 0.06, 0.00, 0.00, 0.00, 1.00, 0.00, 0.00, 0.00, 0.00, 1.00, 0.00, 1.00, 0.00, 0.00, 0.00, 0.00, 0.00, 0.00, 0.00, 0.00
642,  0,  21.688,  0.98,  1, 0.00, 0.00, 1.38, 0.00, 0.00, 0.00, 0.00, 1.60, 0.87, 1.23, 0.11, 0.45, 0.00, 0.00, 0.00, 0.07, 0.02, 0.00, 0.00, 1.00, 0.00, 0.00, 0.00, 0.00, 1.00, 0.00, 1.00, 0.00, 0.00, 0.00, 0.00, 0.00, 0.00, 0.00, 0.00
643,  0,  21.722,  0.98,  1, 0.00, 0.00, 1.41, 0.00, 0.00, 0.00, 0.00, 1.61, 0.84, 1.24, 0.11, 0.48, 0.00, 0.00, 0.00, 0.04, 0.02, 0.00, 0.00, 1.00, 0.00, 0.00, 0.00, 0.00, 1.00, 0.00, 1.00, 0.00, 0.00, 0.00, 0.00, 0.00, 0.00, 0.00, 0.00
644,  0,  21.756,  0.98,  1, 0.00, 0.00, 1.44, 0.00, 0.00, 0.00, 0.00, 1.67, 0.85, 1.25, 0.08, 0.56, 0.00, 0.00, 0.00, 0.02, 0.05, 0.00, 0.00, 1.00, 0.00, 0.00, 0.00, 0.00, 1.00, 0.00, 1.00, 0.00, 0.00, 0.00, 0.00, 0.00, 0.00, 0.00, 0.00
645,  0,  21.790,  0.98,  1, 0.00, 0.04, 1.34, 0.00, 0.00, 0.00, 0.00, 1.71, 0.89, 1.26, 0.12, 0.58, 0.00, 0.00, 0.00, 0.06, 0.03, 0.00, 0.00, 1.00, 0.00, 0.00, 0.00, 0.00, 1.00, 0.00, 1.00, 0.00, 0.00, 0.00, 0.00, 0.00, 0.00, 0.00, 0.00
646,  0,  21.823,  0.98,  1, 0.00, 0.04, 1.37, 0.00, 0.00, 0.00, 0.00, 1.72, 0.90, 1.29, 0.16, 0.65, 0.00, 0.00, 0.01, 0.09, 0.08, 0.00, 0.00, 1.00, 0.00, 0.00, 0.00, 0.00, 1.00, 0.00, 1.00, 0.00, 0.00, 0.00, 0.00, 0.00, 0.00, 0.00, 0.00
647,  0,  21.857,  0.98,  1, 0.02, 0.04, 1.27, 0.01, 0.00, 0.00, 0.00, 1.68, 0.93, 1.35, 0.21, 0.62, 0.00, 0.00, 0.01, 0.09, 0.05, 0.00, 0.00, 1.00, 0.00, 0.00, 0.00, 0.00, 1.00, 0.00, 1.00, 0.00, 0.00, 0.00, 0.00, 0.00, 0.00, 0.00, 0.00
648,  0,  21.891,  0.98,  1, 0.02, 0.00, 1.27, 0.01, 0.00, 0.00, 0.00, 1.69, 0.94, 1.33, 0.17, 0.64, 0.00, 0.00, 0.01, 0.07, 0.13, 0.00, 0.00, 1.00, 0.00, 0.00, 0.00, 0.00, 1.00, 0.00, 1.00, 0.00, 0.00, 0.00, 0.00, 0.00, 0.00, 0.00, 0.00
649,  0,  21.925,  0.98,  1, 0.02, 0.00, 1.21, 0.01, 0.00, 0.00, 0.00, 1.71, 0.96, 1.31, 0.07, 0.58, 0.00, 0.00, 0.05, 0.11, 0.08, 0.00, 0.00, 1.00, 0.00, 0.00, 0.00, 0.00, 1.00, 0.00, 1.00, 0.00, 0.00, 0.00, 0.00, 0.00, 0.00, 0.00, 0.00
650,  0,  21.959,  0.98,  1, 0.00, 0.00, 1.24, 0.00, 0.00, 0.00, 0.00, 1.76, 0.96, 1.31, 0.08, 0.58, 0.00, 0.00, 0.07, 0.12, 0.09, 0.00, 0.00, 1.00, 0.00, 0.00, 0.00, 0.00, 1.00, 0.00, 1.00, 0.00, 0.00, 0.00, 0.00, 0.00, 0.00, 0.00, 0.00
651,  0,  21.993,  0.98,  1, 0.00, 0.00, 1.22, 0.00, 0.00, 0.00, 0.00, 1.73, 0.98, 1.36, 0.13, 0.58, 0.00, 0.00, 0.07, 0.20, 0.03, 0.00, 0.00, 1.00, 0.00, 0.00, 0.00, 0.00, 1.00, 0.00, 1.00, 0.00, 0.00, 0.00, 0.00, 0.00, 0.00, 0.00, 0.00
652,  0,  22.026,  0.98,  1, 0.00, 0.00, 1.29, 0.00, 0.00, 0.00, 0.00, 1.76, 0.95, 1.37, 0.22, 0.54, 0.00, 0.00, 0.07, 0.21, 0.08, 0.00, 0.00, 1.00, 0.00, 0.00, 0.00, 0.00, 1.00, 0.00, 1.00, 0.00, 0.00, 0.00, 0.00, 0.00, 0.00, 0.00, 0.00
653,  0,  22.060,  0.98,  1, 0.00, 0.00, 1.23, 0.00, 0.00, 0.00, 0.00, 1.68, 0.96, 1.34, 0.16, 0.53, 0.00, 0.00, 0.05, 0.25, 0.06, 0.00, 0.00, 1.00, 0.00, 0.00, 0.00, 0.00, 1.00, 0.00, 1.00, 0.00, 0.00, 0.00, 0.00, 0.00, 0.00, 0.00, 0.00
654,  0,  22.094,  0.98,  1, 0.00, 0.00, 1.28, 0.00, 0.00, 0.00, 0.00, 1.68, 0.93, 1.29, 0.17, 0.51, 0.00, 0.00, 0.08, 0.25, 0.04, 0.00, 0.00, 1.00, 0.00, 0.00, 0.00, 0.00, 1.00, 0.00, 1.00, 0.00, 0.00, 0.00, 0.00, 0.00, 0.00, 0.00, 0.00
655,  0,  22.128,  0.98,  1, 0.00, 0.01, 1.24, 0.00, 0.00, 0.00, 0.00, 1.64, 0.95, 1.17, 0.08, 0.51, 0.05, 0.00, 0.03, 0.22, 0.00, 0.00, 0.00, 1.00, 0.00, 0.00, 0.00, 0.00, 1.00, 0.00, 1.00, 0.00, 0.00, 0.00, 0.00, 0.00, 0.00, 0.00, 0.00
656,  0,  22.162,  0.98,  1, 0.00, 0.01, 1.28, 0.00, 0.00, 0.00, 0.00, 1.66, 0.93, 1.14, 0.08, 0.50, 0.05, 0.00, 0.03, 0.22, 0.00, 0.00, 0.00, 1.00, 0.00, 0.00, 0.00, 0.00, 1.00, 0.00, 1.00, 0.00, 0.00, 0.00, 0.00, 0.00, 0.00, 0.00, 0.00
657,  0,  22.196,  0.98,  1, 0.00, 0.04, 1.26, 0.00, 0.00, 0.00, 0.00, 1.65, 0.95, 1.13, 0.02, 0.49, 0.05, 0.00, 0.00, 0.10, 0.00, 0.00, 0.00, 1.00, 0.00, 0.00, 0.00, 0.00, 1.00, 0.00, 1.00, 0.00, 0.00, 0.00, 0.00, 0.00, 0.00, 0.00, 0.00
658,  0,  22.229,  0.98,  1, 0.00, 0.03, 1.31, 0.00, 0.00, 0.00, 0.00, 1.68, 0.94, 1.26, 0.04, 0.50, 0.00, 0.00, 0.00, 0.12, 0.03, 0.00, 0.00, 1.00, 0.00, 0.00, 0.00, 0.00, 1.00, 0.00, 1.00, 0.00, 0.00, 0.00, 0.00, 0.00, 0.00, 0.00, 0.00
659,  0,  22.263,  0.98,  1, 0.00, 0.04, 1.39, 0.00, 0.00, 0.00, 0.00, 1.71, 0.96, 1.27, 0.04, 0.45, 0.00, 0.00, 0.07, 0.08, 0.03, 0.00, 0.00, 1.00, 0.00, 0.00, 0.00, 0.00, 1.00, 0.00, 1.00, 0.00, 0.00, 0.00, 0.00, 0.00, 0.00, 0.00, 0.00
660,  0,  22.297,  0.98,  1, 0.00, 0.01, 1.44, 0.00, 0.00, 0.00, 0.00, 1.73, 0.93, 1.29, 0.08, 0.38, 0.00, 0.00, 0.10, 0.08, 0.04, 0.00, 0.00, 1.00, 0.00, 0.00, 0.00, 0.00, 1.00, 0.00, 1.00, 0.00, 0.00, 0.00, 0.00, 0.00, 0.00, 0.00, 0.00
661,  0,  22.331,  0.98,  1, 0.00, 0.01, 1.40, 0.00, 0.00, 0.00, 0.00, 1.73, 0.96, 1.18, 0.05, 0.27, 0.04, 0.00, 0.15, 0.02, 0.01, 0.00, 0.00, 1.00, 0.00, 0.00, 0.00, 0.00, 1.00, 0.00, 1.00, 0.00, 0.00, 0.00, 0.00, 0.00, 0.00, 0.00, 0.00
662,  0,  22.365,  0.98,  1, 0.00, 0.00, 1.33, 0.00, 0.00, 0.00, 0.00, 1.71, 0.93, 1.17, 0.11, 0.23, 0.06, 0.00, 0.14, 0.00, 0.01, 0.00, 0.00, 1.00, 0.00, 0.00, 0.00, 0.00, 1.00, 0.00, 1.00, 0.00, 0.00, 0.00, 0.00, 0.00, 0.00, 0.00, 0.00
663,  0,  22.399,  0.98,  1, 0.01, 0.01, 1.26, 0.00, 0.00, 0.00, 0.01, 1.73, 0.92, 1.11, 0.06, 0.27, 0.07, 0.00, 0.13, 0.02, 0.00, 0.00, 0.00, 1.00, 0.00, 0.00, 0.00, 0.00, 1.00, 0.00, 1.00, 0.00, 0.00, 0.00, 0.00, 0.00, 0.00, 0.00, 0.00
664,  0,  22.432,  0.98,  1, 0.01, 0.01, 1.31, 0.00, 0.00, 0.00, 0.01, 1.73, 0.91, 1.16, 0.16, 0.35, 0.03, 0.00, 0.08, 0.05, 0.01, 0.00, 0.00, 1.00, 0.00, 0.00, 0.00, 0.00, 1.00, 0.00, 1.00, 0.00, 0.00, 0.00, 0.00, 0.00, 0.00, 0.00, 0.00
665,  0,  22.466,  0.98,  1, 0.01, 0.08, 1.29, 0.00, 0.00, 0.00, 0.01, 1.79, 0.95, 1.20, 0.15, 0.50, 0.01, 0.00, 0.02, 0.05, 0.04, 0.00, 0.00, 1.00, 0.00, 0.00, 0.00, 0.00, 1.00, 0.00, 1.00, 0.00, 0.00, 0.00, 0.00, 0.00, 0.00, 0.00, 0.00
666,  0,  22.500,  0.98,  1, 0.00, 0.14, 1.31, 0.00, 0.00, 0.00, 0.00, 1.77, 0.95, 1.25, 0.22, 0.51, 0.00, 0.00, 0.02, 0.04, 0.06, 0.00, 0.00, 1.00, 0.00, 0.00, 0.00, 0.00, 1.00, 0.00, 1.00, 0.00, 0.00, 0.00, 0.00, 0.00, 0.00, 0.00, 0.00
667,  0,  22.534,  0.98,  1, 0.00, 0.14, 1.35, 0.00, 0.00, 0.00, 0.00, 1.84, 0.97, 1.22, 0.12, 0.47, 0.00, 0.00, 0.02, 0.02, 0.05, 0.00, 0.00, 1.00, 0.00, 0.00, 0.00, 0.00, 1.00, 0.00, 1.00, 0.00, 0.00, 0.00, 0.00, 0.00, 0.00, 0.00, 0.00
668,  0,  22.568,  0.98,  1, 0.00, 0.06, 1.37, 0.00, 0.00, 0.00, 0.00, 1.77, 0.96, 1.19, 0.14, 0.38, 0.00, 0.00, 0.06, 0.02, 0.02, 0.00, 0.00, 1.00, 0.00, 0.00, 0.00, 0.00, 1.00, 0.00, 1.00, 0.00, 0.00, 0.00, 0.00, 0.00, 0.00, 0.00, 0.00
669,  0,  22.602,  0.98,  1, 0.00, 0.00, 1.36, 0.00, 0.00, 0.00, 0.00, 1.76, 0.98, 1.17, 0.11, 0.31, 0.00, 0.00, 0.05, 0.08, 0.05, 0.00, 0.00, 1.00, 0.00, 0.00, 0.00, 0.00, 1.00, 0.00, 1.00, 0.00, 0.00, 0.00, 0.00, 0.00, 0.00, 0.00, 0.00
670,  0,  22.635,  0.98,  1, 0.00, 0.00, 1.34, 0.00, 0.00, 0.00, 0.00, 1.71, 0.96, 1.19, 0.12, 0.33, 0.00, 0.00, 0.11, 0.12, 0.05, 0.00, 0.00, 1.00, 0.00, 0.00, 0.00, 0.00, 1.00, 0.00, 1.00, 0.00, 0.00, 0.00, 0.00, 0.00, 0.00, 0.00, 0.00
671,  0,  22.669,  0.98,  1, 0.00, 0.02, 1.36, 0.00, 0.00, 0.00, 0.01, 1.79, 0.95, 1.24, 0.06, 0.32, 0.00, 0.00, 0.13, 0.20, 0.05, 0.00, 0.00, 1.00, 0.00, 0.00, 0.00, 0.00, 1.00, 0.00, 1.00, 0.00, 0.00, 0.00, 0.00, 0.00, 0.00, 0.00, 0.00
672,  0,  22.703,  0.98,  1, 0.02, 0.02, 1.47, 0.00, 0.00, 0.00, 0.04, 1.80, 0.95, 1.23, 0.06, 0.33, 0.00, 0.00, 0.20, 0.20, 0.06, 0.00, 0.00, 1.00, 0.00, 0.00, 0.00, 0.00, 1.00, 0.00, 1.00, 0.00, 0.00, 0.00, 0.00, 0.00, 0.00, 0.00, 0.00
673,  0,  22.737,  0.98,  1, 0.02, 0.02, 1.47, 0.00, 0.00, 0.00, 0.04, 1.82, 0.97, 1.23, 0.06, 0.40, 0.00, 0.00, 0.18, 0.18, 0.07, 0.00, 0.00, 1.00, 0.00, 0.00, 0.00, 0.00, 1.00, 0.00, 1.00, 0.00, 0.00, 0.00, 0.00, 0.00, 0.00, 0.00, 0.00
674,  0,  22.771,  0.98,  1, 0.02, 0.00, 1.51, 0.00, 0.00, 0.00, 0.02, 1.79, 1.03, 1.18, 0.09, 0.43, 0.00, 0.00, 0.19, 0.16, 0.07, 0.00, 0.00, 1.00, 0.00, 0.00, 0.00, 0.00, 1.00, 0.00, 1.00, 0.00, 0.00, 0.00, 0.00, 0.00, 0.00, 0.00, 0.00
675,  0,  22.805,  0.98,  1, 0.00, 0.00, 1.49, 0.00, 0.00, 0.00, 0.00, 1.85, 1.02, 1.27, 0.08, 0.53, 0.00, 0.00, 0.13, 0.15, 0.03, 0.00, 0.00, 1.00, 0.00, 0.00, 0.00, 0.00, 1.00, 0.00, 1.00, 0.00, 0.00, 0.00, 0.00, 0.00, 0.00, 0.00, 0.00
676,  0,  22.838,  0.98,  1, 0.00, 0.00, 1.48, 0.00, 0.00, 0.00, 0.00, 1.82, 1.01, 1.30, 0.06, 0.59, 0.05, 0.00, 0.09, 0.21, 0.01, 0.00, 0.00, 1.00, 0.00, 0.00, 0.00, 0.00, 1.00, 0.00, 1.00, 0.00, 0.00, 0.00, 0.00, 0.00, 0.00, 0.00, 0.00
677,  0,  22.872,  0.98,  1, 0.00, 0.00, 1.46, 0.00, 0.00, 0.00, 0.00, 1.77, 0.96, 1.43, 0.09, 0.64, 0.05, 0.00, 0.08, 0.21, 0.01, 0.00, 0.00, 1.00, 0.00, 0.00, 0.00, 0.00, 1.00, 0.00, 1.00, 0.00, 0.00, 0.00, 0.00, 0.00, 0.00, 0.00, 0.00
678,  0,  22.906,  0.98,  1, 0.00, 0.05, 1.39, 0.00, 0.00, 0.00, 0.00, 1.68, 0.96, 1.48, 0.06, 0.64, 0.05, 0.00, 0.12, 0.19, 0.00, 0.00, 0.00, 1.00, 0.00, 0.00, 0.00, 0.00, 1.00, 0.00, 1.00, 0.00, 0.00, 0.00, 0.00, 0.00, 0.00, 0.00, 0.00
679,  0,  22.940,  0.98,  1, 0.00, 0.05, 1.32, 0.00, 0.00, 0.00, 0.00, 1.64, 0.93, 1.49, 0.10, 0.57, 0.00, 0.00, 0.17, 0.11, 0.03, 0.00, 0.00, 1.00, 0.00, 0.00, 0.00, 0.00, 1.00, 0.00, 1.00, 0.00, 0.00, 0.00, 0.00, 0.00, 0.00, 0.00, 0.00
680,  0,  22.974,  0.98,  1, 0.00, 0.05, 1.24, 0.00, 0.00, 0.00, 0.00, 1.59, 0.91, 1.41, 0.03, 0.60, 0.00, 0.00, 0.17, 0.10, 0.06, 0.00, 0.00, 1.00, 0.00, 0.00, 0.00, 0.00, 1.00, 0.00, 1.00, 0.00, 0.00, 0.00, 0.00, 0.00, 0.00, 0.00, 0.00
681,  0,  23.008,  0.98,  1, 0.00, 0.00, 1.25, 0.00, 0.00, 0.00, 0.00, 1.56, 0.90, 1.31, 0.03, 0.50, 0.00, 0.00, 0.26, 0.06, 0.12, 0.00, 0.00, 1.00, 0.00, 0.00, 0.00, 0.00, 1.00, 0.00, 1.00, 0.00, 0.00, 0.00, 0.00, 0.00, 0.00, 0.00, 0.00
682,  0,  23.041,  0.98,  1, 0.00, 0.00, 1.32, 0.00, 0.00, 0.00, 0.00, 1.55, 0.91, 1.28, 0.00, 0.50, 0.00, 0.00, 0.27, 0.04, 0.10, 0.00, 0.00, 1.00, 0.00, 0.00, 0.00, 0.00, 1.00, 0.00, 1.00, 0.00, 0.00, 0.00, 0.00, 0.00, 0.00, 0.00, 0.00
683,  0,  23.075,  0.98,  1, 0.00, 0.00, 1.40, 0.00, 0.00, 0.00, 0.03, 1.59, 0.89, 1.31, 0.00, 0.44, 0.04, 0.00, 0.36, 0.00, 0.12, 0.00, 0.00, 1.00, 0.00, 0.00, 0.00, 0.00, 1.00, 0.00, 1.00, 0.00, 0.00, 0.00, 0.00, 0.00, 0.00, 0.00, 0.00
684,  0,  23.109,  0.98,  1, 0.00, 0.00, 1.38, 0.04, 0.00, 0.00, 0.03, 1.59, 0.90, 1.30, 0.02, 0.56, 0.05, 0.00, 0.22, 0.02, 0.06, 0.00, 0.00, 1.00, 0.00, 0.00, 0.00, 0.00, 1.00, 0.00, 1.00, 0.00, 0.00, 0.00, 0.00, 0.00, 0.00, 0.00, 0.00
685,  0,  23.143,  0.98,  1, 0.00, 0.00, 1.44, 0.09, 0.00, 0.00, 0.03, 1.69, 0.90, 1.36, 0.02, 0.56, 0.05, 0.00, 0.18, 0.02, 0.06, 0.00, 0.00, 1.00, 0.00, 0.00, 0.00, 0.00, 1.00, 0.00, 1.00, 0.00, 0.00, 0.00, 0.00, 0.00, 0.00, 0.00, 0.00
686,  0,  23.177,  0.98,  1, 0.00, 0.00, 1.45, 0.15, 0.03, 0.00, 0.04, 1.80, 0.98, 1.45, 0.02, 0.59, 0.02, 0.00, 0.19, 0.03, 0.02, 0.00, 0.00, 1.00, 0.00, 0.00, 0.00, 0.00, 1.00, 0.00, 1.00, 0.00, 0.00, 0.00, 0.00, 0.00, 0.00, 0.00, 0.00
687,  0,  23.211,  0.98,  1, 0.00, 0.00, 1.50, 0.10, 0.13, 0.00, 0.09, 2.04, 1.07, 1.51, 0.00, 0.65, 0.04, 0.00, 0.38, 0.01, 0.06, 0.00, 0.00, 1.00, 0.00, 0.00, 0.00, 0.00, 1.00, 0.00, 1.00, 0.00, 0.00, 0.00, 0.00, 0.00, 0.00, 0.00, 0.00
688,  0,  23.244,  0.98,  1, 0.00, 0.00, 1.43, 0.19, 0.26, 0.00, 0.17, 2.16, 1.22, 1.53, 0.01, 0.74, 0.12, 0.00, 0.54, 0.01, 0.09, 0.00, 0.00, 1.00, 0.00, 0.00, 0.00, 0.00, 1.00, 0.00, 1.00, 0.00, 0.00, 0.00, 0.00, 0.00, 0.00, 0.00, 0.00
689,  0,  23.278,  0.98,  1, 0.00, 0.00, 1.42, 0.15, 0.43, 0.00, 0.30, 2.27, 1.27, 1.53, 0.06, 0.95, 0.14, 0.08, 0.55, 0.00, 0.09, 0.00, 0.00, 1.00, 0.00, 0.00, 0.00, 1.00, 1.00, 0.00, 1.00, 0.00, 1.00, 0.00, 0.00, 0.00, 0.00, 0.00, 0.00
690,  0,  23.312,  0.98,  1, 0.00, 0.00, 1.31, 0.17, 0.56, 0.00, 0.37, 2.36, 1.35, 1.67, 0.08, 1.06, 0.12, 0.24, 0.40, 0.00, 0.08, 0.00, 0.00, 1.00, 0.00, 0.00, 0.00, 1.00, 1.00, 0.00, 1.00, 0.00, 1.00, 0.00, 0.00, 0.00, 0.00, 0.00, 0.00
691,  0,  23.346,  0.98,  1, 0.00, 0.00, 1.31, 0.06, 0.70, 0.00, 0.41, 2.48, 1.36, 1.73, 0.08, 1.08, 0.04, 0.32, 0.37, 0.00, 0.11, 0.00, 0.00, 1.00, 0.00, 0.00, 0.00, 1.00, 1.00, 0.00, 1.00, 0.00, 1.00, 0.00, 0.00, 0.00, 0.00, 0.00, 0.00
692,  0,  23.380,  0.98,  1, 0.00, 0.00, 1.27, 0.13, 0.75, 0.00, 0.38, 2.51, 1.42, 1.75, 0.03, 1.04, 0.02, 0.47, 0.32, 0.00, 0.11, 0.00, 0.00, 1.00, 0.00, 0.00, 0.00, 1.00, 1.00, 0.00, 1.00, 0.00, 1.00, 0.00, 0.00, 0.00, 0.00, 0.00, 0.00
693,  0,  23.414,  0.98,  1, 0.00, 0.00, 1.43, 0.13, 0.79, 0.00, 0.36, 2.48, 1.46, 1.75, 0.00, 1.02, 0.02, 0.41, 0.47, 0.00, 0.12, 0.00, 0.00, 1.00, 0.00, 0.00, 0.00, 1.00, 1.00, 0.00, 1.00, 0.00, 1.00, 0.00, 0.00, 0.00, 0.00, 0.00, 0.00
694,  0,  23.447,  0.98,  1, 0.00, 0.00, 1.44, 0.20, 0.77, 0.00, 0.31, 2.44, 1.48, 1.81, 0.00, 1.07, 0.02, 0.51, 0.33, 0.00, 0.05, 0.00, 0.00, 1.00, 0.00, 0.00, 0.00, 1.00, 1.00, 0.00, 1.00, 0.00, 1.00, 0.00, 0.00, 0.00, 0.00, 0.00, 0.00
695,  0,  23.481,  0.98,  1, 0.00, 0.00, 1.48, 0.10, 0.79, 0.00, 0.33, 2.45, 1.48, 1.94, 0.04, 1.01, 0.00, 0.37, 0.37, 0.00, 0.08, 0.00, 0.00, 1.00, 0.00, 0.00, 0.00, 1.00, 1.00, 0.00, 1.00, 0.00, 1.00, 0.00, 0.00, 0.00, 0.00, 0.00, 0.00
696,  0,  23.515,  0.98,  1, 0.00, 0.00, 1.37, 0.20, 0.80, 0.00, 0.34, 2.52, 1.44, 1.88, 0.04, 0.89, 0.00, 0.41, 0.20, 0.00, 0.03, 0.00, 0.00, 1.00, 0.00, 0.00, 0.00, 1.00, 1.00, 0.00, 1.00, 0.00, 1.00, 0.00, 0.00, 0.00, 0.00, 0.00, 0.00
697,  0,  23.549,  0.98,  1, 0.00, 0.00, 1.38, 0.14, 0.79, 0.00, 0.45, 2.51, 1.40, 1.87, 0.04, 0.80, 0.03, 0.31, 0.18, 0.00, 0.18, 0.00, 0.00, 1.00, 0.00, 0.00, 0.00, 1.00, 1.00, 0.00, 1.00, 0.00, 1.00, 0.00, 0.00, 0.00, 0.00, 0.00, 0.00
698,  0,  23.583,  0.98,  1, 0.00, 0.00, 1.39, 0.14, 0.73, 0.00, 0.45, 2.57, 1.42, 1.72, 0.10, 0.81, 0.12, 0.25, 0.13, 0.00, 0.47, 0.00, 0.00, 1.00, 0.00, 0.00, 0.00, 1.00, 1.00, 0.00, 1.00, 0.00, 1.00, 0.00, 0.00, 0.00, 0.00, 0.00, 1.00
699,  0,  23.617,  0.98,  1, 0.00, 0.00, 1.35, 0.02, 0.62, 0.00, 0.47, 2.59, 1.33, 1.73, 0.19, 0.94, 0.24, 0.21, 0.12, 0.00, 0.95, 0.00, 0.00, 1.00, 0.00, 0.00, 0.00, 1.00, 1.00, 0.00, 1.00, 1.00, 0.00, 0.00, 0.00, 0.00, 0.00, 0.00, 1.00
700,  0,  23.650,  0.98,  1, 0.00, 0.00, 1.31, 0.10, 0.54, 0.00, 0.45, 2.60, 1.32, 1.69, 0.22, 0.93, 0.40, 0.17, 0.19, 0.00, 1.24, 0.00, 0.00, 1.00, 0.00, 0.00, 0.00, 1.00, 1.00, 0.00, 1.00, 1.00, 0.00, 0.00, 0.00, 0.00, 0.00, 0.00, 1.00
701,  0,  23.684,  0.98,  1, 0.00, 0.00, 1.33, 0.10, 0.55, 0.00, 0.48, 2.62, 1.29, 1.77, 0.18, 0.89, 0.38, 0.14, 0.18, 0.00, 1.43, 0.00, 0.00, 1.00, 0.00, 0.00, 0.00, 1.00, 1.00, 0.00, 1.00, 1.00, 0.00, 0.00, 0.00, 0.00, 0.00, 0.00, 1.00
702,  0,  23.718,  0.98,  1, 0.00, 0.00, 1.36, 0.10, 0.60, 0.00, 0.51, 2.58, 1.36, 1.75, 0.12, 0.76, 0.36, 0.13, 0.26, 0.00, 1.16, 0.00, 0.00, 1.00, 0.00, 0.00, 0.00, 1.00, 1.00, 0.00, 1.00, 1.00, 1.00, 0.00, 0.00, 0.00, 0.00, 0.00, 1.00
703,  0,  23.752,  0.98,  1, 0.00, 0.00, 1.45, 0.00, 0.66, 0.00, 0.51, 2.66, 1.35, 1.64, 0.10, 0.85, 0.29, 0.15, 0.20, 0.00, 0.85, 0.00, 0.00, 1.00, 0.00, 0.00, 0.00, 1.00, 1.00, 0.00, 1.00, 1.00, 0.00, 0.00, 0.00, 0.00, 0.00, 0.00, 1.00
704,  0,  23.786,  0.98,  1, 0.00, 0.00, 1.47, 0.15, 0.70, 0.00, 0.50, 2.67, 1.32, 1.58, 0.04, 0.92, 0.32, 0.29, 0.14, 0.00, 0.35, 0.00, 0.00, 1.00, 0.00, 0.00, 0.00, 1.00, 1.00, 0.00, 1.00, 1.00, 0.00, 0.00, 0.00, 0.00, 0.00, 0.00, 1.00
705,  0,  23.820,  0.98,  1, 0.00, 0.00, 1.56, 0.34, 0.71, 0.00, 0.54, 2.75, 1.28, 1.56, 0.02, 0.96, 0.46, 0.27, 0.12, 0.00, 0.31, 0.00, 0.00, 1.00, 0.00, 0.00, 0.00, 1.00, 1.00, 0.00, 1.00, 1.00, 1.00, 0.00, 0.00, 0.00, 0.00, 0.00, 0.00
706,  0,  23.853,  0.98,  1, 0.00, 0.00, 1.52, 0.50, 0.72, 0.00, 0.53, 2.79, 1.33, 1.57, 0.14, 0.98, 0.54, 0.25, 0.18, 0.00, 0.25, 0.00, 0.00, 1.00, 0.00, 0.00, 0.00, 1.00, 1.00, 0.00, 1.00, 1.00, 1.00, 1.00, 0.00, 0.00, 0.00, 0.00, 0.00
707,  0,  23.887,  0.98,  1, 0.00, 0.00, 1.47, 0.48, 0.73, 0.00, 0.56, 2.88, 1.34, 1.44, 0.22, 0.90, 0.71, 0.13, 0.27, 0.00, 0.29, 0.00, 0.00, 1.00, 0.00, 0.00, 0.00, 1.00, 1.00, 0.00, 1.00, 1.00, 1.00, 1.00, 0.00, 0.00, 0.00, 0.00, 0.00
708,  0,  23.921,  0.98,  1, 0.00, 0.00, 1.37, 0.53, 0.74, 0.00, 0.48, 2.81, 1.33, 1.35, 0.26, 0.89, 0.73, 0.22, 0.20, 0.00, 0.14, 0.00, 0.00, 1.00, 0.00, 0.00, 0.00, 1.00, 1.00, 0.00, 1.00, 1.00, 0.00, 1.00, 0.00, 0.00, 0.00, 0.00, 0.00
709,  0,  23.955,  0.98,  1, 0.00, 0.00, 1.31, 0.48, 0.73, 0.00, 0.47, 2.81, 1.27, 1.46, 0.12, 0.75, 0.78, 0.27, 0.18, 0.00, 0.11, 0.00, 0.00, 1.00, 0.00, 0.00, 0.00, 1.00, 1.00, 0.00, 1.00, 1.00, 0.00, 1.00, 0.00, 0.00, 0.00, 0.00, 0.00
710,  0,  23.989,  0.98,  1, 0.00, 0.00, 1.36, 0.43, 0.74, 0.00, 0.49, 2.78, 1.24, 1.51, 0.07, 0.72, 0.75, 0.33, 0.10, 0.00, 0.06, 0.00, 0.00, 1.00, 0.00, 0.00, 0.00, 1.00, 1.00, 0.00, 1.00, 1.00, 0.00, 1.00, 0.00, 0.00, 0.00, 0.00, 0.00
711,  0,  24.023,  0.98,  1, 0.00, 0.00, 1.40, 0.38, 0.77, 0.00, 0.53, 2.86, 1.26, 1.47, 0.04, 0.68, 0.67, 0.31, 0.14, 0.00, 0.05, 0.00, 0.00, 1.00, 0.00, 0.00, 0.00, 1.00, 1.00, 0.00, 1.00, 0.00, 0.00, 1.00, 0.00, 0.00, 0.00, 0.00, 0.00
712,  0,  24.056,  0.98,  1, 0.00, 0.00, 1.46, 0.26, 0.77, 0.00, 0.56, 2.86, 1.26, 1.28, 0.14, 0.77, 0.57, 0.24, 0.11, 0.00, 0.00, 0.00, 0.00, 1.00, 0.00, 0.00, 0.00, 1.00, 1.00, 0.00, 1.00, 0.00, 0.00, 1.00, 0.00, 0.00, 0.00, 0.00, 0.00
713,  0,  24.090,  0.98,  1, 0.00, 0.00, 1.34, 0.19, 0.75, 0.00, 0.55, 2.82, 1.27, 1.25, 0.19, 0.77, 0.46, 0.20, 0.15, 0.00, 0.00, 0.00, 0.00, 1.00, 0.00, 0.00, 0.00, 1.00, 1.00, 0.00, 1.00, 0.00, 0.00, 1.00, 0.00, 0.00, 0.00, 0.00, 0.00
714,  0,  24.124,  0.98,  1, 0.00, 0.00, 1.28, 0.00, 0.79, 0.00, 0.62, 2.74, 1.28, 1.31, 0.31, 0.72, 0.36, 0.06, 0.28, 0.00, 0.00, 0.00, 0.00, 1.00, 0.00, 0.00, 0.00, 1.00, 1.00, 0.00, 1.00, 0.00, 0.00, 0.00, 0.00, 0.00, 0.00, 0.00, 0.00
715,  0,  24.158,  0.98,  1, 0.00, 0.00, 1.25, 0.01, 0.81, 0.00, 0.64, 2.62, 1.31, 1.46, 0.25, 0.61, 0.27, 0.04, 0.35, 0.00, 0.07, 0.00, 0.00, 1.00, 0.00, 0.00, 0.00, 1.00, 1.00, 0.00, 1.00, 0.00, 0.00, 0.00, 0.00, 0.00, 0.00, 0.00, 0.00
716,  0,  24.192,  0.98,  1, 0.00, 0.00, 1.31, 0.01, 0.83, 0.00, 0.69, 2.65, 1.31, 1.61, 0.22, 0.63, 0.20, 0.02, 0.42, 0.00, 0.15, 0.00, 0.00, 1.00, 0.00, 0.00, 0.00, 1.00, 1.00, 0.00, 1.00, 0.00, 0.00, 0.00, 0.00, 0.00, 0.00, 0.00, 0.00
717,  0,  24.226,  0.98,  1, 0.00, 0.00, 1.39, 0.01, 0.74, 0.00, 0.74, 2.65, 1.27, 1.68, 0.22, 0.65, 0.23, 0.01, 0.57, 0.00, 0.25, 0.00, 0.00, 1.00, 0.00, 0.00, 0.00, 1.00, 1.00, 0.00, 1.00, 0.00, 0.00, 0.00, 0.00, 0.00, 0.00, 0.00, 0.00
718,  0,  24.259,  0.98,  1, 0.00, 0.00, 1.44, 0.00, 0.69, 0.00, 0.84, 2.67, 1.26, 1.76, 0.42, 0.76, 0.33, 0.01, 0.79, 0.08, 0.29, 0.00, 0.00, 1.00, 0.00, 0.00, 0.00, 1.00, 1.00, 0.00, 1.00, 0.00, 0.00, 0.00, 0.00, 0.00, 0.00, 0.00, 0.00
719,  0,  24.293,  0.98,  1, 0.00, 0.00, 1.43, 0.00, 0.67, 0.00, 0.89, 2.68, 1.22, 1.67, 0.53, 0.75, 0.36, 0.00, 1.03, 0.21, 0.20, 0.00, 0.00, 1.00, 0.00, 0.00, 0.00, 1.00, 1.00, 0.00, 1.00, 0.00, 0.00, 0.00, 0.00, 0.00, 0.00, 0.00, 0.00
720,  0,  24.327,  0.98,  1, 0.00, 0.00, 1.41, 0.00, 0.62, 0.00, 0.88, 2.71, 1.19, 1.73, 0.53, 0.74, 0.35, 0.00, 1.01, 0.23, 0.18, 0.00, 0.00, 1.00, 0.00, 0.00, 0.00, 1.00, 1.00, 0.00, 1.00, 0.00, 0.00, 0.00, 0.00, 0.00, 0.00, 0.00, 0.00
721,  0,  24.361,  0.98,  1, 0.00, 0.00, 1.35, 0.00, 0.64, 0.00, 0.84, 2.75, 1.18, 1.62, 0.43, 0.66, 0.30, 0.00, 1.04, 0.27, 0.16, 0.00, 0.00, 1.00, 0.00, 0.00, 0.00, 1.00, 1.00, 0.00, 1.00, 0.00, 0.00, 0.00, 0.00, 0.00, 0.00, 0.00, 0.00
722,  0,  24.395,  0.98,  1, 0.00, 0.00, 1.38, 0.00, 0.61, 0.00, 0.78, 2.73, 1.19, 1.63, 0.39, 0.70, 0.30, 0.11, 0.91, 0.20, 0.20, 0.00, 0.00, 1.00, 0.00, 0.00, 0.00, 1.00, 1.00, 0.00, 1.00, 0.00, 0.00, 1.00, 0.00, 0.00, 0.00, 0.00, 0.00
723,  0,  24.429,  0.98,  1, 0.00, 0.00, 1.36, 0.00, 0.63, 0.00, 0.80, 2.79, 1.20, 1.60, 0.39, 0.69, 0.32, 0.13, 0.83, 0.24, 0.19, 0.00, 0.00, 1.00, 0.00, 0.00, 0.00, 1.00, 1.00, 0.00, 1.00, 0.00, 0.00, 0.00, 0.00, 0.00, 0.00, 0.00, 0.00
724,  0,  24.462,  0.98,  1, 0.00, 0.00, 1.48, 0.00, 0.63, 0.00, 0.86, 2.82, 1.14, 1.61, 0.36, 0.65, 0.32, 0.13, 0.76, 0.12, 0.25, 0.00, 0.00, 1.00, 0.00, 0.00, 0.00, 1.00, 1.00, 0.00, 1.00, 0.00, 0.00, 0.00, 0.00, 0.00, 0.00, 0.00, 0.00
725,  0,  24.496,  0.98,  1, 0.00, 0.00, 1.49, 0.00, 0.63, 0.00, 0.97, 2.84, 1.13, 1.59, 0.41, 0.57, 0.28, 0.02, 0.86, 0.17, 0.27, 0.00, 0.00, 1.00, 0.00, 0.00, 0.00, 1.00, 1.00, 0.00, 1.00, 0.00, 0.00, 0.00, 0.00, 0.00, 0.00, 0.00, 0.00
726,  0,  24.530,  0.98,  1, 0.00, 0.00, 1.52, 0.00, 0.62, 0.00, 1.01, 2.78, 1.13, 1.52, 0.40, 0.65, 0.18, 0.05, 0.89, 0.27, 0.29, 0.00, 0.00, 1.00, 0.00, 0.00, 0.00, 1.00, 1.00, 0.00, 1.00, 0.00, 0.00, 0.00, 0.00, 0.00, 0.00, 0.00, 0.00
727,  0,  24.564,  0.98,  1, 0.00, 0.00, 1.39, 0.00, 0.61, 0.00, 0.97, 2.77, 1.16, 1.51, 0.48, 0.74, 0.11, 0.05, 0.96, 0.38, 0.13, 0.00, 0.00, 1.00, 0.00, 0.00, 0.00, 1.00, 1.00, 0.00, 1.00, 0.00, 0.00, 0.00, 0.00, 0.00, 0.00, 0.00, 0.00
728,  0,  24.598,  0.98,  1, 0.00, 0.00, 1.37, 0.00, 0.57, 0.00, 0.89, 2.76, 1.18, 1.55, 0.46, 0.70, 0.10, 0.05, 0.85, 0.40, 0.14, 0.00, 0.00, 1.00, 0.00, 0.00, 0.00, 1.00, 1.00, 0.00, 1.00, 0.00, 0.00, 0.00, 0.00, 0.00, 0.00, 0.00, 0.00
729,  0,  24.632,  0.98,  1, 0.00, 0.00, 1.41, 0.00, 0.56, 0.00, 0.87, 2.73, 1.17, 1.62, 0.49, 0.65, 0.21, 0.00, 0.82, 0.28, 0.10, 0.00, 0.00, 1.00, 0.00, 0.00, 0.00, 1.00, 1.00, 0.00, 1.00, 0.00, 0.00, 0.00, 0.00, 0.00, 0.00, 0.00, 0.00
730,  0,  24.665,  0.98,  1, 0.00, 0.00, 1.49, 0.03, 0.50, 0.00, 0.85, 2.61, 1.15, 1.62, 0.32, 0.60, 0.25, 0.00, 0.75, 0.16, 0.10, 0.00, 0.00, 1.00, 0.00, 0.00, 0.00, 1.00, 1.00, 0.00, 1.00, 0.00, 0.00, 0.00, 0.00, 0.00, 0.00, 0.00, 0.00
731,  0,  24.699,  0.98,  1, 0.00, 0.00, 1.49, 0.03, 0.51, 0.00, 0.83, 2.51, 1.12, 1.62, 0.27, 0.66, 0.19, 0.00, 0.83, 0.13, 0.11, 0.00, 0.00, 1.00, 0.00, 0.00, 0.00, 1.00, 1.00, 0.00, 1.00, 0.00, 0.00, 0.00, 0.00, 0.00, 0.00, 0.00, 0.00
732,  0,  24.733,  0.98,  1, 0.00, 0.00, 1.35, 0.03, 0.49, 0.00, 0.78, 2.47, 1.09, 1.54, 0.27, 0.64, 0.05, 0.00, 0.84, 0.09, 0.13, 0.00, 0.00, 1.00, 0.00, 0.00, 0.00, 1.00, 1.00, 0.00, 1.00, 0.00, 0.00, 0.00, 0.00, 0.00, 0.00, 0.00, 0.00
733,  0,  24.767,  0.98,  1, 0.00, 0.00, 1.29, 0.00, 0.50, 0.00, 0.77, 2.45, 1.05, 1.54, 0.40, 0.71, 0.00, 0.00, 0.78, 0.20, 0.17, 0.00, 0.00, 1.00, 0.00, 0.00, 0.00, 1.00, 1.00, 0.00, 1.00, 0.00, 0.00, 0.00, 0.00, 0.00, 0.00, 0.00, 0.00
734,  0,  24.801,  0.98,  1, 0.00, 0.00, 1.28, 0.00, 0.52, 0.00, 0.81, 2.55, 1.03, 1.44, 0.37, 0.68, 0.00, 0.00, 0.68, 0.20, 0.10, 0.00, 0.00, 1.00, 0.00, 0.00, 0.00, 1.00, 1.00, 0.00, 1.00, 0.00, 0.00, 0.00, 0.00, 0.00, 0.00, 0.00, 0.00
735,  0,  24.835,  0.98,  1, 0.00, 0.00, 1.35, 0.00, 0.55, 0.00, 0.83, 2.53, 1.04, 1.39, 0.29, 0.68, 0.00, 0.00, 0.63, 0.20, 0.05, 0.00, 0.00, 1.00, 0.00, 0.00, 0.00, 1.00, 1.00, 0.00, 1.00, 0.00, 0.00, 0.00, 0.00, 0.00, 0.00, 0.00, 0.00
736,  0,  24.868,  0.98,  1, 0.00, 0.00, 1.36, 0.00, 0.48, 0.00, 0.78, 2.55, 1.04, 1.36, 0.23, 0.62, 0.07, 0.00, 0.66, 0.18, 0.01, 0.00, 0.00, 1.00, 0.00, 0.00, 0.00, 1.00, 1.00, 0.00, 1.00, 0.00, 0.00, 0.00, 0.00, 0.00, 0.00, 0.00, 0.00
737,  0,  24.902,  0.98,  1, 0.00, 0.00, 1.39, 0.04, 0.46, 0.00, 0.64, 2.42, 1.04, 1.39, 0.24, 0.74, 0.27, 0.00, 0.58, 0.10, 0.01, 0.00, 0.00, 1.00, 0.00, 0.00, 0.00, 1.00, 1.00, 0.00, 1.00, 0.00, 0.00, 0.00, 0.00, 0.00, 0.00, 0.00, 0.00
738,  0,  24.936,  0.98,  1, 0.00, 0.00, 1.36, 0.08, 0.41, 0.00, 0.54, 2.42, 1.05, 1.47, 0.34, 0.80, 0.42, 0.00, 0.57, 0.10, 0.00, 0.00, 0.00, 1.00, 0.00, 0.00, 0.00, 1.00, 1.00, 0.00, 1.00, 0.00, 0.00, 0.00, 0.00, 0.00, 0.00, 0.00, 0.00
739,  0,  24.970,  0.98,  1, 0.00, 0.00, 1.37, 0.08, 0.44, 0.00, 0.51, 2.40, 1.07, 1.57, 0.37, 0.82, 0.38, 0.00, 0.40, 0.02, 0.01, 0.00, 0.00, 1.00, 0.00, 0.00, 0.00, 1.00, 1.00, 0.00, 1.00, 0.00, 0.00, 0.00, 0.00, 0.00, 0.00, 0.00, 0.00
740,  0,  25.004,  0.98,  1, 0.00, 0.00, 1.24, 0.18, 0.40, 0.00, 0.49, 2.45, 1.11, 1.55, 0.30, 0.77, 0.39, 0.00, 0.32, 0.02, 0.01, 0.00, 0.00, 1.00, 0.00, 0.00, 0.00, 1.00, 1.00, 0.00, 1.00, 1.00, 0.00, 0.00, 0.00, 0.00, 0.00, 0.00, 0.00
741,  0,  25.038,  0.98,  1, 0.00, 0.00, 1.21, 0.17, 0.37, 0.00, 0.42, 2.42, 1.14, 1.41, 0.27, 0.67, 0.48, 0.00, 0.28, 0.02, 0.01, 0.00, 0.00, 1.00, 0.00, 0.00, 0.00, 1.00, 1.00, 0.00, 1.00, 1.00, 0.00, 0.00, 0.00, 0.00, 0.00, 0.00, 0.00
742,  0,  25.071,  0.98,  1, 0.00, 0.00, 1.18, 0.17, 0.41, 0.00, 0.37, 2.47, 1.18, 1.33, 0.19, 0.68, 0.63, 0.00, 0.32, 0.03, 0.00, 0.00, 0.00, 1.00, 0.00, 0.00, 0.00, 1.00, 1.00, 0.00, 1.00, 1.00, 0.00, 0.00, 0.00, 0.00, 0.00, 0.00, 0.00
743,  0,  25.105,  0.98,  1, 0.00, 0.00, 1.19, 0.03, 0.43, 0.00, 0.36, 2.51, 1.20, 1.17, 0.25, 0.64, 0.52, 0.00, 0.46, 0.06, 0.00, 0.00, 0.00, 0.00, 0.00, 0.00, 0.00, 1.00, 1.00, 0.00, 0.00, 1.00, 0.00, 0.00, 0.00, 0.00, 0.00, 0.00, 0.00
744,  0,  25.139,  0.98,  1, 0.00, 0.00, 1.17, 0.00, 0.54, 0.00, 0.38, 2.65, 1.17, 1.08, 0.22, 0.75, 0.41, 0.00, 0.35, 0.13, 0.00, 0.00, 0.00, 0.00, 0.00, 0.00, 0.00, 1.00, 1.00, 0.00, 0.00, 1.00, 0.00, 0.00, 0.00, 0.00, 0.00, 0.00, 0.00
745,  0,  25.173,  0.98,  1, 0.00, 0.00, 1.11, 0.00, 0.56, 0.00, 0.39, 2.70, 1.12, 0.94, 0.22, 0.73, 0.44, 0.00, 0.33, 0.10, 0.00, 0.00, 0.00, 0.00, 0.00, 0.00, 0.00, 1.00, 1.00, 0.00, 0.00, 1.00, 0.00, 0.00, 0.00, 0.00, 0.00, 0.00, 0.00
746,  0,  25.207,  0.98,  1, 0.00, 0.00, 1.12, 0.00, 0.62, 0.00, 0.42, 2.67, 1.11, 0.99, 0.23, 0.71, 0.55, 0.00, 0.15, 0.07, 0.00, 0.00, 0.00, 0.00, 0.00, 0.00, 0.00, 1.00, 1.00, 0.00, 0.00, 1.00, 0.00, 0.00, 0.00, 0.00, 0.00, 0.00, 0.00
747,  0,  25.241,  0.98,  1, 0.00, 0.00, 1.12, 0.01, 0.58, 0.00, 0.43, 2.68, 1.13, 1.05, 0.15, 0.74, 0.65, 0.00, 0.16, 0.02, 0.00, 0.00, 0.00, 0.00, 0.00, 0.00, 0.00, 1.00, 1.00, 0.00, 0.00, 1.00, 0.00, 0.00, 0.00, 0.00, 0.00, 0.00, 0.00
748,  0,  25.274,  0.98,  1, 0.00, 0.00, 1.12, 0.03, 0.55, 0.00, 0.43, 2.69, 1.15, 1.17, 0.23, 0.77, 0.60, 0.00, 0.15, 0.07, 0.00, 0.00, 0.00, 0.00, 0.00, 0.00, 0.00, 1.00, 1.00, 0.00, 0.00, 1.00, 0.00, 0.00, 0.00, 0.00, 0.00, 0.00, 0.00
749,  0,  25.308,  0.98,  1, 0.00, 0.00, 1.13, 0.04, 0.49, 0.00, 0.44, 2.66, 1.09, 1.28, 0.22, 0.88, 0.69, 0.00, 0.14, 0.07, 0.00, 0.00, 0.00, 0.00, 0.00, 0.00, 0.00, 0.00, 1.00, 0.00, 0.00, 1.00, 0.00, 0.00, 0.00, 0.00, 0.00, 0.00, 0.00
750,  0,  25.342,  0.98,  1, 0.00, 0.00, 1.07, 0.03, 0.44, 0.00, 0.38, 2.60, 1.02, 1.26, 0.27, 0.80, 0.65, 0.00, 0.26, 0.07, 0.00, 0.00, 0.00, 0.00, 0.00, 0.00, 0.00, 0.00, 1.00, 0.00, 0.00, 1.00, 1.00, 0.00, 0.00, 0.00, 0.00, 0.00, 0.00
751,  0,  25.376,  0.98,  1, 0.00, 0.00, 1.00, 0.01, 0.41, 0.00, 0.32, 2.50, 0.99, 1.22, 0.34, 0.84, 0.64, 0.00, 0.36, 0.02, 0.00, 0.00, 0.00, 0.00, 0.00, 0.00, 0.00, 0.00, 1.00, 0.00, 1.00, 1.00, 1.00, 0.00, 0.00, 0.00, 0.00, 0.00, 0.00
752,  0,  25.410,  0.98,  1, 0.00, 0.00, 0.98, 0.00, 0.35, 0.00, 0.29, 2.48, 1.02, 1.09, 0.35, 0.81, 0.40, 0.00, 0.39, 0.02, 0.00, 0.00, 0.00, 0.00, 0.00, 0.00, 0.00, 0.00, 1.00, 0.00, 1.00, 1.00, 1.00, 0.00, 0.00, 0.00, 0.00, 0.00, 0.00
753,  0,  25.444,  0.98,  1, 0.00, 0.00, 0.97, 0.00, 0.28, 0.00, 0.29, 2.35, 1.07, 1.12, 0.31, 0.84, 0.23, 0.00, 0.26, 0.03, 0.00, 0.00, 0.00, 0.00, 0.00, 0.00, 0.00, 0.00, 1.00, 0.00, 1.00, 1.00, 1.00, 0.00, 0.00, 0.00, 0.00, 0.00, 0.00
754,  0,  25.477,  0.98,  1, 0.00, 0.00, 0.97, 0.00, 0.23, 0.00, 0.25, 2.26, 1.10, 1.10, 0.28, 0.74, 0.22, 0.00, 0.11, 0.08, 0.00, 0.00, 0.00, 0.00, 0.00, 0.00, 0.00, 0.00, 1.00, 0.00, 1.00, 1.00, 0.00, 0.00, 0.00, 0.00, 0.00, 0.00, 0.00
755,  0,  25.511,  0.98,  1, 0.00, 0.00, 0.92, 0.00, 0.20, 0.00, 0.20, 2.21, 1.08, 1.22, 0.29, 0.71, 0.26, 0.00, 0.13, 0.16, 0.00, 0.00, 0.00, 0.00, 0.00, 0.00, 0.00, 0.00, 1.00, 0.00, 1.00, 1.00, 0.00, 0.00, 0.00, 0.00, 0.00, 0.00, 0.00
756,  0,  25.545,  0.98,  1, 0.00, 0.00, 0.93, 0.00, 0.21, 0.00, 0.25, 2.20, 1.04, 1.21, 0.32, 0.64, 0.28, 0.00, 0.18, 0.20, 0.00, 0.00, 0.00, 0.00, 0.00, 0.00, 0.00, 0.00, 1.00, 0.00, 1.00, 1.00, 0.00, 0.00, 0.00, 0.00, 0.00, 0.00, 0.00
757,  0,  25.579,  0.98,  1, 0.00, 0.00, 0.95, 0.00, 0.26, 0.00, 0.26, 2.33, 1.07, 1.01, 0.23, 0.63, 0.36, 0.00, 0.13, 0.15, 0.00, 0.00, 0.00, 0.00, 0.00, 0.00, 0.00, 0.00, 1.00, 0.00, 1.00, 0.00, 0.00, 0.00, 0.00, 0.00, 0.00, 0.00, 0.00
758,  0,  25.613,  0.98,  1, 0.00, 0.00, 0.95, 0.03, 0.25, 0.00, 0.27, 2.32, 1.09, 0.92, 0.23, 0.56, 0.44, 0.00, 0.15, 0.08, 0.00, 0.00, 0.00, 0.00, 0.00, 0.00, 0.00, 0.00, 1.00, 0.00, 1.00, 0.00, 0.00, 0.00, 0.00, 0.00, 0.00, 0.00, 0.00
759,  0,  25.647,  0.98,  1, 0.00, 0.00, 0.94, 0.03, 0.24, 0.00, 0.23, 2.26, 1.09, 0.87, 0.28, 0.50, 0.57, 0.00, 0.12, 0.01, 0.00, 0.00, 0.00, 0.00, 0.00, 0.00, 0.00, 0.00, 1.00, 0.00, 1.00, 0.00, 0.00, 0.00, 0.00, 0.00, 0.00, 0.00, 0.00
760,  0,  25.680,  0.98,  1, 0.00, 0.00, 0.92, 0.03, 0.13, 0.00, 0.17, 2.12, 1.08, 1.05, 0.37, 0.48, 0.52, 0.00, 0.14, 0.01, 0.00, 0.00, 0.00, 0.00, 0.00, 0.00, 0.00, 0.00, 1.00, 0.00, 1.00, 0.00, 0.00, 0.00, 0.00, 0.00, 0.00, 0.00, 0.00
761,  0,  25.714,  0.98,  1, 0.00, 0.00, 0.99, 0.00, 0.07, 0.00, 0.13, 2.01, 1.06, 1.12, 0.25, 0.54, 0.33, 0.01, 0.12, 0.05, 0.00, 0.00, 0.00, 0.00, 0.00, 0.00, 0.00, 0.00, 1.00, 0.00, 1.00, 0.00, 0.00, 0.00, 0.00, 0.00, 0.00, 0.00, 0.00
762,  0,  25.748,  0.98,  1, 0.00, 0.00, 1.08, 0.00, 0.00, 0.00, 0.04, 1.92, 1.05, 1.26, 0.16, 0.64, 0.16, 0.01, 0.13, 0.05, 0.00, 0.00, 0.00, 0.00, 0.00, 0.00, 0.00, 0.00, 1.00, 0.00, 1.00, 0.00, 0.00, 0.00, 0.00, 0.00, 0.00, 0.00, 0.00
763,  0,  25.782,  0.98,  1, 0.00, 0.00, 1.16, 0.06, 0.00, 0.00, 0.04, 1.77, 1.03, 1.41, 0.01, 0.69, 0.00, 0.04, 0.11, 0.09, 0.00, 0.00, 0.00, 0.00, 0.00, 0.00, 0.00, 0.00, 1.00, 0.00, 1.00, 0.00, 0.00, 0.00, 0.00, 0.00, 0.00, 0.00, 0.00
764,  0,  25.816,  0.98,  1, 0.00, 0.00, 1.15, 0.22, 0.00, 0.00, 0.00, 1.78, 0.98, 1.45, 0.04, 0.75, 0.00, 0.11, 0.17, 0.09, 0.00, 0.00, 0.00, 0.00, 0.00, 0.00, 0.00, 0.00, 1.00, 0.00, 1.00, 0.00, 0.00, 0.00, 0.00, 0.00, 0.00, 0.00, 0.00
765,  0,  25.850,  0.98,  1, 0.02, 0.00, 1.12, 0.33, 0.00, 0.00, 0.00, 1.81, 1.02, 1.47, 0.04, 0.75, 0.01, 0.16, 0.11, 0.23, 0.00, 0.00, 0.00, 1.00, 0.00, 0.00, 0.00, 0.00, 1.00, 0.00, 1.00, 0.00, 0.00, 0.00, 0.00, 0.00, 0.00, 0.00, 0.00
766,  0,  25.883,  0.98,  1, 0.02, 0.00, 1.05, 0.35, 0.00, 0.00, 0.00, 1.88, 1.03, 1.39, 0.08, 0.77, 0.01, 0.22, 0.20, 0.31, 0.00, 0.00, 0.00, 1.00, 0.00, 0.00, 0.00, 0.00, 1.00, 0.00, 1.00, 0.00, 0.00, 0.00, 0.00, 0.00, 0.00, 0.00, 0.00
767,  0,  25.917,  0.98,  1, 0.02, 0.00, 0.98, 0.21, 0.00, 0.00, 0.04, 1.89, 1.07, 1.37, 0.11, 0.71, 0.12, 0.19, 0.16, 0.42, 0.00, 0.00, 0.00, 1.00, 0.00, 0.00, 0.00, 0.00, 1.00, 0.00, 1.00, 0.00, 0.00, 0.00, 0.00, 0.00, 0.00, 0.00, 0.00
768,  0,  25.951,  0.98,  1, 0.00, 0.00, 0.91, 0.10, 0.00, 0.00, 0.09, 1.95, 1.08, 1.38, 0.15, 0.75, 0.16, 0.18, 0.31, 0.28, 0.00, 0.00, 0.00, 1.00, 0.00, 0.00, 0.00, 0.00, 1.00, 0.00, 1.00, 0.00, 0.00, 0.00, 0.00, 0.00, 0.00, 0.00, 0.00
769,  0,  25.985,  0.98,  1, 0.02, 0.00, 0.94, 0.02, 0.00, 0.00, 0.11, 1.95, 1.07, 1.36, 0.11, 0.69, 0.16, 0.09, 0.39, 0.21, 0.00, 0.00, 0.00, 1.00, 0.00, 0.00, 0.00, 0.00, 1.00, 0.00, 1.00, 0.00, 0.00, 0.00, 0.00, 0.00, 0.00, 0.00, 0.00
770,  0,  26.019,  0.98,  1, 0.07, 0.00, 0.92, 0.07, 0.00, 0.00, 0.17, 1.94, 1.11, 1.46, 0.21, 0.69, 0.16, 0.08, 0.51, 0.18, 0.00, 0.00, 0.00, 1.00, 0.00, 0.00, 0.00, 0.00, 1.00, 0.00, 1.00, 0.00, 0.00, 0.00, 0.00, 0.00, 0.00, 0.00, 0.00
771,  0,  26.053,  0.98,  1, 0.07, 0.00, 0.99, 0.07, 0.00, 0.00, 0.22, 1.93, 1.04, 1.34, 0.44, 0.55, 0.20, 0.04, 0.61, 0.27, 0.00, 0.00, 0.00, 1.00, 0.00, 0.00, 0.00, 0.00, 1.00, 0.00, 1.00, 0.00, 0.00, 0.00, 0.00, 0.00, 0.00, 0.00, 0.00
772,  0,  26.087,  0.98,  1, 0.07, 0.00, 1.02, 0.07, 0.00, 0.00, 0.29, 2.02, 1.02, 1.37, 0.65, 0.61, 0.20, 0.07, 0.63, 0.40, 0.00, 0.00, 0.00, 1.00, 0.00, 0.00, 0.00, 0.00, 1.00, 0.00, 1.00, 0.00, 0.00, 0.00, 0.00, 0.00, 0.00, 0.00, 0.00
773,  0,  26.120,  0.98,  1, 0.11, 0.00, 1.11, 0.00, 0.01, 0.00, 0.36, 2.05, 0.97, 1.29, 0.61, 0.62, 0.09, 0.03, 0.61, 0.45, 0.00, 0.00, 0.00, 1.00, 0.00, 0.00, 0.00, 0.00, 1.00, 0.00, 1.00, 0.00, 0.00, 0.00, 0.00, 0.00, 0.00, 0.00, 0.00
774,  0,  26.154,  0.98,  1, 0.16, 0.00, 1.10, 0.00, 0.02, 0.00, 0.42, 2.07, 1.00, 1.36, 0.54, 0.73, 0.00, 0.03, 0.50, 0.54, 0.00, 0.00, 0.00, 1.00, 0.00, 0.00, 0.00, 0.00, 1.00, 0.00, 1.00, 0.00, 0.00, 0.00, 0.00, 0.00, 0.00, 0.00, 0.00
775,  0,  26.188,  0.98,  1, 0.14, 0.00, 1.10, 0.00, 0.02, 0.00, 0.45, 1.97, 1.00, 1.30, 0.48, 0.69, 0.00, 0.00, 0.49, 0.48, 0.00, 0.00, 0.00, 1.00, 0.00, 0.00, 0.00, 0.00, 1.00, 0.00, 1.00, 0.00, 0.00, 0.00, 0.00, 0.00, 0.00, 0.00, 0.00
776,  0,  26.222,  0.98,  1, 0.08, 0.00, 1.08, 0.00, 0.01, 0.00, 0.41, 1.93, 1.00, 1.22, 0.49, 0.61, 0.04, 0.00, 0.42, 0.49, 0.00, 0.00, 0.00, 1.00, 0.00, 0.00, 0.00, 0.00, 1.00, 0.00, 1.00, 0.00, 0.00, 0.00, 0.00, 0.00, 0.00, 0.00, 0.00
777,  0,  26.256,  0.98,  1, 0.09, 0.00, 1.09, 0.00, 0.00, 0.00, 0.41, 1.86, 1.00, 1.20, 0.43, 0.56, 0.09, 0.00, 0.43, 0.54, 0.00, 0.00, 0.00, 1.00, 0.00, 0.00, 0.00, 0.00, 1.00, 0.00, 1.00, 0.00, 0.00, 0.00, 0.00, 0.00, 0.00, 0.00, 0.00
778,  0,  26.290,  0.98,  1, 0.12, 0.00, 1.08, 0.00, 0.00, 0.00, 0.48, 1.92, 1.02, 1.19, 0.39, 0.50, 0.21, 0.02, 0.33, 0.54, 0.00, 0.00, 0.00, 1.00, 0.00, 0.00, 0.00, 0.00, 1.00, 0.00, 1.00, 0.00, 0.00, 0.00, 0.00, 0.00, 0.00, 0.00, 0.00
779,  0,  26.323,  0.98,  1, 0.16, 0.00, 1.07, 0.00, 0.03, 0.00, 0.51, 1.92, 1.03, 1.30, 0.41, 0.52, 0.27, 0.03, 0.33, 0.55, 0.00, 0.00, 0.00, 1.00, 0.00, 0.00, 0.00, 0.00, 1.00, 0.00, 1.00, 0.00, 0.00, 0.00, 0.00, 0.00, 0.00, 0.00, 0.00
780,  0,  26.357,  0.98,  1, 0.14, 0.00, 1.03, 0.00, 0.06, 0.00, 0.52, 1.96, 1.06, 1.27, 0.37, 0.55, 0.23, 0.03, 0.25, 0.40, 0.00, 0.00, 0.00, 1.00, 0.00, 0.00, 0.00, 0.00, 1.00, 0.00, 1.00, 0.00, 0.00, 0.00, 0.00, 0.00, 0.00, 0.00, 0.00
781,  0,  26.391,  0.98,  1, 0.19, 0.00, 1.04, 0.00, 0.10, 0.00, 0.49, 1.92, 1.10, 1.31, 0.30, 0.66, 0.12, 0.02, 0.18, 0.37, 0.00, 0.00, 0.00, 1.00, 0.00, 0.00, 0.00, 0.00, 1.00, 0.00, 1.00, 0.00, 0.00, 0.00, 0.00, 0.00, 0.00, 0.00, 0.00
782,  0,  26.425,  0.98,  1, 0.12, 0.00, 1.03, 0.00, 0.08, 0.00, 0.39, 1.91, 1.13, 1.20, 0.19, 0.75, 0.01, 0.01, 0.07, 0.26, 0.00, 0.00, 0.00, 1.00, 0.00, 0.00, 0.00, 0.00, 1.00, 0.00, 1.00, 0.00, 0.00, 0.00, 0.00, 0.00, 0.00, 0.00, 0.00
783,  0,  26.459,  0.98,  1, 0.08, 0.00, 1.09, 0.00, 0.11, 0.00, 0.29, 1.91, 1.06, 1.21, 0.16, 0.71, 0.00, 0.04, 0.03, 0.25, 0.00, 0.00, 0.00, 1.00, 0.00, 0.00, 0.00, 0.00, 1.00, 0.00, 1.00, 0.00, 0.00, 0.00, 0.00, 0.00, 0.00, 0.00, 0.00
784,  0,  26.493,  0.98,  1, 0.00, 0.00, 1.21, 0.00, 0.09, 0.00, 0.22, 1.90, 1.00, 1.18, 0.21, 0.64, 0.00, 0.03, 0.06, 0.19, 0.00, 0.00, 0.00, 1.00, 0.00, 0.00, 0.00, 0.00, 1.00, 0.00, 1.00, 0.00, 0.00, 0.00, 0.00, 0.00, 0.00, 0.00, 0.00
785,  0,  26.526,  0.98,  1, 0.00, 0.00, 1.20, 0.01, 0.10, 0.00, 0.19, 1.89, 0.94, 1.15, 0.27, 0.58, 0.10, 0.03, 0.11, 0.15, 0.00, 0.00, 0.00, 1.00, 0.00, 0.00, 0.00, 0.00, 1.00, 0.00, 1.00, 0.00, 0.00, 0.00, 0.00, 0.00, 0.00, 0.00, 0.00
786,  0,  26.560,  0.98,  1, 0.00, 0.00, 1.13, 0.01, 0.04, 0.00, 0.19, 1.84, 0.93, 1.03, 0.22, 0.58, 0.11, 0.02, 0.19, 0.09, 0.00, 0.00, 0.00, 1.00, 0.00, 0.00, 0.00, 0.00, 1.00, 0.00, 1.00, 0.00, 0.00, 0.00, 0.00, 0.00, 0.00, 0.00, 0.00
787,  0,  26.594,  0.98,  1, 0.00, 0.00, 1.08, 0.01, 0.05, 0.00, 0.24, 1.84, 0.95, 0.93, 0.15, 0.60, 0.15, 0.04, 0.15, 0.05, 0.00, 0.00, 0.00, 1.00, 0.00, 0.00, 0.00, 0.00, 1.00, 0.00, 1.00, 0.00, 0.00, 0.00, 0.00, 0.00, 0.00, 0.00, 0.00
788,  0,  26.628,  0.98,  1, 0.04, 0.00, 1.17, 0.00, 0.05, 0.00, 0.34, 1.88, 0.96, 0.96, 0.07, 0.61, 0.05, 0.04, 0.17, 0.06, 0.03, 0.00, 0.00, 1.00, 0.00, 0.00, 0.00, 0.00, 1.00, 0.00, 1.00, 0.00, 0.00, 0.00, 0.00, 0.00, 0.00, 0.00, 0.00
789,  0,  26.662,  0.98,  1, 0.06, 0.00, 1.29, 0.00, 0.08, 0.00, 0.38, 1.96, 1.03, 1.09, 0.07, 0.68, 0.04, 0.02, 0.07, 0.05, 0.03, 0.00, 0.00, 1.00, 0.00, 0.00, 0.00, 0.00, 1.00, 0.00, 1.00, 0.00, 0.00, 0.00, 0.00, 0.00, 0.00, 0.00, 0.00
790,  0,  26.696,  0.98,  1, 0.06, 0.00, 1.32, 0.02, 0.14, 0.00, 0.38, 2.00, 1.00, 1.10, 0.04, 0.61, 0.22, 0.00, 0.07, 0.09, 0.03, 0.00, 0.00, 1.00, 0.00, 0.00, 0.00, 0.00, 1.00, 0.00, 1.00, 0.00, 0.00, 0.00, 0.00, 0.00, 0.00, 0.00, 0.00
791,  0,  26.729,  0.98,  1, 0.02, 0.00, 1.24, 0.02, 0.22, 0.00, 0.38, 1.98, 1.01, 1.10, 0.08, 0.65, 0.25, 0.00, 0.00, 0.05, 0.00, 0.00, 0.00, 1.00, 0.00, 0.00, 0.00, 0.00, 1.00, 0.00, 0.00, 0.00, 0.00, 0.00, 0.00, 0.00, 0.00, 0.00, 0.00
792,  0,  26.763,  0.98,  1, 0.00, 0.00, 1.18, 0.02, 0.29, 0.00, 0.41, 1.94, 0.94, 1.08, 0.11, 0.60, 0.28, 0.00, 0.00, 0.05, 0.00, 0.00, 0.00, 1.00, 0.00, 0.00, 0.00, 0.00, 1.00, 0.00, 1.00, 0.00, 0.00, 0.00, 0.00, 0.00, 0.00, 0.00, 0.00
793,  0,  26.797,  0.98,  1, 0.00, 0.00, 1.12, 0.00, 0.27, 0.00, 0.34, 1.96, 0.96, 1.14, 0.12, 0.68, 0.29, 0.00, 0.03, 0.05, 0.00, 0.00, 0.00, 0.00, 0.00, 0.00, 0.00, 0.00, 1.00, 0.00, 1.00, 0.00, 0.00, 0.00, 0.00, 0.00, 0.00, 0.00, 0.00
794,  0,  26.831,  0.98,  1, 0.00, 0.00, 1.19, 0.00, 0.23, 0.00, 0.26, 1.93, 0.99, 1.18, 0.04, 0.54, 0.35, 0.00, 0.05, 0.13, 0.00, 0.00, 0.00, 0.00, 0.00, 0.00, 0.00, 0.00, 1.00, 0.00, 1.00, 0.00, 0.00, 0.00, 0.00, 0.00, 0.00, 0.00, 0.00
795,  0,  26.865,  0.98,  1, 0.00, 0.00, 1.17, 0.00, 0.22, 0.00, 0.17, 1.93, 1.04, 1.16, 0.04, 0.49, 0.33, 0.00, 0.05, 0.20, 0.01, 0.00, 0.00, 0.00, 0.00, 0.00, 0.00, 0.00, 1.00, 0.00, 1.00, 0.00, 0.00, 0.00, 0.00, 0.00, 0.00, 0.00, 0.00
796,  0,  26.899,  0.98,  1, 0.00, 0.00, 1.18, 0.00, 0.18, 0.00, 0.12, 1.83, 1.04, 1.20, 0.05, 0.42, 0.14, 0.00, 0.04, 0.29, 0.01, 0.00, 0.00, 0.00, 0.00, 0.00, 0.00, 0.00, 1.00, 0.00, 1.00, 0.00, 0.00, 0.00, 0.00, 0.00, 0.00, 0.00, 0.00
797,  0,  26.932,  0.98,  1, 0.00, 0.00, 1.13, 0.00, 0.20, 0.00, 0.08, 1.87, 1.00, 1.21, 0.06, 0.56, 0.19, 0.00, 0.02, 0.22, 0.01, 0.00, 0.00, 0.00, 0.00, 0.00, 0.00, 0.00, 1.00, 0.00, 1.00, 0.00, 0.00, 0.00, 0.00, 0.00, 0.00, 0.00, 0.00
798,  0,  26.966,  0.98,  1, 0.00, 0.00, 1.08, 0.00, 0.20, 0.00, 0.05, 1.87, 1.00, 1.31, 0.06, 0.62, 0.22, 0.00, 0.02, 0.15, 0.08, 0.00, 0.00, 0.00, 0.00, 0.00, 0.00, 0.00, 1.00, 0.00, 1.00, 0.00, 0.00, 0.00, 0.00, 0.00, 0.00, 0.00, 0.00
799,  0,  27.000,  0.98,  1, 0.00, 0.00, 1.10, 0.00, 0.17, 0.00, 0.09, 1.93, 0.95, 1.33, 0.13, 0.63, 0.27, 0.00, 0.00, 0.02, 0.13, 0.00, 0.00, 0.00, 0.00, 0.00, 0.00, 0.00, 1.00, 0.00, 1.00, 0.00, 0.00, 0.00, 0.00, 0.00, 0.00, 0.00, 0.00
800,  0,  27.034,  0.98,  1, 0.00, 0.00, 1.12, 0.00, 0.17, 0.00, 0.12, 1.93, 0.96, 1.41, 0.13, 0.51, 0.14, 0.00, 0.03, 0.03, 0.14, 0.00, 0.00, 0.00, 0.00, 0.00, 0.00, 0.00, 1.00, 0.00, 1.00, 0.00, 0.00, 0.00, 0.00, 0.00, 0.00, 0.00, 0.00
801,  0,  27.068,  0.98,  1, 0.00, 0.00, 1.19, 0.00, 0.15, 0.00, 0.18, 1.96, 0.95, 1.42, 0.15, 0.43, 0.09, 0.00, 0.06, 0.08, 0.12, 0.00, 0.00, 0.00, 0.00, 0.00, 0.00, 0.00, 1.00, 0.00, 1.00, 0.00, 0.00, 0.00, 0.00, 0.00, 0.00, 0.00, 0.00
802,  0,  27.102,  0.98,  1, 0.00, 0.00, 1.23, 0.00, 0.20, 0.00, 0.23, 1.99, 0.97, 1.45, 0.10, 0.42, 0.05, 0.00, 0.06, 0.08, 0.28, 0.00, 0.00, 0.00, 0.00, 0.00, 0.00, 0.00, 1.00, 0.00, 1.00, 0.00, 0.00, 0.00, 0.00, 0.00, 0.00, 0.00, 1.00
803,  0,  27.135,  0.98,  1, 0.00, 0.00, 1.27, 0.00, 0.20, 0.00, 0.28, 1.99, 0.97, 1.43, 0.24, 0.48, 0.03, 0.00, 0.11, 0.10, 0.38, 0.00, 0.00, 0.00, 0.00, 0.00, 0.00, 0.00, 1.00, 0.00, 1.00, 0.00, 0.00, 0.00, 0.00, 0.00, 0.00, 0.00, 1.00
804,  0,  27.169,  0.98,  1, 0.00, 0.00, 1.22, 0.00, 0.24, 0.00, 0.24, 2.04, 0.97, 1.40, 0.26, 0.45, 0.10, 0.00, 0.10, 0.08, 0.45, 0.00, 0.00, 0.00, 0.00, 0.00, 0.00, 0.00, 1.00, 0.00, 1.00, 0.00, 0.00, 0.00, 0.00, 0.00, 0.00, 0.00, 1.00
805,  0,  27.203,  0.98,  1, 0.00, 0.00, 1.17, 0.00, 0.21, 0.00, 0.19, 2.01, 0.93, 1.37, 0.24, 0.42, 0.20, 0.00, 0.18, 0.11, 0.32, 0.00, 0.00, 0.00, 0.00, 0.00, 0.00, 0.00, 1.00, 0.00, 1.00, 0.00, 0.00, 0.00, 0.00, 0.00, 0.00, 0.00, 1.00
806,  0,  27.237,  0.98,  1, 0.00, 0.00, 1.07, 0.00, 0.19, 0.00, 0.08, 1.98, 0.90, 1.34, 0.10, 0.39, 0.35, 0.00, 0.22, 0.07, 0.31, 0.00, 0.00, 0.00, 0.00, 0.00, 0.00, 0.00, 1.00, 0.00, 1.00, 0.00, 0.00, 0.00, 0.00, 0.00, 0.00, 0.00, 1.00
807,  0,  27.271,  0.98,  1, 0.00, 0.00, 1.12, 0.00, 0.17, 0.00, 0.03, 1.94, 0.85, 1.21, 0.03, 0.39, 0.40, 0.00, 0.29, 0.06, 0.26, 0.00, 0.00, 0.00, 0.00, 0.00, 0.00, 0.00, 1.00, 0.00, 1.00, 0.00, 0.00, 0.00, 0.00, 0.00, 0.00, 0.00, 1.00
808,  0,  27.305,  0.98,  1, 0.00, 0.00, 1.12, 0.00, 0.16, 0.00, 0.01, 1.92, 0.87, 1.14, 0.02, 0.50, 0.35, 0.00, 0.20, 0.05, 0.24, 0.00, 0.00, 0.00, 0.00, 0.00, 0.00, 0.00, 1.00, 0.00, 1.00, 0.00, 0.00, 0.00, 0.00, 0.00, 0.00, 0.00, 1.00
809,  0,  27.338,  0.98,  1, 0.00, 0.00, 1.11, 0.00, 0.16, 0.00, 0.01, 1.93, 0.86, 0.98, 0.05, 0.50, 0.28, 0.00, 0.20, 0.13, 0.19, 0.00, 0.00, 0.00, 0.00, 0.00, 0.00, 0.00, 1.00, 0.00, 1.00, 0.00, 0.00, 0.00, 0.00, 0.00, 0.00, 0.00, 1.00
810,  0,  27.372,  0.98,  1, 0.00, 0.00, 1.18, 0.00, 0.10, 0.00, 0.05, 1.85, 0.83, 0.94, 0.05, 0.56, 0.29, 0.03, 0.30, 0.24, 0.12, 0.00, 0.00, 0.00, 0.00, 0.00, 0.00, 0.00, 1.00, 0.00, 1.00, 0.00, 0.00, 0.00, 0.00, 0.00, 0.00, 0.00, 1.00
811,  0,  27.406,  0.98,  1, 0.09, 0.00, 1.14, 0.00, 0.07, 0.00, 0.09, 1.80, 0.79, 0.88, 0.05, 0.49, 0.42, 0.03, 0.41, 0.33, 0.09, 0.00, 0.00, 1.00, 0.00, 0.00, 0.00, 0.00, 1.00, 0.00, 1.00, 0.00, 0.00, 0.00, 0.00, 0.00, 0.00, 0.00, 0.00
812,  0,  27.440,  0.98,  1, 0.13, 0.00, 1.16, 0.00, 0.02, 0.00, 0.14, 1.68, 0.76, 1.00, 0.00, 0.44, 0.43, 0.03, 0.46, 0.36, 0.05, 0.00, 0.00, 1.00, 0.00, 0.00, 0.00, 0.00, 1.00, 0.00, 1.00, 0.00, 0.00, 0.00, 0.00, 0.00, 0.00, 0.00, 0.00
813,  0,  27.474,  0.98,  1, 0.19, 0.00, 1.07, 0.00, 0.01, 0.00, 0.10, 1.60, 0.79, 0.99, 0.02, 0.43, 0.38, 0.00, 0.39, 0.34, 0.03, 0.00, 0.00, 1.00, 0.00, 0.00, 0.00, 0.00, 1.00, 0.00, 1.00, 0.00, 0.00, 0.00, 0.00, 0.00, 0.00, 0.00, 0.00
814,  0,  27.508,  0.98,  1, 0.12, 0.00, 1.05, 0.00, 0.00, 0.00, 0.06, 1.44, 0.83, 0.94, 0.02, 0.31, 0.22, 0.03, 0.44, 0.28, 0.00, 0.00, 0.00, 1.00, 0.00, 0.00, 0.00, 0.00, 1.00, 0.00, 1.00, 0.00, 0.00, 0.00, 0.00, 0.00, 0.00, 0.00, 0.00
815,  0,  27.541,  0.98,  1, 0.12, 0.00, 1.06, 0.00, 0.00, 0.00, 0.01, 1.39, 0.87, 0.88, 0.02, 0.34, 0.13, 0.03, 0.40, 0.26, 0.00, 0.00, 0.00, 1.00, 0.00, 0.00, 0.00, 0.00, 1.00, 0.00, 1.00, 0.00, 0.00, 0.00, 0.00, 1.00, 0.00, 0.00, 0.00
816,  0,  27.575,  0.98,  1, 0.12, 0.00, 1.11, 0.00, 0.00, 0.00, 0.00, 1.32, 0.89, 0.98, 0.00, 0.31, 0.05, 0.07, 0.36, 0.21, 0.00, 0.00, 0.00, 1.00, 0.00, 0.00, 0.00, 0.00, 1.00, 0.00, 1.00, 0.00, 0.00, 0.00, 0.00, 1.00, 0.00, 0.00, 0.00
817,  0,  27.609,  0.98,  1, 0.10, 0.00, 1.17, 0.00, 0.00, 0.00, 0.01, 1.40, 0.87, 1.20, 0.00, 0.24, 0.06, 0.04, 0.28, 0.25, 0.00, 0.00, 0.00, 1.00, 0.00, 0.00, 0.00, 0.00, 1.00, 0.00, 1.00, 0.00, 0.00, 0.00, 0.00, 1.00, 0.00, 0.00, 0.00
818,  0,  27.643,  0.98,  1, 0.10, 0.00, 1.17, 0.00, 0.00, 0.00, 0.05, 1.49, 0.87, 1.33, 0.00, 0.23, 0.06, 0.07, 0.28, 0.26, 0.00, 0.00, 0.00, 1.00, 0.00, 0.00, 0.00, 0.00, 1.00, 0.00, 1.00, 0.00, 0.00, 0.00, 0.00, 1.00, 0.00, 0.00, 0.00
819,  0,  27.677,  0.98,  1, 0.06, 0.00, 1.16, 0.00, 0.00, 0.00, 0.08, 1.55, 0.84, 1.31, 0.00, 0.17, 0.09, 0.02, 0.38, 0.29, 0.00, 0.00, 0.00, 1.00, 0.00, 0.00, 0.00, 0.00, 1.00, 0.00, 1.00, 0.00, 0.00, 0.00, 0.00, 1.00, 0.00, 0.00, 0.00
820,  0,  27.711,  0.98,  1, 0.24, 0.14, 1.19, 0.00, 0.00, 0.00, 0.12, 1.50, 0.83, 1.29, 0.00, 0.30, 0.03, 0.02, 0.47, 0.36, 0.00, 0.00, 0.00, 1.00, 0.00, 0.00, 0.00, 0.00, 1.00, 0.00, 1.00, 0.00, 0.00, 0.00, 0.00, 1.00, 0.00, 0.00, 0.00
821,  0,  27.744,  0.98,  1, 0.29, 0.14, 1.17, 0.00, 0.00, 0.00, 0.15, 1.50, 0.80, 1.11, 0.07, 0.32, 0.03, 0.00, 0.50, 0.48, 0.00, 0.00, 0.00, 1.00, 0.00, 0.00, 0.00, 0.00, 1.00, 0.00, 1.00, 0.00, 0.00, 0.00, 0.00, 1.00, 0.00, 0.00, 0.00
822,  0,  27.778,  0.98,  1, 0.31, 0.14, 1.18, 0.00, 0.00, 0.00, 0.23, 1.51, 0.75, 1.22, 0.16, 0.34, 0.00, 0.00, 0.57, 0.61, 0.00, 0.00, 0.00, 1.00, 0.00, 0.00, 0.00, 0.00, 1.00, 0.00, 1.00, 0.00, 0.00, 0.00, 0.00, 1.00, 0.00, 0.00, 0.00
823,  0,  27.812,  0.98,  1, 0.18, 0.00, 1.23, 0.00, 0.00, 0.00, 0.26, 1.61, 0.75, 1.15, 0.16, 0.28, 0.00, 0.00, 0.67, 0.56, 0.00, 0.00, 0.00, 1.00, 0.00, 0.00, 0.00, 0.00, 1.00, 0.00, 1.00, 0.00, 0.00, 0.00, 0.00, 1.00, 0.00, 0.00, 0.00
824,  0,  27.846,  0.98,  1, 0.12, 0.00, 1.24, 0.00, 0.00, 0.00, 0.31, 1.68, 0.77, 1.15, 0.10, 0.29, 0.00, 0.02, 0.72, 0.43, 0.00, 0.00, 0.00, 1.00, 0.00, 0.00, 0.00, 0.00, 1.00, 0.00, 1.00, 0.00, 0.00, 0.00, 0.00, 1.00, 0.00, 0.00, 0.00
825,  0,  27.880,  0.98,  1, 0.20, 0.00, 1.16, 0.00, 0.00, 0.00, 0.34, 1.68, 0.75, 1.04, 0.08, 0.28, 0.04, 0.02, 0.64, 0.37, 0.00, 0.00, 0.00, 1.00, 0.00, 0.00, 0.00, 0.00, 1.00, 0.00, 1.00, 0.00, 0.00, 0.00, 0.00, 1.00, 0.00, 0.00, 0.00
826,  0,  27.914,  0.98,  1, 0.21, 0.00, 1.06, 0.00, 0.00, 0.00, 0.36, 1.60, 0.70, 1.03, 0.18, 0.26, 0.04, 0.02, 0.65, 0.41, 0.00, 0.00, 0.00, 1.00, 0.00, 0.00, 0.00, 0.00, 1.00, 0.00, 1.00, 0.00, 0.00, 0.00, 0.00, 1.00, 0.00, 0.00, 0.00
827,  0,  27.947,  0.98,  1, 0.26, 0.00, 1.05, 0.00, 0.00, 0.00, 0.33, 1.49, 0.65, 1.10, 0.23, 0.19, 0.04, 0.02, 0.66, 0.48, 0.00, 0.00, 0.00, 1.00, 0.00, 0.00, 0.00, 0.00, 1.00, 0.00, 1.00, 0.00, 0.00, 0.00, 0.00, 1.00, 0.00, 0.00, 0.00
828,  0,  27.981,  0.98,  1, 0.22, 0.00, 1.10, 0.00, 0.00, 0.00, 0.32, 1.52, 0.69, 1.17, 0.29, 0.15, 0.00, 0.01, 0.72, 0.58, 0.00, 0.00, 0.00, 1.00, 0.00, 0.00, 0.00, 0.00, 1.00, 0.00, 1.00, 0.00, 0.00, 0.00, 0.00, 1.00, 0.00, 0.00, 0.00
829,  0,  28.015,  0.98,  1, 0.24, 0.00, 1.05, 0.06, 0.00, 0.00, 0.31, 1.63, 0.76, 1.11, 0.27, 0.19, 0.00, 0.02, 0.67, 0.59, 0.00, 0.00, 0.00, 1.00, 0.00, 0.00, 0.00, 0.00, 1.00, 0.00, 1.00, 0.00, 0.00, 0.00, 0.00, 1.00, 0.00, 0.00, 0.00
830,  0,  28.049,  0.98,  1, 0.19, 0.00, 1.07, 0.06, 0.00, 0.00, 0.36, 1.62, 0.75, 1.08, 0.38, 0.18, 0.05, 0.01, 0.73, 0.55, 0.00, 0.00, 0.00, 1.00, 0.00, 0.00, 0.00, 0.00, 1.00, 0.00, 1.00, 0.00, 0.00, 0.00, 0.00, 1.00, 0.00, 0.00, 0.00
831,  0,  28.083,  0.98,  1, 0.15, 0.00, 1.03, 0.06, 0.00, 0.00, 0.34, 1.56, 0.78, 0.95, 0.40, 0.24, 0.06, 0.03, 0.75, 0.41, 0.00, 0.00, 0.00, 1.00, 0.00, 0.00, 0.00, 0.00, 1.00, 0.00, 1.00, 0.00, 0.00, 0.00, 0.00, 1.00, 0.00, 0.00, 0.00
832,  0,  28.117,  0.98,  1, 0.09, 0.00, 1.09, 0.00, 0.00, 0.00, 0.35, 1.38, 0.74, 0.98, 0.49, 0.28, 0.06, 0.06, 0.76, 0.43, 0.00, 0.00, 0.00, 1.00, 0.00, 0.00, 0.00, 0.00, 1.00, 0.00, 1.00, 0.00, 0.00, 0.00, 0.00, 1.00, 0.00, 0.00, 0.00
833,  0,  28.150,  0.98,  1, 0.10, 0.00, 1.09, 0.00, 0.00, 0.00, 0.34, 1.40, 0.75, 0.96, 0.44, 0.27, 0.11, 0.06, 0.69, 0.38, 0.00, 0.00, 0.00, 1.00, 0.00, 0.00, 0.00, 0.00, 1.00, 0.00, 1.00, 0.00, 0.00, 0.00, 0.00, 1.00, 0.00, 0.00, 0.00
834,  0,  28.184,  0.98,  1, 0.12, 0.00, 1.10, 0.00, 0.00, 0.00, 0.31, 1.44, 0.73, 0.99, 0.32, 0.26, 0.12, 0.10, 0.55, 0.47, 0.00, 0.00, 0.00, 1.00, 0.00, 0.00, 0.00, 0.00, 1.00, 0.00, 1.00, 0.00, 0.00, 0.00, 0.00, 1.00, 0.00, 0.00, 0.00
835,  0,  28.218,  0.98,  1, 0.10, 0.00, 1.10, 0.00, 0.00, 0.00, 0.30, 1.49, 0.74, 1.02, 0.15, 0.20, 0.17, 0.11, 0.50, 0.40, 0.00, 0.00, 0.00, 1.00, 0.00, 0.00, 0.00, 0.00, 1.00, 0.00, 1.00, 0.00, 0.00, 0.00, 0.00, 1.00, 0.00, 0.00, 0.00
836,  0,  28.252,  0.98,  1, 0.08, 0.06, 1.07, 0.00, 0.00, 0.00, 0.22, 1.48, 0.80, 1.20, 0.07, 0.24, 0.07, 0.18, 0.41, 0.48, 0.00, 0.00, 0.00, 1.00, 0.00, 0.00, 0.00, 0.00, 1.00, 0.00, 1.00, 0.00, 0.00, 0.00, 0.00, 1.00, 0.00, 0.00, 0.00
837,  0,  28.286,  0.98,  1, 0.06, 0.06, 1.03, 0.00, 0.00, 0.00, 0.16, 1.46, 0.83, 1.24, 0.14, 0.17, 0.18, 0.22, 0.42, 0.45, 0.00, 0.00, 0.00, 1.00, 0.00, 0.00, 0.00, 0.00, 1.00, 0.00, 1.00, 0.00, 0.00, 0.00, 0.00, 1.00, 0.00, 0.00, 0.00
838,  0,  28.320,  0.98,  1, 0.07, 0.06, 0.97, 0.00, 0.00, 0.00, 0.09, 1.51, 0.81, 1.32, 0.23, 0.18, 0.20, 0.19, 0.37, 0.46, 0.00, 0.00, 0.00, 1.00, 0.00, 0.00, 0.00, 0.00, 1.00, 0.00, 1.00, 0.00, 0.00, 0.00, 0.00, 1.00, 0.00, 0.00, 0.00
839,  0,  28.353,  0.98,  1, 0.08, 0.00, 0.93, 0.00, 0.00, 0.00, 0.09, 1.52, 0.78, 1.24, 0.24, 0.12, 0.36, 0.10, 0.34, 0.40, 0.00, 0.00, 0.00, 1.00, 0.00, 0.00, 0.00, 0.00, 1.00, 0.00, 1.00, 0.00, 0.00, 0.00, 0.00, 1.00, 0.00, 0.00, 0.00
840,  0,  28.387,  0.98,  1, 0.02, 0.00, 1.02, 0.00, 0.00, 0.00, 0.11, 1.53, 0.74, 1.19, 0.16, 0.22, 0.28, 0.02, 0.39, 0.38, 0.00, 0.00, 0.00, 1.00, 0.00, 0.00, 0.00, 0.00, 1.00, 0.00, 1.00, 0.00, 0.00, 0.00, 0.00, 1.00, 0.00, 0.00, 0.00
841,  0,  28.421,  0.98,  1, 0.06, 0.00, 1.04, 0.00, 0.00, 0.00, 0.09, 1.44, 0.76, 1.09, 0.08, 0.27, 0.21, 0.00, 0.44, 0.30, 0.00, 0.00, 0.00, 1.00, 0.00, 0.00, 0.00, 0.00, 1.00, 0.00, 1.00, 0.00, 0.00, 0.00, 0.00, 1.00, 0.00, 0.00, 0.00
842,  0,  28.455,  0.98,  1, 0.04, 0.00, 1.08, 0.00, 0.00, 0.00, 0.08, 1.44, 0.78, 1.05, 0.11, 0.37, 0.13, 0.00, 0.58, 0.25, 0.00, 0.00, 0.00, 1.00, 0.00, 0.00, 0.00, 0.00, 1.00, 0.00, 1.00, 0.00, 0.00, 0.00, 0.00, 1.00, 0.00, 0.00, 0.00
843,  0,  28.489,  0.98,  1, 0.04, 0.00, 0.98, 0.00, 0.00, 0.00, 0.08, 1.47, 0.84, 1.12, 0.18, 0.44, 0.14, 0.03, 0.62, 0.15, 0.00, 0.00, 0.00, 0.00, 0.00, 0.00, 0.00, 0.00, 1.00, 0.00, 1.00, 0.00, 0.00, 0.00, 0.00, 1.00, 0.00, 0.00, 0.00
844,  0,  28.523,  0.98,  1, 0.02, 0.00, 0.95, 0.00, 0.00, 0.00, 0.08, 1.63, 0.82, 1.13, 0.19, 0.42, 0.13, 0.03, 0.70, 0.12, 0.00, 0.00, 0.00, 0.00, 0.00, 0.00, 0.00, 0.00, 1.00, 0.00, 1.00, 0.00, 0.00, 0.00, 0.00, 1.00, 0.00, 0.00, 0.00
845,  0,  28.556,  0.98,  1, 0.04, 0.01, 0.93, 0.00, 0.00, 0.00, 0.04, 1.72, 0.82, 1.17, 0.17, 0.44, 0.17, 0.03, 0.64, 0.09, 0.00, 0.00, 0.00, 0.00, 0.00, 0.00, 0.00, 0.00, 1.00, 0.00, 1.00, 0.00, 0.00, 0.00, 0.00, 1.00, 0.00, 0.00, 0.00
846,  0,  28.590,  0.98,  1, 0.17, 0.01, 1.04, 0.00, 0.00, 0.00, 0.11, 1.77, 0.77, 1.19, 0.20, 0.41, 0.29, 0.00, 0.54, 0.05, 0.00, 0.00, 0.00, 0.00, 0.00, 0.00, 0.00, 0.00, 1.00, 0.00, 1.00, 0.00, 0.00, 0.00, 0.00, 1.00, 0.00, 0.00, 0.00
847,  0,  28.624,  0.98,  1, 0.16, 0.01, 1.04, 0.00, 0.00, 0.00, 0.12, 1.68, 0.80, 1.24, 0.26, 0.44, 0.31, 0.00, 0.43, 0.06, 0.00, 0.00, 0.00, 0.00, 0.00, 0.00, 0.00, 0.00, 1.00, 0.00, 1.00, 0.00, 0.00, 0.00, 0.00, 1.00, 0.00, 0.00, 0.00
848,  0,  28.658,  0.98,  1, 0.13, 0.01, 1.10, 0.00, 0.00, 0.00, 0.13, 1.58, 0.83, 1.21, 0.20, 0.34, 0.19, 0.00, 0.44, 0.14, 0.00, 0.00, 0.00, 0.00, 0.00, 0.00, 0.00, 0.00, 1.00, 0.00, 1.00, 0.00, 0.00, 0.00, 0.00, 1.00, 0.00, 0.00, 0.00
849,  0,  28.692,  0.98,  1, 0.02, 0.00, 1.08, 0.00, 0.00, 0.00, 0.04, 1.44, 0.87, 1.25, 0.14, 0.28, 0.03, 0.00, 0.49, 0.16, 0.00, 0.00, 0.00, 1.00, 0.00, 0.00, 0.00, 0.00, 1.00, 0.00, 1.00, 0.00, 0.00, 0.00, 0.00, 1.00, 0.00, 0.00, 0.00
850,  0,  28.726,  0.98,  1, 0.06, 0.00, 1.16, 0.00, 0.00, 0.00, 0.04, 1.44, 0.89, 1.28, 0.09, 0.25, 0.01, 0.00, 0.51, 0.19, 0.00, 0.00, 0.00, 1.00, 0.00, 0.00, 0.00, 0.00, 1.00, 0.00, 1.00, 0.00, 0.00, 0.00, 0.00, 1.00, 0.00, 0.00, 0.00
851,  0,  28.759,  0.98,  1, 0.15, 0.06, 1.20, 0.00, 0.00, 0.00, 0.02, 1.49, 0.88, 1.23, 0.10, 0.36, 0.13, 0.01, 0.46, 0.07, 0.00, 0.00, 0.00, 1.00, 0.00, 0.00, 0.00, 0.00, 1.00, 0.00, 1.00, 0.00, 0.00, 0.00, 0.00, 1.00, 0.00, 0.00, 0.00
852,  0,  28.793,  0.98,  1, 0.13, 0.06, 1.22, 0.00, 0.00, 0.00, 0.00, 1.56, 0.83, 1.08, 0.09, 0.40, 0.21, 0.01, 0.43, 0.03, 0.00, 0.00, 0.00, 1.00, 0.00, 0.00, 0.00, 0.00, 1.00, 0.00, 1.00, 0.00, 0.00, 0.00, 0.00, 0.00, 0.00, 0.00, 0.00
853,  0,  28.827,  0.98,  1, 0.11, 0.06, 1.24, 0.00, 0.00, 0.00, 0.00, 1.55, 0.79, 1.02, 0.04, 0.36, 0.21, 0.01, 0.43, 0.00, 0.00, 0.00, 0.00, 1.00, 0.00, 0.00, 0.00, 0.00, 1.00, 0.00, 1.00, 0.00, 0.00, 0.00, 0.00, 0.00, 0.00, 0.00, 0.00
854,  0,  28.861,  0.98,  1, 0.04, 0.00, 1.25, 0.00, 0.00, 0.00, 0.00, 1.46, 0.76, 1.14, 0.03, 0.30, 0.09, 0.00, 0.42, 0.00, 0.00, 0.00, 0.00, 1.00, 0.00, 0.00, 0.00, 0.00, 1.00, 0.00, 1.00, 0.00, 0.00, 0.00, 0.00, 0.00, 0.00, 0.00, 0.00
855,  0,  28.895,  0.98,  1, 0.04, 0.00, 1.29, 0.00, 0.00, 0.00, 0.00, 1.47, 0.81, 1.24, 0.00, 0.33, 0.00, 0.02, 0.32, 0.03, 0.00, 0.00, 0.00, 1.00, 0.00, 0.00, 0.00, 0.00, 1.00, 0.00, 1.00, 0.00, 0.00, 0.00, 0.00, 0.00, 0.00, 0.00, 0.00
856,  0,  28.929,  0.98,  1, 0.02, 0.00, 1.30, 0.00, 0.00, 0.00, 0.00, 1.49, 0.87, 1.33, 0.03, 0.39, 0.00, 0.02, 0.18, 0.08, 0.00, 0.00, 0.00, 1.00, 0.00, 0.00, 0.00, 0.00, 1.00, 0.00, 1.00, 0.00, 0.00, 0.00, 0.00, 0.00, 0.00, 0.00, 0.00
857,  0,  28.962,  0.98,  1, 0.02, 0.00, 1.27, 0.00, 0.00, 0.00, 0.00, 1.51, 0.92, 1.38, 0.03, 0.45, 0.00, 0.02, 0.09, 0.08, 0.00, 0.00, 0.00, 1.00, 0.00, 0.00, 0.00, 0.00, 1.00, 0.00, 1.00, 0.00, 0.00, 0.00, 0.00, 0.00, 0.00, 0.00, 0.00
858,  0,  28.996,  0.98,  1, 0.02, 0.00, 1.23, 0.00, 0.00, 0.00, 0.00, 1.48, 0.93, 1.47, 0.03, 0.38, 0.00, 0.00, 0.07, 0.06, 0.01, 0.00, 0.00, 1.00, 0.00, 0.00, 0.00, 0.00, 1.00, 0.00, 1.00, 0.00, 0.00, 0.00, 0.00, 0.00, 0.00, 0.00, 0.00
859,  0,  29.030,  0.98,  1, 0.02, 0.00, 1.18, 0.00, 0.00, 0.00, 0.00, 1.42, 0.90, 1.43, 0.00, 0.34, 0.00, 0.05, 0.04, 0.00, 0.01, 0.00, 0.00, 1.00, 0.00, 0.00, 0.00, 0.00, 1.00, 0.00, 1.00, 0.00, 0.00, 0.00, 0.00, 0.00, 0.00, 0.00, 0.00
860,  0,  29.064,  0.98,  1, 0.00, 0.00, 1.16, 0.00, 0.00, 0.00, 0.00, 1.36, 0.86, 1.35, 0.00, 0.31, 0.00, 0.11, 0.05, 0.00, 0.01, 0.00, 0.00, 1.00, 0.00, 0.00, 0.00, 0.00, 1.00, 0.00, 1.00, 0.00, 0.00, 0.00, 0.00, 0.00, 0.00, 0.00, 0.00
861,  0,  29.098,  0.98,  1, 0.00, 0.00, 1.22, 0.00, 0.00, 0.00, 0.00, 1.31, 0.87, 1.30, 0.00, 0.33, 0.00, 0.14, 0.03, 0.03, 0.07, 0.00, 0.00, 1.00, 0.00, 0.00, 0.00, 0.00, 1.00, 0.00, 1.00, 0.00, 0.00, 0.00, 0.00, 0.00, 0.00, 0.00, 0.00
862,  0,  29.132,  0.98,  1, 0.00, 0.10, 1.19, 0.00, 0.00, 0.00, 0.00, 1.28, 0.86, 1.29, 0.00, 0.35, 0.00, 0.12, 0.06, 0.04, 0.07, 0.00, 0.00, 1.00, 0.00, 0.00, 0.00, 0.00, 1.00, 0.00, 1.00, 0.00, 0.00, 0.00, 0.00, 0.00, 0.00, 0.00, 0.00
863,  0,  29.165,  0.98,  1, 0.00, 0.10, 1.27, 0.00, 0.00, 0.00, 0.00, 1.26, 0.81, 1.24, 0.00, 0.28, 0.00, 0.05, 0.15, 0.04, 0.16, 0.00, 0.00, 1.00, 0.00, 0.00, 0.00, 0.00, 1.00, 0.00, 1.00, 0.00, 0.00, 0.00, 0.00, 0.00, 0.00, 0.00, 0.00
864,  0,  29.199,  0.98,  1, 0.00, 0.10, 1.24, 0.00, 0.00, 0.00, 0.00, 1.27, 0.75, 1.16, 0.00, 0.26, 0.00, 0.04, 0.19, 0.01, 0.17, 0.00, 0.00, 1.00, 0.00, 0.00, 0.00, 0.00, 0.00, 0.00, 1.00, 0.00, 0.00, 0.00, 0.00, 0.00, 0.00, 0.00, 0.00
865,  0,  29.233,  0.98,  1, 0.00, 0.14, 1.29, 0.00, 0.00, 0.00, 0.00, 1.29, 0.76, 1.07, 0.00, 0.18, 0.00, 0.04, 0.27, 0.05, 0.37, 0.00, 0.00, 1.00, 0.00, 0.00, 0.00, 0.00, 0.00, 0.00, 1.00, 0.00, 0.00, 0.00, 0.00, 0.00, 0.00, 0.00, 0.00
866,  0,  29.267,  0.98,  1, 0.00, 0.31, 1.30, 0.00, 0.00, 0.00, 0.00, 1.28, 0.81, 1.15, 0.00, 0.24, 0.00, 0.07, 0.22, 0.11, 0.44, 0.00, 0.00, 1.00, 0.00, 0.00, 0.00, 0.00, 0.00, 0.00, 1.00, 0.00, 0.00, 0.00, 0.00, 0.00, 0.00, 0.00, 0.00
867,  0,  29.301,  0.98,  1, 0.00, 0.30, 1.28, 0.00, 0.00, 0.00, 0.00, 1.28, 0.84, 1.18, 0.00, 0.25, 0.09, 0.10, 0.23, 0.18, 0.53, 0.00, 0.00, 1.00, 0.00, 0.00, 0.00, 0.00, 1.00, 0.00, 1.00, 0.00, 0.00, 0.00, 0.00, 0.00, 0.00, 0.00, 0.00
868,  0,  29.335,  0.98,  1, 0.00, 0.16, 1.33, 0.00, 0.00, 0.00, 0.00, 1.28, 0.82, 1.22, 0.00, 0.27, 0.09, 0.08, 0.18, 0.13, 0.52, 0.00, 0.00, 1.00, 0.00, 0.00, 0.00, 0.00, 1.00, 0.00, 1.00, 0.00, 0.00, 0.00, 0.00, 0.00, 0.00, 0.00, 0.00
869,  0,  29.368,  0.98,  1, 0.00, 0.11, 1.32, 0.00, 0.00, 0.00, 0.00, 1.31, 0.86, 1.22, 0.00, 0.28, 0.09, 0.06, 0.20, 0.09, 0.48, 0.00, 0.00, 1.00, 0.00, 0.00, 0.00, 0.00, 1.00, 0.00, 1.00, 0.00, 0.00, 0.00, 0.00, 0.00, 0.00, 0.00, 0.00
870,  0,  29.402,  0.98,  1, 0.00, 0.24, 1.44, 0.00, 0.00, 0.00, 0.00, 1.27, 0.85, 1.25, 0.00, 0.22, 0.00, 0.00, 0.20, 0.01, 0.33, 0.00, 0.00, 1.00, 0.00, 0.00, 0.00, 0.00, 1.00, 0.00, 1.00, 0.00, 0.00, 0.00, 0.00, 0.00, 0.00, 0.00, 0.00
871,  0,  29.436,  0.98,  1, 0.00, 0.30, 1.51, 0.00, 0.00, 0.00, 0.01, 1.27, 0.85, 1.32, 0.00, 0.22, 0.00, 0.00, 0.22, 0.03, 0.32, 0.00, 0.00, 1.00, 0.00, 0.00, 0.00, 0.00, 1.00, 0.00, 1.00, 0.00, 0.00, 0.00, 0.00, 0.00, 0.00, 0.00, 0.00
872,  0,  29.470,  0.98,  1, 0.00, 0.29, 1.48, 0.00, 0.00, 0.00, 0.01, 1.30, 0.85, 1.33, 0.00, 0.14, 0.00, 0.00, 0.24, 0.01, 0.30, 0.00, 0.00, 1.00, 0.00, 0.00, 0.00, 0.00, 1.00, 0.00, 1.00, 0.00, 0.00, 0.00, 0.00, 0.00, 0.00, 0.00, 0.00
873,  0,  29.504,  0.98,  1, 0.00, 0.22, 1.46, 0.00, 0.00, 0.00, 0.01, 1.30, 0.85, 1.31, 0.00, 0.17, 0.00, 0.00, 0.22, 0.03, 0.46, 0.00, 0.00, 1.00, 0.00, 0.00, 0.00, 0.00, 1.00, 0.00, 1.00, 0.00, 0.00, 0.00, 0.00, 0.00, 0.00, 0.00, 0.00
874,  0,  29.538,  0.98,  1, 0.00, 0.25, 1.43, 0.00, 0.00, 0.00, 0.00, 1.25, 0.83, 1.31, 0.00, 0.14, 0.00, 0.01, 0.15, 0.01, 0.38, 0.00, 0.00, 1.00, 0.00, 0.00, 0.00, 0.00, 1.00, 0.00, 1.00, 0.00, 0.00, 0.00, 0.00, 0.00, 0.00, 0.00, 0.00
875,  0,  29.571,  0.98,  1, 0.00, 0.18, 1.50, 0.00, 0.00, 0.00, 0.01, 1.21, 0.77, 1.28, 0.00, 0.21, 0.00, 0.01, 0.08, 0.05, 0.44, 0.00, 0.00, 1.00, 0.00, 0.00, 0.00, 0.00, 1.00, 0.00, 1.00, 0.00, 0.00, 0.00, 0.00, 0.00, 0.00, 0.00, 0.00
876,  0,  29.605,  0.98,  1, 0.00, 0.16, 1.46, 0.00, 0.00, 0.00, 0.02, 1.19, 0.76, 1.35, 0.00, 0.31, 0.00, 0.05, 0.06, 0.14, 0.34, 0.00, 0.00, 1.00, 0.00, 0.00, 0.00, 0.00, 1.00, 0.00, 1.00, 0.00, 0.00, 0.00, 0.00, 0.00, 0.00, 0.00, 0.00
877,  0,  29.639,  0.98,  1, 0.00, 0.08, 1.46, 0.00, 0.00, 0.00, 0.02, 1.21, 0.75, 1.30, 0.00, 0.41, 0.00, 0.05, 0.10, 0.19, 0.44, 0.00, 0.00, 1.00, 0.00, 0.00, 0.00, 0.00, 1.00, 0.00, 1.00, 0.00, 0.00, 0.00, 0.00, 0.00, 0.00, 0.00, 0.00
878,  0,  29.673,  0.98,  1, 0.00, 0.17, 1.45, 0.00, 0.00, 0.00, 0.00, 1.24, 0.77, 1.36, 0.00, 0.49, 0.00, 0.06, 0.16, 0.23, 0.45, 0.00, 0.00, 1.00, 0.00, 0.00, 0.00, 0.00, 1.00, 0.00, 1.00, 0.00, 0.00, 0.00, 0.00, 0.00, 0.00, 0.00, 0.00
879,  0,  29.707,  0.98,  1, 0.00, 0.16, 1.48, 0.00, 0.00, 0.00, 0.00, 1.28, 0.76, 1.28, 0.00, 0.43, 0.00, 0.02, 0.22, 0.18, 0.48, 0.00, 0.00, 1.00, 0.00, 0.00, 0.00, 0.00, 1.00, 0.00, 1.00, 0.00, 0.00, 0.00, 0.00, 0.00, 0.00, 0.00, 0.00
880,  0,  29.741,  0.98,  1, 0.00, 0.23, 1.47, 0.00, 0.00, 0.00, 0.03, 1.37, 0.80, 1.32, 0.00, 0.37, 0.00, 0.01, 0.22, 0.19, 0.40, 0.00, 0.00, 1.00, 0.00, 0.00, 0.00, 0.00, 1.00, 0.00, 1.00, 0.00, 0.00, 0.00, 0.00, 0.00, 0.00, 0.00, 0.00
881,  0,  29.774,  0.98,  1, 0.00, 0.20, 1.51, 0.00, 0.00, 0.00, 0.07, 1.42, 0.83, 1.26, 0.00, 0.28, 0.00, 0.00, 0.14, 0.16, 0.38, 0.00, 0.00, 1.00, 0.00, 0.00, 0.00, 0.00, 1.00, 0.00, 1.00, 0.00, 0.00, 0.00, 0.00, 0.00, 0.00, 0.00, 0.00
882,  0,  29.808,  0.98,  1, 0.00, 0.19, 1.50, 0.00, 0.00, 0.00, 0.07, 1.47, 0.87, 1.27, 0.00, 0.22, 0.00, 0.02, 0.14, 0.18, 0.40, 0.00, 0.00, 1.00, 0.00, 0.00, 0.00, 0.00, 1.00, 0.00, 1.00, 0.00, 0.00, 0.00, 0.00, 0.00, 0.00, 0.00, 0.00
883,  0,  29.842,  0.98,  1, 0.00, 0.17, 1.52, 0.00, 0.00, 0.00, 0.04, 1.44, 0.86, 1.26, 0.00, 0.20, 0.00, 0.02, 0.08, 0.11, 0.45, 0.00, 0.00, 1.00, 0.00, 0.00, 0.00, 0.00, 1.00, 0.00, 1.00, 0.00, 0.00, 0.00, 0.00, 0.00, 0.00, 0.00, 0.00
884,  0,  29.876,  0.98,  1, 0.00, 0.09, 1.49, 0.00, 0.00, 0.00, 0.00, 1.44, 0.85, 1.27, 0.00, 0.17, 0.00, 0.02, 0.06, 0.07, 0.37, 0.00, 0.00, 1.00, 0.00, 0.00, 0.00, 0.00, 1.00, 0.00, 1.00, 0.00, 0.00, 0.00, 0.00, 0.00, 0.00, 0.00, 0.00
885,  0,  29.910,  0.98,  1, 0.00, 0.07, 1.48, 0.00, 0.00, 0.00, 0.00, 1.43, 0.84, 1.24, 0.00, 0.23, 0.00, 0.03, 0.03, 0.00, 0.31, 0.00, 0.00, 1.00, 0.00, 0.00, 0.00, 0.00, 1.00, 0.00, 1.00, 0.00, 0.00, 0.00, 0.00, 0.00, 0.00, 0.00, 0.00
886,  0,  29.944,  0.98,  1, 0.00, 0.01, 1.38, 0.00, 0.00, 0.00, 0.00, 1.44, 0.82, 1.26, 0.00, 0.25, 0.00, 0.03, 0.14, 0.00, 0.20, 0.00, 0.00, 1.00, 0.00, 0.00, 0.00, 0.00, 1.00, 0.00, 1.00, 0.00, 0.00, 0.00, 0.00, 0.00, 0.00, 0.00, 0.00
887,  0,  29.977,  0.98,  1, 0.00, 0.01, 1.24, 0.00, 0.00, 0.00, 0.00, 1.40, 0.80, 1.24, 0.00, 0.21, 0.00, 0.06, 0.20, 0.00, 0.13, 0.00, 0.00, 1.00, 0.00, 0.00, 0.00, 0.00, 1.00, 0.00, 1.00, 0.00, 0.00, 0.00, 0.00, 0.00, 0.00, 0.00, 0.00
888,  0,  30.011,  0.98,  1, 0.00, 0.04, 1.18, 0.00, 0.00, 0.00, 0.00, 1.40, 0.80, 1.31, 0.00, 0.14, 0.00, 0.04, 0.26, 0.01, 0.11, 0.00, 0.00, 1.00, 0.00, 0.00, 0.00, 0.00, 1.00, 0.00, 1.00, 0.00, 0.00, 0.00, 0.00, 0.00, 0.00, 0.00, 0.00
889,  0,  30.045,  0.98,  1, 0.00, 0.04, 1.20, 0.00, 0.00, 0.00, 0.00, 1.42, 0.82, 1.37, 0.00, 0.09, 0.00, 0.04, 0.25, 0.09, 0.10, 0.00, 0.00, 1.00, 0.00, 0.00, 0.00, 0.00, 1.00, 0.00, 1.00, 0.00, 0.00, 0.00, 0.00, 0.00, 0.00, 0.00, 0.00
890,  0,  30.079,  0.98,  1, 0.00, 0.05, 1.26, 0.00, 0.00, 0.00, 0.00, 1.44, 0.85, 1.42, 0.00, 0.13, 0.00, 0.04, 0.27, 0.10, 0.10, 0.00, 0.00, 1.00, 0.00, 0.00, 0.00, 0.00, 1.00, 0.00, 1.00, 0.00, 0.00, 0.00, 0.00, 0.00, 0.00, 0.00, 0.00
891,  0,  30.113,  0.98,  1, 0.00, 0.01, 1.26, 0.00, 0.00, 0.00, 0.00, 1.40, 0.87, 1.40, 0.00, 0.15, 0.00, 0.03, 0.25, 0.16, 0.08, 0.00, 0.00, 1.00, 0.00, 0.00, 0.00, 0.00, 1.00, 0.00, 1.00, 0.00, 0.00, 0.00, 0.00, 0.00, 0.00, 0.00, 0.00
892,  0,  30.147,  0.98,  1, 0.02, 0.04, 1.25, 0.00, 0.00, 0.00, 0.00, 1.37, 0.88, 1.35, 0.00, 0.23, 0.00, 0.03, 0.14, 0.08, 0.03, 0.00, 0.00, 1.00, 0.00, 0.00, 0.00, 0.00, 1.00, 0.00, 1.00, 0.00, 0.00, 0.00, 0.00, 0.00, 0.00, 0.00, 0.00
893,  0,  30.180,  0.98,  1, 0.02, 0.03, 1.24, 0.00, 0.00, 0.00, 0.00, 1.32, 0.88, 1.33, 0.00, 0.23, 0.00, 0.04, 0.07, 0.11, 0.05, 0.00, 0.00, 1.00, 0.00, 0.00, 0.00, 0.00, 1.00, 0.00, 1.00, 0.00, 0.00, 0.00, 0.00, 0.00, 0.00, 0.00, 0.00
894,  0,  30.214,  0.98,  1, 0.02, 0.03, 1.24, 0.00, 0.00, 0.00, 0.00, 1.36, 0.87, 1.26, 0.00, 0.24, 0.00, 0.04, 0.02, 0.15, 0.01, 0.00, 0.00, 1.00, 0.00, 0.00, 0.00, 0.00, 1.00, 0.00, 1.00, 0.00, 0.00, 0.00, 0.00, 0.00, 0.00, 0.00, 0.00
895,  0,  30.248,  0.98,  1, 0.00, 0.00, 1.28, 0.00, 0.00, 0.00, 0.00, 1.35, 0.86, 1.24, 0.00, 0.21, 0.00, 0.04, 0.03, 0.22, 0.02, 0.00, 0.00, 1.00, 0.00, 0.00, 0.00, 0.00, 0.00, 0.00, 1.00, 0.00, 0.00, 0.00, 0.00, 0.00, 0.00, 0.00, 0.00
896,  0,  30.282,  0.98,  1, 0.00, 0.00, 1.32, 0.00, 0.00, 0.00, 0.00, 1.42, 0.84, 1.28, 0.00, 0.19, 0.00, 0.00, 0.09, 0.26, 0.06, 0.00, 0.00, 1.00, 0.00, 0.00, 0.00, 0.00, 0.00, 0.00, 1.00, 0.00, 0.00, 0.00, 0.00, 0.00, 0.00, 0.00, 0.00
897,  0,  30.316,  0.98,  1, 0.00, 0.00, 1.31, 0.00, 0.00, 0.00, 0.00, 1.38, 0.82, 1.30, 0.00, 0.12, 0.00, 0.02, 0.09, 0.27, 0.06, 0.00, 0.00, 1.00, 0.00, 0.00, 0.00, 0.00, 0.00, 0.00, 1.00, 0.00, 0.00, 0.00, 0.00, 0.00, 0.00, 0.00, 0.00
898,  0,  30.350,  0.98,  1, 0.00, 0.07, 1.24, 0.00, 0.00, 0.00, 0.00, 1.40, 0.87, 1.30, 0.00, 0.08, 0.00, 0.03, 0.08, 0.26, 0.05, 0.00, 0.00, 1.00, 0.00, 0.00, 0.00, 0.00, 0.00, 0.00, 1.00, 0.00, 0.00, 0.00, 0.00, 0.00, 0.00, 0.00, 0.00
899,  0,  30.384,  0.98,  1, 0.00, 0.07, 1.29, 0.00, 0.00, 0.00, 0.03, 1.39, 0.89, 1.25, 0.00, 0.04, 0.00, 0.03, 0.02, 0.24, 0.05, 0.00, 0.00, 1.00, 0.00, 0.00, 0.00, 0.00, 0.00, 0.00, 1.00, 0.00, 0.00, 0.00, 0.00, 0.00, 0.00, 0.00, 0.00
900,  0,  30.417,  0.98,  1, 0.00, 0.07, 1.31, 0.00, 0.00, 0.00, 0.03, 1.33, 0.88, 1.23, 0.00, 0.06, 0.00, 0.01, 0.02, 0.11, 0.05, 0.00, 0.00, 1.00, 0.00, 0.00, 0.00, 0.00, 0.00, 0.00, 1.00, 0.00, 0.00, 0.00, 0.00, 0.00, 0.00, 0.00, 0.00
901,  0,  30.451,  0.98,  1, 0.00, 0.00, 1.33, 0.00, 0.00, 0.00, 0.03, 1.32, 0.83, 1.19, 0.00, 0.12, 0.00, 0.00, 0.02, 0.06, 0.05, 0.00, 0.00, 1.00, 0.00, 0.00, 0.00, 0.00, 0.00, 0.00, 1.00, 0.00, 0.00, 0.00, 0.00, 0.00, 0.00, 0.00, 0.00
902,  0,  30.485,  0.98,  1, 0.00, 0.00, 1.27, 0.00, 0.00, 0.00, 0.00, 1.30, 0.80, 1.19, 0.00, 0.15, 0.00, 0.00, 0.02, 0.00, 0.00, 0.00, 0.00, 1.00, 0.00, 0.00, 0.00, 0.00, 0.00, 0.00, 1.00, 0.00, 0.00, 0.00, 0.00, 0.00, 0.00, 0.00, 0.00
903,  0,  30.519,  0.98,  1, 0.00, 0.00, 1.26, 0.00, 0.00, 0.00, 0.00, 1.34, 0.79, 1.20, 0.00, 0.16, 0.00, 0.01, 0.02, 0.00, 0.02, 0.00, 0.00, 1.00, 0.00, 0.00, 0.00, 0.00, 1.00, 0.00, 1.00, 0.00, 0.00, 0.00, 0.00, 0.00, 0.00, 0.00, 0.00
904,  0,  30.553,  0.98,  1, 0.00, 0.00, 1.24, 0.00, 0.00, 0.00, 0.00, 1.31, 0.80, 1.21, 0.00, 0.11, 0.00, 0.01, 0.05, 0.00, 0.02, 0.00, 0.00, 1.00, 0.00, 0.00, 0.00, 0.00, 1.00, 0.00, 1.00, 0.00, 0.00, 0.00, 0.00, 0.00, 0.00, 0.00, 0.00
905,  0,  30.587,  0.98,  1, 0.00, 0.00, 1.21, 0.00, 0.00, 0.00, 0.00, 1.31, 0.80, 1.16, 0.00, 0.12, 0.00, 0.01, 0.05, 0.00, 0.12, 0.00, 0.00, 1.00, 0.00, 0.00, 0.00, 0.00, 1.00, 0.00, 1.00, 0.00, 0.00, 0.00, 0.00, 0.00, 0.00, 0.00, 0.00
906,  0,  30.620,  0.98,  1, 0.00, 0.05, 1.24, 0.00, 0.00, 0.00, 0.00, 1.31, 0.81, 1.21, 0.00, 0.20, 0.00, 0.02, 0.04, 0.00, 0.13, 0.00, 0.00, 1.00, 0.00, 0.00, 0.00, 0.00, 0.00, 0.00, 1.00, 0.00, 0.00, 0.00, 0.00, 0.00, 0.00, 0.00, 0.00
907,  0,  30.654,  0.98,  1, 0.00, 0.05, 1.27, 0.02, 0.00, 0.00, 0.00, 1.30, 0.84, 1.22, 0.00, 0.20, 0.00, 0.02, 0.01, 0.00, 0.17, 0.00, 0.00, 1.00, 0.00, 0.00, 0.00, 0.00, 0.00, 0.00, 1.00, 0.00, 0.00, 0.00, 0.00, 0.00, 0.00, 0.00, 0.00
908,  0,  30.688,  0.98,  1, 0.00, 0.05, 1.26, 0.02, 0.00, 0.00, 0.00, 1.26, 0.85, 1.32, 0.00, 0.19, 0.00, 0.02, 0.07, 0.05, 0.07, 0.00, 0.00, 1.00, 0.00, 0.00, 0.00, 0.00, 0.00, 0.00, 1.00, 0.00, 0.00, 0.00, 0.00, 0.00, 0.00, 0.00, 0.00
909,  0,  30.722,  0.98,  1, 0.00, 0.00, 1.18, 0.02, 0.00, 0.00, 0.00, 1.24, 0.87, 1.30, 0.00, 0.10, 0.00, 0.00, 0.11, 0.07, 0.04, 0.00, 0.00, 1.00, 0.00, 0.00, 0.00, 0.00, 0.00, 0.00, 1.00, 0.00, 0.00, 0.00, 0.00, 0.00, 0.00, 0.00, 0.00
910,  0,  30.756,  0.98,  1, 0.03, 0.00, 1.21, 0.08, 0.00, 0.00, 0.00, 1.20, 0.85, 1.34, 0.00, 0.12, 0.00, 0.01, 0.11, 0.08, 0.00, 0.00, 0.00, 1.00, 0.00, 0.00, 0.00, 0.00, 0.00, 0.00, 1.00, 0.00, 0.00, 0.00, 0.00, 0.00, 0.00, 0.00, 0.00
911,  0,  30.790,  0.98,  1, 0.03, 0.00, 1.27, 0.08, 0.00, 0.00, 0.00, 1.20, 0.87, 1.32, 0.02, 0.16, 0.00, 0.05, 0.05, 0.04, 0.00, 0.00, 0.00, 1.00, 0.00, 0.00, 0.00, 0.00, 0.00, 0.00, 1.00, 0.00, 0.00, 0.00, 0.00, 0.00, 0.00, 0.00, 0.00
912,  0,  30.823,  0.98,  1, 0.03, 0.00, 1.32, 0.08, 0.00, 0.00, 0.00, 1.22, 0.87, 1.36, 0.06, 0.18, 0.00, 0.05, 0.01, 0.01, 0.00, 0.00, 0.00, 1.00, 0.00, 0.00, 0.00, 0.00, 0.00, 0.00, 1.00, 0.00, 0.00, 0.00, 0.00, 0.00, 0.00, 0.00, 0.00
913,  0,  30.857,  0.98,  1, 0.04, 0.01, 1.31, 0.02, 0.00, 0.00, 0.00, 1.24, 0.85, 1.33, 0.06, 0.21, 0.00, 0.04, 0.00, 0.00, 0.00, 0.00, 0.00, 1.00, 0.00, 0.00, 0.00, 0.00, 0.00, 0.00, 1.00, 0.00, 0.00, 0.00, 0.00, 0.00, 0.00, 0.00, 0.00
914,  0,  30.891,  0.98,  1, 0.06, 0.08, 1.31, 0.02, 0.00, 0.00, 0.00, 1.23, 0.84, 1.29, 0.03, 0.19, 0.00, 0.00, 0.00, 0.00, 0.00, 0.00, 0.00, 1.00, 0.00, 0.00, 0.00, 0.00, 0.00, 0.00, 1.00, 0.00, 0.00, 0.00, 0.00, 0.00, 0.00, 0.00, 0.00
915,  0,  30.925,  0.98,  1, 0.07, 0.10, 1.35, 0.05, 0.00, 0.00, 0.00, 1.19, 0.82, 1.21, 0.00, 0.15, 0.00, 0.00, 0.03, 0.00, 0.00, 0.00, 0.00, 1.00, 0.00, 0.00, 0.00, 0.00, 0.00, 0.00, 1.00, 0.00, 0.00, 0.00, 0.00, 0.00, 0.00, 0.00, 0.00
916,  0,  30.959,  0.98,  1, 0.03, 0.09, 1.32, 0.03, 0.00, 0.00, 0.00, 1.18, 0.82, 1.24, 0.00, 0.10, 0.00, 0.01, 0.06, 0.09, 0.00, 0.00, 0.00, 1.00, 0.00, 0.00, 0.00, 0.00, 0.00, 0.00, 1.00, 0.00, 0.00, 0.00, 0.00, 0.00, 0.00, 0.00, 0.00
917,  0,  30.993,  0.98,  1, 0.02, 0.02, 1.33, 0.03, 0.00, 0.00, 0.00, 1.21, 0.83, 1.21, 0.00, 0.08, 0.00, 0.01, 0.06, 0.14, 0.00, 0.00, 0.00, 1.00, 0.00, 0.00, 0.00, 0.00, 0.00, 0.00, 1.00, 0.00, 0.00, 0.00, 0.00, 0.00, 0.00, 0.00, 0.00
918,  0,  31.026,  0.98,  1, 0.02, 0.01, 1.30, 0.01, 0.00, 0.00, 0.00, 1.20, 0.86, 1.24, 0.00, 0.06, 0.00, 0.01, 0.17, 0.18, 0.00, 0.00, 0.00, 1.00, 0.00, 0.00, 0.00, 0.00, 0.00, 0.00, 1.00, 0.00, 0.00, 0.00, 0.00, 0.00, 0.00, 0.00, 0.00
919,  0,  31.060,  0.98,  1, 0.02, 0.01, 1.26, 0.01, 0.00, 0.00, 0.00, 1.19, 0.87, 1.18, 0.00, 0.05, 0.00, 0.01, 0.19, 0.17, 0.00, 0.00, 0.00, 1.00, 0.00, 0.00, 0.00, 0.00, 0.00, 0.00, 1.00, 0.00, 0.00, 0.00, 0.00, 0.00, 0.00, 0.00, 0.00
920,  0,  31.094,  0.98,  1, 0.04, 0.14, 1.21, 0.00, 0.00, 0.00, 0.00, 1.18, 0.88, 1.27, 0.00, 0.02, 0.00, 0.01, 0.29, 0.11, 0.00, 0.00, 0.00, 1.00, 0.00, 0.00, 0.00, 0.00, 0.00, 0.00, 1.00, 0.00, 0.00, 0.00, 0.00, 0.00, 0.00, 0.00, 0.00
921,  0,  31.128,  0.98,  1, 0.02, 0.13, 1.16, 0.00, 0.00, 0.00, 0.00, 1.12, 0.87, 1.24, 0.00, 0.03, 0.00, 0.04, 0.25, 0.10, 0.00, 0.00, 0.00, 1.00, 0.00, 0.00, 0.00, 0.00, 0.00, 0.00, 1.00, 0.00, 0.00, 0.00, 0.00, 0.00, 0.00, 0.00, 0.00
922,  0,  31.162,  0.98,  1, 0.02, 0.13, 1.17, 0.00, 0.00, 0.00, 0.00, 1.09, 0.86, 1.27, 0.00, 0.05, 0.00, 0.07, 0.24, 0.08, 0.00, 0.00, 0.00, 1.00, 0.00, 0.00, 0.00, 0.00, 0.00, 0.00, 1.00, 0.00, 0.00, 0.00, 0.00, 0.00, 0.00, 0.00, 0.00
923,  0,  31.196,  0.98,  1, 0.00, 0.00, 1.13, 0.00, 0.00, 0.00, 0.00, 1.05, 0.81, 1.17, 0.00, 0.14, 0.00, 0.08, 0.26, 0.12, 0.00, 0.00, 0.00, 1.00, 0.00, 0.00, 0.00, 0.00, 0.00, 0.00, 1.00, 0.00, 0.00, 0.00, 0.00, 0.00, 0.00, 0.00, 0.00
924,  0,  31.229,  0.98,  1, 0.00, 0.10, 1.16, 0.00, 0.00, 0.00, 0.00, 1.04, 0.82, 1.22, 0.00, 0.25, 0.00, 0.12, 0.23, 0.13, 0.00, 0.00, 0.00, 1.00, 0.00, 0.00, 0.00, 0.00, 0.00, 0.00, 1.00, 0.00, 0.00, 0.00, 0.00, 0.00, 0.00, 0.00, 0.00
925,  0,  31.263,  0.98,  1, 0.00, 0.16, 1.23, 0.00, 0.00, 0.00, 0.00, 1.13, 0.82, 1.30, 0.00, 0.31, 0.00, 0.12, 0.29, 0.14, 0.00, 0.00, 0.00, 1.00, 0.00, 0.00, 0.00, 0.00, 0.00, 0.00, 1.00, 0.00, 0.00, 0.00, 0.00, 0.00, 0.00, 0.00, 0.00
926,  0,  31.297,  0.98,  1, 0.00, 0.21, 1.32, 0.00, 0.00, 0.00, 0.00, 1.20, 0.89, 1.43, 0.00, 0.40, 0.00, 0.15, 0.19, 0.20, 0.00, 0.00, 0.00, 1.00, 0.00, 0.00, 0.00, 0.00, 0.00, 0.00, 1.00, 0.00, 0.00, 0.00, 0.00, 0.00, 0.00, 0.00, 0.00
927,  0,  31.331,  0.98,  1, 0.00, 0.14, 1.42, 0.00, 0.00, 0.00, 0.00, 1.28, 0.86, 1.45, 0.00, 0.37, 0.00, 0.08, 0.25, 0.18, 0.00, 0.00, 0.00, 1.00, 0.00, 0.00, 0.00, 0.00, 0.00, 0.00, 1.00, 0.00, 0.00, 0.00, 0.00, 0.00, 0.00, 0.00, 0.00
928,  0,  31.365,  0.98,  1, 0.00, 0.21, 1.42, 0.00, 0.00, 0.00, 0.00, 1.30, 0.88, 1.34, 0.00, 0.35, 0.00, 0.09, 0.28, 0.22, 0.00, 0.00, 0.00, 1.00, 0.00, 0.00, 0.00, 0.00, 0.00, 0.00, 1.00, 0.00, 0.00, 0.00, 0.00, 0.00, 0.00, 0.00, 0.00
929,  0,  31.399,  0.98,  1, 0.00, 0.38, 1.40, 0.00, 0.00, 0.00, 0.00, 1.34, 0.88, 1.28, 0.00, 0.31, 0.00, 0.07, 0.31, 0.22, 0.00, 0.00, 0.00, 1.00, 0.00, 0.00, 0.00, 0.00, 0.00, 0.00, 1.00, 0.00, 0.00, 0.00, 0.00, 0.00, 0.00, 0.00, 0.00
930,  0,  31.432,  0.98,  1, 0.00, 0.46, 1.40, 0.00, 0.00, 0.00, 0.00, 1.37, 0.90, 1.36, 0.00, 0.34, 0.00, 0.07, 0.25, 0.29, 0.00, 0.00, 0.00, 1.00, 0.00, 0.00, 0.00, 0.00, 0.00, 0.00, 1.00, 0.00, 0.00, 0.00, 0.00, 0.00, 0.00, 0.00, 0.00
931,  0,  31.466,  0.98,  1, 0.00, 0.40, 1.40, 0.00, 0.00, 0.00, 0.00, 1.33, 0.89, 1.39, 0.00, 0.39, 0.00, 0.03, 0.19, 0.33, 0.00, 0.00, 0.00, 1.00, 0.00, 0.00, 0.00, 0.00, 0.00, 0.00, 1.00, 0.00, 0.00, 0.00, 0.00, 0.00, 0.00, 0.00, 0.00
932,  0,  31.500,  0.98,  1, 0.00, 0.29, 1.38, 0.03, 0.00, 0.00, 0.00, 1.24, 0.89, 1.36, 0.00, 0.39, 0.00, 0.00, 0.23, 0.35, 0.00, 0.00, 0.00, 1.00, 0.00, 0.00, 0.00, 0.00, 0.00, 0.00, 1.00, 0.00, 0.00, 0.00, 0.00, 0.00, 0.00, 0.00, 0.00
933,  0,  31.534,  0.98,  1, 0.00, 0.18, 1.31, 0.03, 0.00, 0.00, 0.00, 1.18, 0.88, 1.26, 0.00, 0.31, 0.00, 0.00, 0.25, 0.34, 0.00, 0.00, 0.00, 1.00, 0.00, 0.00, 0.00, 0.00, 0.00, 0.00, 1.00, 0.00, 0.00, 0.00, 0.00, 0.00, 0.00, 0.00, 0.00
934,  0,  31.568,  0.98,  1, 0.00, 0.18, 1.35, 0.03, 0.00, 0.00, 0.00, 1.23, 0.88, 1.26, 0.00, 0.28, 0.00, 0.00, 0.26, 0.27, 0.00, 0.00, 0.00, 1.00, 0.00, 0.00, 0.00, 0.00, 0.00, 0.00, 1.00, 0.00, 0.00, 0.00, 0.00, 0.00, 0.00, 0.00, 0.00
935,  0,  31.602,  0.98,  1, 0.00, 0.10, 1.38, 0.00, 0.00, 0.00, 0.00, 1.22, 0.87, 1.30, 0.00, 0.27, 0.00, 0.02, 0.22, 0.22, 0.00, 0.00, 0.00, 1.00, 0.00, 0.00, 0.00, 0.00, 0.00, 0.00, 1.00, 0.00, 0.00, 0.00, 0.00, 0.00, 0.00, 0.00, 0.00
936,  0,  31.635,  0.98,  1, 0.00, 0.22, 1.45, 0.03, 0.00, 0.00, 0.00, 1.22, 0.87, 1.33, 0.00, 0.24, 0.00, 0.02, 0.26, 0.23, 0.00, 0.00, 0.00, 1.00, 0.00, 0.00, 0.00, 0.00, 0.00, 0.00, 1.00, 0.00, 0.00, 0.00, 0.00, 0.00, 0.00, 0.00, 0.00
937,  0,  31.669,  0.98,  1, 0.00, 0.22, 1.45, 0.03, 0.00, 0.00, 0.00, 1.19, 0.85, 1.35, 0.00, 0.21, 0.00, 0.02, 0.31, 0.32, 0.00, 0.00, 0.00, 1.00, 0.00, 0.00, 0.00, 0.00, 0.00, 0.00, 1.00, 0.00, 0.00, 0.00, 0.00, 0.00, 0.00, 0.00, 0.00
938,  0,  31.703,  0.98,  1, 0.02, 0.29, 1.43, 0.03, 0.00, 0.00, 0.00, 1.24, 0.83, 1.37, 0.00, 0.21, 0.00, 0.01, 0.33, 0.35, 0.00, 0.00, 0.00, 1.00, 0.00, 0.00, 0.00, 0.00, 0.00, 0.00, 1.00, 0.00, 0.00, 0.00, 0.00, 0.00, 0.00, 0.00, 0.00
939,  0,  31.737,  0.98,  1, 0.02, 0.30, 1.40, 0.00, 0.00, 0.00, 0.00, 1.26, 0.86, 1.39, 0.00, 0.29, 0.00, 0.02, 0.27, 0.40, 0.00, 0.00, 0.00, 1.00, 0.00, 0.00, 0.00, 0.00, 0.00, 0.00, 1.00, 0.00, 0.00, 0.00, 0.00, 0.00, 0.00, 0.00, 0.00
940,  0,  31.771,  0.98,  1, 0.02, 0.31, 1.34, 0.00, 0.00, 0.00, 0.00, 1.29, 0.89, 1.42, 0.00, 0.29, 0.00, 0.02, 0.20, 0.39, 0.00, 0.00, 0.00, 1.00, 0.00, 0.00, 0.00, 0.00, 0.00, 0.00, 1.00, 0.00, 0.00, 0.00, 0.00, 0.00, 0.00, 0.00, 0.00
941,  0,  31.805,  0.98,  1, 0.00, 0.22, 1.37, 0.00, 0.00, 0.00, 0.00, 1.31, 0.92, 1.41, 0.00, 0.20, 0.00, 0.01, 0.14, 0.38, 0.00, 0.00, 0.00, 1.00, 0.00, 0.00, 0.00, 0.00, 1.00, 0.00, 1.00, 0.00, 0.00, 0.00, 0.00, 0.00, 0.00, 0.00, 0.00
942,  0,  31.838,  0.98,  1, 0.00, 0.14, 1.34, 0.00, 0.00, 0.00, 0.00, 1.39, 0.95, 1.36, 0.00, 0.21, 0.00, 0.00, 0.13, 0.38, 0.00, 0.00, 0.00, 1.00, 0.00, 0.00, 0.00, 0.00, 1.00, 0.00, 1.00, 0.00, 0.00, 0.00, 0.00, 0.00, 0.00, 0.00, 0.00
943,  0,  31.872,  0.98,  1, 0.00, 0.08, 1.38, 0.00, 0.00, 0.00, 0.00, 1.41, 0.94, 1.30, 0.00, 0.26, 0.00, 0.00, 0.08, 0.38, 0.00, 0.00, 0.00, 1.00, 0.00, 0.00, 0.00, 0.00, 1.00, 0.00, 1.00, 0.00, 0.00, 0.00, 0.00, 0.00, 0.00, 0.00, 0.00
944,  0,  31.906,  0.98,  1, 0.00, 0.05, 1.36, 0.00, 0.00, 0.00, 0.00, 1.41, 0.97, 1.25, 0.00, 0.35, 0.00, 0.00, 0.08, 0.47, 0.00, 0.00, 0.00, 1.00, 0.00, 0.00, 0.00, 0.00, 1.00, 0.00, 1.00, 0.00, 0.00, 0.00, 0.00, 0.00, 0.00, 0.00, 0.00
945,  0,  31.940,  0.98,  1, 0.00, 0.00, 1.38, 0.00, 0.00, 0.00, 0.00, 1.41, 0.95, 1.23, 0.00, 0.36, 0.00, 0.00, 0.14, 0.65, 0.00, 0.00, 0.00, 1.00, 0.00, 0.00, 0.00, 0.00, 1.00, 0.00, 1.00, 0.00, 0.00, 0.00, 0.00, 0.00, 0.00, 0.00, 0.00
946,  0,  31.974,  0.98,  1, 0.00, 0.00, 1.33, 0.00, 0.00, 0.00, 0.00, 1.43, 1.02, 1.17, 0.00, 0.31, 0.00, 0.00, 0.17, 0.78, 0.00, 0.00, 0.00, 1.00, 0.00, 0.00, 0.00, 0.00, 1.00, 0.00, 1.00, 0.00, 0.00, 0.00, 0.00, 0.00, 0.00, 0.00, 0.00
947,  0,  32.008,  0.98,  1, 0.00, 0.00, 1.35, 0.00, 0.00, 0.00, 0.00, 1.44, 1.01, 1.22, 0.00, 0.35, 0.00, 0.00, 0.26, 0.81, 0.00, 0.00, 0.00, 1.00, 0.00, 0.00, 0.00, 0.00, 1.00, 0.00, 1.00, 0.00, 0.00, 0.00, 0.00, 0.00, 0.00, 0.00, 0.00
948,  0,  32.041,  0.98,  1, 0.00, 0.00, 1.35, 0.00, 0.00, 0.00, 0.00, 1.44, 1.01, 1.20, 0.00, 0.40, 0.00, 0.00, 0.29, 0.73, 0.00, 0.00, 0.00, 1.00, 0.00, 0.00, 0.00, 0.00, 1.00, 0.00, 1.00, 0.00, 0.00, 0.00, 0.00, 0.00, 0.00, 0.00, 0.00
949,  0,  32.075,  0.98,  1, 0.00, 0.00, 1.31, 0.00, 0.00, 0.00, 0.00, 1.44, 0.97, 1.20, 0.00, 0.38, 0.00, 0.00, 0.40, 0.77, 0.02, 0.00, 0.00, 1.00, 0.00, 0.00, 0.00, 0.00, 1.00, 0.00, 1.00, 0.00, 0.00, 0.00, 0.00, 1.00, 0.00, 0.00, 0.00
950,  0,  32.109,  0.98,  1, 0.00, 0.00, 1.32, 0.00, 0.00, 0.00, 0.00, 1.46, 0.97, 1.20, 0.00, 0.39, 0.00, 0.00, 0.39, 0.80, 0.08, 0.00, 0.00, 1.00, 0.00, 0.00, 0.00, 0.00, 1.00, 0.00, 1.00, 0.00, 0.00, 0.00, 0.00, 1.00, 0.00, 0.00, 0.00
951,  0,  32.143,  0.98,  1, 0.00, 0.00, 1.34, 0.00, 0.00, 0.00, 0.00, 1.44, 0.97, 1.33, 0.00, 0.40, 0.01, 0.00, 0.43, 0.78, 0.19, 0.00, 0.00, 1.00, 0.00, 0.00, 0.00, 0.00, 1.00, 0.00, 1.00, 0.00, 0.00, 0.00, 0.00, 1.00, 0.00, 0.00, 0.00
952,  0,  32.177,  0.98,  1, 0.00, 0.00, 1.43, 0.00, 0.00, 0.00, 0.00, 1.37, 0.95, 1.37, 0.00, 0.44, 0.06, 0.00, 0.47, 0.75, 0.18, 0.00, 0.00, 1.00, 0.00, 0.00, 0.00, 0.00, 1.00, 0.00, 1.00, 0.00, 0.00, 0.00, 0.00, 1.00, 0.00, 0.00, 0.00
953,  0,  32.211,  0.98,  1, 0.00, 0.00, 1.41, 0.00, 0.00, 0.00, 0.00, 1.36, 0.90, 1.30, 0.00, 0.43, 0.15, 0.00, 0.57, 0.71, 0.21, 0.00, 0.00, 1.00, 0.00, 0.00, 0.00, 0.00, 1.00, 0.00, 1.00, 0.00, 0.00, 0.00, 0.00, 1.00, 0.00, 0.00, 0.00
954,  0,  32.244,  0.98,  1, 0.00, 0.00, 1.37, 0.00, 0.00, 0.00, 0.00, 1.41, 0.88, 1.18, 0.00, 0.33, 0.17, 0.00, 0.53, 0.78, 0.16, 0.00, 0.00, 1.00, 0.00, 0.00, 0.00, 0.00, 1.00, 0.00, 1.00, 0.00, 0.00, 0.00, 0.00, 1.00, 0.00, 0.00, 0.00
955,  0,  32.278,  0.98,  1, 0.00, 0.08, 1.33, 0.00, 0.00, 0.00, 0.00, 1.50, 0.83, 1.15, 0.00, 0.34, 0.16, 0.00, 0.49, 0.82, 0.17, 0.00, 0.00, 1.00, 0.00, 0.00, 0.00, 0.00, 1.00, 0.00, 1.00, 0.00, 0.00, 0.00, 0.00, 1.00, 0.00, 0.00, 0.00
956,  0,  32.312,  0.98,  1, 0.00, 0.08, 1.35, 0.00, 0.00, 0.00, 0.00, 1.50, 0.80, 1.19, 0.00, 0.25, 0.08, 0.00, 0.42, 0.87, 0.07, 0.00, 0.00, 1.00, 0.00, 0.00, 0.00, 0.00, 1.00, 0.00, 1.00, 0.00, 0.00, 0.00, 0.00, 1.00, 1.00, 0.00, 0.00
957,  0,  32.346,  0.98,  1, 0.02, 0.12, 1.33, 0.00, 0.00, 0.00, 0.00, 1.53, 0.78, 1.21, 0.00, 0.27, 0.05, 0.00, 0.40, 0.86, 0.16, 0.00, 0.00, 1.00, 0.00, 0.00, 0.00, 0.00, 1.00, 0.00, 1.00, 0.00, 0.00, 0.00, 0.00, 1.00, 1.00, 0.00, 0.00
958,  0,  32.380,  0.98,  1, 0.02, 0.08, 1.34, 0.04, 0.00, 0.00, 0.00, 1.55, 0.79, 1.27, 0.00, 0.26, 0.01, 0.00, 0.40, 0.81, 0.24, 0.00, 0.00, 1.00, 0.00, 0.00, 0.00, 0.00, 1.00, 0.00, 1.00, 0.00, 0.00, 0.00, 0.00, 1.00, 1.00, 0.00, 0.00
959,  0,  32.414,  0.98,  1, 0.02, 0.16, 1.32, 0.04, 0.00, 0.00, 0.00, 1.56, 0.80, 1.32, 0.00, 0.26, 0.01, 0.00, 0.41, 0.81, 0.44, 0.00, 0.00, 1.00, 0.00, 0.00, 0.00, 0.00, 1.00, 0.00, 1.00, 0.00, 0.00, 0.00, 0.00, 1.00, 1.00, 0.00, 0.00
960,  0,  32.447,  0.98,  1, 0.00, 0.21, 1.37, 0.04, 0.00, 0.00, 0.00, 1.57, 0.85, 1.39, 0.00, 0.24, 0.03, 0.00, 0.46, 0.92, 0.44, 0.00, 0.00, 1.00, 0.00, 0.00, 0.00, 0.00, 1.00, 0.00, 1.00, 0.00, 0.00, 0.00, 0.00, 1.00, 1.00, 0.00, 0.00
961,  0,  32.481,  0.98,  1, 0.00, 0.27, 1.39, 0.00, 0.00, 0.00, 0.00, 1.59, 0.90, 1.37, 0.00, 0.18, 0.10, 0.00, 0.48, 0.93, 0.54, 0.00, 0.00, 1.00, 0.00, 0.00, 0.00, 0.00, 1.00, 0.00, 1.00, 0.00, 0.00, 0.00, 0.00, 1.00, 1.00, 0.00, 0.00
962,  0,  32.515,  0.98,  1, 0.00, 0.19, 1.45, 0.00, 0.00, 0.00, 0.00, 1.58, 0.94, 1.25, 0.00, 0.17, 0.14, 0.00, 0.52, 0.93, 0.45, 0.00, 0.00, 1.00, 0.00, 0.00, 0.00, 0.00, 1.00, 0.00, 1.00, 0.00, 0.00, 0.00, 0.00, 1.00, 1.00, 0.00, 0.00
963,  0,  32.549,  0.98,  1, 0.00, 0.16, 1.50, 0.00, 0.00, 0.00, 0.00, 1.48, 0.89, 1.24, 0.00, 0.15, 0.12, 0.00, 0.60, 0.84, 0.40, 0.00, 0.00, 1.00, 0.00, 0.00, 0.00, 0.00, 1.00, 0.00, 1.00, 0.00, 0.00, 0.00, 0.00, 1.00, 1.00, 0.00, 0.00
964,  0,  32.583,  0.98,  1, 0.00, 0.14, 1.55, 0.00, 0.00, 0.00, 0.00, 1.46, 0.86, 1.23, 0.00, 0.17, 0.04, 0.00, 0.67, 0.95, 0.24, 0.00, 0.00, 1.00, 0.00, 0.00, 0.00, 0.00, 1.00, 0.00, 1.00, 0.00, 0.00, 0.00, 0.00, 1.00, 1.00, 0.00, 0.00
965,  0,  32.617,  0.98,  1, 0.00, 0.18, 1.61, 0.00, 0.00, 0.00, 0.00, 1.45, 0.83, 1.27, 0.00, 0.13, 0.00, 0.00, 0.71, 1.02, 0.24, 0.00, 0.00, 1.00, 0.00, 0.00, 0.00, 0.00, 1.00, 0.00, 1.00, 0.00, 0.00, 0.00, 0.00, 1.00, 1.00, 0.00, 0.00
966,  0,  32.650,  0.98,  1, 0.00, 0.17, 1.60, 0.00, 0.00, 0.00, 0.00, 1.51, 0.82, 1.23, 0.00, 0.16, 0.00, 0.00, 0.73, 1.11, 0.24, 0.00, 0.00, 1.00, 0.00, 0.00, 0.00, 0.00, 1.00, 0.00, 1.00, 0.00, 0.00, 0.00, 0.00, 1.00, 1.00, 0.00, 0.00
967,  0,  32.684,  0.98,  1, 0.00, 0.14, 1.61, 0.00, 0.00, 0.00, 0.00, 1.49, 0.84, 1.26, 0.00, 0.17, 0.00, 0.00, 0.72, 1.02, 0.26, 0.00, 0.00, 1.00, 0.00, 0.00, 0.00, 0.00, 1.00, 0.00, 1.00, 0.00, 0.00, 0.00, 0.00, 1.00, 1.00, 0.00, 0.00
968,  0,  32.718,  0.98,  1, 0.00, 0.13, 1.61, 0.00, 0.00, 0.00, 0.00, 1.46, 0.83, 1.30, 0.00, 0.15, 0.00, 0.00, 0.81, 1.00, 0.29, 0.00, 0.00, 1.00, 0.00, 0.00, 0.00, 0.00, 1.00, 0.00, 1.00, 0.00, 0.00, 0.00, 0.00, 1.00, 1.00, 0.00, 0.00
969,  0,  32.752,  0.98,  1, 0.00, 0.08, 1.63, 0.00, 0.00, 0.00, 0.00, 1.43, 0.81, 1.29, 0.00, 0.13, 0.00, 0.00, 0.84, 1.02, 0.33, 0.00, 0.00, 1.00, 0.00, 0.00, 0.00, 0.00, 1.00, 0.00, 1.00, 0.00, 0.00, 0.00, 0.00, 1.00, 1.00, 0.00, 0.00
970,  0,  32.786,  0.98,  1, 0.00, 0.10, 1.69, 0.00, 0.00, 0.00, 0.00, 1.44, 0.78, 1.25, 0.00, 0.13, 0.00, 0.00, 0.83, 1.11, 0.36, 0.00, 0.00, 1.00, 0.00, 0.00, 0.00, 0.00, 1.00, 0.00, 1.00, 0.00, 0.00, 0.00, 0.00, 1.00, 1.00, 0.00, 0.00
971,  0,  32.820,  0.98,  1, 0.01, 0.10, 1.68, 0.00, 0.00, 0.00, 0.00, 1.51, 0.82, 1.29, 0.00, 0.24, 0.00, 0.00, 0.77, 1.19, 0.31, 0.00, 0.00, 1.00, 0.00, 0.00, 0.00, 0.00, 1.00, 0.00, 1.00, 0.00, 0.00, 0.00, 0.00, 1.00, 1.00, 0.00, 0.00
972,  0,  32.853,  0.98,  1, 0.07, 0.16, 1.67, 0.03, 0.00, 0.00, 0.00, 1.52, 0.89, 1.32, 0.00, 0.35, 0.00, 0.00, 0.64, 1.27, 0.59, 0.00, 0.00, 1.00, 0.00, 0.00, 0.00, 0.00, 1.00, 0.00, 1.00, 0.00, 0.00, 0.00, 0.00, 1.00, 1.00, 0.00, 1.00
973,  0,  32.887,  0.98,  1, 0.15, 0.19, 1.57, 0.03, 0.00, 0.00, 0.00, 1.60, 0.93, 1.43, 0.00, 0.45, 0.00, 0.00, 0.63, 1.23, 1.16, 0.00, 0.00, 1.00, 0.00, 0.00, 0.00, 0.00, 1.00, 0.00, 1.00, 0.00, 0.00, 0.00, 0.00, 1.00, 1.00, 0.00, 1.00
974,  0,  32.921,  0.98,  1, 0.23, 0.22, 1.58, 0.03, 0.00, 0.00, 0.00, 1.62, 0.91, 1.49, 0.00, 0.46, 0.00, 0.00, 0.59, 1.26, 1.64, 0.00, 0.00, 1.00, 0.00, 0.00, 0.00, 0.00, 1.00, 0.00, 1.00, 0.00, 0.00, 0.00, 0.00, 1.00, 1.00, 0.00, 1.00
975,  0,  32.955,  0.98,  1, 0.18, 0.22, 1.62, 0.00, 0.00, 0.00, 0.01, 1.64, 0.89, 1.48, 0.00, 0.41, 0.00, 0.00, 0.63, 1.20, 1.66, 0.00, 0.00, 1.00, 0.00, 0.00, 0.00, 0.00, 1.00, 0.00, 1.00, 0.00, 0.00, 0.00, 0.00, 1.00, 1.00, 0.00, 1.00
976,  0,  32.989,  0.98,  1, 0.11, 0.12, 1.63, 0.00, 0.00, 0.00, 0.03, 1.61, 0.88, 1.41, 0.00, 0.41, 0.00, 0.00, 0.68, 1.26, 1.22, 0.00, 0.00, 1.00, 0.00, 0.00, 0.00, 0.00, 1.00, 0.00, 1.00, 0.00, 0.00, 0.00, 0.00, 1.00, 1.00, 0.00, 1.00
977,  0,  33.023,  0.98,  1, 0.06, 0.13, 1.61, 0.00, 0.00, 0.00, 0.03, 1.65, 0.89, 1.35, 0.00, 0.39, 0.00, 0.00, 0.65, 1.17, 0.74, 0.00, 0.00, 1.00, 0.00, 0.00, 0.00, 0.00, 1.00, 0.00, 1.00, 0.00, 0.00, 0.00, 0.00, 1.00, 1.00, 0.00, 1.00
978,  0,  33.056,  0.98,  1, 0.04, 0.08, 1.57, 0.00, 0.00, 0.00, 0.02, 1.69, 0.89, 1.38, 0.00, 0.31, 0.06, 0.00, 0.67, 1.06, 0.35, 0.00, 0.00, 1.00, 0.00, 0.00, 0.00, 0.00, 1.00, 0.00, 1.00, 0.00, 0.00, 0.00, 0.00, 1.00, 1.00, 0.00, 1.00
979,  0,  33.090,  0.98,  1, 0.04, 0.08, 1.57, 0.00, 0.00, 0.00, 0.01, 1.66, 0.89, 1.40, 0.00, 0.18, 0.11, 0.00, 0.73, 0.95, 0.24, 0.00, 0.00, 1.00, 0.00, 0.00, 0.00, 0.00, 1.00, 0.00, 1.00, 0.00, 0.00, 0.00, 0.00, 1.00, 1.00, 0.00, 1.00
980,  0,  33.124,  0.98,  1, 0.00, 0.04, 1.63, 0.00, 0.00, 0.00, 0.01, 1.62, 0.90, 1.41, 0.00, 0.07, 0.12, 0.00, 0.78, 0.90, 0.24, 0.00, 0.00, 1.00, 0.00, 0.00, 0.00, 0.00, 1.00, 0.00, 1.00, 0.00, 0.00, 0.00, 0.00, 1.00, 1.00, 0.00, 1.00
981,  0,  33.158,  0.98,  1, 0.00, 0.04, 1.65, 0.00, 0.00, 0.00, 0.00, 1.59, 0.89, 1.35, 0.00, 0.02, 0.07, 0.00, 0.88, 0.91, 0.28, 0.00, 0.00, 1.00, 0.00, 0.00, 0.00, 0.00, 1.00, 0.00, 1.00, 0.00, 0.00, 0.00, 0.00, 1.00, 1.00, 0.00, 1.00
982,  0,  33.192,  0.98,  1, 0.00, 0.04, 1.65, 0.00, 0.00, 0.00, 0.00, 1.54, 0.90, 1.34, 0.00, 0.00, 0.02, 0.00, 0.85, 0.91, 0.27, 0.00, 0.00, 1.00, 0.00, 0.00, 0.00, 0.00, 1.00, 0.00, 1.00, 0.00, 0.00, 0.00, 0.00, 1.00, 1.00, 0.00, 1.00
983,  0,  33.226,  0.98,  1, 0.00, 0.09, 1.57, 0.00, 0.00, 0.00, 0.00, 1.50, 0.86, 1.30, 0.00, 0.07, 0.01, 0.00, 0.91, 1.02, 0.33, 0.00, 0.00, 1.00, 0.00, 0.00, 0.00, 0.00, 1.00, 0.00, 1.00, 0.00, 0.00, 0.00, 0.00, 1.00, 1.00, 0.00, 1.00
984,  0,  33.259,  0.98,  1, 0.02, 0.14, 1.57, 0.00, 0.00, 0.00, 0.00, 1.49, 0.85, 1.31, 0.00, 0.14, 0.02, 0.00, 0.82, 1.09, 0.31, 0.00, 0.00, 1.00, 0.00, 0.00, 0.00, 0.00, 1.00, 0.00, 1.00, 0.00, 0.00, 0.00, 0.00, 1.00, 1.00, 0.00, 1.00
985,  0,  33.293,  0.98,  1, 0.02, 0.14, 1.62, 0.00, 0.00, 0.00, 0.00, 1.53, 0.80, 1.18, 0.00, 0.13, 0.02, 0.00, 0.80, 1.13, 0.24, 0.00, 0.00, 1.00, 0.00, 0.00, 0.00, 0.00, 1.00, 0.00, 1.00, 0.00, 0.00, 0.00, 0.00, 1.00, 1.00, 0.00, 1.00
986,  0,  33.327,  0.98,  1, 0.02, 0.15, 1.61, 0.00, 0.00, 0.00, 0.00, 1.52, 0.80, 1.07, 0.00, 0.13, 0.04, 0.00, 0.75, 1.10, 0.09, 0.00, 0.00, 1.00, 0.00, 0.00, 0.00, 0.00, 1.00, 0.00, 1.00, 0.00, 0.00, 0.00, 0.00, 1.00, 1.00, 0.00, 1.00
987,  0,  33.361,  0.98,  1, 0.00, 0.09, 1.56, 0.00, 0.00, 0.00, 0.00, 1.55, 0.75, 0.92, 0.00, 0.12, 0.02, 0.00, 0.79, 1.11, 0.18, 0.00, 0.00, 1.00, 0.00, 0.00, 0.00, 0.00, 1.00, 0.00, 1.00, 0.00, 0.00, 0.00, 0.00, 1.00, 1.00, 0.00, 1.00
988,  0,  33.395,  0.98,  1, 0.00, 0.19, 1.53, 0.00, 0.00, 0.00, 0.00, 1.60, 0.77, 0.94, 0.00, 0.28, 0.05, 0.00, 0.76, 1.14, 0.15, 0.00, 0.00, 1.00, 0.00, 0.00, 0.00, 0.00, 1.00, 0.00, 1.00, 0.00, 0.00, 0.00, 0.00, 1.00, 1.00, 0.00, 1.00
989,  0,  33.429,  0.98,  1, 0.00, 0.10, 1.55, 0.00, 0.00, 0.00, 0.00, 1.63, 0.75, 0.93, 0.00, 0.37, 0.03, 0.00, 0.67, 1.17, 0.21, 0.00, 0.00, 1.00, 0.00, 0.00, 0.00, 0.00, 1.00, 0.00, 1.00, 0.00, 0.00, 0.00, 0.00, 1.00, 1.00, 0.00, 1.00
990,  0,  33.462,  0.98,  1, 0.00, 0.18, 1.50, 0.00, 0.00, 0.00, 0.00, 1.64, 0.87, 1.09, 0.04, 0.61, 0.03, 0.06, 0.55, 1.17, 0.05, 0.00, 0.00, 1.00, 0.00, 0.00, 0.00, 0.00, 1.00, 0.00, 1.00, 0.00, 0.00, 0.00, 0.00, 1.00, 1.00, 0.00, 1.00
991,  0,  33.496,  0.98,  1, 0.00, 0.17, 1.45, 0.00, 0.00, 0.00, 0.00, 1.60, 0.92, 1.21, 0.04, 0.63, 0.00, 0.07, 0.40, 1.00, 0.07, 0.00, 0.00, 1.00, 0.00, 0.00, 0.00, 0.00, 1.00, 0.00, 1.00, 0.00, 0.00, 0.00, 0.00, 0.00, 1.00, 0.00, 0.00
992,  0,  33.530,  0.98,  1, 0.00, 0.17, 1.33, 0.00, 0.00, 0.00, 0.00, 1.56, 0.97, 1.25, 0.04, 0.75, 0.00, 0.14, 0.33, 0.88, 0.02, 0.00, 0.00, 1.00, 0.00, 0.00, 0.00, 0.00, 1.00, 0.00, 1.00, 0.00, 0.00, 0.00, 0.00, 0.00, 0.00, 0.00, 0.00
993,  0,  33.564,  0.98,  1, 0.00, 0.09, 1.37, 0.00, 0.00, 0.00, 0.00, 1.51, 0.89, 1.18, 0.00, 0.61, 0.00, 0.10, 0.36, 0.72, 0.09, 0.00, 0.00, 1.00, 0.00, 0.00, 0.00, 0.00, 1.00, 0.00, 1.00, 0.00, 0.00, 0.00, 0.00, 0.00, 0.00, 0.00, 0.00
994,  0,  33.598,  0.98,  1, 0.00, 0.00, 1.33, 0.00, 0.00, 0.00, 0.00, 1.44, 0.92, 1.23, 0.00, 0.60, 0.00, 0.20, 0.47, 0.87, 0.07, 0.00, 0.00, 1.00, 0.00, 0.00, 0.00, 0.00, 0.00, 0.00, 1.00, 0.00, 0.00, 0.00, 0.00, 0.00, 0.00, 0.00, 0.00
995,  0,  33.632,  0.98,  1, 0.00, 0.00, 1.38, 0.02, 0.00, 0.00, 0.00, 1.41, 0.95, 1.30, 0.00, 0.44, 0.00, 0.17, 0.59, 0.83, 0.20, 0.00, 0.00, 1.00, 0.00, 0.00, 0.00, 0.00, 0.00, 0.00, 1.00, 0.00, 0.00, 0.00, 0.00, 0.00, 0.00, 0.00, 0.00
996,  0,  33.665,  0.98,  1, 0.02, 0.00, 1.34, 0.02, 0.00, 0.00, 0.00, 1.37, 1.03, 1.53, 0.00, 0.55, 0.00, 0.23, 0.47, 0.86, 0.13, 0.00, 0.00, 1.00, 0.00, 0.00, 0.00, 0.00, 0.00, 0.00, 1.00, 0.00, 0.00, 0.00, 0.00, 0.00, 0.00, 0.00, 0.00
997,  0,  33.699,  0.98,  1, 0.02, 0.00, 1.35, 0.02, 0.00, 0.00, 0.00, 1.35, 1.03, 1.57, 0.00, 0.48, 0.00, 0.18, 0.45, 0.72, 0.34, 0.00, 0.00, 1.00, 0.00, 0.00, 0.00, 0.00, 0.00, 0.00, 1.00, 0.00, 0.00, 0.00, 0.00, 0.00, 0.00, 0.00, 0.00
998,  0,  33.733,  0.98,  1, 0.02, 0.00, 1.37, 0.00, 0.00, 0.00, 0.00, 1.38, 1.07, 1.64, 0.00, 0.48, 0.00, 0.26, 0.33, 0.56, 0.29, 0.00, 0.00, 1.00, 0.00, 0.00, 0.00, 0.00, 1.00, 0.00, 1.00, 0.00, 0.00, 0.00, 0.00, 0.00, 0.00, 0.00, 0.00
999,  0,  33.767,  0.98,  1, 0.00, 0.00, 1.38, 0.00, 0.00, 0.00, 0.00, 1.39, 1.04, 1.54, 0.04, 0.38, 0.00, 0.28, 0.29, 0.39, 0.29, 0.00, 0.00, 1.00, 0.00, 0.00, 0.00, 0.00, 1.00, 0.00, 1.00, 0.00, 0.00, 0.00, 0.00, 0.00, 0.00, 0.00, 0.00
1000,  0,  33.801,  0.98,  1, 0.00, 0.00, 1.35, 0.01, 0.00, 0.00, 0.00, 1.44, 1.05, 1.44, 0.04, 0.50, 0.00, 0.31, 0.13, 0.15, 0.08, 0.00, 0.00, 1.00, 0.00, 0.00, 0.00, 0.00, 1.00, 0.00, 1.00, 0.00, 0.00, 0.00, 0.00, 0.00, 0.00, 0.00, 0.00
1001,  0,  33.835,  0.98,  1, 0.00, 0.00, 1.32, 0.01, 0.00, 0.00, 0.00, 1.41, 1.05, 1.41, 0.04, 0.58, 0.00, 0.27, 0.04, 0.07, 0.00, 0.00, 0.00, 1.00, 0.00, 0.00, 0.00, 0.00, 1.00, 0.00, 1.00, 0.00, 0.00, 0.00, 0.00, 0.00, 0.00, 0.00, 0.00
1002,  0,  33.868,  0.98,  1, 0.00, 0.03, 1.36, 0.01, 0.00, 0.00, 0.00, 1.45, 1.11, 1.49, 0.00, 0.65, 0.00, 0.30, 0.05, 0.06, 0.00, 0.00, 0.00, 1.00, 0.00, 0.00, 0.00, 0.00, 1.00, 0.00, 1.00, 0.00, 0.00, 0.00, 0.00, 0.00, 0.00, 0.00, 0.00
1003,  0,  33.902,  0.98,  1, 0.00, 0.03, 1.47, 0.00, 0.00, 0.00, 0.00, 1.51, 1.14, 1.57, 0.00, 0.53, 0.00, 0.22, 0.06, 0.10, 0.00, 0.00, 0.00, 1.00, 0.00, 0.00, 0.00, 0.00, 1.00, 0.00, 1.00, 0.00, 0.00, 0.00, 0.00, 0.00, 0.00, 0.00, 0.00
1004,  0,  33.936,  0.98,  1, 0.00, 0.03, 1.52, 0.00, 0.00, 0.00, 0.00, 1.61, 1.17, 1.58, 0.00, 0.48, 0.00, 0.26, 0.04, 0.10, 0.00, 0.00, 0.00, 1.00, 0.00, 0.00, 0.00, 0.00, 1.00, 0.00, 1.00, 0.00, 0.00, 0.00, 0.00, 0.00, 0.00, 0.00, 0.00
1005,  0,  33.970,  0.98,  1, 0.00, 0.00, 1.50, 0.00, 0.00, 0.00, 0.00, 1.58, 1.16, 1.54, 0.00, 0.35, 0.00, 0.23, 0.02, 0.08, 0.00, 0.00, 0.00, 1.00, 0.00, 0.00, 0.00, 0.00, 1.00, 0.00, 1.00, 0.00, 0.00, 0.00, 0.00, 0.00, 0.00, 0.00, 0.00
1006,  0,  34.004,  0.98,  1, 0.00, 0.00, 1.45, 0.00, 0.00, 0.00, 0.00, 1.52, 1.16, 1.43, 0.00, 0.46, 0.00, 0.31, 0.01, 0.17, 0.00, 0.00, 0.00, 1.00, 0.00, 0.00, 0.00, 0.00, 1.00, 0.00, 1.00, 0.00, 0.00, 0.00, 0.00, 0.00, 0.00, 0.00, 0.00
1007,  0,  34.038,  0.98,  1, 0.00, 0.00, 1.36, 0.00, 0.00, 0.00, 0.00, 1.49, 1.14, 1.40, 0.00, 0.50, 0.00, 0.25, 0.01, 0.20, 0.01, 0.00, 0.00, 1.00, 0.00, 0.00, 0.00, 0.00, 1.00, 0.00, 1.00, 0.00, 0.00, 0.00, 0.00, 0.00, 0.00, 0.00, 0.00
1008,  0,  34.071,  0.98,  1, 0.00, 0.00, 1.29, 0.00, 0.00, 0.00, 0.00, 1.52, 1.21, 1.34, 0.00, 0.61, 0.00, 0.24, 0.00, 0.19, 0.01, 0.00, 0.00, 1.00, 0.00, 0.00, 0.00, 0.00, 1.00, 0.00, 1.00, 0.00, 0.00, 0.00, 0.00, 0.00, 0.00, 0.00, 0.00
1009,  0,  34.105,  0.98,  1, 0.00, 0.00, 1.19, 0.00, 0.00, 0.00, 0.00, 1.61, 1.20, 1.36, 0.03, 0.59, 0.00, 0.25, 0.00, 0.08, 0.01, 0.00, 0.00, 1.00, 0.00, 0.00, 0.00, 0.00, 1.00, 0.00, 1.00, 0.00, 0.00, 0.00, 0.00, 0.00, 0.00, 0.00, 0.00
1010,  0,  34.139,  0.98,  1, 0.00, 0.00, 1.14, 0.00, 0.00, 0.00, 0.00, 1.62, 1.19, 1.38, 0.03, 0.50, 0.00, 0.27, 0.00, 0.06, 0.00, 0.00, 0.00, 1.00, 0.00, 0.00, 0.00, 0.00, 1.00, 0.00, 1.00, 0.00, 0.00, 0.00, 0.00, 0.00, 0.00, 0.00, 0.00
1011,  0,  34.173,  0.98,  1, 0.00, 0.01, 1.14, 0.00, 0.00, 0.00, 0.00, 1.69, 1.12, 1.28, 0.03, 0.42, 0.00, 0.24, 0.04, 0.02, 0.08, 0.00, 0.00, 1.00, 0.00, 0.00, 0.00, 0.00, 1.00, 0.00, 1.00, 0.00, 0.00, 0.00, 0.00, 0.00, 0.00, 0.00, 0.00
1012,  0,  34.207,  0.98,  1, 0.00, 0.01, 1.19, 0.00, 0.00, 0.00, 0.00, 1.72, 1.09, 1.26, 0.00, 0.37, 0.00, 0.20, 0.04, 0.03, 0.15, 0.00, 0.00, 1.00, 0.00, 0.00, 0.00, 0.00, 1.00, 0.00, 1.00, 0.00, 0.00, 0.00, 0.00, 0.00, 0.00, 0.00, 0.00
1013,  0,  34.241,  0.98,  1, 0.00, 0.01, 1.29, 0.00, 0.00, 0.00, 0.00, 1.75, 1.09, 1.22, 0.00, 0.37, 0.00, 0.17, 0.04, 0.03, 0.15, 0.00, 0.00, 1.00, 0.00, 0.00, 0.00, 0.00, 1.00, 0.00, 1.00, 0.00, 0.00, 0.00, 0.00, 0.00, 0.00, 0.00, 0.00
1014,  0,  34.274,  0.98,  1, 0.00, 0.01, 1.31, 0.00, 0.00, 0.00, 0.00, 1.81, 1.10, 1.32, 0.00, 0.35, 0.00, 0.14, 0.00, 0.04, 0.07, 0.00, 0.00, 1.00, 0.00, 0.00, 0.00, 0.00, 1.00, 0.00, 1.00, 0.00, 0.00, 0.00, 0.00, 0.00, 0.00, 0.00, 0.00
1015,  0,  34.308,  0.98,  1, 0.00, 0.01, 1.32, 0.00, 0.00, 0.00, 0.00, 1.85, 1.16, 1.32, 0.00, 0.34, 0.00, 0.12, 0.00, 0.02, 0.00, 0.00, 0.00, 1.00, 0.00, 0.00, 0.00, 0.00, 1.00, 0.00, 1.00, 0.00, 0.00, 0.00, 0.00, 0.00, 0.00, 0.00, 0.00
1016,  0,  34.342,  0.98,  1, 0.00, 0.01, 1.26, 0.00, 0.01, 0.00, 0.00, 1.86, 1.15, 1.27, 0.00, 0.32, 0.00, 0.11, 0.00, 0.02, 0.00, 0.00, 0.00, 1.00, 0.00, 0.00, 0.00, 0.00, 1.00, 0.00, 1.00, 0.00, 0.00, 0.00, 0.00, 0.00, 0.00, 0.00, 0.00
1017,  0,  34.376,  0.98,  1, 0.00, 0.00, 1.22, 0.00, 0.01, 0.00, 0.00, 1.84, 1.16, 1.26, 0.00, 0.34, 0.00, 0.14, 0.00, 0.01, 0.00, 0.00, 0.00, 1.00, 0.00, 0.00, 0.00, 0.00, 1.00, 0.00, 1.00, 0.00, 0.00, 0.00, 0.00, 0.00, 0.00, 0.00, 0.00
1018,  0,  34.410,  0.98,  1, 0.00, 0.00, 1.19, 0.00, 0.02, 0.00, 0.00, 1.80, 1.12, 1.28, 0.00, 0.40, 0.00, 0.11, 0.00, 0.00, 0.01, 0.00, 0.00, 1.00, 0.00, 0.00, 0.00, 0.00, 1.00, 0.00, 1.00, 0.00, 0.00, 0.00, 0.00, 0.00, 0.00, 0.00, 0.00
1019,  0,  34.444,  0.98,  1, 0.00, 0.00, 1.22, 0.00, 0.01, 0.00, 0.00, 1.76, 1.12, 1.27, 0.00, 0.49, 0.00, 0.11, 0.00, 0.00, 0.01, 0.00, 0.00, 1.00, 0.00, 0.00, 0.00, 0.00, 1.00, 0.00, 1.00, 0.00, 0.00, 0.00, 0.00, 0.00, 0.00, 0.00, 0.00
1020,  0,  34.477,  0.98,  1, 0.00, 0.00, 1.21, 0.00, 0.01, 0.00, 0.00, 1.70, 1.15, 1.28, 0.00, 0.53, 0.00, 0.07, 0.00, 0.00, 0.01, 0.00, 0.00, 1.00, 0.00, 0.00, 0.00, 0.00, 1.00, 0.00, 1.00, 0.00, 0.00, 0.00, 0.00, 0.00, 0.00, 0.00, 0.00
1021,  0,  34.511,  0.98,  1, 0.00, 0.00, 1.25, 0.00, 0.00, 0.00, 0.00, 1.64, 1.21, 1.25, 0.00, 0.52, 0.00, 0.05, 0.00, 0.00, 0.00, 0.00, 0.00, 1.00, 0.00, 0.00, 0.00, 0.00, 1.00, 0.00, 1.00, 0.00, 0.00, 0.00, 0.00, 0.00, 0.00, 0.00, 0.00
1022,  0,  34.545,  0.98,  1, 0.01, 0.03, 1.28, 0.00, 0.00, 0.00, 0.00, 1.62, 1.25, 1.31, 0.00, 0.51, 0.00, 0.02, 0.00, 0.00, 0.01, 0.00, 0.00, 1.00, 0.00, 0.00, 0.00, 0.00, 1.00, 0.00, 1.00, 0.00, 0.00, 0.00, 0.00, 0.00, 0.00, 0.00, 0.00
1023,  0,  34.579,  0.98,  1, 0.01, 0.03, 1.27, 0.00, 0.00, 0.00, 0.00, 1.59, 1.21, 1.27, 0.00, 0.49, 0.00, 0.02, 0.00, 0.00, 0.07, 0.00, 0.00, 1.00, 0.00, 0.00, 0.00, 0.00, 1.00, 0.00, 1.00, 0.00, 0.00, 0.00, 0.00, 0.00, 0.00, 0.00, 0.00
1024,  0,  34.613,  0.98,  1, 0.01, 0.03, 1.26, 0.00, 0.00, 0.00, 0.00, 1.58, 1.16, 1.31, 0.00, 0.43, 0.00, 0.02, 0.00, 0.00, 0.09, 0.00, 0.00, 1.00, 0.00, 0.00, 0.00, 0.00, 1.00, 0.00, 1.00, 0.00, 0.00, 0.00, 0.00, 0.00, 0.00, 0.00, 0.00
1025,  0,  34.647,  0.98,  1, 0.00, 0.00, 1.23, 0.00, 0.00, 0.00, 0.00, 1.53, 1.12, 1.37, 0.00, 0.39, 0.00, 0.04, 0.00, 0.00, 0.15, 0.00, 0.00, 1.00, 0.00, 0.00, 0.00, 0.00, 1.00, 0.00, 1.00, 0.00, 0.00, 0.00, 0.00, 0.00, 0.00, 0.00, 0.00
1026,  0,  34.681,  0.98,  1, 0.00, 0.00, 1.30, 0.00, 0.00, 0.00, 0.00, 1.55, 1.12, 1.39, 0.00, 0.32, 0.00, 0.03, 0.00, 0.00, 0.19, 0.00, 0.00, 1.00, 0.00, 0.00, 0.00, 0.00, 1.00, 0.00, 1.00, 0.00, 0.00, 0.00, 0.00, 0.00, 0.00, 0.00, 0.00
1027,  0,  34.714,  0.98,  1, 0.00, 0.00, 1.31, 0.00, 0.00, 0.00, 0.00, 1.51, 1.09, 1.39, 0.00, 0.30, 0.00, 0.03, 0.00, 0.00, 0.28, 0.00, 0.00, 1.00, 0.00, 0.00, 0.00, 0.00, 1.00, 0.00, 1.00, 0.00, 0.00, 0.00, 0.00, 0.00, 0.00, 0.00, 0.00
1028,  0,  34.748,  0.98,  1, 0.00, 0.00, 1.31, 0.00, 0.00, 0.00, 0.00, 1.52, 1.05, 1.24, 0.00, 0.24, 0.00, 0.00, 0.00, 0.00, 0.25, 0.00, 0.00, 1.00, 0.00, 0.00, 0.00, 0.00, 1.00, 0.00, 1.00, 0.00, 0.00, 0.00, 0.00, 0.00, 0.00, 0.00, 0.00
1029,  0,  34.782,  0.98,  1, 0.00, 0.02, 1.31, 0.00, 0.00, 0.00, 0.00, 1.54, 1.04, 1.25, 0.00, 0.24, 0.00, 0.00, 0.00, 0.00, 0.26, 0.00, 0.00, 1.00, 0.00, 0.00, 0.00, 0.00, 1.00, 0.00, 1.00, 0.00, 0.00, 0.00, 0.00, 0.00, 0.00, 0.00, 0.00
1030,  0,  34.816,  0.98,  1, 0.00, 0.02, 1.27, 0.00, 0.00, 0.00, 0.00, 1.57, 1.04, 1.14, 0.00, 0.26, 0.00, 0.00, 0.00, 0.00, 0.14, 0.00, 0.00, 1.00, 0.00, 0.00, 0.00, 0.00, 1.00, 0.00, 1.00, 0.00, 0.00, 0.00, 0.00, 0.00, 0.00, 0.00, 0.00
1031,  0,  34.850,  0.98,  1, 0.00, 0.02, 1.22, 0.00, 0.00, 0.00, 0.00, 1.61, 1.10, 1.16, 0.00, 0.32, 0.00, 0.01, 0.00, 0.00, 0.10, 0.00, 0.00, 1.00, 0.00, 0.00, 0.00, 0.00, 1.00, 0.00, 1.00, 0.00, 0.00, 0.00, 0.00, 0.00, 0.00, 0.00, 0.00
1032,  0,  34.884,  0.98,  1, 0.00, 0.00, 1.15, 0.00, 0.00, 0.00, 0.00, 1.65, 1.12, 1.18, 0.00, 0.37, 0.00, 0.05, 0.00, 0.00, 0.00, 0.00, 0.00, 1.00, 0.00, 0.00, 0.00, 0.00, 1.00, 0.00, 1.00, 0.00, 0.00, 0.00, 0.00, 0.00, 0.00, 0.00, 0.00
1033,  0,  34.917,  0.98,  1, 0.00, 0.00, 1.17, 0.00, 0.00, 0.00, 0.00, 1.62, 1.12, 1.16, 0.00, 0.39, 0.00, 0.05, 0.00, 0.00, 0.00, 0.00, 0.00, 1.00, 0.00, 0.00, 0.00, 0.00, 1.00, 0.00, 1.00, 0.00, 0.00, 0.00, 0.00, 0.00, 0.00, 0.00, 0.00
1034,  0,  34.951,  0.98,  1, 0.00, 0.00, 1.24, 0.00, 0.00, 0.00, 0.00, 1.61, 1.10, 1.13, 0.00, 0.40, 0.00, 0.05, 0.00, 0.00, 0.00, 0.00, 0.00, 1.00, 0.00, 0.00, 0.00, 0.00, 1.00, 0.00, 1.00, 0.00, 0.00, 0.00, 0.00, 0.00, 0.00, 0.00, 0.00
1035,  0,  34.985,  0.98,  1, 0.03, 0.00, 1.33, 0.00, 0.00, 0.00, 0.00, 1.58, 1.10, 1.05, 0.00, 0.45, 0.00, 0.00, 0.00, 0.00, 0.05, 0.00, 0.00, 1.00, 0.00, 0.00, 0.00, 0.00, 1.00, 0.00, 1.00, 0.00, 0.00, 0.00, 0.00, 0.00, 0.00, 0.00, 0.00
1036,  0,  35.019,  0.98,  1, 0.03, 0.00, 1.32, 0.00, 0.00, 0.00, 0.00, 1.60, 1.09, 1.14, 0.00, 0.49, 0.00, 0.01, 0.00, 0.00, 0.10, 0.00, 0.00, 1.00, 0.00, 0.00, 0.00, 0.00, 1.00, 0.00, 1.00, 0.00, 0.00, 0.00, 0.00, 0.00, 0.00, 0.00, 0.00
1037,  0,  35.053,  0.98,  1, 0.06, 0.00, 1.28, 0.00, 0.00, 0.00, 0.00, 1.65, 1.03, 1.24, 0.00, 0.50, 0.00, 0.01, 0.00, 0.00, 0.10, 0.00, 0.00, 1.00, 0.00, 0.00, 0.00, 0.00, 1.00, 0.00, 1.00, 0.00, 0.00, 0.00, 0.00, 0.00, 0.00, 0.00, 0.00
1038,  0,  35.087,  0.98,  1, 0.09, 0.00, 1.27, 0.00, 0.00, 0.00, 0.00, 1.65, 1.00, 1.26, 0.00, 0.47, 0.00, 0.01, 0.00, 0.00, 0.06, 0.00, 0.00, 1.00, 0.00, 0.00, 0.00, 0.00, 1.00, 0.00, 1.00, 0.00, 0.00, 0.00, 0.00, 0.00, 0.00, 0.00, 0.00
1039,  0,  35.120,  0.98,  1, 0.12, 0.00, 1.26, 0.00, 0.00, 0.00, 0.01, 1.62, 1.01, 1.21, 0.00, 0.48, 0.00, 0.00, 0.00, 0.00, 0.01, 0.00, 0.00, 1.00, 0.00, 0.00, 0.00, 0.00, 1.00, 0.00, 1.00, 0.00, 0.00, 0.00, 0.00, 0.00, 0.00, 0.00, 0.00
1040,  0,  35.154,  0.98,  1, 0.10, 0.00, 1.30, 0.01, 0.00, 0.00, 0.01, 1.59, 1.01, 1.21, 0.00, 0.51, 0.00, 0.00, 0.00, 0.00, 0.01, 0.00, 0.00, 1.00, 0.00, 0.00, 0.00, 0.00, 1.00, 0.00, 1.00, 0.00, 0.00, 0.00, 0.00, 0.00, 0.00, 0.00, 0.00
1041,  0,  35.188,  0.98,  1, 0.10, 0.00, 1.38, 0.01, 0.00, 0.00, 0.01, 1.62, 1.07, 1.28, 0.00, 0.57, 0.00, 0.00, 0.00, 0.00, 0.00, 0.00, 0.00, 1.00, 0.00, 0.00, 0.00, 0.00, 1.00, 0.00, 1.00, 0.00, 0.00, 0.00, 0.00, 0.00, 0.00, 0.00, 0.00
1042,  0,  35.222,  0.98,  1, 0.06, 0.05, 1.50, 0.01, 0.00, 0.00, 0.01, 1.68, 1.10, 1.39, 0.00, 0.59, 0.00, 0.00, 0.00, 0.00, 0.00, 0.00, 0.00, 1.00, 0.00, 0.00, 0.00, 0.00, 1.00, 0.00, 1.00, 0.00, 0.00, 0.00, 0.00, 0.00, 0.00, 0.00, 0.00
1043,  0,  35.256,  0.98,  1, 0.06, 0.05, 1.51, 0.00, 0.00, 0.00, 0.01, 1.67, 1.14, 1.42, 0.00, 0.61, 0.00, 0.03, 0.01, 0.00, 0.01, 0.00, 0.00, 1.00, 0.00, 0.00, 0.00, 0.00, 1.00, 0.00, 1.00, 0.00, 0.00, 0.00, 0.00, 0.00, 0.00, 0.00, 0.00
1044,  0,  35.290,  0.98,  1, 0.00, 0.05, 1.42, 0.00, 0.01, 0.00, 0.01, 1.62, 1.04, 1.42, 0.00, 0.60, 0.00, 0.06, 0.01, 0.00, 0.11, 0.00, 0.00, 1.00, 0.00, 0.00, 0.00, 0.00, 1.00, 0.00, 1.00, 0.00, 0.00, 0.00, 0.00, 0.00, 0.00, 0.00, 0.00
1045,  0,  35.323,  0.98,  1, 0.00, 0.00, 1.29, 0.00, 0.01, 0.00, 0.01, 1.66, 0.98, 1.37, 0.00, 0.61, 0.00, 0.06, 0.01, 0.00, 0.40, 0.00, 0.00, 1.00, 0.00, 0.00, 0.00, 0.00, 1.00, 0.00, 1.00, 0.00, 0.00, 0.00, 0.00, 0.00, 0.00, 0.00, 0.00
1046,  0,  35.357,  0.98,  1, 0.02, 0.06, 1.20, 0.00, 0.01, 0.00, 0.01, 1.64, 0.89, 1.30, 0.00, 0.68, 0.00, 0.03, 0.05, 0.07, 0.78, 0.00, 0.00, 1.00, 0.00, 0.00, 0.00, 0.00, 1.00, 0.00, 1.00, 0.00, 0.00, 0.00, 0.00, 0.00, 0.00, 0.00, 1.00
1047,  0,  35.391,  0.98,  1, 0.05, 0.06, 1.15, 0.00, 0.00, 0.00, 0.02, 1.68, 0.86, 1.26, 0.00, 0.75, 0.00, 0.00, 0.10, 0.07, 1.35, 0.00, 0.00, 1.00, 0.00, 0.00, 0.00, 0.00, 1.00, 0.00, 1.00, 0.00, 0.00, 0.00, 0.00, 0.00, 0.00, 0.00, 1.00
1048,  0,  35.425,  0.98,  1, 0.09, 0.06, 1.20, 0.00, 0.00, 0.00, 0.06, 1.57, 0.72, 1.28, 0.00, 0.83, 0.08, 0.00, 0.13, 0.07, 1.62, 0.00, 0.00, 1.00, 0.00, 0.00, 0.00, 0.00, 1.00, 0.00, 1.00, 0.00, 0.00, 0.00, 0.00, 0.00, 0.00, 0.00, 1.00
1049,  0,  35.459,  0.98,  1, 0.07, 0.00, 1.15, 0.00, 0.00, 0.00, 0.13, 1.51, 0.66, 1.28, 0.01, 0.71, 0.16, 0.00, 0.12, 0.00, 1.72, 0.00, 0.00, 1.00, 0.00, 0.00, 0.00, 0.00, 1.00, 0.00, 1.00, 0.00, 0.00, 0.00, 0.00, 0.00, 0.00, 0.00, 1.00
1050,  0,  35.493,  0.98,  1, 0.05, 0.00, 1.19, 0.00, 0.06, 0.00, 0.17, 1.52, 0.63, 1.31, 0.08, 0.72, 0.27, 0.00, 0.12, 0.03, 1.52, 0.00, 0.00, 1.00, 0.00, 0.00, 0.00, 0.00, 1.00, 0.00, 1.00, 0.00, 0.00, 0.00, 0.00, 0.00, 0.00, 0.00, 1.00
1051,  0,  35.526,  0.98,  1, 0.00, 0.00, 1.20, 0.00, 0.16, 0.00, 0.27, 1.64, 0.74, 1.25, 0.08, 0.64, 0.30, 0.00, 0.31, 0.03, 1.16, 0.00, 0.00, 1.00, 0.00, 0.00, 0.00, 0.00, 1.00, 0.00, 1.00, 0.00, 0.00, 0.00, 0.00, 0.00, 0.00, 0.00, 1.00
1052,  0,  35.560,  0.98,  1, 0.00, 0.00, 1.30, 0.00, 0.23, 0.00, 0.25, 1.84, 0.84, 1.16, 0.07, 0.58, 0.41, 0.00, 0.36, 0.03, 0.67, 0.00, 0.00, 1.00, 0.00, 0.00, 0.00, 0.00, 1.00, 0.00, 1.00, 0.00, 0.00, 0.00, 0.00, 0.00, 0.00, 0.00, 1.00
1053,  0,  35.594,  0.98,  1, 0.00, 0.00, 1.29, 0.00, 0.25, 0.00, 0.25, 1.99, 0.92, 1.10, 0.00, 0.57, 0.33, 0.00, 0.35, 0.07, 0.25, 0.00, 0.00, 0.00, 0.00, 0.00, 0.00, 0.00, 1.00, 0.00, 1.00, 0.00, 0.00, 0.00, 0.00, 0.00, 0.00, 0.00, 1.00
1054,  0,  35.628,  0.98,  1, 0.00, 0.00, 1.25, 0.00, 0.23, 0.00, 0.21, 2.05, 0.93, 0.99, 0.06, 0.52, 0.22, 0.02, 0.33, 0.16, 0.04, 0.00, 0.00, 0.00, 0.00, 0.00, 0.00, 0.00, 1.00, 0.00, 1.00, 0.00, 0.00, 0.00, 0.00, 0.00, 0.00, 0.00, 1.00
1055,  0,  35.662,  0.98,  1, 0.00, 0.00, 1.17, 0.00, 0.22, 0.00, 0.23, 2.01, 0.92, 0.97, 0.08, 0.59, 0.16, 0.02, 0.31, 0.18, 0.04, 0.00, 0.00, 0.00, 0.00, 0.00, 0.00, 0.00, 1.00, 0.00, 1.00, 0.00, 0.00, 0.00, 0.00, 0.00, 0.00, 0.00, 1.00
1056,  0,  35.696,  0.98,  1, 0.00, 0.00, 1.14, 0.00, 0.20, 0.00, 0.25, 1.90, 0.87, 0.94, 0.08, 0.51, 0.31, 0.02, 0.26, 0.11, 0.04, 0.00, 0.00, 0.00, 0.00, 0.00, 0.00, 0.00, 1.00, 0.00, 1.00, 0.00, 0.00, 0.00, 0.00, 0.00, 0.00, 0.00, 1.00
1057,  0,  35.729,  0.98,  1, 0.00, 0.00, 1.01, 0.00, 0.22, 0.00, 0.21, 1.80, 0.83, 1.05, 0.02, 0.50, 0.34, 0.06, 0.10, 0.01, 0.04, 0.00, 0.00, 0.00, 0.00, 0.00, 0.00, 0.00, 1.00, 0.00, 1.00, 0.00, 0.00, 0.00, 0.00, 0.00, 0.00, 0.00, 1.00
1058,  0,  35.763,  0.98,  1, 0.00, 0.00, 1.06, 0.00, 0.25, 0.00, 0.20, 1.75, 0.85, 1.18, 0.00, 0.57, 0.25, 0.06, 0.11, 0.09, 0.09, 0.00, 0.00, 0.00, 0.00, 0.00, 0.00, 0.00, 1.00, 0.00, 1.00, 0.00, 0.00, 0.00, 0.00, 0.00, 0.00, 0.00, 1.00
1059,  0,  35.797,  0.98,  1, 0.00, 0.00, 1.05, 0.00, 0.23, 0.00, 0.20, 1.75, 0.85, 1.25, 0.00, 0.64, 0.21, 0.06, 0.23, 0.14, 0.09, 0.00, 0.00, 0.00, 0.00, 0.00, 0.00, 0.00, 1.00, 0.00, 1.00, 0.00, 0.00, 0.00, 0.00, 0.00, 0.00, 0.00, 1.00
1060,  0,  35.831,  0.98,  1, 0.00, 0.00, 1.12, 0.00, 0.19, 0.00, 0.21, 1.78, 0.85, 1.36, 0.00, 0.67, 0.22, 0.00, 0.19, 0.24, 0.15, 0.00, 0.00, 0.00, 0.00, 0.00, 0.00, 0.00, 1.00, 0.00, 1.00, 0.00, 0.00, 0.00, 0.00, 0.00, 0.00, 0.00, 1.00
1061,  0,  35.865,  0.98,  1, 0.00, 0.00, 1.09, 0.00, 0.15, 0.00, 0.21, 1.82, 0.79, 1.40, 0.00, 0.55, 0.22, 0.01, 0.16, 0.26, 0.13, 0.00, 0.00, 0.00, 0.00, 0.00, 0.00, 0.00, 1.00, 0.00, 1.00, 0.00, 0.00, 0.00, 0.00, 0.00, 0.00, 0.00, 1.00
1062,  0,  35.899,  0.98,  1, 0.00, 0.00, 1.11, 0.00, 0.10, 0.00, 0.23, 1.82, 0.81, 1.41, 0.00, 0.48, 0.08, 0.01, 0.21, 0.25, 0.22, 0.00, 0.00, 0.00, 0.00, 0.00, 0.00, 0.00, 1.00, 0.00, 1.00, 0.00, 0.00, 0.00, 0.00, 0.00, 0.00, 0.00, 1.00
1063,  0,  35.932,  0.98,  1, 0.00, 0.00, 1.12, 0.00, 0.08, 0.00, 0.23, 1.84, 0.84, 1.29, 0.03, 0.44, 0.15, 0.01, 0.25, 0.21, 0.18, 0.00, 0.00, 0.00, 0.00, 0.00, 0.00, 0.00, 1.00, 0.00, 1.00, 0.00, 0.00, 0.00, 0.00, 0.00, 0.00, 0.00, 1.00
1064,  0,  35.966,  0.98,  1, 0.01, 0.00, 1.18, 0.00, 0.03, 0.00, 0.27, 1.76, 0.86, 1.19, 0.03, 0.62, 0.09, 0.00, 0.21, 0.22, 0.18, 0.00, 0.00, 0.00, 0.00, 0.00, 0.00, 0.00, 1.00, 0.00, 1.00, 0.00, 0.00, 0.00, 0.00, 0.00, 0.00, 0.00, 1.00
1065,  0,  36.000,  0.98,  1, 0.01, 0.00, 1.25, 0.00, 0.03, 0.00, 0.27, 1.63, 0.85, 1.01, 0.03, 0.60, 0.09, 0.00, 0.10, 0.26, 0.06, 0.00, 0.00, 1.00, 0.00, 0.00, 0.00, 0.00, 1.00, 0.00, 1.00, 0.00, 0.00, 0.00, 0.00, 0.00, 0.00, 0.00, 1.00
1066,  0,  36.034,  0.98,  1, 0.04, 0.00, 1.30, 0.00, 0.00, 0.00, 0.32, 1.58, 0.86, 1.01, 0.10, 0.61, 0.00, 0.00, 0.18, 0.33, 0.22, 0.00, 0.00, 1.00, 0.00, 0.00, 0.00, 0.00, 1.00, 0.00, 1.00, 0.00, 0.00, 0.00, 0.00, 0.00, 0.00, 0.00, 1.00
1067,  0,  36.068,  0.98,  1, 0.06, 0.00, 1.29, 0.00, 0.00, 0.00, 0.32, 1.59, 0.84, 0.96, 0.20, 0.50, 0.00, 0.00, 0.39, 0.29, 0.29, 0.00, 0.00, 1.00, 0.00, 0.00, 0.00, 0.00, 1.00, 0.00, 1.00, 0.00, 0.00, 0.00, 0.00, 0.00, 0.00, 0.00, 1.00
1068,  0,  36.102,  0.98,  1, 0.14, 0.00, 1.37, 0.00, 0.01, 0.00, 0.34, 1.66, 0.86, 1.04, 0.20, 0.49, 0.00, 0.01, 0.52, 0.42, 0.31, 0.00, 0.00, 1.00, 0.00, 0.00, 0.00, 0.00, 1.00, 0.00, 1.00, 0.00, 0.00, 0.00, 0.00, 0.00, 0.00, 0.00, 1.00
1069,  0,  36.135,  0.98,  1, 0.18, 0.03, 1.46, 0.00, 0.01, 0.00, 0.29, 1.62, 0.85, 1.09, 0.13, 0.57, 0.00, 0.01, 0.59, 0.33, 0.14, 0.00, 0.00, 1.00, 0.00, 0.00, 0.00, 0.00, 1.00, 0.00, 1.00, 0.00, 0.00, 0.00, 0.00, 0.00, 0.00, 0.00, 1.00
1070,  0,  36.169,  0.98,  1, 0.15, 0.03, 1.57, 0.00, 0.01, 0.00, 0.26, 1.61, 0.89, 1.02, 0.03, 0.49, 0.01, 0.01, 0.58, 0.45, 0.05, 0.00, 0.00, 1.00, 0.00, 0.00, 0.00, 0.00, 1.00, 0.00, 1.00, 0.00, 0.00, 0.00, 0.00, 0.00, 0.00, 0.00, 1.00
1071,  0,  36.203,  0.98,  1, 0.09, 0.03, 1.65, 0.00, 0.01, 0.00, 0.23, 1.61, 0.93, 1.15, 0.03, 0.46, 0.01, 0.08, 0.54, 0.35, 0.06, 0.00, 0.00, 1.00, 0.00, 0.00, 0.00, 0.00, 1.00, 0.00, 1.00, 0.00, 0.00, 0.00, 0.00, 0.00, 0.00, 0.00, 1.00
1072,  0,  36.237,  0.98,  1, 0.02, 0.00, 1.68, 0.00, 0.01, 0.00, 0.16, 1.63, 0.93, 1.10, 0.00, 0.47, 0.01, 0.12, 0.53, 0.31, 0.15, 0.00, 0.00, 1.00, 0.00, 0.00, 0.00, 0.00, 1.00, 0.00, 1.00, 0.00, 0.00, 0.00, 0.00, 0.00, 0.00, 0.00, 1.00
1073,  0,  36.271,  0.98,  1, 0.03, 0.00, 1.64, 0.00, 0.01, 0.00, 0.18, 1.62, 0.91, 1.19, 0.00, 0.59, 0.00, 0.15, 0.49, 0.23, 0.13, 0.00, 0.00, 1.00, 0.00, 0.00, 0.00, 0.00, 1.00, 0.00, 1.00, 0.00, 0.00, 0.00, 0.00, 0.00, 0.00, 0.00, 1.00
1074,  0,  36.305,  0.98,  1, 0.07, 0.15, 1.51, 0.03, 0.00, 0.00, 0.11, 1.52, 0.90, 1.02, 0.00, 0.69, 0.00, 0.11, 0.57, 0.21, 0.10, 0.00, 0.00, 1.00, 0.00, 0.00, 0.00, 0.00, 1.00, 0.00, 1.00, 0.00, 0.00, 0.00, 0.00, 0.00, 0.00, 0.00, 1.00
1075,  0,  36.338,  0.98,  1, 0.10, 0.35, 1.40, 0.03, 0.00, 0.00, 0.12, 1.48, 0.94, 1.02, 0.00, 0.64, 0.00, 0.16, 0.63, 0.20, 0.21, 0.00, 0.00, 1.00, 0.00, 0.00, 0.00, 0.00, 1.00, 0.00, 1.00, 0.00, 0.00, 0.00, 0.00, 0.00, 0.00, 0.00, 1.00
1076,  0,  36.372,  0.98,  1, 0.09, 0.44, 1.42, 0.03, 0.00, 0.00, 0.01, 1.47, 0.94, 1.06, 0.00, 0.68, 0.00, 0.27, 0.66, 0.20, 0.40, 0.00, 0.00, 1.00, 0.00, 0.00, 0.00, 0.00, 1.00, 0.00, 1.00, 0.00, 0.00, 0.00, 0.00, 0.00, 0.00, 0.00, 1.00
1077,  0,  36.406,  0.98,  1, 0.04, 0.47, 1.47, 0.00, 0.00, 0.00, 0.00, 1.49, 0.97, 1.22, 0.01, 0.65, 0.00, 0.28, 0.57, 0.14, 0.67, 0.00, 0.00, 1.00, 0.00, 0.00, 0.00, 0.00, 1.00, 0.00, 1.00, 0.00, 0.00, 0.00, 0.00, 0.00, 0.00, 0.00, 1.00
1078,  0,  36.440,  0.98,  1, 0.00, 0.27, 1.56, 0.00, 0.00, 0.00, 0.00, 1.46, 0.94, 1.34, 0.05, 0.73, 0.00, 0.19, 0.41, 0.14, 0.73, 0.00, 0.00, 1.00, 0.00, 0.00, 0.00, 0.00, 1.00, 0.00, 1.00, 0.00, 0.00, 0.00, 0.00, 0.00, 0.00, 0.00, 1.00
1079,  0,  36.474,  0.98,  1, 0.03, 0.18, 1.60, 0.00, 0.00, 0.00, 0.00, 1.42, 0.94, 1.40, 0.07, 0.68, 0.00, 0.17, 0.23, 0.04, 0.77, 0.00, 0.00, 1.00, 0.00, 0.00, 0.00, 0.00, 1.00, 0.00, 1.00, 0.00, 0.00, 0.00, 0.00, 0.00, 0.00, 0.00, 1.00
1080,  0,  36.508,  0.98,  1, 0.08, 0.06, 1.56, 0.00, 0.00, 0.00, 0.00, 1.46, 0.90, 1.34, 0.07, 0.84, 0.00, 0.15, 0.17, 0.00, 0.75, 0.00, 0.00, 1.00, 0.00, 0.00, 0.00, 0.00, 1.00, 0.00, 1.00, 0.00, 0.00, 0.00, 0.00, 0.00, 0.00, 0.00, 1.00
1081,  0,  36.541,  0.98,  1, 0.08, 0.06, 1.49, 0.00, 0.00, 0.00, 0.00, 1.47, 0.92, 1.39, 0.03, 0.88, 0.00, 0.22, 0.10, 0.00, 0.73, 0.00, 0.00, 1.00, 0.00, 0.00, 0.00, 0.00, 1.00, 0.00, 1.00, 0.00, 0.00, 0.00, 0.00, 0.00, 0.00, 0.00, 1.00
1082,  0,  36.575,  0.98,  1, 0.11, 0.16, 1.42, 0.00, 0.00, 0.00, 0.00, 1.41, 0.92, 1.32, 0.00, 0.85, 0.00, 0.15, 0.13, 0.04, 0.71, 0.00, 0.00, 1.00, 0.00, 0.00, 0.00, 0.00, 1.00, 0.00, 1.00, 0.00, 0.00, 0.00, 0.00, 0.00, 0.00, 0.00, 1.00
1083,  0,  36.609,  0.98,  1, 0.13, 0.11, 1.46, 0.00, 0.00, 0.00, 0.00, 1.31, 0.82, 1.33, 0.00, 0.82, 0.00, 0.19, 0.07, 0.04, 0.81, 0.00, 0.00, 1.00, 0.00, 0.00, 0.00, 0.00, 1.00, 0.00, 1.00, 0.00, 0.00, 0.00, 0.00, 0.00, 0.00, 0.00, 1.00
1084,  0,  36.643,  0.98,  1, 0.13, 0.11, 1.52, 0.00, 0.00, 0.00, 0.00, 1.42, 0.80, 1.24, 0.00, 0.80, 0.00, 0.19, 0.06, 0.04, 0.81, 0.00, 0.00, 1.00, 0.00, 0.00, 0.00, 0.00, 1.00, 0.00, 1.00, 0.00, 0.00, 0.00, 0.00, 0.00, 0.00, 0.00, 1.00
1085,  0,  36.677,  0.98,  1, 0.11, 0.09, 1.60, 0.00, 0.00, 0.00, 0.00, 1.54, 0.79, 1.27, 0.00, 0.90, 0.00, 0.21, 0.03, 0.00, 1.00, 0.00, 0.00, 1.00, 0.00, 0.00, 0.00, 0.00, 0.00, 0.00, 1.00, 0.00, 0.00, 0.00, 0.00, 0.00, 0.00, 0.00, 1.00
1086,  0,  36.711,  0.98,  1, 0.13, 0.15, 1.58, 0.00, 0.00, 0.00, 0.00, 1.54, 0.86, 1.39, 0.00, 0.89, 0.00, 0.15, 0.00, 0.00, 0.89, 0.00, 0.00, 1.00, 0.00, 0.00, 0.00, 0.00, 0.00, 0.00, 1.00, 0.00, 0.00, 0.00, 0.00, 0.00, 0.00, 0.00, 1.00
1087,  0,  36.744,  0.98,  1, 0.13, 0.15, 1.51, 0.06, 0.00, 0.00, 0.00, 1.38, 0.77, 1.46, 0.00, 0.92, 0.00, 0.07, 0.09, 0.00, 0.93, 0.00, 0.00, 1.00, 0.00, 0.00, 0.00, 0.00, 1.00, 0.00, 1.00, 0.00, 0.00, 0.00, 0.00, 0.00, 0.00, 0.00, 1.00
1088,  0,  36.778,  0.98,  1, 0.08, 0.06, 1.43, 0.06, 0.00, 0.00, 0.00, 1.41, 0.72, 1.49, 0.04, 0.92, 0.00, 0.01, 0.27, 0.00, 0.81, 0.00, 0.00, 1.00, 0.00, 0.00, 0.00, 0.00, 1.00, 0.00, 1.00, 0.00, 0.00, 0.00, 0.00, 0.00, 0.00, 0.00, 1.00
1089,  0,  36.812,  0.98,  1, 0.00, 0.00, 1.39, 0.06, 0.00, 0.00, 0.00, 1.52, 0.66, 1.31, 0.14, 0.95, 0.00, 0.01, 0.51, 0.00, 0.95, 0.00, 0.00, 1.00, 0.00, 0.00, 0.00, 0.00, 1.00, 0.00, 1.00, 0.00, 0.00, 0.00, 0.00, 0.00, 0.00, 0.00, 1.00
1090,  0,  36.846,  0.98,  1, 0.00, 0.00, 1.35, 0.00, 0.00, 0.00, 0.00, 1.69, 0.69, 1.27, 0.22, 0.93, 0.00, 0.01, 0.67, 0.00, 0.97, 0.00, 0.00, 1.00, 0.00, 0.00, 0.00, 0.00, 1.00, 0.00, 1.00, 0.00, 0.00, 0.00, 0.00, 0.00, 0.00, 0.00, 1.00
1091,  0,  36.880,  0.98,  1, 0.00, 0.00, 1.37, 0.00, 0.00, 0.00, 0.00, 1.83, 0.70, 1.38, 0.21, 0.88, 0.00, 0.00, 0.64, 0.00, 0.99, 0.00, 0.00, 1.00, 0.00, 0.00, 0.00, 0.00, 1.00, 0.00, 1.00, 0.00, 0.00, 0.00, 0.00, 0.00, 0.00, 0.00, 1.00
1092,  0,  36.914,  0.98,  1, 0.00, 0.00, 1.35, 0.00, 0.01, 0.00, 0.11, 1.98, 0.70, 1.42, 0.19, 0.84, 0.00, 0.00, 0.51, 0.01, 1.10, 0.00, 0.00, 1.00, 0.00, 0.00, 0.00, 0.00, 1.00, 0.00, 1.00, 0.00, 0.00, 0.00, 0.00, 0.00, 0.00, 0.00, 1.00
1093,  0,  36.947,  0.98,  1, 0.00, 0.00, 1.27, 0.00, 0.01, 0.00, 0.11, 1.92, 0.68, 1.33, 0.27, 0.79, 0.00, 0.00, 0.44, 0.01, 1.26, 0.00, 0.00, 1.00, 0.00, 0.00, 0.00, 0.00, 1.00, 0.00, 1.00, 0.00, 0.00, 0.00, 0.00, 0.00, 0.00, 0.00, 1.00
1094,  0,  36.981,  0.98,  1, 0.00, 0.00, 1.13, 0.00, 0.01, 0.00, 0.12, 1.80, 0.65, 1.19, 0.24, 0.86, 0.00, 0.00, 0.48, 0.10, 1.49, 0.00, 0.00, 1.00, 0.00, 0.00, 0.00, 0.00, 1.00, 0.00, 1.00, 0.00, 0.00, 0.00, 0.00, 0.00, 0.00, 0.00, 1.00
1095,  0,  37.015,  0.98,  1, 0.00, 0.00, 1.07, 0.00, 0.00, 0.00, 0.09, 1.63, 0.60, 1.16, 0.16, 0.92, 0.00, 0.00, 0.57, 0.09, 1.41, 0.00, 0.00, 1.00, 0.00, 0.00, 0.00, 0.00, 1.00, 0.00, 1.00, 0.00, 0.00, 0.00, 0.00, 0.00, 0.00, 0.00, 1.00
1096,  0,  37.049,  0.98,  1, 0.00, 0.00, 1.16, 0.00, 0.01, 0.00, 0.19, 1.68, 0.58, 1.24, 0.08, 1.06, 0.00, 0.00, 0.51, 0.14, 1.29, 0.00, 0.00, 0.00, 0.00, 0.00, 0.00, 0.00, 1.00, 0.00, 1.00, 0.00, 1.00, 0.00, 0.00, 0.00, 0.00, 0.00, 1.00
1097,  0,  37.083,  0.98,  1, 0.00, 0.00, 1.14, 0.00, 0.05, 0.00, 0.26, 1.78, 0.61, 1.22, 0.20, 1.16, 0.04, 0.00, 0.55, 0.08, 0.90, 0.00, 0.00, 0.00, 0.00, 0.00, 0.00, 0.00, 1.00, 0.00, 1.00, 0.00, 1.00, 0.00, 0.00, 0.00, 0.00, 0.00, 1.00
1098,  0,  37.117,  0.98,  1, 0.00, 0.00, 1.16, 0.00, 0.10, 0.00, 0.28, 1.78, 0.66, 1.28, 0.37, 1.15, 0.04, 0.00, 0.52, 0.17, 0.62, 0.00, 0.00, 0.00, 0.00, 0.00, 0.00, 0.00, 1.00, 0.00, 1.00, 0.00, 1.00, 0.00, 0.00, 0.00, 0.00, 0.00, 1.00
1099,  0,  37.150,  0.98,  1, 0.00, 0.00, 1.08, 0.00, 0.18, 0.00, 0.26, 1.73, 0.67, 1.19, 0.36, 1.13, 0.04, 0.00, 0.54, 0.15, 0.28, 0.00, 0.00, 0.00, 0.00, 0.00, 0.00, 0.00, 1.00, 0.00, 1.00, 0.00, 1.00, 0.00, 0.00, 0.00, 0.00, 0.00, 1.00
1100,  0,  37.184,  0.98,  1, 0.00, 0.00, 1.09, 0.00, 0.19, 0.00, 0.29, 1.66, 0.66, 1.17, 0.37, 0.92, 0.00, 0.00, 0.47, 0.11, 0.20, 0.00, 0.00, 0.00, 0.00, 0.00, 0.00, 0.00, 1.00, 0.00, 1.00, 0.00, 0.00, 0.00, 0.00, 0.00, 0.00, 0.00, 1.00
1101,  0,  37.218,  0.98,  1, 0.00, 0.00, 0.98, 0.00, 0.22, 0.00, 0.34, 1.76, 0.67, 1.14, 0.32, 0.88, 0.00, 0.00, 0.47, 0.03, 0.07, 0.00, 0.00, 0.00, 0.00, 0.00, 0.00, 0.00, 1.00, 0.00, 1.00, 0.00, 0.00, 0.00, 0.00, 0.00, 0.00, 0.00, 1.00
1102,  0,  37.252,  0.98,  1, 0.00, 0.00, 0.96, 0.00, 0.22, 0.00, 0.36, 1.87, 0.74, 1.33, 0.32, 0.72, 0.00, 0.00, 0.53, 0.00, 0.09, 0.00, 0.00, 0.00, 0.00, 0.00, 0.00, 0.00, 1.00, 0.00, 1.00, 0.00, 0.00, 0.00, 0.00, 0.00, 0.00, 0.00, 1.00
1103,  0,  37.286,  0.98,  1, 0.00, 0.00, 1.02, 0.00, 0.21, 0.00, 0.29, 1.95, 0.82, 1.29, 0.34, 0.69, 0.00, 0.00, 0.56, 0.00, 0.02, 0.00, 0.00, 0.00, 0.00, 0.00, 0.00, 0.00, 1.00, 0.00, 1.00, 0.00, 0.00, 0.00, 0.00, 0.00, 0.00, 0.00, 1.00
1104,  0,  37.320,  0.98,  1, 0.00, 0.00, 1.00, 0.00, 0.20, 0.00, 0.16, 1.95, 0.85, 1.33, 0.22, 0.75, 0.00, 0.00, 0.49, 0.01, 0.02, 0.00, 0.00, 0.00, 0.00, 0.00, 0.00, 0.00, 1.00, 0.00, 1.00, 0.00, 0.00, 0.00, 0.00, 0.00, 0.00, 0.00, 0.00
1105,  0,  37.353,  0.98,  1, 0.00, 0.00, 0.98, 0.00, 0.19, 0.00, 0.18, 1.93, 0.86, 1.32, 0.22, 0.99, 0.00, 0.00, 0.60, 0.28, 0.00, 0.00, 0.00, 0.00, 0.00, 0.00, 0.00, 0.00, 1.00, 0.00, 1.00, 0.00, 0.00, 0.00, 0.00, 0.00, 0.00, 0.00, 0.00
1106,  0,  37.387,  0.98,  1, 0.00, 0.00, 0.81, 0.00, 0.22, 0.00, 0.21, 1.85, 0.86, 1.48, 0.12, 1.10, 0.00, 0.05, 0.54, 0.41, 0.00, 0.00, 0.00, 0.00, 0.00, 0.00, 0.00, 0.00, 1.00, 0.00, 1.00, 0.00, 0.00, 0.00, 0.00, 0.00, 0.00, 0.00, 0.00
1107,  0,  37.421,  0.98,  1, 0.00, 0.00, 0.89, 0.00, 0.26, 0.00, 0.30, 1.82, 0.89, 1.60, 0.28, 1.09, 0.00, 0.06, 0.57, 0.39, 0.00, 0.00, 0.00, 0.00, 0.00, 0.00, 0.00, 0.00, 1.00, 0.00, 1.00, 0.00, 0.00, 0.00, 0.00, 0.00, 0.00, 0.00, 0.00
1108,  0,  37.455,  0.98,  1, 0.00, 0.00, 0.96, 0.00, 0.24, 0.00, 0.21, 1.82, 0.89, 1.65, 0.20, 0.98, 0.00, 0.11, 0.42, 0.32, 0.02, 0.00, 0.00, 0.00, 0.00, 0.00, 0.00, 0.00, 1.00, 0.00, 1.00, 0.00, 1.00, 0.00, 0.00, 0.00, 0.00, 0.00, 0.00
1109,  0,  37.489,  0.98,  1, 0.00, 0.00, 1.18, 0.00, 0.17, 0.00, 0.19, 1.69, 0.80, 1.62, 0.16, 0.98, 0.00, 0.20, 0.44, 0.25, 0.02, 0.00, 0.00, 1.00, 0.00, 0.00, 0.00, 0.00, 1.00, 0.00, 1.00, 0.00, 1.00, 0.00, 0.00, 0.00, 0.00, 0.00, 0.00
1110,  0,  37.523,  0.98,  1, 0.00, 0.00, 1.23, 0.00, 0.07, 0.00, 0.10, 1.73, 0.81, 1.48, 0.10, 1.00, 0.00, 0.29, 0.43, 0.55, 0.02, 0.00, 0.00, 1.00, 0.00, 0.00, 0.00, 0.00, 1.00, 0.00, 1.00, 0.00, 0.00, 0.00, 0.00, 0.00, 0.00, 0.00, 0.00
1111,  0,  37.556,  0.98,  1, 0.00, 0.00, 1.28, 0.00, 0.02, 0.00, 0.13, 1.76, 0.83, 1.34, 0.10, 1.03, 0.00, 0.25, 0.37, 0.42, 0.00, 0.00, 0.00, 1.00, 0.00, 0.00, 0.00, 0.00, 1.00, 0.00, 1.00, 0.00, 1.00, 0.00, 0.00, 0.00, 0.00, 0.00, 0.00
1112,  0,  37.590,  0.98,  1, 0.00, 0.00, 1.27, 0.00, 0.02, 0.00, 0.07, 1.82, 0.95, 1.29, 0.10, 0.96, 0.00, 0.13, 0.36, 0.49, 0.00, 0.00, 0.00, 1.00, 0.00, 0.00, 0.00, 0.00, 1.00, 0.00, 1.00, 0.00, 0.00, 0.00, 0.00, 0.00, 0.00, 0.00, 0.00
1113,  0,  37.624,  0.98,  1, 0.00, 0.00, 1.30, 0.00, 0.02, 0.00, 0.07, 1.68, 0.89, 1.42, 0.01, 0.90, 0.00, 0.25, 0.23, 0.37, 0.00, 0.00, 0.00, 1.00, 0.00, 0.00, 0.00, 0.00, 1.00, 0.00, 1.00, 0.00, 1.00, 0.00, 0.00, 0.00, 0.00, 0.00, 0.00
1114,  0,  37.658,  0.98,  1, 0.00, 0.00, 1.23, 0.00, 0.00, 0.00, 0.00, 1.48, 0.88, 1.50, 0.04, 0.81, 0.00, 0.41, 0.24, 0.64, 0.00, 0.00, 0.00, 1.00, 0.00, 0.00, 0.00, 0.00, 1.00, 0.00, 1.00, 0.00, 1.00, 0.00, 0.00, 0.00, 0.00, 0.00, 0.00
1115,  0,  37.692,  0.98,  1, 0.00, 0.04, 1.23, 0.00, 0.00, 0.00, 0.05, 1.51, 0.85, 1.55, 0.04, 0.84, 0.00, 0.59, 0.22, 0.71, 0.00, 0.00, 0.00, 1.00, 0.00, 0.00, 0.00, 0.00, 1.00, 0.00, 1.00, 0.00, 0.00, 0.00, 0.00, 0.00, 0.00, 0.00, 0.00
1116,  0,  37.726,  0.98,  1, 0.02, 0.04, 1.29, 0.04, 0.00, 0.00, 0.06, 1.57, 0.93, 1.55, 0.03, 0.78, 0.00, 0.43, 0.42, 0.83, 0.00, 0.00, 0.00, 1.00, 0.00, 0.00, 0.00, 0.00, 1.00, 0.00, 1.00, 0.00, 0.00, 0.00, 0.00, 0.00, 0.00, 0.00, 0.00
1117,  0,  37.759,  0.98,  1, 0.02, 0.04, 1.46, 0.04, 0.00, 0.00, 0.24, 1.71, 0.97, 1.50, 0.16, 0.64, 0.00, 0.27, 0.57, 0.71, 0.00, 0.00, 1.00, 1.00, 0.00, 0.00, 0.00, 0.00, 1.00, 0.00, 1.00, 0.00, 0.00, 0.00, 0.00, 0.00, 0.00, 0.00, 0.00
1118,  0,  37.793,  0.98,  1, 0.03, 0.00, 1.52, 0.04, 0.00, 0.00, 0.39, 1.81, 0.97, 1.47, 0.26, 0.58, 0.00, 0.13, 0.65, 0.72, 0.00, 0.00, 1.00, 1.00, 0.00, 0.00, 0.00, 0.00, 1.00, 0.00, 1.00, 0.00, 0.00, 0.00, 0.00, 0.00, 0.00, 0.00, 0.00
1119,  0,  37.827,  0.98,  1, 0.04, 0.00, 1.45, 0.00, 0.00, 0.00, 0.54, 1.82, 0.90, 1.28, 0.31, 0.61, 0.00, 0.14, 0.86, 0.84, 0.00, 0.00, 1.00, 1.00, 0.00, 0.00, 0.00, 0.00, 1.00, 0.00, 1.00, 0.00, 1.00, 0.00, 0.00, 0.00, 0.00, 0.00, 0.00
1120,  0,  37.861,  0.98,  1, 0.04, 0.00, 1.27, 0.00, 0.00, 0.00, 0.52, 1.90, 0.90, 1.27, 0.38, 0.83, 0.00, 0.29, 0.92, 1.08, 0.00, 0.00, 1.00, 1.00, 0.00, 0.00, 0.00, 0.00, 1.00, 0.00, 1.00, 0.00, 1.00, 0.00, 0.00, 0.00, 0.00, 0.00, 0.00
1121,  0,  37.895,  0.98,  1, 0.11, 0.00, 1.23, 0.00, 0.00, 0.00, 0.47, 1.86, 0.92, 1.30, 0.45, 0.92, 0.00, 0.26, 1.06, 1.21, 0.00, 0.00, 1.00, 1.00, 0.00, 0.00, 0.00, 0.00, 1.00, 0.00, 1.00, 0.00, 1.00, 0.00, 0.00, 0.00, 0.00, 0.00, 0.00
1122,  0,  37.929,  0.98,  1, 0.08, 0.00, 1.16, 0.00, 0.00, 0.00, 0.43, 1.88, 0.97, 1.43, 0.59, 1.05, 0.00, 0.37, 0.96, 1.36, 0.00, 0.00, 1.00, 1.00, 0.00, 0.00, 0.00, 0.00, 1.00, 0.00, 1.00, 0.00, 1.00, 0.00, 0.00, 0.00, 0.00, 0.00, 0.00
1123,  0,  37.962,  0.98,  1, 0.12, 0.03, 1.13, 0.00, 0.00, 0.00, 0.43, 1.85, 0.89, 1.41, 0.54, 0.97, 0.00, 0.40, 1.04, 1.37, 0.00, 0.00, 1.00, 1.00, 0.00, 0.00, 0.00, 0.00, 1.00, 0.00, 1.00, 0.00, 1.00, 0.00, 0.00, 1.00, 0.00, 0.00, 0.00
1124,  0,  37.996,  0.98,  1, 0.04, 0.03, 1.02, 0.00, 0.00, 0.00, 0.36, 1.86, 0.85, 1.33, 0.44, 1.02, 0.01, 0.67, 0.97, 1.42, 0.00, 0.00, 1.00, 1.00, 0.00, 0.00, 0.00, 0.00, 1.00, 0.00, 1.00, 0.00, 1.00, 0.00, 0.00, 1.00, 1.00, 0.00, 0.00
1125,  0,  38.030,  0.98,  1, 0.07, 0.09, 1.06, 0.00, 0.00, 0.00, 0.35, 1.87, 0.79, 1.22, 0.36, 0.85, 0.01, 0.64, 1.04, 1.34, 0.00, 0.00, 1.00, 1.00, 0.00, 0.00, 0.00, 0.00, 1.00, 0.00, 1.00, 0.00, 1.00, 0.00, 0.00, 1.00, 1.00, 0.00, 0.00
1126,  0,  38.064,  0.98,  1, 0.03, 0.05, 1.06, 0.00, 0.01, 0.00, 0.27, 1.87, 0.86, 1.23, 0.36, 0.87, 0.01, 0.78, 0.93, 1.25, 0.00, 0.00, 1.00, 1.00, 0.00, 0.00, 0.00, 0.00, 1.00, 0.00, 1.00, 0.00, 1.00, 1.00, 0.00, 1.00, 1.00, 0.00, 0.00
1127,  0,  38.098,  0.98,  1, 0.07, 0.05, 1.06, 0.00, 0.01, 0.00, 0.40, 1.86, 0.84, 1.33, 0.49, 0.86, 0.05, 0.63, 1.07, 1.22, 0.00, 0.00, 1.00, 1.00, 0.00, 0.00, 0.00, 0.00, 1.00, 0.00, 1.00, 0.00, 1.00, 1.00, 0.00, 1.00, 1.00, 0.00, 0.00
1128,  0,  38.132,  0.98,  1, 0.04, 0.00, 1.13, 0.00, 0.01, 0.00, 0.42, 1.82, 0.79, 1.31, 0.59, 0.95, 0.05, 0.63, 0.93, 1.09, 0.00, 0.00, 1.00, 1.00, 0.00, 0.00, 0.00, 0.00, 1.00, 0.00, 1.00, 0.00, 1.00, 1.00, 0.00, 1.00, 1.00, 0.00, 0.00
1129,  0,  38.165,  0.98,  1, 0.04, 0.00, 1.15, 0.00, 0.00, 0.00, 0.42, 1.82, 0.75, 1.31, 0.56, 0.94, 0.05, 0.62, 0.88, 1.15, 0.00, 0.00, 1.00, 1.00, 0.00, 0.00, 0.00, 0.00, 1.00, 0.00, 1.00, 0.00, 0.00, 1.00, 0.00, 1.00, 1.00, 0.00, 0.00
1130,  0,  38.199,  0.98,  1, 0.11, 0.01, 1.14, 0.00, 0.00, 0.00, 0.32, 1.84, 0.81, 1.28, 0.59, 0.85, 0.02, 0.54, 0.75, 1.26, 0.00, 0.00, 1.00, 1.00, 0.00, 0.00, 0.00, 0.00, 1.00, 0.00, 1.00, 0.00, 0.00, 1.00, 0.00, 1.00, 0.00, 0.00, 0.00
1131,  0,  38.233,  0.98,  1, 0.11, 0.01, 1.01, 0.00, 0.00, 0.00, 0.32, 1.92, 0.90, 1.38, 0.51, 0.59, 0.04, 0.49, 0.95, 1.25, 0.00, 0.00, 1.00, 1.00, 0.00, 0.00, 0.00, 0.00, 1.00, 0.00, 1.00, 0.00, 0.00, 1.00, 0.00, 1.00, 0.00, 0.00, 0.00
1132,  0,  38.267,  0.98,  1, 0.19, 0.01, 1.01, 0.00, 0.00, 0.00, 0.40, 1.89, 0.93, 1.41, 0.52, 0.47, 0.04, 0.24, 1.05, 1.05, 0.00, 0.00, 1.00, 1.00, 0.00, 0.00, 0.00, 0.00, 1.00, 0.00, 1.00, 0.00, 0.00, 0.00, 0.00, 1.00, 0.00, 0.00, 0.00
1133,  0,  38.301,  0.98,  1, 0.14, 0.00, 1.14, 0.00, 0.00, 0.00, 0.44, 1.89, 0.90, 1.44, 0.44, 0.44, 0.02, 0.15, 1.03, 0.76, 0.00, 0.00, 1.00, 1.00, 0.00, 0.00, 0.00, 0.00, 1.00, 0.00, 1.00, 0.00, 0.00, 0.00, 0.00, 1.00, 0.00, 0.00, 0.00
1134,  0,  38.335,  0.98,  1, 0.14, 0.00, 1.24, 0.00, 0.00, 0.00, 0.44, 1.95, 0.91, 1.35, 0.47, 0.63, 0.00, 0.18, 0.75, 0.78, 0.00, 1.00, 1.00, 1.00, 0.00, 0.00, 0.00, 0.00, 1.00, 0.00, 1.00, 0.00, 0.00, 0.00, 0.00, 1.00, 0.00, 0.00, 0.00
1135,  0,  38.368,  0.98,  1, 0.14, 0.00, 1.34, 0.00, 0.00, 0.00, 0.52, 2.06, 0.87, 1.38, 0.45, 0.58, 0.00, 0.12, 0.65, 0.72, 0.00, 0.00, 1.00, 1.00, 0.00, 0.00, 0.00, 0.00, 1.00, 0.00, 1.00, 0.00, 0.00, 0.00, 0.00, 1.00, 0.00, 0.00, 0.00
1136,  0,  38.402,  0.98,  1, 0.13, 0.00, 1.28, 0.00, 0.00, 0.00, 0.54, 2.07, 0.94, 1.42, 0.48, 0.58, 0.00, 0.13, 0.65, 0.69, 0.00, 1.00, 1.00, 1.00, 0.00, 0.00, 0.00, 0.00, 1.00, 0.00, 1.00, 0.00, 0.00, 0.00, 0.00, 1.00, 0.00, 0.00, 0.00
1137,  0,  38.436,  0.98,  1, 0.20, 0.00, 1.21, 0.00, 0.00, 0.00, 0.51, 2.04, 0.92, 1.51, 0.45, 0.55, 0.00, 0.01, 0.79, 0.63, 0.00, 0.00, 1.00, 1.00, 0.00, 0.00, 0.00, 0.00, 1.00, 0.00, 1.00, 0.00, 0.00, 0.00, 0.00, 1.00, 0.00, 0.00, 0.00
1138,  0,  38.470,  0.98,  1, 0.23, 0.00, 1.16, 0.00, 0.00, 0.00, 0.43, 1.90, 0.94, 1.49, 0.40, 0.53, 0.00, 0.01, 0.90, 0.68, 0.00, 0.00, 1.00, 1.00, 0.00, 0.00, 0.00, 0.00, 1.00, 0.00, 1.00, 0.00, 0.00, 0.00, 0.00, 1.00, 0.00, 0.00, 0.00
1139,  0,  38.504,  0.98,  1, 0.28, 0.00, 1.13, 0.00, 0.00, 0.00, 0.46, 1.90, 0.88, 1.37, 0.37, 0.41, 0.00, 0.00, 0.92, 0.72, 0.00, 0.00, 1.00, 1.00, 0.00, 0.00, 0.00, 0.00, 1.00, 0.00, 1.00, 0.00, 0.00, 0.00, 0.00, 1.00, 0.00, 0.00, 0.00
1140,  0,  38.538,  0.98,  1, 0.27, 0.00, 1.08, 0.00, 0.00, 0.00, 0.51, 1.92, 0.88, 1.36, 0.35, 0.26, 0.00, 0.00, 0.90, 0.54, 0.00, 0.00, 1.00, 1.00, 0.00, 0.00, 0.00, 0.00, 1.00, 0.00, 1.00, 0.00, 0.00, 0.00, 0.00, 1.00, 0.00, 0.00, 0.00
1141,  0,  38.571,  0.98,  1, 0.23, 0.00, 0.94, 0.00, 0.00, 0.00, 0.45, 2.01, 0.83, 1.37, 0.44, 0.33, 0.00, 0.00, 0.73, 0.40, 0.00, 0.00, 1.00, 1.00, 0.00, 0.00, 0.00, 0.00, 1.00, 0.00, 1.00, 0.00, 0.00, 0.00, 0.00, 1.00, 0.00, 0.00, 0.00
1142,  0,  38.605,  0.98,  1, 0.13, 0.00, 0.91, 0.00, 0.00, 0.00, 0.39, 1.98, 0.81, 1.39, 0.42, 0.39, 0.00, 0.03, 0.49, 0.36, 0.00, 0.00, 1.00, 1.00, 0.00, 0.00, 0.00, 0.00, 1.00, 0.00, 1.00, 0.00, 0.00, 0.00, 0.00, 1.00, 0.00, 0.00, 0.00
1143,  0,  38.639,  0.98,  1, 0.07, 0.00, 0.94, 0.00, 0.00, 0.00, 0.33, 1.96, 0.81, 1.36, 0.40, 0.45, 0.00, 0.03, 0.22, 0.44, 0.00, 0.00, 1.00, 1.00, 0.00, 0.00, 0.00, 0.00, 1.00, 0.00, 1.00, 0.00, 0.00, 0.00, 0.00, 1.00, 0.00, 0.00, 0.00
1144,  0,  38.673,  0.98,  1, 0.00, 0.00, 0.94, 0.00, 0.02, 0.00, 0.26, 1.91, 0.90, 1.27, 0.25, 0.38, 0.00, 0.07, 0.16, 0.44, 0.00, 0.00, 1.00, 1.00, 0.00, 0.00, 0.00, 0.00, 1.00, 0.00, 1.00, 0.00, 0.00, 0.00, 0.00, 0.00, 0.00, 0.00, 0.00
1145,  0,  38.707,  0.98,  1, 0.00, 0.00, 0.99, 0.00, 0.02, 0.00, 0.15, 1.91, 0.94, 1.23, 0.13, 0.44, 0.04, 0.05, 0.17, 0.43, 0.00, 0.00, 1.00, 1.00, 0.00, 0.00, 0.00, 0.00, 1.00, 0.00, 1.00, 0.00, 0.00, 0.00, 0.00, 0.00, 0.00, 0.00, 0.00
1146,  0,  38.741,  0.98,  1, 0.00, 0.00, 1.02, 0.01, 0.02, 0.00, 0.06, 1.89, 0.98, 1.25, 0.11, 0.60, 0.10, 0.10, 0.25, 0.32, 0.00, 0.00, 0.00, 0.00, 0.00, 0.00, 0.00, 0.00, 1.00, 0.00, 1.00, 0.00, 0.00, 0.00, 0.00, 0.00, 0.00, 0.00, 0.00
1147,  0,  38.774,  0.98,  1, 0.00, 0.00, 1.06, 0.01, 0.00, 0.00, 0.05, 1.82, 0.97, 1.32, 0.12, 0.77, 0.10, 0.10, 0.29, 0.29, 0.00, 0.00, 0.00, 0.00, 0.00, 0.00, 0.00, 0.00, 1.00, 0.00, 1.00, 0.00, 0.00, 0.00, 0.00, 0.00, 0.00, 0.00, 0.00
1148,  0,  38.808,  0.98,  1, 0.00, 0.00, 1.06, 0.01, 0.00, 0.00, 0.08, 1.87, 0.96, 1.32, 0.12, 0.83, 0.07, 0.09, 0.24, 0.23, 0.00, 0.00, 0.00, 0.00, 0.00, 0.00, 0.00, 0.00, 1.00, 0.00, 1.00, 0.00, 0.00, 0.00, 0.00, 0.00, 0.00, 0.00, 0.00
1149,  0,  38.842,  0.98,  1, 0.00, 0.00, 1.01, 0.00, 0.00, 0.00, 0.07, 1.89, 0.94, 1.35, 0.13, 0.88, 0.00, 0.06, 0.29, 0.33, 0.00, 0.00, 0.00, 0.00, 0.00, 0.00, 0.00, 0.00, 1.00, 0.00, 1.00, 0.00, 0.00, 0.00, 0.00, 0.00, 0.00, 0.00, 0.00
1150,  0,  38.876,  0.98,  1, 0.00, 0.00, 1.02, 0.00, 0.00, 0.00, 0.06, 1.93, 0.94, 1.41, 0.12, 0.97, 0.00, 0.03, 0.20, 0.44, 0.00, 0.00, 0.00, 0.00, 0.00, 0.00, 0.00, 0.00, 1.00, 0.00, 1.00, 0.00, 0.00, 0.00, 0.00, 0.00, 0.00, 0.00, 0.00
1151,  0,  38.910,  0.98,  1, 0.00, 0.00, 0.98, 0.00, 0.00, 0.00, 0.06, 1.94, 0.96, 1.48, 0.11, 0.92, 0.00, 0.03, 0.27, 0.49, 0.00, 0.00, 0.00, 0.00, 0.00, 0.00, 0.00, 0.00, 1.00, 0.00, 1.00, 0.00, 0.00, 0.00, 0.00, 0.00, 0.00, 0.00, 0.00
1152,  0,  38.944,  0.98,  1, 0.00, 0.00, 1.06, 0.00, 0.00, 0.00, 0.11, 1.84, 0.99, 1.50, 0.15, 0.86, 0.00, 0.01, 0.32, 0.41, 0.00, 0.00, 0.00, 0.00, 0.00, 0.00, 0.00, 0.00, 1.00, 0.00, 1.00, 0.00, 0.00, 0.00, 0.00, 0.00, 0.00, 0.00, 0.00
1153,  0,  38.977,  0.98,  1, 0.00, 0.00, 1.09, 0.00, 0.00, 0.00, 0.11, 1.92, 0.97, 1.42, 0.15, 0.67, 0.00, 0.00, 0.42, 0.35, 0.00, 0.00, 0.00, 1.00, 0.00, 0.00, 0.00, 0.00, 1.00, 0.00, 1.00, 0.00, 0.00, 0.00, 0.00, 0.00, 0.00, 0.00, 0.00
1154,  0,  39.011,  0.98,  1, 0.03, 0.00, 1.17, 0.00, 0.00, 0.00, 0.05, 1.80, 0.92, 1.36, 0.32, 0.65, 0.00, 0.05, 0.47, 0.24, 0.00, 0.00, 0.00, 1.00, 0.00, 0.00, 0.00, 0.00, 1.00, 0.00, 1.00, 0.00, 0.00, 0.00, 0.00, 0.00, 0.00, 0.00, 0.00
1155,  0,  39.045,  0.98,  1, 0.09, 0.00, 1.15, 0.00, 0.00, 0.00, 0.01, 1.80, 0.88, 1.33, 0.21, 0.77, 0.00, 0.12, 0.30, 0.26, 0.00, 0.00, 0.00, 1.00, 0.00, 0.00, 0.00, 0.00, 1.00, 0.00, 1.00, 0.00, 0.00, 0.00, 0.00, 0.00, 0.00, 0.00, 0.00
1156,  0,  39.079,  0.98,  1, 0.13, 0.04, 1.16, 0.08, 0.00, 0.00, 0.01, 1.65, 0.90, 1.32, 0.19, 0.93, 0.00, 0.31, 0.15, 0.28, 0.00, 0.00, 0.00, 1.00, 0.00, 0.00, 0.00, 0.00, 1.00, 0.00, 1.00, 0.00, 0.00, 0.00, 0.00, 0.00, 0.00, 0.00, 0.00
1157,  0,  39.113,  0.98,  1, 0.16, 0.04, 1.18, 0.15, 0.00, 0.00, 0.01, 1.59, 0.91, 1.31, 0.05, 0.99, 0.00, 0.43, 0.10, 0.44, 0.00, 0.00, 0.00, 1.00, 0.00, 0.00, 0.00, 0.00, 1.00, 0.00, 1.00, 0.00, 0.00, 0.00, 0.00, 0.00, 0.00, 0.00, 0.00
1158,  0,  39.147,  0.98,  1, 0.18, 0.05, 1.25, 0.15, 0.00, 0.00, 0.00, 1.64, 0.92, 1.38, 0.11, 0.96, 0.00, 0.43, 0.20, 0.66, 0.00, 0.00, 0.00, 1.00, 0.00, 0.00, 0.00, 0.00, 1.00, 0.00, 1.00, 0.00, 0.00, 0.00, 0.00, 0.00, 0.00, 0.00, 0.00
1159,  0,  39.181,  0.98,  1, 0.25, 0.02, 1.27, 0.07, 0.00, 0.00, 0.13, 1.77, 0.92, 1.39, 0.23, 1.01, 0.00, 0.36, 0.30, 0.93, 0.00, 0.00, 0.00, 1.00, 0.00, 0.00, 0.00, 0.00, 1.00, 0.00, 1.00, 0.00, 0.00, 0.00, 0.00, 0.00, 0.00, 0.00, 0.00
1160,  0,  39.214,  0.98,  1, 0.30, 0.02, 1.29, 0.05, 0.00, 0.00, 0.24, 1.92, 0.93, 1.55, 0.33, 0.98, 0.00, 0.26, 0.42, 1.08, 0.00, 0.00, 0.00, 1.00, 0.00, 0.00, 0.00, 0.00, 1.00, 0.00, 1.00, 0.00, 0.00, 0.00, 0.00, 0.00, 0.00, 0.00, 0.00
1161,  0,  39.248,  0.98,  1, 0.33, 0.00, 1.31, 0.05, 0.00, 0.00, 0.33, 1.92, 0.86, 1.53, 0.45, 0.89, 0.00, 0.25, 0.57, 1.02, 0.00, 0.00, 0.00, 1.00, 0.00, 0.00, 0.00, 0.00, 1.00, 0.00, 1.00, 0.00, 0.00, 0.00, 0.00, 0.00, 0.00, 0.00, 0.00
1162,  0,  39.282,  0.98,  1, 0.28, 0.03, 1.23, 0.05, 0.00, 0.00, 0.26, 1.80, 0.85, 1.55, 0.53, 0.86, 0.00, 0.46, 0.78, 1.07, 0.00, 0.00, 0.00, 1.00, 0.00, 0.00, 0.00, 0.00, 1.00, 0.00, 1.00, 0.00, 0.00, 0.00, 0.00, 0.00, 0.00, 0.00, 0.00
1163,  0,  39.316,  0.98,  1, 0.22, 0.03, 1.22, 0.00, 0.00, 0.00, 0.20, 1.72, 0.86, 1.37, 0.55, 0.87, 0.02, 0.61, 0.69, 1.04, 0.00, 0.00, 0.00, 1.00, 0.00, 0.00, 0.00, 0.00, 1.00, 0.00, 1.00, 0.00, 0.00, 0.00, 0.00, 0.00, 0.00, 0.00, 0.00
1164,  0,  39.350,  0.98,  1, 0.18, 0.08, 1.13, 0.00, 0.00, 0.00, 0.10, 1.62, 0.87, 1.17, 0.56, 0.91, 0.12, 0.98, 0.70, 1.10, 0.00, 0.00, 0.00, 1.00, 0.00, 0.00, 0.00, 0.00, 1.00, 0.00, 1.00, 0.00, 0.00, 0.00, 0.00, 1.00, 1.00, 0.00, 0.00
1165,  0,  39.384,  0.98,  1, 0.12, 0.04, 1.20, 0.04, 0.00, 0.00, 0.13, 1.63, 0.79, 1.09, 0.49, 0.92, 0.14, 1.21, 0.62, 1.04, 0.00, 0.00, 0.00, 1.00, 0.00, 0.00, 0.00, 0.00, 1.00, 0.00, 1.00, 0.00, 0.00, 1.00, 0.00, 1.00, 1.00, 0.00, 0.00
1166,  0,  39.417,  0.98,  1, 0.07, 0.04, 1.21, 0.04, 0.03, 0.00, 0.14, 1.59, 0.71, 1.18, 0.45, 0.92, 0.26, 1.56, 0.66, 1.11, 0.00, 0.00, 0.00, 1.00, 0.00, 0.00, 0.00, 0.00, 1.00, 0.00, 1.00, 0.00, 0.00, 1.00, 0.00, 1.00, 1.00, 0.00, 0.00
1167,  0,  39.451,  0.98,  1, 0.04, 0.01, 1.32, 0.04, 0.06, 0.00, 0.17, 1.56, 0.76, 1.16, 0.39, 0.88, 0.19, 1.75, 0.63, 1.13, 0.00, 0.00, 0.00, 1.00, 0.00, 0.00, 0.00, 0.00, 1.00, 0.00, 1.00, 0.00, 0.00, 1.00, 0.00, 1.00, 1.00, 0.00, 0.00
1168,  0,  39.485,  0.98,  1, 0.04, 0.01, 1.32, 0.00, 0.14, 0.00, 0.14, 1.58, 0.81, 1.12, 0.38, 0.74, 0.22, 1.76, 0.67, 1.17, 0.00, 0.00, 0.00, 0.00, 0.00, 0.00, 0.00, 0.00, 1.00, 0.00, 1.00, 0.00, 0.00, 1.00, 0.00, 1.00, 1.00, 0.00, 0.00
1169,  0,  39.519,  0.98,  1, 0.04, 0.01, 1.28, 0.00, 0.23, 0.00, 0.15, 1.56, 0.85, 1.08, 0.29, 0.73, 0.08, 1.85, 0.68, 1.19, 0.00, 0.00, 0.00, 0.00, 0.00, 0.00, 0.00, 0.00, 0.00, 0.00, 1.00, 0.00, 0.00, 1.00, 0.00, 1.00, 1.00, 0.00, 0.00
1170,  0,  39.553,  0.98,  1, 0.01, 0.00, 1.21, 0.00, 0.30, 0.00, 0.20, 1.67, 0.82, 1.11, 0.20, 0.72, 0.12, 1.90, 0.70, 1.26, 0.00, 0.00, 0.00, 0.00, 0.00, 0.00, 0.00, 0.00, 0.00, 0.00, 1.00, 0.00, 0.00, 1.00, 0.00, 1.00, 1.00, 0.00, 0.00
1171,  0,  39.587,  0.98,  1, 0.09, 0.00, 1.19, 0.00, 0.25, 0.00, 0.16, 1.53, 0.78, 1.12, 0.09, 0.64, 0.14, 2.05, 0.72, 1.14, 0.00, 0.00, 0.00, 0.00, 0.00, 0.00, 0.00, 0.00, 0.00, 0.00, 1.00, 0.00, 0.00, 1.00, 0.00, 1.00, 1.00, 0.00, 0.00
1172,  0,  39.620,  0.98,  1, 0.20, 0.00, 1.29, 0.05, 0.18, 0.00, 0.09, 1.47, 0.77, 1.02, 0.11, 0.59, 0.21, 1.99, 0.82, 1.02, 0.00, 0.00, 0.00, 0.00, 0.00, 0.00, 0.00, 0.00, 0.00, 0.00, 1.00, 0.00, 0.00, 1.00, 0.00, 1.00, 1.00, 0.00, 0.00
1173,  0,  39.654,  0.98,  1, 0.25, 0.00, 1.27, 0.09, 0.16, 0.00, 0.02, 1.35, 0.80, 1.06, 0.12, 0.54, 0.25, 1.98, 0.81, 0.86, 0.00, 0.00, 0.00, 0.00, 0.00, 0.00, 0.00, 0.00, 0.00, 0.00, 1.00, 0.00, 0.00, 1.00, 0.00, 1.00, 1.00, 0.00, 0.00
1174,  0,  39.688,  0.98,  1, 0.20, 0.00, 1.22, 0.14, 0.23, 0.00, 0.00, 1.34, 0.90, 1.06, 0.11, 0.57, 0.31, 1.94, 0.72, 0.83, 0.00, 0.00, 0.00, 0.00, 0.00, 0.00, 0.00, 0.00, 0.00, 0.00, 1.00, 0.00, 0.00, 1.00, 0.00, 1.00, 1.00, 0.00, 0.00
1175,  0,  39.722,  0.98,  1, 0.13, 0.00, 1.12, 0.09, 0.25, 0.00, 0.01, 1.40, 0.95, 1.08, 0.09, 0.57, 0.44, 2.03, 0.70, 0.87, 0.00, 0.00, 0.00, 0.00, 0.00, 0.00, 0.00, 0.00, 0.00, 0.00, 1.00, 0.00, 0.00, 1.00, 0.00, 1.00, 1.00, 0.00, 0.00
1176,  0,  39.756,  0.98,  1, 0.08, 0.00, 1.16, 0.05, 0.16, 0.00, 0.02, 1.45, 0.96, 1.08, 0.02, 0.36, 0.34, 2.07, 0.82, 0.80, 0.00, 0.00, 0.00, 0.00, 0.00, 0.00, 0.00, 0.00, 1.00, 0.00, 1.00, 0.00, 0.00, 1.00, 0.00, 1.00, 1.00, 0.00, 0.00
1177,  0,  39.790,  0.98,  1, 0.08, 0.00, 1.25, 0.01, 0.13, 0.00, 0.05, 1.62, 0.94, 1.22, 0.10, 0.29, 0.21, 2.06, 0.88, 0.83, 0.00, 0.00, 0.00, 1.00, 0.00, 0.00, 0.00, 0.00, 0.00, 0.00, 1.00, 0.00, 0.00, 1.00, 0.00, 1.00, 0.00, 0.00, 0.00
1178,  0,  39.823,  0.98,  1, 0.13, 0.00, 1.32, 0.00, 0.18, 0.00, 0.10, 1.76, 0.93, 1.44, 0.22, 0.30, 0.03, 1.96, 0.78, 0.87, 0.00, 0.00, 0.00, 0.00, 0.00, 0.00, 0.00, 0.00, 0.00, 0.00, 1.00, 0.00, 0.00, 1.00, 0.00, 1.00, 0.00, 0.00, 0.00
