frame, face_id, timestamp, confidence, success, AU01_r, AU02_r, AU04_r, AU05_r, AU06_r, AU07_r, AU09_r, AU10_r, AU12_r, AU14_r, AU15_r, AU17_r, AU20_r, AU23_r, AU25_r, AU26_r, AU45_r, AU01_c, AU02_c, AU04_c, AU05_c, AU06_c, AU07_c, AU09_c, AU10_c, AU12_c, AU14_c, AU15_c, AU17_c, AU20_c, AU23_c, AU25_c, AU26_c, AU28_c, AU45_c
1,  0,  0.000,  0.98,  1, 0.00, 0.00, 0.37, 0.00, 0.00, 0.33, 0.00, 0.00, 0.00, 0.27, 0.15, 0.47, 0.00, 0.00, 0.22, 1.17, 0.55, 0.00, 1.00, 1.00, 1.00, 0.00, 1.00, 0.00, 0.00, 0.00, 0.00, 0.00, 0.00, 0.00, 0.00, 0.00, 1.00, 0.00, 0.00
2,  0,  0.067,  0.98,  1, 0.03, 0.00, 0.44, 0.00, 0.00, 0.70, 0.00, 0.00, 0.00, 0.46, 0.12, 0.36, 0.00, 0.00, 0.39, 1.05, 0.65, 0.00, 1.00, 0.00, 1.00, 0.00, 1.00, 0.00, 0.00, 0.00, 1.00, 0.00, 0.00, 0.00, 0.00, 0.00, 1.00, 0.00, 0.00
3,  0,  0.135,  0.98,  1, 0.03, 0.00, 0.59, 0.00, 0.00, 0.70, 0.00, 0.00, 0.00, 0.54, 0.07, 0.32, 0.00, 0.03, 0.51, 0.96, 0.64, 0.00, 1.00, 1.00, 1.00, 0.00, 1.00, 0.00, 0.00, 0.00, 1.00, 0.00, 0.00, 0.00, 0.00, 0.00, 1.00, 0.00, 0.00
4,  0,  0.202,  0.98,  1, 0.03, 0.00, 0.68, 0.00, 0.00, 0.63, 0.00, 0.00, 0.00, 0.59, 0.07, 0.45, 0.00, 0.03, 0.41, 1.03, 0.57, 0.00, 1.00, 1.00, 1.00, 0.00, 1.00, 0.00, 0.00, 0.00, 1.00, 0.00, 0.00, 0.00, 0.00, 0.00, 1.00, 0.00, 0.00
5,  0,  0.270,  0.98,  1, 0.00, 0.00, 0.72, 0.00, 0.00, 0.43, 0.00, 0.00, 0.00, 0.48, 0.00, 0.53, 0.00, 0.03, 0.46, 0.89, 0.49, 0.00, 1.00, 1.00, 1.00, 0.00, 1.00, 0.00, 0.00, 0.00, 1.00, 0.00, 0.00, 0.00, 0.00, 0.00, 1.00, 0.00, 0.00
6,  0,  0.337,  0.98,  1, 0.00, 0.00, 0.64, 0.00, 0.00, 0.32, 0.00, 0.00, 0.00, 0.42, 0.00, 0.61, 0.00, 0.00, 0.46, 0.85, 0.53, 0.00, 1.00, 1.00, 1.00, 0.00, 1.00, 0.00, 0.00, 0.00, 1.00, 0.00, 0.00, 0.00, 0.00, 0.00, 1.00, 0.00, 0.00
7,  0,  0.404,  0.93,  1, 0.00, 0.00, 0.69, 0.00, 0.00, 0.17, 0.00, 0.00, 0.00, 0.32, 0.00, 0.53, 0.00, 0.00, 0.46, 0.68, 0.79, 0.00, 1.00, 1.00, 1.00, 0.00, 1.00, 0.00, 0.00, 0.00, 1.00, 0.00, 0.00, 0.00, 0.00, 0.00, 0.00, 0.00, 0.00
8,  0,  0.472,  0.98,  1, 0.00, 0.01, 0.70, 0.00, 0.00, 0.12, 0.00, 0.00, 0.00, 0.35, 0.00, 0.48, 0.00, 0.00, 0.37, 0.56, 0.93, 0.00, 1.00, 1.00, 1.00, 0.00, 1.00, 0.00, 0.00, 0.00, 1.00, 0.00, 0.00, 0.00, 0.00, 0.00, 0.00, 0.00, 0.00
9,  0,  0.539,  0.98,  1, 0.00, 0.01, 0.74, 0.00, 0.00, 0.33, 0.00, 0.00, 0.00, 0.33, 0.00, 0.39, 0.00, 0.04, 0.24, 0.44, 0.96, 0.00, 1.00, 1.00, 1.00, 0.00, 1.00, 0.00, 0.00, 0.00, 1.00, 0.00, 0.00, 0.00, 0.00, 0.00, 0.00, 0.00, 0.00
10,  0,  0.606,  0.98,  1, 0.00, 0.13, 0.81, 0.00, 0.00, 0.39, 0.00, 0.00, 0.00, 0.39, 0.00, 0.41, 0.00, 0.04, 0.17, 0.45, 0.88, 0.00, 1.00, 1.00, 1.00, 0.00, 1.00, 0.00, 0.00, 0.00, 1.00, 0.00, 0.00, 0.00, 0.00, 0.00, 0.00, 0.00, 0.00
11,  0,  0.674,  0.93,  1, 0.00, 0.12, 0.76, 0.00, 0.00, 0.42, 0.00, 0.00, 0.00, 0.41, 0.00, 0.42, 0.00, 0.15, 0.10, 0.42, 0.68, 0.00, 1.00, 1.00, 1.00, 0.00, 1.00, 0.00, 0.00, 0.00, 1.00, 0.00, 0.00, 0.00, 0.00, 0.00, 0.00, 0.00, 0.00
12,  0,  0.741,  0.93,  1, 0.00, 0.12, 0.81, 0.00, 0.00, 0.30, 0.00, 0.00, 0.00, 0.45, 0.00, 0.40, 0.00, 0.23, 0.03, 0.28, 0.70, 0.00, 1.00, 1.00, 1.00, 0.00, 1.00, 0.00, 0.00, 0.00, 1.00, 0.00, 0.00, 0.00, 0.00, 0.00, 0.00, 0.00, 0.00
13,  0,  0.809,  0.98,  1, 0.00, 0.00, 0.74, 0.00, 0.00, 0.19, 0.00, 0.00, 0.00, 0.36, 0.00, 0.41, 0.00, 0.35, 0.04, 0.21, 0.60, 0.00, 1.00, 1.00, 1.00, 0.00, 1.00, 0.00, 0.00, 0.00, 1.00, 0.00, 0.00, 0.00, 0.00, 0.00, 0.00, 0.00, 0.00
14,  0,  0.876,  0.93,  1, 0.00, 0.00, 0.70, 0.00, 0.00, 0.12, 0.00, 0.00, 0.00, 0.34, 0.00, 0.26, 0.00, 0.34, 0.04, 0.14, 0.61, 0.00, 1.00, 1.00, 1.00, 0.00, 1.00, 0.00, 0.00, 0.00, 1.00, 0.00, 0.00, 0.00, 0.00, 0.00, 0.00, 0.00, 0.00
15,  0,  0.943,  0.93,  1, 0.00, 0.00, 0.71, 0.00, 0.00, 0.12, 0.00, 0.00, 0.00, 0.28, 0.00, 0.21, 0.00, 0.29, 0.11, 0.16, 0.57, 0.00, 1.00, 1.00, 1.00, 0.00, 1.00, 0.00, 0.00, 0.00, 1.00, 0.00, 0.00, 0.00, 0.00, 0.00, 0.00, 0.00, 0.00
16,  0,  1.011,  0.93,  1, 0.00, 0.00, 0.78, 0.00, 0.00, 0.24, 0.00, 0.00, 0.00, 0.30, 0.00, 0.10, 0.00, 0.22, 0.08, 0.08, 0.56, 0.00, 1.00, 1.00, 1.00, 0.00, 1.00, 0.00, 0.00, 0.00, 1.00, 0.00, 0.00, 0.00, 0.00, 0.00, 0.00, 0.00, 0.00
17,  0,  1.078,  0.93,  1, 0.00, 0.00, 0.90, 0.00, 0.00, 0.52, 0.00, 0.00, 0.00, 0.35, 0.00, 0.14, 0.00, 0.25, 0.08, 0.08, 0.72, 0.00, 1.00, 1.00, 1.00, 0.00, 1.00, 0.00, 0.00, 0.00, 1.00, 0.00, 0.00, 0.00, 0.00, 0.00, 0.00, 0.00, 0.00
18,  0,  1.145,  0.98,  1, 0.00, 0.13, 0.93, 0.00, 0.00, 0.85, 0.00, 0.00, 0.00, 0.40, 0.00, 0.16, 0.00, 0.32, 0.00, 0.06, 0.90, 0.00, 1.00, 1.00, 1.00, 0.00, 1.00, 0.00, 0.00, 0.00, 1.00, 0.00, 0.00, 0.00, 0.00, 0.00, 0.00, 0.00, 0.00
19,  0,  1.213,  0.98,  1, 0.00, 0.13, 0.88, 0.00, 0.00, 1.04, 0.00, 0.00, 0.00, 0.45, 0.00, 0.12, 0.00, 0.42, 0.00, 0.06, 0.86, 0.00, 1.00, 1.00, 1.00, 0.00, 1.00, 0.00, 0.00, 0.00, 1.00, 0.00, 0.00, 0.00, 0.00, 0.00, 0.00, 0.00, 0.00
20,  0,  1.280,  0.98,  1, 0.00, 0.15, 0.86, 0.00, 0.00, 1.00, 0.00, 0.00, 0.00, 0.43, 0.00, 0.06, 0.00, 0.45, 0.00, 0.00, 0.76, 0.00, 1.00, 1.00, 1.00, 0.00, 1.00, 0.00, 0.00, 0.00, 1.00, 0.00, 0.00, 0.00, 0.00, 0.00, 0.00, 0.00, 0.00
21,  0,  1.348,  0.98,  1, 0.00, 0.02, 0.74, 0.00, 0.00, 0.75, 0.00, 0.00, 0.00, 0.36, 0.00, 0.00, 0.00, 0.48, 0.00, 0.00, 0.51, 0.00, 1.00, 1.00, 1.00, 0.00, 1.00, 0.00, 0.00, 0.00, 1.00, 0.00, 0.00, 0.00, 0.00, 0.00, 0.00, 0.00, 0.00
22,  0,  1.415,  0.98,  1, 0.00, 0.02, 0.74, 0.00, 0.00, 0.52, 0.00, 0.00, 0.00, 0.25, 0.00, 0.00, 0.00, 0.42, 0.01, 0.00, 0.50, 0.00, 1.00, 1.00, 1.00, 0.00, 1.00, 0.00, 0.00, 0.00, 1.00, 0.00, 0.00, 0.00, 0.00, 0.00, 0.00, 0.00, 0.00
23,  0,  1.482,  0.98,  1, 0.00, 0.00, 0.76, 0.00, 0.00, 0.31, 0.00, 0.00, 0.00, 0.15, 0.00, 0.00, 0.00, 0.29, 0.06, 0.00, 0.44, 0.00, 1.00, 1.00, 1.00, 0.00, 1.00, 0.00, 0.00, 0.00, 1.00, 0.00, 0.00, 0.00, 0.00, 0.00, 0.00, 0.00, 0.00
24,  0,  1.550,  0.98,  1, 0.00, 0.00, 0.82, 0.00, 0.00, 0.25, 0.00, 0.00, 0.00, 0.11, 0.00, 0.00, 0.00, 0.20, 0.08, 0.00, 0.45, 0.00, 1.00, 1.00, 1.00, 0.00, 1.00, 0.00, 0.00, 0.00, 1.00, 0.00, 0.00, 0.00, 0.00, 0.00, 0.00, 0.00, 0.00
25,  0,  1.617,  0.98,  1, 0.00, 0.00, 0.81, 0.00, 0.00, 0.20, 0.00, 0.00, 0.00, 0.10, 0.00, 0.06, 0.00, 0.14, 0.07, 0.00, 0.44, 0.00, 1.00, 1.00, 1.00, 0.00, 1.00, 0.00, 0.00, 0.00, 1.00, 0.00, 0.00, 0.00, 0.00, 0.00, 0.00, 0.00, 0.00
26,  0,  1.685,  0.98,  1, 0.00, 0.00, 0.74, 0.00, 0.00, 0.18, 0.00, 0.00, 0.00, 0.15, 0.00, 0.06, 0.00, 0.19, 0.05, 0.00, 0.43, 0.00, 1.00, 1.00, 1.00, 0.00, 0.00, 0.00, 0.00, 0.00, 1.00, 0.00, 0.00, 0.00, 0.00, 0.00, 0.00, 0.00, 0.00
27,  0,  1.752,  0.98,  1, 0.00, 0.00, 0.72, 0.00, 0.00, 0.15, 0.00, 0.00, 0.00, 0.22, 0.00, 0.06, 0.00, 0.25, 0.09, 0.00, 0.39, 0.00, 1.00, 1.00, 1.00, 0.00, 0.00, 0.00, 0.00, 0.00, 1.00, 0.00, 0.00, 0.00, 0.00, 0.00, 0.00, 0.00, 0.00
28,  0,  1.819,  0.98,  1, 0.00, 0.00, 0.73, 0.00, 0.00, 0.22, 0.00, 0.00, 0.00, 0.19, 0.00, 0.00, 0.00, 0.26, 0.21, 0.00, 0.39, 0.00, 1.00, 1.00, 1.00, 0.00, 1.00, 0.00, 0.00, 0.00, 1.00, 0.00, 0.00, 0.00, 0.00, 0.00, 0.00, 0.00, 0.00
29,  0,  1.887,  0.98,  1, 0.00, 0.00, 0.82, 0.00, 0.00, 0.21, 0.00, 0.00, 0.00, 0.11, 0.00, 0.07, 0.00, 0.17, 0.28, 0.01, 0.42, 0.00, 1.00, 1.00, 1.00, 0.00, 1.00, 0.00, 0.00, 0.00, 1.00, 0.00, 0.00, 0.00, 0.00, 0.00, 0.00, 0.00, 0.00
30,  0,  1.954,  0.98,  1, 0.00, 0.00, 0.80, 0.00, 0.00, 0.13, 0.00, 0.00, 0.00, 0.06, 0.00, 0.07, 0.00, 0.06, 0.28, 0.01, 0.46, 0.00, 1.00, 1.00, 1.00, 0.00, 1.00, 0.00, 0.00, 0.00, 1.00, 0.00, 0.00, 0.00, 0.00, 0.00, 0.00, 0.00, 0.00
31,  0,  2.021,  0.93,  1, 0.00, 0.00, 0.82, 0.00, 0.00, 0.04, 0.00, 0.00, 0.00, 0.04, 0.00, 0.07, 0.00, 0.02, 0.27, 0.01, 0.43, 0.00, 0.00, 1.00, 1.00, 0.00, 1.00, 0.00, 0.00, 0.00, 1.00, 0.00, 0.00, 0.00, 0.00, 0.00, 0.00, 0.00, 0.00
32,  0,  2.089,  0.93,  1, 0.00, 0.00, 0.79, 0.00, 0.00, 0.14, 0.00, 0.00, 0.00, 0.08, 0.00, 0.00, 0.00, 0.02, 0.28, 0.00, 0.37, 0.00, 0.00, 1.00, 1.00, 0.00, 1.00, 0.00, 0.00, 0.00, 1.00, 0.00, 0.00, 0.00, 0.00, 0.00, 0.00, 0.00, 0.00
33,  0,  2.156,  0.93,  1, 0.00, 0.00, 0.84, 0.00, 0.00, 0.18, 0.00, 0.00, 0.00, 0.13, 0.00, 0.00, 0.00, 0.00, 0.21, 0.00, 0.31, 0.00, 0.00, 1.00, 1.00, 0.00, 1.00, 0.00, 0.00, 0.00, 1.00, 0.00, 0.00, 0.00, 0.00, 0.00, 0.00, 0.00, 0.00
34,  0,  2.224,  0.98,  1, 0.00, 0.00, 0.80, 0.00, 0.00, 0.16, 0.00, 0.00, 0.00, 0.13, 0.00, 0.01, 0.00, 0.00, 0.17, 0.00, 0.41, 0.00, 0.00, 1.00, 1.00, 0.00, 1.00, 0.00, 0.00, 0.00, 1.00, 0.00, 0.00, 0.00, 0.00, 0.00, 0.00, 0.00, 0.00
35,  0,  2.291,  0.93,  1, 0.00, 0.00, 0.74, 0.00, 0.00, 0.19, 0.00, 0.00, 0.00, 0.09, 0.00, 0.01, 0.00, 0.04, 0.06, 0.00, 0.65, 0.00, 0.00, 1.00, 1.00, 0.00, 1.00, 0.00, 0.00, 0.00, 1.00, 0.00, 0.00, 0.00, 0.00, 0.00, 0.00, 0.00, 0.00
36,  0,  2.358,  0.98,  1, 0.00, 0.00, 0.81, 0.00, 0.00, 0.29, 0.00, 0.00, 0.00, 0.03, 0.00, 0.01, 0.00, 0.05, 0.12, 0.00, 0.86, 0.00, 0.00, 1.00, 1.00, 0.00, 1.00, 0.00, 0.00, 0.00, 1.00, 0.00, 0.00, 0.00, 0.00, 0.00, 0.00, 0.00, 0.00
37,  0,  2.426,  0.93,  1, 0.00, 0.01, 0.86, 0.00, 0.00, 0.29, 0.00, 0.00, 0.00, 0.00, 0.00, 0.00, 0.00, 0.08, 0.06, 0.00, 0.83, 0.00, 0.00, 1.00, 1.00, 0.00, 0.00, 0.00, 0.00, 0.00, 1.00, 0.00, 0.00, 0.00, 0.00, 0.00, 0.00, 0.00, 0.00
38,  0,  2.493,  0.98,  1, 0.00, 0.01, 1.01, 0.00, 0.00, 0.16, 0.00, 0.00, 0.00, 0.01, 0.00, 0.00, 0.00, 0.12, 0.09, 0.00, 0.80, 0.00, 0.00, 1.00, 1.00, 0.00, 0.00, 0.00, 0.00, 0.00, 0.00, 0.00, 0.00, 0.00, 0.00, 0.00, 0.00, 0.00, 0.00
39,  0,  2.560,  0.98,  1, 0.00, 0.01, 1.03, 0.00, 0.00, 0.02, 0.00, 0.00, 0.00, 0.01, 0.00, 0.00, 0.00, 0.15, 0.03, 0.00, 0.70, 0.00, 0.00, 1.00, 1.00, 0.00, 0.00, 0.00, 0.00, 0.00, 0.00, 0.00, 0.00, 0.00, 0.00, 0.00, 0.00, 0.00, 0.00
40,  0,  2.628,  0.93,  1, 0.00, 0.07, 1.09, 0.00, 0.00, 0.15, 0.00, 0.00, 0.00, 0.01, 0.00, 0.04, 0.00, 0.15, 0.10, 0.00, 0.72, 0.00, 0.00, 1.00, 1.00, 0.00, 0.00, 0.00, 0.00, 0.00, 0.00, 0.00, 0.00, 0.00, 0.00, 0.00, 0.00, 0.00, 0.00
41,  0,  2.695,  0.98,  1, 0.00, 0.13, 1.09, 0.00, 0.00, 0.25, 0.00, 0.00, 0.00, 0.08, 0.00, 0.05, 0.00, 0.07, 0.10, 0.00, 0.57, 0.00, 1.00, 1.00, 1.00, 0.00, 0.00, 0.00, 0.00, 0.00, 1.00, 0.00, 0.00, 0.00, 0.00, 0.00, 0.00, 0.00, 0.00
42,  0,  2.763,  0.98,  1, 0.00, 0.14, 1.03, 0.00, 0.00, 0.29, 0.00, 0.00, 0.00, 0.08, 0.00, 0.05, 0.00, 0.03, 0.11, 0.00, 0.56, 0.00, 1.00, 1.00, 1.00, 0.00, 0.00, 0.00, 0.00, 0.00, 1.00, 0.00, 0.00, 0.00, 0.00, 0.00, 0.00, 0.00, 0.00
43,  0,  2.830,  0.93,  1, 0.00, 0.20, 0.88, 0.00, 0.00, 0.26, 0.00, 0.00, 0.00, 0.12, 0.00, 0.00, 0.00, 0.02, 0.03, 0.00, 0.77, 0.00, 1.00, 1.00, 1.00, 0.00, 1.00, 0.00, 0.00, 0.00, 1.00, 0.00, 0.00, 0.00, 0.00, 0.00, 0.00, 0.00, 0.00
44,  0,  2.897,  0.98,  1, 0.00, 0.17, 0.91, 0.00, 0.00, 0.77, 0.00, 0.00, 0.00, 0.11, 0.00, 0.08, 0.00, 0.00, 0.02, 0.00, 1.56, 0.00, 1.00, 1.00, 0.00, 0.00, 1.00, 0.00, 0.00, 0.00, 1.00, 0.00, 0.00, 0.00, 0.00, 0.00, 0.00, 0.00, 1.00
45,  0,  2.965,  0.98,  1, 0.00, 0.16, 0.95, 0.00, 0.00, 1.01, 0.00, 0.00, 0.00, 0.12, 0.00, 0.09, 0.00, 0.00, 0.01, 0.00, 1.68, 0.00, 1.00, 1.00, 0.00, 0.00, 1.00, 0.00, 0.00, 0.00, 1.00, 0.00, 0.00, 0.00, 0.00, 0.00, 0.00, 0.00, 1.00
46,  0,  3.032,  0.98,  1, 0.00, 0.04, 0.97, 0.00, 0.00, 0.96, 0.00, 0.00, 0.00, 0.10, 0.00, 0.11, 0.00, 0.00, 0.05, 0.00, 1.38, 0.00, 1.00, 1.00, 0.00, 0.00, 1.00, 0.00, 0.00, 0.00, 1.00, 0.00, 0.00, 0.00, 0.00, 0.00, 0.00, 0.00, 1.00
47,  0,  3.100,  0.98,  1, 0.00, 0.00, 0.82, 0.00, 0.00, 0.33, 0.00, 0.00, 0.00, 0.08, 0.00, 0.05, 0.00, 0.03, 0.04, 0.00, 0.51, 0.00, 1.00, 1.00, 0.00, 0.00, 1.00, 0.00, 0.00, 0.00, 1.00, 0.00, 0.00, 0.00, 0.00, 0.00, 0.00, 0.00, 1.00
48,  0,  3.167,  0.93,  1, 0.00, 0.00, 0.70, 0.00, 0.00, 0.06, 0.00, 0.00, 0.00, 0.07, 0.00, 0.03, 0.00, 0.09, 0.04, 0.00, 0.25, 0.00, 1.00, 1.00, 1.00, 0.00, 0.00, 0.00, 0.00, 0.00, 1.00, 0.00, 0.00, 0.00, 0.00, 0.00, 0.00, 0.00, 0.00
49,  0,  3.234,  0.98,  1, 0.00, 0.00, 0.71, 0.00, 0.00, 0.00, 0.00, 0.00, 0.00, 0.06, 0.00, 0.02, 0.00, 0.12, 0.00, 0.00, 0.12, 0.00, 0.00, 1.00, 1.00, 0.00, 0.00, 0.00, 0.00, 0.00, 1.00, 0.00, 0.00, 0.00, 0.00, 0.00, 0.00, 0.00, 0.00
50,  0,  3.302,  0.93,  1, 0.00, 0.00, 0.72, 0.00, 0.00, 0.03, 0.00, 0.00, 0.00, 0.04, 0.00, 0.01, 0.00, 0.19, 0.00, 0.00, 0.07, 0.00, 0.00, 1.00, 1.00, 0.00, 0.00, 0.00, 0.00, 0.00, 1.00, 0.00, 0.00, 0.00, 0.00, 0.00, 0.00, 0.00, 0.00
51,  0,  3.369,  0.98,  1, 0.00, 0.00, 0.79, 0.00, 0.00, 0.03, 0.00, 0.00, 0.00, 0.04, 0.00, 0.01, 0.00, 0.23, 0.00, 0.00, 0.00, 0.00, 0.00, 1.00, 1.00, 0.00, 0.00, 0.00, 0.00, 0.00, 1.00, 0.00, 0.00, 0.00, 0.00, 0.00, 0.00, 0.00, 0.00
52,  0,  3.436,  0.93,  1, 0.00, 0.01, 0.80, 0.00, 0.00, 0.03, 0.00, 0.00, 0.00, 0.04, 0.00, 0.01, 0.00, 0.28, 0.00, 0.00, 0.01, 0.00, 0.00, 1.00, 1.00, 0.00, 0.00, 0.00, 0.00, 0.00, 1.00, 0.00, 0.00, 0.00, 0.00, 0.00, 0.00, 0.00, 0.00
53,  0,  3.504,  0.93,  1, 0.00, 0.01, 0.78, 0.00, 0.00, 0.01, 0.00, 0.00, 0.00, 0.01, 0.00, 0.00, 0.00, 0.27, 0.00, 0.00, 0.01, 0.00, 0.00, 1.00, 1.00, 0.00, 0.00, 0.00, 0.00, 0.00, 1.00, 0.00, 0.00, 0.00, 0.00, 0.00, 0.00, 0.00, 0.00
54,  0,  3.571,  0.93,  1, 0.00, 0.01, 0.79, 0.00, 0.00, 0.01, 0.00, 0.00, 0.00, 0.00, 0.00, 0.00, 0.00, 0.20, 0.00, 0.00, 0.04, 0.00, 0.00, 1.00, 1.00, 0.00, 0.00, 0.00, 0.00, 0.00, 1.00, 0.00, 0.00, 0.00, 0.00, 0.00, 0.00, 0.00, 0.00
55,  0,  3.639,  0.93,  1, 0.00, 0.01, 0.79, 0.00, 0.00, 0.07, 0.00, 0.00, 0.00, 0.00, 0.00, 0.00, 0.00, 0.16, 0.00, 0.00, 0.05, 0.00, 0.00, 1.00, 1.00, 0.00, 0.00, 0.00, 0.00, 0.00, 1.00, 0.00, 0.00, 0.00, 0.00, 0.00, 0.00, 0.00, 0.00
56,  0,  3.706,  0.98,  1, 0.00, 0.00, 0.90, 0.00, 0.00, 0.22, 0.00, 0.00, 0.00, 0.01, 0.00, 0.00, 0.00, 0.10, 0.03, 0.00, 0.05, 0.00, 0.00, 1.00, 1.00, 0.00, 0.00, 0.00, 0.00, 0.00, 1.00, 0.00, 0.00, 0.00, 0.00, 0.00, 0.00, 0.00, 0.00
57,  0,  3.773,  0.98,  1, 0.00, 0.00, 1.02, 0.00, 0.00, 0.38, 0.00, 0.00, 0.00, 0.03, 0.00, 0.00, 0.00, 0.13, 0.03, 0.00, 0.02, 0.00, 0.00, 1.00, 1.00, 0.00, 1.00, 0.00, 0.00, 0.00, 1.00, 0.00, 0.00, 0.00, 0.00, 0.00, 0.00, 0.00, 0.00
58,  0,  3.841,  0.98,  1, 0.00, 0.00, 1.18, 0.00, 0.00, 0.54, 0.00, 0.00, 0.00, 0.03, 0.00, 0.00, 0.00, 0.11, 0.03, 0.00, 0.00, 0.00, 0.00, 1.00, 1.00, 0.00, 1.00, 0.00, 0.00, 0.00, 1.00, 0.00, 0.00, 0.00, 0.00, 0.00, 0.00, 0.00, 0.00
59,  0,  3.908,  0.98,  1, 0.00, 0.00, 1.39, 0.00, 0.00, 0.60, 0.00, 0.00, 0.00, 0.04, 0.00, 0.00, 0.00, 0.15, 0.00, 0.00, 0.02, 0.00, 0.00, 1.00, 1.00, 0.00, 1.00, 0.00, 0.00, 0.00, 1.00, 0.00, 0.00, 0.00, 0.00, 0.00, 0.00, 0.00, 0.00
60,  0,  3.975,  0.98,  1, 0.00, 0.00, 1.51, 0.00, 0.00, 0.43, 0.00, 0.00, 0.00, 0.05, 0.00, 0.00, 0.00, 0.16, 0.01, 0.00, 0.07, 0.00, 0.00, 1.00, 1.00, 0.00, 1.00, 0.00, 0.00, 0.00, 1.00, 0.00, 0.00, 0.00, 0.00, 0.00, 0.00, 0.00, 0.00
61,  0,  4.043,  0.98,  1, 0.00, 0.00, 1.56, 0.00, 0.00, 0.22, 0.00, 0.00, 0.00, 0.09, 0.00, 0.00, 0.00, 0.21, 0.08, 0.00, 0.07, 0.00, 0.00, 1.00, 1.00, 0.00, 0.00, 0.00, 0.00, 0.00, 1.00, 0.00, 0.00, 0.00, 0.00, 0.00, 0.00, 0.00, 0.00
62,  0,  4.110,  0.93,  1, 0.00, 0.00, 1.44, 0.00, 0.00, 0.12, 0.00, 0.00, 0.00, 0.10, 0.00, 0.00, 0.00, 0.21, 0.08, 0.00, 0.06, 0.00, 0.00, 1.00, 1.00, 0.00, 0.00, 0.00, 0.00, 0.00, 1.00, 0.00, 0.00, 0.00, 0.00, 0.00, 0.00, 0.00, 0.00
63,  0,  4.178,  0.98,  1, 0.00, 0.00, 1.31, 0.00, 0.00, 0.27, 0.00, 0.00, 0.00, 0.09, 0.00, 0.03, 0.00, 0.26, 0.15, 0.00, 0.01, 0.00, 0.00, 1.00, 1.00, 0.00, 0.00, 0.00, 0.00, 0.00, 1.00, 0.00, 0.00, 0.00, 0.00, 0.00, 0.00, 0.00, 0.00
64,  0,  4.245,  0.93,  1, 0.00, 0.00, 1.21, 0.00, 0.00, 0.42, 0.00, 0.00, 0.00, 0.06, 0.00, 0.03, 0.00, 0.25, 0.08, 0.00, 0.01, 0.00, 0.00, 1.00, 1.00, 0.00, 0.00, 0.00, 0.00, 0.00, 1.00, 0.00, 0.00, 0.00, 0.00, 0.00, 0.00, 0.00, 0.00
65,  0,  4.312,  0.93,  1, 0.00, 0.00, 1.16, 0.00, 0.00, 0.48, 0.00, 0.00, 0.00, 0.03, 0.00, 0.03, 0.00, 0.23, 0.08, 0.00, 0.00, 0.00, 0.00, 1.00, 1.00, 0.00, 0.00, 0.00, 0.00, 0.00, 1.00, 0.00, 0.00, 0.00, 0.00, 0.00, 0.00, 0.00, 0.00
66,  0,  4.380,  0.93,  1, 0.00, 0.00, 1.16, 0.00, 0.00, 0.45, 0.00, 0.00, 0.00, 0.02, 0.00, 0.03, 0.00, 0.23, 0.00, 0.00, 0.00, 0.00, 0.00, 1.00, 1.00, 0.00, 0.00, 0.00, 0.00, 0.00, 0.00, 0.00, 0.00, 0.00, 0.00, 0.00, 0.00, 0.00, 0.00
67,  0,  4.447,  0.93,  1, 0.00, 0.00, 1.13, 0.00, 0.00, 0.30, 0.00, 0.00, 0.00, 0.03, 0.00, 0.04, 0.00, 0.21, 0.00, 0.00, 0.01, 0.00, 0.00, 1.00, 1.00, 0.00, 0.00, 0.00, 0.00, 0.00, 0.00, 0.00, 0.00, 0.00, 0.00, 0.00, 0.00, 0.00, 0.00
68,  0,  4.515,  0.93,  1, 0.00, 0.00, 1.00, 0.03, 0.00, 0.13, 0.00, 0.00, 0.00, 0.04, 0.00, 0.08, 0.00, 0.21, 0.03, 0.00, 0.03, 0.00, 0.00, 1.00, 1.00, 0.00, 0.00, 0.00, 0.00, 0.00, 0.00, 0.00, 0.00, 0.00, 0.00, 0.00, 0.00, 0.00, 0.00
69,  0,  4.582,  0.93,  1, 0.00, 0.00, 0.89, 0.04, 0.00, 0.00, 0.00, 0.00, 0.00, 0.04, 0.00, 0.06, 0.00, 0.15, 0.08, 0.01, 0.03, 0.00, 0.00, 1.00, 1.00, 0.00, 0.00, 0.00, 0.00, 0.00, 0.00, 0.00, 0.00, 0.00, 0.00, 0.00, 0.00, 0.00, 0.00
70,  0,  4.649,  0.93,  1, 0.00, 0.00, 0.83, 0.04, 0.00, 0.00, 0.00, 0.00, 0.00, 0.01, 0.00, 0.11, 0.00, 0.18, 0.08, 0.01, 0.02, 0.00, 0.00, 1.00, 1.00, 0.00, 0.00, 0.00, 0.00, 0.00, 0.00, 0.00, 0.00, 0.00, 0.00, 0.00, 0.00, 0.00, 0.00
71,  0,  4.717,  0.98,  1, 0.00, 0.00, 0.73, 0.00, 0.00, 0.00, 0.00, 0.00, 0.00, 0.01, 0.00, 0.10, 0.00, 0.15, 0.04, 0.02, 0.00, 0.00, 0.00, 1.00, 1.00, 0.00, 0.00, 0.00, 0.00, 0.00, 0.00, 0.00, 0.00, 0.00, 0.00, 0.00, 0.00, 0.00, 0.00
72,  0,  4.784,  0.93,  1, 0.00, 0.00, 0.69, 0.00, 0.00, 0.01, 0.00, 0.00, 0.00, 0.01, 0.00, 0.12, 0.00, 0.11, 0.00, 0.03, 0.00, 0.00, 0.00, 1.00, 1.00, 0.00, 0.00, 0.00, 0.00, 0.00, 0.00, 0.00, 0.00, 0.00, 0.00, 0.00, 0.00, 0.00, 0.00
73,  0,  4.851,  0.93,  1, 0.00, 0.00, 0.72, 0.00, 0.00, 0.02, 0.00, 0.00, 0.00, 0.02, 0.00, 0.16, 0.00, 0.03, 0.00, 0.03, 0.02, 0.00, 0.00, 1.00, 1.00, 0.00, 0.00, 0.00, 0.00, 0.00, 0.00, 0.00, 0.00, 0.00, 0.00, 0.00, 0.00, 0.00, 0.00
74,  0,  4.919,  0.98,  1, 0.03, 0.00, 0.96, 0.00, 0.00, 0.02, 0.00, 0.00, 0.00, 0.08, 0.00, 0.29, 0.07, 0.00, 0.04, 0.02, 0.03, 0.00, 0.00, 1.00, 1.00, 0.00, 0.00, 0.00, 0.00, 0.00, 0.00, 0.00, 0.00, 0.00, 0.00, 0.00, 0.00, 0.00, 0.00
75,  0,  4.986,  0.98,  1, 0.03, 0.00, 1.04, 0.00, 0.00, 0.02, 0.00, 0.00, 0.00, 0.18, 0.00, 0.36, 0.07, 0.00, 0.16, 0.00, 0.03, 0.00, 0.00, 1.00, 1.00, 0.00, 0.00, 0.00, 0.00, 0.00, 0.00, 0.00, 0.00, 0.00, 0.00, 0.00, 0.00, 0.00, 0.00
76,  0,  5.054,  0.98,  1, 0.03, 0.00, 1.10, 0.00, 0.00, 0.00, 0.00, 0.00, 0.00, 0.22, 0.00, 0.40, 0.07, 0.00, 0.29, 0.00, 0.01, 0.00, 0.00, 1.00, 1.00, 0.00, 0.00, 0.00, 0.00, 0.00, 0.00, 0.00, 0.00, 0.00, 0.00, 0.00, 0.00, 0.00, 0.00
77,  0,  5.121,  0.98,  1, 0.00, 0.00, 1.01, 0.00, 0.00, 0.00, 0.00, 0.00, 0.00, 0.15, 0.03, 0.48, 0.00, 0.00, 0.36, 0.00, 0.00, 0.00, 0.00, 1.00, 1.00, 0.00, 0.00, 0.00, 0.00, 0.00, 0.00, 0.00, 0.00, 0.00, 0.00, 0.00, 0.00, 0.00, 0.00
78,  0,  5.188,  0.98,  1, 0.00, 0.00, 0.97, 0.00, 0.00, 0.00, 0.00, 0.00, 0.00, 0.05, 0.05, 0.54, 0.05, 0.00, 0.35, 0.00, 0.00, 0.00, 0.00, 1.00, 1.00, 0.00, 0.00, 0.00, 0.00, 0.00, 0.00, 0.00, 0.00, 0.00, 0.00, 0.00, 0.00, 0.00, 0.00
79,  0,  5.256,  0.98,  1, 0.00, 0.00, 0.96, 0.00, 0.00, 0.00, 0.00, 0.00, 0.00, 0.00, 0.15, 0.62, 0.14, 0.05, 0.22, 0.00, 0.00, 0.00, 0.00, 1.00, 1.00, 0.00, 0.00, 0.00, 0.00, 0.00, 0.00, 0.00, 0.00, 0.00, 0.00, 0.00, 0.00, 0.00, 0.00
80,  0,  5.323,  0.98,  1, 0.00, 0.00, 1.04, 0.00, 0.00, 0.00, 0.00, 0.00, 0.00, 0.00, 0.14, 0.53, 0.14, 0.05, 0.21, 0.07, 0.00, 0.00, 0.00, 1.00, 1.00, 0.00, 0.00, 0.00, 0.00, 0.00, 0.00, 0.00, 0.00, 0.00, 0.00, 0.00, 0.00, 0.00, 0.00
81,  0,  5.390,  0.98,  1, 0.00, 0.00, 1.00, 0.18, 0.00, 0.00, 0.00, 0.00, 0.00, 0.00, 0.12, 0.43, 0.17, 0.05, 0.23, 0.11, 0.00, 0.00, 0.00, 1.00, 1.00, 0.00, 0.00, 0.00, 0.00, 0.00, 0.00, 0.00, 0.00, 0.00, 0.00, 0.00, 0.00, 0.00, 0.00
82,  0,  5.458,  0.98,  1, 0.00, 0.00, 0.94, 0.51, 0.00, 0.00, 0.00, 0.00, 0.00, 0.00, 0.05, 0.30, 0.15, 0.03, 0.30, 0.18, 0.00, 0.00, 0.00, 1.00, 1.00, 0.00, 0.00, 0.00, 0.00, 0.00, 0.00, 0.00, 0.00, 0.00, 0.00, 0.00, 0.00, 0.00, 0.00
83,  0,  5.525,  0.93,  1, 0.00, 0.00, 0.81, 1.09, 0.00, 0.00, 0.00, 0.00, 0.00, 0.00, 0.05, 0.26, 0.16, 0.14, 0.33, 0.11, 0.00, 0.00, 0.00, 1.00, 1.00, 0.00, 0.00, 0.00, 0.00, 0.00, 0.00, 0.00, 0.00, 0.00, 0.00, 0.00, 0.00, 0.00, 0.00
84,  0,  5.593,  0.93,  1, 0.00, 0.00, 0.79, 1.45, 0.00, 0.00, 0.00, 0.00, 0.00, 0.00, 0.10, 0.32, 0.13, 0.20, 0.27, 0.07, 0.00, 0.00, 0.00, 0.00, 1.00, 0.00, 0.00, 0.00, 0.00, 0.00, 0.00, 0.00, 0.00, 0.00, 0.00, 0.00, 0.00, 0.00, 0.00
85,  0,  5.660,  0.93,  1, 0.00, 0.02, 0.72, 1.63, 0.00, 0.00, 0.00, 0.00, 0.00, 0.00, 0.10, 0.41, 0.18, 0.20, 0.24, 0.00, 0.00, 0.00, 0.00, 0.00, 1.00, 0.00, 0.00, 0.00, 0.00, 0.00, 0.00, 0.00, 0.00, 0.00, 0.00, 0.00, 0.00, 0.00, 0.00
86,  0,  5.727,  0.93,  1, 0.00, 0.02, 0.66, 1.48, 0.00, 0.00, 0.00, 0.00, 0.00, 0.00, 0.16, 0.53, 0.33, 0.13, 0.19, 0.00, 0.00, 0.00, 0.00, 0.00, 1.00, 0.00, 0.00, 0.00, 0.00, 0.00, 0.00, 0.00, 0.00, 0.00, 0.00, 0.00, 0.00, 0.00, 0.00
87,  0,  5.795,  0.98,  1, 0.00, 0.03, 0.70, 1.25, 0.00, 0.00, 0.00, 0.00, 0.00, 0.00, 0.26, 0.65, 0.41, 0.07, 0.20, 0.00, 0.00, 0.00, 0.00, 0.00, 1.00, 0.00, 0.00, 0.00, 0.00, 0.00, 0.00, 0.00, 0.00, 0.00, 0.00, 0.00, 0.00, 0.00, 0.00
88,  0,  5.862,  0.98,  1, 0.00, 0.10, 0.67, 0.87, 0.00, 0.00, 0.00, 0.00, 0.00, 0.00, 0.38, 0.66, 0.37, 0.04, 0.23, 0.00, 0.00, 0.00, 0.00, 0.00, 1.00, 0.00, 0.00, 0.00, 0.00, 0.00, 0.00, 0.00, 0.00, 0.00, 0.00, 0.00, 0.00, 0.00, 0.00
89,  0,  5.930,  0.98,  1, 0.00, 0.23, 0.70, 0.63, 0.00, 0.00, 0.00, 0.00, 0.00, 0.00, 0.43, 0.61, 0.32, 0.00, 0.20, 0.00, 0.00, 0.00, 0.00, 0.00, 1.00, 0.00, 0.00, 0.00, 0.00, 0.00, 0.00, 0.00, 0.00, 0.00, 0.00, 0.00, 0.00, 0.00, 0.00
90,  0,  5.997,  0.98,  1, 0.00, 0.27, 0.64, 0.55, 0.00, 0.00, 0.00, 0.00, 0.00, 0.04, 0.42, 0.67, 0.23, 0.00, 0.25, 0.01, 0.00, 0.00, 0.00, 0.00, 1.00, 0.00, 0.00, 0.00, 0.00, 0.00, 0.00, 0.00, 0.00, 0.00, 0.00, 0.00, 0.00, 0.00, 0.00
91,  0,  6.064,  0.98,  1, 0.00, 0.29, 0.75, 0.67, 0.00, 0.00, 0.00, 0.00, 0.00, 0.09, 0.44, 0.71, 0.21, 0.00, 0.40, 0.06, 0.00, 0.00, 0.00, 0.00, 1.00, 0.00, 0.00, 0.00, 0.00, 0.00, 0.00, 0.00, 0.00, 0.00, 0.00, 0.00, 0.00, 0.00, 0.00
92,  0,  6.132,  0.98,  1, 0.00, 0.17, 0.83, 0.61, 0.00, 0.00, 0.00, 0.00, 0.00, 0.09, 0.51, 0.70, 0.10, 0.00, 0.57, 0.06, 0.00, 0.00, 0.00, 1.00, 1.00, 0.00, 0.00, 0.00, 0.00, 0.00, 0.00, 0.00, 0.00, 0.00, 0.00, 0.00, 0.00, 0.00, 0.00
93,  0,  6.199,  0.98,  1, 0.01, 0.24, 0.92, 0.58, 0.00, 0.00, 0.00, 0.00, 0.00, 0.07, 0.55, 0.60, 0.14, 0.00, 0.61, 0.05, 0.00, 0.00, 0.00, 1.00, 1.00, 0.00, 0.00, 0.00, 0.00, 0.00, 0.00, 0.00, 0.00, 0.00, 0.00, 0.00, 0.00, 0.00, 0.00
94,  0,  6.266,  0.98,  1, 0.01, 0.12, 0.99, 0.52, 0.00, 0.00, 0.00, 0.00, 0.00, 0.02, 0.56, 0.55, 0.25, 0.00, 0.63, 0.02, 0.00, 0.00, 0.00, 1.00, 1.00, 0.00, 0.00, 0.00, 0.00, 0.00, 0.00, 0.00, 0.00, 0.00, 0.00, 0.00, 0.00, 0.00, 0.00
95,  0,  6.334,  0.98,  1, 0.01, 0.11, 1.02, 0.57, 0.00, 0.00, 0.00, 0.00, 0.00, 0.08, 0.57, 0.61, 0.46, 0.00, 0.71, 0.16, 0.00, 0.00, 0.00, 1.00, 1.00, 0.00, 0.00, 0.00, 0.00, 0.00, 0.00, 0.00, 0.00, 1.00, 0.00, 0.00, 0.00, 0.00, 0.00
96,  0,  6.401,  0.98,  1, 0.00, 0.00, 1.11, 0.48, 0.00, 0.00, 0.01, 0.00, 0.00, 0.10, 0.60, 0.69, 0.56, 0.00, 0.79, 0.28, 0.00, 0.00, 0.00, 1.00, 1.00, 0.00, 1.00, 0.00, 0.00, 0.00, 0.00, 0.00, 0.00, 1.00, 0.00, 0.00, 0.00, 0.00, 0.00
97,  0,  6.469,  0.98,  1, 0.11, 0.00, 1.14, 0.42, 0.00, 0.00, 0.01, 0.00, 0.00, 0.22, 0.66, 0.69, 0.59, 0.00, 0.85, 0.43, 0.00, 0.00, 0.00, 1.00, 1.00, 0.00, 1.00, 0.00, 0.00, 0.00, 0.00, 0.00, 0.00, 1.00, 0.00, 0.00, 0.00, 0.00, 0.00
98,  0,  6.536,  0.98,  1, 0.29, 0.03, 1.26, 0.33, 0.00, 0.00, 0.01, 0.00, 0.00, 0.23, 0.63, 0.77, 0.62, 0.00, 0.67, 0.43, 0.00, 0.00, 0.00, 1.00, 1.00, 0.00, 1.00, 0.00, 0.00, 0.00, 0.00, 0.00, 0.00, 1.00, 0.00, 0.00, 0.00, 0.00, 0.00
99,  0,  6.603,  0.98,  1, 0.42, 0.10, 1.20, 0.43, 0.00, 0.00, 0.00, 0.00, 0.00, 0.21, 0.59, 0.74, 0.61, 0.00, 0.63, 0.40, 0.00, 0.00, 0.00, 1.00, 1.00, 0.00, 1.00, 0.00, 0.00, 0.00, 0.00, 0.00, 0.00, 1.00, 0.00, 0.00, 0.00, 0.00, 0.00
100,  0,  6.671,  0.98,  1, 0.57, 0.14, 1.23, 0.68, 0.00, 0.00, 0.00, 0.00, 0.00, 0.09, 0.57, 0.72, 0.56, 0.00, 0.52, 0.30, 0.00, 0.00, 0.00, 1.00, 1.00, 0.00, 1.00, 0.00, 0.00, 0.00, 0.00, 0.00, 0.00, 1.00, 0.00, 0.00, 0.00, 0.00, 0.00
101,  0,  6.738,  0.98,  1, 0.63, 0.26, 1.18, 1.05, 0.00, 0.00, 0.00, 0.00, 0.00, 0.02, 0.70, 0.68, 0.47, 0.00, 0.61, 0.15, 0.00, 0.00, 0.00, 1.00, 1.00, 0.00, 1.00, 0.00, 0.00, 0.00, 0.00, 0.00, 0.00, 1.00, 0.00, 0.00, 0.00, 0.00, 0.00
102,  0,  6.805,  0.98,  1, 0.73, 0.30, 1.20, 1.43, 0.00, 0.00, 0.00, 0.00, 0.00, 0.03, 0.77, 0.73, 0.46, 0.00, 0.57, 0.16, 0.00, 0.00, 0.00, 1.00, 1.00, 0.00, 1.00, 0.00, 0.00, 0.00, 0.00, 0.00, 0.00, 1.00, 0.00, 0.00, 0.00, 0.00, 0.00
103,  0,  6.873,  0.98,  1, 0.54, 0.29, 1.10, 1.45, 0.00, 0.00, 0.00, 0.00, 0.00, 0.06, 0.76, 0.90, 0.50, 0.00, 0.55, 0.21, 0.00, 0.00, 0.00, 1.00, 1.00, 0.00, 1.00, 0.00, 0.00, 0.00, 0.00, 0.00, 0.00, 1.00, 0.00, 0.00, 0.00, 0.00, 0.00
104,  0,  6.940,  0.98,  1, 0.30, 0.14, 1.07, 1.27, 0.00, 0.00, 0.00, 0.00, 0.00, 0.06, 0.62, 0.93, 0.49, 0.02, 0.48, 0.21, 0.00, 0.00, 0.00, 1.00, 1.00, 0.00, 1.00, 0.00, 0.00, 0.00, 0.00, 0.00, 0.00, 1.00, 0.00, 0.00, 0.00, 0.00, 0.00
105,  0,  7.008,  0.98,  1, 0.06, 0.05, 1.08, 0.96, 0.00, 0.00, 0.00, 0.00, 0.00, 0.07, 0.48, 0.95, 0.46, 0.04, 0.49, 0.23, 0.00, 0.00, 0.00, 1.00, 1.00, 0.00, 1.00, 0.00, 0.00, 0.00, 0.00, 0.00, 0.00, 1.00, 0.00, 0.00, 0.00, 0.00, 0.00
106,  0,  7.075,  0.98,  1, 0.00, 0.02, 1.07, 0.76, 0.00, 0.00, 0.00, 0.00, 0.00, 0.13, 0.42, 0.92, 0.43, 0.04, 0.38, 0.14, 0.00, 0.00, 0.00, 1.00, 1.00, 0.00, 0.00, 0.00, 0.00, 0.00, 0.00, 0.00, 0.00, 1.00, 0.00, 0.00, 0.00, 0.00, 0.00
107,  0,  7.142,  0.98,  1, 0.06, 0.02, 1.19, 0.53, 0.00, 0.00, 0.00, 0.00, 0.00, 0.19, 0.39, 0.85, 0.48, 0.02, 0.34, 0.18, 0.00, 0.00, 0.00, 1.00, 1.00, 0.00, 0.00, 0.00, 0.00, 0.00, 0.00, 0.00, 0.00, 1.00, 0.00, 0.00, 0.00, 0.00, 0.00
108,  0,  7.210,  0.98,  1, 0.07, 0.10, 1.27, 0.36, 0.00, 0.00, 0.00, 0.00, 0.00, 0.17, 0.40, 0.77, 0.50, 0.00, 0.39, 0.08, 0.00, 0.00, 0.00, 1.00, 1.00, 0.00, 0.00, 0.00, 0.00, 0.00, 0.00, 0.00, 0.00, 0.00, 0.00, 0.00, 0.00, 0.00, 0.00
109,  0,  7.277,  0.98,  1, 0.10, 0.28, 1.40, 0.27, 0.00, 0.00, 0.00, 0.00, 0.00, 0.08, 0.45, 0.71, 0.52, 0.00, 0.55, 0.08, 0.00, 0.00, 0.00, 1.00, 1.00, 0.00, 0.00, 0.00, 0.00, 0.00, 0.00, 0.00, 0.00, 0.00, 0.00, 0.00, 0.00, 0.00, 0.00
110,  0,  7.345,  0.98,  1, 0.04, 0.29, 1.37, 0.22, 0.00, 0.00, 0.00, 0.00, 0.00, 0.06, 0.51, 0.71, 0.44, 0.00, 0.61, 0.04, 0.00, 0.00, 0.00, 1.00, 1.00, 0.00, 0.00, 0.00, 0.00, 0.00, 0.00, 0.00, 0.00, 0.00, 0.00, 0.00, 0.00, 0.00, 0.00
111,  0,  7.412,  0.98,  1, 0.04, 0.19, 1.36, 0.31, 0.00, 0.00, 0.00, 0.00, 0.00, 0.17, 0.56, 0.71, 0.42, 0.00, 0.55, 0.14, 0.00, 0.00, 0.00, 1.00, 1.00, 0.00, 0.00, 0.00, 0.00, 0.00, 0.00, 0.00, 0.00, 0.00, 0.00, 0.00, 0.00, 0.00, 0.00
112,  0,  7.479,  0.98,  1, 0.00, 0.01, 1.41, 0.36, 0.00, 0.00, 0.00, 0.00, 0.00, 0.25, 0.60, 0.80, 0.39, 0.00, 0.54, 0.28, 0.00, 0.00, 0.00, 1.00, 1.00, 0.00, 0.00, 0.00, 0.00, 0.00, 0.00, 0.00, 0.00, 0.00, 0.00, 0.00, 0.00, 0.00, 0.00
113,  0,  7.547,  0.98,  1, 0.00, 0.00, 1.33, 0.36, 0.00, 0.00, 0.00, 0.00, 0.00, 0.23, 0.66, 0.85, 0.42, 0.00, 0.59, 0.35, 0.00, 0.00, 0.00, 1.00, 1.00, 0.00, 1.00, 0.00, 0.00, 0.00, 0.00, 0.00, 0.00, 1.00, 0.00, 0.00, 0.00, 0.00, 0.00
114,  0,  7.614,  0.98,  1, 0.00, 0.00, 1.24, 0.17, 0.00, 0.00, 0.05, 0.00, 0.00, 0.10, 0.77, 0.93, 0.45, 0.00, 0.64, 0.36, 0.00, 0.00, 0.00, 0.00, 0.00, 0.00, 1.00, 0.00, 0.00, 0.00, 0.00, 0.00, 0.00, 1.00, 0.00, 0.00, 0.00, 0.00, 0.00
115,  0,  7.681,  0.98,  1, 0.00, 0.00, 1.14, 0.13, 0.00, 0.00, 0.12, 0.00, 0.00, 0.01, 0.73, 0.91, 0.47, 0.01, 0.64, 0.31, 0.00, 0.00, 0.00, 0.00, 0.00, 0.00, 1.00, 0.00, 0.00, 0.00, 0.00, 0.00, 1.00, 1.00, 0.00, 0.00, 0.00, 0.00, 0.00
116,  0,  7.749,  0.98,  1, 0.00, 0.07, 1.27, 0.14, 0.00, 0.00, 0.20, 0.00, 0.00, 0.03, 0.74, 0.83, 0.47, 0.01, 0.68, 0.34, 0.00, 0.00, 0.00, 0.00, 0.00, 0.00, 1.00, 0.00, 0.00, 0.00, 0.00, 0.00, 1.00, 1.00, 0.00, 0.00, 0.00, 0.00, 0.00
117,  0,  7.816,  0.98,  1, 0.00, 0.12, 1.32, 0.21, 0.00, 0.00, 0.18, 0.00, 0.00, 0.07, 0.70, 0.84, 0.49, 0.04, 0.60, 0.36, 0.00, 0.00, 0.00, 0.00, 0.00, 0.00, 1.00, 0.00, 0.00, 0.00, 0.00, 0.00, 1.00, 1.00, 0.00, 0.00, 0.00, 0.00, 0.00
118,  0,  7.884,  0.98,  1, 0.02, 0.12, 1.27, 0.48, 0.00, 0.00, 0.11, 0.00, 0.00, 0.07, 0.67, 0.91, 0.51, 0.10, 0.54, 0.42, 0.00, 0.00, 0.00, 0.00, 0.00, 0.00, 0.00, 0.00, 0.00, 0.00, 0.00, 0.00, 1.00, 1.00, 0.00, 0.00, 0.00, 0.00, 0.00
119,  0,  7.951,  0.98,  1, 0.04, 0.10, 1.20, 1.05, 0.00, 0.00, 0.03, 0.00, 0.00, 0.04, 0.61, 1.01, 0.56, 0.17, 0.47, 0.40, 0.00, 0.00, 0.00, 0.00, 0.00, 0.00, 0.00, 0.00, 0.00, 0.00, 0.00, 0.00, 1.00, 1.00, 0.00, 0.00, 0.00, 0.00, 0.00
120,  0,  8.018,  0.93,  1, 0.23, 0.05, 1.22, 1.08, 0.00, 0.00, 0.00, 0.00, 0.00, 0.06, 0.55, 0.98, 0.62, 0.14, 0.40, 0.37, 0.00, 0.00, 0.00, 0.00, 0.00, 0.00, 0.00, 0.00, 0.00, 0.00, 0.00, 0.00, 1.00, 1.00, 0.00, 0.00, 0.00, 0.00, 0.00
121,  0,  8.086,  0.93,  1, 0.44, 0.05, 1.33, 0.69, 0.00, 0.13, 0.04, 0.00, 0.00, 0.10, 0.51, 0.93, 0.58, 0.07, 0.34, 0.43, 0.24, 0.00, 0.00, 1.00, 0.00, 0.00, 0.00, 0.00, 0.00, 0.00, 0.00, 0.00, 1.00, 1.00, 0.00, 0.00, 0.00, 0.00, 0.00
122,  0,  8.153,  0.98,  1, 0.48, 0.00, 1.38, 0.11, 0.00, 0.13, 0.04, 0.00, 0.00, 0.10, 0.47, 0.84, 0.59, 0.00, 0.31, 0.50, 0.24, 0.00, 0.00, 1.00, 0.00, 0.00, 1.00, 0.00, 0.00, 0.00, 0.00, 0.00, 1.00, 1.00, 0.00, 0.00, 0.00, 0.00, 0.00
123,  0,  8.220,  0.98,  1, 0.32, 0.00, 1.38, 0.00, 0.00, 0.13, 0.04, 0.00, 0.00, 0.03, 0.37, 0.84, 0.56, 0.00, 0.32, 0.59, 0.24, 0.00, 0.00, 1.00, 0.00, 0.00, 1.00, 0.00, 0.00, 0.00, 0.00, 0.00, 1.00, 1.00, 0.00, 0.00, 0.00, 0.00, 0.00
124,  0,  8.288,  0.98,  1, 0.08, 0.00, 1.36, 0.00, 0.00, 0.04, 0.02, 0.00, 0.00, 0.00, 0.40, 0.77, 0.63, 0.00, 0.36, 0.51, 0.00, 0.00, 0.00, 1.00, 0.00, 0.00, 1.00, 0.00, 0.00, 0.00, 0.00, 0.00, 1.00, 1.00, 0.00, 0.00, 0.00, 0.00, 1.00
125,  0,  8.355,  0.98,  1, 0.15, 0.00, 1.34, 0.00, 0.00, 0.04, 0.02, 0.00, 0.00, 0.00, 0.40, 0.86, 0.59, 0.00, 0.41, 0.56, 0.10, 0.00, 0.00, 1.00, 0.00, 0.00, 1.00, 0.00, 0.00, 0.00, 0.00, 0.00, 1.00, 1.00, 0.00, 0.00, 0.00, 0.00, 1.00
126,  0,  8.423,  0.98,  1, 0.38, 0.00, 1.35, 0.00, 0.00, 0.57, 0.02, 0.00, 0.00, 0.00, 0.46, 0.96, 0.61, 0.00, 0.43, 0.61, 1.10, 0.00, 0.00, 1.00, 0.00, 0.00, 1.00, 0.00, 0.00, 0.00, 0.00, 0.00, 0.00, 1.00, 0.00, 0.00, 0.00, 0.00, 1.00
127,  0,  8.490,  0.98,  1, 0.55, 0.00, 1.35, 0.00, 0.00, 0.70, 0.00, 0.00, 0.00, 0.00, 0.52, 0.99, 0.58, 0.00, 0.44, 0.54, 1.33, 0.00, 0.00, 1.00, 0.00, 0.00, 1.00, 0.00, 0.00, 0.00, 0.00, 0.00, 0.00, 1.00, 0.00, 0.00, 0.00, 0.00, 1.00
128,  0,  8.557,  0.98,  1, 0.50, 0.00, 1.33, 0.00, 0.00, 0.70, 0.00, 0.00, 0.00, 0.00, 0.48, 0.87, 0.58, 0.00, 0.46, 0.49, 1.35, 0.00, 0.00, 1.00, 0.00, 0.00, 1.00, 0.00, 0.00, 0.00, 0.00, 0.00, 0.00, 1.00, 0.00, 0.00, 0.00, 0.00, 1.00
129,  0,  8.625,  0.98,  1, 0.32, 0.00, 1.27, 0.00, 0.00, 0.17, 0.01, 0.00, 0.00, 0.00, 0.48, 0.75, 0.49, 0.00, 0.46, 0.44, 0.36, 0.00, 0.00, 1.00, 0.00, 0.00, 1.00, 0.00, 0.00, 0.00, 0.00, 0.00, 0.00, 1.00, 0.00, 0.00, 0.00, 0.00, 1.00
130,  0,  8.692,  0.98,  1, 0.26, 0.00, 1.28, 0.00, 0.00, 0.00, 0.01, 0.00, 0.00, 0.00, 0.50, 0.63, 0.48, 0.00, 0.53, 0.48, 0.13, 0.00, 0.00, 1.00, 0.00, 0.00, 1.00, 0.00, 0.00, 0.00, 0.00, 0.00, 0.00, 1.00, 0.00, 0.00, 0.00, 0.00, 0.00
131,  0,  8.760,  0.98,  1, 0.21, 0.00, 1.20, 0.00, 0.00, 0.00, 0.01, 0.00, 0.00, 0.00, 0.63, 0.78, 0.52, 0.00, 0.39, 0.49, 0.00, 0.00, 0.00, 1.00, 0.00, 0.00, 1.00, 0.00, 0.00, 0.00, 0.00, 0.00, 0.00, 1.00, 0.00, 0.00, 0.00, 0.00, 0.00
132,  0,  8.827,  0.98,  1, 0.23, 0.06, 1.29, 0.00, 0.00, 0.00, 0.00, 0.00, 0.00, 0.00, 0.82, 0.83, 0.59, 0.00, 0.35, 0.51, 0.00, 0.00, 0.00, 1.00, 0.00, 0.00, 1.00, 0.00, 0.00, 0.00, 0.00, 0.00, 0.00, 1.00, 0.00, 0.00, 0.00, 0.00, 0.00
133,  0,  8.894,  0.98,  1, 0.28, 0.05, 1.34, 0.00, 0.00, 0.00, 0.00, 0.00, 0.00, 0.00, 0.88, 0.90, 0.62, 0.00, 0.24, 0.61, 0.00, 0.00, 0.00, 1.00, 0.00, 0.00, 1.00, 0.00, 0.00, 0.00, 0.00, 0.00, 0.00, 1.00, 0.00, 0.00, 0.00, 0.00, 0.00
134,  0,  8.962,  0.98,  1, 0.26, 0.05, 1.46, 0.00, 0.00, 0.00, 0.00, 0.00, 0.00, 0.00, 0.89, 0.80, 0.56, 0.00, 0.27, 0.55, 0.00, 0.00, 0.00, 1.00, 0.00, 0.00, 1.00, 0.00, 0.00, 0.00, 0.00, 0.00, 1.00, 1.00, 0.00, 0.00, 0.00, 0.00, 0.00
135,  0,  9.029,  0.98,  1, 0.15, 0.00, 1.42, 0.00, 0.00, 0.07, 0.02, 0.00, 0.00, 0.00, 0.82, 0.83, 0.44, 0.00, 0.33, 0.47, 0.00, 0.00, 0.00, 1.00, 0.00, 0.00, 1.00, 0.00, 0.00, 0.00, 0.00, 0.00, 1.00, 1.00, 0.00, 0.00, 0.00, 0.00, 0.00
136,  0,  9.096,  0.98,  1, 0.00, 0.01, 1.30, 0.00, 0.00, 0.07, 0.02, 0.00, 0.00, 0.04, 0.75, 0.92, 0.32, 0.00, 0.44, 0.43, 0.00, 0.00, 0.00, 1.00, 0.00, 0.00, 1.00, 0.00, 0.00, 0.00, 0.00, 0.00, 0.00, 1.00, 0.00, 0.00, 0.00, 0.00, 0.00
137,  0,  9.164,  0.98,  1, 0.00, 0.05, 1.22, 0.00, 0.00, 0.10, 0.03, 0.00, 0.00, 0.09, 0.75, 0.89, 0.27, 0.00, 0.50, 0.43, 0.00, 0.00, 0.00, 1.00, 0.00, 0.00, 1.00, 0.00, 0.00, 0.00, 0.00, 0.00, 0.00, 1.00, 0.00, 0.00, 0.00, 0.00, 0.00
138,  0,  9.231,  0.98,  1, 0.00, 0.05, 1.16, 0.00, 0.00, 0.03, 0.01, 0.00, 0.00, 0.13, 0.73, 0.77, 0.25, 0.00, 0.57, 0.37, 0.00, 0.00, 0.00, 0.00, 0.00, 0.00, 1.00, 0.00, 0.00, 0.00, 0.00, 0.00, 0.00, 1.00, 0.00, 0.00, 0.00, 0.00, 0.00
139,  0,  9.299,  0.98,  1, 0.02, 0.03, 1.18, 0.00, 0.00, 0.03, 0.01, 0.00, 0.00, 0.17, 0.72, 0.72, 0.15, 0.01, 0.52, 0.34, 0.00, 0.00, 0.00, 0.00, 0.00, 0.00, 1.00, 0.00, 0.00, 0.00, 0.00, 0.00, 1.00, 1.00, 0.00, 0.00, 0.00, 0.00, 0.00
140,  0,  9.366,  0.98,  1, 0.03, 0.00, 1.15, 0.00, 0.00, 0.00, 0.00, 0.00, 0.00, 0.14, 0.69, 0.76, 0.08, 0.01, 0.46, 0.29, 0.00, 0.00, 0.00, 0.00, 0.00, 0.00, 1.00, 0.00, 0.00, 0.00, 0.00, 0.00, 0.00, 0.00, 0.00, 0.00, 0.00, 0.00, 0.00
141,  0,  9.433,  0.93,  1, 0.13, 0.00, 1.16, 0.00, 0.00, 0.05, 0.00, 0.00, 0.00, 0.10, 0.68, 0.85, 0.05, 0.01, 0.42, 0.23, 0.00, 0.00, 0.00, 1.00, 0.00, 0.00, 1.00, 0.00, 0.00, 0.00, 0.00, 0.00, 0.00, 0.00, 0.00, 0.00, 0.00, 0.00, 0.00
142,  0,  9.501,  0.98,  1, 0.12, 0.00, 1.07, 0.00, 0.00, 0.05, 0.00, 0.00, 0.00, 0.01, 0.64, 0.87, 0.07, 0.00, 0.45, 0.22, 0.00, 0.00, 0.00, 1.00, 0.00, 0.00, 0.00, 0.00, 0.00, 0.00, 0.00, 0.00, 0.00, 0.00, 0.00, 0.00, 0.00, 0.00, 0.00
143,  0,  9.568,  0.98,  1, 0.22, 0.00, 1.04, 0.00, 0.00, 0.05, 0.00, 0.00, 0.00, 0.04, 0.53, 0.88, 0.15, 0.00, 0.52, 0.30, 0.00, 0.00, 0.00, 1.00, 0.00, 0.00, 0.00, 0.00, 0.00, 0.00, 0.00, 0.00, 0.00, 0.00, 0.00, 0.00, 0.00, 0.00, 0.00
144,  0,  9.635,  0.98,  1, 0.12, 0.12, 0.95, 0.00, 0.00, 0.00, 0.00, 0.00, 0.00, 0.04, 0.44, 0.84, 0.17, 0.00, 0.51, 0.38, 0.00, 0.00, 0.00, 1.00, 0.00, 0.00, 0.00, 0.00, 0.00, 0.00, 0.00, 0.00, 0.00, 0.00, 0.00, 0.00, 0.00, 0.00, 0.00
145,  0,  9.703,  0.98,  1, 0.11, 0.23, 1.06, 0.00, 0.00, 0.06, 0.00, 0.00, 0.00, 0.07, 0.38, 0.87, 0.19, 0.00, 0.45, 0.29, 0.00, 0.00, 0.00, 1.00, 1.00, 0.00, 0.00, 0.00, 0.00, 0.00, 0.00, 0.00, 0.00, 0.00, 0.00, 0.00, 0.00, 0.00, 0.00
146,  0,  9.770,  0.98,  1, 0.00, 0.35, 1.19, 0.00, 0.00, 0.06, 0.00, 0.00, 0.00, 0.03, 0.28, 0.84, 0.11, 0.00, 0.38, 0.17, 0.00, 0.00, 0.00, 1.00, 1.00, 0.00, 0.00, 0.00, 0.00, 0.00, 0.00, 0.00, 0.00, 0.00, 0.00, 0.00, 0.00, 0.00, 0.00
147,  0,  9.838,  0.98,  1, 0.00, 0.27, 1.33, 0.00, 0.00, 0.06, 0.00, 0.00, 0.00, 0.03, 0.14, 0.76, 0.10, 0.00, 0.28, 0.18, 0.00, 0.00, 0.00, 1.00, 1.00, 0.00, 0.00, 0.00, 0.00, 0.00, 0.00, 0.00, 0.00, 0.00, 0.00, 0.00, 0.00, 0.00, 0.00
148,  0,  9.905,  0.93,  1, 0.00, 0.16, 1.30, 0.00, 0.00, 0.00, 0.00, 0.00, 0.00, 0.00, 0.02, 0.67, 0.05, 0.00, 0.26, 0.21, 0.00, 0.00, 0.00, 1.00, 1.00, 0.00, 0.00, 0.00, 0.00, 0.00, 0.00, 0.00, 0.00, 0.00, 0.00, 0.00, 0.00, 0.00, 0.00
149,  0,  9.972,  0.88,  1, 0.00, 0.04, 1.11, 0.13, 0.00, 0.00, 0.00, 0.00, 0.00, 0.01, 0.05, 0.49, 0.05, 0.02, 0.14, 0.23, 0.00, 0.00, 0.00, 1.00, 1.00, 0.00, 0.00, 0.00, 0.00, 0.00, 0.00, 0.00, 0.00, 0.00, 0.00, 0.00, 0.00, 0.00, 0.00
150,  0,  10.040,  0.93,  1, 0.00, 0.00, 1.01, 0.25, 0.00, 0.00, 0.00, 0.00, 0.00, 0.10, 0.16, 0.39, 0.00, 0.02, 0.09, 0.19, 0.00, 0.00, 0.00, 1.00, 1.00, 0.00, 0.00, 0.00, 0.00, 0.00, 0.00, 0.00, 0.00, 0.00, 0.00, 0.00, 0.00, 0.00, 0.00
151,  0,  10.107,  0.93,  1, 0.00, 0.00, 0.95, 0.55, 0.00, 0.00, 0.00, 0.00, 0.00, 0.13, 0.16, 0.17, 0.00, 0.06, 0.02, 0.11, 0.07, 0.00, 0.00, 1.00, 1.00, 0.00, 0.00, 0.00, 0.00, 0.00, 0.00, 0.00, 0.00, 0.00, 0.00, 0.00, 0.00, 0.00, 0.00
152,  0,  10.175,  0.88,  1, 0.00, 0.00, 0.94, 0.64, 0.00, 0.00, 0.00, 0.00, 0.00, 0.11, 0.12, 0.11, 0.00, 0.10, 0.02, 0.09, 0.12, 0.00, 0.00, 1.00, 1.00, 0.00, 0.00, 0.00, 0.00, 0.00, 0.00, 0.00, 0.00, 0.00, 0.00, 0.00, 0.00, 0.00, 0.00
153,  0,  10.242,  0.93,  1, 0.00, 0.02, 0.83, 0.72, 0.00, 0.00, 0.00, 0.00, 0.00, 0.03, 0.01, 0.01, 0.00, 0.17, 0.06, 0.05, 0.12, 0.00, 0.00, 1.00, 1.00, 0.00, 0.00, 0.00, 0.00, 0.00, 0.00, 0.00, 0.00, 0.00, 0.00, 0.00, 0.00, 0.00, 0.00
154,  0,  10.309,  0.93,  1, 0.00, 0.02, 0.73, 0.53, 0.00, 0.00, 0.00, 0.00, 0.00, 0.00, 0.05, 0.01, 0.00, 0.17, 0.14, 0.07, 0.06, 0.00, 0.00, 1.00, 1.00, 0.00, 0.00, 0.00, 0.00, 0.00, 0.00, 0.00, 0.00, 0.00, 0.00, 0.00, 0.00, 0.00, 0.00
155,  0,  10.377,  0.93,  1, 0.00, 0.02, 0.80, 0.60, 0.00, 0.00, 0.00, 0.00, 0.00, 0.00, 0.04, 0.05, 0.00, 0.16, 0.30, 0.03, 0.00, 0.00, 0.00, 1.00, 1.00, 0.00, 0.00, 0.00, 0.00, 0.00, 0.00, 0.00, 0.00, 0.00, 0.00, 0.00, 0.00, 0.00, 0.00
156,  0,  10.444,  0.93,  1, 0.00, 0.00, 0.94, 0.60, 0.00, 0.00, 0.00, 0.00, 0.00, 0.04, 0.04, 0.12, 0.00, 0.12, 0.38, 0.02, 0.00, 0.00, 0.00, 1.00, 1.00, 0.00, 0.00, 0.00, 0.00, 0.00, 0.00, 0.00, 0.00, 0.00, 0.00, 0.00, 0.00, 0.00, 0.00
157,  0,  10.511,  0.93,  1, 0.00, 0.00, 0.95, 0.49, 0.00, 0.00, 0.00, 0.00, 0.00, 0.14, 0.07, 0.23, 0.00, 0.08, 0.31, 0.00, 0.00, 0.00, 0.00, 1.00, 1.00, 0.00, 0.00, 0.00, 0.00, 0.00, 0.00, 0.00, 0.00, 0.00, 0.00, 0.00, 0.00, 0.00, 0.00
158,  0,  10.579,  0.98,  1, 0.01, 0.00, 0.95, 0.21, 0.00, 0.48, 0.00, 0.00, 0.00, 0.15, 0.16, 0.34, 0.08, 0.03, 0.20, 0.03, 0.68, 0.00, 0.00, 1.00, 1.00, 0.00, 0.00, 0.00, 0.00, 0.00, 0.00, 0.00, 0.00, 0.00, 0.00, 0.00, 0.00, 0.00, 0.00
159,  0,  10.646,  0.98,  1, 0.01, 0.00, 0.94, 0.00, 0.00, 0.70, 0.00, 0.00, 0.00, 0.11, 0.24, 0.39, 0.20, 0.00, 0.22, 0.05, 1.12, 0.00, 0.00, 1.00, 1.00, 0.00, 0.00, 0.00, 0.00, 0.00, 0.00, 0.00, 0.00, 0.00, 0.00, 0.00, 0.00, 0.00, 0.00
160,  0,  10.714,  0.98,  1, 0.01, 0.00, 1.08, 0.00, 0.00, 0.70, 0.00, 0.00, 0.00, 0.12, 0.31, 0.42, 0.22, 0.00, 0.19, 0.05, 1.24, 0.00, 0.00, 1.00, 1.00, 0.00, 0.00, 0.00, 0.00, 0.00, 0.00, 0.00, 0.00, 0.00, 0.00, 0.00, 0.00, 0.00, 0.00
161,  0,  10.781,  0.98,  1, 0.00, 0.00, 1.13, 0.00, 0.00, 0.22, 0.00, 0.00, 0.00, 0.14, 0.24, 0.42, 0.14, 0.00, 0.22, 0.03, 0.56, 0.00, 0.00, 1.00, 1.00, 0.00, 0.00, 0.00, 0.00, 0.00, 0.00, 0.00, 0.00, 0.00, 0.00, 0.00, 0.00, 0.00, 0.00
162,  0,  10.848,  0.98,  1, 0.00, 0.00, 1.09, 0.00, 0.00, 0.00, 0.00, 0.00, 0.00, 0.22, 0.21, 0.49, 0.03, 0.00, 0.17, 0.01, 0.12, 0.00, 0.00, 1.00, 1.00, 0.00, 0.00, 0.00, 0.00, 0.00, 0.00, 0.00, 0.00, 0.00, 0.00, 0.00, 0.00, 0.00, 0.00
163,  0,  10.916,  0.98,  1, 0.00, 0.00, 1.09, 0.00, 0.00, 0.00, 0.00, 0.00, 0.00, 0.23, 0.09, 0.58, 0.00, 0.00, 0.18, 0.06, 0.00, 0.00, 0.00, 1.00, 1.00, 0.00, 0.00, 0.00, 0.00, 0.00, 0.00, 0.00, 0.00, 0.00, 0.00, 0.00, 0.00, 0.00, 0.00
164,  0,  10.983,  0.98,  1, 0.00, 0.00, 1.20, 0.00, 0.00, 0.00, 0.00, 0.00, 0.00, 0.25, 0.12, 0.61, 0.00, 0.00, 0.24, 0.09, 0.00, 0.00, 0.00, 1.00, 1.00, 0.00, 0.00, 0.00, 0.00, 0.00, 0.00, 0.00, 0.00, 0.00, 0.00, 0.00, 0.00, 0.00, 0.00
165,  0,  11.050,  0.98,  1, 0.00, 0.00, 1.23, 0.00, 0.00, 0.00, 0.00, 0.00, 0.00, 0.20, 0.11, 0.62, 0.00, 0.00, 0.22, 0.17, 0.00, 0.00, 0.00, 1.00, 1.00, 0.00, 0.00, 0.00, 0.00, 0.00, 0.00, 0.00, 0.00, 0.00, 0.00, 0.00, 0.00, 0.00, 0.00
166,  0,  11.118,  0.98,  1, 0.00, 0.00, 1.28, 0.07, 0.00, 0.00, 0.00, 0.00, 0.00, 0.12, 0.12, 0.59, 0.02, 0.00, 0.25, 0.12, 0.00, 0.00, 0.00, 1.00, 1.00, 0.00, 0.00, 0.00, 0.00, 0.00, 0.00, 0.00, 0.00, 0.00, 0.00, 0.00, 0.00, 0.00, 0.00
167,  0,  11.185,  0.93,  1, 0.00, 0.03, 1.09, 0.20, 0.00, 0.00, 0.00, 0.00, 0.00, 0.08, 0.21, 0.62, 0.02, 0.00, 0.24, 0.08, 0.00, 0.00, 0.00, 1.00, 1.00, 0.00, 0.00, 0.00, 0.00, 0.00, 0.00, 0.00, 0.00, 0.00, 0.00, 0.00, 0.00, 0.00, 0.00
168,  0,  11.253,  0.98,  1, 0.08, 0.03, 1.09, 0.32, 0.00, 0.00, 0.00, 0.00, 0.00, 0.10, 0.34, 0.65, 0.02, 0.00, 0.29, 0.07, 0.00, 0.00, 0.00, 1.00, 1.00, 0.00, 0.00, 0.00, 0.00, 0.00, 0.00, 0.00, 0.00, 0.00, 0.00, 0.00, 0.00, 0.00, 0.00
169,  0,  11.320,  0.98,  1, 0.18, 0.07, 1.01, 0.31, 0.00, 0.00, 0.00, 0.00, 0.00, 0.15, 0.55, 0.67, 0.06, 0.00, 0.37, 0.25, 0.00, 0.00, 0.00, 1.00, 1.00, 0.00, 0.00, 0.00, 0.00, 0.00, 0.00, 0.00, 0.00, 0.00, 0.00, 0.00, 0.00, 0.00, 0.00
170,  0,  11.387,  0.98,  1, 0.26, 0.04, 1.05, 0.28, 0.00, 0.00, 0.00, 0.00, 0.00, 0.27, 0.54, 0.72, 0.12, 0.00, 0.38, 0.43, 0.01, 0.00, 0.00, 1.00, 1.00, 0.00, 0.00, 0.00, 0.00, 0.00, 0.00, 0.00, 0.00, 0.00, 0.00, 0.00, 0.00, 0.00, 0.00
171,  0,  11.455,  0.93,  1, 0.23, 0.08, 1.06, 0.24, 0.00, 0.00, 0.00, 0.00, 0.00, 0.35, 0.48, 0.66, 0.13, 0.00, 0.48, 0.41, 0.01, 0.00, 0.00, 1.00, 1.00, 0.00, 0.00, 0.00, 0.00, 0.00, 0.00, 0.00, 0.00, 0.00, 0.00, 0.00, 0.00, 0.00, 0.00
172,  0,  11.522,  0.98,  1, 0.17, 0.04, 1.11, 0.18, 0.00, 0.05, 0.00, 0.00, 0.00, 0.26, 0.33, 0.63, 0.07, 0.00, 0.40, 0.27, 0.01, 0.00, 0.00, 1.00, 1.00, 0.00, 0.00, 0.00, 0.00, 0.00, 0.00, 0.00, 0.00, 0.00, 0.00, 0.00, 0.00, 0.00, 0.00
173,  0,  11.590,  0.98,  1, 0.08, 0.19, 1.20, 0.12, 0.00, 0.05, 0.00, 0.00, 0.00, 0.13, 0.34, 0.54, 0.02, 0.00, 0.36, 0.09, 0.00, 0.00, 0.00, 1.00, 1.00, 0.00, 0.00, 0.00, 0.00, 0.00, 0.00, 0.00, 0.00, 0.00, 0.00, 0.00, 0.00, 0.00, 0.00
174,  0,  11.657,  0.98,  1, 0.04, 0.27, 1.30, 0.04, 0.00, 0.05, 0.00, 0.00, 0.00, 0.07, 0.34, 0.55, 0.01, 0.00, 0.28, 0.03, 0.00, 0.00, 0.00, 1.00, 1.00, 0.00, 0.00, 0.00, 0.00, 0.00, 0.00, 0.00, 0.00, 0.00, 0.00, 0.00, 0.00, 0.00, 0.00
175,  0,  11.724,  0.93,  1, 0.00, 0.38, 1.33, 0.19, 0.00, 0.00, 0.00, 0.00, 0.00, 0.15, 0.31, 0.54, 0.05, 0.00, 0.33, 0.05, 0.00, 0.00, 0.00, 1.00, 1.00, 0.00, 0.00, 0.00, 0.00, 0.00, 0.00, 0.00, 0.00, 0.00, 0.00, 0.00, 0.00, 0.00, 0.00
176,  0,  11.792,  0.93,  1, 0.00, 0.31, 1.29, 0.15, 0.00, 0.00, 0.00, 0.00, 0.00, 0.26, 0.22, 0.58, 0.08, 0.00, 0.34, 0.14, 0.00, 0.00, 0.00, 1.00, 1.00, 0.00, 0.00, 0.00, 0.00, 0.00, 0.00, 0.00, 0.00, 0.00, 0.00, 0.00, 0.00, 0.00, 0.00
177,  0,  11.859,  0.98,  1, 0.00, 0.19, 1.22, 0.16, 0.00, 0.00, 0.00, 0.00, 0.00, 0.39, 0.17, 0.61, 0.08, 0.00, 0.30, 0.19, 0.00, 0.00, 0.00, 1.00, 1.00, 0.00, 0.00, 0.00, 0.00, 0.00, 0.00, 0.00, 0.00, 0.00, 0.00, 0.00, 0.00, 0.00, 0.00
178,  0,  11.926,  0.93,  1, 0.00, 0.24, 1.18, 0.19, 0.00, 0.00, 0.00, 0.00, 0.00, 0.42, 0.18, 0.60, 0.03, 0.00, 0.37, 0.22, 0.00, 0.00, 0.00, 1.00, 1.00, 0.00, 0.00, 0.00, 0.00, 0.00, 0.00, 0.00, 0.00, 0.00, 0.00, 0.00, 0.00, 0.00, 0.00
179,  0,  11.994,  0.93,  1, 0.12, 0.31, 1.18, 0.48, 0.00, 0.00, 0.00, 0.00, 0.00, 0.35, 0.19, 0.67, 0.02, 0.00, 0.46, 0.15, 0.00, 0.00, 0.00, 1.00, 1.00, 0.00, 0.00, 0.00, 0.00, 0.00, 0.00, 0.00, 0.00, 0.00, 0.00, 0.00, 0.00, 0.00, 0.00
180,  0,  12.061,  0.93,  1, 0.21, 0.53, 1.17, 0.54, 0.00, 0.00, 0.00, 0.00, 0.00, 0.18, 0.19, 0.82, 0.02, 0.00, 0.53, 0.12, 0.00, 0.00, 0.00, 1.00, 1.00, 0.00, 0.00, 0.00, 0.00, 0.00, 0.00, 0.00, 0.00, 0.00, 0.00, 0.00, 0.00, 0.00, 0.00
181,  0,  12.129,  0.93,  1, 0.30, 0.55, 1.26, 0.47, 0.00, 0.00, 0.00, 0.00, 0.00, 0.12, 0.19, 0.85, 0.05, 0.00, 0.57, 0.28, 0.00, 0.00, 0.00, 1.00, 1.00, 0.00, 0.00, 0.00, 0.00, 0.00, 0.00, 0.00, 0.00, 0.00, 0.00, 0.00, 0.00, 0.00, 0.00
182,  0,  12.196,  0.93,  1, 0.19, 0.41, 1.37, 0.44, 0.00, 0.00, 0.00, 0.00, 0.00, 0.11, 0.13, 0.57, 0.12, 0.00, 0.80, 0.61, 0.04, 0.00, 0.00, 1.00, 1.00, 0.00, 0.00, 0.00, 0.00, 0.00, 0.00, 0.00, 0.00, 0.00, 0.00, 0.00, 0.00, 0.00, 0.00
183,  0,  12.263,  0.98,  1, 0.14, 0.27, 1.53, 0.54, 0.00, 0.25, 0.00, 0.00, 0.00, 0.10, 0.08, 0.21, 0.12, 0.00, 1.22, 1.00, 0.11, 0.00, 0.00, 1.00, 1.00, 0.00, 0.00, 0.00, 0.00, 0.00, 0.00, 0.00, 0.00, 0.00, 0.00, 1.00, 1.00, 0.00, 0.00
184,  0,  12.331,  0.98,  1, 0.16, 0.09, 1.63, 0.64, 0.00, 0.50, 0.00, 0.00, 0.00, 0.04, 0.00, 0.00, 0.09, 0.00, 1.57, 1.14, 0.11, 0.00, 0.00, 1.00, 1.00, 0.00, 1.00, 0.00, 0.00, 0.00, 0.00, 0.00, 0.00, 0.00, 0.00, 1.00, 1.00, 0.00, 0.00
185,  0,  12.398,  0.98,  1, 0.18, 0.15, 1.68, 0.61, 0.00, 0.67, 0.00, 0.00, 0.00, 0.04, 0.00, 0.00, 0.00, 0.00, 1.66, 1.23, 0.07, 1.00, 0.00, 1.00, 1.00, 0.00, 1.00, 0.00, 0.00, 0.00, 0.00, 0.00, 0.00, 0.00, 0.00, 1.00, 1.00, 0.00, 0.00
186,  0,  12.465,  0.98,  1, 0.25, 0.14, 1.66, 0.80, 0.00, 0.73, 0.00, 0.00, 0.00, 0.09, 0.00, 0.01, 0.00, 0.00, 1.54, 1.10, 0.00, 1.00, 0.00, 1.00, 1.00, 0.00, 1.00, 0.00, 0.00, 0.00, 0.00, 0.00, 0.00, 0.00, 0.00, 1.00, 1.00, 0.00, 0.00
187,  0,  12.533,  0.98,  1, 0.29, 0.24, 1.59, 0.95, 0.00, 0.48, 0.00, 0.00, 0.00, 0.10, 0.00, 0.01, 0.00, 0.00, 1.47, 1.01, 0.00, 1.00, 0.00, 1.00, 1.00, 0.00, 1.00, 0.00, 0.00, 0.00, 0.00, 0.00, 0.00, 0.00, 0.00, 1.00, 1.00, 0.00, 0.00
188,  0,  12.600,  0.98,  1, 0.36, 0.26, 1.58, 0.92, 0.00, 0.47, 0.00, 0.00, 0.00, 0.08, 0.00, 0.01, 0.00, 0.00, 1.47, 0.86, 0.00, 1.00, 0.00, 1.00, 1.00, 0.00, 1.00, 0.00, 0.00, 0.00, 0.00, 0.00, 0.00, 0.00, 0.00, 1.00, 1.00, 0.00, 0.00
189,  0,  12.668,  0.98,  1, 0.40, 0.26, 1.62, 0.59, 0.00, 0.29, 0.00, 0.00, 0.00, 0.03, 0.00, 0.00, 0.00, 0.00, 1.57, 0.98, 0.00, 1.00, 0.00, 1.00, 1.00, 0.00, 1.00, 0.00, 0.00, 0.00, 0.00, 0.00, 0.00, 0.00, 0.00, 1.00, 1.00, 0.00, 0.00
190,  0,  12.735,  0.98,  1, 0.41, 0.15, 1.68, 0.24, 0.00, 0.39, 0.00, 0.00, 0.00, 0.05, 0.00, 0.03, 0.05, 0.00, 1.62, 1.10, 0.00, 1.00, 0.00, 1.00, 1.00, 0.00, 1.00, 0.00, 0.00, 0.00, 0.00, 0.00, 0.00, 0.00, 0.00, 1.00, 1.00, 0.00, 0.00
191,  0,  12.802,  0.98,  1, 0.41, 0.13, 1.72, 0.08, 0.00, 0.48, 0.01, 0.00, 0.00, 0.05, 0.00, 0.08, 0.05, 0.00, 1.61, 1.24, 0.00, 1.00, 0.00, 1.00, 1.00, 0.00, 1.00, 0.00, 0.00, 0.00, 0.00, 0.00, 0.00, 0.00, 0.00, 1.00, 1.00, 0.00, 0.00
192,  0,  12.870,  0.98,  1, 0.37, 0.11, 1.70, 0.06, 0.00, 0.56, 0.01, 0.00, 0.00, 0.13, 0.00, 0.13, 0.05, 0.00, 1.58, 1.24, 0.02, 1.00, 0.00, 1.00, 1.00, 0.00, 1.00, 0.00, 0.00, 0.00, 0.00, 0.00, 0.00, 0.00, 0.00, 1.00, 1.00, 0.00, 0.00
193,  0,  12.937,  0.98,  1, 0.41, 0.20, 1.69, 0.12, 0.00, 0.58, 0.03, 0.00, 0.00, 0.12, 0.00, 0.18, 0.01, 0.00, 1.63, 1.16, 0.04, 1.00, 0.00, 1.00, 1.00, 0.00, 1.00, 0.00, 0.00, 0.00, 0.00, 0.00, 0.00, 0.00, 0.00, 1.00, 1.00, 0.00, 0.00
194,  0,  13.005,  0.98,  1, 0.45, 0.21, 1.76, 0.09, 0.00, 0.50, 0.05, 0.00, 0.00, 0.20, 0.00, 0.19, 0.01, 0.00, 1.71, 1.00, 0.10, 1.00, 1.00, 1.00, 1.00, 0.00, 1.00, 0.00, 0.00, 0.00, 0.00, 0.00, 0.00, 0.00, 0.00, 1.00, 1.00, 0.00, 0.00
195,  0,  13.072,  0.98,  1, 0.51, 0.31, 1.79, 0.11, 0.00, 0.61, 0.12, 0.00, 0.00, 0.21, 0.00, 0.23, 0.01, 0.00, 1.74, 0.94, 0.09, 1.00, 1.00, 1.00, 1.00, 0.00, 1.00, 0.00, 0.00, 0.00, 0.00, 0.00, 0.00, 0.00, 0.00, 1.00, 1.00, 0.00, 0.00
196,  0,  13.139,  0.98,  1, 0.50, 0.41, 1.83, 0.05, 0.00, 0.77, 0.16, 0.00, 0.00, 0.37, 0.00, 0.16, 0.00, 0.00, 1.74, 0.96, 0.06, 1.00, 1.00, 1.00, 1.00, 0.00, 1.00, 0.00, 0.00, 0.00, 0.00, 0.00, 0.00, 0.00, 0.00, 1.00, 1.00, 0.00, 0.00
197,  0,  13.207,  0.98,  1, 0.53, 0.51, 1.85, 0.12, 0.00, 0.86, 0.13, 0.00, 0.00, 0.39, 0.00, 0.09, 0.07, 0.00, 1.74, 0.96, 0.03, 1.00, 1.00, 1.00, 1.00, 0.00, 1.00, 0.00, 0.00, 0.00, 0.00, 0.00, 0.00, 0.00, 0.00, 1.00, 1.00, 0.00, 0.00
198,  0,  13.274,  0.98,  1, 0.59, 0.38, 1.82, 0.08, 0.00, 0.74, 0.06, 0.00, 0.00, 0.44, 0.04, 0.01, 0.12, 0.00, 1.72, 0.99, 0.03, 1.00, 0.00, 1.00, 1.00, 0.00, 1.00, 0.00, 0.00, 0.00, 0.00, 0.00, 0.00, 0.00, 0.00, 1.00, 1.00, 0.00, 0.00
199,  0,  13.341,  0.98,  1, 0.55, 0.19, 1.72, 0.08, 0.00, 0.55, 0.02, 0.00, 0.00, 0.38, 0.12, 0.00, 0.12, 0.00, 1.58, 0.95, 0.03, 1.00, 0.00, 1.00, 1.00, 0.00, 1.00, 0.00, 0.00, 0.00, 0.00, 0.00, 0.00, 0.00, 0.00, 1.00, 1.00, 0.00, 0.00
200,  0,  13.409,  0.98,  1, 0.62, 0.01, 1.72, 0.00, 0.00, 0.58, 0.04, 0.00, 0.00, 0.45, 0.24, 0.02, 0.05, 0.00, 1.60, 1.01, 0.04, 1.00, 0.00, 1.00, 1.00, 0.00, 1.00, 0.00, 0.00, 0.00, 0.00, 0.00, 0.00, 0.00, 0.00, 1.00, 1.00, 0.00, 0.00
201,  0,  13.476,  0.98,  1, 0.54, 0.05, 1.77, 0.00, 0.00, 0.60, 0.04, 0.00, 0.00, 0.40, 0.20, 0.07, 0.00, 0.00, 1.74, 1.04, 0.09, 0.00, 0.00, 1.00, 1.00, 0.00, 1.00, 0.00, 0.00, 0.00, 0.00, 0.00, 0.00, 0.00, 0.00, 1.00, 1.00, 0.00, 0.00
202,  0,  13.544,  0.98,  1, 0.57, 0.17, 1.98, 0.00, 0.00, 0.85, 0.03, 0.00, 0.00, 0.45, 0.15, 0.11, 0.00, 0.00, 1.89, 0.98, 0.15, 0.00, 0.00, 1.00, 0.00, 0.00, 1.00, 0.00, 0.00, 0.00, 0.00, 0.00, 0.00, 0.00, 0.00, 1.00, 1.00, 0.00, 0.00
203,  0,  13.611,  0.98,  1, 0.41, 0.19, 2.08, 0.00, 0.00, 0.67, 0.00, 0.00, 0.00, 0.37, 0.13, 0.09, 0.00, 0.00, 1.84, 0.92, 0.11, 0.00, 0.00, 1.00, 0.00, 0.00, 1.00, 0.00, 0.00, 0.00, 0.00, 0.00, 0.00, 0.00, 0.00, 1.00, 1.00, 0.00, 0.00
204,  0,  13.678,  0.98,  1, 0.26, 0.20, 2.16, 0.00, 0.00, 0.75, 0.03, 0.00, 0.00, 0.35, 0.20, 0.04, 0.00, 0.00, 1.78, 0.84, 0.06, 0.00, 0.00, 1.00, 0.00, 0.00, 1.00, 0.00, 0.00, 0.00, 0.00, 0.00, 0.00, 0.00, 0.00, 1.00, 1.00, 0.00, 0.00
205,  0,  13.746,  0.98,  1, 0.16, 0.19, 2.17, 0.00, 0.00, 0.75, 0.03, 0.00, 0.00, 0.32, 0.23, 0.01, 0.00, 0.00, 1.75, 0.93, 0.00, 1.00, 0.00, 1.00, 0.00, 0.00, 1.00, 0.00, 0.00, 0.00, 0.00, 0.00, 0.00, 0.00, 0.00, 1.00, 1.00, 0.00, 0.00
206,  0,  13.813,  0.98,  1, 0.29, 0.39, 2.22, 0.00, 0.00, 0.87, 0.06, 0.00, 0.00, 0.32, 0.23, 0.17, 0.00, 0.00, 1.70, 1.10, 0.01, 1.00, 0.00, 1.00, 0.00, 0.00, 1.00, 0.00, 0.00, 0.00, 0.00, 0.00, 0.00, 0.00, 0.00, 1.00, 1.00, 0.00, 0.00
207,  0,  13.880,  0.98,  1, 0.49, 0.38, 2.26, 0.00, 0.00, 0.90, 0.04, 0.00, 0.00, 0.43, 0.25, 0.24, 0.00, 0.00, 1.58, 1.09, 0.01, 1.00, 0.00, 1.00, 0.00, 0.00, 1.00, 0.00, 0.00, 0.00, 0.00, 0.00, 0.00, 0.00, 0.00, 1.00, 1.00, 0.00, 0.00
208,  0,  13.948,  0.98,  1, 0.66, 0.39, 2.33, 0.00, 0.00, 1.00, 0.07, 0.00, 0.00, 0.53, 0.24, 0.27, 0.05, 0.00, 1.47, 1.18, 0.01, 1.00, 0.00, 1.00, 0.00, 0.00, 1.00, 0.00, 0.00, 0.00, 0.00, 0.00, 0.00, 0.00, 0.00, 1.00, 1.00, 0.00, 0.00
209,  0,  14.015,  0.98,  1, 0.59, 0.17, 2.31, 0.00, 0.00, 1.19, 0.15, 0.00, 0.00, 0.60, 0.22, 0.27, 0.06, 0.00, 1.45, 1.13, 0.00, 1.00, 0.00, 1.00, 0.00, 0.00, 1.00, 0.00, 0.00, 0.00, 0.00, 0.00, 0.00, 0.00, 0.00, 1.00, 1.00, 0.00, 0.00
210,  0,  14.083,  0.98,  1, 0.46, 0.12, 2.30, 0.00, 0.00, 1.02, 0.25, 0.00, 0.00, 0.52, 0.20, 0.22, 0.18, 0.00, 1.53, 1.12, 0.00, 1.00, 0.00, 1.00, 0.00, 0.00, 1.00, 0.00, 0.00, 0.00, 0.00, 0.00, 0.00, 0.00, 0.00, 1.00, 1.00, 0.00, 0.00
211,  0,  14.150,  0.98,  1, 0.28, 0.04, 2.20, 0.00, 0.00, 0.87, 0.28, 0.00, 0.00, 0.30, 0.19, 0.25, 0.16, 0.00, 1.51, 1.02, 0.00, 1.00, 0.00, 1.00, 0.00, 0.00, 1.00, 0.00, 0.00, 0.00, 0.00, 0.00, 0.00, 0.00, 0.00, 1.00, 1.00, 0.00, 0.00
212,  0,  14.217,  0.98,  1, 0.24, 0.08, 2.15, 0.00, 0.00, 0.64, 0.28, 0.00, 0.00, 0.18, 0.14, 0.14, 0.21, 0.00, 1.45, 0.92, 0.00, 0.00, 0.00, 1.00, 0.00, 0.00, 1.00, 0.00, 0.00, 0.00, 0.00, 0.00, 0.00, 0.00, 0.00, 1.00, 1.00, 0.00, 0.00
213,  0,  14.285,  0.98,  1, 0.19, 0.08, 2.09, 0.00, 0.00, 0.70, 0.23, 0.00, 0.00, 0.18, 0.11, 0.32, 0.08, 0.00, 1.29, 0.99, 0.00, 0.00, 0.00, 1.00, 0.00, 0.00, 1.00, 0.00, 0.00, 0.00, 0.00, 0.00, 0.00, 0.00, 0.00, 1.00, 1.00, 0.00, 0.00
214,  0,  14.352,  0.98,  1, 0.22, 0.03, 2.09, 0.00, 0.00, 0.76, 0.29, 0.00, 0.00, 0.27, 0.13, 0.39, 0.07, 0.00, 1.25, 0.96, 0.00, 0.00, 0.00, 1.00, 0.00, 0.00, 1.00, 0.00, 0.00, 0.00, 0.00, 0.00, 0.00, 0.00, 0.00, 1.00, 1.00, 0.00, 0.00
215,  0,  14.420,  0.98,  1, 0.20, 0.07, 2.11, 0.00, 0.00, 0.73, 0.26, 0.00, 0.00, 0.31, 0.12, 0.44, 0.04, 0.00, 1.32, 0.99, 0.00, 0.00, 0.00, 1.00, 0.00, 0.00, 1.00, 0.00, 0.00, 0.00, 0.00, 0.00, 0.00, 0.00, 0.00, 1.00, 1.00, 0.00, 0.00
216,  0,  14.487,  0.98,  1, 0.17, 0.11, 2.15, 0.00, 0.00, 0.76, 0.36, 0.00, 0.00, 0.30, 0.12, 0.37, 0.16, 0.00, 1.39, 0.97, 0.00, 0.00, 0.00, 1.00, 0.00, 0.00, 1.00, 0.00, 0.00, 0.00, 0.00, 0.00, 0.00, 0.00, 0.00, 1.00, 1.00, 0.00, 0.00
217,  0,  14.554,  0.98,  1, 0.12, 0.14, 2.07, 0.00, 0.00, 0.75, 0.40, 0.00, 0.00, 0.30, 0.07, 0.36, 0.23, 0.00, 1.42, 1.05, 0.00, 0.00, 0.00, 1.00, 0.00, 0.00, 1.00, 0.00, 0.00, 0.00, 0.00, 0.00, 0.00, 0.00, 0.00, 1.00, 1.00, 0.00, 0.00
218,  0,  14.622,  0.98,  1, 0.06, 0.07, 2.05, 0.00, 0.00, 0.91, 0.45, 0.00, 0.00, 0.27, 0.14, 0.34, 0.25, 0.00, 1.34, 1.03, 0.00, 0.00, 0.00, 1.00, 0.00, 0.00, 1.00, 0.00, 0.00, 0.00, 0.00, 0.00, 0.00, 0.00, 0.00, 1.00, 1.00, 0.00, 0.00
219,  0,  14.689,  0.98,  1, 0.05, 0.02, 2.09, 0.00, 0.00, 1.07, 0.45, 0.00, 0.00, 0.27, 0.18, 0.34, 0.13, 0.00, 1.34, 0.98, 0.00, 0.00, 0.00, 1.00, 0.00, 0.00, 1.00, 0.00, 0.00, 0.00, 0.00, 0.00, 0.00, 0.00, 0.00, 1.00, 1.00, 0.00, 0.00
220,  0,  14.756,  0.98,  1, 0.17, 0.00, 2.17, 0.00, 0.00, 1.10, 0.41, 0.00, 0.00, 0.20, 0.22, 0.38, 0.17, 0.00, 1.25, 1.00, 0.00, 0.00, 0.00, 1.00, 0.00, 0.00, 1.00, 0.00, 0.00, 0.00, 0.00, 0.00, 0.00, 0.00, 0.00, 1.00, 1.00, 0.00, 0.00
221,  0,  14.824,  0.98,  1, 0.15, 0.00, 2.15, 0.00, 0.00, 1.21, 0.44, 0.00, 0.00, 0.20, 0.16, 0.44, 0.16, 0.00, 1.21, 0.94, 0.00, 0.00, 0.00, 1.00, 0.00, 0.00, 1.00, 0.00, 0.00, 0.00, 0.00, 0.00, 0.00, 0.00, 0.00, 1.00, 1.00, 0.00, 0.00
222,  0,  14.891,  0.98,  1, 0.35, 0.11, 2.22, 0.00, 0.00, 1.20, 0.36, 0.00, 0.00, 0.25, 0.14, 0.42, 0.30, 0.00, 1.08, 0.98, 0.00, 0.00, 0.00, 1.00, 0.00, 0.00, 1.00, 0.00, 0.00, 0.00, 0.00, 0.00, 0.00, 0.00, 0.00, 1.00, 1.00, 0.00, 0.00
223,  0,  14.959,  0.98,  1, 0.32, 0.15, 2.34, 0.00, 0.00, 1.22, 0.31, 0.00, 0.00, 0.38, 0.18, 0.49, 0.19, 0.00, 1.05, 0.91, 0.00, 0.00, 0.00, 1.00, 0.00, 0.00, 1.00, 0.00, 0.00, 0.00, 0.00, 0.00, 0.00, 0.00, 0.00, 1.00, 1.00, 0.00, 0.00
224,  0,  15.026,  0.98,  1, 0.40, 0.15, 2.41, 0.00, 0.00, 1.09, 0.30, 0.00, 0.00, 0.50, 0.29, 0.58, 0.24, 0.00, 1.01, 0.98, 0.00, 0.00, 0.00, 1.00, 0.00, 0.00, 1.00, 0.00, 0.00, 0.00, 0.00, 0.00, 0.00, 0.00, 0.00, 1.00, 0.00, 0.00, 0.00
225,  0,  15.093,  0.88,  1, 0.32, 0.04, 2.40, 0.00, 0.00, 1.12, 0.31, 0.00, 0.00, 0.56, 0.38, 0.81, 0.16, 0.00, 0.83, 0.96, 0.00, 0.00, 0.00, 1.00, 0.00, 0.00, 1.00, 0.00, 0.00, 0.00, 0.00, 0.00, 0.00, 0.00, 0.00, 1.00, 0.00, 0.00, 0.00
226,  0,  15.161,  0.98,  1, 0.23, 0.00, 2.19, 0.00, 0.00, 1.01, 0.27, 0.00, 0.00, 0.45, 0.43, 0.94, 0.16, 0.00, 0.62, 0.63, 0.00, 0.00, 0.00, 1.00, 0.00, 0.00, 1.00, 0.00, 0.00, 0.00, 0.00, 0.00, 1.00, 0.00, 0.00, 0.00, 0.00, 0.00, 0.00
227,  0,  15.228,  0.88,  1, 0.20, 0.03, 2.15, 0.00, 0.00, 0.97, 0.19, 0.00, 0.00, 0.37, 0.33, 1.04, 0.06, 0.00, 0.39, 0.32, 0.00, 0.00, 0.00, 1.00, 0.00, 0.00, 1.00, 0.00, 0.00, 0.00, 0.00, 0.00, 1.00, 0.00, 0.00, 0.00, 0.00, 0.00, 0.00
228,  0,  15.295,  0.88,  1, 0.16, 0.03, 2.10, 0.00, 0.00, 0.95, 0.12, 0.00, 0.00, 0.27, 0.26, 0.95, 0.00, 0.00, 0.37, 0.08, 0.00, 0.00, 0.00, 1.00, 0.00, 0.00, 1.00, 0.00, 0.00, 0.00, 0.00, 0.00, 1.00, 0.00, 0.00, 0.00, 0.00, 0.00, 0.00
229,  0,  15.363,  0.88,  1, 0.16, 0.03, 2.17, 0.00, 0.00, 1.21, 0.09, 0.00, 0.00, 0.32, 0.14, 0.92, 0.00, 0.00, 0.37, 0.14, 0.00, 0.00, 0.00, 1.00, 0.00, 0.00, 1.00, 0.00, 0.00, 0.00, 0.00, 0.00, 1.00, 0.00, 0.00, 0.00, 0.00, 0.00, 0.00
230,  0,  15.430,  0.88,  1, 0.34, 0.08, 2.20, 0.00, 0.00, 1.39, 0.04, 0.00, 0.00, 0.38, 0.11, 0.84, 0.00, 0.00, 0.37, 0.35, 0.00, 0.00, 0.00, 1.00, 0.00, 0.00, 1.00, 0.00, 0.00, 0.00, 0.00, 0.00, 1.00, 0.00, 0.00, 0.00, 0.00, 0.00, 0.00
231,  0,  15.498,  0.93,  1, 0.46, 0.12, 2.29, 0.00, 0.00, 1.43, 0.06, 0.00, 0.00, 0.40, 0.03, 0.67, 0.00, 0.00, 0.39, 0.47, 0.00, 0.00, 0.00, 1.00, 0.00, 0.00, 1.00, 0.00, 0.00, 0.00, 0.00, 0.00, 0.00, 0.00, 0.00, 0.00, 0.00, 0.00, 0.00
232,  0,  15.565,  0.93,  1, 0.56, 0.12, 2.41, 0.00, 0.00, 1.34, 0.07, 0.00, 0.00, 0.39, 0.03, 0.35, 0.01, 0.00, 0.49, 0.67, 0.02, 0.00, 0.00, 1.00, 0.00, 0.00, 1.00, 0.00, 0.00, 0.00, 0.00, 0.00, 0.00, 0.00, 0.00, 0.00, 0.00, 0.00, 0.00
233,  0,  15.632,  0.98,  1, 0.45, 0.04, 2.37, 0.00, 0.11, 1.39, 0.16, 0.00, 0.00, 0.37, 0.00, 0.14, 0.09, 0.00, 0.64, 0.76, 0.12, 0.00, 0.00, 1.00, 0.00, 0.00, 1.00, 0.00, 0.00, 0.00, 0.00, 0.00, 0.00, 0.00, 0.00, 0.00, 0.00, 0.00, 1.00
234,  0,  15.700,  0.98,  1, 0.30, 0.00, 2.23, 0.00, 0.16, 1.44, 0.18, 0.00, 0.00, 0.35, 0.00, 0.04, 0.19, 0.00, 0.76, 0.80, 0.12, 0.00, 0.00, 1.00, 0.00, 0.00, 1.00, 0.00, 0.00, 0.00, 0.00, 0.00, 0.00, 0.00, 0.00, 1.00, 1.00, 0.00, 1.00
235,  0,  15.767,  0.98,  1, 0.22, 0.00, 2.14, 0.00, 0.17, 1.34, 0.24, 0.00, 0.00, 0.36, 0.00, 0.03, 0.23, 0.00, 0.88, 0.76, 0.09, 0.00, 0.00, 1.00, 0.00, 0.00, 1.00, 0.00, 0.00, 0.00, 0.00, 0.00, 0.00, 0.00, 0.00, 1.00, 1.00, 0.00, 1.00
236,  0,  15.835,  0.98,  1, 0.11, 0.00, 2.02, 0.00, 0.07, 1.10, 0.19, 0.00, 0.00, 0.35, 0.00, 0.00, 0.15, 0.00, 1.07, 0.77, 0.00, 0.00, 0.00, 1.00, 0.00, 0.00, 1.00, 0.00, 0.00, 0.00, 0.00, 0.00, 0.00, 0.00, 0.00, 1.00, 1.00, 0.00, 1.00
237,  0,  15.902,  0.98,  1, 0.15, 0.00, 2.04, 0.00, 0.01, 0.99, 0.21, 0.00, 0.00, 0.38, 0.00, 0.00, 0.05, 0.00, 1.28, 0.85, 0.00, 0.00, 0.00, 1.00, 0.00, 0.00, 1.00, 0.00, 0.00, 0.00, 0.00, 0.00, 0.00, 0.00, 0.00, 1.00, 1.00, 0.00, 1.00
238,  0,  15.969,  0.98,  1, 0.19, 0.00, 2.04, 0.00, 0.00, 1.07, 0.28, 0.00, 0.00, 0.38, 0.00, 0.00, 0.00, 0.00, 1.44, 1.03, 0.00, 0.00, 0.00, 1.00, 0.00, 0.00, 1.00, 0.00, 0.00, 0.00, 0.00, 0.00, 0.00, 0.00, 0.00, 1.00, 1.00, 0.00, 1.00
239,  0,  16.037,  0.98,  1, 0.21, 0.00, 2.11, 0.00, 0.00, 1.24, 0.33, 0.00, 0.00, 0.33, 0.05, 0.07, 0.05, 0.00, 1.41, 1.13, 0.00, 0.00, 0.00, 1.00, 0.00, 0.00, 1.00, 0.00, 0.00, 0.00, 0.00, 0.00, 0.00, 0.00, 0.00, 1.00, 1.00, 0.00, 1.00
240,  0,  16.104,  0.98,  1, 0.37, 0.00, 2.11, 0.00, 0.00, 1.30, 0.30, 0.00, 0.00, 0.30, 0.08, 0.14, 0.05, 0.00, 1.34, 1.21, 0.00, 0.00, 0.00, 1.00, 0.00, 0.00, 1.00, 0.00, 0.00, 0.00, 0.00, 0.00, 0.00, 0.00, 0.00, 1.00, 1.00, 0.00, 1.00
241,  0,  16.171,  0.98,  1, 0.56, 0.00, 2.20, 0.00, 0.02, 1.57, 0.32, 0.00, 0.00, 0.30, 0.16, 0.26, 0.11, 0.00, 1.31, 1.23, 0.40, 1.00, 0.00, 1.00, 0.00, 0.00, 1.00, 0.00, 0.00, 0.00, 0.00, 0.00, 0.00, 0.00, 0.00, 1.00, 1.00, 0.00, 0.00
242,  0,  16.239,  0.98,  1, 0.63, 0.00, 2.32, 0.00, 0.02, 1.46, 0.33, 0.00, 0.00, 0.22, 0.18, 0.28, 0.06, 0.00, 1.34, 1.22, 0.40, 1.00, 0.00, 1.00, 0.00, 0.00, 1.00, 0.00, 0.00, 0.00, 0.00, 0.00, 0.00, 0.00, 0.00, 1.00, 1.00, 0.00, 1.00
243,  0,  16.306,  0.98,  1, 0.55, 0.00, 2.39, 0.00, 0.02, 1.29, 0.34, 0.00, 0.00, 0.21, 0.26, 0.33, 0.08, 0.00, 1.42, 1.16, 0.40, 1.00, 0.00, 1.00, 0.00, 0.00, 1.00, 0.00, 0.00, 0.00, 0.00, 0.00, 0.00, 0.00, 0.00, 1.00, 1.00, 0.00, 1.00
244,  0,  16.374,  0.98,  1, 0.35, 0.00, 2.36, 0.00, 0.00, 0.83, 0.18, 0.00, 0.00, 0.20, 0.22, 0.38, 0.01, 0.00, 1.38, 1.00, 0.00, 1.00, 0.00, 1.00, 0.00, 0.00, 1.00, 0.00, 0.00, 0.00, 0.00, 0.00, 0.00, 0.00, 0.00, 1.00, 1.00, 0.00, 1.00
245,  0,  16.441,  0.98,  1, 0.35, 0.00, 2.34, 0.00, 0.00, 0.79, 0.11, 0.00, 0.00, 0.28, 0.22, 0.47, 0.01, 0.00, 1.33, 0.91, 0.00, 1.00, 0.00, 1.00, 0.00, 0.00, 1.00, 0.00, 0.00, 0.00, 0.00, 0.00, 0.00, 0.00, 0.00, 1.00, 0.00, 0.00, 0.00
246,  0,  16.508,  0.98,  1, 0.31, 0.00, 2.31, 0.00, 0.00, 0.61, 0.14, 0.00, 0.00, 0.31, 0.26, 0.60, 0.08, 0.00, 1.25, 0.85, 0.00, 1.00, 0.00, 1.00, 0.00, 0.00, 1.00, 0.00, 0.00, 0.00, 0.00, 0.00, 0.00, 0.00, 0.00, 1.00, 0.00, 0.00, 0.00
247,  0,  16.576,  0.98,  1, 0.41, 0.00, 2.31, 0.00, 0.00, 0.45, 0.22, 0.00, 0.00, 0.27, 0.37, 0.69, 0.15, 0.00, 1.26, 0.93, 0.00, 0.00, 0.00, 1.00, 0.00, 0.00, 1.00, 0.00, 0.00, 0.00, 0.00, 0.00, 0.00, 0.00, 0.00, 1.00, 0.00, 0.00, 0.00
248,  0,  16.643,  0.98,  1, 0.50, 0.00, 2.25, 0.00, 0.00, 0.37, 0.21, 0.00, 0.00, 0.33, 0.48, 0.77, 0.15, 0.00, 1.18, 0.93, 0.00, 0.00, 0.00, 1.00, 0.00, 0.00, 1.00, 0.00, 0.00, 0.00, 0.00, 0.00, 0.00, 0.00, 0.00, 1.00, 0.00, 0.00, 0.00
249,  0,  16.711,  0.98,  1, 0.43, 0.00, 2.14, 0.00, 0.00, 0.43, 0.13, 0.00, 0.00, 0.29, 0.47, 0.87, 0.07, 0.00, 0.95, 0.81, 0.00, 0.00, 0.00, 1.00, 0.00, 0.00, 1.00, 0.00, 0.00, 0.00, 0.00, 0.00, 0.00, 0.00, 0.00, 0.00, 0.00, 0.00, 0.00
250,  0,  16.778,  0.98,  1, 0.38, 0.00, 2.12, 0.00, 0.00, 0.58, 0.11, 0.00, 0.00, 0.31, 0.49, 1.07, 0.12, 0.00, 0.55, 0.63, 0.00, 0.00, 0.00, 1.00, 0.00, 0.00, 1.00, 0.00, 0.00, 0.00, 0.00, 0.00, 0.00, 0.00, 0.00, 0.00, 0.00, 0.00, 0.00
251,  0,  16.845,  0.98,  1, 0.34, 0.00, 2.09, 0.00, 0.00, 0.58, 0.12, 0.00, 0.00, 0.34, 0.39, 1.26, 0.12, 0.00, 0.27, 0.37, 0.00, 0.00, 0.00, 1.00, 0.00, 0.00, 1.00, 0.00, 0.00, 0.00, 0.00, 0.00, 0.00, 0.00, 0.00, 0.00, 0.00, 0.00, 0.00
252,  0,  16.913,  0.98,  1, 0.45, 0.04, 2.23, 0.00, 0.00, 0.64, 0.15, 0.00, 0.00, 0.42, 0.34, 1.19, 0.11, 0.00, 0.23, 0.29, 0.00, 0.00, 0.00, 1.00, 0.00, 0.00, 1.00, 0.00, 0.00, 0.00, 0.00, 0.00, 0.00, 0.00, 0.00, 0.00, 0.00, 0.00, 0.00
253,  0,  16.980,  0.93,  1, 0.50, 0.04, 2.22, 0.00, 0.00, 0.60, 0.16, 0.00, 0.00, 0.48, 0.23, 1.07, 0.00, 0.00, 0.34, 0.21, 0.00, 0.00, 0.00, 1.00, 0.00, 0.00, 1.00, 0.00, 0.00, 0.00, 0.00, 0.00, 0.00, 0.00, 0.00, 0.00, 0.00, 0.00, 0.00
254,  0,  17.047,  0.93,  1, 0.46, 0.07, 2.28, 0.00, 0.00, 0.65, 0.15, 0.00, 0.00, 0.52, 0.15, 0.88, 0.00, 0.02, 0.32, 0.20, 0.00, 0.00, 0.00, 1.00, 0.00, 0.00, 1.00, 0.00, 0.00, 0.00, 1.00, 0.00, 1.00, 0.00, 0.00, 0.00, 0.00, 0.00, 0.00
255,  0,  17.115,  0.93,  1, 0.39, 0.03, 2.25, 0.00, 0.00, 0.57, 0.10, 0.00, 0.00, 0.53, 0.06, 0.87, 0.00, 0.09, 0.17, 0.14, 0.00, 0.00, 0.00, 1.00, 0.00, 0.00, 1.00, 0.00, 0.00, 0.00, 1.00, 0.00, 0.00, 0.00, 0.00, 0.00, 0.00, 0.00, 0.00
256,  0,  17.182,  0.98,  1, 0.30, 0.03, 2.26, 0.00, 0.00, 0.58, 0.05, 0.00, 0.00, 0.52, 0.00, 0.85, 0.00, 0.11, 0.02, 0.06, 0.00, 0.00, 0.00, 1.00, 0.00, 0.00, 1.00, 0.00, 0.00, 0.00, 1.00, 0.00, 0.00, 0.00, 0.00, 0.00, 0.00, 0.00, 0.00
257,  0,  17.250,  0.98,  1, 0.34, 0.00, 2.20, 0.00, 0.00, 0.52, 0.05, 0.00, 0.00, 0.50, 0.00, 0.87, 0.00, 0.10, 0.00, 0.01, 0.00, 0.00, 0.00, 1.00, 0.00, 0.00, 1.00, 0.00, 0.00, 0.00, 1.00, 0.00, 0.00, 0.00, 0.00, 0.00, 0.00, 0.00, 0.00
258,  0,  17.317,  0.98,  1, 0.39, 0.00, 2.16, 0.00, 0.00, 0.72, 0.09, 0.00, 0.00, 0.46, 0.00, 0.91, 0.00, 0.04, 0.00, 0.01, 0.00, 0.00, 0.00, 1.00, 0.00, 0.00, 1.00, 0.00, 0.00, 0.00, 1.00, 0.00, 0.00, 0.00, 0.00, 0.00, 0.00, 0.00, 0.00
259,  0,  17.384,  0.98,  1, 0.41, 0.00, 2.19, 0.00, 0.00, 0.94, 0.18, 0.00, 0.00, 0.44, 0.02, 0.93, 0.00, 0.02, 0.00, 0.00, 0.00, 0.00, 0.00, 1.00, 0.00, 0.00, 1.00, 0.00, 0.00, 0.00, 1.00, 0.00, 1.00, 0.00, 0.00, 0.00, 0.00, 0.00, 0.00
260,  0,  17.452,  0.98,  1, 0.31, 0.00, 2.31, 0.00, 0.00, 1.12, 0.29, 0.00, 0.00, 0.53, 0.08, 1.03, 0.06, 0.00, 0.00, 0.00, 0.13, 0.00, 0.00, 1.00, 0.00, 0.00, 1.00, 0.00, 0.00, 0.00, 1.00, 0.00, 1.00, 0.00, 1.00, 0.00, 0.00, 0.00, 0.00
261,  0,  17.519,  0.98,  1, 0.28, 0.00, 2.37, 0.00, 0.03, 1.36, 0.37, 0.00, 0.00, 0.60, 0.14, 1.18, 0.06, 0.00, 0.00, 0.00, 0.21, 0.00, 0.00, 1.00, 0.00, 0.00, 1.00, 0.00, 0.00, 0.00, 1.00, 0.00, 1.00, 0.00, 0.00, 0.00, 0.00, 0.00, 0.00
262,  0,  17.586,  0.98,  1, 0.19, 0.00, 2.23, 0.00, 0.03, 1.19, 0.31, 0.00, 0.00, 0.72, 0.12, 1.31, 0.06, 0.00, 0.00, 0.00, 0.21, 0.00, 0.00, 1.00, 0.00, 0.00, 1.00, 0.00, 0.00, 0.00, 1.00, 0.00, 1.00, 0.00, 0.00, 0.00, 0.00, 0.00, 0.00
263,  0,  17.654,  0.98,  1, 0.14, 0.00, 2.12, 0.00, 0.03, 1.12, 0.23, 0.00, 0.00, 0.66, 0.06, 1.28, 0.00, 0.00, 0.00, 0.00, 0.08, 0.00, 0.00, 1.00, 0.00, 0.00, 1.00, 0.00, 0.00, 0.00, 1.00, 0.00, 1.00, 0.00, 0.00, 0.00, 0.00, 0.00, 0.00
264,  0,  17.721,  0.98,  1, 0.15, 0.00, 2.04, 0.00, 0.00, 0.92, 0.10, 0.00, 0.00, 0.54, 0.01, 1.13, 0.00, 0.00, 0.00, 0.00, 0.00, 0.00, 0.00, 1.00, 0.00, 0.00, 1.00, 0.00, 0.00, 0.00, 1.00, 0.00, 1.00, 0.00, 0.00, 0.00, 0.00, 0.00, 1.00
265,  0,  17.789,  0.98,  1, 0.15, 0.00, 2.12, 0.00, 0.00, 0.94, 0.05, 0.00, 0.00, 0.40, 0.01, 0.98, 0.00, 0.00, 0.00, 0.00, 0.00, 0.00, 0.00, 1.00, 0.00, 0.00, 1.00, 0.00, 0.00, 0.00, 0.00, 0.00, 1.00, 0.00, 0.00, 0.00, 0.00, 0.00, 1.00
266,  0,  17.856,  0.98,  1, 0.20, 0.00, 2.17, 0.00, 0.00, 0.95, 0.08, 0.00, 0.00, 0.31, 0.01, 0.92, 0.01, 0.00, 0.00, 0.00, 0.07, 0.00, 0.00, 1.00, 0.00, 0.00, 1.00, 0.00, 0.00, 0.00, 0.00, 0.00, 1.00, 0.00, 0.00, 0.00, 0.00, 0.00, 1.00
267,  0,  17.923,  0.98,  1, 0.16, 0.00, 2.08, 0.00, 0.00, 1.10, 0.17, 0.00, 0.00, 0.41, 0.04, 0.95, 0.05, 0.00, 0.00, 0.00, 0.21, 0.00, 0.00, 1.00, 0.00, 0.00, 1.00, 0.00, 0.00, 0.00, 0.00, 0.00, 1.00, 0.00, 0.00, 0.00, 0.00, 0.00, 1.00
268,  0,  17.991,  0.98,  1, 0.27, 0.00, 2.06, 0.00, 0.00, 1.20, 0.17, 0.00, 0.00, 0.59, 0.07, 1.00, 0.10, 0.00, 0.00, 0.03, 0.34, 0.00, 0.00, 1.00, 0.00, 0.00, 1.00, 0.00, 0.00, 0.00, 0.00, 0.00, 1.00, 0.00, 0.00, 0.00, 0.00, 0.00, 1.00
269,  0,  18.058,  0.98,  1, 0.71, 0.01, 1.87, 0.00, 0.00, 1.24, 0.09, 0.00, 0.00, 0.60, 0.13, 1.01, 0.23, 0.00, 0.02, 0.06, 1.02, 0.00, 0.00, 1.00, 0.00, 0.00, 1.00, 0.00, 0.00, 0.00, 0.00, 0.00, 1.00, 0.00, 0.00, 0.00, 0.00, 0.00, 1.00
270,  0,  18.126,  0.98,  1, 1.07, 0.01, 2.15, 0.00, 0.00, 1.04, 0.05, 0.00, 0.00, 0.60, 0.28, 1.12, 0.23, 0.00, 0.13, 0.11, 2.15, 0.00, 0.00, 1.00, 0.00, 0.00, 1.00, 0.00, 0.00, 0.00, 0.00, 0.00, 1.00, 0.00, 0.00, 0.00, 0.00, 0.00, 1.00
271,  0,  18.193,  0.98,  1, 1.20, 0.01, 2.32, 0.00, 0.09, 1.28, 0.15, 0.00, 0.00, 0.53, 0.32, 1.08, 0.30, 0.00, 0.13, 0.13, 2.76, 0.00, 0.00, 1.00, 0.00, 0.00, 1.00, 0.00, 0.00, 0.00, 0.00, 0.00, 1.00, 0.00, 0.00, 0.00, 0.00, 0.00, 1.00
272,  0,  18.260,  0.98,  1, 0.69, 0.00, 2.48, 0.00, 0.09, 1.37, 0.17, 0.00, 0.00, 0.51, 0.28, 1.09, 0.20, 0.00, 0.10, 0.15, 2.19, 0.00, 0.00, 1.00, 0.00, 0.00, 1.00, 0.00, 0.00, 0.00, 0.00, 0.00, 0.00, 0.00, 0.00, 0.00, 0.00, 0.00, 1.00
273,  0,  18.328,  0.98,  1, 0.31, 0.00, 2.17, 0.00, 0.09, 1.26, 0.12, 0.00, 0.00, 0.52, 0.10, 0.94, 0.23, 0.00, 0.01, 0.11, 0.91, 0.00, 0.00, 1.00, 0.00, 0.00, 1.00, 0.00, 0.00, 0.00, 0.00, 0.00, 0.00, 0.00, 0.00, 0.00, 0.00, 0.00, 1.00
274,  0,  18.395,  0.98,  1, 0.05, 0.00, 2.00, 0.00, 0.00, 0.84, 0.03, 0.00, 0.00, 0.50, 0.02, 0.88, 0.22, 0.00, 0.04, 0.06, 0.17, 0.00, 0.00, 1.00, 0.00, 0.00, 0.00, 0.00, 0.00, 0.00, 1.00, 0.00, 0.00, 0.00, 0.00, 0.00, 0.00, 0.00, 0.00
275,  0,  18.462,  0.98,  1, 0.05, 0.00, 1.78, 0.00, 0.00, 0.40, 0.00, 0.00, 0.00, 0.62, 0.00, 0.76, 0.19, 0.00, 0.07, 0.00, 0.00, 0.00, 0.00, 1.00, 0.00, 0.00, 0.00, 0.00, 0.00, 0.00, 1.00, 0.00, 0.00, 0.00, 0.00, 0.00, 0.00, 0.00, 0.00
276,  0,  18.530,  0.98,  1, 0.00, 0.00, 1.73, 0.00, 0.00, 0.22, 0.00, 0.00, 0.00, 0.56, 0.00, 0.72, 0.11, 0.00, 0.06, 0.00, 0.03, 0.00, 0.00, 1.00, 0.00, 0.00, 0.00, 0.00, 0.00, 0.00, 0.00, 0.00, 0.00, 0.00, 0.00, 0.00, 0.00, 0.00, 0.00
277,  0,  18.597,  0.98,  1, 0.00, 0.00, 1.67, 0.00, 0.00, 0.10, 0.00, 0.00, 0.00, 0.51, 0.11, 0.75, 0.00, 0.00, 0.02, 0.00, 0.03, 0.00, 0.00, 1.00, 0.00, 0.00, 0.00, 0.00, 0.00, 0.00, 1.00, 0.00, 0.00, 0.00, 0.00, 0.00, 0.00, 0.00, 0.00
278,  0,  18.665,  0.98,  1, 0.00, 0.00, 1.72, 0.00, 0.00, 0.10, 0.00, 0.00, 0.00, 0.44, 0.17, 0.83, 0.00, 0.00, 0.00, 0.00, 0.03, 0.00, 0.00, 1.00, 0.00, 0.00, 0.00, 0.00, 0.00, 0.00, 1.00, 0.00, 0.00, 0.00, 0.00, 0.00, 0.00, 0.00, 0.00
279,  0,  18.732,  0.98,  1, 0.00, 0.00, 1.61, 0.00, 0.00, 0.09, 0.00, 0.00, 0.00, 0.43, 0.17, 0.77, 0.00, 0.00, 0.00, 0.00, 0.00, 0.00, 0.00, 1.00, 1.00, 0.00, 0.00, 0.00, 0.00, 0.00, 1.00, 0.00, 0.00, 0.00, 0.00, 0.00, 0.00, 0.00, 0.00
280,  0,  18.799,  0.98,  1, 0.00, 0.00, 1.52, 0.00, 0.00, 0.00, 0.00, 0.00, 0.00, 0.29, 0.11, 0.74, 0.00, 0.00, 0.00, 0.00, 0.03, 0.00, 0.00, 1.00, 1.00, 0.00, 0.00, 0.00, 0.00, 0.00, 0.00, 0.00, 0.00, 0.00, 0.00, 0.00, 0.00, 0.00, 0.00
281,  0,  18.867,  0.98,  1, 0.00, 0.00, 1.45, 0.00, 0.00, 0.00, 0.00, 0.00, 0.00, 0.20, 0.05, 0.65, 0.00, 0.00, 0.00, 0.00, 0.06, 0.00, 0.00, 1.00, 1.00, 0.00, 0.00, 0.00, 0.00, 0.00, 0.00, 0.00, 0.00, 0.00, 0.00, 0.00, 0.00, 0.00, 0.00
282,  0,  18.934,  0.98,  1, 0.00, 0.00, 1.51, 0.00, 0.00, 0.00, 0.00, 0.00, 0.00, 0.18, 0.05, 0.63, 0.00, 0.00, 0.00, 0.00, 0.06, 0.00, 0.00, 1.00, 1.00, 0.00, 0.00, 0.00, 0.00, 0.00, 0.00, 0.00, 0.00, 0.00, 0.00, 0.00, 0.00, 0.00, 0.00
283,  0,  19.001,  0.98,  1, 0.00, 0.00, 1.39, 0.11, 0.00, 0.00, 0.00, 0.00, 0.00, 0.21, 0.00, 0.52, 0.00, 0.00, 0.00, 0.00, 0.03, 0.00, 0.00, 1.00, 1.00, 0.00, 0.00, 0.00, 0.00, 0.00, 0.00, 0.00, 0.00, 0.00, 0.00, 0.00, 0.00, 0.00, 0.00
284,  0,  19.069,  0.98,  1, 0.00, 0.00, 1.37, 0.37, 0.00, 0.00, 0.00, 0.00, 0.00, 0.16, 0.00, 0.48, 0.00, 0.00, 0.06, 0.02, 0.11, 0.00, 0.00, 1.00, 1.00, 0.00, 0.00, 0.00, 0.00, 0.00, 0.00, 0.00, 0.00, 0.00, 0.00, 0.00, 0.00, 0.00, 0.00
285,  0,  19.136,  0.98,  1, 0.00, 0.00, 1.34, 0.37, 0.00, 0.00, 0.00, 0.00, 0.00, 0.16, 0.00, 0.32, 0.00, 0.00, 0.24, 0.10, 0.21, 0.00, 0.00, 1.00, 1.00, 0.00, 0.00, 0.00, 0.00, 0.00, 0.00, 0.00, 0.00, 0.00, 0.00, 0.00, 0.00, 0.00, 0.00
286,  0,  19.204,  0.98,  1, 0.00, 0.00, 1.34, 0.30, 0.00, 0.00, 0.00, 0.00, 0.00, 0.21, 0.00, 0.18, 0.00, 0.00, 0.43, 0.25, 0.29, 0.00, 0.00, 1.00, 1.00, 0.00, 0.00, 0.00, 0.00, 0.00, 0.00, 0.00, 0.00, 0.00, 0.00, 1.00, 0.00, 0.00, 0.00
287,  0,  19.271,  0.98,  1, 0.00, 0.00, 1.33, 0.04, 0.00, 0.00, 0.00, 0.00, 0.00, 0.28, 0.00, 0.02, 0.00, 0.00, 0.60, 0.32, 0.29, 0.00, 0.00, 1.00, 1.00, 0.00, 0.00, 0.00, 0.00, 0.00, 0.00, 0.00, 0.00, 0.00, 0.00, 1.00, 0.00, 0.00, 0.00
288,  0,  19.338,  0.98,  1, 0.00, 0.00, 1.30, 0.22, 0.00, 0.00, 0.00, 0.00, 0.00, 0.18, 0.00, 0.02, 0.00, 0.00, 0.63, 0.30, 0.19, 0.00, 0.00, 1.00, 1.00, 0.00, 0.00, 0.00, 0.00, 0.00, 0.00, 0.00, 0.00, 0.00, 0.00, 1.00, 0.00, 0.00, 0.00
289,  0,  19.406,  0.98,  1, 0.00, 0.00, 1.33, 0.38, 0.00, 0.00, 0.00, 0.00, 0.00, 0.09, 0.00, 0.02, 0.00, 0.00, 0.72, 0.27, 0.11, 0.00, 0.00, 1.00, 1.00, 0.00, 0.00, 0.00, 0.00, 0.00, 0.00, 0.00, 0.00, 0.00, 0.00, 1.00, 0.00, 0.00, 0.00
290,  0,  19.473,  0.98,  1, 0.00, 0.00, 1.43, 0.61, 0.00, 0.00, 0.00, 0.00, 0.00, 0.00, 0.00, 0.02, 0.00, 0.00, 0.67, 0.31, 0.00, 0.00, 0.00, 1.00, 1.00, 0.00, 0.00, 0.00, 0.00, 0.00, 0.00, 0.00, 0.00, 0.00, 0.00, 1.00, 0.00, 0.00, 0.00
291,  0,  19.541,  0.98,  1, 0.00, 0.00, 1.49, 0.76, 0.00, 0.00, 0.00, 0.00, 0.00, 0.03, 0.00, 0.00, 0.00, 0.00, 0.63, 0.38, 0.00, 0.00, 0.00, 1.00, 1.00, 0.00, 0.00, 0.00, 0.00, 0.00, 0.00, 0.00, 0.00, 0.00, 0.00, 1.00, 0.00, 0.00, 0.00
292,  0,  19.608,  0.98,  1, 0.00, 0.00, 1.53, 0.98, 0.00, 0.00, 0.00, 0.00, 0.00, 0.04, 0.00, 0.00, 0.00, 0.00, 0.55, 0.29, 0.00, 0.00, 0.00, 1.00, 1.00, 0.00, 0.00, 0.00, 0.00, 0.00, 0.00, 0.00, 0.00, 0.00, 0.00, 1.00, 0.00, 0.00, 0.00
293,  0,  19.675,  0.98,  1, 0.00, 0.00, 1.42, 1.27, 0.00, 0.00, 0.00, 0.00, 0.00, 0.04, 0.00, 0.00, 0.00, 0.00, 0.65, 0.24, 0.00, 0.00, 0.00, 1.00, 1.00, 0.00, 0.00, 0.00, 0.00, 0.00, 0.00, 0.00, 0.00, 0.00, 0.00, 1.00, 0.00, 0.00, 0.00
294,  0,  19.743,  0.98,  1, 0.00, 0.00, 1.43, 1.50, 0.00, 0.00, 0.00, 0.00, 0.00, 0.01, 0.00, 0.00, 0.00, 0.00, 0.78, 0.28, 0.00, 1.00, 0.00, 1.00, 1.00, 0.00, 0.00, 0.00, 0.00, 0.00, 0.00, 0.00, 0.00, 0.00, 0.00, 1.00, 0.00, 0.00, 0.00
295,  0,  19.810,  0.93,  1, 0.00, 0.00, 1.43, 1.54, 0.00, 0.00, 0.00, 0.00, 0.00, 0.00, 0.00, 0.00, 0.00, 0.00, 0.88, 0.47, 0.00, 0.00, 0.00, 1.00, 1.00, 0.00, 0.00, 0.00, 0.00, 0.00, 0.00, 0.00, 0.00, 0.00, 0.00, 1.00, 0.00, 0.00, 0.00
296,  0,  19.877,  0.98,  1, 0.00, 0.00, 1.55, 1.03, 0.00, 0.00, 0.00, 0.00, 0.00, 0.12, 0.00, 0.00, 0.00, 0.00, 0.90, 0.69, 0.18, 0.00, 0.00, 1.00, 1.00, 0.00, 0.00, 0.00, 0.00, 0.00, 0.00, 0.00, 0.00, 0.00, 0.00, 1.00, 0.00, 0.00, 0.00
297,  0,  19.945,  0.98,  1, 0.00, 0.00, 1.62, 0.47, 0.00, 0.05, 0.00, 0.00, 0.00, 0.25, 0.00, 0.00, 0.00, 0.00, 0.90, 0.82, 0.42, 0.00, 0.00, 1.00, 1.00, 0.00, 0.00, 0.00, 0.00, 0.00, 0.00, 0.00, 0.00, 0.00, 0.00, 1.00, 1.00, 0.00, 1.00
298,  0,  20.012,  0.98,  1, 0.00, 0.00, 1.63, 0.00, 0.00, 0.11, 0.00, 0.00, 0.00, 0.25, 0.00, 0.00, 0.00, 0.00, 0.87, 0.88, 0.60, 0.00, 0.00, 1.00, 1.00, 0.00, 0.00, 0.00, 0.00, 0.00, 0.00, 0.00, 0.00, 0.00, 0.00, 1.00, 1.00, 0.00, 1.00
299,  0,  20.080,  0.98,  1, 0.00, 0.00, 1.65, 0.00, 0.00, 0.19, 0.00, 0.00, 0.00, 0.12, 0.00, 0.00, 0.00, 0.00, 0.84, 0.84, 0.47, 0.00, 0.00, 1.00, 1.00, 0.00, 0.00, 0.00, 0.00, 0.00, 0.00, 0.00, 0.00, 0.00, 0.00, 1.00, 1.00, 0.00, 1.00
300,  0,  20.147,  0.98,  1, 0.00, 0.00, 1.68, 0.00, 0.00, 0.31, 0.00, 0.00, 0.00, 0.12, 0.00, 0.00, 0.00, 0.00, 0.84, 0.74, 0.43, 0.00, 0.00, 1.00, 0.00, 0.00, 0.00, 0.00, 0.00, 0.00, 0.00, 0.00, 0.00, 0.00, 0.00, 1.00, 1.00, 0.00, 1.00
301,  0,  20.214,  0.98,  1, 0.00, 0.00, 1.90, 0.00, 0.00, 0.58, 0.00, 0.00, 0.00, 0.29, 0.00, 0.02, 0.00, 0.00, 0.88, 0.60, 0.30, 0.00, 0.00, 1.00, 0.00, 0.00, 0.00, 0.00, 0.00, 0.00, 0.00, 0.00, 0.00, 0.00, 0.00, 1.00, 1.00, 0.00, 1.00
302,  0,  20.282,  0.98,  1, 0.00, 0.00, 2.17, 0.00, 0.00, 1.02, 0.02, 0.00, 0.00, 0.44, 0.00, 0.04, 0.00, 0.00, 0.78, 0.43, 0.29, 0.00, 0.00, 1.00, 0.00, 0.00, 1.00, 0.00, 0.00, 0.00, 0.00, 0.00, 0.00, 0.00, 0.00, 1.00, 0.00, 0.00, 1.00
303,  0,  20.349,  0.98,  1, 0.00, 0.00, 2.35, 0.00, 0.07, 1.42, 0.08, 0.00, 0.00, 0.52, 0.00, 0.04, 0.00, 0.00, 0.80, 0.37, 0.14, 0.00, 0.00, 1.00, 0.00, 0.00, 1.00, 0.00, 0.00, 0.00, 0.00, 0.00, 0.00, 0.00, 0.00, 1.00, 0.00, 0.00, 1.00
304,  0,  20.416,  0.98,  1, 0.00, 0.00, 2.54, 0.00, 0.32, 2.10, 0.27, 0.06, 0.00, 0.53, 0.00, 0.03, 0.00, 0.00, 0.81, 0.24, 0.25, 0.00, 0.00, 1.00, 0.00, 0.00, 1.00, 1.00, 0.00, 0.00, 0.00, 0.00, 0.00, 0.00, 0.00, 1.00, 0.00, 0.00, 1.00
305,  0,  20.484,  0.98,  1, 0.00, 0.00, 2.74, 0.00, 0.69, 2.78, 0.62, 0.39, 0.16, 0.68, 0.00, 0.00, 0.00, 0.00, 0.97, 0.16, 0.28, 0.00, 0.00, 1.00, 0.00, 0.00, 1.00, 1.00, 1.00, 0.00, 1.00, 0.00, 0.00, 0.00, 0.00, 1.00, 0.00, 0.00, 1.00
306,  0,  20.551,  0.98,  1, 0.00, 0.00, 2.99, 0.00, 1.06, 3.52, 0.90, 0.80, 0.37, 0.77, 0.00, 0.00, 0.00, 0.00, 1.03, 0.01, 0.42, 0.00, 0.00, 1.00, 0.00, 0.00, 1.00, 1.00, 1.00, 0.00, 1.00, 0.00, 0.00, 0.00, 0.00, 1.00, 0.00, 0.00, 1.00
307,  0,  20.619,  0.98,  1, 0.00, 0.00, 3.13, 0.00, 1.29, 3.76, 1.08, 1.16, 0.59, 0.87, 0.00, 0.00, 0.00, 0.00, 1.18, 0.04, 0.55, 0.00, 0.00, 1.00, 0.00, 0.00, 1.00, 1.00, 1.00, 0.00, 1.00, 0.00, 0.00, 0.00, 0.00, 1.00, 0.00, 0.00, 1.00
308,  0,  20.686,  0.98,  1, 0.00, 0.00, 3.12, 0.00, 1.34, 3.76, 1.07, 1.18, 0.61, 0.84, 0.00, 0.00, 0.00, 0.00, 1.38, 0.04, 0.61, 0.00, 0.00, 1.00, 0.00, 0.00, 1.00, 1.00, 1.00, 0.00, 1.00, 0.00, 0.00, 0.00, 0.00, 1.00, 0.00, 0.00, 1.00
309,  0,  20.753,  0.98,  1, 0.00, 0.00, 3.16, 0.00, 1.23, 3.54, 1.05, 1.10, 0.53, 0.81, 0.00, 0.00, 0.00, 0.00, 1.47, 0.08, 0.44, 0.00, 0.00, 1.00, 0.00, 0.00, 1.00, 1.00, 1.00, 0.00, 1.00, 0.00, 0.00, 0.00, 0.00, 1.00, 0.00, 0.00, 1.00
310,  0,  20.821,  0.98,  1, 0.00, 0.00, 3.00, 0.00, 0.96, 3.07, 0.84, 0.92, 0.39, 0.73, 0.00, 0.00, 0.00, 0.00, 1.61, 0.10, 0.15, 0.00, 0.00, 1.00, 0.00, 0.00, 1.00, 1.00, 1.00, 0.00, 1.00, 0.00, 0.00, 0.00, 0.00, 1.00, 0.00, 0.00, 1.00
311,  0,  20.888,  0.98,  1, 0.00, 0.00, 2.90, 0.00, 0.62, 2.54, 0.61, 0.66, 0.20, 0.68, 0.00, 0.00, 0.00, 0.00, 1.63, 0.21, 0.00, 1.00, 0.00, 1.00, 0.00, 0.00, 1.00, 1.00, 1.00, 0.00, 1.00, 0.00, 0.00, 0.00, 0.00, 1.00, 0.00, 0.00, 1.00
312,  0,  20.956,  0.98,  1, 0.00, 0.00, 2.71, 0.00, 0.32, 1.98, 0.37, 0.36, 0.07, 0.52, 0.00, 0.00, 0.00, 0.00, 1.81, 0.37, 0.00, 1.00, 0.00, 1.00, 0.00, 0.00, 1.00, 1.00, 1.00, 0.00, 1.00, 0.00, 0.00, 0.00, 0.00, 1.00, 1.00, 0.00, 1.00
313,  0,  21.023,  0.98,  1, 0.00, 0.00, 2.66, 0.00, 0.11, 1.62, 0.24, 0.14, 0.00, 0.39, 0.00, 0.00, 0.00, 0.00, 1.91, 0.59, 0.00, 1.00, 0.00, 1.00, 0.00, 0.00, 1.00, 1.00, 1.00, 0.00, 0.00, 0.00, 0.00, 0.00, 0.00, 1.00, 1.00, 0.00, 0.00
314,  0,  21.090,  0.98,  1, 0.03, 0.00, 2.57, 0.00, 0.03, 1.35, 0.14, 0.05, 0.00, 0.28, 0.00, 0.00, 0.00, 0.00, 2.06, 0.69, 0.00, 1.00, 0.00, 1.00, 0.00, 0.00, 1.00, 1.00, 1.00, 0.00, 0.00, 0.00, 0.00, 0.00, 0.00, 1.00, 1.00, 0.00, 0.00
315,  0,  21.158,  0.98,  1, 0.07, 0.00, 2.34, 0.00, 0.00, 1.25, 0.07, 0.01, 0.00, 0.29, 0.00, 0.00, 0.00, 0.00, 2.07, 0.63, 0.00, 1.00, 0.00, 1.00, 0.00, 0.00, 1.00, 0.00, 0.00, 0.00, 0.00, 0.00, 0.00, 0.00, 0.00, 1.00, 1.00, 0.00, 0.00
316,  0,  21.225,  0.98,  1, 0.07, 0.00, 2.12, 0.00, 0.00, 1.18, 0.04, 0.00, 0.00, 0.27, 0.00, 0.00, 0.00, 0.00, 2.02, 0.58, 0.00, 1.00, 0.00, 1.00, 1.00, 0.00, 1.00, 0.00, 0.00, 0.00, 0.00, 0.00, 0.00, 0.00, 0.00, 1.00, 1.00, 0.00, 0.00
317,  0,  21.292,  0.98,  1, 0.09, 0.00, 1.96, 0.00, 0.00, 1.00, 0.01, 0.00, 0.00, 0.18, 0.00, 0.00, 0.00, 0.00, 1.94, 0.57, 0.00, 1.00, 0.00, 1.00, 1.00, 0.00, 1.00, 0.00, 0.00, 0.00, 0.00, 0.00, 0.00, 0.00, 0.00, 1.00, 1.00, 0.00, 0.00
318,  0,  21.360,  0.98,  1, 0.05, 0.00, 1.96, 0.00, 0.00, 0.89, 0.00, 0.00, 0.00, 0.10, 0.00, 0.00, 0.00, 0.00, 1.98, 0.67, 0.00, 1.00, 0.00, 1.00, 1.00, 0.00, 1.00, 0.00, 0.00, 0.00, 0.00, 0.00, 0.00, 0.00, 0.00, 1.00, 1.00, 0.00, 0.00
319,  0,  21.427,  0.98,  1, 0.08, 0.00, 1.96, 0.00, 0.00, 0.72, 0.00, 0.00, 0.00, 0.05, 0.00, 0.00, 0.00, 0.00, 2.00, 0.64, 0.05, 1.00, 0.00, 1.00, 1.00, 0.00, 0.00, 0.00, 0.00, 0.00, 0.00, 0.00, 0.00, 0.00, 0.00, 1.00, 1.00, 0.00, 0.00
320,  0,  21.495,  0.98,  1, 0.05, 0.00, 1.84, 0.00, 0.00, 0.71, 0.00, 0.00, 0.00, 0.06, 0.00, 0.00, 0.00, 0.00, 2.04, 0.61, 0.05, 1.00, 0.00, 1.00, 1.00, 0.00, 0.00, 0.00, 0.00, 0.00, 0.00, 0.00, 0.00, 0.00, 0.00, 1.00, 1.00, 0.00, 0.00
321,  0,  21.562,  0.98,  1, 0.05, 0.00, 1.82, 0.00, 0.00, 0.59, 0.00, 0.00, 0.00, 0.03, 0.00, 0.00, 0.00, 0.00, 2.03, 0.62, 0.05, 1.00, 0.00, 1.00, 1.00, 0.00, 0.00, 0.00, 0.00, 0.00, 0.00, 0.00, 0.00, 0.00, 0.00, 1.00, 1.00, 0.00, 0.00
322,  0,  21.629,  0.98,  1, 0.08, 0.00, 1.95, 0.00, 0.00, 0.75, 0.06, 0.00, 0.00, 0.12, 0.00, 0.00, 0.00, 0.00, 1.97, 0.59, 0.00, 1.00, 0.00, 1.00, 1.00, 0.00, 1.00, 0.00, 0.00, 0.00, 0.00, 0.00, 0.00, 0.00, 0.00, 1.00, 1.00, 0.00, 0.00
323,  0,  21.697,  0.98,  1, 0.05, 0.00, 2.06, 0.00, 0.00, 0.78, 0.13, 0.00, 0.00, 0.26, 0.01, 0.00, 0.00, 0.00, 1.77, 0.63, 0.05, 0.00, 0.00, 1.00, 0.00, 0.00, 1.00, 0.00, 0.00, 0.00, 0.00, 0.00, 0.00, 0.00, 0.00, 1.00, 1.00, 0.00, 1.00
324,  0,  21.764,  0.98,  1, 0.05, 0.00, 2.19, 0.00, 0.00, 0.95, 0.21, 0.00, 0.00, 0.44, 0.03, 0.03, 0.01, 0.00, 1.56, 0.56, 0.12, 0.00, 0.00, 1.00, 0.00, 0.00, 1.00, 1.00, 0.00, 0.00, 0.00, 0.00, 0.00, 0.00, 0.00, 1.00, 0.00, 0.00, 1.00
325,  0,  21.831,  0.98,  1, 0.00, 0.00, 2.18, 0.00, 0.00, 0.95, 0.16, 0.00, 0.00, 0.55, 0.12, 0.05, 0.06, 0.00, 1.41, 0.58, 0.18, 0.00, 0.00, 1.00, 0.00, 0.00, 1.00, 1.00, 0.00, 0.00, 0.00, 0.00, 0.00, 0.00, 0.00, 1.00, 0.00, 0.00, 1.00
326,  0,  21.899,  0.98,  1, 0.00, 0.00, 2.23, 0.00, 0.00, 0.99, 0.17, 0.00, 0.00, 0.54, 0.15, 0.12, 0.06, 0.00, 1.44, 0.54, 0.20, 0.00, 0.00, 1.00, 0.00, 0.00, 1.00, 1.00, 0.00, 0.00, 1.00, 0.00, 0.00, 0.00, 0.00, 1.00, 0.00, 0.00, 1.00
327,  0,  21.966,  0.98,  1, 0.00, 0.00, 2.16, 0.00, 0.00, 0.87, 0.18, 0.00, 0.00, 0.55, 0.13, 0.16, 0.05, 0.00, 1.54, 0.66, 0.16, 0.00, 0.00, 1.00, 0.00, 0.00, 1.00, 1.00, 0.00, 0.00, 1.00, 0.00, 0.00, 0.00, 0.00, 1.00, 0.00, 0.00, 1.00
328,  0,  22.034,  0.98,  1, 0.00, 0.00, 2.06, 0.00, 0.00, 0.89, 0.20, 0.00, 0.00, 0.54, 0.04, 0.25, 0.00, 0.00, 1.54, 0.67, 0.09, 0.00, 0.00, 1.00, 0.00, 0.00, 1.00, 0.00, 0.00, 0.00, 1.00, 0.00, 0.00, 0.00, 0.00, 1.00, 0.00, 0.00, 1.00
329,  0,  22.101,  0.98,  1, 0.01, 0.00, 2.04, 0.00, 0.01, 0.93, 0.16, 0.00, 0.00, 0.57, 0.04, 0.25, 0.06, 0.00, 1.57, 0.67, 0.02, 0.00, 0.00, 1.00, 0.00, 0.00, 1.00, 0.00, 0.00, 0.00, 1.00, 0.00, 0.00, 0.00, 0.00, 1.00, 0.00, 0.00, 1.00
330,  0,  22.168,  0.98,  1, 0.01, 0.00, 2.01, 0.00, 0.01, 0.96, 0.08, 0.00, 0.00, 0.55, 0.04, 0.29, 0.10, 0.00, 1.56, 0.66, 0.08, 0.00, 0.00, 1.00, 0.00, 0.00, 1.00, 0.00, 0.00, 0.00, 1.00, 0.00, 0.00, 0.00, 0.00, 1.00, 0.00, 0.00, 1.00
331,  0,  22.236,  0.98,  1, 0.09, 0.00, 1.95, 0.00, 0.01, 0.97, 0.06, 0.00, 0.00, 0.51, 0.04, 0.20, 0.19, 0.00, 1.62, 0.66, 0.13, 0.00, 0.00, 1.00, 0.00, 0.00, 1.00, 0.00, 0.00, 0.00, 1.00, 0.00, 0.00, 0.00, 0.00, 1.00, 0.00, 0.00, 1.00
332,  0,  22.303,  0.98,  1, 0.16, 0.00, 1.88, 0.00, 0.00, 1.05, 0.02, 0.00, 0.00, 0.40, 0.02, 0.29, 0.14, 0.00, 1.54, 0.67, 0.13, 0.00, 0.00, 1.00, 0.00, 0.00, 1.00, 0.00, 0.00, 0.00, 1.00, 0.00, 0.00, 0.00, 0.00, 1.00, 0.00, 0.00, 1.00
333,  0,  22.371,  0.98,  1, 0.19, 0.00, 1.91, 0.00, 0.00, 1.15, 0.02, 0.00, 0.00, 0.38, 0.12, 0.34, 0.14, 0.00, 1.35, 0.60, 0.05, 0.00, 0.00, 1.00, 0.00, 0.00, 1.00, 0.00, 0.00, 0.00, 1.00, 0.00, 0.00, 0.00, 0.00, 1.00, 0.00, 0.00, 0.00
334,  0,  22.438,  0.98,  1, 0.19, 0.00, 2.01, 0.00, 0.00, 1.09, 0.04, 0.00, 0.00, 0.45, 0.12, 0.59, 0.06, 0.00, 1.10, 0.61, 0.00, 0.00, 0.00, 1.00, 0.00, 0.00, 1.00, 0.00, 0.00, 0.00, 1.00, 0.00, 0.00, 0.00, 0.00, 1.00, 0.00, 0.00, 0.00
335,  0,  22.505,  0.98,  1, 0.22, 0.00, 2.10, 0.00, 0.00, 1.07, 0.08, 0.00, 0.00, 0.52, 0.12, 0.76, 0.05, 0.00, 0.71, 0.51, 0.00, 0.00, 0.00, 1.00, 0.00, 0.00, 1.00, 0.00, 0.00, 0.00, 1.00, 0.00, 0.00, 0.00, 0.00, 0.00, 0.00, 0.00, 0.00
336,  0,  22.573,  0.98,  1, 0.41, 0.00, 2.27, 0.00, 0.00, 1.24, 0.06, 0.00, 0.00, 0.58, 0.05, 0.86, 0.00, 0.00, 0.42, 0.37, 0.00, 0.00, 0.00, 1.00, 0.00, 0.00, 1.00, 0.00, 0.00, 0.00, 1.00, 0.00, 0.00, 0.00, 0.00, 0.00, 0.00, 0.00, 0.00
337,  0,  22.640,  0.98,  1, 0.50, 0.00, 2.36, 0.00, 0.00, 1.33, 0.08, 0.00, 0.00, 0.63, 0.07, 0.84, 0.00, 0.00, 0.19, 0.18, 0.00, 0.00, 0.00, 1.00, 0.00, 0.00, 1.00, 0.00, 0.00, 0.00, 1.00, 0.00, 0.00, 0.00, 0.00, 0.00, 0.00, 0.00, 0.00
338,  0,  22.707,  0.98,  1, 0.64, 0.01, 2.29, 0.00, 0.00, 1.38, 0.12, 0.02, 0.00, 0.63, 0.05, 0.75, 0.10, 0.00, 0.26, 0.10, 0.01, 1.00, 0.00, 1.00, 0.00, 0.00, 1.00, 0.00, 0.00, 0.00, 1.00, 0.00, 0.00, 0.00, 0.00, 0.00, 0.00, 0.00, 0.00
339,  0,  22.775,  0.98,  1, 0.61, 0.04, 2.20, 0.00, 0.00, 1.31, 0.18, 0.02, 0.00, 0.60, 0.05, 0.66, 0.15, 0.00, 0.33, 0.03, 0.01, 1.00, 0.00, 1.00, 0.00, 0.00, 1.00, 0.00, 0.00, 0.00, 1.00, 0.00, 0.00, 0.00, 0.00, 0.00, 0.00, 0.00, 0.00
340,  0,  22.842,  0.98,  1, 0.66, 0.16, 2.14, 0.00, 0.00, 1.40, 0.24, 0.06, 0.00, 0.49, 0.15, 0.65, 0.25, 0.00, 0.45, 0.10, 0.01, 1.00, 0.00, 1.00, 0.00, 0.00, 1.00, 0.00, 0.00, 0.00, 1.00, 0.00, 0.00, 0.00, 0.00, 0.00, 0.00, 0.00, 0.00
341,  0,  22.910,  0.98,  1, 0.60, 0.29, 2.16, 0.00, 0.00, 1.50, 0.20, 0.06, 0.00, 0.54, 0.29, 0.67, 0.22, 0.00, 0.56, 0.17, 0.03, 0.00, 0.00, 1.00, 0.00, 0.00, 1.00, 0.00, 0.00, 0.00, 1.00, 0.00, 0.00, 0.00, 0.00, 0.00, 0.00, 0.00, 0.00
342,  0,  22.977,  0.98,  1, 0.58, 0.28, 2.18, 0.00, 0.00, 1.55, 0.21, 0.07, 0.00, 0.59, 0.29, 0.72, 0.21, 0.00, 0.58, 0.30, 0.06, 0.00, 0.00, 1.00, 0.00, 0.00, 1.00, 0.00, 0.00, 0.00, 0.00, 0.00, 0.00, 0.00, 0.00, 0.00, 0.00, 0.00, 0.00
343,  0,  23.044,  0.98,  1, 0.54, 0.21, 2.25, 0.00, 0.02, 1.47, 0.21, 0.14, 0.00, 0.62, 0.29, 0.75, 0.16, 0.00, 0.60, 0.33, 0.11, 0.00, 0.00, 1.00, 0.00, 0.00, 1.00, 0.00, 0.00, 0.00, 0.00, 0.00, 0.00, 0.00, 0.00, 0.00, 0.00, 0.00, 0.00
344,  0,  23.112,  0.98,  1, 0.53, 0.07, 2.32, 0.00, 0.02, 1.46, 0.30, 0.16, 0.00, 0.64, 0.24, 0.76, 0.16, 0.00, 0.55, 0.41, 0.15, 0.00, 0.00, 1.00, 0.00, 0.00, 1.00, 0.00, 0.00, 0.00, 0.00, 0.00, 0.00, 0.00, 0.00, 0.00, 0.00, 0.00, 0.00
345,  0,  23.179,  0.98,  1, 0.53, 0.07, 2.25, 0.00, 0.03, 1.50, 0.34, 0.15, 0.00, 0.60, 0.27, 0.75, 0.17, 0.00, 0.56, 0.39, 0.19, 0.00, 0.00, 1.00, 0.00, 0.00, 1.00, 1.00, 0.00, 0.00, 0.00, 0.00, 0.00, 0.00, 0.00, 0.00, 0.00, 0.00, 0.00
346,  0,  23.246,  0.98,  1, 0.52, 0.04, 2.19, 0.00, 0.04, 1.56, 0.40, 0.04, 0.00, 0.59, 0.16, 0.66, 0.23, 0.00, 0.60, 0.32, 0.14, 0.00, 0.00, 1.00, 0.00, 0.00, 1.00, 1.00, 0.00, 0.00, 0.00, 0.00, 0.00, 0.00, 0.00, 0.00, 0.00, 0.00, 0.00
347,  0,  23.314,  0.98,  1, 0.45, 0.04, 2.19, 0.00, 0.04, 1.57, 0.43, 0.06, 0.00, 0.51, 0.13, 0.61, 0.21, 0.00, 0.61, 0.30, 0.07, 0.00, 0.00, 1.00, 0.00, 0.00, 1.00, 1.00, 0.00, 0.00, 0.00, 0.00, 0.00, 0.00, 0.00, 0.00, 0.00, 0.00, 0.00
348,  0,  23.381,  0.98,  1, 0.42, 0.00, 2.32, 0.00, 0.03, 1.44, 0.46, 0.06, 0.00, 0.47, 0.08, 0.59, 0.22, 0.00, 0.66, 0.30, 0.05, 0.00, 0.00, 1.00, 0.00, 0.00, 1.00, 1.00, 0.00, 0.00, 0.00, 0.00, 0.00, 0.00, 0.00, 0.00, 0.00, 0.00, 0.00
349,  0,  23.449,  0.98,  1, 0.37, 0.00, 2.32, 0.00, 0.00, 1.44, 0.37, 0.10, 0.00, 0.37, 0.08, 0.71, 0.11, 0.00, 0.71, 0.30, 0.05, 0.00, 0.00, 1.00, 0.00, 0.00, 1.00, 0.00, 0.00, 0.00, 0.00, 0.00, 0.00, 0.00, 0.00, 0.00, 0.00, 0.00, 0.00
350,  0,  23.516,  0.98,  1, 0.44, 0.00, 2.24, 0.00, 0.02, 1.35, 0.26, 0.09, 0.00, 0.38, 0.08, 0.76, 0.05, 0.00, 0.73, 0.22, 0.09, 0.00, 0.00, 1.00, 0.00, 0.00, 1.00, 0.00, 0.00, 0.00, 1.00, 0.00, 0.00, 0.00, 0.00, 0.00, 0.00, 0.00, 0.00
351,  0,  23.583,  0.98,  1, 0.40, 0.00, 2.13, 0.00, 0.02, 1.30, 0.19, 0.09, 0.00, 0.38, 0.12, 0.83, 0.00, 0.00, 0.65, 0.11, 0.08, 0.00, 0.00, 1.00, 0.00, 0.00, 1.00, 0.00, 0.00, 0.00, 1.00, 0.00, 0.00, 0.00, 0.00, 0.00, 0.00, 0.00, 0.00
352,  0,  23.651,  0.98,  1, 0.49, 0.00, 2.11, 0.00, 0.06, 1.07, 0.26, 0.04, 0.00, 0.65, 0.25, 0.81, 0.07, 0.00, 0.53, 0.10, 0.16, 1.00, 0.00, 1.00, 0.00, 0.00, 1.00, 0.00, 0.00, 0.00, 1.00, 0.00, 0.00, 0.00, 0.00, 0.00, 0.00, 0.00, 0.00
353,  0,  23.718,  0.98,  1, 0.49, 0.00, 2.23, 0.00, 0.05, 0.76, 0.30, 0.00, 0.00, 0.76, 0.25, 0.93, 0.19, 0.00, 0.35, 0.11, 0.12, 1.00, 0.00, 1.00, 0.00, 0.00, 1.00, 0.00, 0.00, 0.00, 1.00, 0.00, 0.00, 0.00, 0.00, 0.00, 0.00, 0.00, 0.00
354,  0,  23.786,  0.98,  1, 0.68, 0.00, 2.37, 0.00, 0.06, 0.55, 0.26, 0.00, 0.00, 0.89, 0.29, 1.07, 0.21, 0.00, 0.19, 0.15, 0.07, 1.00, 0.00, 1.00, 0.00, 0.00, 1.00, 0.00, 0.00, 0.00, 1.00, 0.00, 0.00, 0.00, 0.00, 0.00, 0.00, 0.00, 0.00
355,  0,  23.853,  0.98,  1, 0.69, 0.00, 2.47, 0.00, 0.04, 0.63, 0.17, 0.00, 0.00, 0.86, 0.34, 1.08, 0.15, 0.00, 0.05, 0.21, 0.00, 1.00, 0.00, 1.00, 0.00, 0.00, 1.00, 0.00, 0.00, 0.00, 1.00, 0.00, 0.00, 0.00, 0.00, 0.00, 0.00, 0.00, 0.00
356,  0,  23.920,  0.98,  1, 0.83, 0.06, 2.62, 0.00, 0.04, 0.84, 0.08, 0.00, 0.00, 0.95, 0.36, 1.00, 0.08, 0.00, 0.00, 0.23, 0.13, 1.00, 0.00, 1.00, 0.00, 0.00, 1.00, 0.00, 0.00, 0.00, 1.00, 0.00, 0.00, 0.00, 0.00, 0.00, 0.00, 0.00, 0.00
357,  0,  23.988,  0.98,  1, 0.80, 0.06, 2.70, 0.00, 0.03, 0.96, 0.05, 0.00, 0.00, 0.99, 0.27, 0.86, 0.07, 0.00, 0.00, 0.19, 0.13, 1.00, 0.00, 1.00, 0.00, 0.00, 1.00, 0.00, 0.00, 0.00, 1.00, 0.00, 0.00, 0.00, 1.00, 0.00, 0.00, 0.00, 0.00
358,  0,  24.055,  0.98,  1, 0.83, 0.06, 2.76, 0.00, 0.00, 0.99, 0.01, 0.00, 0.00, 0.99, 0.09, 0.82, 0.06, 0.00, 0.00, 0.12, 0.13, 1.00, 0.00, 1.00, 0.00, 0.00, 1.00, 0.00, 0.00, 0.00, 1.00, 0.00, 0.00, 0.00, 0.00, 0.00, 0.00, 0.00, 0.00
359,  0,  24.122,  0.98,  1, 0.74, 0.00, 2.72, 0.00, 0.00, 1.02, 0.00, 0.00, 0.00, 0.93, 0.00, 0.78, 0.00, 0.02, 0.00, 0.11, 0.00, 1.00, 0.00, 1.00, 0.00, 0.00, 1.00, 0.00, 0.00, 0.00, 1.00, 0.00, 0.00, 0.00, 0.00, 0.00, 0.00, 0.00, 0.00
360,  0,  24.190,  0.98,  1, 0.67, 0.00, 2.69, 0.00, 0.00, 1.09, 0.00, 0.00, 0.00, 0.92, 0.00, 0.85, 0.00, 0.02, 0.00, 0.11, 0.03, 1.00, 0.00, 1.00, 0.00, 0.00, 1.00, 0.00, 0.00, 0.00, 1.00, 0.00, 0.00, 0.00, 0.00, 0.00, 0.00, 0.00, 0.00
361,  0,  24.257,  0.98,  1, 0.58, 0.00, 2.67, 0.00, 0.00, 1.05, 0.00, 0.00, 0.00, 0.87, 0.00, 0.87, 0.01, 0.02, 0.00, 0.10, 0.10, 1.00, 0.00, 1.00, 0.00, 0.00, 1.00, 0.00, 0.00, 0.00, 1.00, 0.00, 0.00, 0.00, 0.00, 0.00, 0.00, 0.00, 0.00
362,  0,  24.325,  0.88,  1, 0.49, 0.00, 2.65, 0.00, 0.00, 1.03, 0.00, 0.00, 0.00, 0.83, 0.00, 0.99, 0.01, 0.02, 0.00, 0.02, 0.13, 1.00, 0.00, 1.00, 0.00, 0.00, 1.00, 0.00, 0.00, 0.00, 1.00, 0.00, 0.00, 0.00, 0.00, 0.00, 0.00, 0.00, 0.00
363,  0,  24.392,  0.93,  1, 0.29, 0.00, 2.59, 0.00, 0.00, 0.99, 0.00, 0.00, 0.00, 0.81, 0.00, 1.01, 0.01, 0.12, 0.00, 0.02, 0.22, 1.00, 0.00, 1.00, 0.00, 0.00, 1.00, 0.00, 0.00, 0.00, 1.00, 0.00, 1.00, 0.00, 0.00, 0.00, 0.00, 0.00, 0.00
364,  0,  24.459,  0.98,  1, 0.13, 0.00, 2.45, 0.00, 0.00, 1.06, 0.00, 0.00, 0.00, 0.74, 0.00, 0.99, 0.00, 0.24, 0.00, 0.02, 0.14, 1.00, 0.00, 1.00, 0.00, 0.00, 1.00, 0.00, 0.00, 0.00, 1.00, 0.00, 1.00, 0.00, 0.00, 0.00, 0.00, 0.00, 0.00
365,  0,  24.527,  0.98,  1, 0.00, 0.00, 2.35, 0.00, 0.00, 0.93, 0.00, 0.00, 0.00, 0.78, 0.00, 0.97, 0.00, 0.30, 0.00, 0.02, 0.11, 1.00, 0.00, 1.00, 0.00, 0.00, 1.00, 0.00, 0.00, 0.00, 1.00, 0.00, 1.00, 0.00, 0.00, 0.00, 0.00, 0.00, 0.00
366,  0,  24.594,  0.98,  1, 0.01, 0.00, 2.34, 0.00, 0.00, 1.00, 0.00, 0.00, 0.00, 0.70, 0.00, 0.97, 0.00, 0.25, 0.00, 0.02, 0.00, 1.00, 0.00, 1.00, 0.00, 0.00, 1.00, 0.00, 0.00, 0.00, 1.00, 0.00, 1.00, 0.00, 0.00, 0.00, 0.00, 0.00, 0.00
367,  0,  24.661,  0.93,  1, 0.03, 0.00, 2.30, 0.00, 0.00, 0.86, 0.00, 0.00, 0.00, 0.66, 0.00, 1.08, 0.00, 0.16, 0.00, 0.02, 0.00, 1.00, 0.00, 1.00, 0.00, 0.00, 1.00, 0.00, 0.00, 0.00, 1.00, 0.00, 1.00, 0.00, 0.00, 0.00, 0.00, 0.00, 0.00
368,  0,  24.729,  0.93,  1, 0.05, 0.00, 2.24, 0.00, 0.00, 0.83, 0.00, 0.00, 0.00, 0.61, 0.00, 1.11, 0.00, 0.13, 0.00, 0.05, 0.06, 0.00, 0.00, 1.00, 0.00, 0.00, 1.00, 0.00, 0.00, 0.00, 1.00, 0.00, 1.00, 0.00, 0.00, 0.00, 0.00, 0.00, 0.00
369,  0,  24.796,  0.93,  1, 0.09, 0.00, 2.20, 0.00, 0.00, 0.65, 0.00, 0.00, 0.00, 0.63, 0.00, 1.04, 0.00, 0.11, 0.00, 0.10, 0.09, 0.00, 0.00, 1.00, 0.00, 0.00, 1.00, 0.00, 0.00, 0.00, 1.00, 0.00, 1.00, 0.00, 0.00, 0.00, 0.00, 0.00, 0.00
370,  0,  24.864,  0.93,  1, 0.07, 0.00, 2.31, 0.00, 0.00, 0.50, 0.00, 0.00, 0.00, 0.67, 0.02, 1.04, 0.00, 0.14, 0.00, 0.16, 0.09, 0.00, 0.00, 1.00, 0.00, 0.00, 1.00, 0.00, 0.00, 0.00, 1.00, 0.00, 1.00, 0.00, 0.00, 0.00, 0.00, 0.00, 0.00
371,  0,  24.931,  0.93,  1, 0.04, 0.00, 2.32, 0.00, 0.00, 0.57, 0.00, 0.00, 0.00, 0.67, 0.02, 0.97, 0.00, 0.18, 0.00, 0.24, 0.04, 0.00, 0.00, 1.00, 0.00, 0.00, 1.00, 0.00, 0.00, 0.00, 1.00, 0.00, 1.00, 0.00, 0.00, 0.00, 0.00, 0.00, 0.00
372,  0,  24.998,  0.93,  1, 0.00, 0.00, 2.18, 0.00, 0.00, 0.77, 0.00, 0.00, 0.00, 0.68, 0.02, 0.94, 0.00, 0.18, 0.00, 0.20, 0.00, 0.00, 0.00, 1.00, 0.00, 0.00, 1.00, 0.00, 0.00, 0.00, 1.00, 0.00, 0.00, 0.00, 0.00, 0.00, 0.00, 0.00, 0.00
373,  0,  25.066,  0.98,  1, 0.00, 0.00, 2.11, 0.00, 0.00, 1.16, 0.00, 0.00, 0.00, 0.70, 0.00, 0.83, 0.00, 0.12, 0.00, 0.15, 0.00, 0.00, 0.00, 1.00, 0.00, 0.00, 1.00, 0.00, 0.00, 0.00, 1.00, 0.00, 0.00, 0.00, 0.00, 0.00, 0.00, 0.00, 0.00
374,  0,  25.133,  0.93,  1, 0.00, 0.00, 2.15, 0.00, 0.00, 1.38, 0.00, 0.00, 0.00, 0.69, 0.00, 0.78, 0.00, 0.09, 0.00, 0.09, 0.00, 0.00, 0.00, 1.00, 0.00, 0.00, 1.00, 0.00, 0.00, 0.00, 1.00, 0.00, 0.00, 0.00, 0.00, 0.00, 0.00, 0.00, 0.00
375,  0,  25.201,  0.93,  1, 0.02, 0.00, 2.18, 0.00, 0.00, 1.45, 0.00, 0.00, 0.00, 0.76, 0.00, 0.84, 0.00, 0.13, 0.02, 0.24, 0.00, 0.00, 0.00, 1.00, 0.00, 0.00, 1.00, 0.00, 0.00, 0.00, 1.00, 0.00, 0.00, 0.00, 0.00, 0.00, 0.00, 0.00, 0.00
376,  0,  25.268,  0.93,  1, 0.02, 0.00, 2.13, 0.00, 0.00, 1.35, 0.00, 0.00, 0.00, 0.81, 0.00, 0.83, 0.00, 0.17, 0.02, 0.30, 0.00, 0.00, 0.00, 1.00, 0.00, 0.00, 1.00, 0.00, 0.00, 0.00, 1.00, 0.00, 0.00, 0.00, 0.00, 0.00, 0.00, 0.00, 0.00
377,  0,  25.335,  0.93,  1, 0.06, 0.00, 2.03, 0.00, 0.00, 1.08, 0.00, 0.00, 0.00, 0.81, 0.00, 0.84, 0.03, 0.18, 0.02, 0.30, 0.00, 0.00, 0.00, 1.00, 0.00, 0.00, 1.00, 0.00, 0.00, 0.00, 1.00, 0.00, 0.00, 0.00, 0.00, 0.00, 0.00, 0.00, 0.00
378,  0,  25.403,  0.93,  1, 0.04, 0.00, 2.04, 0.00, 0.00, 0.92, 0.00, 0.00, 0.00, 0.82, 0.00, 0.75, 0.03, 0.18, 0.00, 0.18, 0.00, 0.00, 0.00, 1.00, 0.00, 0.00, 1.00, 0.00, 0.00, 0.00, 1.00, 0.00, 0.00, 0.00, 0.00, 0.00, 0.00, 0.00, 0.00
379,  0,  25.470,  0.98,  1, 0.04, 0.00, 2.01, 0.00, 0.00, 0.87, 0.00, 0.00, 0.00, 0.81, 0.00, 0.77, 0.03, 0.16, 0.00, 0.14, 0.00, 0.00, 0.00, 1.00, 0.00, 0.00, 1.00, 0.00, 0.00, 0.00, 1.00, 0.00, 0.00, 0.00, 0.00, 0.00, 0.00, 0.00, 0.00
380,  0,  25.537,  0.98,  1, 0.00, 0.00, 2.02, 0.00, 0.00, 1.10, 0.00, 0.00, 0.00, 0.80, 0.00, 0.83, 0.00, 0.15, 0.00, 0.12, 0.01, 0.00, 0.00, 1.00, 0.00, 0.00, 1.00, 0.00, 0.00, 0.00, 1.00, 0.00, 0.00, 0.00, 0.00, 0.00, 0.00, 0.00, 0.00
381,  0,  25.605,  0.98,  1, 0.00, 0.00, 1.97, 0.00, 0.00, 1.04, 0.00, 0.00, 0.00, 0.72, 0.00, 0.91, 0.00, 0.14, 0.00, 0.08, 0.01, 0.00, 0.00, 1.00, 0.00, 0.00, 1.00, 0.00, 0.00, 0.00, 1.00, 0.00, 0.00, 0.00, 0.00, 0.00, 0.00, 0.00, 0.00
382,  0,  25.672,  0.93,  1, 0.04, 0.00, 1.93, 0.00, 0.00, 1.09, 0.00, 0.00, 0.00, 0.69, 0.00, 0.93, 0.00, 0.17, 0.00, 0.05, 0.01, 0.00, 0.00, 1.00, 0.00, 0.00, 1.00, 0.00, 0.00, 0.00, 1.00, 0.00, 0.00, 0.00, 0.00, 0.00, 0.00, 0.00, 0.00
383,  0,  25.740,  0.93,  1, 0.07, 0.00, 1.93, 0.00, 0.00, 0.96, 0.00, 0.00, 0.00, 0.69, 0.00, 0.93, 0.00, 0.21, 0.00, 0.04, 0.00, 0.00, 0.00, 1.00, 0.00, 0.00, 1.00, 0.00, 0.00, 0.00, 1.00, 0.00, 1.00, 0.00, 0.00, 0.00, 0.00, 0.00, 0.00
384,  0,  25.807,  0.93,  1, 0.07, 0.00, 1.95, 0.00, 0.00, 0.92, 0.00, 0.00, 0.00, 0.65, 0.00, 0.97, 0.00, 0.27, 0.00, 0.08, 0.00, 0.00, 0.00, 1.00, 0.00, 0.00, 1.00, 0.00, 0.00, 0.00, 1.00, 0.00, 1.00, 0.00, 0.00, 0.00, 0.00, 0.00, 0.00
385,  0,  25.874,  0.93,  1, 0.03, 0.00, 1.98, 0.00, 0.00, 0.78, 0.00, 0.00, 0.00, 0.63, 0.00, 1.00, 0.00, 0.33, 0.00, 0.11, 0.00, 0.00, 0.00, 1.00, 0.00, 0.00, 1.00, 0.00, 0.00, 0.00, 1.00, 0.00, 0.00, 0.00, 0.00, 0.00, 0.00, 0.00, 0.00
386,  0,  25.942,  0.93,  1, 0.05, 0.00, 2.01, 0.00, 0.00, 0.70, 0.00, 0.00, 0.00, 0.61, 0.00, 0.98, 0.00, 0.36, 0.00, 0.18, 0.00, 0.00, 0.00, 1.00, 0.00, 0.00, 1.00, 0.00, 0.00, 0.00, 1.00, 0.00, 1.00, 0.00, 0.00, 0.00, 0.00, 0.00, 0.00
387,  0,  26.009,  0.98,  1, 0.05, 0.00, 2.03, 0.00, 0.00, 0.81, 0.00, 0.00, 0.00, 0.64, 0.00, 0.95, 0.00, 0.40, 0.00, 0.20, 0.00, 0.00, 0.00, 1.00, 0.00, 0.00, 1.00, 0.00, 0.00, 0.00, 1.00, 0.00, 1.00, 0.00, 0.00, 0.00, 0.00, 0.00, 0.00
388,  0,  26.076,  0.98,  1, 0.11, 0.00, 2.00, 0.00, 0.00, 0.95, 0.00, 0.00, 0.00, 0.65, 0.00, 0.95, 0.00, 0.40, 0.02, 0.32, 0.00, 0.00, 0.00, 1.00, 0.00, 0.00, 1.00, 0.00, 0.00, 0.00, 1.00, 0.00, 1.00, 0.00, 0.00, 0.00, 0.00, 0.00, 0.00
389,  0,  26.144,  0.93,  1, 0.06, 0.03, 1.99, 0.00, 0.00, 1.02, 0.00, 0.00, 0.00, 0.61, 0.00, 0.97, 0.00, 0.41, 0.02, 0.29, 0.04, 0.00, 0.00, 1.00, 0.00, 0.00, 1.00, 0.00, 0.00, 0.00, 1.00, 0.00, 1.00, 0.00, 0.00, 0.00, 0.00, 0.00, 0.00
390,  0,  26.211,  0.93,  1, 0.06, 0.03, 1.93, 0.00, 0.00, 1.15, 0.00, 0.00, 0.00, 0.49, 0.00, 0.92, 0.00, 0.31, 0.03, 0.23, 0.18, 0.00, 0.00, 1.00, 0.00, 0.00, 1.00, 0.00, 0.00, 0.00, 1.00, 0.00, 1.00, 0.00, 0.00, 0.00, 0.00, 0.00, 0.00
391,  0,  26.279,  0.93,  1, 0.01, 0.03, 1.94, 0.00, 0.00, 1.20, 0.00, 0.00, 0.00, 0.34, 0.00, 0.79, 0.00, 0.24, 0.01, 0.13, 0.28, 0.00, 0.00, 1.00, 0.00, 0.00, 1.00, 0.00, 0.00, 0.00, 1.00, 0.00, 0.00, 0.00, 0.00, 0.00, 0.00, 0.00, 0.00
392,  0,  26.346,  0.98,  1, 0.01, 0.01, 1.79, 0.00, 0.00, 1.02, 0.00, 0.00, 0.00, 0.32, 0.00, 0.79, 0.00, 0.19, 0.01, 0.10, 0.25, 0.00, 0.00, 1.00, 0.00, 0.00, 1.00, 0.00, 0.00, 0.00, 1.00, 0.00, 1.00, 0.00, 0.00, 0.00, 0.00, 0.00, 0.00
393,  0,  26.413,  0.98,  1, 0.01, 0.01, 1.84, 0.00, 0.00, 0.83, 0.00, 0.00, 0.00, 0.36, 0.00, 0.80, 0.00, 0.26, 0.00, 0.10, 0.16, 0.00, 0.00, 1.00, 0.00, 0.00, 1.00, 0.00, 0.00, 0.00, 1.00, 0.00, 0.00, 0.00, 0.00, 0.00, 0.00, 0.00, 0.00
394,  0,  26.481,  0.93,  1, 0.00, 0.00, 1.82, 0.00, 0.00, 0.73, 0.00, 0.00, 0.00, 0.50, 0.00, 0.91, 0.00, 0.38, 0.00, 0.03, 0.08, 0.00, 0.00, 1.00, 0.00, 0.00, 1.00, 0.00, 0.00, 0.00, 1.00, 0.00, 0.00, 0.00, 0.00, 0.00, 0.00, 0.00, 0.00
395,  0,  26.548,  0.93,  1, 0.00, 0.05, 1.96, 0.00, 0.00, 0.92, 0.00, 0.00, 0.00, 0.58, 0.00, 0.86, 0.00, 0.40, 0.00, 0.03, 0.12, 0.00, 0.00, 1.00, 0.00, 0.00, 1.00, 0.00, 0.00, 0.00, 1.00, 0.00, 0.00, 0.00, 0.00, 0.00, 0.00, 0.00, 0.00
396,  0,  26.616,  0.93,  1, 0.00, 0.05, 1.96, 0.00, 0.00, 0.85, 0.00, 0.00, 0.00, 0.54, 0.00, 0.80, 0.00, 0.37, 0.00, 0.03, 0.08, 0.00, 0.00, 1.00, 0.00, 0.00, 1.00, 0.00, 0.00, 0.00, 1.00, 0.00, 0.00, 0.00, 0.00, 0.00, 0.00, 0.00, 0.00
397,  0,  26.683,  0.93,  1, 0.00, 0.05, 2.04, 0.00, 0.00, 0.80, 0.00, 0.00, 0.00, 0.44, 0.00, 0.75, 0.00, 0.38, 0.00, 0.05, 0.07, 0.00, 0.00, 1.00, 0.00, 0.00, 1.00, 0.00, 0.00, 0.00, 1.00, 0.00, 0.00, 0.00, 0.00, 0.00, 0.00, 0.00, 0.00
398,  0,  26.750,  0.93,  1, 0.04, 0.00, 1.95, 0.00, 0.00, 0.82, 0.00, 0.00, 0.00, 0.33, 0.00, 0.69, 0.00, 0.37, 0.03, 0.02, 0.13, 0.00, 0.00, 1.00, 0.00, 0.00, 1.00, 0.00, 0.00, 0.00, 1.00, 0.00, 0.00, 0.00, 0.00, 0.00, 0.00, 0.00, 0.00
399,  0,  26.818,  0.93,  1, 0.06, 0.00, 1.94, 0.00, 0.00, 1.03, 0.00, 0.00, 0.00, 0.50, 0.00, 0.73, 0.00, 0.40, 0.03, 0.06, 0.13, 0.00, 0.00, 1.00, 0.00, 0.00, 1.00, 0.00, 0.00, 0.00, 1.00, 0.00, 0.00, 0.00, 0.00, 0.00, 0.00, 0.00, 0.00
400,  0,  26.885,  0.93,  1, 0.09, 0.00, 1.89, 0.00, 0.00, 1.29, 0.00, 0.00, 0.00, 0.66, 0.00, 0.76, 0.00, 0.33, 0.03, 0.07, 0.13, 0.00, 0.00, 1.00, 0.00, 0.00, 1.00, 0.00, 0.00, 0.00, 1.00, 0.00, 0.00, 0.00, 0.00, 0.00, 0.00, 0.00, 0.00
401,  0,  26.952,  0.93,  1, 0.05, 0.00, 2.01, 0.00, 0.00, 1.46, 0.00, 0.00, 0.00, 0.76, 0.00, 0.83, 0.00, 0.34, 0.00, 0.10, 0.14, 0.00, 0.00, 1.00, 0.00, 0.00, 1.00, 0.00, 0.00, 0.00, 1.00, 0.00, 0.00, 0.00, 0.00, 0.00, 0.00, 0.00, 0.00
402,  0,  27.020,  0.93,  1, 0.11, 0.00, 2.06, 0.00, 0.00, 1.53, 0.00, 0.00, 0.00, 0.68, 0.00, 0.83, 0.00, 0.34, 0.00, 0.14, 0.22, 0.00, 0.00, 1.00, 0.00, 0.00, 1.00, 0.00, 0.00, 0.00, 1.00, 0.00, 0.00, 0.00, 0.00, 0.00, 0.00, 0.00, 0.00
403,  0,  27.087,  0.93,  1, 0.08, 0.00, 2.01, 0.00, 0.00, 1.55, 0.00, 0.00, 0.00, 0.60, 0.00, 0.82, 0.00, 0.34, 0.00, 0.16, 0.35, 0.00, 0.00, 1.00, 0.00, 0.00, 1.00, 0.00, 0.00, 0.00, 1.00, 0.00, 0.00, 0.00, 0.00, 0.00, 0.00, 0.00, 0.00
404,  0,  27.155,  0.93,  1, 0.08, 0.00, 1.90, 0.00, 0.00, 1.47, 0.00, 0.00, 0.00, 0.59, 0.00, 0.79, 0.00, 0.38, 0.00, 0.12, 0.35, 0.00, 0.00, 1.00, 0.00, 0.00, 1.00, 0.00, 0.00, 0.00, 1.00, 0.00, 0.00, 0.00, 0.00, 0.00, 0.00, 0.00, 0.00
405,  0,  27.222,  0.93,  1, 0.00, 0.00, 1.82, 0.00, 0.00, 1.40, 0.00, 0.00, 0.00, 0.61, 0.00, 0.78, 0.00, 0.40, 0.00, 0.05, 0.38, 0.00, 0.00, 1.00, 0.00, 0.00, 1.00, 0.00, 0.00, 0.00, 1.00, 0.00, 0.00, 0.00, 0.00, 0.00, 0.00, 0.00, 0.00
406,  0,  27.289,  0.93,  1, 0.00, 0.00, 1.81, 0.00, 0.00, 1.26, 0.00, 0.00, 0.00, 0.62, 0.00, 0.75, 0.00, 0.40, 0.00, 0.00, 0.43, 0.00, 0.00, 1.00, 0.00, 0.00, 1.00, 0.00, 0.00, 0.00, 1.00, 0.00, 0.00, 0.00, 0.00, 0.00, 0.00, 0.00, 0.00
407,  0,  27.357,  0.93,  1, 0.00, 0.00, 1.81, 0.00, 0.00, 1.22, 0.00, 0.00, 0.00, 0.70, 0.00, 0.70, 0.00, 0.35, 0.00, 0.03, 0.40, 0.00, 0.00, 1.00, 0.00, 0.00, 1.00, 0.00, 0.00, 0.00, 1.00, 0.00, 0.00, 0.00, 0.00, 0.00, 0.00, 0.00, 0.00
408,  0,  27.424,  0.93,  1, 0.00, 0.00, 1.78, 0.00, 0.00, 1.30, 0.00, 0.00, 0.00, 0.72, 0.00, 0.66, 0.00, 0.31, 0.01, 0.12, 0.35, 0.00, 0.00, 1.00, 0.00, 0.00, 1.00, 0.00, 0.00, 0.00, 1.00, 0.00, 0.00, 0.00, 0.00, 0.00, 0.00, 0.00, 0.00
409,  0,  27.491,  0.93,  1, 0.00, 0.00, 1.82, 0.00, 0.00, 1.27, 0.00, 0.00, 0.00, 0.71, 0.00, 0.57, 0.00, 0.28, 0.01, 0.15, 0.26, 0.00, 0.00, 1.00, 0.00, 0.00, 1.00, 0.00, 0.00, 0.00, 1.00, 0.00, 0.00, 0.00, 0.00, 0.00, 0.00, 0.00, 0.00
410,  0,  27.559,  0.93,  1, 0.00, 0.00, 1.85, 0.00, 0.00, 1.32, 0.00, 0.00, 0.00, 0.64, 0.00, 0.66, 0.00, 0.28, 0.01, 0.12, 0.18, 0.00, 0.00, 1.00, 0.00, 0.00, 1.00, 0.00, 0.00, 0.00, 1.00, 0.00, 0.00, 0.00, 0.00, 0.00, 0.00, 0.00, 0.00
411,  0,  27.626,  0.93,  1, 0.16, 0.08, 1.92, 0.00, 0.00, 1.17, 0.00, 0.00, 0.00, 0.53, 0.00, 0.56, 0.00, 0.28, 0.00, 0.03, 0.08, 0.00, 0.00, 1.00, 0.00, 0.00, 1.00, 0.00, 0.00, 0.00, 1.00, 0.00, 0.00, 0.00, 0.00, 0.00, 0.00, 0.00, 0.00
412,  0,  27.694,  0.98,  1, 0.16, 0.08, 1.83, 0.00, 0.00, 0.98, 0.00, 0.00, 0.00, 0.53, 0.00, 0.54, 0.00, 0.26, 0.00, 0.00, 0.00, 0.00, 0.00, 1.00, 0.00, 0.00, 1.00, 0.00, 0.00, 0.00, 1.00, 0.00, 0.00, 0.00, 0.00, 0.00, 0.00, 0.00, 0.00
413,  0,  27.761,  0.93,  1, 0.16, 0.08, 1.71, 0.00, 0.00, 0.78, 0.00, 0.00, 0.00, 0.50, 0.00, 0.32, 0.00, 0.24, 0.00, 0.00, 0.12, 1.00, 0.00, 1.00, 0.00, 0.00, 0.00, 0.00, 0.00, 0.00, 1.00, 0.00, 0.00, 0.00, 0.00, 0.00, 0.00, 0.00, 0.00
414,  0,  27.828,  0.93,  1, 0.00, 0.00, 1.55, 0.00, 0.00, 0.64, 0.00, 0.00, 0.00, 0.58, 0.00, 0.32, 0.00, 0.22, 0.00, 0.07, 0.12, 1.00, 0.00, 1.00, 0.00, 0.00, 0.00, 0.00, 0.00, 0.00, 1.00, 0.00, 0.00, 0.00, 0.00, 0.00, 0.00, 0.00, 0.00
415,  0,  27.896,  0.93,  1, 0.00, 0.00, 1.58, 0.00, 0.00, 0.69, 0.00, 0.00, 0.00, 0.67, 0.00, 0.28, 0.00, 0.25, 0.00, 0.19, 0.12, 1.00, 1.00, 1.00, 0.00, 0.00, 0.00, 0.00, 0.00, 0.00, 1.00, 0.00, 0.00, 0.00, 0.00, 0.00, 0.00, 0.00, 0.00
416,  0,  27.963,  0.93,  1, 0.00, 0.00, 1.64, 0.00, 0.00, 0.76, 0.00, 0.00, 0.00, 0.74, 0.00, 0.39, 0.00, 0.35, 0.00, 0.28, 0.02, 1.00, 0.00, 1.00, 1.00, 0.00, 0.00, 0.00, 0.00, 0.00, 1.00, 0.00, 0.00, 0.00, 0.00, 0.00, 0.00, 0.00, 0.00
417,  0,  28.031,  0.93,  1, 0.00, 0.00, 1.71, 0.00, 0.00, 0.77, 0.00, 0.00, 0.00, 0.70, 0.00, 0.47, 0.00, 0.48, 0.00, 0.21, 0.02, 1.00, 0.00, 1.00, 1.00, 0.00, 0.00, 0.00, 0.00, 0.00, 1.00, 0.00, 0.00, 0.00, 0.00, 0.00, 0.00, 0.00, 0.00
418,  0,  28.098,  0.93,  1, 0.00, 0.00, 1.69, 0.00, 0.00, 0.81, 0.00, 0.00, 0.00, 0.57, 0.00, 0.57, 0.00, 0.59, 0.00, 0.10, 0.02, 0.00, 0.00, 1.00, 1.00, 0.00, 1.00, 0.00, 0.00, 0.00, 1.00, 0.00, 0.00, 0.00, 0.00, 0.00, 0.00, 0.00, 0.00
419,  0,  28.165,  0.93,  1, 0.00, 0.00, 1.74, 0.00, 0.00, 0.71, 0.00, 0.00, 0.00, 0.59, 0.00, 0.56, 0.00, 0.67, 0.00, 0.00, 0.00, 1.00, 0.00, 1.00, 1.00, 0.00, 0.00, 0.00, 0.00, 0.00, 1.00, 0.00, 0.00, 0.00, 0.00, 0.00, 0.00, 0.00, 0.00
420,  0,  28.233,  0.93,  1, 0.00, 0.00, 1.71, 0.00, 0.00, 0.64, 0.00, 0.00, 0.00, 0.69, 0.00, 0.41, 0.00, 0.65, 0.00, 0.08, 0.00, 1.00, 0.00, 1.00, 1.00, 0.00, 0.00, 0.00, 0.00, 0.00, 1.00, 0.00, 0.00, 0.00, 0.00, 0.00, 0.00, 0.00, 0.00
421,  0,  28.300,  0.93,  1, 0.00, 0.00, 1.63, 0.00, 0.00, 0.48, 0.00, 0.00, 0.00, 0.74, 0.00, 0.31, 0.00, 0.69, 0.00, 0.08, 0.05, 1.00, 0.00, 1.00, 1.00, 0.00, 0.00, 0.00, 0.00, 0.00, 1.00, 0.00, 0.00, 0.00, 0.00, 0.00, 0.00, 0.00, 0.00
422,  0,  28.367,  0.93,  1, 0.00, 0.00, 1.60, 0.00, 0.00, 0.36, 0.00, 0.00, 0.00, 0.70, 0.00, 0.27, 0.00, 0.60, 0.00, 0.08, 0.06, 1.00, 0.00, 1.00, 0.00, 0.00, 0.00, 0.00, 0.00, 0.00, 1.00, 0.00, 0.00, 0.00, 0.00, 0.00, 0.00, 0.00, 0.00
423,  0,  28.435,  0.93,  1, 0.00, 0.00, 1.61, 0.00, 0.00, 0.38, 0.00, 0.00, 0.00, 0.72, 0.00, 0.33, 0.00, 0.52, 0.00, 0.01, 0.05, 1.00, 0.00, 1.00, 0.00, 0.00, 0.00, 0.00, 0.00, 0.00, 1.00, 0.00, 0.00, 0.00, 0.00, 0.00, 0.00, 0.00, 0.00
424,  0,  28.502,  0.93,  1, 0.01, 0.00, 1.71, 0.00, 0.00, 0.38, 0.00, 0.00, 0.00, 0.72, 0.00, 0.40, 0.00, 0.53, 0.00, 0.05, 0.02, 1.00, 1.00, 1.00, 1.00, 0.00, 0.00, 0.00, 0.00, 0.00, 1.00, 0.00, 0.00, 0.00, 0.00, 0.00, 0.00, 0.00, 0.00
425,  0,  28.570,  0.93,  1, 0.01, 0.00, 1.60, 0.00, 0.00, 0.29, 0.00, 0.00, 0.00, 0.82, 0.00, 0.51, 0.00, 0.52, 0.00, 0.19, 0.05, 1.00, 1.00, 1.00, 1.00, 0.00, 0.00, 0.00, 0.00, 0.00, 1.00, 0.00, 0.00, 0.00, 0.00, 0.00, 0.00, 0.00, 0.00
426,  0,  28.637,  0.93,  1, 0.01, 0.00, 1.53, 0.00, 0.00, 0.26, 0.00, 0.00, 0.00, 0.78, 0.00, 0.68, 0.00, 0.65, 0.00, 0.22, 0.07, 1.00, 1.00, 1.00, 1.00, 0.00, 0.00, 0.00, 0.00, 0.00, 1.00, 0.00, 0.00, 0.00, 0.00, 0.00, 0.00, 0.00, 0.00
427,  0,  28.704,  0.93,  1, 0.00, 0.00, 1.47, 0.00, 0.00, 0.18, 0.00, 0.00, 0.00, 0.82, 0.00, 0.73, 0.00, 0.61, 0.00, 0.17, 0.11, 1.00, 1.00, 1.00, 1.00, 0.00, 0.00, 0.00, 0.00, 0.00, 1.00, 0.00, 0.00, 0.00, 0.00, 0.00, 0.00, 0.00, 0.00
428,  0,  28.772,  0.93,  1, 0.00, 0.00, 1.57, 0.00, 0.00, 0.23, 0.00, 0.00, 0.00, 0.73, 0.00, 0.68, 0.00, 0.68, 0.00, 0.03, 0.24, 1.00, 1.00, 1.00, 1.00, 0.00, 0.00, 0.00, 0.00, 0.00, 1.00, 0.00, 0.00, 0.00, 0.00, 0.00, 0.00, 0.00, 0.00
429,  0,  28.839,  0.88,  1, 0.00, 0.01, 1.61, 0.00, 0.00, 0.07, 0.00, 0.00, 0.00, 0.75, 0.00, 0.54, 0.00, 0.66, 0.00, 0.00, 0.38, 1.00, 1.00, 1.00, 1.00, 0.00, 0.00, 0.00, 0.00, 0.00, 1.00, 0.00, 0.00, 0.00, 0.00, 0.00, 0.00, 0.00, 0.00
430,  0,  28.906,  0.93,  1, 0.00, 0.01, 1.67, 0.00, 0.00, 0.25, 0.00, 0.00, 0.00, 0.72, 0.00, 0.50, 0.00, 0.64, 0.00, 0.02, 0.41, 1.00, 1.00, 1.00, 1.00, 0.00, 0.00, 0.00, 0.00, 0.00, 1.00, 0.00, 0.00, 0.00, 0.00, 0.00, 0.00, 0.00, 0.00
431,  0,  28.974,  0.93,  1, 0.01, 0.00, 1.73, 0.00, 0.00, 0.60, 0.00, 0.00, 0.00, 0.68, 0.00, 0.53, 0.00, 0.54, 0.00, 0.07, 0.23, 1.00, 1.00, 1.00, 1.00, 0.00, 0.00, 0.00, 0.00, 0.00, 1.00, 0.00, 0.00, 0.00, 0.00, 0.00, 0.00, 0.00, 0.00
