frame, face_id, timestamp, confidence, success, AU01_r, AU02_r, AU04_r, AU05_r, AU06_r, AU07_r, AU09_r, AU10_r, AU12_r, AU14_r, AU15_r, AU17_r, AU20_r, AU23_r, AU25_r, AU26_r, AU45_r, AU01_c, AU02_c, AU04_c, AU05_c, AU06_c, AU07_c, AU09_c, AU10_c, AU12_c, AU14_c, AU15_c, AU17_c, AU20_c, AU23_c, AU25_c, AU26_c, AU28_c, AU45_c
1,  0,  0.000,  0.98,  1, 0.00, 0.00, 0.29, 0.00, 1.61, 2.11, 0.34, 0.46, 1.64, 0.76, 0.00, 0.00, 0.00, 1.04, 0.00, 0.76, 0.44, 0.00, 0.00, 0.00, 0.00, 0.00, 1.00, 1.00, 0.00, 1.00, 1.00, 0.00, 0.00, 0.00, 1.00, 0.00, 0.00, 0.00, 1.00
2,  0,  0.034,  0.98,  1, 0.00, 0.00, 0.60, 0.00, 1.69, 2.12, 0.64, 0.72, 1.64, 1.02, 0.00, 0.00, 0.00, 0.48, 0.00, 0.73, 0.40, 1.00, 0.00, 0.00, 0.00, 0.00, 1.00, 1.00, 0.00, 0.00, 1.00, 0.00, 0.00, 0.00, 1.00, 0.00, 0.00, 0.00, 0.00
3,  0,  0.067,  0.98,  1, 0.00, 0.00, 0.86, 0.00, 1.67, 2.12, 0.78, 0.88, 1.59, 1.13, 0.00, 0.00, 0.00, 0.14, 0.00, 0.77, 0.34, 1.00, 0.00, 0.00, 0.00, 0.00, 1.00, 1.00, 0.00, 0.00, 1.00, 0.00, 0.00, 0.00, 0.00, 0.00, 0.00, 0.00, 0.00
4,  0,  0.101,  0.98,  1, 0.00, 0.00, 0.99, 0.00, 1.61, 1.93, 0.68, 0.89, 1.59, 1.04, 0.03, 0.00, 0.00, 0.03, 0.00, 0.56, 0.56, 1.00, 0.00, 0.00, 0.00, 0.00, 1.00, 1.00, 0.00, 0.00, 1.00, 0.00, 0.00, 0.00, 0.00, 0.00, 0.00, 0.00, 1.00
5,  0,  0.134,  0.98,  1, 0.00, 0.00, 1.15, 0.00, 1.58, 1.99, 0.72, 0.86, 1.52, 1.10, 0.08, 0.00, 0.00, 0.00, 0.00, 0.51, 0.56, 1.00, 0.00, 0.00, 0.00, 0.00, 1.00, 1.00, 0.00, 0.00, 1.00, 0.00, 0.00, 0.00, 0.00, 0.00, 0.00, 0.00, 1.00
6,  0,  0.168,  0.98,  1, 0.00, 0.00, 1.21, 0.00, 1.63, 1.98, 0.77, 0.79, 1.52, 1.02, 0.11, 0.00, 0.00, 0.00, 0.00, 0.40, 0.74, 1.00, 0.00, 0.00, 0.00, 0.00, 1.00, 1.00, 0.00, 0.00, 1.00, 0.00, 0.00, 0.00, 0.00, 0.00, 0.00, 0.00, 1.00
7,  0,  0.202,  0.98,  1, 0.00, 0.00, 1.18, 0.00, 1.65, 2.11, 0.83, 0.79, 1.52, 1.14, 0.07, 0.00, 0.00, 0.00, 0.00, 0.46, 0.73, 1.00, 0.00, 0.00, 0.00, 0.00, 1.00, 1.00, 0.00, 0.00, 1.00, 0.00, 0.00, 0.00, 0.00, 0.00, 0.00, 0.00, 1.00
8,  0,  0.235,  0.98,  1, 0.05, 0.00, 1.05, 0.00, 1.64, 1.86, 0.77, 0.81, 1.51, 1.14, 0.02, 0.00, 0.00, 0.00, 0.00, 0.42, 0.75, 1.00, 0.00, 0.00, 0.00, 0.00, 1.00, 1.00, 0.00, 0.00, 1.00, 0.00, 0.00, 0.00, 0.00, 0.00, 0.00, 0.00, 1.00
9,  0,  0.269,  0.98,  1, 0.05, 0.00, 0.91, 0.00, 1.60, 1.71, 0.66, 0.82, 1.52, 1.36, 0.00, 0.00, 0.00, 0.00, 0.00, 0.38, 0.70, 1.00, 0.00, 0.00, 0.00, 0.00, 1.00, 1.00, 0.00, 0.00, 1.00, 0.00, 0.00, 0.00, 0.00, 0.00, 0.00, 0.00, 1.00
10,  0,  0.302,  0.98,  1, 0.10, 0.00, 0.93, 0.00, 1.61, 1.64, 0.63, 0.77, 1.49, 1.50, 0.00, 0.00, 0.00, 0.00, 0.00, 0.40, 0.67, 1.00, 0.00, 0.00, 0.00, 0.00, 1.00, 1.00, 0.00, 0.00, 1.00, 0.00, 0.00, 0.00, 0.00, 0.00, 0.00, 0.00, 1.00
11,  0,  0.336,  0.98,  1, 0.09, 0.00, 1.02, 0.00, 1.60, 1.87, 0.64, 0.68, 1.52, 1.47, 0.00, 0.00, 0.00, 0.00, 0.00, 0.49, 0.80, 1.00, 0.00, 0.00, 0.00, 0.00, 1.00, 1.00, 0.00, 0.00, 1.00, 0.00, 0.00, 0.00, 0.00, 0.00, 0.00, 0.00, 1.00
12,  0,  0.370,  0.98,  1, 0.13, 0.00, 1.09, 0.00, 1.54, 1.96, 0.71, 0.65, 1.50, 1.44, 0.00, 0.00, 0.00, 0.00, 0.00, 0.48, 0.86, 1.00, 0.00, 0.00, 0.00, 0.00, 1.00, 1.00, 0.00, 0.00, 1.00, 0.00, 0.00, 0.00, 0.00, 0.00, 0.00, 0.00, 1.00
13,  0,  0.403,  0.98,  1, 0.07, 0.00, 1.03, 0.00, 1.50, 2.00, 0.69, 0.67, 1.56, 1.33, 0.03, 0.00, 0.00, 0.00, 0.00, 0.37, 0.93, 1.00, 0.00, 0.00, 0.00, 0.00, 1.00, 1.00, 0.00, 0.00, 1.00, 0.00, 0.00, 0.00, 0.00, 0.00, 0.00, 0.00, 1.00
14,  0,  0.437,  0.98,  1, 0.13, 0.00, 0.98, 0.00, 1.46, 2.02, 0.72, 0.68, 1.56, 1.39, 0.03, 0.00, 0.00, 0.00, 0.00, 0.27, 0.72, 1.00, 0.00, 0.00, 0.00, 0.00, 1.00, 1.00, 0.00, 0.00, 1.00, 0.00, 0.00, 0.00, 0.00, 0.00, 0.00, 0.00, 1.00
15,  0,  0.470,  0.98,  1, 0.16, 0.00, 0.92, 0.00, 1.50, 1.97, 0.68, 0.68, 1.59, 1.43, 0.03, 0.00, 0.00, 0.00, 0.00, 0.23, 0.55, 1.00, 0.00, 0.00, 0.00, 0.00, 1.00, 1.00, 0.00, 0.00, 1.00, 0.00, 0.00, 0.00, 0.00, 0.00, 0.00, 0.00, 1.00
16,  0,  0.504,  0.98,  1, 0.18, 0.00, 0.96, 0.00, 1.54, 1.91, 0.74, 0.76, 1.62, 1.41, 0.09, 0.00, 0.00, 0.00, 0.00, 0.25, 0.51, 1.00, 0.00, 0.00, 0.00, 0.00, 1.00, 1.00, 0.00, 0.00, 1.00, 0.00, 0.00, 0.00, 0.00, 0.00, 0.00, 0.00, 1.00
17,  0,  0.538,  0.98,  1, 0.08, 0.00, 0.92, 0.00, 1.61, 1.86, 0.68, 0.82, 1.65, 1.40, 0.12, 0.00, 0.00, 0.00, 0.00, 0.23, 0.45, 1.00, 0.00, 0.00, 0.00, 0.00, 1.00, 1.00, 0.00, 0.00, 1.00, 0.00, 0.00, 0.00, 0.00, 0.00, 0.00, 0.00, 1.00
18,  0,  0.571,  0.98,  1, 0.02, 0.00, 0.89, 0.00, 1.56, 1.90, 0.67, 0.90, 1.64, 1.35, 0.17, 0.00, 0.00, 0.00, 0.00, 0.15, 0.45, 1.00, 0.00, 0.00, 0.00, 0.00, 1.00, 1.00, 0.00, 0.00, 1.00, 0.00, 0.00, 0.00, 0.00, 0.00, 0.00, 0.00, 1.00
19,  0,  0.605,  0.98,  1, 0.00, 0.00, 0.89, 0.00, 1.54, 1.81, 0.66, 0.87, 1.61, 1.46, 0.14, 0.00, 0.00, 0.00, 0.00, 0.09, 0.29, 1.00, 0.00, 0.00, 0.00, 0.00, 1.00, 1.00, 0.00, 0.00, 1.00, 0.00, 0.00, 0.00, 0.00, 0.00, 0.00, 0.00, 1.00
20,  0,  0.638,  0.98,  1, 0.00, 0.00, 0.94, 0.00, 1.46, 1.72, 0.77, 0.77, 1.56, 1.37, 0.10, 0.00, 0.00, 0.00, 0.00, 0.02, 0.31, 1.00, 0.00, 0.00, 0.00, 0.00, 1.00, 1.00, 0.00, 0.00, 1.00, 0.00, 0.00, 0.00, 0.00, 0.00, 0.00, 0.00, 1.00
21,  0,  0.672,  0.98,  1, 0.04, 0.00, 1.07, 0.00, 1.44, 1.63, 0.84, 0.72, 1.52, 1.36, 0.07, 0.00, 0.00, 0.00, 0.00, 0.00, 0.36, 1.00, 0.00, 0.00, 0.00, 0.00, 1.00, 1.00, 0.00, 0.00, 1.00, 0.00, 0.00, 0.00, 0.00, 0.00, 0.00, 0.00, 1.00
22,  0,  0.706,  0.98,  1, 0.04, 0.00, 1.08, 0.00, 1.39, 1.69, 0.86, 0.70, 1.48, 1.24, 0.01, 0.00, 0.00, 0.00, 0.00, 0.00, 0.46, 1.00, 0.00, 0.00, 0.00, 0.00, 1.00, 1.00, 0.00, 0.00, 1.00, 0.00, 0.00, 0.00, 0.00, 0.00, 0.00, 0.00, 1.00
23,  0,  0.739,  0.98,  1, 0.08, 0.00, 1.10, 0.00, 1.38, 1.65, 0.84, 0.80, 1.45, 1.27, 0.01, 0.00, 0.00, 0.00, 0.00, 0.01, 0.58, 1.00, 0.00, 0.00, 0.00, 0.00, 1.00, 1.00, 0.00, 0.00, 1.00, 0.00, 0.00, 0.00, 0.00, 0.00, 0.00, 0.00, 1.00
24,  0,  0.773,  0.98,  1, 0.06, 0.00, 1.03, 0.00, 1.40, 1.59, 0.83, 0.77, 1.46, 1.19, 0.03, 0.00, 0.00, 0.00, 0.00, 0.01, 0.45, 1.00, 0.00, 0.00, 0.00, 0.00, 1.00, 1.00, 0.00, 0.00, 1.00, 0.00, 0.00, 0.00, 0.00, 0.00, 0.00, 0.00, 1.00
25,  0,  0.806,  0.98,  1, 0.06, 0.00, 1.09, 0.00, 1.41, 1.72, 0.82, 0.76, 1.43, 1.22, 0.04, 0.00, 0.00, 0.00, 0.00, 0.01, 0.41, 1.00, 0.00, 0.00, 0.00, 0.00, 1.00, 1.00, 0.00, 0.00, 1.00, 0.00, 0.00, 0.00, 0.00, 0.00, 0.00, 0.00, 1.00
26,  0,  0.840,  0.98,  1, 0.04, 0.00, 1.09, 0.00, 1.41, 1.66, 0.83, 0.73, 1.49, 1.22, 0.09, 0.00, 0.00, 0.00, 0.00, 0.00, 0.24, 1.00, 0.00, 0.00, 0.00, 0.00, 1.00, 1.00, 0.00, 0.00, 1.00, 0.00, 0.00, 0.00, 0.00, 0.00, 0.00, 0.00, 1.00
27,  0,  0.874,  0.98,  1, 0.02, 0.00, 1.11, 0.00, 1.39, 1.69, 0.80, 0.75, 1.51, 1.35, 0.08, 0.00, 0.00, 0.00, 0.00, 0.08, 0.24, 1.00, 0.00, 0.00, 0.00, 0.00, 1.00, 1.00, 0.00, 0.00, 1.00, 0.00, 0.00, 0.00, 0.00, 0.00, 0.00, 0.00, 1.00
28,  0,  0.907,  0.98,  1, 0.02, 0.00, 1.05, 0.00, 1.40, 1.40, 0.83, 0.69, 1.51, 1.28, 0.09, 0.00, 0.00, 0.00, 0.00, 0.08, 0.20, 1.00, 0.00, 0.00, 0.00, 0.00, 1.00, 1.00, 0.00, 0.00, 1.00, 0.00, 0.00, 0.00, 0.00, 0.00, 0.00, 0.00, 1.00
29,  0,  0.941,  0.98,  1, 0.00, 0.00, 0.94, 0.00, 1.42, 1.45, 0.80, 0.69, 1.50, 1.31, 0.15, 0.00, 0.00, 0.00, 0.00, 0.12, 0.24, 1.00, 0.00, 0.00, 0.00, 0.00, 1.00, 1.00, 0.00, 0.00, 1.00, 0.00, 0.00, 0.00, 0.00, 0.00, 0.00, 0.00, 1.00
30,  0,  0.975,  0.98,  1, 0.00, 0.00, 0.95, 0.00, 1.40, 1.56, 0.80, 0.72, 1.48, 1.20, 0.15, 0.00, 0.00, 0.00, 0.00, 0.04, 0.34, 1.00, 0.00, 0.00, 0.00, 0.00, 1.00, 1.00, 0.00, 0.00, 1.00, 0.00, 0.00, 0.00, 0.00, 0.00, 0.00, 0.00, 1.00
31,  0,  1.008,  0.98,  1, 0.00, 0.00, 0.99, 0.00, 1.34, 1.76, 0.72, 0.78, 1.47, 1.26, 0.12, 0.00, 0.00, 0.00, 0.00, 0.07, 0.35, 1.00, 0.00, 0.00, 0.00, 0.00, 1.00, 1.00, 0.00, 0.00, 1.00, 0.00, 0.00, 0.00, 0.00, 0.00, 0.00, 0.00, 1.00
32,  0,  1.042,  0.98,  1, 0.00, 0.00, 1.02, 0.00, 1.35, 1.88, 0.72, 0.74, 1.44, 1.20, 0.04, 0.00, 0.00, 0.00, 0.04, 0.08, 0.41, 1.00, 0.00, 0.00, 0.00, 0.00, 1.00, 1.00, 0.00, 0.00, 1.00, 0.00, 0.00, 0.00, 0.00, 0.00, 0.00, 0.00, 1.00
33,  0,  1.075,  0.98,  1, 0.00, 0.00, 0.93, 0.00, 1.37, 1.83, 0.68, 0.79, 1.46, 1.21, 0.02, 0.00, 0.00, 0.00, 0.04, 0.17, 0.42, 1.00, 0.00, 0.00, 0.00, 0.00, 1.00, 1.00, 0.00, 0.00, 1.00, 0.00, 0.00, 0.00, 0.00, 0.00, 0.00, 0.00, 1.00
34,  0,  1.109,  0.98,  1, 0.00, 0.00, 0.87, 0.00, 1.46, 1.70, 0.71, 0.91, 1.48, 1.13, 0.08, 0.00, 0.00, 0.00, 0.04, 0.26, 0.47, 1.00, 0.00, 0.00, 0.00, 0.00, 1.00, 1.00, 0.00, 0.00, 1.00, 0.00, 0.00, 0.00, 0.00, 0.00, 0.00, 0.00, 1.00
35,  0,  1.143,  0.98,  1, 0.00, 0.00, 0.84, 0.00, 1.48, 1.61, 0.71, 0.98, 1.50, 1.07, 0.07, 0.00, 0.00, 0.00, 0.00, 0.30, 0.57, 1.00, 0.00, 0.00, 0.00, 0.00, 1.00, 1.00, 0.00, 0.00, 1.00, 0.00, 0.00, 0.00, 0.00, 0.00, 0.00, 0.00, 1.00
36,  0,  1.176,  0.98,  1, 0.00, 0.00, 0.93, 0.00, 1.54, 1.80, 0.71, 0.94, 1.49, 1.01, 0.07, 0.00, 0.00, 0.00, 0.02, 0.23, 0.55, 1.00, 0.00, 0.00, 0.00, 0.00, 1.00, 1.00, 0.00, 0.00, 1.00, 0.00, 0.00, 0.00, 0.00, 0.00, 0.00, 0.00, 1.00
37,  0,  1.210,  0.98,  1, 0.00, 0.00, 0.92, 0.00, 1.53, 1.88, 0.73, 0.85, 1.46, 1.06, 0.00, 0.00, 0.00, 0.00, 0.02, 0.15, 0.53, 1.00, 0.00, 0.00, 0.00, 0.00, 1.00, 1.00, 0.00, 0.00, 1.00, 0.00, 0.00, 0.00, 0.00, 0.00, 0.00, 0.00, 1.00
38,  0,  1.243,  0.98,  1, 0.00, 0.00, 0.94, 0.00, 1.53, 1.85, 0.76, 0.88, 1.43, 1.08, 0.00, 0.00, 0.00, 0.00, 0.02, 0.13, 0.53, 1.00, 0.00, 0.00, 0.00, 0.00, 1.00, 1.00, 0.00, 0.00, 1.00, 0.00, 0.00, 0.00, 0.00, 0.00, 0.00, 0.00, 1.00
39,  0,  1.277,  0.98,  1, 0.00, 0.00, 0.98, 0.00, 1.46, 1.69, 0.86, 0.85, 1.39, 1.13, 0.02, 0.00, 0.00, 0.00, 0.00, 0.18, 0.64, 1.00, 0.00, 0.00, 0.00, 0.00, 1.00, 1.00, 0.00, 0.00, 1.00, 0.00, 0.00, 0.00, 0.00, 0.00, 0.00, 0.00, 1.00
40,  0,  1.311,  0.98,  1, 0.00, 0.00, 1.03, 0.00, 1.44, 1.65, 0.86, 0.79, 1.36, 1.11, 0.09, 0.00, 0.00, 0.00, 0.00, 0.20, 0.79, 1.00, 0.00, 0.00, 0.00, 0.00, 1.00, 1.00, 0.00, 0.00, 1.00, 0.00, 0.00, 0.00, 0.00, 0.00, 0.00, 0.00, 1.00
41,  0,  1.344,  0.98,  1, 0.12, 0.00, 1.09, 0.00, 1.37, 1.71, 0.88, 0.75, 1.36, 1.05, 0.09, 0.00, 0.00, 0.00, 0.00, 0.14, 0.67, 1.00, 0.00, 0.00, 0.00, 0.00, 1.00, 1.00, 0.00, 0.00, 1.00, 0.00, 0.00, 0.00, 0.00, 0.00, 0.00, 0.00, 0.00
42,  0,  1.378,  0.98,  1, 0.12, 0.00, 1.03, 0.00, 1.34, 1.70, 0.87, 0.74, 1.35, 1.00, 0.12, 0.00, 0.00, 0.00, 0.00, 0.11, 0.64, 1.00, 0.00, 0.00, 0.00, 0.00, 1.00, 1.00, 0.00, 0.00, 1.00, 0.00, 0.00, 0.00, 0.00, 0.00, 0.00, 0.00, 0.00
43,  0,  1.411,  0.98,  1, 0.14, 0.00, 1.03, 0.00, 1.34, 1.73, 0.88, 0.79, 1.36, 0.94, 0.07, 0.00, 0.00, 0.00, 0.00, 0.05, 0.52, 1.00, 0.00, 0.00, 0.00, 0.00, 1.00, 1.00, 0.00, 0.00, 1.00, 0.00, 0.00, 0.00, 0.00, 0.00, 0.00, 0.00, 0.00
44,  0,  1.445,  0.98,  1, 0.07, 0.00, 0.98, 0.00, 1.39, 1.85, 0.87, 0.82, 1.40, 1.13, 0.12, 0.00, 0.00, 0.00, 0.00, 0.04, 0.54, 1.00, 0.00, 0.00, 0.00, 0.00, 1.00, 1.00, 0.00, 0.00, 1.00, 0.00, 0.00, 0.00, 0.00, 0.00, 0.00, 0.00, 0.00
45,  0,  1.479,  0.98,  1, 0.14, 0.00, 1.04, 0.00, 1.40, 2.00, 0.84, 0.80, 1.42, 1.23, 0.18, 0.00, 0.00, 0.00, 0.00, 0.00, 0.44, 1.00, 0.00, 0.00, 0.00, 0.00, 1.00, 1.00, 0.00, 0.00, 1.00, 0.00, 0.00, 0.00, 0.00, 0.00, 0.00, 0.00, 0.00
46,  0,  1.512,  0.98,  1, 0.16, 0.00, 1.08, 0.00, 1.36, 2.04, 0.86, 0.76, 1.44, 1.30, 0.16, 0.00, 0.00, 0.00, 0.03, 0.02, 0.55, 1.00, 0.00, 0.00, 0.00, 0.00, 1.00, 1.00, 0.00, 0.00, 1.00, 0.00, 0.00, 0.00, 0.00, 0.00, 0.00, 0.00, 0.00
47,  0,  1.546,  0.98,  1, 0.18, 0.00, 1.16, 0.00, 1.34, 2.00, 0.86, 0.73, 1.41, 1.34, 0.11, 0.00, 0.00, 0.00, 0.03, 0.08, 0.53, 1.00, 0.00, 0.00, 0.00, 0.00, 1.00, 1.00, 0.00, 0.00, 1.00, 0.00, 0.00, 0.00, 0.00, 0.00, 0.00, 0.00, 0.00
48,  0,  1.579,  0.98,  1, 0.17, 0.00, 1.13, 0.00, 1.34, 1.85, 0.79, 0.75, 1.42, 1.35, 0.00, 0.00, 0.00, 0.00, 0.03, 0.08, 0.73, 1.00, 0.00, 0.00, 0.00, 0.00, 1.00, 1.00, 0.00, 0.00, 1.00, 0.00, 0.00, 0.00, 0.00, 0.00, 0.00, 0.00, 0.00
49,  0,  1.613,  0.98,  1, 0.16, 0.00, 1.14, 0.00, 1.34, 1.79, 0.74, 0.79, 1.41, 1.40, 0.00, 0.00, 0.00, 0.00, 0.05, 0.06, 0.71, 1.00, 0.00, 0.00, 0.00, 0.00, 1.00, 1.00, 0.00, 0.00, 1.00, 0.00, 0.00, 0.00, 0.00, 0.00, 0.00, 0.00, 0.00
50,  0,  1.647,  0.98,  1, 0.19, 0.00, 1.09, 0.00, 1.33, 1.59, 0.78, 0.83, 1.45, 1.36, 0.09, 0.00, 0.00, 0.00, 0.05, 0.06, 0.77, 1.00, 0.00, 0.00, 0.00, 0.00, 1.00, 1.00, 0.00, 0.00, 1.00, 0.00, 0.00, 0.00, 0.00, 0.00, 0.00, 0.00, 0.00
51,  0,  1.680,  0.98,  1, 0.25, 0.00, 1.11, 0.00, 1.28, 1.53, 0.80, 0.87, 1.41, 1.44, 0.14, 0.00, 0.00, 0.00, 0.04, 0.07, 0.59, 1.00, 0.00, 0.00, 0.00, 0.00, 1.00, 1.00, 0.00, 0.00, 1.00, 0.00, 0.00, 0.00, 0.00, 0.00, 0.00, 0.00, 0.00
52,  0,  1.714,  0.98,  1, 0.30, 0.00, 1.10, 0.00, 1.27, 1.58, 0.78, 0.89, 1.42, 1.51, 0.25, 0.00, 0.00, 0.00, 0.00, 0.08, 0.52, 1.00, 0.00, 0.00, 0.00, 0.00, 1.00, 0.00, 0.00, 0.00, 1.00, 0.00, 0.00, 0.00, 0.00, 0.00, 0.00, 0.00, 0.00
53,  0,  1.747,  0.98,  1, 0.25, 0.00, 1.03, 0.00, 1.23, 1.70, 0.73, 0.91, 1.40, 1.48, 0.16, 0.02, 0.00, 0.00, 0.00, 0.10, 0.42, 1.00, 0.00, 0.00, 0.00, 0.00, 1.00, 0.00, 0.00, 0.00, 1.00, 0.00, 0.00, 0.00, 0.00, 0.00, 0.00, 0.00, 0.00
54,  0,  1.781,  0.98,  1, 0.17, 0.00, 0.99, 0.00, 1.28, 1.65, 0.69, 0.89, 1.46, 1.41, 0.14, 0.02, 0.00, 0.00, 0.00, 0.12, 0.53, 1.00, 0.00, 0.00, 0.00, 0.00, 1.00, 0.00, 0.00, 0.00, 1.00, 0.00, 0.00, 0.00, 0.00, 0.00, 0.00, 0.00, 0.00
55,  0,  1.815,  0.98,  1, 0.18, 0.00, 1.00, 0.00, 1.27, 1.51, 0.66, 0.86, 1.46, 1.37, 0.08, 0.02, 0.00, 0.00, 0.00, 0.10, 0.50, 1.00, 0.00, 0.00, 0.00, 0.00, 1.00, 0.00, 0.00, 0.00, 1.00, 0.00, 0.00, 0.00, 0.00, 0.00, 0.00, 0.00, 0.00
56,  0,  1.848,  0.98,  1, 0.14, 0.00, 1.08, 0.00, 1.28, 1.38, 0.54, 0.88, 1.51, 1.39, 0.11, 0.00, 0.00, 0.00, 0.00, 0.02, 0.65, 1.00, 0.00, 0.00, 0.00, 0.00, 1.00, 0.00, 0.00, 0.00, 1.00, 0.00, 0.00, 0.00, 0.00, 0.00, 0.00, 0.00, 0.00
57,  0,  1.882,  0.98,  1, 0.22, 0.00, 1.13, 0.05, 1.23, 1.30, 0.55, 0.90, 1.49, 1.37, 0.18, 0.00, 0.00, 0.00, 0.00, 0.02, 0.61, 1.00, 0.00, 0.00, 0.00, 0.00, 1.00, 0.00, 0.00, 0.00, 1.00, 0.00, 0.00, 0.00, 0.00, 0.00, 0.00, 0.00, 0.00
58,  0,  1.915,  0.98,  1, 0.27, 0.00, 1.06, 0.05, 1.23, 1.26, 0.59, 0.91, 1.49, 1.40, 0.27, 0.00, 0.00, 0.00, 0.01, 0.02, 0.61, 1.00, 0.00, 0.00, 0.00, 0.00, 1.00, 0.00, 0.00, 0.00, 1.00, 0.00, 0.00, 0.00, 0.00, 0.00, 0.00, 0.00, 0.00
59,  0,  1.949,  0.98,  1, 0.33, 0.00, 1.02, 0.05, 1.18, 1.11, 0.65, 0.88, 1.48, 1.43, 0.23, 0.00, 0.00, 0.00, 0.01, 0.02, 0.48, 1.00, 0.00, 0.00, 0.00, 0.00, 1.00, 0.00, 0.00, 0.00, 1.00, 0.00, 0.00, 0.00, 0.00, 0.00, 0.00, 0.00, 0.00
60,  0,  1.983,  0.98,  1, 0.32, 0.00, 1.03, 0.00, 1.16, 1.08, 0.64, 0.83, 1.45, 1.44, 0.14, 0.00, 0.00, 0.00, 0.03, 0.00, 0.57, 1.00, 0.00, 0.00, 0.00, 0.00, 1.00, 0.00, 0.00, 0.00, 1.00, 0.00, 0.00, 0.00, 0.00, 0.00, 0.00, 0.00, 0.00
61,  0,  2.016,  0.98,  1, 0.23, 0.00, 1.07, 0.00, 1.16, 1.25, 0.62, 0.91, 1.43, 1.44, 0.02, 0.00, 0.00, 0.00, 0.09, 0.00, 0.58, 1.00, 0.00, 0.00, 0.00, 0.00, 1.00, 0.00, 0.00, 0.00, 1.00, 0.00, 0.00, 0.00, 0.00, 0.00, 0.00, 0.00, 0.00
62,  0,  2.050,  0.98,  1, 0.21, 0.00, 1.01, 0.00, 1.09, 1.54, 0.62, 0.96, 1.36, 1.32, 0.03, 0.04, 0.00, 0.00, 0.09, 0.00, 0.64, 1.00, 0.00, 0.00, 0.00, 0.00, 1.00, 0.00, 0.00, 0.00, 1.00, 0.00, 0.00, 0.00, 0.00, 0.00, 0.00, 0.00, 0.00
63,  0,  2.083,  0.98,  1, 0.12, 0.00, 0.80, 0.00, 1.12, 1.90, 0.55, 1.06, 1.37, 1.19, 0.03, 0.04, 0.00, 0.02, 0.07, 0.08, 0.67, 1.00, 0.00, 0.00, 0.00, 0.00, 1.00, 0.00, 0.00, 0.00, 1.00, 0.00, 0.00, 0.00, 0.00, 0.00, 0.00, 0.00, 0.00
64,  0,  2.117,  0.98,  1, 0.36, 0.00, 0.91, 0.08, 1.31, 2.03, 0.53, 1.35, 1.42, 0.97, 0.34, 0.27, 0.00, 0.02, 0.01, 0.08, 0.51, 1.00, 0.00, 0.00, 0.00, 0.00, 1.00, 0.00, 0.00, 0.00, 1.00, 0.00, 0.00, 0.00, 0.00, 0.00, 0.00, 0.00, 0.00
65,  0,  2.151,  0.98,  1, 0.47, 0.00, 1.23, 0.08, 1.59, 2.26, 0.53, 1.60, 1.47, 0.94, 0.59, 0.53, 0.00, 0.02, 0.09, 0.08, 0.31, 1.00, 0.00, 0.00, 0.00, 0.00, 1.00, 0.00, 0.00, 0.00, 1.00, 0.00, 0.00, 0.00, 0.00, 0.00, 0.00, 0.00, 0.00
66,  0,  2.184,  0.98,  1, 0.75, 0.00, 1.58, 0.08, 1.80, 2.33, 0.68, 1.80, 1.43, 1.01, 0.80, 0.76, 0.00, 0.00, 0.09, 0.00, 0.00, 1.00, 0.00, 0.00, 1.00, 0.00, 1.00, 0.00, 0.00, 0.00, 0.00, 0.00, 0.00, 0.00, 0.00, 0.00, 0.00, 0.00, 0.00
67,  0,  2.218,  0.98,  1, 0.83, 0.00, 1.57, 0.08, 1.84, 2.45, 0.69, 1.77, 1.40, 1.12, 0.67, 0.71, 0.00, 0.00, 0.09, 0.03, 0.00, 1.00, 0.00, 0.00, 1.00, 0.00, 1.00, 0.00, 1.00, 0.00, 0.00, 0.00, 0.00, 0.00, 0.00, 0.00, 0.00, 0.00, 0.00
68,  0,  2.251,  0.98,  1, 0.93, 0.00, 1.27, 0.08, 1.84, 2.20, 0.64, 1.83, 1.44, 1.16, 0.67, 0.67, 0.00, 0.00, 0.00, 0.15, 0.00, 1.00, 0.00, 0.00, 1.00, 0.00, 1.00, 0.00, 1.00, 0.00, 0.00, 0.00, 0.00, 0.00, 0.00, 0.00, 0.00, 0.00, 0.00
69,  0,  2.285,  0.98,  1, 0.98, 0.00, 1.04, 0.18, 1.82, 2.25, 0.46, 1.84, 1.49, 1.06, 0.73, 0.62, 0.00, 0.00, 0.00, 0.19, 0.00, 1.00, 1.00, 0.00, 1.00, 0.00, 1.00, 0.00, 1.00, 0.00, 0.00, 0.00, 0.00, 0.00, 0.00, 0.00, 0.00, 0.00, 0.00
70,  0,  2.319,  0.98,  1, 0.89, 0.00, 0.85, 0.11, 1.79, 2.30, 0.49, 1.75, 1.46, 1.08, 0.78, 0.58, 0.00, 0.00, 0.00, 0.16, 0.00, 1.00, 1.00, 0.00, 0.00, 0.00, 1.00, 0.00, 1.00, 0.00, 0.00, 0.00, 0.00, 0.00, 0.00, 0.00, 0.00, 0.00, 0.00
71,  0,  2.352,  0.98,  1, 0.91, 0.00, 0.78, 0.17, 1.77, 2.22, 0.56, 1.48, 1.37, 1.11, 0.73, 0.36, 0.00, 0.00, 0.08, 0.05, 0.00, 1.00, 1.00, 0.00, 1.00, 0.00, 1.00, 0.00, 0.00, 0.00, 0.00, 0.00, 0.00, 0.00, 0.00, 0.00, 0.00, 0.00, 0.00
72,  0,  2.386,  0.98,  1, 0.84, 0.18, 0.63, 0.26, 1.76, 2.03, 0.64, 1.30, 1.30, 1.12, 0.61, 0.28, 0.00, 0.00, 0.24, 0.10, 0.04, 0.00, 1.00, 0.00, 0.00, 0.00, 1.00, 0.00, 0.00, 0.00, 0.00, 0.00, 0.00, 0.00, 0.00, 0.00, 0.00, 0.00, 0.00
73,  0,  2.419,  0.98,  1, 0.86, 0.37, 0.58, 0.44, 1.79, 1.63, 0.61, 1.12, 1.25, 1.11, 0.43, 0.23, 0.00, 0.00, 0.46, 0.10, 0.04, 0.00, 1.00, 0.00, 0.00, 0.00, 1.00, 0.00, 0.00, 0.00, 0.00, 0.00, 0.00, 0.00, 0.00, 0.00, 0.00, 0.00, 0.00
74,  0,  2.453,  0.98,  1, 0.82, 0.80, 0.71, 0.53, 1.80, 1.76, 0.60, 1.07, 1.21, 1.06, 0.34, 0.33, 0.00, 0.00, 0.53, 0.13, 0.18, 0.00, 1.00, 0.00, 0.00, 0.00, 1.00, 0.00, 0.00, 0.00, 1.00, 0.00, 0.00, 0.00, 0.00, 0.00, 0.00, 0.00, 0.00
75,  0,  2.487,  0.98,  1, 0.85, 0.90, 0.81, 0.51, 1.79, 1.54, 0.63, 1.03, 1.17, 1.21, 0.28, 0.32, 0.00, 0.00, 0.58, 0.04, 0.19, 0.00, 1.00, 0.00, 0.00, 0.00, 1.00, 0.00, 0.00, 0.00, 1.00, 0.00, 0.00, 0.00, 0.00, 0.00, 0.00, 0.00, 0.00
76,  0,  2.520,  0.98,  1, 0.90, 1.19, 0.91, 0.44, 1.76, 1.58, 0.59, 1.01, 1.10, 1.26, 0.30, 0.39, 0.00, 0.00, 0.46, 0.04, 0.19, 0.00, 1.00, 0.00, 0.00, 0.00, 1.00, 0.00, 0.00, 0.00, 1.00, 0.00, 0.00, 0.00, 0.00, 0.00, 0.00, 0.00, 0.00
77,  0,  2.554,  0.98,  1, 0.92, 1.12, 0.94, 0.34, 1.72, 1.50, 0.51, 0.99, 1.03, 1.33, 0.26, 0.43, 0.00, 0.00, 0.35, 0.00, 0.15, 0.00, 1.00, 0.00, 0.00, 0.00, 1.00, 0.00, 0.00, 0.00, 1.00, 0.00, 0.00, 0.00, 0.00, 0.00, 0.00, 0.00, 0.00
78,  0,  2.588,  0.98,  1, 0.93, 1.17, 1.00, 0.30, 1.69, 1.71, 0.42, 0.98, 1.00, 1.33, 0.23, 0.59, 0.05, 0.00, 0.31, 0.00, 0.16, 0.00, 1.00, 0.00, 0.00, 0.00, 1.00, 0.00, 0.00, 0.00, 1.00, 0.00, 0.00, 0.00, 0.00, 0.00, 0.00, 0.00, 0.00
79,  0,  2.621,  0.98,  1, 0.90, 1.00, 0.89, 0.18, 1.68, 1.76, 0.43, 1.00, 1.00, 1.35, 0.32, 0.75, 0.05, 0.00, 0.38, 0.00, 0.16, 0.00, 1.00, 0.00, 0.00, 0.00, 1.00, 0.00, 0.00, 0.00, 1.00, 0.00, 0.00, 0.00, 0.00, 0.00, 0.00, 0.00, 0.00
80,  0,  2.655,  0.98,  1, 0.96, 0.87, 0.76, 0.22, 1.70, 1.88, 0.46, 0.98, 1.02, 1.30, 0.37, 0.92, 0.05, 0.00, 0.47, 0.00, 0.05, 0.00, 1.00, 0.00, 0.00, 0.00, 1.00, 0.00, 0.00, 0.00, 1.00, 0.00, 0.00, 0.00, 0.00, 0.00, 0.00, 0.00, 0.00
81,  0,  2.688,  0.98,  1, 0.92, 0.87, 0.66, 0.21, 1.74, 1.89, 0.46, 0.96, 1.05, 1.22, 0.47, 0.89, 0.00, 0.00, 0.49, 0.00, 0.06, 0.00, 1.00, 0.00, 0.00, 0.00, 1.00, 0.00, 0.00, 0.00, 1.00, 0.00, 0.00, 0.00, 0.00, 0.00, 0.00, 0.00, 0.00
82,  0,  2.722,  0.98,  1, 0.88, 0.68, 0.67, 0.36, 1.72, 2.01, 0.48, 0.87, 1.07, 1.09, 0.39, 0.81, 0.03, 0.00, 0.43, 0.00, 0.13, 0.00, 1.00, 0.00, 0.00, 0.00, 1.00, 0.00, 0.00, 0.00, 1.00, 0.00, 0.00, 0.00, 0.00, 0.00, 0.00, 0.00, 0.00
83,  0,  2.756,  0.98,  1, 0.92, 0.76, 0.74, 0.43, 1.67, 1.86, 0.49, 0.81, 1.09, 1.04, 0.41, 0.73, 0.03, 0.00, 0.43, 0.00, 0.13, 0.00, 1.00, 0.00, 0.00, 0.00, 1.00, 0.00, 0.00, 0.00, 1.00, 0.00, 1.00, 0.00, 0.00, 0.00, 0.00, 0.00, 0.00
84,  0,  2.789,  0.98,  1, 0.95, 0.74, 0.78, 0.31, 1.64, 1.98, 0.56, 0.75, 1.08, 1.13, 0.58, 0.81, 0.03, 0.00, 0.41, 0.00, 0.07, 0.00, 1.00, 0.00, 0.00, 0.00, 1.00, 0.00, 0.00, 0.00, 1.00, 0.00, 1.00, 0.00, 0.00, 0.00, 0.00, 0.00, 0.00
85,  0,  2.823,  0.98,  1, 0.90, 0.87, 0.87, 0.33, 1.69, 1.97, 0.66, 0.76, 1.08, 1.08, 0.73, 0.82, 0.00, 0.00, 0.43, 0.00, 0.00, 0.00, 1.00, 0.00, 0.00, 0.00, 1.00, 0.00, 0.00, 0.00, 1.00, 0.00, 0.00, 0.00, 0.00, 0.00, 0.00, 0.00, 0.00
86,  0,  2.856,  0.98,  1, 0.81, 0.88, 0.90, 0.24, 1.68, 2.11, 0.69, 0.82, 1.02, 0.99, 0.81, 0.84, 0.04, 0.00, 0.40, 0.00, 0.08, 0.00, 1.00, 0.00, 0.00, 0.00, 1.00, 0.00, 0.00, 0.00, 0.00, 0.00, 0.00, 0.00, 0.00, 0.00, 0.00, 0.00, 0.00
87,  0,  2.890,  0.98,  1, 0.77, 1.00, 1.12, 0.37, 1.73, 2.06, 0.69, 0.82, 1.00, 0.95, 0.60, 0.77, 0.04, 0.00, 0.45, 0.09, 0.22, 0.00, 1.00, 0.00, 0.00, 0.00, 1.00, 0.00, 0.00, 0.00, 1.00, 0.00, 0.00, 0.00, 0.00, 0.00, 0.00, 0.00, 0.00
88,  0,  2.924,  0.98,  1, 0.82, 1.12, 1.18, 0.43, 1.69, 2.14, 0.66, 0.84, 0.96, 0.96, 0.61, 0.80, 0.04, 0.00, 0.43, 0.12, 0.31, 0.00, 1.00, 0.00, 0.00, 0.00, 1.00, 0.00, 0.00, 0.00, 1.00, 0.00, 0.00, 0.00, 0.00, 0.00, 0.00, 0.00, 0.00
89,  0,  2.957,  0.98,  1, 0.84, 1.07, 1.21, 0.62, 1.72, 2.18, 0.70, 0.79, 0.99, 1.10, 0.66, 0.72, 0.01, 0.00, 0.36, 0.15, 0.23, 0.00, 1.00, 0.00, 0.00, 0.00, 1.00, 0.00, 0.00, 0.00, 1.00, 0.00, 0.00, 0.00, 0.00, 0.00, 0.00, 0.00, 0.00
90,  0,  2.991,  0.98,  1, 0.85, 0.95, 1.01, 0.63, 1.67, 2.08, 0.73, 0.80, 0.97, 1.02, 0.66, 0.68, 0.01, 0.00, 0.26, 0.07, 0.24, 0.00, 1.00, 0.00, 0.00, 0.00, 1.00, 0.00, 0.00, 0.00, 1.00, 0.00, 0.00, 0.00, 0.00, 0.00, 0.00, 0.00, 0.00
91,  0,  3.024,  0.98,  1, 0.83, 0.94, 0.84, 0.53, 1.65, 2.02, 0.66, 0.78, 1.02, 1.01, 0.50, 0.65, 0.05, 0.00, 0.29, 0.05, 0.15, 0.00, 1.00, 0.00, 0.00, 0.00, 1.00, 0.00, 0.00, 0.00, 1.00, 0.00, 0.00, 0.00, 0.00, 0.00, 0.00, 0.00, 0.00
92,  0,  3.058,  0.98,  1, 0.81, 1.12, 0.77, 0.39, 1.64, 2.15, 0.58, 0.78, 1.01, 0.94, 0.41, 0.60, 0.04, 0.00, 0.49, 0.03, 0.24, 0.00, 1.00, 0.00, 0.00, 0.00, 1.00, 0.00, 0.00, 0.00, 1.00, 0.00, 0.00, 0.00, 0.00, 0.00, 0.00, 0.00, 0.00
93,  0,  3.092,  0.98,  1, 0.78, 1.18, 0.77, 0.39, 1.67, 2.26, 0.54, 0.80, 1.08, 0.98, 0.46, 0.63, 0.04, 0.00, 0.46, 0.03, 0.09, 0.00, 1.00, 0.00, 0.00, 0.00, 1.00, 0.00, 0.00, 0.00, 1.00, 0.00, 0.00, 0.00, 0.00, 0.00, 0.00, 0.00, 0.00
94,  0,  3.125,  0.98,  1, 0.77, 1.08, 0.72, 0.39, 1.70, 2.31, 0.58, 0.77, 1.07, 0.95, 0.54, 0.69, 0.00, 0.00, 0.58, 0.12, 0.11, 0.00, 1.00, 0.00, 0.00, 0.00, 1.00, 0.00, 0.00, 0.00, 1.00, 0.00, 0.00, 0.00, 0.00, 0.00, 0.00, 0.00, 0.00
95,  0,  3.159,  0.98,  1, 0.64, 0.84, 0.60, 0.28, 1.73, 2.26, 0.56, 0.83, 1.13, 0.91, 0.52, 0.67, 0.00, 0.00, 0.53, 0.16, 0.02, 0.00, 1.00, 0.00, 0.00, 0.00, 1.00, 0.00, 0.00, 0.00, 1.00, 0.00, 0.00, 0.00, 0.00, 0.00, 0.00, 0.00, 0.00
96,  0,  3.192,  0.98,  1, 0.53, 0.66, 0.43, 0.14, 1.69, 2.16, 0.55, 0.80, 1.08, 0.86, 0.45, 0.59, 0.00, 0.00, 0.61, 0.22, 0.02, 0.00, 1.00, 0.00, 0.00, 0.00, 1.00, 0.00, 0.00, 0.00, 1.00, 0.00, 0.00, 0.00, 0.00, 0.00, 0.00, 0.00, 0.00
97,  0,  3.226,  0.98,  1, 0.46, 0.58, 0.45, 0.07, 1.64, 2.12, 0.57, 0.79, 1.12, 0.88, 0.42, 0.44, 0.00, 0.00, 0.53, 0.21, 0.14, 0.00, 1.00, 0.00, 0.00, 0.00, 1.00, 0.00, 0.00, 0.00, 1.00, 0.00, 0.00, 0.00, 0.00, 0.00, 0.00, 0.00, 0.00
98,  0,  3.260,  0.98,  1, 0.57, 0.70, 0.48, 0.11, 1.60, 2.01, 0.62, 0.76, 1.09, 1.09, 0.43, 0.46, 0.07, 0.00, 0.57, 0.23, 0.23, 0.00, 1.00, 0.00, 0.00, 0.00, 1.00, 0.00, 0.00, 0.00, 1.00, 0.00, 0.00, 0.00, 0.00, 0.00, 0.00, 0.00, 0.00
99,  0,  3.293,  0.98,  1, 0.70, 0.78, 0.60, 0.11, 1.59, 2.05, 0.69, 0.79, 1.11, 1.11, 0.55, 0.46, 0.07, 0.00, 0.61, 0.18, 0.25, 0.00, 1.00, 0.00, 0.00, 0.00, 1.00, 0.00, 0.00, 0.00, 1.00, 0.00, 0.00, 0.00, 0.00, 0.00, 0.00, 0.00, 0.00
100,  0,  3.327,  0.98,  1, 0.71, 0.97, 0.61, 0.06, 1.61, 2.22, 0.68, 0.74, 1.06, 1.28, 0.47, 0.56, 0.11, 0.00, 0.63, 0.25, 0.11, 0.00, 1.00, 0.00, 0.00, 0.00, 1.00, 0.00, 0.00, 0.00, 1.00, 0.00, 0.00, 0.00, 0.00, 0.00, 0.00, 0.00, 0.00
101,  0,  3.360,  0.98,  1, 0.65, 1.04, 0.56, 0.02, 1.53, 2.32, 0.54, 0.59, 0.98, 1.17, 0.38, 0.67, 0.04, 0.00, 0.57, 0.18, 0.03, 0.00, 1.00, 0.00, 0.00, 0.00, 1.00, 0.00, 0.00, 0.00, 1.00, 0.00, 0.00, 0.00, 0.00, 0.00, 0.00, 0.00, 0.00
102,  0,  3.394,  0.98,  1, 0.58, 1.24, 0.55, 0.23, 1.42, 2.53, 0.30, 0.44, 0.93, 1.26, 0.42, 0.83, 0.04, 0.00, 0.36, 0.15, 0.00, 0.00, 1.00, 0.00, 0.00, 0.00, 1.00, 0.00, 0.00, 0.00, 1.00, 0.00, 0.00, 0.00, 0.00, 0.00, 0.00, 0.00, 0.00
103,  0,  3.428,  0.98,  1, 0.65, 1.50, 0.54, 0.26, 1.38, 2.48, 0.15, 0.52, 0.93, 1.26, 0.45, 0.94, 0.00, 0.05, 0.17, 0.00, 0.00, 0.00, 1.00, 0.00, 0.00, 0.00, 1.00, 0.00, 0.00, 0.00, 1.00, 0.00, 0.00, 0.00, 0.00, 0.00, 0.00, 0.00, 0.00
104,  0,  3.461,  0.98,  1, 0.76, 1.53, 0.60, 0.29, 1.38, 2.36, 0.14, 0.56, 0.98, 1.33, 0.53, 1.04, 0.00, 0.13, 0.13, 0.11, 0.00, 0.00, 1.00, 0.00, 0.00, 0.00, 1.00, 0.00, 0.00, 0.00, 1.00, 0.00, 0.00, 0.00, 0.00, 0.00, 0.00, 0.00, 0.00
105,  0,  3.495,  0.98,  1, 0.82, 1.67, 0.73, 0.15, 1.37, 2.35, 0.22, 0.65, 1.03, 1.37, 0.41, 1.10, 0.00, 0.13, 0.13, 0.11, 0.00, 0.00, 1.00, 0.00, 0.00, 0.00, 1.00, 0.00, 0.00, 0.00, 1.00, 0.00, 0.00, 0.00, 0.00, 0.00, 0.00, 0.00, 0.00
106,  0,  3.528,  0.98,  1, 0.76, 1.42, 0.74, 0.26, 1.35, 2.50, 0.21, 0.62, 1.05, 1.26, 0.48, 0.89, 0.00, 0.13, 0.13, 0.12, 0.00, 0.00, 1.00, 0.00, 0.00, 0.00, 1.00, 0.00, 0.00, 0.00, 1.00, 0.00, 0.00, 0.00, 0.00, 0.00, 0.00, 0.00, 0.00
107,  0,  3.562,  0.98,  1, 0.52, 1.06, 0.75, 0.23, 1.40, 2.66, 0.17, 0.70, 1.13, 1.17, 0.42, 0.73, 0.00, 0.24, 0.07, 0.07, 0.00, 0.00, 1.00, 0.00, 0.00, 0.00, 1.00, 0.00, 0.00, 0.00, 1.00, 0.00, 0.00, 0.00, 0.00, 0.00, 0.00, 0.00, 0.00
108,  0,  3.596,  0.98,  1, 0.45, 0.68, 0.60, 0.22, 1.53, 2.89, 0.08, 0.74, 1.22, 1.11, 0.46, 0.65, 0.00, 0.45, 0.07, 0.07, 0.00, 0.00, 1.00, 0.00, 1.00, 0.00, 1.00, 0.00, 0.00, 0.00, 1.00, 0.00, 0.00, 0.00, 0.00, 0.00, 0.00, 0.00, 0.00
109,  0,  3.629,  0.98,  1, 0.26, 0.46, 0.64, 0.08, 1.57, 2.88, 0.02, 0.70, 1.31, 1.16, 0.27, 0.77, 0.00, 0.65, 0.05, 0.11, 0.00, 0.00, 1.00, 0.00, 1.00, 1.00, 1.00, 0.00, 0.00, 0.00, 1.00, 0.00, 0.00, 0.00, 0.00, 0.00, 0.00, 0.00, 0.00
110,  0,  3.663,  0.98,  1, 0.23, 0.39, 0.47, 0.05, 1.61, 3.10, 0.00, 0.64, 1.35, 1.02, 0.28, 0.90, 0.00, 0.76, 0.00, 0.23, 0.00, 0.00, 0.00, 0.00, 1.00, 1.00, 1.00, 0.00, 0.00, 0.00, 1.00, 0.00, 0.00, 0.00, 0.00, 0.00, 0.00, 0.00, 0.00
111,  0,  3.696,  0.98,  1, 0.06, 0.18, 0.27, 0.00, 1.61, 3.08, 0.00, 0.54, 1.33, 0.83, 0.11, 0.86, 0.00, 0.78, 0.00, 0.27, 0.00, 0.00, 0.00, 0.00, 1.00, 1.00, 1.00, 0.00, 0.00, 0.00, 1.00, 0.00, 0.00, 0.00, 0.00, 0.00, 0.00, 0.00, 0.00
112,  0,  3.730,  0.98,  1, 0.03, 0.00, 0.07, 0.00, 1.52, 3.19, 0.05, 0.42, 1.29, 0.59, 0.11, 0.97, 0.00, 0.82, 0.00, 0.34, 0.00, 0.00, 0.00, 0.00, 1.00, 1.00, 1.00, 0.00, 0.00, 0.00, 1.00, 0.00, 0.00, 0.00, 0.00, 0.00, 0.00, 0.00, 0.00
113,  0,  3.764,  0.98,  1, 0.01, 0.00, 0.05, 0.00, 1.43, 3.03, 0.05, 0.34, 1.26, 0.63, 0.00, 0.97, 0.00, 0.84, 0.08, 0.31, 0.00, 0.00, 0.00, 0.00, 1.00, 0.00, 1.00, 0.00, 0.00, 0.00, 1.00, 0.00, 1.00, 0.00, 0.00, 0.00, 0.00, 0.00, 0.00
114,  0,  3.797,  0.98,  1, 0.00, 0.00, 0.10, 0.00, 1.34, 2.58, 0.13, 0.35, 1.21, 0.59, 0.00, 1.10, 0.00, 0.88, 0.10, 0.34, 0.00, 0.00, 0.00, 0.00, 1.00, 0.00, 1.00, 0.00, 0.00, 0.00, 1.00, 0.00, 1.00, 0.00, 0.00, 0.00, 0.00, 0.00, 0.00
115,  0,  3.831,  0.98,  1, 0.00, 0.00, 0.13, 0.15, 1.40, 2.26, 0.10, 0.49, 1.17, 0.64, 0.00, 1.02, 0.00, 0.95, 0.20, 0.36, 0.05, 0.00, 0.00, 0.00, 1.00, 0.00, 1.00, 0.00, 0.00, 0.00, 1.00, 0.00, 1.00, 0.00, 0.00, 0.00, 0.00, 0.00, 0.00
116,  0,  3.864,  0.98,  1, 0.00, 0.00, 0.12, 0.15, 1.38, 1.93, 0.13, 0.58, 1.11, 0.81, 0.00, 1.06, 0.00, 0.92, 0.30, 0.28, 0.06, 0.00, 0.00, 0.00, 1.00, 0.00, 1.00, 0.00, 0.00, 0.00, 1.00, 0.00, 1.00, 0.00, 0.00, 0.00, 0.00, 0.00, 0.00
117,  0,  3.898,  0.98,  1, 0.00, 0.00, 0.07, 0.18, 1.33, 2.05, 0.05, 0.51, 1.08, 0.84, 0.00, 1.01, 0.00, 0.98, 0.33, 0.28, 0.06, 0.00, 0.00, 0.00, 1.00, 0.00, 1.00, 0.00, 0.00, 0.00, 1.00, 0.00, 1.00, 0.00, 0.00, 0.00, 0.00, 0.00, 0.00
118,  0,  3.932,  0.98,  1, 0.00, 0.00, 0.00, 0.09, 1.27, 1.93, 0.03, 0.36, 1.10, 0.76, 0.00, 1.11, 0.00, 1.06, 0.28, 0.14, 0.00, 0.00, 0.00, 0.00, 1.00, 0.00, 1.00, 0.00, 0.00, 0.00, 1.00, 0.00, 1.00, 0.00, 0.00, 0.00, 0.00, 0.00, 0.00
119,  0,  3.965,  0.98,  1, 0.00, 0.00, 0.00, 0.09, 1.31, 2.01, 0.00, 0.22, 1.13, 0.51, 0.00, 1.04, 0.00, 1.05, 0.33, 0.22, 0.00, 0.00, 0.00, 0.00, 1.00, 0.00, 1.00, 0.00, 0.00, 0.00, 1.00, 0.00, 1.00, 0.00, 0.00, 0.00, 0.00, 0.00, 0.00
120,  0,  3.999,  0.98,  1, 0.00, 0.00, 0.00, 0.06, 1.33, 2.07, 0.00, 0.35, 1.17, 0.55, 0.00, 1.06, 0.00, 0.94, 0.39, 0.27, 0.00, 0.00, 0.00, 0.00, 1.00, 0.00, 1.00, 0.00, 0.00, 0.00, 1.00, 0.00, 1.00, 0.00, 0.00, 0.00, 0.00, 0.00, 0.00
121,  0,  4.032,  0.98,  1, 0.00, 0.00, 0.00, 0.00, 1.36, 2.02, 0.00, 0.35, 1.17, 0.60, 0.00, 0.98, 0.00, 0.74, 0.35, 0.28, 0.00, 0.00, 0.00, 0.00, 1.00, 0.00, 1.00, 0.00, 0.00, 0.00, 1.00, 0.00, 1.00, 0.00, 0.00, 0.00, 0.00, 0.00, 0.00
122,  0,  4.066,  0.98,  1, 0.00, 0.00, 0.00, 0.00, 1.32, 1.91, 0.00, 0.34, 1.15, 0.68, 0.00, 1.01, 0.00, 0.59, 0.17, 0.12, 0.00, 0.00, 0.00, 0.00, 1.00, 0.00, 1.00, 0.00, 0.00, 0.00, 1.00, 0.00, 1.00, 0.00, 0.00, 0.00, 0.00, 0.00, 0.00
123,  0,  4.100,  0.98,  1, 0.00, 0.00, 0.00, 0.00, 1.37, 1.79, 0.00, 0.18, 1.17, 0.62, 0.00, 1.04, 0.00, 0.50, 0.12, 0.00, 0.00, 0.00, 0.00, 0.00, 1.00, 0.00, 1.00, 0.00, 0.00, 0.00, 1.00, 0.00, 1.00, 0.00, 0.00, 0.00, 0.00, 0.00, 0.00
124,  0,  4.133,  0.98,  1, 0.00, 0.00, 0.00, 0.01, 1.38, 1.96, 0.00, 0.16, 1.18, 0.88, 0.00, 1.07, 0.00, 0.45, 0.13, 0.11, 0.00, 0.00, 0.00, 0.00, 1.00, 0.00, 1.00, 0.00, 0.00, 0.00, 1.00, 0.00, 1.00, 0.00, 0.00, 0.00, 0.00, 0.00, 0.00
125,  0,  4.167,  0.98,  1, 0.00, 0.00, 0.00, 0.01, 1.45, 2.07, 0.00, 0.17, 1.28, 0.96, 0.00, 0.96, 0.00, 0.49, 0.30, 0.28, 0.00, 0.00, 0.00, 0.00, 1.00, 0.00, 1.00, 0.00, 0.00, 0.00, 1.00, 0.00, 1.00, 0.00, 0.00, 0.00, 0.00, 0.00, 0.00
126,  0,  4.200,  0.98,  1, 0.00, 0.00, 0.00, 0.05, 1.44, 2.07, 0.00, 0.11, 1.30, 1.00, 0.00, 0.96, 0.00, 0.57, 0.37, 0.48, 0.00, 0.00, 0.00, 0.00, 1.00, 0.00, 1.00, 0.00, 0.00, 0.00, 1.00, 0.00, 1.00, 0.00, 0.00, 0.00, 0.00, 0.00, 0.00
127,  0,  4.234,  0.98,  1, 0.00, 0.00, 0.00, 0.09, 1.40, 2.09, 0.00, 0.14, 1.33, 0.93, 0.00, 0.77, 0.00, 0.43, 0.49, 0.44, 0.01, 0.00, 0.00, 0.00, 1.00, 0.00, 1.00, 0.00, 0.00, 0.00, 1.00, 0.00, 1.00, 0.00, 0.00, 0.00, 0.00, 0.00, 0.00
128,  0,  4.268,  0.98,  1, 0.11, 0.00, 0.00, 0.09, 1.12, 2.04, 0.00, 0.06, 1.26, 1.00, 0.00, 0.93, 0.00, 0.26, 0.38, 0.44, 0.36, 0.00, 0.00, 0.00, 1.00, 0.00, 1.00, 0.00, 0.00, 0.00, 1.00, 0.00, 1.00, 0.00, 0.00, 0.00, 0.00, 0.00, 0.00
129,  0,  4.301,  0.98,  1, 0.31, 0.00, 0.00, 0.06, 0.91, 1.91, 0.00, 0.06, 1.26, 1.16, 0.00, 1.02, 0.00, 0.05, 0.45, 0.49, 1.12, 0.00, 0.00, 0.00, 1.00, 0.00, 1.00, 0.00, 0.00, 0.00, 1.00, 0.00, 1.00, 0.00, 0.00, 0.00, 0.00, 0.00, 0.00
130,  0,  4.335,  0.98,  1, 0.40, 0.00, 0.00, 0.00, 0.89, 1.91, 0.00, 0.11, 1.27, 1.27, 0.00, 0.86, 0.00, 0.00, 0.44, 0.55, 1.45, 0.00, 0.00, 0.00, 1.00, 0.00, 1.00, 0.00, 0.00, 0.00, 1.00, 0.00, 1.00, 0.00, 0.00, 0.00, 0.00, 0.00, 0.00
131,  0,  4.369,  0.98,  1, 0.29, 0.00, 0.00, 0.00, 1.09, 1.85, 0.00, 0.25, 1.27, 1.25, 0.00, 0.87, 0.00, 0.07, 0.34, 0.47, 1.41, 0.00, 0.00, 0.00, 1.00, 0.00, 1.00, 0.00, 0.00, 0.00, 1.00, 0.00, 1.00, 0.00, 0.00, 0.00, 0.00, 0.00, 0.00
132,  0,  4.402,  0.98,  1, 0.09, 0.00, 0.00, 0.00, 1.25, 1.88, 0.00, 0.33, 1.23, 1.24, 0.00, 0.70, 0.00, 0.07, 0.13, 0.30, 0.74, 0.00, 0.00, 0.00, 1.00, 0.00, 1.00, 0.00, 0.00, 0.00, 1.00, 0.00, 1.00, 0.00, 0.00, 0.00, 0.00, 0.00, 0.00
133,  0,  4.436,  0.98,  1, 0.00, 0.00, 0.00, 0.00, 1.25, 1.94, 0.00, 0.22, 1.19, 1.27, 0.00, 0.99, 0.00, 0.16, 0.13, 0.35, 0.42, 0.00, 0.00, 0.00, 1.00, 0.00, 1.00, 0.00, 0.00, 0.00, 1.00, 0.00, 1.00, 0.00, 0.00, 0.00, 0.00, 0.00, 0.00
134,  0,  4.469,  0.98,  1, 0.00, 0.00, 0.08, 0.00, 1.32, 2.03, 0.00, 0.13, 1.24, 1.33, 0.00, 0.89, 0.00, 0.25, 0.13, 0.55, 0.10, 0.00, 0.00, 0.00, 1.00, 0.00, 1.00, 0.00, 0.00, 0.00, 1.00, 0.00, 1.00, 0.00, 0.00, 0.00, 0.00, 0.00, 0.00
135,  0,  4.503,  0.98,  1, 0.00, 0.00, 0.24, 0.00, 1.28, 2.07, 0.00, 0.21, 1.28, 1.29, 0.00, 0.89, 0.00, 0.36, 0.17, 0.73, 0.08, 0.00, 0.00, 0.00, 1.00, 0.00, 1.00, 0.00, 0.00, 0.00, 1.00, 0.00, 1.00, 0.00, 0.00, 0.00, 0.00, 0.00, 0.00
136,  0,  4.537,  0.98,  1, 0.00, 0.00, 0.36, 0.06, 1.31, 1.75, 0.00, 0.26, 1.28, 1.10, 0.00, 0.90, 0.00, 0.41, 0.29, 0.71, 0.16, 0.00, 0.00, 0.00, 1.00, 0.00, 1.00, 0.00, 0.00, 0.00, 1.00, 0.00, 1.00, 0.00, 0.00, 0.00, 0.00, 0.00, 0.00
137,  0,  4.570,  0.98,  1, 0.00, 0.00, 0.31, 0.07, 1.29, 1.87, 0.00, 0.38, 1.28, 0.85, 0.00, 0.86, 0.00, 0.39, 0.41, 0.68, 0.16, 0.00, 0.00, 0.00, 1.00, 0.00, 1.00, 0.00, 0.00, 0.00, 1.00, 0.00, 1.00, 0.00, 0.00, 0.00, 0.00, 0.00, 0.00
138,  0,  4.604,  0.98,  1, 0.00, 0.00, 0.15, 0.07, 1.35, 1.94, 0.00, 0.26, 1.26, 0.76, 0.00, 0.94, 0.00, 0.38, 0.37, 0.63, 0.09, 0.00, 0.00, 0.00, 1.00, 0.00, 1.00, 0.00, 0.00, 0.00, 1.00, 0.00, 1.00, 0.00, 0.00, 0.00, 0.00, 0.00, 0.00
139,  0,  4.637,  0.98,  1, 0.00, 0.00, 0.10, 0.01, 1.32, 1.93, 0.00, 0.38, 1.26, 0.80, 0.00, 1.00, 0.00, 0.40, 0.28, 0.53, 0.12, 0.00, 0.00, 0.00, 1.00, 0.00, 1.00, 0.00, 0.00, 0.00, 1.00, 0.00, 1.00, 0.00, 0.00, 0.00, 0.00, 0.00, 0.00
140,  0,  4.671,  0.98,  1, 0.00, 0.00, 0.07, 0.00, 1.33, 1.96, 0.00, 0.25, 1.24, 1.00, 0.00, 0.99, 0.00, 0.34, 0.27, 0.30, 0.19, 0.00, 0.00, 0.00, 1.00, 0.00, 1.00, 0.00, 0.00, 0.00, 1.00, 0.00, 1.00, 0.00, 0.00, 0.00, 0.00, 0.00, 0.00
141,  0,  4.705,  0.98,  1, 0.00, 0.00, 0.11, 0.00, 1.31, 1.80, 0.00, 0.29, 1.27, 1.14, 0.00, 0.88, 0.00, 0.34, 0.37, 0.27, 0.19, 0.00, 0.00, 0.00, 1.00, 0.00, 1.00, 0.00, 0.00, 0.00, 1.00, 0.00, 0.00, 0.00, 0.00, 0.00, 0.00, 0.00, 0.00
142,  0,  4.738,  0.98,  1, 0.00, 0.00, 0.05, 0.00, 1.26, 1.90, 0.00, 0.25, 1.26, 1.16, 0.00, 0.77, 0.00, 0.40, 0.28, 0.46, 0.07, 0.00, 0.00, 0.00, 1.00, 0.00, 1.00, 0.00, 0.00, 0.00, 1.00, 0.00, 0.00, 0.00, 0.00, 0.00, 0.00, 0.00, 0.00
143,  0,  4.772,  0.98,  1, 0.00, 0.00, 0.08, 0.04, 1.24, 1.82, 0.00, 0.21, 1.26, 1.11, 0.00, 0.74, 0.00, 0.43, 0.35, 0.57, 0.00, 0.00, 0.00, 0.00, 1.00, 0.00, 1.00, 0.00, 0.00, 0.00, 1.00, 0.00, 0.00, 0.00, 0.00, 0.00, 0.00, 0.00, 0.00
144,  0,  4.805,  0.98,  1, 0.00, 0.00, 0.04, 0.04, 1.21, 1.98, 0.00, 0.23, 1.18, 1.04, 0.00, 0.63, 0.00, 0.46, 0.49, 0.40, 0.00, 0.00, 0.00, 0.00, 1.00, 0.00, 1.00, 0.00, 0.00, 0.00, 1.00, 0.00, 0.00, 0.00, 0.00, 0.00, 0.00, 0.00, 0.00
145,  0,  4.839,  0.98,  1, 0.00, 0.00, 0.06, 0.04, 1.23, 1.93, 0.00, 0.26, 1.20, 0.92, 0.00, 0.66, 0.00, 0.39, 0.61, 0.21, 0.00, 0.00, 0.00, 0.00, 1.00, 0.00, 1.00, 0.00, 0.00, 0.00, 1.00, 0.00, 0.00, 0.00, 0.00, 0.00, 0.00, 0.00, 0.00
146,  0,  4.873,  0.98,  1, 0.00, 0.00, 0.02, 0.00, 1.11, 1.90, 0.00, 0.42, 1.16, 0.75, 0.00, 0.63, 0.00, 0.38, 0.52, 0.18, 0.00, 0.00, 0.00, 0.00, 1.00, 0.00, 1.00, 0.00, 0.00, 0.00, 1.00, 0.00, 0.00, 0.00, 0.00, 0.00, 0.00, 0.00, 0.00
147,  0,  4.906,  0.98,  1, 0.00, 0.00, 0.02, 0.00, 1.09, 1.83, 0.00, 0.52, 1.18, 0.74, 0.00, 0.75, 0.00, 0.39, 0.37, 0.25, 0.00, 0.00, 0.00, 0.00, 1.00, 0.00, 1.00, 0.00, 0.00, 0.00, 1.00, 0.00, 0.00, 0.00, 0.00, 0.00, 0.00, 0.00, 0.00
148,  0,  4.940,  0.98,  1, 0.00, 0.00, 0.00, 0.00, 1.03, 2.00, 0.00, 0.41, 1.13, 0.73, 0.00, 0.72, 0.00, 0.52, 0.35, 0.39, 0.00, 0.00, 0.00, 0.00, 1.00, 0.00, 1.00, 0.00, 0.00, 0.00, 1.00, 0.00, 0.00, 0.00, 0.00, 0.00, 0.00, 0.00, 0.00
149,  0,  4.973,  0.98,  1, 0.00, 0.00, 0.00, 0.00, 1.05, 1.90, 0.00, 0.28, 1.12, 0.76, 0.00, 0.71, 0.00, 0.59, 0.48, 0.44, 0.00, 0.00, 0.00, 0.00, 1.00, 0.00, 1.00, 0.00, 0.00, 0.00, 1.00, 0.00, 0.00, 0.00, 0.00, 0.00, 0.00, 0.00, 0.00
150,  0,  5.007,  0.98,  1, 0.00, 0.00, 0.00, 0.00, 1.06, 1.94, 0.00, 0.17, 1.17, 0.72, 0.00, 0.66, 0.00, 0.53, 0.50, 0.55, 0.00, 0.00, 0.00, 0.00, 1.00, 0.00, 1.00, 0.00, 0.00, 0.00, 1.00, 0.00, 0.00, 0.00, 0.00, 0.00, 0.00, 0.00, 0.00
151,  0,  5.041,  0.98,  1, 0.00, 0.00, 0.00, 0.00, 1.07, 1.95, 0.00, 0.15, 1.16, 0.73, 0.00, 0.76, 0.00, 0.45, 0.53, 0.57, 0.00, 0.00, 0.00, 0.00, 1.00, 0.00, 1.00, 0.00, 0.00, 0.00, 1.00, 0.00, 0.00, 0.00, 0.00, 0.00, 0.00, 0.00, 0.00
152,  0,  5.074,  0.98,  1, 0.00, 0.00, 0.00, 0.00, 1.05, 1.93, 0.00, 0.18, 1.14, 0.65, 0.00, 0.74, 0.00, 0.47, 0.46, 0.63, 0.00, 0.00, 0.00, 0.00, 1.00, 0.00, 1.00, 0.00, 0.00, 0.00, 1.00, 0.00, 0.00, 0.00, 0.00, 0.00, 0.00, 0.00, 0.00
153,  0,  5.108,  0.98,  1, 0.00, 0.00, 0.01, 0.00, 1.04, 1.95, 0.00, 0.29, 1.13, 0.67, 0.00, 0.69, 0.00, 0.44, 0.45, 0.66, 0.00, 0.00, 0.00, 0.00, 1.00, 0.00, 1.00, 0.00, 0.00, 0.00, 1.00, 0.00, 0.00, 0.00, 0.00, 0.00, 0.00, 0.00, 0.00
154,  0,  5.141,  0.98,  1, 0.00, 0.00, 0.01, 0.15, 1.10, 2.00, 0.00, 0.28, 1.13, 0.59, 0.00, 0.58, 0.00, 0.43, 0.38, 0.64, 0.00, 0.00, 0.00, 0.00, 1.00, 0.00, 1.00, 0.00, 0.00, 0.00, 1.00, 0.00, 0.00, 0.00, 0.00, 0.00, 0.00, 0.00, 0.00
155,  0,  5.175,  0.98,  1, 0.00, 0.00, 0.10, 0.15, 1.16, 2.51, 0.00, 0.26, 1.16, 0.70, 0.00, 0.65, 0.00, 0.44, 0.28, 0.62, 0.00, 0.00, 0.00, 0.00, 1.00, 0.00, 1.00, 0.00, 0.00, 0.00, 0.00, 0.00, 0.00, 0.00, 0.00, 0.00, 0.00, 0.00, 0.00
156,  0,  5.209,  0.98,  1, 0.00, 0.00, 0.09, 0.20, 1.14, 2.77, 0.00, 0.14, 1.13, 0.45, 0.00, 0.74, 0.00, 0.69, 0.25, 0.68, 0.00, 0.00, 0.00, 0.00, 1.00, 0.00, 1.00, 0.00, 0.00, 0.00, 0.00, 0.00, 0.00, 0.00, 0.00, 0.00, 0.00, 0.00, 0.00
157,  0,  5.242,  0.98,  1, 0.00, 0.00, 0.09, 0.05, 1.07, 2.66, 0.00, 0.19, 1.12, 0.45, 0.00, 0.72, 0.00, 0.86, 0.30, 0.62, 0.00, 0.00, 0.00, 0.00, 1.00, 0.00, 1.00, 0.00, 0.00, 0.00, 0.00, 0.00, 0.00, 0.00, 0.00, 0.00, 0.00, 0.00, 0.00
158,  0,  5.276,  0.98,  1, 0.00, 0.00, 0.00, 0.05, 0.99, 2.41, 0.00, 0.16, 1.15, 0.41, 0.00, 0.69, 0.00, 0.89, 0.34, 0.60, 0.00, 0.00, 0.00, 0.00, 1.00, 0.00, 1.00, 0.00, 0.00, 0.00, 0.00, 0.00, 0.00, 0.00, 0.00, 0.00, 0.00, 0.00, 0.00
159,  0,  5.309,  0.98,  1, 0.00, 0.00, 0.00, 0.00, 0.97, 2.20, 0.00, 0.06, 1.15, 0.47, 0.00, 0.60, 0.00, 0.93, 0.46, 0.54, 0.00, 0.00, 0.00, 0.00, 1.00, 0.00, 1.00, 0.00, 0.00, 0.00, 0.00, 0.00, 0.00, 0.00, 0.00, 0.00, 0.00, 0.00, 0.00
160,  0,  5.343,  0.98,  1, 0.00, 0.00, 0.00, 0.00, 0.95, 2.36, 0.00, 0.07, 1.22, 0.44, 0.00, 0.56, 0.00, 0.88, 0.48, 0.57, 0.00, 0.00, 0.00, 0.00, 1.00, 0.00, 1.00, 0.00, 0.00, 0.00, 0.00, 0.00, 0.00, 0.00, 0.00, 0.00, 0.00, 0.00, 0.00
161,  0,  5.377,  0.98,  1, 0.00, 0.00, 0.04, 0.00, 0.93, 2.32, 0.00, 0.07, 1.20, 0.40, 0.00, 0.45, 0.00, 0.94, 0.60, 0.65, 0.00, 0.00, 0.00, 0.00, 1.00, 0.00, 1.00, 0.00, 0.00, 0.00, 0.00, 0.00, 0.00, 0.00, 0.00, 0.00, 0.00, 0.00, 0.00
162,  0,  5.410,  0.98,  1, 0.00, 0.00, 0.05, 0.00, 0.94, 2.44, 0.00, 0.14, 1.21, 0.44, 0.00, 0.51, 0.00, 0.93, 0.52, 0.71, 0.00, 0.00, 0.00, 0.00, 1.00, 0.00, 1.00, 0.00, 0.00, 0.00, 0.00, 0.00, 0.00, 0.00, 0.00, 0.00, 0.00, 0.00, 0.00
163,  0,  5.444,  0.98,  1, 0.00, 0.00, 0.05, 0.00, 0.96, 2.31, 0.00, 0.07, 1.17, 0.48, 0.00, 0.54, 0.06, 0.97, 0.47, 0.67, 0.00, 0.00, 0.00, 0.00, 1.00, 0.00, 1.00, 0.00, 0.00, 0.00, 0.00, 0.00, 0.00, 0.00, 0.00, 0.00, 0.00, 0.00, 0.00
164,  0,  5.477,  0.98,  1, 0.00, 0.00, 0.00, 0.00, 1.01, 2.44, 0.00, 0.07, 1.16, 0.46, 0.00, 0.68, 0.06, 0.95, 0.31, 0.64, 0.00, 0.00, 0.00, 0.00, 1.00, 0.00, 1.00, 0.00, 0.00, 0.00, 0.00, 0.00, 0.00, 0.00, 0.00, 0.00, 0.00, 0.00, 0.00
165,  0,  5.511,  0.98,  1, 0.00, 0.00, 0.00, 0.00, 0.96, 2.50, 0.00, 0.10, 1.13, 0.46, 0.00, 0.61, 0.06, 0.85, 0.27, 0.56, 0.00, 0.00, 0.00, 0.00, 1.00, 0.00, 1.00, 0.00, 0.00, 0.00, 0.00, 0.00, 0.00, 0.00, 0.00, 0.00, 0.00, 0.00, 0.00
166,  0,  5.545,  0.98,  1, 0.00, 0.00, 0.00, 0.01, 0.97, 2.57, 0.00, 0.10, 1.12, 0.59, 0.00, 0.58, 0.00, 0.77, 0.31, 0.56, 0.00, 0.00, 0.00, 0.00, 1.00, 0.00, 1.00, 0.00, 0.00, 0.00, 0.00, 0.00, 0.00, 0.00, 0.00, 0.00, 0.00, 0.00, 0.00
167,  0,  5.578,  0.98,  1, 0.00, 0.00, 0.01, 0.01, 0.90, 2.32, 0.00, 0.09, 1.11, 0.67, 0.00, 0.49, 0.00, 0.69, 0.27, 0.51, 0.00, 0.00, 0.00, 0.00, 1.00, 0.00, 1.00, 0.00, 0.00, 0.00, 1.00, 0.00, 0.00, 0.00, 0.00, 0.00, 0.00, 0.00, 0.00
168,  0,  5.612,  0.98,  1, 0.00, 0.00, 0.03, 0.01, 0.86, 1.98, 0.00, 0.00, 1.11, 0.69, 0.00, 0.62, 0.00, 0.69, 0.22, 0.45, 0.00, 0.00, 0.00, 0.00, 1.00, 0.00, 1.00, 0.00, 0.00, 0.00, 1.00, 0.00, 0.00, 0.00, 0.00, 0.00, 0.00, 0.00, 0.00
169,  0,  5.645,  0.98,  1, 0.00, 0.00, 0.13, 0.00, 0.80, 2.03, 0.00, 0.00, 1.11, 0.65, 0.00, 0.64, 0.00, 0.63, 0.09, 0.57, 0.00, 0.00, 0.00, 0.00, 1.00, 0.00, 1.00, 0.00, 0.00, 0.00, 1.00, 0.00, 0.00, 0.00, 0.00, 0.00, 0.00, 0.00, 0.00
170,  0,  5.679,  0.98,  1, 0.00, 0.00, 0.18, 0.00, 0.84, 2.23, 0.00, 0.00, 1.16, 0.75, 0.00, 0.67, 0.00, 0.62, 0.16, 0.59, 0.00, 0.00, 0.00, 0.00, 1.00, 0.00, 1.00, 0.00, 0.00, 0.00, 1.00, 0.00, 0.00, 0.00, 0.00, 0.00, 0.00, 0.00, 0.00
171,  0,  5.713,  0.98,  1, 0.00, 0.00, 0.34, 0.15, 0.90, 2.67, 0.00, 0.04, 1.22, 0.77, 0.00, 0.61, 0.00, 0.49, 0.19, 0.70, 0.00, 0.00, 0.00, 0.00, 1.00, 0.00, 1.00, 0.00, 0.00, 0.00, 1.00, 0.00, 0.00, 0.00, 0.00, 0.00, 0.00, 0.00, 0.00
172,  0,  5.746,  0.98,  1, 0.00, 0.00, 0.35, 0.15, 0.96, 2.66, 0.00, 0.04, 1.18, 0.60, 0.00, 0.55, 0.06, 0.49, 0.17, 0.56, 0.00, 0.00, 0.00, 0.00, 1.00, 0.00, 1.00, 0.00, 0.00, 0.00, 1.00, 0.00, 0.00, 0.00, 0.00, 0.00, 0.00, 0.00, 0.00
173,  0,  5.780,  0.98,  1, 0.00, 0.00, 0.49, 0.24, 0.96, 2.59, 0.00, 0.04, 1.21, 0.56, 0.06, 0.60, 0.15, 0.50, 0.08, 0.54, 0.00, 0.00, 0.00, 0.00, 1.00, 0.00, 1.00, 0.00, 0.00, 0.00, 0.00, 0.00, 0.00, 0.00, 0.00, 0.00, 0.00, 0.00, 0.00
174,  0,  5.813,  0.98,  1, 0.00, 0.00, 0.37, 0.11, 0.98, 2.33, 0.00, 0.06, 1.13, 0.44, 0.11, 0.74, 0.17, 0.68, 0.00, 0.53, 0.00, 0.00, 0.00, 0.00, 1.00, 0.00, 1.00, 0.00, 0.00, 0.00, 0.00, 0.00, 0.00, 0.00, 0.00, 0.00, 0.00, 0.00, 0.00
175,  0,  5.847,  0.98,  1, 0.00, 0.00, 0.37, 0.12, 0.94, 2.32, 0.00, 0.12, 1.22, 0.55, 0.18, 0.83, 0.25, 0.71, 0.00, 0.62, 0.00, 0.00, 0.00, 0.00, 1.00, 0.00, 1.00, 0.00, 0.00, 0.00, 0.00, 0.00, 0.00, 0.00, 0.00, 0.00, 0.00, 0.00, 0.00
176,  0,  5.881,  0.98,  1, 0.00, 0.00, 0.32, 0.10, 1.02, 2.44, 0.00, 0.12, 1.25, 0.49, 0.20, 0.80, 0.27, 0.75, 0.06, 0.60, 0.00, 0.00, 0.00, 0.00, 1.00, 0.00, 1.00, 0.00, 0.00, 0.00, 0.00, 0.00, 0.00, 0.00, 0.00, 0.00, 0.00, 0.00, 0.00
177,  0,  5.914,  0.98,  1, 0.00, 0.00, 0.31, 0.15, 1.06, 2.53, 0.00, 0.12, 1.34, 0.62, 0.17, 0.71, 0.25, 0.69, 0.06, 0.61, 0.00, 0.00, 0.00, 0.00, 1.00, 0.00, 1.00, 0.00, 0.00, 0.00, 1.00, 0.00, 0.00, 0.00, 0.00, 0.00, 0.00, 0.00, 0.00
178,  0,  5.948,  0.98,  1, 0.00, 0.00, 0.34, 0.24, 1.17, 2.57, 0.00, 0.17, 1.33, 0.69, 0.16, 0.69, 0.11, 0.71, 0.06, 0.59, 0.00, 0.00, 0.00, 0.00, 1.00, 0.00, 1.00, 0.00, 0.00, 0.00, 0.00, 0.00, 0.00, 0.00, 0.00, 0.00, 0.00, 0.00, 0.00
179,  0,  5.982,  0.98,  1, 0.00, 0.00, 0.31, 0.16, 1.15, 2.59, 0.00, 0.25, 1.34, 0.74, 0.11, 0.70, 0.12, 0.67, 0.00, 0.70, 0.00, 0.00, 0.00, 0.00, 1.00, 0.00, 1.00, 0.00, 0.00, 0.00, 0.00, 0.00, 0.00, 0.00, 0.00, 0.00, 0.00, 0.00, 0.00
180,  0,  6.015,  0.98,  1, 0.00, 0.00, 0.32, 0.14, 1.11, 2.42, 0.00, 0.31, 1.29, 0.69, 0.27, 0.57, 0.25, 0.54, 0.06, 0.62, 0.00, 0.00, 0.00, 0.00, 1.00, 0.00, 1.00, 0.00, 0.00, 0.00, 0.00, 0.00, 0.00, 0.00, 0.00, 0.00, 0.00, 0.00, 0.00
181,  0,  6.049,  0.98,  1, 0.00, 0.00, 0.18, 0.05, 1.11, 2.44, 0.00, 0.33, 1.23, 0.65, 0.30, 0.56, 0.29, 0.50, 0.06, 0.66, 0.00, 0.00, 0.00, 0.00, 1.00, 0.00, 1.00, 0.00, 0.00, 0.00, 0.00, 0.00, 0.00, 0.00, 0.00, 0.00, 0.00, 0.00, 0.00
182,  0,  6.082,  0.98,  1, 0.00, 0.00, 0.06, 0.05, 1.10, 2.25, 0.00, 0.30, 1.13, 0.61, 0.28, 0.57, 0.17, 0.50, 0.06, 0.54, 0.00, 0.00, 0.00, 0.00, 1.00, 0.00, 1.00, 0.00, 0.00, 0.00, 0.00, 0.00, 0.00, 0.00, 0.00, 0.00, 0.00, 0.00, 0.00
183,  0,  6.116,  0.98,  1, 0.00, 0.00, 0.00, 0.00, 1.13, 2.22, 0.00, 0.19, 1.14, 0.63, 0.11, 0.61, 0.15, 0.54, 0.03, 0.50, 0.00, 0.00, 0.00, 0.00, 1.00, 0.00, 1.00, 0.00, 0.00, 0.00, 0.00, 0.00, 0.00, 0.00, 0.00, 0.00, 0.00, 0.00, 0.00
184,  0,  6.150,  0.98,  1, 0.00, 0.00, 0.00, 0.00, 1.14, 1.89, 0.00, 0.15, 1.16, 0.53, 0.00, 0.63, 0.26, 0.54, 0.05, 0.50, 0.00, 0.00, 0.00, 0.00, 1.00, 0.00, 1.00, 0.00, 0.00, 0.00, 0.00, 0.00, 0.00, 0.00, 0.00, 0.00, 0.00, 0.00, 0.00
185,  0,  6.183,  0.98,  1, 0.00, 0.00, 0.00, 0.00, 1.10, 1.63, 0.00, 0.25, 1.20, 0.56, 0.06, 0.62, 0.32, 0.47, 0.07, 0.46, 0.00, 0.00, 0.00, 0.00, 1.00, 0.00, 1.00, 0.00, 0.00, 0.00, 0.00, 0.00, 0.00, 0.00, 0.00, 0.00, 0.00, 0.00, 0.00
186,  0,  6.217,  0.98,  1, 0.00, 0.00, 0.03, 0.00, 1.11, 1.87, 0.00, 0.41, 1.15, 0.53, 0.09, 0.72, 0.27, 0.45, 0.09, 0.53, 0.00, 0.00, 0.00, 0.00, 1.00, 0.00, 1.00, 0.00, 0.00, 0.00, 0.00, 0.00, 0.00, 0.00, 0.00, 0.00, 0.00, 0.00, 0.00
187,  0,  6.250,  0.98,  1, 0.27, 0.01, 0.20, 0.00, 1.12, 2.45, 0.00, 0.56, 1.13, 0.69, 0.14, 0.77, 0.31, 0.37, 0.06, 0.48, 0.00, 0.00, 0.00, 0.00, 1.00, 0.00, 1.00, 0.00, 0.00, 0.00, 0.00, 0.00, 0.00, 0.00, 0.00, 0.00, 0.00, 0.00, 0.00
188,  0,  6.284,  0.98,  1, 0.40, 0.01, 0.34, 0.00, 1.27, 3.00, 0.00, 0.64, 1.19, 0.62, 0.08, 0.82, 0.48, 0.31, 0.05, 0.38, 0.00, 0.00, 0.00, 0.00, 1.00, 0.00, 1.00, 0.00, 0.00, 0.00, 0.00, 0.00, 0.00, 0.00, 0.00, 0.00, 0.00, 0.00, 0.00
189,  0,  6.318,  0.98,  1, 0.45, 0.01, 0.30, 0.00, 1.35, 2.98, 0.00, 0.63, 1.27, 0.70, 0.08, 0.77, 0.53, 0.26, 0.00, 0.26, 0.00, 0.00, 0.00, 0.00, 1.00, 0.00, 1.00, 0.00, 0.00, 0.00, 0.00, 0.00, 0.00, 0.00, 0.00, 0.00, 0.00, 0.00, 0.00
190,  0,  6.351,  0.98,  1, 0.18, 0.00, 0.18, 0.00, 1.38, 2.77, 0.00, 0.51, 1.27, 0.66, 0.14, 0.75, 0.42, 0.29, 0.00, 0.28, 0.00, 0.00, 0.00, 0.00, 1.00, 0.00, 1.00, 0.00, 0.00, 0.00, 0.00, 0.00, 0.00, 0.00, 0.00, 0.00, 0.00, 0.00, 0.00
191,  0,  6.385,  0.98,  1, 0.06, 0.00, 0.12, 0.01, 1.37, 2.74, 0.00, 0.40, 1.23, 0.63, 0.21, 0.65, 0.20, 0.31, 0.00, 0.44, 0.00, 0.00, 0.00, 0.00, 1.00, 0.00, 1.00, 0.00, 0.00, 0.00, 0.00, 0.00, 0.00, 0.00, 0.00, 0.00, 0.00, 0.00, 0.00
192,  0,  6.418,  0.98,  1, 0.02, 0.00, 0.17, 0.01, 1.40, 2.86, 0.00, 0.35, 1.20, 0.65, 0.23, 0.73, 0.14, 0.37, 0.05, 0.67, 0.00, 0.00, 0.00, 0.00, 1.00, 0.00, 1.00, 0.00, 0.00, 0.00, 0.00, 0.00, 0.00, 0.00, 0.00, 0.00, 0.00, 0.00, 0.00
193,  0,  6.452,  0.98,  1, 0.02, 0.00, 0.18, 0.01, 1.39, 2.80, 0.00, 0.31, 1.21, 0.67, 0.12, 0.77, 0.07, 0.34, 0.10, 0.64, 0.00, 0.00, 0.00, 0.00, 1.00, 0.00, 1.00, 0.00, 0.00, 0.00, 0.00, 0.00, 0.00, 0.00, 0.00, 0.00, 0.00, 0.00, 0.00
194,  0,  6.486,  0.98,  1, 0.01, 0.00, 0.23, 0.00, 1.39, 2.79, 0.00, 0.34, 1.19, 0.88, 0.05, 0.90, 0.15, 0.31, 0.10, 0.64, 0.00, 0.00, 0.00, 0.00, 1.00, 0.00, 1.00, 0.00, 0.00, 0.00, 0.00, 0.00, 0.00, 0.00, 0.00, 0.00, 0.00, 0.00, 0.00
195,  0,  6.519,  0.98,  1, 0.01, 0.00, 0.36, 0.00, 1.37, 2.83, 0.00, 0.29, 1.17, 0.88, 0.03, 0.91, 0.13, 0.25, 0.05, 0.50, 0.00, 0.00, 0.00, 0.00, 1.00, 0.00, 1.00, 0.00, 0.00, 0.00, 1.00, 0.00, 0.00, 0.00, 0.00, 0.00, 0.00, 0.00, 0.00
196,  0,  6.553,  0.98,  1, 0.01, 0.00, 0.48, 0.00, 1.41, 2.97, 0.00, 0.23, 1.15, 0.90, 0.15, 0.85, 0.12, 0.25, 0.02, 0.52, 0.00, 0.00, 0.00, 0.00, 1.00, 0.00, 1.00, 0.00, 0.00, 0.00, 1.00, 0.00, 0.00, 0.00, 0.00, 0.00, 0.00, 0.00, 0.00
197,  0,  6.586,  0.98,  1, 0.00, 0.00, 0.43, 0.00, 1.38, 2.81, 0.00, 0.10, 1.17, 0.83, 0.20, 0.81, 0.10, 0.21, 0.05, 0.51, 0.00, 0.00, 0.00, 0.00, 1.00, 0.00, 1.00, 0.00, 0.00, 0.00, 0.00, 0.00, 0.00, 0.00, 0.00, 0.00, 0.00, 0.00, 0.00
198,  0,  6.620,  0.98,  1, 0.08, 0.00, 0.44, 0.13, 1.40, 2.58, 0.00, 0.17, 1.20, 0.77, 0.20, 0.75, 0.16, 0.19, 0.05, 0.58, 0.00, 0.00, 0.00, 0.00, 1.00, 0.00, 1.00, 0.00, 0.00, 0.00, 0.00, 0.00, 0.00, 0.00, 0.00, 0.00, 0.00, 0.00, 0.00
199,  0,  6.654,  0.98,  1, 0.08, 0.00, 0.44, 0.20, 1.38, 2.53, 0.00, 0.27, 1.16, 0.63, 0.07, 0.72, 0.31, 0.22, 0.03, 0.52, 0.00, 0.00, 0.00, 0.00, 1.00, 0.00, 1.00, 0.00, 0.00, 0.00, 0.00, 0.00, 0.00, 0.00, 0.00, 0.00, 0.00, 0.00, 0.00
200,  0,  6.687,  0.98,  1, 0.08, 0.00, 0.45, 0.20, 1.39, 2.56, 0.00, 0.37, 1.12, 0.55, 0.03, 0.63, 0.30, 0.27, 0.08, 0.45, 0.00, 0.00, 0.00, 0.00, 1.00, 0.00, 1.00, 0.00, 0.00, 0.00, 0.00, 0.00, 0.00, 0.00, 0.00, 0.00, 0.00, 0.00, 0.00
201,  0,  6.721,  0.98,  1, 0.00, 0.00, 0.39, 0.17, 1.41, 2.82, 0.00, 0.39, 1.09, 0.53, 0.02, 0.57, 0.24, 0.28, 0.24, 0.45, 0.00, 0.00, 0.00, 0.00, 1.00, 0.00, 1.00, 0.00, 0.00, 0.00, 0.00, 0.00, 0.00, 0.00, 0.00, 0.00, 0.00, 0.00, 0.00
202,  0,  6.754,  0.98,  1, 0.00, 0.00, 0.44, 0.23, 1.35, 2.94, 0.00, 0.38, 1.17, 0.53, 0.07, 0.50, 0.09, 0.24, 0.25, 0.61, 0.00, 0.00, 0.00, 0.00, 1.00, 0.00, 1.00, 0.00, 0.00, 0.00, 0.00, 0.00, 0.00, 0.00, 0.00, 0.00, 0.00, 0.00, 0.00
203,  0,  6.788,  0.98,  1, 0.00, 0.00, 0.52, 0.23, 1.34, 2.97, 0.00, 0.45, 1.21, 0.47, 0.11, 0.52, 0.11, 0.29, 0.17, 0.65, 0.00, 0.00, 0.00, 0.00, 1.00, 0.00, 1.00, 0.00, 0.00, 0.00, 0.00, 0.00, 0.00, 0.00, 0.00, 0.00, 0.00, 0.00, 0.00
204,  0,  6.822,  0.98,  1, 0.00, 0.00, 0.51, 0.14, 1.26, 2.87, 0.00, 0.44, 1.24, 0.36, 0.11, 0.53, 0.07, 0.39, 0.03, 0.62, 0.00, 0.00, 0.00, 0.00, 1.00, 0.00, 1.00, 0.00, 0.00, 0.00, 0.00, 0.00, 0.00, 0.00, 0.00, 0.00, 0.00, 0.00, 0.00
205,  0,  6.855,  0.98,  1, 0.00, 0.00, 0.37, 0.00, 1.26, 2.71, 0.00, 0.50, 1.18, 0.41, 0.05, 0.56, 0.07, 0.45, 0.03, 0.39, 0.00, 0.00, 0.00, 0.00, 1.00, 0.00, 1.00, 0.00, 0.00, 0.00, 0.00, 0.00, 0.00, 0.00, 0.00, 0.00, 0.00, 0.00, 0.00
206,  0,  6.889,  0.98,  1, 0.00, 0.00, 0.23, 0.00, 1.23, 2.56, 0.00, 0.40, 1.14, 0.44, 0.12, 0.59, 0.00, 0.46, 0.08, 0.39, 0.00, 0.00, 0.00, 0.00, 1.00, 0.00, 1.00, 0.00, 0.00, 0.00, 0.00, 0.00, 0.00, 0.00, 0.00, 0.00, 0.00, 0.00, 0.00
207,  0,  6.922,  0.98,  1, 0.00, 0.00, 0.15, 0.00, 1.26, 2.31, 0.00, 0.37, 1.10, 0.51, 0.15, 0.56, 0.08, 0.47, 0.08, 0.25, 0.00, 0.00, 0.00, 0.00, 1.00, 0.00, 1.00, 0.00, 0.00, 0.00, 0.00, 0.00, 0.00, 0.00, 0.00, 0.00, 0.00, 0.00, 0.00
208,  0,  6.956,  0.98,  1, 0.00, 0.00, 0.16, 0.00, 1.30, 2.13, 0.00, 0.39, 1.09, 0.47, 0.15, 0.63, 0.12, 0.51, 0.08, 0.32, 0.00, 0.00, 0.00, 0.00, 1.00, 0.00, 1.00, 0.00, 0.00, 0.00, 0.00, 0.00, 0.00, 0.00, 0.00, 0.00, 0.00, 0.00, 0.00
209,  0,  6.990,  0.98,  1, 0.00, 0.00, 0.20, 0.00, 1.30, 2.10, 0.00, 0.38, 1.09, 0.48, 0.04, 0.52, 0.17, 0.52, 0.03, 0.39, 0.00, 0.00, 0.00, 0.00, 1.00, 0.00, 1.00, 0.00, 0.00, 0.00, 0.00, 0.00, 0.00, 0.00, 0.00, 0.00, 0.00, 0.00, 0.00
210,  0,  7.023,  0.98,  1, 0.00, 0.00, 0.25, 0.00, 1.31, 2.12, 0.00, 0.39, 1.07, 0.61, 0.00, 0.39, 0.29, 0.46, 0.09, 0.57, 0.00, 0.00, 0.00, 0.00, 1.00, 0.00, 1.00, 0.00, 0.00, 0.00, 0.00, 0.00, 0.00, 0.00, 0.00, 0.00, 0.00, 0.00, 0.00
211,  0,  7.057,  0.98,  1, 0.00, 0.00, 0.29, 0.00, 1.30, 2.15, 0.00, 0.32, 1.08, 0.61, 0.00, 0.23, 0.41, 0.45, 0.18, 0.63, 0.00, 0.00, 0.00, 0.00, 1.00, 0.00, 1.00, 0.00, 0.00, 0.00, 0.00, 0.00, 0.00, 0.00, 0.00, 0.00, 0.00, 0.00, 0.00
212,  0,  7.090,  0.98,  1, 0.00, 0.00, 0.21, 0.00, 1.33, 2.22, 0.00, 0.41, 1.09, 0.68, 0.00, 0.19, 0.50, 0.48, 0.28, 0.55, 0.00, 0.00, 0.00, 0.00, 1.00, 0.00, 1.00, 0.00, 0.00, 0.00, 0.00, 0.00, 0.00, 0.00, 0.00, 0.00, 0.00, 0.00, 0.00
213,  0,  7.124,  0.98,  1, 0.00, 0.00, 0.16, 0.00, 1.35, 2.36, 0.00, 0.34, 1.11, 0.65, 0.01, 0.19, 0.43, 0.52, 0.20, 0.49, 0.00, 0.00, 0.00, 0.00, 1.00, 0.00, 1.00, 0.00, 0.00, 0.00, 0.00, 0.00, 0.00, 0.00, 0.00, 0.00, 0.00, 0.00, 0.00
214,  0,  7.158,  0.98,  1, 0.00, 0.00, 0.16, 0.00, 1.36, 2.26, 0.00, 0.40, 1.13, 0.62, 0.01, 0.14, 0.46, 0.49, 0.11, 0.54, 0.00, 0.00, 0.00, 0.00, 1.00, 0.00, 1.00, 0.00, 0.00, 0.00, 0.00, 0.00, 0.00, 0.00, 0.00, 0.00, 0.00, 0.00, 0.00
215,  0,  7.191,  0.98,  1, 0.00, 0.00, 0.21, 0.00, 1.34, 2.33, 0.00, 0.28, 1.08, 0.53, 0.01, 0.09, 0.44, 0.47, 0.00, 0.61, 0.00, 0.00, 0.00, 0.00, 1.00, 0.00, 1.00, 0.00, 0.00, 0.00, 0.00, 0.00, 0.00, 0.00, 0.00, 0.00, 0.00, 0.00, 0.00
216,  0,  7.225,  0.98,  1, 0.00, 0.00, 0.24, 0.00, 1.33, 2.26, 0.00, 0.28, 1.10, 0.49, 0.00, 0.14, 0.38, 0.49, 0.00, 0.66, 0.00, 0.00, 0.00, 0.00, 1.00, 0.00, 1.00, 0.00, 0.00, 0.00, 0.00, 0.00, 0.00, 0.00, 0.00, 0.00, 0.00, 0.00, 0.00
217,  0,  7.258,  0.98,  1, 0.00, 0.00, 0.23, 0.00, 1.31, 2.62, 0.00, 0.15, 1.06, 0.52, 0.00, 0.20, 0.30, 0.49, 0.00, 0.66, 0.00, 0.00, 0.00, 0.00, 1.00, 0.00, 1.00, 0.00, 0.00, 0.00, 0.00, 0.00, 0.00, 0.00, 0.00, 0.00, 0.00, 0.00, 0.00
218,  0,  7.292,  0.98,  1, 0.27, 0.00, 0.26, 0.00, 1.19, 2.71, 0.00, 0.11, 1.18, 0.52, 0.00, 0.24, 0.46, 0.32, 0.00, 0.61, 0.00, 0.00, 0.00, 0.00, 1.00, 0.00, 1.00, 0.00, 0.00, 0.00, 0.00, 0.00, 0.00, 0.00, 0.00, 0.00, 0.00, 0.00, 0.00
219,  0,  7.326,  0.98,  1, 0.78, 0.20, 0.28, 0.00, 1.02, 2.88, 0.00, 0.13, 1.25, 0.62, 0.00, 0.36, 0.65, 0.13, 0.00, 0.42, 0.32, 0.00, 0.00, 0.00, 1.00, 0.00, 1.00, 0.00, 0.00, 0.00, 0.00, 0.00, 0.00, 0.00, 0.00, 0.00, 0.00, 0.00, 0.00
220,  0,  7.359,  0.98,  1, 1.17, 0.20, 0.33, 0.00, 0.92, 2.73, 0.00, 0.16, 1.39, 0.78, 0.00, 0.57, 0.70, 0.00, 0.00, 0.37, 0.77, 0.00, 0.00, 0.00, 1.00, 0.00, 1.00, 0.00, 0.00, 0.00, 0.00, 0.00, 0.00, 0.00, 0.00, 0.00, 0.00, 0.00, 1.00
221,  0,  7.393,  0.98,  1, 1.13, 0.20, 0.31, 0.00, 0.97, 2.50, 0.00, 0.15, 1.27, 0.86, 0.00, 0.77, 0.60, 0.04, 0.02, 0.25, 0.92, 0.00, 0.00, 0.00, 1.00, 0.00, 1.00, 0.00, 0.00, 0.00, 0.00, 0.00, 0.00, 0.00, 0.00, 0.00, 0.00, 0.00, 1.00
222,  0,  7.426,  0.98,  1, 0.78, 0.01, 0.33, 0.00, 1.11, 2.45, 0.00, 0.18, 1.16, 0.77, 0.00, 0.86, 0.38, 0.07, 0.06, 0.29, 0.65, 0.00, 0.00, 0.00, 1.00, 0.00, 1.00, 0.00, 0.00, 0.00, 0.00, 0.00, 0.00, 0.00, 0.00, 0.00, 0.00, 0.00, 1.00
223,  0,  7.460,  0.98,  1, 0.45, 0.01, 0.26, 0.00, 1.20, 2.67, 0.00, 0.23, 1.14, 0.74, 0.02, 0.71, 0.35, 0.07, 0.06, 0.23, 0.20, 0.00, 0.00, 0.00, 0.00, 0.00, 1.00, 0.00, 0.00, 0.00, 1.00, 0.00, 0.00, 0.00, 0.00, 0.00, 0.00, 0.00, 1.00
224,  0,  7.494,  0.98,  1, 0.30, 0.01, 0.30, 0.00, 1.31, 3.07, 0.00, 0.30, 1.24, 0.76, 0.02, 0.62, 0.25, 0.03, 0.04, 0.27, 0.04, 0.00, 0.00, 0.00, 0.00, 0.00, 1.00, 0.00, 0.00, 0.00, 1.00, 0.00, 0.00, 0.00, 0.00, 0.00, 0.00, 0.00, 1.00
225,  0,  7.527,  0.98,  1, 0.18, 0.00, 0.34, 0.00, 1.37, 3.09, 0.00, 0.32, 1.29, 0.81, 0.02, 0.48, 0.28, 0.03, 0.00, 0.34, 0.00, 0.00, 0.00, 0.00, 0.00, 0.00, 1.00, 0.00, 0.00, 0.00, 1.00, 0.00, 0.00, 0.00, 0.00, 0.00, 0.00, 0.00, 0.00
226,  0,  7.561,  0.98,  1, 0.16, 0.00, 0.49, 0.00, 1.36, 3.04, 0.00, 0.33, 1.23, 0.74, 0.07, 0.56, 0.23, 0.08, 0.00, 0.38, 0.00, 0.00, 0.00, 0.00, 0.00, 0.00, 1.00, 0.00, 0.00, 0.00, 1.00, 0.00, 0.00, 0.00, 0.00, 0.00, 0.00, 0.00, 0.00
227,  0,  7.594,  0.98,  1, 0.09, 0.00, 0.54, 0.00, 1.40, 2.87, 0.00, 0.36, 1.19, 0.67, 0.16, 0.54, 0.15, 0.14, 0.02, 0.62, 0.00, 0.00, 0.00, 0.00, 0.00, 0.00, 1.00, 0.00, 0.00, 0.00, 1.00, 0.00, 0.00, 0.00, 0.00, 0.00, 0.00, 0.00, 0.00
228,  0,  7.628,  0.98,  1, 0.04, 0.00, 0.59, 0.00, 1.44, 3.06, 0.00, 0.40, 1.20, 0.60, 0.20, 0.55, 0.19, 0.17, 0.02, 0.69, 0.00, 0.00, 0.00, 0.00, 0.00, 0.00, 1.00, 0.00, 0.00, 0.00, 0.00, 0.00, 0.00, 0.00, 0.00, 0.00, 0.00, 0.00, 0.00
229,  0,  7.662,  0.98,  1, 0.00, 0.00, 0.45, 0.00, 1.46, 3.08, 0.00, 0.34, 1.19, 0.46, 0.20, 0.39, 0.26, 0.18, 0.05, 0.75, 0.00, 0.00, 0.00, 0.00, 0.00, 0.00, 1.00, 0.00, 0.00, 0.00, 0.00, 0.00, 0.00, 0.00, 0.00, 0.00, 0.00, 0.00, 0.00
230,  0,  7.695,  0.98,  1, 0.00, 0.00, 0.37, 0.00, 1.41, 3.14, 0.00, 0.27, 1.20, 0.41, 0.20, 0.38, 0.31, 0.18, 0.03, 0.65, 0.00, 0.00, 0.00, 0.00, 1.00, 0.00, 1.00, 0.00, 0.00, 0.00, 0.00, 0.00, 0.00, 0.00, 0.00, 0.00, 0.00, 0.00, 0.00
231,  0,  7.729,  0.98,  1, 0.00, 0.00, 0.32, 0.00, 1.42, 3.13, 0.00, 0.30, 1.19, 0.40, 0.28, 0.39, 0.24, 0.18, 0.03, 0.70, 0.00, 0.00, 0.00, 0.00, 1.00, 0.00, 1.00, 0.00, 0.00, 0.00, 0.00, 0.00, 0.00, 0.00, 0.00, 0.00, 0.00, 0.00, 0.00
232,  0,  7.763,  0.98,  1, 0.00, 0.00, 0.36, 0.00, 1.41, 2.90, 0.00, 0.40, 1.19, 0.63, 0.27, 0.50, 0.17, 0.21, 0.00, 0.78, 0.00, 0.00, 0.00, 0.00, 1.00, 0.00, 1.00, 0.00, 0.00, 0.00, 0.00, 0.00, 0.00, 0.00, 0.00, 0.00, 0.00, 0.00, 0.00
233,  0,  7.796,  0.98,  1, 0.00, 0.00, 0.34, 0.00, 1.40, 2.78, 0.00, 0.53, 1.18, 0.75, 0.18, 0.47, 0.18, 0.27, 0.00, 0.94, 0.00, 0.00, 0.00, 0.00, 1.00, 0.00, 1.00, 0.00, 0.00, 0.00, 0.00, 0.00, 0.00, 0.00, 0.00, 0.00, 0.00, 0.00, 0.00
234,  0,  7.830,  0.98,  1, 0.00, 0.00, 0.34, 0.00, 1.38, 2.56, 0.00, 0.38, 1.16, 0.86, 0.10, 0.51, 0.14, 0.31, 0.00, 0.85, 0.00, 0.00, 0.00, 0.00, 1.00, 0.00, 1.00, 0.00, 0.00, 0.00, 0.00, 0.00, 0.00, 0.00, 0.00, 0.00, 0.00, 0.00, 0.00
235,  0,  7.863,  0.98,  1, 0.00, 0.00, 0.29, 0.00, 1.35, 2.52, 0.00, 0.29, 1.12, 0.68, 0.10, 0.42, 0.22, 0.28, 0.00, 0.73, 0.00, 0.00, 0.00, 0.00, 1.00, 0.00, 1.00, 0.00, 0.00, 0.00, 0.00, 0.00, 0.00, 0.00, 0.00, 0.00, 0.00, 0.00, 0.00
236,  0,  7.897,  0.98,  1, 0.00, 0.00, 0.42, 0.00, 1.33, 2.61, 0.00, 0.23, 1.07, 0.59, 0.10, 0.41, 0.14, 0.24, 0.00, 0.65, 0.00, 0.00, 0.00, 0.00, 0.00, 0.00, 1.00, 0.00, 0.00, 0.00, 0.00, 0.00, 0.00, 0.00, 0.00, 0.00, 0.00, 0.00, 0.00
237,  0,  7.931,  0.98,  1, 0.00, 0.00, 0.44, 0.00, 1.31, 2.66, 0.00, 0.30, 1.08, 0.44, 0.06, 0.31, 0.14, 0.23, 0.00, 0.69, 0.00, 0.00, 0.00, 0.00, 0.00, 0.00, 1.00, 0.00, 0.00, 0.00, 0.00, 0.00, 0.00, 0.00, 0.00, 0.00, 0.00, 0.00, 0.00
238,  0,  7.964,  0.98,  1, 0.00, 0.00, 0.41, 0.00, 1.27, 2.67, 0.00, 0.21, 1.09, 0.47, 0.11, 0.32, 0.10, 0.29, 0.00, 0.70, 0.00, 0.00, 0.00, 0.00, 0.00, 0.00, 1.00, 0.00, 0.00, 0.00, 0.00, 0.00, 0.00, 0.00, 0.00, 0.00, 0.00, 0.00, 0.00
239,  0,  7.998,  0.98,  1, 0.00, 0.00, 0.37, 0.00, 1.24, 2.64, 0.00, 0.14, 1.12, 0.53, 0.11, 0.36, 0.21, 0.36, 0.00, 0.65, 0.00, 0.00, 0.00, 0.00, 0.00, 0.00, 1.00, 0.00, 0.00, 0.00, 0.00, 0.00, 0.00, 0.00, 0.00, 0.00, 0.00, 0.00, 0.00
240,  0,  8.031,  0.98,  1, 0.00, 0.00, 0.39, 0.00, 1.19, 2.63, 0.00, 0.14, 1.13, 0.51, 0.12, 0.34, 0.23, 0.38, 0.00, 0.60, 0.00, 0.00, 0.00, 0.00, 0.00, 0.00, 1.00, 0.00, 0.00, 0.00, 0.00, 0.00, 0.00, 0.00, 0.00, 0.00, 0.00, 0.00, 0.00
241,  0,  8.065,  0.98,  1, 0.00, 0.00, 0.44, 0.00, 1.23, 2.81, 0.00, 0.28, 1.13, 0.47, 0.03, 0.29, 0.17, 0.33, 0.00, 0.62, 0.00, 0.00, 0.00, 0.00, 0.00, 0.00, 1.00, 0.00, 0.00, 0.00, 0.00, 0.00, 0.00, 0.00, 0.00, 0.00, 0.00, 0.00, 0.00
242,  0,  8.099,  0.98,  1, 0.00, 0.00, 0.45, 0.00, 1.24, 2.61, 0.00, 0.32, 1.12, 0.41, 0.06, 0.25, 0.06, 0.28, 0.01, 0.71, 0.00, 0.00, 0.00, 0.00, 0.00, 0.00, 1.00, 0.00, 0.00, 0.00, 0.00, 0.00, 0.00, 0.00, 0.00, 0.00, 0.00, 0.00, 0.00
243,  0,  8.132,  0.98,  1, 0.00, 0.00, 0.41, 0.00, 1.26, 2.46, 0.00, 0.32, 1.11, 0.53, 0.05, 0.24, 0.14, 0.22, 0.01, 0.76, 0.00, 0.00, 0.00, 0.00, 1.00, 0.00, 1.00, 0.00, 0.00, 0.00, 0.00, 0.00, 0.00, 0.00, 0.00, 0.00, 0.00, 0.00, 0.00
244,  0,  8.166,  0.98,  1, 0.00, 0.00, 0.48, 0.00, 1.25, 2.39, 0.00, 0.18, 1.10, 0.54, 0.04, 0.30, 0.15, 0.25, 0.01, 0.78, 0.00, 0.00, 0.00, 0.00, 1.00, 0.00, 1.00, 0.00, 0.00, 0.00, 0.00, 0.00, 0.00, 0.00, 0.00, 0.00, 0.00, 0.00, 0.00
245,  0,  8.199,  0.98,  1, 0.00, 0.00, 0.52, 0.00, 1.26, 2.40, 0.00, 0.09, 1.13, 0.41, 0.00, 0.22, 0.15, 0.19, 0.00, 0.72, 0.00, 0.00, 0.00, 0.00, 1.00, 0.00, 1.00, 0.00, 0.00, 0.00, 0.00, 0.00, 0.00, 0.00, 0.00, 0.00, 0.00, 0.00, 0.00
246,  0,  8.233,  0.98,  1, 0.00, 0.00, 0.59, 0.00, 1.21, 2.42, 0.00, 0.04, 1.08, 0.19, 0.00, 0.21, 0.04, 0.21, 0.00, 0.65, 0.00, 0.00, 0.00, 0.00, 0.00, 0.00, 1.00, 0.00, 0.00, 0.00, 0.00, 0.00, 0.00, 0.00, 0.00, 0.00, 0.00, 0.00, 0.00
247,  0,  8.267,  0.98,  1, 0.00, 0.00, 0.68, 0.00, 1.21, 2.24, 0.00, 0.06, 1.11, 0.14, 0.00, 0.17, 0.00, 0.17, 0.00, 0.66, 0.00, 0.00, 0.00, 0.00, 0.00, 0.00, 1.00, 0.00, 0.00, 0.00, 0.00, 0.00, 0.00, 0.00, 0.00, 0.00, 0.00, 0.00, 0.00
248,  0,  8.300,  0.98,  1, 0.00, 0.00, 0.74, 0.00, 1.23, 2.30, 0.00, 0.16, 1.16, 0.21, 0.00, 0.27, 0.00, 0.23, 0.00, 0.75, 0.00, 0.00, 0.00, 0.00, 0.00, 0.00, 1.00, 0.00, 0.00, 0.00, 0.00, 0.00, 0.00, 0.00, 0.00, 0.00, 0.00, 0.00, 0.00
249,  0,  8.334,  0.98,  1, 0.00, 0.00, 0.68, 0.00, 1.26, 2.39, 0.00, 0.12, 1.17, 0.44, 0.00, 0.38, 0.00, 0.23, 0.00, 0.86, 0.00, 0.00, 0.00, 0.00, 0.00, 0.00, 1.00, 0.00, 0.00, 0.00, 0.00, 0.00, 0.00, 0.00, 0.00, 0.00, 0.00, 0.00, 0.00
250,  0,  8.367,  0.98,  1, 0.04, 0.00, 0.55, 0.00, 1.16, 2.29, 0.00, 0.18, 1.14, 0.45, 0.00, 0.50, 0.00, 0.35, 0.00, 0.72, 0.00, 0.00, 0.00, 0.00, 0.00, 0.00, 1.00, 0.00, 0.00, 0.00, 0.00, 0.00, 0.00, 0.00, 0.00, 0.00, 0.00, 0.00, 0.00
251,  0,  8.401,  0.98,  1, 0.19, 0.00, 0.69, 0.00, 1.11, 2.33, 0.00, 0.18, 1.11, 0.49, 0.00, 0.61, 0.06, 0.40, 0.00, 0.66, 0.00, 0.00, 0.00, 0.00, 0.00, 0.00, 1.00, 0.00, 0.00, 0.00, 0.00, 0.00, 0.00, 0.00, 0.00, 0.00, 0.00, 0.00, 0.00
252,  0,  8.435,  0.98,  1, 0.28, 0.00, 0.84, 0.00, 1.11, 2.34, 0.00, 0.33, 1.12, 0.43, 0.10, 0.63, 0.18, 0.47, 0.00, 0.67, 0.00, 0.00, 0.00, 0.00, 0.00, 0.00, 1.00, 0.00, 0.00, 0.00, 0.00, 0.00, 0.00, 0.00, 0.00, 0.00, 0.00, 0.00, 0.00
253,  0,  8.468,  0.98,  1, 0.25, 0.00, 0.92, 0.00, 1.12, 2.43, 0.00, 0.36, 1.10, 0.56, 0.10, 0.62, 0.29, 0.40, 0.00, 0.82, 0.00, 0.00, 0.00, 0.00, 0.00, 0.00, 1.00, 0.00, 0.00, 0.00, 0.00, 0.00, 0.00, 0.00, 0.00, 0.00, 0.00, 0.00, 0.00
254,  0,  8.502,  0.98,  1, 0.10, 0.00, 0.83, 0.00, 1.16, 2.29, 0.00, 0.40, 1.06, 0.75, 0.11, 0.53, 0.28, 0.30, 0.00, 0.77, 0.00, 0.00, 0.00, 0.00, 0.00, 0.00, 1.00, 0.00, 0.00, 0.00, 0.00, 0.00, 0.00, 0.00, 0.00, 0.00, 0.00, 0.00, 0.00
255,  0,  8.535,  0.98,  1, 0.00, 0.00, 0.80, 0.00, 1.19, 2.24, 0.00, 0.40, 1.07, 0.74, 0.01, 0.48, 0.17, 0.19, 0.00, 0.79, 0.00, 0.00, 0.00, 0.00, 0.00, 0.00, 1.00, 0.00, 0.00, 0.00, 1.00, 0.00, 0.00, 0.00, 0.00, 0.00, 0.00, 0.00, 0.00
256,  0,  8.569,  0.98,  1, 0.00, 0.00, 0.91, 0.00, 1.26, 2.49, 0.00, 0.37, 1.09, 0.88, 0.01, 0.46, 0.09, 0.16, 0.00, 0.81, 0.00, 0.00, 0.00, 0.00, 0.00, 0.00, 1.00, 0.00, 0.00, 0.00, 1.00, 0.00, 0.00, 0.00, 0.00, 0.00, 0.00, 0.00, 0.00
257,  0,  8.603,  0.98,  1, 0.00, 0.00, 0.92, 0.00, 1.23, 2.76, 0.00, 0.34, 1.14, 0.75, 0.00, 0.40, 0.11, 0.13, 0.03, 0.81, 0.00, 0.00, 0.00, 0.00, 0.00, 0.00, 1.00, 0.00, 0.00, 0.00, 1.00, 0.00, 0.00, 0.00, 0.00, 0.00, 0.00, 0.00, 0.00
258,  0,  8.636,  0.98,  1, 0.00, 0.00, 0.90, 0.00, 1.25, 2.70, 0.00, 0.28, 1.15, 0.84, 0.00, 0.33, 0.17, 0.16, 0.04, 0.51, 0.00, 0.00, 0.00, 0.00, 0.00, 0.00, 1.00, 0.00, 0.00, 0.00, 1.00, 0.00, 0.00, 0.00, 0.00, 0.00, 0.00, 0.00, 0.00
259,  0,  8.670,  0.98,  1, 0.00, 0.00, 0.86, 0.00, 1.25, 2.62, 0.00, 0.28, 1.14, 0.71, 0.00, 0.30, 0.16, 0.16, 0.04, 0.45, 0.00, 0.00, 0.00, 0.00, 0.00, 0.00, 1.00, 0.00, 0.00, 0.00, 1.00, 0.00, 0.00, 0.00, 0.00, 0.00, 0.00, 0.00, 0.00
260,  0,  8.703,  0.98,  1, 0.00, 0.00, 0.79, 0.00, 1.24, 2.44, 0.00, 0.30, 1.11, 0.74, 0.00, 0.36, 0.18, 0.21, 0.01, 0.46, 0.00, 0.00, 0.00, 0.00, 0.00, 0.00, 1.00, 0.00, 0.00, 0.00, 1.00, 0.00, 0.00, 0.00, 0.00, 0.00, 0.00, 0.00, 0.00
261,  0,  8.737,  0.98,  1, 0.00, 0.00, 0.74, 0.00, 1.16, 2.48, 0.00, 0.28, 1.15, 0.79, 0.00, 0.39, 0.10, 0.14, 0.00, 0.51, 0.00, 0.00, 0.00, 0.00, 0.00, 0.00, 1.00, 0.00, 0.00, 0.00, 0.00, 0.00, 0.00, 0.00, 0.00, 0.00, 0.00, 0.00, 0.00
262,  0,  8.771,  0.98,  1, 0.00, 0.00, 0.67, 0.00, 1.11, 2.36, 0.00, 0.32, 1.19, 0.85, 0.00, 0.42, 0.15, 0.13, 0.00, 0.45, 0.00, 0.00, 0.00, 0.00, 0.00, 0.00, 1.00, 0.00, 0.00, 0.00, 0.00, 0.00, 0.00, 0.00, 0.00, 0.00, 0.00, 0.00, 0.00
263,  0,  8.804,  0.98,  1, 0.00, 0.00, 0.66, 0.00, 1.12, 2.33, 0.00, 0.38, 1.18, 0.85, 0.00, 0.37, 0.22, 0.14, 0.00, 0.30, 0.00, 0.00, 0.00, 0.00, 0.00, 0.00, 1.00, 0.00, 0.00, 0.00, 0.00, 0.00, 0.00, 0.00, 0.00, 0.00, 0.00, 0.00, 0.00
264,  0,  8.838,  0.98,  1, 0.00, 0.00, 0.64, 0.00, 1.12, 2.41, 0.00, 0.36, 1.15, 0.79, 0.00, 0.32, 0.34, 0.19, 0.00, 0.46, 0.00, 0.00, 0.00, 0.00, 0.00, 0.00, 1.00, 0.00, 0.00, 0.00, 0.00, 0.00, 0.00, 0.00, 0.00, 0.00, 0.00, 0.00, 0.00
265,  0,  8.871,  0.98,  1, 0.03, 0.00, 0.68, 0.00, 1.18, 2.64, 0.00, 0.40, 1.17, 0.82, 0.00, 0.30, 0.28, 0.19, 0.00, 0.63, 0.00, 0.00, 0.00, 0.00, 0.00, 0.00, 1.00, 0.00, 0.00, 0.00, 0.00, 0.00, 0.00, 0.00, 0.00, 0.00, 0.00, 0.00, 0.00
266,  0,  8.905,  0.98,  1, 0.04, 0.00, 0.78, 0.00, 1.24, 2.75, 0.00, 0.45, 1.22, 0.85, 0.00, 0.41, 0.22, 0.17, 0.00, 0.75, 0.00, 0.00, 0.00, 0.00, 0.00, 0.00, 1.00, 0.00, 0.00, 0.00, 0.00, 0.00, 0.00, 0.00, 0.00, 0.00, 0.00, 0.00, 0.00
267,  0,  8.939,  0.98,  1, 0.04, 0.00, 0.76, 0.00, 1.36, 2.64, 0.00, 0.52, 1.21, 0.96, 0.00, 0.44, 0.10, 0.18, 0.00, 0.56, 0.00, 0.00, 0.00, 0.00, 0.00, 0.00, 1.00, 0.00, 0.00, 0.00, 1.00, 0.00, 0.00, 0.00, 0.00, 0.00, 0.00, 0.00, 0.00
268,  0,  8.972,  0.98,  1, 0.01, 0.00, 0.70, 0.00, 1.40, 2.47, 0.00, 0.52, 1.19, 0.89, 0.00, 0.50, 0.10, 0.17, 0.00, 0.38, 0.00, 0.00, 0.00, 0.00, 0.00, 0.00, 1.00, 0.00, 0.00, 0.00, 1.00, 0.00, 0.00, 0.00, 0.00, 0.00, 0.00, 0.00, 0.00
269,  0,  9.006,  0.98,  1, 0.00, 0.00, 0.61, 0.00, 1.39, 2.35, 0.00, 0.34, 1.14, 0.94, 0.00, 0.47, 0.00, 0.16, 0.00, 0.31, 0.00, 0.00, 0.00, 0.00, 0.00, 0.00, 1.00, 0.00, 0.00, 0.00, 1.00, 0.00, 0.00, 0.00, 0.00, 0.00, 0.00, 0.00, 0.00
270,  0,  9.039,  0.98,  1, 0.06, 0.00, 0.69, 0.00, 1.36, 2.48, 0.00, 0.30, 1.12, 0.76, 0.00, 0.48, 0.00, 0.13, 0.00, 0.40, 0.00, 0.00, 0.00, 0.00, 0.00, 0.00, 1.00, 0.00, 0.00, 0.00, 1.00, 0.00, 0.00, 0.00, 0.00, 0.00, 0.00, 0.00, 0.00
271,  0,  9.073,  0.98,  1, 0.15, 0.00, 0.70, 0.00, 1.40, 2.56, 0.00, 0.22, 1.05, 0.82, 0.00, 0.48, 0.11, 0.08, 0.00, 0.41, 0.00, 0.00, 0.00, 0.00, 0.00, 0.00, 1.00, 0.00, 0.00, 0.00, 1.00, 0.00, 0.00, 0.00, 0.00, 0.00, 0.00, 0.00, 0.00
272,  0,  9.107,  0.98,  1, 0.15, 0.00, 0.71, 0.00, 1.38, 2.66, 0.00, 0.26, 1.06, 0.73, 0.00, 0.52, 0.19, 0.09, 0.00, 0.45, 0.00, 0.00, 0.00, 0.00, 0.00, 0.00, 1.00, 0.00, 0.00, 0.00, 0.00, 0.00, 0.00, 0.00, 0.00, 0.00, 0.00, 0.00, 0.00
273,  0,  9.140,  0.98,  1, 0.14, 0.00, 0.69, 0.00, 1.41, 2.57, 0.00, 0.37, 1.10, 0.80, 0.00, 0.56, 0.32, 0.14, 0.00, 0.37, 0.00, 0.00, 0.00, 0.00, 1.00, 0.00, 1.00, 0.00, 0.00, 0.00, 0.00, 0.00, 0.00, 0.00, 0.00, 0.00, 0.00, 0.00, 0.00
274,  0,  9.174,  0.98,  1, 0.05, 0.00, 0.70, 0.00, 1.38, 2.41, 0.00, 0.43, 1.15, 0.72, 0.00, 0.53, 0.29, 0.31, 0.00, 0.39, 0.00, 0.00, 0.00, 0.00, 1.00, 0.00, 1.00, 0.00, 0.00, 0.00, 0.00, 0.00, 0.00, 0.00, 0.00, 0.00, 0.00, 0.00, 0.00
275,  0,  9.207,  0.98,  1, 0.05, 0.00, 0.69, 0.00, 1.38, 2.31, 0.00, 0.45, 1.13, 0.73, 0.05, 0.50, 0.28, 0.44, 0.00, 0.31, 0.00, 0.00, 0.00, 0.00, 1.00, 0.00, 1.00, 0.00, 0.00, 0.00, 0.00, 0.00, 0.00, 0.00, 0.00, 0.00, 0.00, 0.00, 0.00
276,  0,  9.241,  0.98,  1, 0.00, 0.00, 0.72, 0.00, 1.32, 2.53, 0.00, 0.30, 1.11, 0.67, 0.09, 0.62, 0.21, 0.60, 0.00, 0.31, 0.00, 0.00, 0.00, 0.00, 1.00, 0.00, 1.00, 0.00, 0.00, 0.00, 0.00, 0.00, 0.00, 0.00, 0.00, 0.00, 0.00, 0.00, 0.00
277,  0,  9.275,  0.98,  1, 0.00, 0.00, 0.87, 0.00, 1.29, 2.53, 0.00, 0.27, 1.04, 0.77, 0.09, 0.68, 0.18, 0.71, 0.00, 0.13, 0.00, 0.00, 0.00, 0.00, 1.00, 0.00, 1.00, 0.00, 0.00, 0.00, 0.00, 0.00, 0.00, 0.00, 0.00, 0.00, 0.00, 0.00, 0.00
278,  0,  9.308,  0.98,  1, 0.02, 0.00, 0.92, 0.00, 1.27, 2.58, 0.00, 0.38, 0.97, 0.86, 0.04, 0.64, 0.12, 0.71, 0.00, 0.08, 0.00, 0.00, 0.00, 0.00, 1.00, 0.00, 1.00, 0.00, 0.00, 0.00, 0.00, 0.00, 0.00, 0.00, 0.00, 0.00, 0.00, 0.00, 0.00
279,  0,  9.342,  0.98,  1, 0.09, 0.00, 0.87, 0.00, 1.26, 2.50, 0.00, 0.47, 0.91, 0.97, 0.00, 0.43, 0.15, 0.63, 0.00, 0.09, 0.00, 0.00, 0.00, 0.00, 1.00, 0.00, 1.00, 0.00, 0.00, 0.00, 0.00, 0.00, 0.00, 0.00, 0.00, 0.00, 0.00, 0.00, 0.00
280,  0,  9.376,  0.98,  1, 0.23, 0.02, 0.81, 0.00, 1.28, 2.85, 0.00, 0.47, 0.98, 0.87, 0.00, 0.32, 0.15, 0.50, 0.00, 0.20, 0.00, 0.00, 0.00, 0.00, 1.00, 0.00, 1.00, 0.00, 0.00, 0.00, 0.00, 0.00, 0.00, 0.00, 0.00, 0.00, 0.00, 0.00, 0.00
281,  0,  9.409,  0.98,  1, 0.37, 0.02, 0.62, 0.00, 1.37, 2.91, 0.00, 0.46, 1.07, 0.77, 0.00, 0.27, 0.19, 0.47, 0.00, 0.18, 0.00, 0.00, 0.00, 0.00, 1.00, 0.00, 1.00, 0.00, 0.00, 0.00, 0.00, 0.00, 0.00, 0.00, 0.00, 0.00, 0.00, 0.00, 0.00
282,  0,  9.443,  0.98,  1, 0.29, 0.02, 0.50, 0.00, 1.45, 2.59, 0.00, 0.45, 1.14, 0.75, 0.00, 0.41, 0.11, 0.43, 0.00, 0.19, 0.00, 0.00, 0.00, 0.00, 1.00, 0.00, 1.00, 0.00, 0.00, 0.00, 0.00, 0.00, 0.00, 0.00, 0.00, 0.00, 0.00, 0.00, 0.00
283,  0,  9.476,  0.98,  1, 0.18, 0.00, 0.39, 0.00, 1.45, 2.17, 0.00, 0.48, 1.11, 0.80, 0.00, 0.45, 0.06, 0.53, 0.00, 0.26, 0.00, 0.00, 0.00, 0.00, 1.00, 0.00, 1.00, 0.00, 0.00, 0.00, 0.00, 0.00, 0.00, 0.00, 0.00, 0.00, 0.00, 0.00, 0.00
284,  0,  9.510,  0.98,  1, 0.02, 0.00, 0.29, 0.00, 1.35, 2.14, 0.00, 0.30, 1.13, 0.79, 0.00, 0.53, 0.00, 0.67, 0.00, 0.33, 0.00, 0.00, 0.00, 0.00, 1.00, 0.00, 1.00, 0.00, 0.00, 0.00, 0.00, 0.00, 0.00, 0.00, 0.00, 0.00, 0.00, 0.00, 0.00
285,  0,  9.544,  0.98,  1, 0.02, 0.00, 0.16, 0.00, 1.22, 2.33, 0.01, 0.25, 1.14, 0.68, 0.00, 0.42, 0.00, 0.83, 0.00, 0.44, 0.00, 0.00, 0.00, 0.00, 1.00, 0.00, 1.00, 0.00, 0.00, 0.00, 0.00, 0.00, 0.00, 0.00, 0.00, 0.00, 0.00, 0.00, 0.00
286,  0,  9.577,  0.98,  1, 0.00, 0.00, 0.04, 0.00, 1.21, 2.50, 0.01, 0.23, 1.22, 0.59, 0.00, 0.38, 0.00, 0.90, 0.02, 0.35, 0.00, 0.00, 0.00, 0.00, 1.00, 0.00, 1.00, 0.00, 0.00, 0.00, 0.00, 0.00, 0.00, 0.00, 0.00, 0.00, 0.00, 0.00, 0.00
287,  0,  9.611,  0.98,  1, 0.00, 0.00, 0.04, 0.00, 1.20, 2.39, 0.04, 0.19, 1.26, 0.51, 0.00, 0.30, 0.00, 0.93, 0.02, 0.39, 0.00, 0.00, 0.00, 0.00, 1.00, 0.00, 1.00, 0.00, 0.00, 0.00, 0.00, 0.00, 0.00, 0.00, 0.00, 0.00, 0.00, 0.00, 0.00
288,  0,  9.644,  0.98,  1, 0.00, 0.00, 0.04, 0.00, 1.27, 2.25, 0.03, 0.12, 1.31, 0.44, 0.00, 0.27, 0.00, 1.01, 0.07, 0.29, 0.00, 0.00, 0.00, 0.00, 1.00, 0.00, 1.00, 0.00, 0.00, 0.00, 0.00, 0.00, 0.00, 0.00, 0.00, 0.00, 0.00, 0.00, 0.00
289,  0,  9.678,  0.98,  1, 0.00, 0.00, 0.00, 0.00, 1.15, 2.27, 0.03, 0.03, 1.31, 0.48, 0.00, 0.35, 0.00, 0.89, 0.04, 0.30, 0.09, 0.00, 0.00, 0.00, 1.00, 0.00, 1.00, 0.00, 0.00, 0.00, 0.00, 0.00, 0.00, 0.00, 0.00, 0.00, 0.00, 0.00, 0.00
290,  0,  9.712,  0.98,  1, 0.04, 0.00, 0.00, 0.00, 1.01, 2.36, 0.00, 0.03, 1.27, 0.52, 0.00, 0.52, 0.00, 0.73, 0.04, 0.18, 0.33, 0.00, 0.00, 0.00, 1.00, 0.00, 1.00, 0.00, 0.00, 0.00, 0.00, 0.00, 0.00, 0.00, 0.00, 0.00, 0.00, 0.00, 0.00
291,  0,  9.745,  0.98,  1, 0.06, 0.00, 0.00, 0.00, 0.77, 2.36, 0.00, 0.04, 1.25, 0.52, 0.00, 0.71, 0.00, 0.42, 0.04, 0.19, 0.40, 0.00, 0.00, 0.00, 1.00, 0.00, 1.00, 0.00, 0.00, 0.00, 0.00, 0.00, 0.00, 0.00, 0.00, 0.00, 0.00, 0.00, 0.00
292,  0,  9.779,  0.98,  1, 0.06, 0.00, 0.00, 0.00, 0.69, 2.33, 0.00, 0.01, 1.14, 0.31, 0.00, 0.71, 0.00, 0.29, 0.11, 0.15, 0.31, 0.00, 0.00, 0.00, 1.00, 0.00, 1.00, 0.00, 0.00, 0.00, 0.00, 0.00, 0.00, 0.00, 0.00, 0.00, 0.00, 0.00, 0.00
293,  0,  9.812,  0.98,  1, 0.02, 0.00, 0.00, 0.00, 0.66, 2.24, 0.00, 0.06, 1.06, 0.12, 0.00, 0.56, 0.00, 0.27, 0.13, 0.24, 0.07, 0.00, 0.00, 0.00, 1.00, 0.00, 1.00, 0.00, 0.00, 0.00, 0.00, 0.00, 0.00, 0.00, 0.00, 0.00, 0.00, 0.00, 0.00
294,  0,  9.846,  0.98,  1, 0.00, 0.00, 0.00, 0.00, 0.71, 2.25, 0.00, 0.07, 0.96, 0.11, 0.00, 0.47, 0.00, 0.39, 0.23, 0.33, 0.00, 0.00, 0.00, 0.00, 1.00, 0.00, 1.00, 0.00, 0.00, 0.00, 0.00, 0.00, 0.00, 0.00, 0.00, 0.00, 0.00, 0.00, 0.00
295,  0,  9.880,  0.98,  1, 0.00, 0.00, 0.00, 0.00, 0.79, 2.27, 0.00, 0.17, 1.00, 0.11, 0.00, 0.57, 0.00, 0.46, 0.16, 0.29, 0.00, 0.00, 0.00, 0.00, 1.00, 0.00, 1.00, 0.00, 0.00, 0.00, 0.00, 0.00, 0.00, 0.00, 0.00, 0.00, 0.00, 0.00, 0.00
296,  0,  9.913,  0.98,  1, 0.00, 0.00, 0.00, 0.00, 0.79, 2.37, 0.00, 0.26, 0.97, 0.19, 0.00, 0.66, 0.00, 0.41, 0.16, 0.29, 0.00, 0.00, 0.00, 0.00, 1.00, 0.00, 1.00, 0.00, 0.00, 0.00, 0.00, 0.00, 0.00, 0.00, 0.00, 0.00, 0.00, 0.00, 0.00
297,  0,  9.947,  0.98,  1, 0.00, 0.00, 0.15, 0.00, 0.79, 2.51, 0.00, 0.38, 0.93, 0.20, 0.00, 0.50, 0.00, 0.27, 0.03, 0.14, 0.00, 0.00, 0.00, 0.00, 1.00, 0.00, 1.00, 0.00, 0.00, 0.00, 0.00, 0.00, 0.00, 0.00, 0.00, 0.00, 0.00, 0.00, 0.00
298,  0,  9.980,  0.98,  1, 0.00, 0.00, 0.25, 0.00, 0.76, 2.68, 0.00, 0.43, 0.89, 0.25, 0.00, 0.45, 0.17, 0.21, 0.03, 0.40, 0.00, 0.00, 0.00, 0.00, 1.00, 0.00, 1.00, 0.00, 0.00, 0.00, 0.00, 0.00, 0.00, 0.00, 0.00, 0.00, 0.00, 0.00, 0.00
299,  0,  10.014,  0.98,  1, 0.00, 0.00, 0.33, 0.00, 0.81, 2.57, 0.00, 0.39, 0.94, 0.20, 0.00, 0.32, 0.26, 0.16, 0.03, 0.39, 0.00, 0.00, 0.00, 0.00, 1.00, 0.00, 1.00, 0.00, 0.00, 0.00, 0.00, 0.00, 0.00, 0.00, 0.00, 0.00, 0.00, 0.00, 0.00
300,  0,  10.048,  0.98,  1, 0.00, 0.00, 0.24, 0.00, 0.85, 2.59, 0.00, 0.53, 1.02, 0.08, 0.00, 0.30, 0.26, 0.12, 0.27, 0.52, 0.00, 0.00, 0.00, 0.00, 1.00, 0.00, 1.00, 0.00, 0.00, 0.00, 0.00, 0.00, 0.00, 0.00, 0.00, 0.00, 0.00, 0.00, 0.00
301,  0,  10.081,  0.98,  1, 0.00, 0.00, 0.23, 0.00, 0.86, 2.56, 0.00, 0.65, 1.00, 0.04, 0.00, 0.05, 0.21, 0.05, 0.37, 0.44, 0.00, 0.00, 0.00, 0.00, 1.00, 0.00, 1.00, 0.00, 0.00, 0.00, 0.00, 0.00, 0.00, 0.00, 0.00, 0.00, 0.00, 0.00, 0.00
302,  0,  10.115,  0.98,  1, 0.00, 0.00, 0.31, 0.00, 0.91, 2.62, 0.00, 0.71, 1.05, 0.08, 0.00, 0.00, 0.22, 0.02, 0.42, 0.49, 0.00, 0.00, 0.00, 0.00, 1.00, 0.00, 1.00, 0.00, 0.00, 0.00, 0.00, 0.00, 0.00, 0.00, 0.00, 0.00, 0.00, 0.00, 0.00
303,  0,  10.148,  0.98,  1, 0.00, 0.00, 0.48, 0.00, 0.87, 2.58, 0.00, 0.44, 1.04, 0.24, 0.00, 0.00, 0.34, 0.00, 0.22, 0.33, 0.00, 0.00, 0.00, 0.00, 1.00, 0.00, 1.00, 0.00, 0.00, 0.00, 0.00, 0.00, 0.00, 0.00, 0.00, 0.00, 0.00, 0.00, 0.00
304,  0,  10.182,  0.98,  1, 0.00, 0.00, 0.47, 0.00, 0.83, 2.16, 0.00, 0.16, 1.04, 0.30, 0.00, 0.00, 0.40, 0.08, 0.26, 0.26, 0.00, 0.00, 0.00, 0.00, 1.00, 0.00, 1.00, 0.00, 0.00, 0.00, 0.00, 0.00, 0.00, 0.00, 0.00, 0.00, 0.00, 0.00, 0.00
305,  0,  10.216,  0.98,  1, 0.00, 0.00, 0.54, 0.00, 0.82, 2.10, 0.00, 0.00, 0.99, 0.34, 0.00, 0.00, 0.44, 0.10, 0.31, 0.13, 0.00, 0.00, 0.00, 0.00, 1.00, 0.00, 1.00, 0.00, 0.00, 0.00, 0.00, 0.00, 0.00, 0.00, 0.00, 0.00, 0.00, 0.00, 0.00
306,  0,  10.249,  0.98,  1, 0.01, 0.00, 0.59, 0.00, 0.91, 2.23, 0.00, 0.00, 0.98, 0.31, 0.00, 0.00, 0.56, 0.10, 0.48, 0.23, 0.00, 0.00, 0.00, 0.00, 1.00, 0.00, 1.00, 0.00, 0.00, 0.00, 0.00, 0.00, 0.00, 0.00, 0.00, 0.00, 0.00, 0.00, 0.00
307,  0,  10.283,  0.98,  1, 0.01, 0.00, 0.79, 0.00, 0.95, 2.36, 0.00, 0.06, 1.00, 0.38, 0.00, 0.00, 0.38, 0.02, 0.37, 0.22, 0.00, 0.00, 0.00, 0.00, 1.00, 0.00, 1.00, 0.00, 0.00, 0.00, 0.00, 0.00, 0.00, 0.00, 0.00, 0.00, 0.00, 0.00, 0.00
308,  0,  10.316,  0.98,  1, 0.01, 0.00, 0.74, 0.00, 0.94, 2.55, 0.00, 0.13, 1.00, 0.39, 0.00, 0.08, 0.29, 0.01, 0.39, 0.33, 0.00, 0.00, 0.00, 0.00, 1.00, 0.00, 1.00, 0.00, 0.00, 0.00, 0.00, 0.00, 0.00, 0.00, 0.00, 0.00, 0.00, 0.00, 0.00
309,  0,  10.350,  0.98,  1, 0.02, 0.00, 0.67, 0.00, 0.93, 2.49, 0.00, 0.24, 1.02, 0.35, 0.00, 0.11, 0.09, 0.03, 0.18, 0.37, 0.00, 0.00, 0.00, 0.00, 1.00, 0.00, 1.00, 0.00, 0.00, 0.00, 0.00, 0.00, 0.00, 0.00, 0.00, 0.00, 0.00, 0.00, 0.00
310,  0,  10.384,  0.98,  1, 0.01, 0.00, 0.58, 0.00, 0.98, 2.56, 0.00, 0.22, 1.03, 0.33, 0.00, 0.17, 0.09, 0.05, 0.18, 0.36, 0.00, 0.00, 0.00, 0.00, 1.00, 0.00, 1.00, 0.00, 0.00, 0.00, 0.00, 0.00, 0.00, 0.00, 0.00, 0.00, 0.00, 0.00, 0.00
311,  0,  10.417,  0.98,  1, 0.04, 0.00, 0.57, 0.00, 1.03, 2.48, 0.00, 0.17, 1.05, 0.36, 0.00, 0.14, 0.03, 0.05, 0.02, 0.25, 0.00, 0.00, 0.00, 0.00, 1.00, 0.00, 1.00, 0.00, 0.00, 0.00, 0.00, 0.00, 0.00, 0.00, 0.00, 0.00, 0.00, 0.00, 0.00
312,  0,  10.451,  0.98,  1, 0.02, 0.00, 0.51, 0.00, 1.03, 2.46, 0.00, 0.14, 1.03, 0.44, 0.00, 0.17, 0.00, 0.02, 0.17, 0.22, 0.00, 0.00, 0.00, 0.00, 1.00, 0.00, 1.00, 0.00, 0.00, 0.00, 0.00, 0.00, 0.00, 0.00, 0.00, 0.00, 0.00, 0.00, 0.00
313,  0,  10.484,  0.98,  1, 0.02, 0.00, 0.52, 0.00, 0.96, 2.50, 0.00, 0.16, 0.98, 0.51, 0.00, 0.15, 0.00, 0.02, 0.17, 0.33, 0.00, 0.00, 0.00, 0.00, 1.00, 0.00, 1.00, 0.00, 0.00, 0.00, 0.00, 0.00, 0.00, 0.00, 0.00, 0.00, 0.00, 0.00, 0.00
314,  0,  10.518,  0.98,  1, 0.00, 0.00, 0.59, 0.00, 0.93, 2.57, 0.00, 0.20, 0.97, 0.56, 0.00, 0.10, 0.00, 0.06, 0.17, 0.54, 0.00, 0.00, 0.00, 0.00, 1.00, 0.00, 1.00, 0.00, 0.00, 0.00, 0.00, 0.00, 0.00, 0.00, 0.00, 0.00, 0.00, 0.00, 0.00
315,  0,  10.552,  0.98,  1, 0.00, 0.00, 0.61, 0.00, 0.92, 2.52, 0.00, 0.18, 0.94, 0.51, 0.00, 0.09, 0.00, 0.09, 0.02, 0.49, 0.00, 0.00, 0.00, 0.00, 1.00, 0.00, 1.00, 0.00, 0.00, 0.00, 0.00, 0.00, 0.00, 0.00, 0.00, 0.00, 0.00, 0.00, 0.00
316,  0,  10.585,  0.98,  1, 0.03, 0.00, 0.58, 0.00, 0.94, 2.59, 0.00, 0.13, 0.98, 0.35, 0.00, 0.05, 0.00, 0.09, 0.00, 0.43, 0.00, 0.00, 0.00, 0.00, 1.00, 0.00, 1.00, 0.00, 0.00, 0.00, 0.00, 0.00, 0.00, 0.00, 0.00, 0.00, 0.00, 0.00, 0.00
317,  0,  10.619,  0.98,  1, 0.03, 0.00, 0.60, 0.00, 0.95, 2.53, 0.00, 0.07, 1.04, 0.24, 0.00, 0.13, 0.00, 0.15, 0.00, 0.38, 0.00, 0.00, 0.00, 0.00, 1.00, 0.00, 1.00, 0.00, 0.00, 0.00, 0.00, 0.00, 0.00, 0.00, 0.00, 0.00, 0.00, 0.00, 0.00
318,  0,  10.652,  0.98,  1, 0.03, 0.00, 0.61, 0.00, 0.91, 2.47, 0.00, 0.00, 1.07, 0.28, 0.00, 0.21, 0.00, 0.21, 0.00, 0.45, 0.00, 0.00, 0.00, 0.00, 1.00, 0.00, 1.00, 0.00, 0.00, 0.00, 0.00, 0.00, 0.00, 0.00, 0.00, 0.00, 0.00, 0.00, 0.00
319,  0,  10.686,  0.98,  1, 0.00, 0.00, 0.62, 0.00, 0.90, 2.32, 0.00, 0.00, 1.03, 0.37, 0.00, 0.21, 0.00, 0.29, 0.00, 0.44, 0.00, 0.00, 0.00, 0.00, 1.00, 0.00, 1.00, 0.00, 0.00, 0.00, 0.00, 0.00, 0.00, 0.00, 0.00, 0.00, 0.00, 0.00, 0.00
320,  0,  10.720,  0.98,  1, 0.00, 0.00, 0.46, 0.00, 0.87, 2.11, 0.00, 0.02, 0.99, 0.35, 0.00, 0.14, 0.00, 0.31, 0.00, 0.42, 0.00, 0.00, 0.00, 0.00, 1.00, 0.00, 1.00, 0.00, 0.00, 0.00, 0.00, 0.00, 0.00, 0.00, 0.00, 0.00, 0.00, 0.00, 0.00
321,  0,  10.753,  0.98,  1, 0.00, 0.00, 0.35, 0.00, 0.91, 1.99, 0.00, 0.02, 0.96, 0.19, 0.00, 0.02, 0.00, 0.37, 0.00, 0.43, 0.00, 0.00, 0.00, 0.00, 1.00, 0.00, 1.00, 0.00, 0.00, 0.00, 0.00, 0.00, 0.00, 0.00, 0.00, 0.00, 0.00, 0.00, 0.00
322,  0,  10.787,  0.98,  1, 0.00, 0.00, 0.27, 0.00, 0.90, 1.92, 0.00, 0.02, 0.92, 0.19, 0.00, 0.08, 0.00, 0.41, 0.00, 0.49, 0.00, 0.00, 0.00, 0.00, 1.00, 0.00, 1.00, 0.00, 0.00, 0.00, 0.00, 0.00, 0.00, 0.00, 0.00, 0.00, 0.00, 0.00, 0.00
323,  0,  10.820,  0.98,  1, 0.00, 0.00, 0.24, 0.00, 0.86, 1.91, 0.00, 0.00, 0.89, 0.26, 0.00, 0.12, 0.00, 0.37, 0.00, 0.50, 0.00, 0.00, 0.00, 0.00, 1.00, 0.00, 1.00, 0.00, 0.00, 0.00, 0.00, 0.00, 0.00, 0.00, 0.00, 0.00, 0.00, 0.00, 0.00
324,  0,  10.854,  0.98,  1, 0.00, 0.00, 0.34, 0.00, 0.94, 2.00, 0.00, 0.00, 0.94, 0.45, 0.00, 0.12, 0.00, 0.32, 0.00, 0.49, 0.00, 0.00, 0.00, 0.00, 1.00, 0.00, 1.00, 0.00, 0.00, 0.00, 0.00, 0.00, 0.00, 0.00, 0.00, 0.00, 0.00, 0.00, 0.00
325,  0,  10.888,  0.98,  1, 0.00, 0.00, 0.45, 0.00, 1.03, 2.08, 0.00, 0.03, 1.02, 0.49, 0.00, 0.07, 0.00, 0.25, 0.00, 0.45, 0.00, 0.00, 0.00, 0.00, 1.00, 0.00, 1.00, 0.00, 0.00, 0.00, 0.00, 0.00, 0.00, 0.00, 0.00, 0.00, 0.00, 0.00, 0.00
326,  0,  10.921,  0.98,  1, 0.00, 0.00, 0.52, 0.00, 1.17, 2.18, 0.00, 0.10, 1.08, 0.48, 0.00, 0.00, 0.00, 0.23, 0.00, 0.49, 0.00, 0.00, 0.00, 0.00, 1.00, 0.00, 1.00, 0.00, 0.00, 0.00, 0.00, 0.00, 0.00, 0.00, 0.00, 0.00, 0.00, 0.00, 0.00
327,  0,  10.955,  0.98,  1, 0.00, 0.00, 0.47, 0.00, 1.17, 2.18, 0.00, 0.16, 1.09, 0.48, 0.00, 0.00, 0.00, 0.22, 0.00, 0.52, 0.00, 0.00, 0.00, 0.00, 1.00, 0.00, 1.00, 0.00, 0.00, 0.00, 1.00, 0.00, 0.00, 0.00, 0.00, 0.00, 0.00, 0.00, 0.00
328,  0,  10.988,  0.98,  1, 0.09, 0.00, 0.50, 0.00, 1.20, 2.22, 0.00, 0.21, 1.05, 0.54, 0.00, 0.05, 0.00, 0.20, 0.00, 0.52, 0.00, 0.00, 0.00, 0.00, 1.00, 0.00, 1.00, 0.00, 0.00, 0.00, 1.00, 0.00, 0.00, 0.00, 0.00, 0.00, 0.00, 0.00, 0.00
329,  0,  11.022,  0.98,  1, 0.15, 0.00, 0.52, 0.00, 1.23, 2.31, 0.00, 0.25, 1.09, 0.68, 0.00, 0.12, 0.00, 0.21, 0.00, 0.50, 0.00, 0.00, 0.00, 0.00, 1.00, 0.00, 1.00, 0.00, 0.00, 0.00, 1.00, 0.00, 0.00, 0.00, 0.00, 0.00, 0.00, 0.00, 0.00
330,  0,  11.056,  0.98,  1, 0.26, 0.00, 0.53, 0.00, 1.23, 2.21, 0.00, 0.23, 1.13, 0.80, 0.00, 0.20, 0.00, 0.21, 0.00, 0.48, 0.00, 0.00, 0.00, 0.00, 1.00, 0.00, 1.00, 0.00, 0.00, 0.00, 1.00, 0.00, 0.00, 0.00, 0.00, 0.00, 0.00, 0.00, 0.00
331,  0,  11.089,  0.98,  1, 0.26, 0.00, 0.45, 0.00, 1.24, 2.11, 0.00, 0.22, 1.22, 0.91, 0.00, 0.20, 0.00, 0.21, 0.00, 0.47, 0.00, 0.00, 0.00, 0.00, 1.00, 0.00, 1.00, 0.00, 0.00, 0.00, 1.00, 0.00, 0.00, 0.00, 0.00, 0.00, 0.00, 0.00, 0.00
332,  0,  11.123,  0.98,  1, 0.30, 0.00, 0.41, 0.00, 1.21, 2.00, 0.00, 0.13, 1.21, 1.04, 0.00, 0.20, 0.00, 0.18, 0.00, 0.45, 0.00, 0.00, 0.00, 0.00, 1.00, 0.00, 1.00, 0.00, 0.00, 0.00, 1.00, 0.00, 0.00, 0.00, 0.00, 0.00, 0.00, 0.00, 0.00
333,  0,  11.157,  0.98,  1, 0.26, 0.00, 0.45, 0.00, 1.22, 2.04, 0.00, 0.17, 1.18, 1.05, 0.00, 0.11, 0.00, 0.14, 0.00, 0.40, 0.00, 0.00, 0.00, 0.00, 1.00, 0.00, 1.00, 0.00, 0.00, 0.00, 1.00, 0.00, 0.00, 0.00, 0.00, 0.00, 0.00, 0.00, 0.00
334,  0,  11.190,  0.98,  1, 0.33, 0.00, 0.46, 0.00, 1.24, 1.97, 0.00, 0.10, 1.14, 1.13, 0.00, 0.06, 0.03, 0.12, 0.00, 0.29, 0.00, 0.00, 0.00, 0.00, 1.00, 0.00, 1.00, 0.00, 0.00, 0.00, 1.00, 0.00, 0.00, 0.00, 0.00, 0.00, 0.00, 0.00, 0.00
335,  0,  11.224,  0.98,  1, 0.40, 0.00, 0.53, 0.00, 1.25, 1.88, 0.00, 0.09, 1.13, 1.02, 0.00, 0.00, 0.03, 0.07, 0.00, 0.16, 0.00, 0.00, 0.00, 0.00, 1.00, 0.00, 1.00, 0.00, 0.00, 0.00, 1.00, 0.00, 0.00, 0.00, 0.00, 0.00, 0.00, 0.00, 0.00
336,  0,  11.257,  0.98,  1, 0.46, 0.00, 0.57, 0.00, 1.30, 1.90, 0.00, 0.10, 1.19, 1.06, 0.00, 0.00, 0.03, 0.03, 0.00, 0.06, 0.00, 0.00, 0.00, 0.00, 1.00, 0.00, 1.00, 0.00, 0.00, 0.00, 1.00, 0.00, 0.00, 0.00, 0.00, 0.00, 0.00, 0.00, 0.00
337,  0,  11.291,  0.98,  1, 0.48, 0.00, 0.57, 0.00, 1.24, 1.89, 0.00, 0.10, 1.21, 0.94, 0.00, 0.04, 0.01, 0.01, 0.00, 0.10, 0.00, 0.00, 0.00, 0.00, 1.00, 0.00, 1.00, 0.00, 0.00, 0.00, 1.00, 0.00, 0.00, 0.00, 0.00, 0.00, 0.00, 0.00, 0.00
338,  0,  11.325,  0.98,  1, 0.45, 0.00, 0.62, 0.00, 1.19, 1.85, 0.00, 0.11, 1.20, 0.92, 0.00, 0.04, 0.01, 0.00, 0.02, 0.15, 0.00, 0.00, 0.00, 0.00, 1.00, 0.00, 1.00, 0.00, 0.00, 0.00, 1.00, 0.00, 0.00, 0.00, 0.00, 0.00, 0.00, 0.00, 0.00
339,  0,  11.358,  0.98,  1, 0.43, 0.00, 0.59, 0.00, 1.06, 1.81, 0.00, 0.03, 1.13, 0.81, 0.00, 0.07, 0.01, 0.00, 0.02, 0.23, 0.00, 0.00, 0.00, 0.00, 1.00, 0.00, 1.00, 0.00, 0.00, 0.00, 1.00, 0.00, 0.00, 0.00, 0.00, 0.00, 0.00, 0.00, 0.00
340,  0,  11.392,  0.98,  1, 0.41, 0.00, 0.66, 0.00, 1.03, 1.95, 0.00, 0.03, 1.09, 0.85, 0.00, 0.03, 0.00, 0.00, 0.02, 0.15, 0.00, 0.00, 0.00, 0.00, 1.00, 0.00, 1.00, 0.00, 0.00, 0.00, 1.00, 0.00, 0.00, 0.00, 0.00, 0.00, 0.00, 0.00, 0.00
341,  0,  11.425,  0.98,  1, 0.41, 0.00, 0.67, 0.00, 1.05, 2.17, 0.00, 0.03, 1.06, 0.86, 0.00, 0.03, 0.01, 0.00, 0.00, 0.17, 0.00, 0.00, 0.00, 0.00, 1.00, 0.00, 1.00, 0.00, 0.00, 0.00, 1.00, 0.00, 0.00, 0.00, 0.00, 0.00, 0.00, 0.00, 0.00
342,  0,  11.459,  0.98,  1, 0.37, 0.00, 0.74, 0.00, 1.13, 2.39, 0.00, 0.02, 1.03, 1.03, 0.00, 0.00, 0.04, 0.00, 0.00, 0.09, 0.00, 0.00, 0.00, 0.00, 1.00, 0.00, 1.00, 0.00, 0.00, 0.00, 1.00, 0.00, 0.00, 0.00, 0.00, 0.00, 0.00, 0.00, 0.00
343,  0,  11.493,  0.98,  1, 0.27, 0.00, 0.79, 0.00, 1.17, 2.51, 0.00, 0.08, 1.03, 1.07, 0.00, 0.03, 0.04, 0.00, 0.00, 0.09, 0.00, 0.00, 0.00, 0.00, 1.00, 0.00, 1.00, 0.00, 0.00, 0.00, 1.00, 0.00, 0.00, 0.00, 0.00, 0.00, 0.00, 0.00, 0.00
344,  0,  11.526,  0.98,  1, 0.25, 0.00, 0.72, 0.00, 1.11, 2.43, 0.00, 0.09, 1.01, 1.09, 0.00, 0.03, 0.03, 0.00, 0.00, 0.02, 0.00, 0.00, 0.00, 0.00, 1.00, 0.00, 1.00, 0.00, 0.00, 0.00, 1.00, 0.00, 0.00, 0.00, 0.00, 0.00, 0.00, 0.00, 0.00
345,  0,  11.560,  0.98,  1, 0.21, 0.00, 0.57, 0.00, 1.09, 2.26, 0.00, 0.11, 1.04, 1.00, 0.00, 0.03, 0.00, 0.00, 0.00, 0.03, 0.00, 0.00, 0.00, 0.00, 1.00, 0.00, 1.00, 0.00, 0.00, 0.00, 1.00, 0.00, 0.00, 0.00, 0.00, 0.00, 0.00, 0.00, 0.00
346,  0,  11.593,  0.98,  1, 0.17, 0.00, 0.44, 0.00, 1.09, 2.29, 0.00, 0.10, 1.06, 0.98, 0.00, 0.04, 0.00, 0.00, 0.00, 0.08, 0.00, 0.00, 0.00, 0.00, 1.00, 0.00, 1.00, 0.00, 0.00, 0.00, 1.00, 0.00, 0.00, 0.00, 0.00, 0.00, 0.00, 0.00, 0.00
347,  0,  11.627,  0.98,  1, 0.11, 0.00, 0.43, 0.00, 1.18, 2.35, 0.00, 0.14, 1.06, 0.90, 0.00, 0.05, 0.00, 0.00, 0.00, 0.12, 0.00, 0.00, 0.00, 0.00, 1.00, 0.00, 1.00, 0.00, 0.00, 0.00, 1.00, 0.00, 0.00, 0.00, 0.00, 0.00, 0.00, 0.00, 0.00
348,  0,  11.661,  0.98,  1, 0.16, 0.00, 0.48, 0.00, 1.17, 2.47, 0.00, 0.15, 1.01, 0.85, 0.00, 0.05, 0.00, 0.00, 0.00, 0.19, 0.00, 0.00, 0.00, 0.00, 1.00, 0.00, 1.00, 0.00, 0.00, 0.00, 1.00, 0.00, 0.00, 0.00, 0.00, 0.00, 0.00, 0.00, 0.00
349,  0,  11.694,  0.98,  1, 0.27, 0.00, 0.56, 0.00, 1.14, 2.41, 0.00, 0.18, 0.98, 0.79, 0.00, 0.06, 0.00, 0.00, 0.00, 0.23, 0.00, 0.00, 0.00, 0.00, 1.00, 0.00, 1.00, 0.00, 0.00, 0.00, 1.00, 0.00, 0.00, 0.00, 0.00, 0.00, 0.00, 0.00, 0.00
350,  0,  11.728,  0.98,  1, 0.40, 0.00, 0.60, 0.00, 1.12, 2.52, 0.00, 0.22, 1.01, 0.82, 0.00, 0.05, 0.00, 0.07, 0.00, 0.30, 0.00, 0.00, 0.00, 0.00, 1.00, 0.00, 1.00, 0.00, 0.00, 0.00, 1.00, 0.00, 0.00, 0.00, 0.00, 0.00, 0.00, 0.00, 0.00
351,  0,  11.761,  0.98,  1, 0.42, 0.00, 0.63, 0.00, 1.17, 2.34, 0.00, 0.20, 1.03, 0.87, 0.00, 0.14, 0.00, 0.13, 0.00, 0.23, 0.00, 0.00, 0.00, 0.00, 1.00, 0.00, 1.00, 0.00, 0.00, 0.00, 1.00, 0.00, 0.00, 0.00, 0.00, 0.00, 0.00, 0.00, 0.00
352,  0,  11.795,  0.98,  1, 0.35, 0.00, 0.58, 0.00, 1.20, 2.15, 0.00, 0.16, 1.06, 0.85, 0.00, 0.17, 0.00, 0.16, 0.00, 0.14, 0.00, 0.00, 0.00, 0.00, 1.00, 0.00, 1.00, 0.00, 0.00, 0.00, 1.00, 0.00, 0.00, 0.00, 0.00, 0.00, 0.00, 0.00, 0.00
353,  0,  11.829,  0.98,  1, 0.30, 0.02, 0.59, 0.00, 1.20, 1.94, 0.00, 0.05, 1.06, 0.92, 0.00, 0.27, 0.00, 0.09, 0.00, 0.15, 0.00, 0.00, 0.00, 0.00, 1.00, 0.00, 1.00, 0.00, 0.00, 0.00, 1.00, 0.00, 0.00, 0.00, 0.00, 0.00, 0.00, 0.00, 0.00
354,  0,  11.862,  0.98,  1, 0.33, 0.02, 0.61, 0.00, 1.19, 1.90, 0.00, 0.07, 1.06, 0.98, 0.00, 0.25, 0.00, 0.03, 0.00, 0.15, 0.00, 0.00, 0.00, 0.00, 1.00, 0.00, 1.00, 0.00, 0.00, 0.00, 1.00, 0.00, 0.00, 0.00, 0.00, 0.00, 0.00, 0.00, 0.00
355,  0,  11.896,  0.98,  1, 0.39, 0.02, 0.66, 0.00, 1.23, 1.97, 0.00, 0.07, 1.05, 1.03, 0.00, 0.17, 0.03, 0.00, 0.00, 0.15, 0.00, 0.00, 0.00, 0.00, 1.00, 0.00, 1.00, 0.00, 0.00, 0.00, 1.00, 0.00, 0.00, 0.00, 0.00, 0.00, 0.00, 0.00, 0.00
356,  0,  11.929,  0.98,  1, 0.60, 0.11, 0.49, 0.00, 1.25, 1.95, 0.00, 0.16, 1.07, 1.03, 0.00, 0.12, 0.03, 0.00, 0.00, 0.14, 0.01, 0.00, 0.00, 0.00, 0.00, 0.00, 1.00, 0.00, 0.00, 0.00, 1.00, 0.00, 0.00, 0.00, 0.00, 0.00, 0.00, 0.00, 0.00
357,  0,  11.963,  0.98,  1, 0.93, 0.20, 0.41, 0.00, 1.15, 2.29, 0.00, 0.21, 1.13, 0.98, 0.00, 0.18, 0.12, 0.00, 0.00, 0.12, 0.34, 0.00, 0.00, 0.00, 0.00, 0.00, 1.00, 0.00, 0.00, 0.00, 1.00, 0.00, 0.00, 0.00, 0.00, 0.00, 0.00, 0.00, 0.00
358,  0,  11.997,  0.98,  1, 1.36, 0.22, 0.29, 0.00, 0.96, 2.44, 0.00, 0.23, 1.12, 1.05, 0.00, 0.29, 0.29, 0.00, 0.00, 0.12, 0.54, 0.00, 0.00, 0.00, 0.00, 0.00, 1.00, 0.00, 0.00, 0.00, 1.00, 0.00, 0.00, 0.00, 0.00, 0.00, 0.00, 0.00, 1.00
359,  0,  12.030,  0.98,  1, 1.34, 0.11, 0.30, 0.00, 0.83, 2.75, 0.00, 0.16, 1.12, 0.95, 0.00, 0.29, 0.41, 0.00, 0.00, 0.02, 0.53, 0.00, 0.00, 0.00, 1.00, 0.00, 1.00, 0.00, 0.00, 0.00, 1.00, 0.00, 0.00, 0.00, 0.00, 0.00, 0.00, 0.00, 1.00
360,  0,  12.064,  0.98,  1, 1.17, 0.01, 0.25, 0.00, 0.83, 2.46, 0.00, 0.10, 1.09, 0.94, 0.00, 0.16, 0.33, 0.00, 0.00, 0.08, 0.22, 0.00, 0.00, 0.00, 0.00, 0.00, 1.00, 0.00, 0.00, 0.00, 1.00, 0.00, 0.00, 0.00, 0.00, 0.00, 0.00, 0.00, 1.00
361,  0,  12.097,  0.98,  1, 0.72, 0.00, 0.25, 0.00, 0.87, 2.29, 0.00, 0.06, 1.09, 0.83, 0.00, 0.05, 0.16, 0.00, 0.00, 0.24, 0.02, 0.00, 0.00, 0.00, 0.00, 0.00, 1.00, 0.00, 0.00, 0.00, 1.00, 0.00, 0.00, 0.00, 0.00, 0.00, 0.00, 0.00, 1.00
362,  0,  12.131,  0.98,  1, 0.49, 0.00, 0.25, 0.00, 0.84, 2.04, 0.00, 0.02, 1.04, 0.86, 0.00, 0.00, 0.04, 0.00, 0.00, 0.24, 0.02, 0.00, 0.00, 0.00, 0.00, 0.00, 1.00, 0.00, 0.00, 0.00, 1.00, 0.00, 0.00, 0.00, 0.00, 0.00, 0.00, 0.00, 0.00
363,  0,  12.165,  0.98,  1, 0.25, 0.00, 0.23, 0.00, 0.78, 1.98, 0.00, 0.04, 1.02, 0.77, 0.00, 0.00, 0.04, 0.00, 0.00, 0.22, 0.00, 0.00, 0.00, 0.00, 1.00, 0.00, 1.00, 0.00, 0.00, 0.00, 1.00, 0.00, 0.00, 0.00, 0.00, 0.00, 0.00, 0.00, 0.00
364,  0,  12.198,  0.98,  1, 0.16, 0.00, 0.33, 0.00, 0.76, 2.04, 0.00, 0.03, 1.00, 0.68, 0.00, 0.00, 0.08, 0.00, 0.02, 0.10, 0.00, 0.00, 0.00, 0.00, 1.00, 0.00, 1.00, 0.00, 0.00, 0.00, 1.00, 0.00, 0.00, 0.00, 0.00, 0.00, 0.00, 0.00, 0.00
365,  0,  12.232,  0.98,  1, 0.06, 0.00, 0.37, 0.00, 0.82, 1.87, 0.00, 0.10, 1.03, 0.59, 0.00, 0.00, 0.08, 0.00, 0.02, 0.17, 0.00, 0.00, 0.00, 0.00, 1.00, 0.00, 1.00, 0.00, 0.00, 0.00, 1.00, 0.00, 0.00, 0.00, 0.00, 0.00, 0.00, 0.00, 0.00
366,  0,  12.265,  0.98,  1, 0.00, 0.00, 0.48, 0.00, 0.89, 1.78, 0.00, 0.15, 1.02, 0.59, 0.00, 0.01, 0.08, 0.02, 0.12, 0.21, 0.00, 0.00, 0.00, 0.00, 0.00, 0.00, 1.00, 0.00, 0.00, 0.00, 1.00, 0.00, 0.00, 0.00, 0.00, 0.00, 0.00, 0.00, 0.00
367,  0,  12.299,  0.98,  1, 0.00, 0.00, 0.44, 0.00, 0.95, 1.67, 0.00, 0.16, 1.01, 0.59, 0.00, 0.04, 0.00, 0.04, 0.13, 0.28, 0.00, 0.00, 0.00, 0.00, 1.00, 0.00, 1.00, 0.00, 0.00, 0.00, 1.00, 0.00, 0.00, 0.00, 0.00, 0.00, 0.00, 0.00, 0.00
368,  0,  12.333,  0.98,  1, 0.00, 0.00, 0.50, 0.00, 0.92, 1.66, 0.00, 0.14, 1.03, 0.54, 0.00, 0.07, 0.00, 0.04, 0.17, 0.32, 0.00, 0.00, 0.00, 0.00, 1.00, 0.00, 1.00, 0.00, 0.00, 0.00, 1.00, 0.00, 0.00, 0.00, 0.00, 0.00, 0.00, 0.00, 0.00
369,  0,  12.366,  0.98,  1, 0.00, 0.00, 0.47, 0.00, 0.91, 1.75, 0.00, 0.14, 1.06, 0.48, 0.00, 0.06, 0.00, 0.02, 0.11, 0.25, 0.00, 0.00, 0.00, 0.00, 1.00, 0.00, 1.00, 0.00, 0.00, 0.00, 1.00, 0.00, 0.00, 0.00, 0.00, 0.00, 0.00, 0.00, 0.00
370,  0,  12.400,  0.98,  1, 0.00, 0.00, 0.47, 0.00, 0.91, 1.65, 0.00, 0.18, 1.06, 0.48, 0.00, 0.03, 0.00, 0.04, 0.21, 0.16, 0.00, 0.00, 0.00, 0.00, 0.00, 0.00, 1.00, 0.00, 0.00, 0.00, 1.00, 0.00, 0.00, 0.00, 0.00, 0.00, 0.00, 0.00, 0.00
371,  0,  12.433,  0.98,  1, 0.00, 0.00, 0.50, 0.00, 0.92, 1.64, 0.00, 0.15, 1.01, 0.64, 0.00, 0.00, 0.00, 0.04, 0.27, 0.06, 0.00, 0.00, 0.00, 0.00, 0.00, 0.00, 1.00, 0.00, 0.00, 0.00, 1.00, 0.00, 0.00, 0.00, 0.00, 0.00, 0.00, 0.00, 0.00
372,  0,  12.467,  0.98,  1, 0.00, 0.00, 0.50, 0.00, 0.87, 1.51, 0.00, 0.16, 1.01, 0.69, 0.00, 0.00, 0.00, 0.04, 0.22, 0.10, 0.00, 0.00, 0.00, 0.00, 0.00, 0.00, 1.00, 0.00, 0.00, 0.00, 1.00, 0.00, 0.00, 0.00, 0.00, 0.00, 0.00, 0.00, 0.00
373,  0,  12.501,  0.98,  1, 0.00, 0.00, 0.48, 0.00, 0.81, 1.64, 0.00, 0.13, 1.04, 0.75, 0.00, 0.02, 0.00, 0.04, 0.10, 0.16, 0.00, 0.00, 0.00, 0.00, 0.00, 0.00, 1.00, 0.00, 0.00, 0.00, 1.00, 0.00, 0.00, 0.00, 0.00, 0.00, 0.00, 0.00, 0.00
374,  0,  12.534,  0.98,  1, 0.00, 0.00, 0.43, 0.00, 0.84, 1.57, 0.00, 0.19, 1.08, 0.62, 0.00, 0.04, 0.00, 0.04, 0.05, 0.21, 0.00, 0.00, 0.00, 0.00, 0.00, 0.00, 1.00, 0.00, 0.00, 0.00, 1.00, 0.00, 0.00, 0.00, 0.00, 0.00, 0.00, 0.00, 0.00
375,  0,  12.568,  0.98,  1, 0.01, 0.00, 0.42, 0.00, 0.87, 1.63, 0.00, 0.10, 1.09, 0.63, 0.00, 0.07, 0.01, 0.06, 0.05, 0.16, 0.00, 0.00, 0.00, 0.00, 0.00, 0.00, 1.00, 0.00, 0.00, 0.00, 1.00, 0.00, 0.00, 0.00, 0.00, 0.00, 0.00, 0.00, 0.00
376,  0,  12.601,  0.98,  1, 0.09, 0.00, 0.44, 0.00, 0.91, 1.62, 0.00, 0.12, 1.10, 0.60, 0.00, 0.09, 0.01, 0.03, 0.05, 0.12, 0.00, 0.00, 0.00, 0.00, 0.00, 0.00, 1.00, 0.00, 0.00, 0.00, 1.00, 0.00, 0.00, 0.00, 0.00, 0.00, 0.00, 0.00, 0.00
377,  0,  12.635,  0.98,  1, 0.22, 0.00, 0.38, 0.00, 0.88, 1.73, 0.00, 0.12, 1.11, 0.63, 0.00, 0.11, 0.10, 0.03, 0.00, 0.17, 0.00, 0.00, 0.00, 0.00, 0.00, 0.00, 1.00, 0.00, 0.00, 0.00, 1.00, 0.00, 0.00, 0.00, 0.00, 0.00, 0.00, 0.00, 0.00
378,  0,  12.669,  0.98,  1, 0.27, 0.00, 0.43, 0.00, 0.93, 1.79, 0.00, 0.20, 1.09, 0.67, 0.00, 0.10, 0.13, 0.00, 0.00, 0.29, 0.00, 0.00, 0.00, 0.00, 1.00, 0.00, 1.00, 0.00, 0.00, 0.00, 1.00, 0.00, 0.00, 0.00, 0.00, 0.00, 0.00, 0.00, 0.00
379,  0,  12.702,  0.98,  1, 0.21, 0.00, 0.47, 0.00, 0.95, 1.62, 0.00, 0.19, 1.08, 0.71, 0.00, 0.14, 0.15, 0.00, 0.00, 0.28, 0.00, 0.00, 0.00, 0.00, 1.00, 0.00, 1.00, 0.00, 0.00, 0.00, 1.00, 0.00, 0.00, 0.00, 0.00, 0.00, 0.00, 0.00, 0.00
380,  0,  12.736,  0.98,  1, 0.13, 0.00, 0.61, 0.00, 0.95, 1.73, 0.00, 0.16, 1.06, 0.77, 0.00, 0.17, 0.05, 0.00, 0.00, 0.18, 0.00, 0.00, 0.00, 0.00, 1.00, 0.00, 1.00, 0.00, 0.00, 0.00, 1.00, 0.00, 0.00, 0.00, 0.00, 0.00, 0.00, 0.00, 0.00
381,  0,  12.770,  0.98,  1, 0.16, 0.00, 0.59, 0.00, 0.90, 1.80, 0.00, 0.18, 1.05, 0.85, 0.00, 0.18, 0.09, 0.00, 0.00, 0.22, 0.00, 0.00, 0.00, 0.00, 1.00, 0.00, 1.00, 0.00, 0.00, 0.00, 1.00, 0.00, 0.00, 0.00, 0.00, 0.00, 0.00, 0.00, 0.00
382,  0,  12.803,  0.98,  1, 0.23, 0.00, 0.56, 0.00, 0.89, 1.99, 0.00, 0.22, 1.03, 0.86, 0.00, 0.13, 0.07, 0.02, 0.00, 0.39, 0.00, 0.00, 0.00, 0.00, 1.00, 0.00, 1.00, 0.00, 0.00, 0.00, 1.00, 0.00, 0.00, 0.00, 0.00, 0.00, 0.00, 0.00, 0.00
383,  0,  12.837,  0.98,  1, 0.27, 0.00, 0.59, 0.00, 0.96, 2.04, 0.00, 0.22, 1.02, 0.86, 0.00, 0.13, 0.07, 0.02, 0.01, 0.49, 0.00, 0.00, 0.00, 0.00, 1.00, 0.00, 1.00, 0.00, 0.00, 0.00, 1.00, 0.00, 0.00, 0.00, 0.00, 0.00, 0.00, 0.00, 0.00
384,  0,  12.870,  0.98,  1, 0.33, 0.00, 0.54, 0.00, 1.02, 2.24, 0.00, 0.17, 1.04, 0.79, 0.00, 0.12, 0.06, 0.02, 0.08, 0.45, 0.00, 0.00, 0.00, 0.00, 1.00, 0.00, 1.00, 0.00, 0.00, 0.00, 1.00, 0.00, 0.00, 0.00, 0.00, 0.00, 0.00, 0.00, 0.00
385,  0,  12.904,  0.98,  1, 0.32, 0.00, 0.54, 0.00, 1.06, 2.36, 0.00, 0.18, 1.03, 0.80, 0.00, 0.14, 0.06, 0.00, 0.08, 0.27, 0.00, 0.00, 0.00, 0.00, 1.00, 0.00, 1.00, 0.00, 0.00, 0.00, 1.00, 0.00, 0.00, 0.00, 0.00, 0.00, 0.00, 0.00, 0.00
386,  0,  12.938,  0.98,  1, 0.45, 0.00, 0.49, 0.00, 1.05, 2.43, 0.00, 0.27, 1.01, 0.72, 0.00, 0.17, 0.06, 0.00, 0.07, 0.21, 0.00, 0.00, 0.00, 0.00, 1.00, 0.00, 1.00, 0.00, 0.00, 0.00, 1.00, 0.00, 0.00, 0.00, 0.00, 0.00, 0.00, 0.00, 0.00
387,  0,  12.971,  0.98,  1, 0.43, 0.00, 0.56, 0.00, 1.03, 2.29, 0.00, 0.35, 1.00, 0.67, 0.00, 0.25, 0.00, 0.01, 0.00, 0.16, 0.00, 0.00, 0.00, 0.00, 1.00, 0.00, 1.00, 0.00, 0.00, 0.00, 0.00, 0.00, 0.00, 0.00, 0.00, 0.00, 0.00, 0.00, 0.00
388,  0,  13.005,  0.98,  1, 0.43, 0.00, 0.63, 0.00, 0.98, 2.10, 0.00, 0.31, 0.98, 0.69, 0.00, 0.33, 0.00, 0.01, 0.00, 0.15, 0.00, 0.00, 0.00, 0.00, 1.00, 0.00, 1.00, 0.00, 0.00, 0.00, 0.00, 0.00, 0.00, 0.00, 0.00, 0.00, 0.00, 0.00, 0.00
389,  0,  13.038,  0.98,  1, 0.31, 0.00, 0.62, 0.00, 1.01, 2.01, 0.00, 0.37, 1.00, 0.72, 0.00, 0.25, 0.06, 0.01, 0.00, 0.16, 0.00, 0.00, 0.00, 0.00, 1.00, 0.00, 1.00, 0.00, 0.00, 0.00, 0.00, 0.00, 0.00, 0.00, 0.00, 0.00, 0.00, 0.00, 0.00
390,  0,  13.072,  0.98,  1, 0.34, 0.00, 0.59, 0.00, 1.01, 1.75, 0.00, 0.37, 1.00, 0.67, 0.00, 0.14, 0.06, 0.00, 0.00, 0.14, 0.00, 0.00, 0.00, 0.00, 1.00, 0.00, 1.00, 0.00, 0.00, 0.00, 0.00, 0.00, 0.00, 0.00, 0.00, 0.00, 0.00, 0.00, 0.00
391,  0,  13.106,  0.98,  1, 0.25, 0.00, 0.43, 0.00, 1.00, 1.86, 0.00, 0.32, 0.97, 0.54, 0.00, 0.09, 0.06, 0.00, 0.00, 0.18, 0.00, 0.00, 0.00, 0.00, 0.00, 0.00, 1.00, 0.00, 0.00, 0.00, 0.00, 0.00, 0.00, 0.00, 0.00, 0.00, 0.00, 0.00, 0.00
392,  0,  13.139,  0.98,  1, 0.21, 0.00, 0.41, 0.00, 0.95, 1.69, 0.00, 0.17, 0.95, 0.57, 0.00, 0.07, 0.00, 0.00, 0.05, 0.13, 0.00, 0.00, 0.00, 0.00, 0.00, 0.00, 1.00, 0.00, 0.00, 0.00, 0.00, 0.00, 0.00, 0.00, 0.00, 0.00, 0.00, 0.00, 0.00
393,  0,  13.173,  0.98,  1, 0.18, 0.00, 0.41, 0.00, 0.95, 1.71, 0.00, 0.10, 0.92, 0.59, 0.00, 0.07, 0.03, 0.00, 0.05, 0.07, 0.00, 0.00, 0.00, 0.00, 0.00, 0.00, 1.00, 0.00, 0.00, 0.00, 0.00, 0.00, 0.00, 0.00, 0.00, 0.00, 0.00, 0.00, 0.00
394,  0,  13.206,  0.98,  1, 0.29, 0.00, 0.48, 0.00, 0.95, 1.45, 0.00, 0.14, 0.96, 0.59, 0.00, 0.00, 0.03, 0.00, 0.05, 0.02, 0.00, 0.00, 0.00, 0.00, 0.00, 0.00, 1.00, 0.00, 0.00, 0.00, 0.00, 0.00, 0.00, 0.00, 0.00, 0.00, 0.00, 0.00, 0.00
395,  0,  13.240,  0.98,  1, 0.35, 0.00, 0.44, 0.00, 0.95, 1.54, 0.00, 0.18, 0.93, 0.49, 0.00, 0.00, 0.05, 0.00, 0.06, 0.00, 0.00, 0.00, 0.00, 0.00, 0.00, 0.00, 1.00, 0.00, 0.00, 0.00, 0.00, 0.00, 0.00, 0.00, 0.00, 0.00, 0.00, 0.00, 0.00
396,  0,  13.274,  0.98,  1, 0.33, 0.00, 0.35, 0.00, 0.88, 1.72, 0.00, 0.17, 0.96, 0.50, 0.00, 0.00, 0.10, 0.00, 0.06, 0.03, 0.00, 0.00, 0.00, 0.00, 0.00, 0.00, 1.00, 0.00, 0.00, 0.00, 0.00, 0.00, 0.00, 0.00, 0.00, 0.00, 0.00, 0.00, 0.00
397,  0,  13.307,  0.98,  1, 0.26, 0.00, 0.20, 0.00, 0.93, 1.88, 0.00, 0.20, 0.96, 0.44, 0.00, 0.00, 0.19, 0.01, 0.06, 0.03, 0.00, 0.00, 0.00, 0.00, 0.00, 0.00, 1.00, 0.00, 0.00, 0.00, 0.00, 0.00, 0.00, 0.00, 0.00, 0.00, 0.00, 0.00, 0.00
398,  0,  13.341,  0.98,  1, 0.23, 0.00, 0.20, 0.00, 0.93, 1.82, 0.00, 0.15, 0.95, 0.53, 0.00, 0.00, 0.35, 0.01, 0.00, 0.03, 0.00, 0.00, 0.00, 0.00, 0.00, 0.00, 1.00, 0.00, 0.00, 0.00, 0.00, 0.00, 0.00, 0.00, 0.00, 0.00, 0.00, 0.00, 0.00
399,  0,  13.374,  0.98,  1, 0.30, 0.00, 0.32, 0.00, 1.01, 2.06, 0.00, 0.21, 0.91, 0.58, 0.00, 0.08, 0.36, 0.01, 0.00, 0.00, 0.00, 0.00, 0.00, 0.00, 0.00, 0.00, 1.00, 0.00, 0.00, 0.00, 0.00, 0.00, 0.00, 0.00, 0.00, 0.00, 0.00, 0.00, 0.00
400,  0,  13.408,  0.98,  1, 0.41, 0.00, 0.45, 0.00, 1.08, 2.34, 0.00, 0.21, 0.90, 0.73, 0.00, 0.12, 0.38, 0.00, 0.00, 0.05, 0.00, 0.00, 0.00, 0.00, 0.00, 0.00, 1.00, 0.00, 0.00, 0.00, 0.00, 0.00, 0.00, 0.00, 0.00, 0.00, 0.00, 0.00, 0.00
401,  0,  13.442,  0.98,  1, 0.32, 0.00, 0.41, 0.00, 1.11, 2.62, 0.00, 0.37, 0.94, 0.83, 0.00, 0.18, 0.26, 0.00, 0.00, 0.07, 0.00, 0.00, 0.00, 0.00, 0.00, 0.00, 1.00, 0.00, 0.00, 0.00, 1.00, 0.00, 0.00, 0.00, 0.00, 0.00, 0.00, 0.00, 0.00
402,  0,  13.475,  0.98,  1, 0.15, 0.00, 0.39, 0.00, 1.09, 2.35, 0.00, 0.31, 0.95, 0.92, 0.00, 0.17, 0.17, 0.00, 0.00, 0.13, 0.00, 0.00, 0.00, 0.00, 1.00, 0.00, 1.00, 0.00, 0.00, 0.00, 1.00, 0.00, 0.00, 0.00, 0.00, 0.00, 0.00, 0.00, 0.00
403,  0,  13.509,  0.98,  1, 0.04, 0.00, 0.41, 0.00, 1.04, 2.24, 0.00, 0.32, 0.97, 1.00, 0.00, 0.24, 0.13, 0.00, 0.00, 0.09, 0.00, 0.00, 0.00, 0.00, 1.00, 0.00, 1.00, 0.00, 0.00, 0.00, 1.00, 0.00, 0.00, 0.00, 0.00, 0.00, 0.00, 0.00, 0.00
404,  0,  13.542,  0.98,  1, 0.10, 0.00, 0.45, 0.00, 1.01, 2.05, 0.00, 0.26, 0.95, 1.03, 0.00, 0.41, 0.13, 0.04, 0.02, 0.10, 0.00, 0.00, 0.00, 0.00, 1.00, 0.00, 1.00, 0.00, 0.00, 0.00, 1.00, 0.00, 0.00, 0.00, 0.00, 0.00, 0.00, 0.00, 0.00
405,  0,  13.576,  0.98,  1, 0.22, 0.00, 0.42, 0.00, 1.06, 2.22, 0.00, 0.24, 0.97, 0.87, 0.00, 0.44, 0.16, 0.10, 0.02, 0.05, 0.00, 0.00, 0.00, 0.00, 1.00, 0.00, 1.00, 0.00, 0.00, 0.00, 1.00, 0.00, 0.00, 0.00, 0.00, 0.00, 0.00, 0.00, 0.00
406,  0,  13.610,  0.98,  1, 0.27, 0.00, 0.36, 0.00, 1.09, 2.20, 0.00, 0.23, 0.97, 0.81, 0.00, 0.48, 0.10, 0.13, 0.02, 0.09, 0.00, 0.00, 0.00, 0.00, 1.00, 0.00, 1.00, 0.00, 0.00, 0.00, 1.00, 0.00, 0.00, 0.00, 0.00, 0.00, 0.00, 0.00, 0.00
407,  0,  13.643,  0.98,  1, 0.20, 0.00, 0.26, 0.00, 1.10, 2.13, 0.00, 0.24, 0.93, 0.77, 0.00, 0.31, 0.03, 0.09, 0.10, 0.18, 0.00, 0.00, 0.00, 0.00, 1.00, 0.00, 1.00, 0.00, 0.00, 0.00, 1.00, 0.00, 0.00, 0.00, 0.00, 0.00, 0.00, 0.00, 0.00
408,  0,  13.677,  0.98,  1, 0.17, 0.00, 0.24, 0.00, 1.04, 1.99, 0.00, 0.20, 0.89, 0.85, 0.00, 0.26, 0.00, 0.03, 0.17, 0.17, 0.00, 0.00, 0.00, 0.00, 1.00, 0.00, 1.00, 0.00, 0.00, 0.00, 1.00, 0.00, 0.00, 0.00, 0.00, 0.00, 0.00, 0.00, 0.00
409,  0,  13.710,  0.98,  1, 0.10, 0.00, 0.31, 0.00, 0.94, 2.10, 0.00, 0.19, 0.87, 0.86, 0.00, 0.20, 0.00, 0.01, 0.20, 0.17, 0.00, 0.00, 0.00, 0.00, 1.00, 0.00, 1.00, 0.00, 0.00, 0.00, 1.00, 0.00, 0.00, 0.00, 0.00, 0.00, 0.00, 0.00, 0.00
410,  0,  13.744,  0.98,  1, 0.16, 0.00, 0.48, 0.07, 0.92, 2.22, 0.00, 0.15, 0.90, 0.82, 0.00, 0.18, 0.00, 0.00, 0.13, 0.08, 0.00, 0.00, 0.00, 0.00, 1.00, 0.00, 1.00, 0.00, 0.00, 0.00, 1.00, 0.00, 0.00, 0.00, 0.00, 0.00, 0.00, 0.00, 0.00
411,  0,  13.778,  0.98,  1, 0.10, 0.00, 0.53, 0.07, 0.94, 2.23, 0.00, 0.23, 0.91, 0.87, 0.00, 0.23, 0.00, 0.03, 0.07, 0.08, 0.00, 0.00, 0.00, 0.00, 1.00, 0.00, 1.00, 0.00, 0.00, 0.00, 1.00, 0.00, 0.00, 0.00, 0.00, 0.00, 0.00, 0.00, 0.00
412,  0,  13.811,  0.98,  1, 0.19, 0.00, 0.53, 0.07, 0.94, 2.09, 0.00, 0.29, 0.92, 0.86, 0.00, 0.24, 0.00, 0.03, 0.17, 0.03, 0.00, 0.00, 0.00, 0.00, 1.00, 0.00, 1.00, 0.00, 0.00, 0.00, 1.00, 0.00, 0.00, 0.00, 0.00, 0.00, 0.00, 0.00, 0.00
413,  0,  13.845,  0.98,  1, 0.20, 0.00, 0.47, 0.00, 0.94, 2.00, 0.00, 0.35, 0.93, 0.87, 0.00, 0.26, 0.00, 0.03, 0.25, 0.07, 0.00, 0.00, 0.00, 0.00, 1.00, 0.00, 1.00, 0.00, 0.00, 0.00, 1.00, 0.00, 0.00, 0.00, 0.00, 0.00, 0.00, 0.00, 0.00
414,  0,  13.878,  0.98,  1, 0.26, 0.00, 0.55, 0.00, 0.88, 1.88, 0.00, 0.37, 0.94, 0.82, 0.00, 0.20, 0.00, 0.00, 0.31, 0.16, 0.00, 0.00, 0.00, 0.00, 0.00, 0.00, 1.00, 0.00, 0.00, 0.00, 1.00, 0.00, 0.00, 0.00, 0.00, 0.00, 0.00, 0.00, 0.00
415,  0,  13.912,  0.98,  1, 0.28, 0.00, 0.65, 0.00, 0.89, 1.74, 0.00, 0.28, 0.93, 0.71, 0.00, 0.15, 0.08, 0.00, 0.22, 0.18, 0.00, 0.00, 0.00, 0.00, 1.00, 0.00, 1.00, 0.00, 0.00, 0.00, 1.00, 0.00, 0.00, 0.00, 0.00, 0.00, 0.00, 0.00, 0.00
416,  0,  13.946,  0.98,  1, 0.20, 0.00, 0.71, 0.01, 0.89, 1.70, 0.00, 0.17, 0.96, 0.65, 0.00, 0.14, 0.08, 0.00, 0.19, 0.11, 0.00, 0.00, 0.00, 0.00, 1.00, 0.00, 1.00, 0.00, 0.00, 0.00, 1.00, 0.00, 0.00, 0.00, 0.00, 0.00, 0.00, 0.00, 0.00
417,  0,  13.979,  0.98,  1, 0.17, 0.00, 0.61, 0.01, 0.88, 1.64, 0.00, 0.07, 0.96, 0.57, 0.00, 0.14, 0.08, 0.01, 0.11, 0.02, 0.00, 0.00, 0.00, 0.00, 1.00, 0.00, 1.00, 0.00, 0.00, 0.00, 1.00, 0.00, 0.00, 0.00, 0.00, 0.00, 0.00, 0.00, 0.00
418,  0,  14.013,  0.98,  1, 0.09, 0.00, 0.51, 0.01, 0.93, 1.70, 0.00, 0.07, 0.98, 0.59, 0.00, 0.12, 0.00, 0.01, 0.07, 0.00, 0.00, 0.00, 0.00, 0.00, 1.00, 0.00, 1.00, 0.00, 0.00, 0.00, 1.00, 0.00, 0.00, 0.00, 0.00, 0.00, 0.00, 0.00, 0.00
419,  0,  14.046,  0.98,  1, 0.12, 0.00, 0.49, 0.00, 0.94, 1.70, 0.00, 0.09, 0.98, 0.67, 0.00, 0.07, 0.00, 0.01, 0.01, 0.00, 0.00, 0.00, 0.00, 0.00, 1.00, 0.00, 1.00, 0.00, 0.00, 0.00, 1.00, 0.00, 0.00, 0.00, 0.00, 0.00, 0.00, 0.00, 0.00
420,  0,  14.080,  0.98,  1, 0.12, 0.00, 0.53, 0.00, 0.99, 1.94, 0.00, 0.17, 0.99, 0.82, 0.01, 0.03, 0.00, 0.00, 0.07, 0.00, 0.00, 0.00, 0.00, 0.00, 1.00, 0.00, 1.00, 0.00, 0.00, 0.00, 1.00, 0.00, 0.00, 0.00, 0.00, 0.00, 0.00, 0.00, 0.00
421,  0,  14.114,  0.98,  1, 0.13, 0.00, 0.49, 0.00, 0.92, 2.03, 0.00, 0.16, 0.99, 0.93, 0.01, 0.00, 0.06, 0.00, 0.06, 0.00, 0.00, 0.00, 0.00, 0.00, 1.00, 0.00, 1.00, 0.00, 0.00, 0.00, 1.00, 0.00, 0.00, 0.00, 0.00, 0.00, 0.00, 0.00, 0.00
422,  0,  14.147,  0.98,  1, 0.13, 0.00, 0.45, 0.00, 0.91, 2.11, 0.00, 0.18, 0.96, 0.96, 0.01, 0.00, 0.06, 0.00, 0.06, 0.00, 0.00, 0.00, 0.00, 0.00, 1.00, 0.00, 1.00, 0.00, 0.00, 0.00, 1.00, 0.00, 0.00, 0.00, 0.00, 0.00, 0.00, 0.00, 0.00
423,  0,  14.181,  0.98,  1, 0.15, 0.00, 0.40, 0.00, 0.89, 1.84, 0.00, 0.11, 0.91, 0.92, 0.00, 0.00, 0.06, 0.00, 0.00, 0.00, 0.00, 0.00, 0.00, 0.00, 1.00, 0.00, 1.00, 0.00, 0.00, 0.00, 1.00, 0.00, 0.00, 0.00, 0.00, 0.00, 0.00, 0.00, 0.00
424,  0,  14.214,  0.98,  1, 0.17, 0.07, 0.46, 0.00, 0.92, 1.91, 0.00, 0.12, 0.89, 0.86, 0.00, 0.06, 0.00, 0.00, 0.00, 0.00, 0.00, 0.00, 0.00, 0.00, 1.00, 0.00, 1.00, 0.00, 0.00, 0.00, 1.00, 0.00, 0.00, 0.00, 0.00, 0.00, 0.00, 0.00, 0.00
425,  0,  14.248,  0.98,  1, 0.16, 0.07, 0.42, 0.00, 0.91, 1.95, 0.00, 0.14, 0.89, 0.79, 0.01, 0.12, 0.04, 0.00, 0.00, 0.00, 0.00, 0.00, 0.00, 0.00, 1.00, 0.00, 1.00, 0.00, 0.00, 0.00, 1.00, 0.00, 0.00, 0.00, 0.00, 0.00, 0.00, 0.00, 0.00
426,  0,  14.282,  0.98,  1, 0.21, 0.07, 0.54, 0.00, 0.89, 2.13, 0.00, 0.16, 0.93, 0.86, 0.01, 0.12, 0.09, 0.00, 0.00, 0.00, 0.00, 0.00, 0.00, 0.00, 1.00, 0.00, 1.00, 0.00, 0.00, 0.00, 1.00, 0.00, 0.00, 0.00, 0.00, 0.00, 0.00, 0.00, 0.00
427,  0,  14.315,  0.98,  1, 0.26, 0.02, 0.51, 0.00, 0.88, 2.19, 0.00, 0.21, 0.97, 0.84, 0.04, 0.07, 0.09, 0.00, 0.00, 0.00, 0.00, 0.00, 0.00, 0.00, 1.00, 0.00, 1.00, 0.00, 0.00, 0.00, 1.00, 0.00, 0.00, 0.00, 0.00, 0.00, 0.00, 0.00, 0.00
428,  0,  14.349,  0.98,  1, 0.27, 0.02, 0.62, 0.00, 0.86, 2.16, 0.00, 0.18, 1.00, 0.81, 0.05, 0.00, 0.05, 0.00, 0.00, 0.03, 0.00, 0.00, 0.00, 0.00, 1.00, 0.00, 1.00, 0.00, 0.00, 0.00, 1.00, 0.00, 0.00, 0.00, 0.00, 0.00, 0.00, 0.00, 0.00
429,  0,  14.382,  0.98,  1, 0.15, 0.02, 0.53, 0.00, 0.86, 2.17, 0.00, 0.26, 1.02, 0.60, 0.05, 0.00, 0.01, 0.00, 0.00, 0.03, 0.00, 0.00, 0.00, 0.00, 1.00, 0.00, 1.00, 0.00, 0.00, 0.00, 1.00, 0.00, 0.00, 0.00, 0.00, 0.00, 0.00, 0.00, 0.00
430,  0,  14.416,  0.98,  1, 0.06, 0.00, 0.59, 0.00, 0.88, 2.14, 0.00, 0.31, 1.03, 0.57, 0.02, 0.06, 0.01, 0.00, 0.00, 0.04, 0.00, 0.00, 0.00, 0.00, 1.00, 0.00, 1.00, 0.00, 0.00, 0.00, 1.00, 0.00, 0.00, 0.00, 0.00, 0.00, 0.00, 0.00, 0.00
431,  0,  14.450,  0.98,  1, 0.10, 0.00, 0.55, 0.00, 0.91, 2.12, 0.00, 0.35, 1.02, 0.58, 0.00, 0.15, 0.01, 0.00, 0.00, 0.01, 0.00, 0.00, 0.00, 0.00, 1.00, 0.00, 1.00, 0.00, 0.00, 0.00, 0.00, 0.00, 0.00, 0.00, 0.00, 0.00, 0.00, 0.00, 0.00
432,  0,  14.483,  0.98,  1, 0.67, 0.29, 0.50, 0.00, 0.84, 2.33, 0.00, 0.31, 1.03, 0.57, 0.00, 0.43, 0.28, 0.00, 0.00, 0.01, 0.00, 0.00, 0.00, 0.00, 1.00, 0.00, 1.00, 0.00, 0.00, 0.00, 0.00, 0.00, 0.00, 0.00, 0.00, 0.00, 0.00, 0.00, 0.00
433,  0,  14.517,  0.98,  1, 1.24, 0.60, 0.41, 0.00, 0.80, 2.25, 0.00, 0.22, 1.07, 0.60, 0.00, 0.65, 0.51, 0.00, 0.03, 0.00, 0.15, 0.00, 0.00, 0.00, 1.00, 0.00, 1.00, 0.00, 0.00, 0.00, 0.00, 0.00, 0.00, 0.00, 0.00, 0.00, 0.00, 0.00, 0.00
434,  0,  14.551,  0.98,  1, 1.54, 0.94, 0.33, 0.00, 0.76, 2.36, 0.00, 0.13, 1.12, 0.53, 0.00, 0.78, 0.76, 0.00, 0.03, 0.00, 0.17, 0.00, 0.00, 0.00, 1.00, 0.00, 1.00, 0.00, 0.00, 0.00, 0.00, 0.00, 0.00, 0.00, 0.00, 0.00, 0.00, 0.00, 0.00
435,  0,  14.584,  0.98,  1, 1.05, 0.66, 0.33, 0.00, 0.87, 2.47, 0.00, 0.07, 1.08, 0.53, 0.00, 0.68, 0.47, 0.00, 0.07, 0.05, 0.17, 0.00, 0.00, 0.00, 1.00, 0.00, 1.00, 0.00, 0.00, 0.00, 0.00, 0.00, 0.00, 0.00, 0.00, 0.00, 0.00, 0.00, 0.00
436,  0,  14.618,  0.98,  1, 0.64, 0.39, 0.43, 0.00, 0.93, 2.50, 0.00, 0.05, 1.05, 0.60, 0.00, 0.49, 0.25, 0.00, 0.05, 0.05, 0.02, 0.00, 0.00, 0.00, 0.00, 0.00, 1.00, 0.00, 0.00, 0.00, 0.00, 0.00, 0.00, 0.00, 0.00, 0.00, 0.00, 0.00, 0.00
437,  0,  14.651,  0.98,  1, 0.42, 0.05, 0.56, 0.00, 0.93, 2.44, 0.00, 0.11, 0.99, 0.80, 0.00, 0.39, 0.00, 0.00, 0.05, 0.05, 0.00, 0.00, 0.00, 0.00, 0.00, 0.00, 1.00, 0.00, 0.00, 0.00, 1.00, 0.00, 0.00, 0.00, 0.00, 0.00, 0.00, 0.00, 0.00
438,  0,  14.685,  0.98,  1, 0.44, 0.05, 0.68, 0.00, 0.84, 2.25, 0.00, 0.11, 0.99, 1.01, 0.00, 0.36, 0.00, 0.00, 0.04, 0.05, 0.00, 0.00, 0.00, 0.00, 0.00, 0.00, 1.00, 0.00, 0.00, 0.00, 1.00, 0.00, 0.00, 0.00, 0.00, 0.00, 0.00, 0.00, 0.00
439,  0,  14.719,  0.98,  1, 0.42, 0.00, 0.75, 0.00, 0.74, 2.36, 0.00, 0.08, 0.96, 1.01, 0.00, 0.31, 0.00, 0.00, 0.04, 0.07, 0.00, 0.00, 0.00, 0.00, 0.00, 0.00, 1.00, 0.00, 0.00, 0.00, 1.00, 0.00, 0.00, 0.00, 0.00, 0.00, 0.00, 0.00, 0.00
440,  0,  14.752,  0.98,  1, 0.26, 0.00, 0.76, 0.00, 0.69, 2.45, 0.00, 0.01, 0.96, 0.90, 0.00, 0.21, 0.02, 0.00, 0.04, 0.07, 0.00, 0.00, 0.00, 0.00, 0.00, 0.00, 1.00, 0.00, 0.00, 0.00, 1.00, 0.00, 0.00, 0.00, 0.00, 0.00, 0.00, 0.00, 0.00
441,  0,  14.786,  0.98,  1, 0.16, 0.00, 0.74, 0.00, 0.69, 2.35, 0.00, 0.00, 0.98, 0.89, 0.00, 0.12, 0.02, 0.00, 0.04, 0.05, 0.00, 0.00, 0.00, 0.00, 0.00, 0.00, 1.00, 0.00, 0.00, 0.00, 1.00, 0.00, 0.00, 0.00, 0.00, 0.00, 0.00, 0.00, 0.00
442,  0,  14.819,  0.98,  1, 0.11, 0.00, 0.73, 0.00, 0.70, 2.15, 0.00, 0.00, 0.95, 0.92, 0.00, 0.08, 0.02, 0.00, 0.10, 0.08, 0.00, 0.00, 0.00, 0.00, 0.00, 0.00, 1.00, 0.00, 0.00, 0.00, 1.00, 0.00, 0.00, 0.00, 0.00, 0.00, 0.00, 0.00, 0.00
443,  0,  14.853,  0.98,  1, 0.15, 0.00, 0.81, 0.00, 0.71, 1.90, 0.00, 0.00, 0.93, 0.90, 0.01, 0.05, 0.00, 0.00, 0.15, 0.19, 0.00, 0.00, 0.00, 0.00, 0.00, 0.00, 1.00, 0.00, 0.00, 0.00, 1.00, 0.00, 0.00, 0.00, 0.00, 0.00, 0.00, 0.00, 0.00
444,  0,  14.887,  0.98,  1, 0.17, 0.00, 0.92, 0.00, 0.73, 1.91, 0.00, 0.00, 0.93, 0.82, 0.12, 0.05, 0.00, 0.00, 0.11, 0.16, 0.00, 0.00, 0.00, 0.00, 0.00, 0.00, 1.00, 0.00, 0.00, 0.00, 1.00, 0.00, 0.00, 0.00, 0.00, 0.00, 0.00, 0.00, 0.00
445,  0,  14.920,  0.98,  1, 0.21, 0.00, 0.95, 0.00, 0.76, 2.01, 0.00, 0.00, 0.98, 0.75, 0.16, 0.05, 0.00, 0.00, 0.08, 0.11, 0.00, 0.00, 0.00, 0.00, 0.00, 0.00, 1.00, 0.00, 0.00, 0.00, 1.00, 0.00, 0.00, 0.00, 0.00, 0.00, 0.00, 0.00, 0.00
446,  0,  14.954,  0.98,  1, 0.26, 0.00, 0.93, 0.00, 0.78, 2.16, 0.00, 0.00, 1.00, 0.79, 0.22, 0.05, 0.00, 0.00, 0.10, 0.00, 0.00, 0.00, 0.00, 0.00, 0.00, 0.00, 1.00, 0.00, 0.00, 0.00, 1.00, 0.00, 0.00, 0.00, 0.00, 0.00, 0.00, 0.00, 0.00
447,  0,  14.987,  0.98,  1, 0.26, 0.00, 0.86, 0.00, 0.77, 2.16, 0.00, 0.00, 1.04, 0.80, 0.26, 0.00, 0.08, 0.00, 0.09, 0.00, 0.00, 0.00, 0.00, 0.00, 0.00, 0.00, 1.00, 0.00, 0.00, 0.00, 1.00, 0.00, 0.00, 0.00, 0.00, 0.00, 0.00, 0.00, 0.00
448,  0,  15.021,  0.98,  1, 0.26, 0.00, 0.72, 0.00, 0.68, 2.00, 0.00, 0.00, 1.01, 0.87, 0.26, 0.02, 0.08, 0.00, 0.14, 0.00, 0.00, 0.00, 0.00, 0.00, 0.00, 0.00, 1.00, 0.00, 0.00, 0.00, 1.00, 0.00, 0.00, 0.00, 0.00, 0.00, 0.00, 0.00, 0.00
449,  0,  15.055,  0.98,  1, 0.17, 0.00, 0.63, 0.00, 0.66, 2.07, 0.00, 0.00, 1.03, 0.85, 0.23, 0.02, 0.09, 0.00, 0.18, 0.00, 0.00, 0.00, 0.00, 0.00, 0.00, 0.00, 1.00, 0.00, 0.00, 0.00, 1.00, 0.00, 0.00, 0.00, 0.00, 0.00, 0.00, 0.00, 0.00
450,  0,  15.088,  0.98,  1, 0.12, 0.00, 0.61, 0.00, 0.61, 1.95, 0.00, 0.00, 0.93, 0.81, 0.07, 0.07, 0.02, 0.05, 0.21, 0.00, 0.00, 0.00, 0.00, 0.00, 0.00, 0.00, 1.00, 0.00, 0.00, 0.00, 1.00, 0.00, 0.00, 0.00, 0.00, 0.00, 0.00, 0.00, 0.00
451,  0,  15.122,  0.98,  1, 0.00, 0.00, 0.64, 0.00, 0.62, 1.96, 0.00, 0.00, 0.90, 0.76, 0.03, 0.06, 0.02, 0.09, 0.19, 0.00, 0.00, 0.00, 0.00, 0.00, 0.00, 0.00, 1.00, 0.00, 0.00, 0.00, 1.00, 0.00, 0.00, 0.00, 0.00, 0.00, 0.00, 0.00, 0.00
452,  0,  15.155,  0.98,  1, 0.00, 0.00, 0.68, 0.00, 0.56, 1.65, 0.00, 0.00, 0.85, 0.75, 0.05, 0.16, 0.00, 0.11, 0.13, 0.00, 0.00, 0.00, 0.00, 0.00, 0.00, 0.00, 1.00, 0.00, 0.00, 0.00, 1.00, 0.00, 0.00, 0.00, 0.00, 0.00, 0.00, 0.00, 0.00
453,  0,  15.189,  0.98,  1, 0.00, 0.00, 0.64, 0.00, 0.58, 1.58, 0.00, 0.00, 0.91, 0.73, 0.05, 0.18, 0.00, 0.07, 0.14, 0.00, 0.00, 0.00, 0.00, 0.00, 0.00, 0.00, 1.00, 0.00, 0.00, 0.00, 1.00, 0.00, 0.00, 0.00, 0.00, 0.00, 0.00, 0.00, 0.00
454,  0,  15.223,  0.98,  1, 0.00, 0.00, 0.61, 0.00, 0.66, 1.65, 0.00, 0.00, 0.92, 0.73, 0.09, 0.34, 0.00, 0.06, 0.15, 0.00, 0.00, 0.00, 0.00, 0.00, 0.00, 0.00, 1.00, 0.00, 0.00, 0.00, 0.00, 0.00, 0.00, 0.00, 0.00, 0.00, 0.00, 0.00, 0.00
455,  0,  15.256,  0.98,  1, 0.00, 0.00, 0.65, 0.00, 0.73, 1.83, 0.00, 0.00, 0.90, 0.75, 0.04, 0.24, 0.00, 0.06, 0.26, 0.02, 0.00, 0.00, 0.00, 0.00, 0.00, 0.00, 1.00, 0.00, 0.00, 0.00, 1.00, 0.00, 0.00, 0.00, 0.00, 0.00, 0.00, 0.00, 0.00
456,  0,  15.290,  0.98,  1, 0.00, 0.00, 0.72, 0.00, 0.71, 1.91, 0.00, 0.00, 0.86, 0.76, 0.04, 0.17, 0.00, 0.05, 0.40, 0.02, 0.00, 0.00, 0.00, 0.00, 0.00, 0.00, 1.00, 0.00, 0.00, 0.00, 0.00, 0.00, 0.00, 0.00, 0.00, 0.00, 0.00, 0.00, 0.00
457,  0,  15.323,  0.98,  1, 0.01, 0.00, 0.82, 0.00, 0.67, 1.83, 0.00, 0.00, 0.81, 0.77, 0.01, 0.00, 0.00, 0.04, 0.44, 0.02, 0.00, 0.00, 0.00, 0.00, 0.00, 0.00, 1.00, 0.00, 0.00, 0.00, 1.00, 0.00, 0.00, 0.00, 0.00, 0.00, 0.00, 0.00, 0.00
458,  0,  15.357,  0.98,  1, 0.01, 0.00, 0.72, 0.00, 0.66, 1.88, 0.00, 0.00, 0.81, 0.73, 0.01, 0.02, 0.00, 0.04, 0.33, 0.00, 0.00, 0.00, 0.00, 0.00, 0.00, 0.00, 1.00, 0.00, 0.00, 0.00, 1.00, 0.00, 0.00, 0.00, 0.00, 0.00, 0.00, 0.00, 0.00
459,  0,  15.391,  0.98,  1, 0.01, 0.00, 0.68, 0.00, 0.71, 1.97, 0.00, 0.00, 0.79, 0.80, 0.01, 0.02, 0.00, 0.07, 0.25, 0.00, 0.00, 0.00, 0.00, 0.00, 0.00, 0.00, 1.00, 0.00, 0.00, 0.00, 1.00, 0.00, 0.00, 0.00, 0.00, 0.00, 0.00, 0.00, 0.00
460,  0,  15.424,  0.98,  1, 0.00, 0.00, 0.61, 0.00, 0.75, 2.05, 0.00, 0.00, 0.85, 0.76, 0.00, 0.09, 0.00, 0.10, 0.35, 0.00, 0.00, 0.00, 0.00, 0.00, 0.00, 0.00, 1.00, 0.00, 0.00, 0.00, 1.00, 0.00, 0.00, 0.00, 0.00, 0.00, 0.00, 0.00, 0.00
461,  0,  15.458,  0.98,  1, 0.00, 0.00, 0.61, 0.00, 0.71, 2.11, 0.00, 0.00, 0.85, 0.75, 0.00, 0.10, 0.00, 0.10, 0.44, 0.00, 0.00, 0.00, 0.00, 0.00, 0.00, 0.00, 1.00, 0.00, 0.00, 0.00, 1.00, 0.00, 0.00, 0.00, 0.00, 0.00, 0.00, 0.00, 0.00
462,  0,  15.491,  0.98,  1, 0.00, 0.00, 0.60, 0.00, 0.67, 2.01, 0.00, 0.00, 0.89, 0.68, 0.05, 0.15, 0.00, 0.10, 0.53, 0.00, 0.00, 0.00, 0.00, 0.00, 0.00, 0.00, 1.00, 0.00, 0.00, 0.00, 1.00, 0.00, 0.00, 0.00, 0.00, 0.00, 0.00, 0.00, 0.00
463,  0,  15.525,  0.98,  1, 0.00, 0.00, 0.62, 0.00, 0.65, 1.93, 0.00, 0.00, 0.92, 0.69, 0.09, 0.13, 0.00, 0.07, 0.43, 0.00, 0.00, 0.00, 0.00, 0.00, 0.00, 0.00, 1.00, 0.00, 0.00, 0.00, 1.00, 0.00, 0.00, 0.00, 0.00, 0.00, 0.00, 0.00, 0.00
464,  0,  15.559,  0.98,  1, 0.00, 0.00, 0.60, 0.00, 0.68, 1.66, 0.00, 0.00, 0.94, 0.78, 0.10, 0.12, 0.04, 0.08, 0.33, 0.00, 0.00, 0.00, 0.00, 0.00, 0.00, 0.00, 1.00, 0.00, 0.00, 0.00, 1.00, 0.00, 0.00, 0.00, 0.00, 0.00, 0.00, 0.00, 0.00
465,  0,  15.592,  0.98,  1, 0.00, 0.00, 0.49, 0.00, 0.72, 1.57, 0.00, 0.00, 0.94, 0.85, 0.07, 0.06, 0.16, 0.07, 0.23, 0.00, 0.00, 0.00, 0.00, 0.00, 0.00, 0.00, 1.00, 0.00, 0.00, 0.00, 1.00, 0.00, 0.00, 0.00, 0.00, 0.00, 0.00, 0.00, 0.00
466,  0,  15.626,  0.98,  1, 0.00, 0.00, 0.45, 0.00, 0.75, 1.72, 0.00, 0.00, 0.97, 0.92, 0.04, 0.01, 0.21, 0.07, 0.20, 0.00, 0.00, 0.00, 0.00, 0.00, 0.00, 0.00, 1.00, 0.00, 0.00, 0.00, 1.00, 0.00, 0.00, 0.00, 0.00, 0.00, 0.00, 0.00, 0.00
467,  0,  15.659,  0.98,  1, 0.00, 0.00, 0.50, 0.00, 0.79, 1.91, 0.00, 0.00, 1.00, 0.89, 0.05, 0.00, 0.19, 0.04, 0.19, 0.01, 0.00, 0.00, 0.00, 0.00, 0.00, 0.00, 1.00, 0.00, 0.00, 0.00, 1.00, 0.00, 0.00, 0.00, 0.00, 0.00, 0.00, 0.00, 0.00
468,  0,  15.693,  0.98,  1, 0.00, 0.00, 0.59, 0.00, 0.82, 2.05, 0.00, 0.00, 1.02, 0.83, 0.09, 0.15, 0.14, 0.04, 0.09, 0.10, 0.00, 0.00, 0.00, 0.00, 0.00, 0.00, 1.00, 0.00, 0.00, 0.00, 1.00, 0.00, 0.00, 0.00, 0.00, 0.00, 0.00, 0.00, 0.00
469,  0,  15.727,  0.98,  1, 0.00, 0.00, 0.61, 0.00, 0.77, 1.87, 0.00, 0.00, 1.00, 0.70, 0.14, 0.29, 0.09, 0.09, 0.02, 0.15, 0.00, 0.00, 0.00, 0.00, 0.00, 0.00, 1.00, 0.00, 0.00, 0.00, 1.00, 0.00, 0.00, 0.00, 0.00, 0.00, 0.00, 0.00, 0.00
470,  0,  15.760,  0.98,  1, 0.00, 0.00, 0.56, 0.00, 0.76, 1.91, 0.00, 0.00, 0.98, 0.66, 0.16, 0.33, 0.08, 0.13, 0.06, 0.14, 0.00, 0.00, 0.00, 0.00, 0.00, 0.00, 1.00, 0.00, 0.00, 0.00, 1.00, 0.00, 0.00, 0.00, 0.00, 0.00, 0.00, 0.00, 0.00
471,  0,  15.794,  0.98,  1, 0.00, 0.00, 0.50, 0.00, 0.72, 1.91, 0.00, 0.00, 0.95, 0.67, 0.10, 0.29, 0.00, 0.12, 0.17, 0.06, 0.00, 0.00, 0.00, 0.00, 0.00, 0.00, 1.00, 0.00, 0.00, 0.00, 1.00, 0.00, 0.00, 0.00, 0.00, 0.00, 0.00, 0.00, 0.00
472,  0,  15.827,  0.98,  1, 0.00, 0.00, 0.45, 0.00, 0.75, 2.18, 0.00, 0.00, 0.96, 0.58, 0.06, 0.23, 0.06, 0.08, 0.24, 0.09, 0.00, 0.00, 0.00, 0.00, 0.00, 0.00, 1.00, 0.00, 0.00, 0.00, 0.00, 0.00, 0.00, 0.00, 0.00, 0.00, 0.00, 0.00, 0.00
473,  0,  15.861,  0.98,  1, 0.00, 0.00, 0.45, 0.00, 0.70, 2.24, 0.00, 0.00, 0.90, 0.54, 0.02, 0.22, 0.07, 0.05, 0.19, 0.12, 0.00, 0.00, 0.00, 0.00, 0.00, 0.00, 1.00, 0.00, 0.00, 0.00, 0.00, 0.00, 0.00, 0.00, 0.00, 0.00, 0.00, 0.00, 0.00
474,  0,  15.895,  0.98,  1, 0.00, 0.00, 0.48, 0.00, 0.68, 2.36, 0.00, 0.00, 0.89, 0.53, 0.02, 0.11, 0.14, 0.03, 0.07, 0.11, 0.00, 0.00, 0.00, 0.00, 0.00, 0.00, 1.00, 0.00, 0.00, 0.00, 1.00, 0.00, 0.00, 0.00, 0.00, 0.00, 0.00, 0.00, 0.00
475,  0,  15.928,  0.98,  1, 0.00, 0.00, 0.54, 0.00, 0.65, 2.20, 0.00, 0.00, 0.85, 0.63, 0.02, 0.06, 0.11, 0.03, 0.00, 0.03, 0.00, 0.00, 0.00, 0.00, 0.00, 0.00, 1.00, 0.00, 0.00, 0.00, 1.00, 0.00, 0.00, 0.00, 0.00, 0.00, 0.00, 0.00, 0.00
476,  0,  15.962,  0.98,  1, 0.05, 0.00, 0.64, 0.00, 0.65, 2.29, 0.00, 0.00, 0.88, 0.80, 0.02, 0.05, 0.16, 0.00, 0.00, 0.03, 0.00, 0.00, 0.00, 0.00, 0.00, 0.00, 1.00, 0.00, 0.00, 0.00, 1.00, 0.00, 0.00, 0.00, 0.00, 0.00, 0.00, 0.00, 0.00
477,  0,  15.995,  0.98,  1, 0.05, 0.00, 0.73, 0.00, 0.66, 2.22, 0.00, 0.00, 0.87, 0.86, 0.02, 0.05, 0.13, 0.00, 0.03, 0.03, 0.00, 0.00, 0.00, 0.00, 0.00, 0.00, 1.00, 0.00, 0.00, 0.00, 1.00, 0.00, 0.00, 0.00, 0.00, 0.00, 0.00, 0.00, 0.00
478,  0,  16.029,  0.98,  1, 0.06, 0.00, 0.80, 0.00, 0.68, 2.26, 0.00, 0.00, 0.85, 0.92, 0.00, 0.11, 0.09, 0.00, 0.06, 0.03, 0.00, 0.00, 0.00, 0.00, 0.00, 0.00, 1.00, 0.00, 0.00, 0.00, 1.00, 0.00, 0.00, 0.00, 0.00, 0.00, 0.00, 0.00, 0.00
479,  0,  16.063,  0.98,  1, 0.04, 0.00, 0.77, 0.00, 0.74, 2.23, 0.00, 0.00, 0.82, 0.82, 0.00, 0.19, 0.04, 0.00, 0.06, 0.00, 0.00, 0.00, 0.00, 0.00, 0.00, 0.00, 1.00, 0.00, 0.00, 0.00, 1.00, 0.00, 0.00, 0.00, 0.00, 0.00, 0.00, 0.00, 0.00
480,  0,  16.096,  0.98,  1, 0.06, 0.00, 0.86, 0.00, 0.76, 2.02, 0.00, 0.00, 0.80, 0.91, 0.00, 0.28, 0.04, 0.00, 0.03, 0.00, 0.00, 0.00, 0.00, 0.00, 0.00, 0.00, 1.00, 0.00, 0.00, 0.00, 1.00, 0.00, 0.00, 0.00, 0.00, 0.00, 0.00, 0.00, 0.00
481,  0,  16.130,  0.98,  1, 0.09, 0.00, 0.79, 0.00, 0.72, 1.97, 0.00, 0.00, 0.79, 0.93, 0.00, 0.29, 0.06, 0.00, 0.01, 0.00, 0.00, 0.00, 0.00, 0.00, 0.00, 0.00, 1.00, 0.00, 0.00, 0.00, 1.00, 0.00, 0.00, 0.00, 0.00, 0.00, 0.00, 0.00, 0.00
482,  0,  16.164,  0.98,  1, 0.06, 0.00, 0.82, 0.00, 0.77, 1.88, 0.00, 0.00, 0.80, 0.86, 0.00, 0.33, 0.05, 0.00, 0.05, 0.00, 0.00, 0.00, 0.00, 0.00, 0.00, 0.00, 1.00, 0.00, 0.00, 0.00, 1.00, 0.00, 0.00, 0.00, 0.00, 0.00, 0.00, 0.00, 0.00
483,  0,  16.197,  0.98,  1, 0.05, 0.00, 0.66, 0.00, 0.71, 2.00, 0.00, 0.00, 0.80, 0.80, 0.00, 0.36, 0.03, 0.00, 0.08, 0.00, 0.00, 0.00, 0.00, 0.00, 0.00, 0.00, 1.00, 0.00, 0.00, 0.00, 1.00, 0.00, 0.00, 0.00, 0.00, 0.00, 0.00, 0.00, 0.00
484,  0,  16.231,  0.98,  1, 0.00, 0.00, 0.63, 0.00, 0.72, 1.80, 0.00, 0.00, 0.79, 0.72, 0.00, 0.35, 0.07, 0.00, 0.11, 0.00, 0.00, 0.00, 0.00, 0.00, 0.00, 0.00, 1.00, 0.00, 0.00, 0.00, 1.00, 0.00, 0.00, 0.00, 0.00, 0.00, 0.00, 0.00, 0.00
485,  0,  16.264,  0.98,  1, 0.00, 0.00, 0.48, 0.00, 0.63, 1.70, 0.00, 0.00, 0.81, 0.80, 0.02, 0.35, 0.12, 0.00, 0.07, 0.00, 0.00, 0.00, 0.00, 0.00, 0.00, 0.00, 1.00, 0.00, 0.00, 0.00, 1.00, 0.00, 0.00, 0.00, 0.00, 0.00, 0.00, 0.00, 0.00
486,  0,  16.298,  0.98,  1, 0.00, 0.00, 0.54, 0.00, 0.67, 1.81, 0.00, 0.00, 0.84, 0.81, 0.05, 0.37, 0.12, 0.00, 0.08, 0.00, 0.00, 0.00, 0.00, 0.00, 0.00, 0.00, 1.00, 0.00, 0.00, 0.00, 1.00, 0.00, 0.00, 0.00, 0.00, 0.00, 0.00, 0.00, 0.00
487,  0,  16.332,  0.98,  1, 0.09, 0.03, 0.52, 0.00, 0.64, 1.91, 0.00, 0.00, 0.85, 0.96, 0.11, 0.31, 0.14, 0.00, 0.04, 0.00, 0.00, 0.00, 0.00, 0.00, 0.00, 0.00, 1.00, 0.00, 0.00, 0.00, 1.00, 0.00, 0.00, 0.00, 0.00, 0.00, 0.00, 0.00, 0.00
488,  0,  16.365,  0.98,  1, 0.09, 0.03, 0.52, 0.00, 0.71, 1.96, 0.00, 0.00, 0.86, 0.97, 0.10, 0.19, 0.10, 0.00, 0.12, 0.00, 0.00, 0.00, 0.00, 0.00, 0.00, 0.00, 1.00, 0.00, 0.00, 0.00, 1.00, 0.00, 0.00, 0.00, 0.00, 0.00, 0.00, 0.00, 0.00
489,  0,  16.399,  0.98,  1, 0.09, 0.03, 0.47, 0.00, 0.76, 1.82, 0.00, 0.00, 0.88, 1.01, 0.08, 0.09, 0.18, 0.00, 0.10, 0.01, 0.00, 0.00, 0.00, 0.00, 0.00, 0.00, 1.00, 0.00, 0.00, 0.00, 1.00, 0.00, 0.00, 0.00, 0.00, 0.00, 0.00, 0.00, 0.00
490,  0,  16.432,  0.98,  1, 0.00, 0.00, 0.57, 0.00, 0.82, 1.96, 0.00, 0.01, 0.92, 0.95, 0.07, 0.13, 0.16, 0.00, 0.11, 0.01, 0.00, 0.00, 0.00, 0.00, 0.00, 0.00, 1.00, 0.00, 0.00, 0.00, 1.00, 0.00, 0.00, 0.00, 0.00, 0.00, 0.00, 0.00, 0.00
491,  0,  16.466,  0.98,  1, 0.00, 0.00, 0.70, 0.00, 0.81, 1.99, 0.00, 0.01, 0.92, 0.98, 0.15, 0.24, 0.29, 0.00, 0.04, 0.01, 0.00, 0.00, 0.00, 0.00, 0.00, 0.00, 1.00, 0.00, 0.00, 0.00, 1.00, 0.00, 0.00, 0.00, 0.00, 0.00, 0.00, 0.00, 0.00
492,  0,  16.500,  0.98,  1, 0.06, 0.00, 0.78, 0.00, 0.80, 2.03, 0.00, 0.01, 0.88, 0.93, 0.22, 0.30, 0.31, 0.03, 0.02, 0.00, 0.00, 0.00, 0.00, 0.00, 0.00, 0.00, 1.00, 0.00, 0.00, 0.00, 1.00, 0.00, 0.00, 0.00, 0.00, 0.00, 0.00, 0.00, 0.00
493,  0,  16.533,  0.98,  1, 0.06, 0.00, 0.69, 0.00, 0.82, 2.07, 0.00, 0.00, 0.87, 0.98, 0.22, 0.29, 0.30, 0.06, 0.00, 0.00, 0.00, 0.00, 0.00, 0.00, 0.00, 0.00, 1.00, 0.00, 0.00, 0.00, 1.00, 0.00, 0.00, 0.00, 0.00, 0.00, 0.00, 0.00, 0.00
494,  0,  16.567,  0.98,  1, 0.08, 0.00, 0.65, 0.00, 0.83, 2.18, 0.00, 0.00, 0.84, 0.98, 0.24, 0.30, 0.15, 0.07, 0.01, 0.00, 0.00, 0.00, 0.00, 0.00, 0.00, 0.00, 1.00, 0.00, 0.00, 0.00, 1.00, 0.00, 0.00, 0.00, 0.00, 0.00, 0.00, 0.00, 0.00
495,  0,  16.600,  0.98,  1, 0.12, 0.00, 0.75, 0.00, 0.85, 2.21, 0.00, 0.00, 0.88, 1.08, 0.27, 0.33, 0.11, 0.04, 0.02, 0.04, 0.00, 0.00, 0.00, 0.00, 0.00, 0.00, 1.00, 0.00, 0.00, 0.00, 1.00, 0.00, 0.00, 0.00, 0.00, 0.00, 0.00, 0.00, 0.00
496,  0,  16.634,  0.98,  1, 0.16, 0.00, 0.90, 0.00, 0.90, 2.19, 0.00, 0.00, 0.90, 1.10, 0.25, 0.36, 0.16, 0.02, 0.02, 0.04, 0.00, 0.00, 0.00, 0.00, 0.00, 0.00, 1.00, 0.00, 0.00, 0.00, 1.00, 0.00, 0.00, 0.00, 0.00, 0.00, 0.00, 0.00, 0.00
497,  0,  16.668,  0.98,  1, 0.26, 0.00, 1.00, 0.00, 0.92, 2.06, 0.00, 0.00, 0.92, 1.22, 0.15, 0.42, 0.22, 0.03, 0.03, 0.04, 0.00, 0.00, 0.00, 0.00, 0.00, 0.00, 1.00, 0.00, 0.00, 0.00, 1.00, 0.00, 0.00, 0.00, 0.00, 0.00, 0.00, 0.00, 0.00
498,  0,  16.701,  0.98,  1, 0.23, 0.00, 0.90, 0.00, 0.93, 2.00, 0.00, 0.00, 0.91, 1.19, 0.07, 0.47, 0.17, 0.04, 0.05, 0.00, 0.00, 0.00, 0.00, 0.00, 0.00, 0.00, 1.00, 0.00, 0.00, 0.00, 1.00, 0.00, 0.00, 0.00, 0.00, 0.00, 0.00, 0.00, 0.00
499,  0,  16.735,  0.98,  1, 0.27, 0.00, 0.94, 0.00, 0.91, 1.99, 0.00, 0.00, 0.87, 1.17, 0.02, 0.60, 0.20, 0.07, 0.11, 0.02, 0.00, 0.00, 0.00, 0.00, 1.00, 0.00, 1.00, 0.00, 0.00, 0.00, 1.00, 0.00, 0.00, 0.00, 0.00, 0.00, 0.00, 0.00, 0.00
500,  0,  16.768,  0.98,  1, 0.16, 0.00, 0.92, 0.00, 0.90, 2.06, 0.00, 0.00, 0.84, 1.13, 0.03, 0.65, 0.15, 0.09, 0.11, 0.02, 0.00, 0.00, 0.00, 0.00, 1.00, 0.00, 1.00, 0.00, 0.00, 0.00, 1.00, 0.00, 0.00, 0.00, 0.00, 0.00, 0.00, 0.00, 0.00
501,  0,  16.802,  0.98,  1, 0.13, 0.00, 1.01, 0.00, 0.91, 2.14, 0.00, 0.00, 0.85, 1.11, 0.04, 0.72, 0.17, 0.10, 0.10, 0.02, 0.00, 0.00, 0.00, 0.00, 1.00, 0.00, 1.00, 0.00, 0.00, 0.00, 1.00, 0.00, 0.00, 0.00, 0.00, 0.00, 0.00, 0.00, 0.00
502,  0,  16.836,  0.98,  1, 0.12, 0.00, 0.99, 0.00, 0.94, 2.21, 0.00, 0.00, 0.89, 1.16, 0.04, 0.62, 0.07, 0.09, 0.04, 0.00, 0.00, 0.00, 0.00, 0.00, 0.00, 0.00, 1.00, 0.00, 0.00, 0.00, 1.00, 0.00, 0.00, 0.00, 0.00, 0.00, 0.00, 0.00, 0.00
503,  0,  16.869,  0.98,  1, 0.23, 0.00, 1.01, 0.00, 0.95, 2.30, 0.00, 0.00, 0.90, 1.09, 0.02, 0.53, 0.04, 0.04, 0.02, 0.00, 0.00, 0.00, 0.00, 0.00, 1.00, 0.00, 1.00, 0.00, 0.00, 0.00, 1.00, 0.00, 0.00, 0.00, 0.00, 0.00, 0.00, 0.00, 0.00
504,  0,  16.903,  0.98,  1, 0.26, 0.00, 0.93, 0.00, 0.97, 2.44, 0.00, 0.07, 0.89, 1.08, 0.01, 0.46, 0.09, 0.03, 0.00, 0.00, 0.00, 0.00, 0.00, 0.00, 1.00, 0.00, 1.00, 0.00, 0.00, 0.00, 1.00, 0.00, 0.00, 0.00, 0.00, 0.00, 0.00, 0.00, 0.00
505,  0,  16.936,  0.98,  1, 0.26, 0.00, 0.93, 0.00, 0.93, 2.65, 0.00, 0.15, 0.89, 0.88, 0.11, 0.52, 0.08, 0.06, 0.00, 0.00, 0.00, 0.00, 0.00, 0.00, 0.00, 0.00, 1.00, 0.00, 0.00, 0.00, 1.00, 0.00, 0.00, 0.00, 0.00, 0.00, 0.00, 0.00, 0.00
506,  0,  16.970,  0.98,  1, 0.24, 0.04, 1.00, 0.00, 0.84, 2.54, 0.00, 0.15, 0.92, 0.78, 0.18, 0.62, 0.17, 0.08, 0.00, 0.00, 0.00, 0.00, 0.00, 0.00, 0.00, 0.00, 1.00, 0.00, 0.00, 0.00, 1.00, 0.00, 0.00, 0.00, 0.00, 0.00, 0.00, 0.00, 0.00
507,  0,  17.004,  0.98,  1, 0.19, 0.07, 0.92, 0.00, 0.77, 2.46, 0.00, 0.12, 0.97, 0.78, 0.16, 0.65, 0.15, 0.09, 0.00, 0.00, 0.00, 0.00, 0.00, 0.00, 0.00, 0.00, 1.00, 0.00, 0.00, 0.00, 1.00, 0.00, 0.00, 0.00, 0.00, 0.00, 0.00, 0.00, 0.00
508,  0,  17.037,  0.98,  1, 0.29, 0.07, 0.90, 0.00, 0.74, 2.15, 0.00, 0.05, 0.94, 0.99, 0.06, 0.65, 0.13, 0.04, 0.00, 0.00, 0.00, 0.00, 0.00, 0.00, 0.00, 0.00, 1.00, 0.00, 0.00, 0.00, 1.00, 0.00, 0.00, 0.00, 0.00, 0.00, 0.00, 0.00, 0.00
509,  0,  17.071,  0.98,  1, 0.22, 0.04, 0.75, 0.00, 0.83, 2.11, 0.00, 0.05, 0.98, 1.04, 0.03, 0.57, 0.19, 0.03, 0.06, 0.00, 0.00, 0.00, 0.00, 0.00, 1.00, 0.00, 1.00, 0.00, 0.00, 0.00, 0.00, 0.00, 0.00, 0.00, 0.00, 0.00, 0.00, 0.00, 0.00
510,  0,  17.104,  0.98,  1, 0.25, 0.00, 0.75, 0.00, 0.93, 2.12, 0.00, 0.03, 1.03, 1.07, 0.03, 0.56, 0.17, 0.02, 0.19, 0.00, 0.00, 0.00, 0.00, 0.00, 0.00, 0.00, 1.00, 0.00, 0.00, 0.00, 1.00, 0.00, 0.00, 0.00, 0.00, 0.00, 0.00, 0.00, 0.00
511,  0,  17.138,  0.98,  1, 0.06, 0.00, 0.55, 0.00, 1.00, 2.01, 0.00, 0.08, 1.10, 0.84, 0.03, 0.52, 0.17, 0.07, 0.30, 0.00, 0.00, 0.00, 0.00, 0.00, 0.00, 0.00, 1.00, 0.00, 0.00, 0.00, 1.00, 0.00, 0.00, 0.00, 0.00, 0.00, 0.00, 0.00, 0.00
512,  0,  17.172,  0.98,  1, 0.09, 0.00, 0.45, 0.00, 1.04, 2.13, 0.00, 0.08, 1.09, 0.94, 0.00, 0.52, 0.07, 0.06, 0.40, 0.00, 0.00, 0.00, 0.00, 0.00, 0.00, 0.00, 1.00, 0.00, 0.00, 0.00, 0.00, 0.00, 0.00, 0.00, 0.00, 0.00, 0.00, 0.00, 0.00
513,  0,  17.205,  0.98,  1, 0.08, 0.00, 0.52, 0.00, 1.06, 2.19, 0.00, 0.15, 1.09, 0.78, 0.05, 0.43, 0.21, 0.06, 0.38, 0.00, 0.00, 0.00, 0.00, 0.00, 0.00, 0.00, 1.00, 0.00, 0.00, 0.00, 0.00, 0.00, 0.00, 0.00, 0.00, 0.00, 0.00, 0.00, 0.00
514,  0,  17.239,  0.98,  1, 0.13, 0.03, 0.71, 0.00, 1.04, 2.30, 0.00, 0.09, 1.10, 0.79, 0.12, 0.45, 0.33, 0.01, 0.38, 0.00, 0.00, 0.00, 0.00, 0.00, 0.00, 0.00, 1.00, 0.00, 0.00, 0.00, 0.00, 0.00, 0.00, 0.00, 0.00, 0.00, 0.00, 0.00, 0.00
515,  0,  17.272,  0.98,  1, 0.15, 0.19, 0.82, 0.00, 0.95, 2.05, 0.00, 0.11, 1.12, 0.64, 0.19, 0.54, 0.30, 0.00, 0.26, 0.00, 0.00, 0.00, 0.00, 0.00, 0.00, 0.00, 1.00, 0.00, 0.00, 0.00, 0.00, 0.00, 0.00, 0.00, 0.00, 0.00, 0.00, 0.00, 0.00
516,  0,  17.306,  0.98,  1, 0.38, 0.54, 0.71, 0.00, 0.84, 2.08, 0.00, 0.05, 1.14, 0.71, 0.25, 0.70, 0.34, 0.00, 0.14, 0.00, 0.00, 0.00, 0.00, 0.00, 0.00, 0.00, 1.00, 0.00, 0.00, 0.00, 0.00, 0.00, 0.00, 0.00, 0.00, 0.00, 0.00, 0.00, 0.00
517,  0,  17.340,  0.98,  1, 0.79, 0.85, 0.69, 0.00, 0.76, 2.21, 0.00, 0.11, 1.16, 0.87, 0.29, 0.91, 0.39, 0.00, 0.20, 0.00, 0.10, 0.00, 0.00, 0.00, 0.00, 0.00, 1.00, 0.00, 0.00, 0.00, 0.00, 0.00, 1.00, 0.00, 0.00, 0.00, 0.00, 0.00, 0.00
518,  0,  17.373,  0.98,  1, 1.15, 0.79, 0.71, 0.00, 0.77, 2.53, 0.00, 0.13, 1.14, 0.83, 0.27, 1.05, 0.60, 0.00, 0.16, 0.00, 0.13, 0.00, 0.00, 0.00, 0.00, 0.00, 1.00, 0.00, 0.00, 0.00, 0.00, 0.00, 1.00, 0.00, 0.00, 0.00, 0.00, 0.00, 0.00
519,  0,  17.407,  0.98,  1, 1.25, 0.69, 0.77, 0.00, 0.85, 2.59, 0.00, 0.26, 1.10, 0.82, 0.33, 1.05, 0.41, 0.00, 0.24, 0.00, 0.17, 0.00, 0.00, 0.00, 0.00, 0.00, 1.00, 0.00, 0.00, 0.00, 0.00, 0.00, 1.00, 0.00, 0.00, 0.00, 0.00, 0.00, 0.00
520,  0,  17.440,  0.98,  1, 1.02, 0.36, 0.67, 0.00, 0.96, 2.70, 0.00, 0.43, 1.05, 0.77, 0.28, 1.01, 0.39, 0.00, 0.09, 0.00, 0.07, 0.00, 0.00, 0.00, 0.00, 0.00, 1.00, 0.00, 0.00, 0.00, 0.00, 1.00, 1.00, 0.00, 0.00, 0.00, 0.00, 0.00, 0.00
521,  0,  17.474,  0.98,  1, 0.87, 0.36, 0.73, 0.00, 0.95, 2.53, 0.00, 0.58, 1.05, 0.83, 0.47, 0.87, 0.28, 0.00, 0.09, 0.04, 0.04, 0.00, 0.00, 0.00, 0.00, 0.00, 1.00, 0.00, 0.00, 0.00, 0.00, 1.00, 1.00, 0.00, 0.00, 0.00, 0.00, 0.00, 0.00
522,  0,  17.508,  0.98,  1, 0.77, 0.34, 0.82, 0.00, 0.89, 2.30, 0.00, 0.43, 1.03, 0.85, 0.41, 0.97, 0.45, 0.00, 0.01, 0.04, 0.00, 0.00, 0.00, 0.00, 0.00, 0.00, 1.00, 0.00, 0.00, 0.00, 0.00, 1.00, 1.00, 0.00, 0.00, 0.00, 0.00, 0.00, 0.00
523,  0,  17.541,  0.98,  1, 0.71, 0.46, 0.84, 0.00, 0.78, 2.11, 0.00, 0.21, 1.04, 0.77, 0.46, 0.83, 0.39, 0.02, 0.08, 0.04, 0.00, 0.00, 0.00, 0.00, 0.00, 0.00, 1.00, 0.00, 0.00, 0.00, 0.00, 1.00, 1.00, 0.00, 0.00, 0.00, 0.00, 0.00, 0.00
524,  0,  17.575,  0.98,  1, 0.52, 0.35, 0.74, 0.00, 0.78, 2.10, 0.00, 0.02, 0.95, 0.75, 0.28, 0.86, 0.32, 0.04, 0.11, 0.00, 0.00, 0.00, 0.00, 0.00, 0.00, 0.00, 1.00, 0.00, 0.00, 0.00, 0.00, 1.00, 1.00, 0.00, 0.00, 0.00, 0.00, 0.00, 0.00
525,  0,  17.608,  0.98,  1, 0.50, 0.26, 0.75, 0.00, 0.80, 2.37, 0.00, 0.14, 0.92, 0.82, 0.20, 0.85, 0.16, 0.04, 0.11, 0.00, 0.00, 0.00, 0.00, 0.00, 0.00, 0.00, 1.00, 0.00, 0.00, 0.00, 0.00, 0.00, 0.00, 0.00, 0.00, 0.00, 0.00, 0.00, 0.00
526,  0,  17.642,  0.98,  1, 0.39, 0.15, 0.78, 0.00, 0.81, 2.39, 0.00, 0.16, 0.80, 0.99, 0.18, 0.84, 0.23, 0.08, 0.04, 0.00, 0.00, 0.00, 0.00, 0.00, 0.00, 0.00, 1.00, 0.00, 0.00, 0.00, 1.00, 0.00, 0.00, 0.00, 0.00, 0.00, 0.00, 0.00, 0.00
527,  0,  17.676,  0.98,  1, 0.32, 0.15, 0.75, 0.00, 0.86, 2.51, 0.00, 0.17, 0.83, 1.11, 0.31, 0.74, 0.17, 0.05, 0.03, 0.00, 0.00, 0.00, 0.00, 0.00, 0.00, 0.00, 1.00, 0.00, 0.00, 0.00, 1.00, 0.00, 0.00, 0.00, 0.00, 0.00, 0.00, 0.00, 0.00
528,  0,  17.709,  0.98,  1, 0.10, 0.00, 0.65, 0.00, 0.82, 2.41, 0.00, 0.03, 0.89, 1.13, 0.46, 0.55, 0.16, 0.05, 0.03, 0.00, 0.00, 0.00, 0.00, 0.00, 0.00, 0.00, 1.00, 0.00, 0.00, 0.00, 1.00, 0.00, 0.00, 0.00, 0.00, 0.00, 0.00, 0.00, 0.00
529,  0,  17.743,  0.98,  1, 0.13, 0.08, 0.62, 0.00, 0.85, 2.48, 0.00, 0.08, 1.03, 1.08, 0.55, 0.51, 0.08, 0.00, 0.13, 0.00, 0.00, 0.00, 0.00, 0.00, 0.00, 0.00, 1.00, 0.00, 0.00, 0.00, 1.00, 0.00, 0.00, 0.00, 0.00, 0.00, 0.00, 0.00, 0.00
530,  0,  17.776,  0.98,  1, 0.25, 0.11, 0.57, 0.00, 0.82, 2.47, 0.00, 0.13, 1.05, 1.14, 0.43, 0.48, 0.14, 0.00, 0.13, 0.02, 0.00, 0.00, 0.00, 0.00, 0.00, 0.00, 1.00, 0.00, 0.00, 0.00, 1.00, 0.00, 0.00, 0.00, 0.00, 0.00, 0.00, 0.00, 0.00
531,  0,  17.810,  0.98,  1, 0.29, 0.11, 0.58, 0.00, 0.83, 2.29, 0.00, 0.20, 1.00, 1.25, 0.44, 0.42, 0.26, 0.00, 0.20, 0.02, 0.00, 0.00, 0.00, 0.00, 0.00, 0.00, 1.00, 0.00, 0.00, 0.00, 1.00, 0.00, 0.00, 0.00, 0.00, 0.00, 0.00, 0.00, 0.00
532,  0,  17.844,  0.98,  1, 0.36, 0.15, 0.66, 0.00, 0.86, 2.06, 0.00, 0.13, 0.99, 1.34, 0.42, 0.29, 0.38, 0.00, 0.18, 0.02, 0.00, 0.00, 0.00, 0.00, 0.00, 0.00, 1.00, 0.00, 0.00, 0.00, 1.00, 0.00, 0.00, 0.00, 0.00, 0.00, 0.00, 0.00, 0.00
533,  0,  17.877,  0.98,  1, 0.36, 0.28, 0.70, 0.00, 0.94, 2.07, 0.00, 0.07, 0.98, 1.31, 0.49, 0.22, 0.36, 0.00, 0.27, 0.02, 0.00, 0.00, 0.00, 0.00, 0.00, 0.00, 1.00, 0.00, 0.00, 0.00, 1.00, 0.00, 0.00, 0.00, 0.00, 0.00, 0.00, 0.00, 0.00
534,  0,  17.911,  0.98,  1, 0.32, 0.29, 0.70, 0.00, 1.01, 2.09, 0.00, 0.02, 0.97, 1.20, 0.47, 0.22, 0.40, 0.00, 0.33, 0.02, 0.00, 0.00, 0.00, 0.00, 0.00, 0.00, 1.00, 0.00, 0.00, 0.00, 1.00, 0.00, 0.00, 0.00, 0.00, 0.00, 0.00, 0.00, 0.00
535,  0,  17.945,  0.98,  1, 0.18, 0.17, 0.57, 0.00, 1.04, 2.29, 0.00, 0.02, 0.94, 1.14, 0.37, 0.26, 0.37, 0.00, 0.37, 0.02, 0.00, 0.00, 0.00, 0.00, 0.00, 0.00, 1.00, 0.00, 0.00, 0.00, 1.00, 0.00, 0.00, 0.00, 0.00, 0.00, 0.00, 0.00, 0.00
536,  0,  17.978,  0.98,  1, 0.10, 0.15, 0.58, 0.00, 1.03, 2.44, 0.00, 0.02, 0.93, 1.02, 0.33, 0.25, 0.35, 0.00, 0.36, 0.00, 0.00, 0.00, 0.00, 0.00, 0.00, 0.00, 1.00, 0.00, 0.00, 0.00, 1.00, 0.00, 0.00, 0.00, 0.00, 0.00, 0.00, 0.00, 0.00
537,  0,  18.012,  0.98,  1, 0.10, 0.14, 0.59, 0.00, 0.93, 2.51, 0.00, 0.00, 0.94, 0.91, 0.25, 0.22, 0.23, 0.00, 0.28, 0.00, 0.00, 0.00, 0.00, 0.00, 0.00, 0.00, 1.00, 0.00, 0.00, 0.00, 1.00, 0.00, 0.00, 0.00, 0.00, 0.00, 0.00, 0.00, 0.00
538,  0,  18.045,  0.98,  1, 0.07, 0.14, 0.62, 0.00, 0.91, 2.53, 0.00, 0.08, 0.93, 0.88, 0.40, 0.14, 0.27, 0.00, 0.28, 0.00, 0.00, 0.00, 0.00, 0.00, 0.00, 0.00, 1.00, 0.00, 0.00, 0.00, 1.00, 0.00, 0.00, 0.00, 0.00, 0.00, 0.00, 0.00, 0.00
539,  0,  18.079,  0.98,  1, 0.20, 0.16, 0.58, 0.00, 0.87, 2.25, 0.00, 0.10, 0.90, 0.86, 0.41, 0.21, 0.39, 0.00, 0.17, 0.00, 0.00, 0.00, 0.00, 0.00, 0.00, 0.00, 1.00, 0.00, 0.00, 0.00, 1.00, 0.00, 0.00, 0.00, 0.00, 0.00, 0.00, 0.00, 0.00
540,  0,  18.113,  0.98,  1, 0.32, 0.16, 0.49, 0.00, 0.85, 2.12, 0.00, 0.18, 0.89, 0.85, 0.35, 0.27, 0.57, 0.00, 0.14, 0.00, 0.00, 0.00, 0.00, 0.00, 0.00, 0.00, 1.00, 0.00, 0.00, 0.00, 1.00, 0.00, 0.00, 0.00, 0.00, 0.00, 0.00, 0.00, 0.00
541,  0,  18.146,  0.98,  1, 0.52, 0.35, 0.42, 0.00, 0.79, 1.91, 0.00, 0.12, 0.83, 0.96, 0.14, 0.35, 0.53, 0.00, 0.11, 0.00, 0.00, 0.00, 0.00, 0.00, 0.00, 0.00, 1.00, 0.00, 0.00, 0.00, 1.00, 0.00, 0.00, 0.00, 0.00, 0.00, 0.00, 0.00, 0.00
542,  0,  18.180,  0.98,  1, 0.54, 0.41, 0.34, 0.00, 0.79, 1.99, 0.00, 0.10, 0.86, 1.14, 0.11, 0.26, 0.51, 0.00, 0.17, 0.00, 0.00, 0.00, 0.00, 0.00, 0.00, 0.00, 1.00, 0.00, 0.00, 0.00, 1.00, 0.00, 0.00, 0.00, 0.00, 0.00, 0.00, 0.00, 0.00
543,  0,  18.213,  0.98,  1, 0.60, 0.47, 0.36, 0.00, 0.87, 2.14, 0.00, 0.02, 0.88, 1.24, 0.21, 0.28, 0.50, 0.00, 0.20, 0.00, 0.00, 0.00, 0.00, 0.00, 0.00, 0.00, 1.00, 0.00, 0.00, 0.00, 1.00, 0.00, 0.00, 0.00, 0.00, 0.00, 0.00, 0.00, 0.00
544,  0,  18.247,  0.98,  1, 0.50, 0.29, 0.50, 0.00, 0.97, 2.38, 0.00, 0.00, 0.94, 1.13, 0.27, 0.28, 0.58, 0.00, 0.22, 0.00, 0.00, 0.00, 0.00, 0.00, 0.00, 0.00, 1.00, 0.00, 0.00, 0.00, 1.00, 0.00, 0.00, 0.00, 0.00, 0.00, 0.00, 0.00, 0.00
545,  0,  18.281,  0.98,  1, 0.43, 0.13, 0.59, 0.00, 1.00, 2.52, 0.00, 0.00, 0.95, 0.97, 0.35, 0.29, 0.52, 0.00, 0.15, 0.00, 0.00, 0.00, 0.00, 0.00, 0.00, 0.00, 1.00, 0.00, 0.00, 0.00, 1.00, 0.00, 0.00, 0.00, 0.00, 0.00, 0.00, 0.00, 0.00
546,  0,  18.314,  0.98,  1, 0.34, 0.21, 0.55, 0.00, 0.94, 2.62, 0.00, 0.00, 0.91, 0.93, 0.36, 0.29, 0.49, 0.00, 0.17, 0.00, 0.00, 0.00, 0.00, 0.00, 0.00, 0.00, 1.00, 0.00, 0.00, 0.00, 1.00, 0.00, 0.00, 0.00, 0.00, 0.00, 0.00, 0.00, 0.00
547,  0,  18.348,  0.98,  1, 0.44, 0.33, 0.40, 0.00, 0.88, 2.49, 0.00, 0.00, 0.89, 0.83, 0.30, 0.25, 0.43, 0.00, 0.13, 0.00, 0.00, 0.00, 0.00, 0.00, 0.00, 0.00, 1.00, 0.00, 0.00, 0.00, 1.00, 0.00, 0.00, 0.00, 0.00, 0.00, 0.00, 0.00, 0.00
548,  0,  18.381,  0.98,  1, 0.48, 0.25, 0.34, 0.00, 0.88, 2.33, 0.00, 0.00, 0.87, 0.87, 0.22, 0.23, 0.58, 0.00, 0.13, 0.00, 0.00, 0.00, 1.00, 0.00, 0.00, 0.00, 1.00, 0.00, 0.00, 0.00, 1.00, 0.00, 0.00, 0.00, 0.00, 0.00, 0.00, 0.00, 0.00
549,  0,  18.415,  0.98,  1, 0.52, 0.11, 0.37, 0.00, 0.97, 2.24, 0.00, 0.05, 0.93, 0.88, 0.20, 0.20, 0.56, 0.00, 0.13, 0.00, 0.00, 0.00, 0.00, 0.00, 0.00, 0.00, 1.00, 0.00, 0.00, 0.00, 1.00, 0.00, 0.00, 0.00, 0.00, 0.00, 0.00, 0.00, 0.00
550,  0,  18.449,  0.98,  1, 0.52, 0.15, 0.48, 0.00, 0.88, 2.42, 0.00, 0.05, 0.93, 1.09, 0.27, 0.34, 0.55, 0.00, 0.09, 0.00, 0.00, 0.00, 0.00, 0.00, 0.00, 0.00, 1.00, 0.00, 0.00, 0.00, 1.00, 0.00, 0.00, 0.00, 0.00, 0.00, 0.00, 0.00, 0.00
551,  0,  18.482,  0.98,  1, 0.61, 0.28, 0.64, 0.00, 0.82, 2.45, 0.00, 0.05, 0.89, 1.19, 0.26, 0.41, 0.47, 0.00, 0.11, 0.00, 0.00, 0.00, 0.00, 0.00, 0.00, 0.00, 1.00, 0.00, 0.00, 0.00, 1.00, 0.00, 0.00, 0.00, 0.00, 0.00, 0.00, 0.00, 0.00
552,  0,  18.516,  0.98,  1, 0.63, 0.47, 0.67, 0.00, 0.69, 2.31, 0.00, 0.00, 0.83, 1.26, 0.15, 0.36, 0.43, 0.00, 0.12, 0.00, 0.00, 0.00, 0.00, 0.00, 0.00, 0.00, 1.00, 0.00, 0.00, 0.00, 1.00, 0.00, 0.00, 0.00, 0.00, 0.00, 0.00, 0.00, 0.00
553,  0,  18.549,  0.98,  1, 0.61, 0.54, 0.71, 0.00, 0.73, 2.15, 0.00, 0.00, 0.84, 1.17, 0.08, 0.28, 0.32, 0.00, 0.18, 0.00, 0.00, 0.00, 1.00, 0.00, 0.00, 0.00, 1.00, 0.00, 0.00, 0.00, 1.00, 0.00, 0.00, 0.00, 0.00, 0.00, 0.00, 0.00, 0.00
554,  0,  18.583,  0.98,  1, 0.52, 0.50, 0.66, 0.00, 0.71, 2.00, 0.00, 0.00, 0.91, 1.14, 0.02, 0.25, 0.27, 0.00, 0.30, 0.00, 0.00, 0.00, 1.00, 0.00, 0.00, 0.00, 1.00, 0.00, 0.00, 0.00, 1.00, 0.00, 0.00, 0.00, 0.00, 0.00, 0.00, 0.00, 0.00
555,  0,  18.617,  0.98,  1, 0.52, 0.46, 0.70, 0.00, 0.73, 2.08, 0.00, 0.00, 0.95, 1.06, 0.01, 0.34, 0.22, 0.00, 0.30, 0.00, 0.00, 0.00, 1.00, 0.00, 0.00, 0.00, 1.00, 0.00, 0.00, 0.00, 1.00, 0.00, 0.00, 0.00, 0.00, 0.00, 0.00, 0.00, 0.00
556,  0,  18.650,  0.98,  1, 0.58, 0.49, 0.63, 0.00, 0.68, 2.15, 0.00, 0.00, 0.95, 1.14, 0.01, 0.33, 0.17, 0.00, 0.35, 0.05, 0.00, 0.00, 1.00, 0.00, 0.00, 0.00, 1.00, 0.00, 0.00, 0.00, 1.00, 0.00, 0.00, 0.00, 0.00, 0.00, 0.00, 0.00, 0.00
557,  0,  18.684,  0.98,  1, 0.63, 0.64, 0.67, 0.00, 0.67, 2.26, 0.00, 0.00, 0.96, 1.25, 0.02, 0.39, 0.10, 0.00, 0.26, 0.08, 0.00, 0.00, 1.00, 0.00, 0.00, 0.00, 1.00, 0.00, 0.00, 0.00, 1.00, 0.00, 0.00, 0.00, 0.00, 0.00, 0.00, 0.00, 0.00
558,  0,  18.717,  0.98,  1, 0.72, 0.80, 0.77, 0.00, 0.67, 2.43, 0.00, 0.02, 0.98, 1.30, 0.02, 0.38, 0.06, 0.00, 0.19, 0.08, 0.00, 0.00, 1.00, 0.00, 0.00, 0.00, 1.00, 0.00, 0.00, 0.00, 1.00, 0.00, 0.00, 0.00, 0.00, 0.00, 0.00, 0.00, 0.00
559,  0,  18.751,  0.98,  1, 0.75, 0.81, 0.87, 0.00, 0.67, 2.40, 0.00, 0.04, 0.98, 1.29, 0.06, 0.45, 0.06, 0.00, 0.06, 0.04, 0.00, 0.00, 1.00, 0.00, 0.00, 0.00, 1.00, 0.00, 0.00, 0.00, 1.00, 0.00, 0.00, 0.00, 0.00, 0.00, 0.00, 0.00, 0.00
560,  0,  18.785,  0.98,  1, 0.86, 0.87, 0.89, 0.00, 0.69, 2.38, 0.00, 0.04, 0.97, 1.25, 0.04, 0.44, 0.05, 0.00, 0.05, 0.01, 0.00, 0.00, 1.00, 0.00, 0.00, 0.00, 1.00, 0.00, 0.00, 0.00, 1.00, 0.00, 0.00, 0.00, 0.00, 0.00, 0.00, 0.00, 0.00
561,  0,  18.818,  0.98,  1, 0.87, 0.78, 0.83, 0.00, 0.69, 2.27, 0.00, 0.05, 0.97, 1.30, 0.09, 0.40, 0.06, 0.00, 0.18, 0.01, 0.00, 0.00, 1.00, 0.00, 0.00, 0.00, 1.00, 0.00, 0.00, 0.00, 1.00, 0.00, 0.00, 0.00, 0.00, 0.00, 0.00, 0.00, 0.00
562,  0,  18.852,  0.98,  1, 0.83, 0.56, 0.78, 0.00, 0.69, 2.10, 0.00, 0.04, 0.95, 1.31, 0.07, 0.41, 0.20, 0.00, 0.26, 0.00, 0.00, 0.00, 1.00, 0.00, 0.00, 0.00, 1.00, 0.00, 0.00, 0.00, 1.00, 0.00, 0.00, 0.00, 0.00, 0.00, 0.00, 0.00, 0.00
563,  0,  18.885,  0.98,  1, 0.74, 0.42, 0.74, 0.00, 0.68, 1.99, 0.00, 0.03, 0.95, 1.32, 0.07, 0.41, 0.27, 0.00, 0.30, 0.01, 0.00, 0.00, 1.00, 0.00, 0.00, 0.00, 1.00, 0.00, 0.00, 0.00, 1.00, 0.00, 0.00, 0.00, 0.00, 0.00, 0.00, 0.00, 0.00
564,  0,  18.919,  0.98,  1, 0.69, 0.43, 0.69, 0.00, 0.68, 1.83, 0.00, 0.04, 0.89, 1.33, 0.02, 0.44, 0.30, 0.00, 0.22, 0.01, 0.00, 0.00, 1.00, 0.00, 0.00, 0.00, 1.00, 0.00, 0.00, 0.00, 1.00, 0.00, 0.00, 0.00, 0.00, 0.00, 0.00, 0.00, 0.00
565,  0,  18.953,  0.98,  1, 0.61, 0.61, 0.71, 0.00, 0.69, 2.00, 0.00, 0.08, 0.89, 1.36, 0.01, 0.38, 0.17, 0.00, 0.20, 0.01, 0.00, 0.00, 1.00, 0.00, 0.00, 0.00, 1.00, 0.00, 0.00, 0.00, 1.00, 0.00, 0.00, 0.00, 0.00, 0.00, 0.00, 0.00, 0.00
566,  0,  18.986,  0.98,  1, 0.62, 0.69, 0.73, 0.00, 0.64, 2.15, 0.00, 0.14, 0.89, 1.38, 0.01, 0.39, 0.17, 0.00, 0.12, 0.00, 0.00, 0.00, 1.00, 0.00, 0.00, 0.00, 1.00, 0.00, 0.00, 0.00, 1.00, 0.00, 0.00, 0.00, 0.00, 0.00, 0.00, 0.00, 0.00
567,  0,  19.020,  0.98,  1, 0.60, 0.65, 0.84, 0.00, 0.63, 2.16, 0.00, 0.11, 0.91, 1.25, 0.01, 0.36, 0.10, 0.00, 0.07, 0.00, 0.00, 0.00, 1.00, 0.00, 0.00, 0.00, 1.00, 0.00, 0.00, 0.00, 1.00, 0.00, 0.00, 0.00, 0.00, 0.00, 0.00, 0.00, 0.00
568,  0,  19.053,  0.98,  1, 0.65, 0.62, 0.94, 0.00, 0.64, 2.30, 0.00, 0.12, 0.93, 1.17, 0.00, 0.34, 0.17, 0.00, 0.05, 0.00, 0.03, 0.00, 1.00, 0.00, 0.00, 0.00, 1.00, 0.00, 0.00, 0.00, 1.00, 0.00, 0.00, 0.00, 0.00, 0.00, 0.00, 0.00, 0.00
569,  0,  19.087,  0.98,  1, 0.69, 0.54, 0.95, 0.00, 0.70, 2.35, 0.00, 0.07, 0.92, 1.11, 0.02, 0.26, 0.13, 0.00, 0.08, 0.00, 0.03, 0.00, 1.00, 0.00, 0.00, 0.00, 1.00, 0.00, 0.00, 0.00, 1.00, 0.00, 0.00, 0.00, 0.00, 0.00, 0.00, 0.00, 0.00
570,  0,  19.121,  0.98,  1, 0.74, 0.76, 0.89, 0.00, 0.72, 2.42, 0.00, 0.07, 0.89, 1.20, 0.02, 0.27, 0.21, 0.00, 0.09, 0.00, 0.03, 0.00, 1.00, 0.00, 0.00, 0.00, 1.00, 0.00, 0.00, 0.00, 1.00, 0.00, 0.00, 0.00, 0.00, 0.00, 0.00, 0.00, 0.00
571,  0,  19.154,  0.98,  1, 0.70, 0.82, 0.73, 0.00, 0.74, 2.13, 0.00, 0.03, 0.86, 1.20, 0.12, 0.30, 0.26, 0.00, 0.09, 0.00, 0.00, 0.00, 1.00, 0.00, 0.00, 0.00, 1.00, 0.00, 0.00, 0.00, 1.00, 0.00, 0.00, 0.00, 0.00, 0.00, 0.00, 0.00, 0.00
572,  0,  19.188,  0.98,  1, 0.66, 0.86, 0.68, 0.00, 0.80, 2.05, 0.00, 0.05, 0.85, 1.18, 0.16, 0.33, 0.36, 0.00, 0.06, 0.00, 0.00, 0.00, 0.00, 0.00, 0.00, 0.00, 1.00, 0.00, 0.00, 0.00, 1.00, 0.00, 0.00, 0.00, 0.00, 0.00, 0.00, 0.00, 0.00
573,  0,  19.221,  0.98,  1, 0.51, 0.61, 0.66, 0.00, 0.84, 2.12, 0.00, 0.04, 0.86, 1.08, 0.23, 0.32, 0.49, 0.00, 0.13, 0.00, 0.00, 0.00, 0.00, 0.00, 0.00, 0.00, 1.00, 0.00, 0.00, 0.00, 1.00, 0.00, 0.00, 0.00, 0.00, 0.00, 0.00, 0.00, 0.00
574,  0,  19.255,  0.98,  1, 0.53, 0.50, 0.73, 0.00, 0.86, 2.39, 0.00, 0.06, 0.85, 1.00, 0.26, 0.33, 0.50, 0.00, 0.13, 0.00, 0.00, 0.00, 0.00, 0.00, 0.00, 0.00, 1.00, 0.00, 0.00, 0.00, 1.00, 0.00, 0.00, 0.00, 0.00, 0.00, 0.00, 0.00, 0.00
575,  0,  19.289,  0.98,  1, 0.47, 0.44, 0.75, 0.00, 0.82, 2.47, 0.00, 0.03, 0.86, 0.94, 0.24, 0.38, 0.48, 0.00, 0.15, 0.00, 0.00, 0.00, 0.00, 0.00, 0.00, 0.00, 1.00, 0.00, 0.00, 0.00, 1.00, 0.00, 0.00, 0.00, 0.00, 0.00, 0.00, 0.00, 0.00
576,  0,  19.322,  0.98,  1, 0.48, 0.47, 0.78, 0.00, 0.83, 2.55, 0.00, 0.03, 0.85, 0.94, 0.24, 0.40, 0.50, 0.00, 0.15, 0.00, 0.00, 0.00, 0.00, 0.00, 0.00, 0.00, 1.00, 0.00, 0.00, 0.00, 1.00, 0.00, 0.00, 0.00, 0.00, 0.00, 0.00, 0.00, 0.00
577,  0,  19.356,  0.98,  1, 0.42, 0.49, 0.68, 0.00, 0.82, 2.34, 0.00, 0.01, 0.90, 0.95, 0.11, 0.38, 0.60, 0.00, 0.10, 0.00, 0.00, 0.00, 0.00, 0.00, 0.00, 0.00, 1.00, 0.00, 0.00, 0.00, 1.00, 0.00, 0.00, 0.00, 0.00, 0.00, 0.00, 0.00, 0.00
578,  0,  19.389,  0.98,  1, 0.33, 0.42, 0.58, 0.00, 0.80, 2.17, 0.00, 0.01, 0.89, 1.00, 0.06, 0.38, 0.58, 0.00, 0.16, 0.00, 0.00, 0.00, 0.00, 0.00, 0.00, 0.00, 1.00, 0.00, 0.00, 0.00, 1.00, 0.00, 0.00, 0.00, 0.00, 0.00, 0.00, 0.00, 0.00
579,  0,  19.423,  0.98,  1, 0.39, 0.35, 0.48, 0.00, 0.78, 2.04, 0.00, 0.00, 0.88, 1.01, 0.00, 0.39, 0.52, 0.00, 0.22, 0.00, 0.00, 0.00, 0.00, 0.00, 0.00, 0.00, 1.00, 0.00, 0.00, 0.00, 1.00, 0.00, 0.00, 0.00, 0.00, 0.00, 0.00, 0.00, 0.00
580,  0,  19.457,  0.98,  1, 0.41, 0.34, 0.59, 0.00, 0.77, 1.99, 0.00, 0.00, 0.85, 1.00, 0.00, 0.46, 0.48, 0.00, 0.40, 0.00, 0.00, 0.00, 0.00, 0.00, 0.00, 0.00, 1.00, 0.00, 0.00, 0.00, 1.00, 0.00, 0.00, 0.00, 0.00, 0.00, 0.00, 0.00, 0.00
581,  0,  19.490,  0.98,  1, 0.40, 0.49, 0.66, 0.00, 0.77, 1.96, 0.00, 0.03, 0.88, 0.94, 0.01, 0.51, 0.63, 0.00, 0.46, 0.00, 0.00, 0.00, 0.00, 0.00, 0.00, 0.00, 1.00, 0.00, 0.00, 0.00, 1.00, 0.00, 0.00, 0.00, 0.00, 0.00, 0.00, 0.00, 0.00
582,  0,  19.524,  0.98,  1, 0.26, 0.36, 0.67, 0.00, 0.77, 1.74, 0.00, 0.03, 0.94, 0.89, 0.02, 0.45, 0.61, 0.00, 0.37, 0.00, 0.00, 0.00, 1.00, 0.00, 0.00, 0.00, 1.00, 0.00, 0.00, 0.00, 1.00, 0.00, 0.00, 0.00, 0.00, 0.00, 0.00, 0.00, 0.00
583,  0,  19.558,  0.98,  1, 0.20, 0.27, 0.60, 0.00, 0.80, 1.67, 0.00, 0.03, 0.95, 0.95, 0.02, 0.46, 0.57, 0.00, 0.29, 0.00, 0.00, 0.00, 1.00, 0.00, 0.00, 0.00, 1.00, 0.00, 0.00, 0.00, 1.00, 0.00, 0.00, 0.00, 0.00, 0.00, 0.00, 0.00, 0.00
584,  0,  19.591,  0.98,  1, 0.22, 0.21, 0.58, 0.00, 0.78, 1.74, 0.00, 0.00, 0.95, 1.03, 0.01, 0.45, 0.41, 0.00, 0.27, 0.00, 0.00, 0.00, 0.00, 0.00, 0.00, 0.00, 1.00, 0.00, 0.00, 0.00, 1.00, 0.00, 0.00, 0.00, 0.00, 0.00, 0.00, 0.00, 0.00
585,  0,  19.625,  0.98,  1, 0.23, 0.21, 0.64, 0.00, 0.77, 1.92, 0.00, 0.01, 0.94, 1.06, 0.04, 0.46, 0.28, 0.00, 0.23, 0.00, 0.00, 0.00, 0.00, 0.00, 0.00, 0.00, 1.00, 0.00, 0.00, 0.00, 1.00, 0.00, 0.00, 0.00, 0.00, 0.00, 0.00, 0.00, 0.00
586,  0,  19.658,  0.98,  1, 0.23, 0.16, 0.68, 0.00, 0.75, 2.11, 0.00, 0.01, 0.98, 1.03, 0.12, 0.36, 0.14, 0.00, 0.23, 0.00, 0.00, 0.00, 0.00, 0.00, 0.00, 0.00, 1.00, 0.00, 0.00, 0.00, 1.00, 0.00, 0.00, 0.00, 0.00, 0.00, 0.00, 0.00, 0.00
587,  0,  19.692,  0.98,  1, 0.23, 0.00, 0.69, 0.00, 0.75, 2.12, 0.00, 0.06, 0.93, 0.94, 0.16, 0.27, 0.23, 0.00, 0.13, 0.00, 0.00, 0.00, 0.00, 0.00, 0.00, 0.00, 1.00, 0.00, 0.00, 0.00, 1.00, 0.00, 0.00, 0.00, 0.00, 0.00, 0.00, 0.00, 0.00
588,  0,  19.726,  0.98,  1, 0.29, 0.16, 0.75, 0.00, 0.68, 2.14, 0.00, 0.07, 0.88, 0.91, 0.21, 0.37, 0.29, 0.00, 0.18, 0.00, 0.00, 0.00, 0.00, 0.00, 0.00, 0.00, 1.00, 0.00, 0.00, 0.00, 1.00, 0.00, 0.00, 0.00, 0.00, 0.00, 0.00, 0.00, 0.00
589,  0,  19.759,  0.98,  1, 0.22, 0.23, 0.79, 0.00, 0.63, 2.19, 0.00, 0.07, 0.83, 0.79, 0.30, 0.41, 0.38, 0.00, 0.08, 0.00, 0.00, 0.00, 0.00, 0.00, 0.00, 0.00, 1.00, 0.00, 0.00, 0.00, 1.00, 0.00, 0.00, 0.00, 0.00, 0.00, 0.00, 0.00, 0.00
590,  0,  19.793,  0.98,  1, 0.17, 0.31, 0.87, 0.00, 0.62, 2.38, 0.00, 0.01, 0.84, 0.93, 0.36, 0.47, 0.35, 0.00, 0.12, 0.00, 0.00, 0.00, 0.00, 0.00, 0.00, 0.00, 1.00, 0.00, 0.00, 0.00, 1.00, 0.00, 0.00, 0.00, 0.00, 0.00, 0.00, 0.00, 0.00
591,  0,  19.826,  0.98,  1, 0.10, 0.16, 0.87, 0.00, 0.62, 2.36, 0.00, 0.00, 0.82, 0.93, 0.28, 0.42, 0.43, 0.02, 0.20, 0.00, 0.00, 0.00, 0.00, 0.00, 0.00, 0.00, 1.00, 0.00, 0.00, 0.00, 1.00, 0.00, 0.00, 0.00, 0.00, 0.00, 0.00, 0.00, 0.00
592,  0,  19.860,  0.98,  1, 0.13, 0.08, 0.93, 0.00, 0.65, 2.15, 0.00, 0.00, 0.82, 0.99, 0.14, 0.34, 0.35, 0.02, 0.30, 0.00, 0.00, 0.00, 0.00, 0.00, 0.00, 0.00, 1.00, 0.00, 0.00, 0.00, 1.00, 0.00, 0.00, 0.00, 0.00, 0.00, 0.00, 0.00, 0.00
593,  0,  19.894,  0.98,  1, 0.12, 0.03, 0.90, 0.00, 0.64, 1.85, 0.00, 0.00, 0.80, 0.88, 0.02, 0.33, 0.28, 0.02, 0.28, 0.00, 0.00, 0.00, 0.00, 0.00, 0.00, 0.00, 1.00, 0.00, 0.00, 0.00, 1.00, 0.00, 0.00, 0.00, 0.00, 0.00, 0.00, 0.00, 0.00
594,  0,  19.927,  0.98,  1, 0.05, 0.03, 0.85, 0.00, 0.66, 1.64, 0.00, 0.00, 0.81, 0.92, 0.07, 0.39, 0.14, 0.00, 0.24, 0.00, 0.00, 0.00, 0.00, 0.00, 0.00, 0.00, 1.00, 0.00, 0.00, 0.00, 1.00, 0.00, 0.00, 0.00, 0.00, 0.00, 0.00, 0.00, 0.00
595,  0,  19.961,  0.98,  1, 0.02, 0.03, 0.77, 0.00, 0.66, 1.69, 0.00, 0.00, 0.75, 0.92, 0.05, 0.49, 0.28, 0.00, 0.20, 0.00, 0.00, 0.00, 0.00, 0.00, 0.00, 0.00, 1.00, 0.00, 0.00, 0.00, 1.00, 0.00, 0.00, 0.00, 0.00, 0.00, 0.00, 0.00, 0.00
596,  0,  19.994,  0.98,  1, 0.01, 0.00, 0.82, 0.00, 0.67, 1.64, 0.00, 0.00, 0.77, 0.97, 0.07, 0.57, 0.25, 0.00, 0.18, 0.00, 0.00, 0.00, 0.00, 0.00, 0.00, 0.00, 1.00, 0.00, 0.00, 0.00, 1.00, 0.00, 0.00, 0.00, 0.00, 0.00, 0.00, 0.00, 0.00
597,  0,  20.028,  0.98,  1, 0.02, 0.00, 0.82, 0.00, 0.70, 1.80, 0.00, 0.00, 0.77, 1.04, 0.08, 0.63, 0.35, 0.00, 0.15, 0.00, 0.00, 0.00, 0.00, 0.00, 0.00, 0.00, 1.00, 0.00, 0.00, 0.00, 1.00, 0.00, 0.00, 0.00, 0.00, 0.00, 0.00, 0.00, 0.00
598,  0,  20.062,  0.98,  1, 0.01, 0.02, 0.86, 0.00, 0.62, 1.88, 0.00, 0.00, 0.83, 1.18, 0.17, 0.59, 0.25, 0.00, 0.09, 0.00, 0.00, 0.00, 0.00, 0.00, 0.00, 0.00, 1.00, 0.00, 0.00, 0.00, 1.00, 0.00, 0.00, 0.00, 0.00, 0.00, 0.00, 0.00, 0.00
599,  0,  20.095,  0.98,  1, 0.05, 0.02, 0.90, 0.04, 0.62, 2.08, 0.00, 0.00, 0.79, 1.20, 0.25, 0.55, 0.33, 0.00, 0.08, 0.00, 0.00, 0.00, 0.00, 0.00, 0.00, 0.00, 1.00, 0.00, 0.00, 0.00, 1.00, 0.00, 0.00, 0.00, 0.00, 0.00, 0.00, 0.00, 0.00
600,  0,  20.129,  0.98,  1, 0.05, 0.02, 0.93, 0.06, 0.60, 2.19, 0.00, 0.00, 0.80, 1.24, 0.37, 0.38, 0.33, 0.00, 0.10, 0.00, 0.00, 0.00, 0.00, 0.00, 0.00, 0.00, 1.00, 0.00, 0.00, 0.00, 1.00, 0.00, 0.00, 0.00, 0.00, 0.00, 0.00, 0.00, 0.00
601,  0,  20.162,  0.98,  1, 0.08, 0.00, 0.85, 0.09, 0.64, 2.11, 0.00, 0.00, 0.79, 1.27, 0.44, 0.34, 0.39, 0.00, 0.21, 0.00, 0.00, 0.00, 0.00, 0.00, 0.00, 0.00, 1.00, 0.00, 0.00, 0.00, 1.00, 0.00, 0.00, 0.00, 0.00, 0.00, 0.00, 0.00, 0.00
602,  0,  20.196,  0.98,  1, 0.05, 0.00, 0.77, 0.05, 0.61, 1.95, 0.00, 0.00, 0.82, 1.26, 0.44, 0.26, 0.41, 0.00, 0.40, 0.00, 0.00, 0.00, 0.00, 0.00, 0.00, 0.00, 1.00, 0.00, 0.00, 0.00, 1.00, 0.00, 0.00, 0.00, 0.00, 0.00, 0.00, 0.00, 0.00
603,  0,  20.230,  0.98,  1, 0.08, 0.00, 0.78, 0.02, 0.61, 1.94, 0.00, 0.00, 0.82, 1.19, 0.36, 0.32, 0.38, 0.00, 0.41, 0.00, 0.00, 0.00, 0.00, 0.00, 0.00, 0.00, 1.00, 0.00, 0.00, 0.00, 1.00, 0.00, 0.00, 0.00, 0.00, 0.00, 0.00, 0.00, 0.00
604,  0,  20.263,  0.98,  1, 0.09, 0.00, 0.93, 0.06, 0.68, 2.07, 0.00, 0.01, 0.82, 1.15, 0.22, 0.28, 0.41, 0.00, 0.39, 0.00, 0.00, 0.00, 0.00, 0.00, 0.00, 0.00, 1.00, 0.00, 0.00, 0.00, 1.00, 0.00, 0.00, 0.00, 0.00, 0.00, 0.00, 0.00, 0.00
605,  0,  20.297,  0.98,  1, 0.21, 0.04, 0.95, 0.06, 0.67, 1.99, 0.00, 0.01, 0.80, 1.16, 0.19, 0.37, 0.53, 0.00, 0.29, 0.00, 0.00, 0.00, 0.00, 0.00, 0.00, 0.00, 1.00, 0.00, 0.00, 0.00, 1.00, 0.00, 0.00, 0.00, 0.00, 0.00, 0.00, 0.00, 0.00
606,  0,  20.330,  0.98,  1, 0.48, 0.29, 0.88, 0.13, 0.70, 2.10, 0.00, 0.12, 0.86, 1.10, 0.18, 0.36, 0.65, 0.00, 0.39, 0.00, 0.00, 0.00, 0.00, 0.00, 0.00, 0.00, 1.00, 0.00, 0.00, 0.00, 1.00, 0.00, 0.00, 0.00, 0.00, 0.00, 0.00, 0.00, 0.00
607,  0,  20.364,  0.98,  1, 1.01, 0.71, 0.81, 0.07, 0.54, 1.97, 0.00, 0.13, 0.93, 1.01, 0.16, 0.57, 0.72, 0.00, 0.37, 0.00, 0.38, 0.00, 0.00, 0.00, 0.00, 0.00, 1.00, 0.00, 0.00, 0.00, 1.00, 0.00, 0.00, 1.00, 0.00, 0.00, 0.00, 0.00, 0.00
608,  0,  20.398,  0.98,  1, 1.39, 1.04, 0.75, 0.07, 0.56, 2.28, 0.00, 0.15, 1.01, 1.03, 0.11, 0.54, 0.69, 0.00, 0.39, 0.00, 0.75, 0.00, 0.00, 0.00, 0.00, 0.00, 1.00, 0.00, 0.00, 0.00, 1.00, 0.00, 0.00, 1.00, 0.00, 0.00, 0.00, 0.00, 0.00
609,  0,  20.431,  0.98,  1, 1.53, 0.82, 0.77, 0.00, 0.58, 2.18, 0.00, 0.13, 0.99, 1.12, 0.02, 0.64, 0.68, 0.00, 0.18, 0.00, 0.89, 0.00, 0.00, 0.00, 0.00, 0.00, 1.00, 0.00, 0.00, 0.00, 1.00, 0.00, 0.00, 1.00, 0.00, 0.00, 0.00, 0.00, 0.00
610,  0,  20.465,  0.98,  1, 1.23, 0.45, 0.78, 0.00, 0.72, 2.34, 0.00, 0.21, 0.94, 1.08, 0.03, 0.53, 0.74, 0.00, 0.24, 0.02, 0.50, 0.00, 0.00, 0.00, 0.00, 0.00, 1.00, 0.00, 0.00, 0.00, 1.00, 0.00, 0.00, 1.00, 0.00, 0.00, 0.00, 0.00, 0.00
611,  0,  20.498,  0.98,  1, 0.89, 0.08, 0.79, 0.00, 0.73, 2.23, 0.00, 0.30, 0.86, 0.94, 0.11, 0.63, 0.65, 0.00, 0.27, 0.10, 0.14, 0.00, 0.00, 0.00, 0.00, 0.00, 1.00, 0.00, 0.00, 0.00, 1.00, 0.00, 0.00, 1.00, 0.00, 0.00, 0.00, 0.00, 0.00
612,  0,  20.532,  0.98,  1, 0.61, 0.15, 0.83, 0.00, 0.69, 2.23, 0.00, 0.24, 0.85, 0.91, 0.17, 0.59, 0.59, 0.00, 0.38, 0.12, 0.00, 0.00, 0.00, 0.00, 0.00, 0.00, 1.00, 0.00, 0.00, 0.00, 1.00, 0.00, 0.00, 1.00, 0.00, 0.00, 0.00, 0.00, 0.00
613,  0,  20.566,  0.98,  1, 0.51, 0.10, 0.80, 0.00, 0.63, 2.09, 0.00, 0.19, 0.79, 1.01, 0.31, 0.65, 0.57, 0.00, 0.35, 0.11, 0.00, 0.00, 0.00, 0.00, 0.00, 0.00, 1.00, 0.00, 0.00, 0.00, 1.00, 0.00, 0.00, 1.00, 0.00, 0.00, 0.00, 0.00, 0.00
614,  0,  20.599,  0.98,  1, 0.43, 0.14, 0.82, 0.04, 0.56, 2.09, 0.00, 0.07, 0.83, 1.03, 0.41, 0.65, 0.53, 0.00, 0.27, 0.02, 0.00, 0.00, 0.00, 0.00, 0.00, 0.00, 1.00, 0.00, 0.00, 0.00, 1.00, 0.00, 0.00, 0.00, 0.00, 0.00, 0.00, 0.00, 0.00
615,  0,  20.633,  0.98,  1, 0.38, 0.14, 0.70, 0.04, 0.55, 2.03, 0.00, 0.05, 0.75, 1.08, 0.45, 0.66, 0.51, 0.03, 0.22, 0.01, 0.00, 0.00, 0.00, 0.00, 0.00, 0.00, 1.00, 0.00, 0.00, 0.00, 1.00, 0.00, 0.00, 0.00, 0.00, 0.00, 0.00, 0.00, 0.00
616,  0,  20.666,  0.98,  1, 0.32, 0.35, 0.62, 0.04, 0.56, 1.99, 0.00, 0.00, 0.78, 1.06, 0.36, 0.62, 0.36, 0.03, 0.18, 0.10, 0.00, 0.00, 0.00, 0.00, 0.00, 0.00, 1.00, 0.00, 0.00, 0.00, 1.00, 0.00, 0.00, 0.00, 0.00, 0.00, 0.00, 0.00, 0.00
617,  0,  20.700,  0.98,  1, 0.35, 0.31, 0.63, 0.00, 0.59, 1.87, 0.00, 0.00, 0.76, 1.13, 0.28, 0.45, 0.38, 0.03, 0.17, 0.10, 0.00, 0.00, 0.00, 0.00, 0.00, 0.00, 1.00, 0.00, 0.00, 0.00, 1.00, 0.00, 0.00, 0.00, 0.00, 0.00, 0.00, 0.00, 0.00
618,  0,  20.734,  0.98,  1, 0.35, 0.25, 0.80, 0.00, 0.62, 1.87, 0.00, 0.02, 0.82, 1.10, 0.27, 0.37, 0.33, 0.00, 0.12, 0.10, 0.00, 0.00, 0.00, 0.00, 0.00, 0.00, 1.00, 0.00, 0.00, 0.00, 1.00, 0.00, 0.00, 0.00, 0.00, 0.00, 0.00, 0.00, 0.00
619,  0,  20.767,  0.98,  1, 0.47, 0.08, 0.93, 0.00, 0.68, 1.88, 0.00, 0.02, 0.83, 1.10, 0.26, 0.27, 0.42, 0.00, 0.09, 0.00, 0.00, 0.00, 0.00, 0.00, 0.00, 0.00, 1.00, 0.00, 0.00, 0.00, 1.00, 0.00, 0.00, 0.00, 0.00, 0.00, 0.00, 0.00, 0.00
620,  0,  20.801,  0.98,  1, 0.45, 0.19, 0.86, 0.00, 0.71, 1.85, 0.00, 0.02, 0.80, 1.12, 0.26, 0.32, 0.47, 0.00, 0.10, 0.00, 0.00, 0.00, 0.00, 0.00, 0.00, 0.00, 1.00, 0.00, 0.00, 0.00, 1.00, 0.00, 0.00, 0.00, 0.00, 0.00, 0.00, 0.00, 0.00
621,  0,  20.834,  0.98,  1, 0.52, 0.27, 0.85, 0.08, 0.75, 1.94, 0.00, 0.00, 0.81, 1.08, 0.32, 0.39, 0.54, 0.00, 0.16, 0.00, 0.00, 0.00, 0.00, 0.00, 0.00, 0.00, 1.00, 0.00, 0.00, 0.00, 1.00, 0.00, 0.00, 0.00, 0.00, 0.00, 0.00, 0.00, 0.00
622,  0,  20.868,  0.98,  1, 0.43, 0.27, 0.92, 0.08, 0.75, 2.02, 0.00, 0.05, 0.81, 1.12, 0.38, 0.46, 0.47, 0.00, 0.21, 0.00, 0.00, 0.00, 0.00, 0.00, 0.00, 0.00, 1.00, 0.00, 0.00, 0.00, 1.00, 0.00, 0.00, 0.00, 0.00, 0.00, 0.00, 0.00, 0.00
623,  0,  20.902,  0.98,  1, 0.44, 0.18, 1.09, 0.08, 0.80, 2.35, 0.00, 0.05, 0.83, 1.07, 0.40, 0.46, 0.49, 0.00, 0.20, 0.00, 0.00, 0.00, 0.00, 0.00, 0.00, 0.00, 1.00, 0.00, 0.00, 0.00, 1.00, 0.00, 0.00, 0.00, 0.00, 0.00, 0.00, 0.00, 0.00
624,  0,  20.935,  0.98,  1, 0.39, 0.06, 1.13, 0.00, 0.80, 2.31, 0.00, 0.05, 0.77, 1.14, 0.27, 0.39, 0.44, 0.00, 0.22, 0.00, 0.00, 0.00, 0.00, 0.00, 0.00, 0.00, 1.00, 0.00, 0.00, 0.00, 1.00, 0.00, 0.00, 0.00, 0.00, 0.00, 0.00, 0.00, 0.00
625,  0,  20.969,  0.98,  1, 0.35, 0.17, 1.09, 0.00, 0.80, 2.29, 0.00, 0.00, 0.79, 1.05, 0.24, 0.34, 0.37, 0.00, 0.21, 0.00, 0.00, 0.00, 0.00, 0.00, 0.00, 0.00, 1.00, 0.00, 0.00, 0.00, 1.00, 0.00, 0.00, 0.00, 0.00, 0.00, 0.00, 0.00, 0.00
626,  0,  21.002,  0.98,  1, 0.31, 0.15, 1.04, 0.00, 0.74, 2.03, 0.00, 0.00, 0.84, 1.04, 0.17, 0.31, 0.22, 0.00, 0.21, 0.00, 0.00, 0.00, 0.00, 0.00, 0.00, 0.00, 1.00, 0.00, 0.00, 0.00, 1.00, 0.00, 0.00, 0.00, 0.00, 0.00, 0.00, 0.00, 0.00
627,  0,  21.036,  0.98,  1, 0.20, 0.19, 0.96, 0.10, 0.71, 2.08, 0.00, 0.00, 0.92, 1.02, 0.24, 0.34, 0.27, 0.00, 0.19, 0.00, 0.00, 0.00, 0.00, 0.00, 0.00, 0.00, 1.00, 0.00, 0.00, 0.00, 1.00, 0.00, 0.00, 0.00, 0.00, 0.00, 0.00, 0.00, 0.00
628,  0,  21.070,  0.98,  1, 0.16, 0.05, 0.93, 0.13, 0.73, 2.01, 0.00, 0.00, 0.94, 1.13, 0.25, 0.31, 0.42, 0.00, 0.18, 0.00, 0.00, 0.00, 0.00, 0.00, 1.00, 0.00, 1.00, 0.00, 0.00, 0.00, 1.00, 0.00, 0.00, 0.00, 0.00, 0.00, 0.00, 0.00, 0.00
629,  0,  21.103,  0.98,  1, 0.19, 0.05, 0.90, 0.13, 0.77, 2.02, 0.00, 0.03, 0.92, 1.19, 0.23, 0.36, 0.55, 0.00, 0.25, 0.00, 0.00, 0.00, 0.00, 0.00, 1.00, 0.00, 1.00, 0.00, 0.00, 0.00, 1.00, 0.00, 0.00, 0.00, 0.00, 0.00, 0.00, 0.00, 0.00
630,  0,  21.137,  0.98,  1, 0.32, 0.07, 0.92, 0.03, 0.82, 1.81, 0.00, 0.03, 0.93, 1.24, 0.18, 0.38, 0.45, 0.00, 0.20, 0.00, 0.00, 0.00, 0.00, 0.00, 1.00, 0.00, 1.00, 0.00, 0.00, 0.00, 1.00, 0.00, 0.00, 0.00, 0.00, 0.00, 0.00, 0.00, 0.00
631,  0,  21.170,  0.98,  1, 0.31, 0.08, 0.90, 0.00, 0.83, 1.85, 0.00, 0.03, 0.90, 1.13, 0.08, 0.45, 0.42, 0.00, 0.30, 0.00, 0.00, 0.00, 0.00, 0.00, 1.00, 0.00, 1.00, 0.00, 0.00, 0.00, 1.00, 0.00, 0.00, 0.00, 0.00, 0.00, 0.00, 0.00, 0.00
632,  0,  21.204,  0.98,  1, 0.26, 0.14, 0.89, 0.00, 0.90, 2.00, 0.00, 0.00, 0.87, 1.12, 0.14, 0.46, 0.30, 0.00, 0.32, 0.00, 0.00, 0.00, 0.00, 0.00, 1.00, 0.00, 1.00, 0.00, 0.00, 0.00, 1.00, 0.00, 0.00, 0.00, 0.00, 0.00, 0.00, 0.00, 0.00
633,  0,  21.238,  0.98,  1, 0.17, 0.06, 0.88, 0.00, 0.93, 2.06, 0.00, 0.00, 0.88, 1.06, 0.28, 0.45, 0.37, 0.00, 0.31, 0.01, 0.00, 0.00, 0.00, 0.00, 1.00, 0.00, 1.00, 0.00, 0.00, 0.00, 1.00, 0.00, 0.00, 0.00, 0.00, 0.00, 0.00, 0.00, 0.00
634,  0,  21.271,  0.98,  1, 0.21, 0.19, 0.93, 0.00, 0.96, 2.20, 0.00, 0.00, 0.88, 1.13, 0.35, 0.42, 0.29, 0.00, 0.24, 0.01, 0.00, 0.00, 0.00, 0.00, 0.00, 0.00, 1.00, 0.00, 0.00, 0.00, 1.00, 0.00, 0.00, 0.00, 0.00, 0.00, 0.00, 0.00, 0.00
635,  0,  21.305,  0.98,  1, 0.17, 0.29, 1.00, 0.00, 0.94, 2.11, 0.00, 0.04, 0.93, 1.09, 0.40, 0.39, 0.44, 0.00, 0.16, 0.01, 0.00, 0.00, 0.00, 0.00, 0.00, 0.00, 1.00, 0.00, 0.00, 0.00, 1.00, 0.00, 0.00, 0.00, 0.00, 0.00, 0.00, 0.00, 0.00
636,  0,  21.339,  0.98,  1, 0.17, 0.44, 0.97, 0.00, 0.90, 2.20, 0.00, 0.04, 0.89, 1.11, 0.31, 0.40, 0.40, 0.00, 0.26, 0.00, 0.00, 0.00, 0.00, 0.00, 0.00, 0.00, 1.00, 0.00, 0.00, 0.00, 1.00, 0.00, 0.00, 0.00, 0.00, 0.00, 0.00, 0.00, 0.00
637,  0,  21.372,  0.98,  1, 0.15, 0.41, 0.95, 0.00, 0.90, 2.13, 0.00, 0.08, 0.91, 1.14, 0.29, 0.41, 0.33, 0.00, 0.26, 0.02, 0.00, 0.00, 0.00, 0.00, 0.00, 0.00, 1.00, 0.00, 0.00, 0.00, 1.00, 0.00, 0.00, 0.00, 0.00, 0.00, 0.00, 0.00, 0.00
638,  0,  21.406,  0.98,  1, 0.18, 0.34, 0.92, 0.00, 0.91, 2.18, 0.00, 0.05, 0.90, 1.24, 0.19, 0.38, 0.20, 0.00, 0.30, 0.03, 0.00, 0.00, 0.00, 0.00, 0.00, 0.00, 1.00, 0.00, 0.00, 0.00, 1.00, 0.00, 0.00, 0.00, 0.00, 0.00, 0.00, 0.00, 0.00
639,  0,  21.439,  0.98,  1, 0.19, 0.36, 1.05, 0.00, 0.93, 2.29, 0.00, 0.07, 0.97, 1.30, 0.14, 0.29, 0.18, 0.00, 0.32, 0.03, 0.00, 0.00, 0.00, 0.00, 0.00, 0.00, 1.00, 0.00, 0.00, 0.00, 1.00, 0.00, 0.00, 0.00, 0.00, 0.00, 0.00, 0.00, 0.00
640,  0,  21.473,  0.98,  1, 0.16, 0.36, 1.05, 0.00, 0.93, 2.41, 0.00, 0.02, 0.99, 1.27, 0.15, 0.25, 0.28, 0.00, 0.34, 0.01, 0.00, 0.00, 0.00, 0.00, 0.00, 0.00, 1.00, 0.00, 0.00, 0.00, 1.00, 0.00, 0.00, 0.00, 0.00, 0.00, 0.00, 0.00, 0.00
641,  0,  21.507,  0.98,  1, 0.15, 0.33, 1.09, 0.00, 0.93, 2.48, 0.00, 0.02, 1.02, 1.29, 0.12, 0.23, 0.29, 0.00, 0.41, 0.09, 0.00, 0.00, 0.00, 0.00, 0.00, 0.00, 1.00, 0.00, 0.00, 0.00, 1.00, 0.00, 0.00, 0.00, 0.00, 0.00, 0.00, 0.00, 0.00
642,  0,  21.540,  0.98,  1, 0.16, 0.15, 0.99, 0.01, 0.95, 2.46, 0.00, 0.00, 0.97, 1.16, 0.07, 0.28, 0.41, 0.00, 0.44, 0.09, 0.00, 0.00, 0.00, 0.00, 0.00, 0.00, 1.00, 0.00, 0.00, 0.00, 1.00, 0.00, 0.00, 0.00, 0.00, 0.00, 0.00, 0.00, 0.00
643,  0,  21.574,  0.98,  1, 0.21, 0.05, 0.91, 0.14, 0.96, 2.34, 0.00, 0.00, 0.96, 1.15, 0.05, 0.38, 0.45, 0.00, 0.45, 0.09, 0.00, 0.00, 0.00, 0.00, 0.00, 0.00, 1.00, 0.00, 0.00, 0.00, 1.00, 0.00, 0.00, 0.00, 0.00, 0.00, 0.00, 0.00, 0.00
644,  0,  21.607,  0.98,  1, 0.20, 0.00, 0.85, 0.14, 0.91, 2.24, 0.00, 0.00, 0.94, 1.00, 0.08, 0.46, 0.50, 0.00, 0.31, 0.00, 0.00, 0.00, 0.00, 0.00, 0.00, 0.00, 1.00, 0.00, 0.00, 0.00, 1.00, 0.00, 0.00, 0.00, 0.00, 0.00, 0.00, 0.00, 0.00
645,  0,  21.641,  0.98,  1, 0.16, 0.07, 0.88, 0.26, 0.91, 2.02, 0.00, 0.00, 0.95, 1.05, 0.17, 0.46, 0.56, 0.00, 0.24, 0.00, 0.00, 0.00, 0.00, 0.00, 0.00, 0.00, 1.00, 0.00, 0.00, 0.00, 1.00, 0.00, 0.00, 0.00, 0.00, 0.00, 0.00, 0.00, 0.00
646,  0,  21.675,  0.98,  1, 0.20, 0.24, 0.94, 0.13, 0.89, 1.90, 0.00, 0.00, 0.95, 0.91, 0.14, 0.41, 0.49, 0.00, 0.25, 0.00, 0.00, 0.00, 0.00, 0.00, 0.00, 0.00, 1.00, 0.00, 0.00, 0.00, 1.00, 0.00, 0.00, 0.00, 0.00, 0.00, 0.00, 0.00, 0.00
647,  0,  21.708,  0.98,  1, 0.17, 0.35, 0.93, 0.13, 0.94, 1.98, 0.00, 0.10, 0.96, 0.95, 0.16, 0.49, 0.46, 0.00, 0.39, 0.00, 0.00, 0.00, 0.00, 0.00, 0.00, 0.00, 1.00, 0.00, 0.00, 0.00, 1.00, 0.00, 0.00, 0.00, 0.00, 0.00, 0.00, 0.00, 0.00
648,  0,  21.742,  0.98,  1, 0.20, 0.43, 0.97, 0.00, 0.89, 2.22, 0.00, 0.10, 0.94, 1.05, 0.15, 0.62, 0.23, 0.00, 0.40, 0.00, 0.00, 0.00, 0.00, 0.00, 0.00, 0.00, 1.00, 0.00, 0.00, 0.00, 1.00, 0.00, 0.00, 0.00, 0.00, 0.00, 0.00, 0.00, 0.00
649,  0,  21.775,  0.98,  1, 0.25, 0.50, 1.09, 0.00, 0.86, 2.42, 0.00, 0.14, 0.96, 1.17, 0.26, 0.74, 0.14, 0.00, 0.36, 0.00, 0.00, 0.00, 0.00, 0.00, 0.00, 0.00, 1.00, 0.00, 0.00, 0.00, 1.00, 0.00, 0.00, 0.00, 0.00, 0.00, 0.00, 0.00, 0.00
650,  0,  21.809,  0.98,  1, 0.38, 0.43, 1.23, 0.00, 0.81, 2.57, 0.00, 0.11, 0.90, 1.24, 0.32, 0.80, 0.08, 0.00, 0.18, 0.00, 0.00, 0.00, 1.00, 0.00, 0.00, 0.00, 1.00, 0.00, 0.00, 0.00, 1.00, 0.00, 0.00, 0.00, 0.00, 0.00, 0.00, 0.00, 0.00
651,  0,  21.843,  0.98,  1, 0.37, 0.29, 1.28, 0.12, 0.79, 2.54, 0.00, 0.20, 0.92, 1.17, 0.39, 0.81, 0.07, 0.00, 0.10, 0.00, 0.00, 0.00, 1.00, 0.00, 0.00, 0.00, 1.00, 0.00, 0.00, 0.00, 1.00, 0.00, 0.00, 0.00, 0.00, 0.00, 0.00, 0.00, 0.00
652,  0,  21.876,  0.98,  1, 0.40, 0.09, 1.28, 0.15, 0.75, 2.64, 0.00, 0.17, 0.92, 1.15, 0.35, 0.76, 0.31, 0.00, 0.00, 0.00, 0.00, 0.00, 1.00, 0.00, 0.00, 0.00, 1.00, 0.00, 0.00, 0.00, 1.00, 0.00, 1.00, 0.00, 0.00, 0.00, 0.00, 0.00, 0.00
653,  0,  21.910,  0.98,  1, 0.35, 0.08, 1.17, 0.15, 0.70, 2.48, 0.00, 0.16, 0.95, 1.20, 0.28, 0.69, 0.41, 0.00, 0.00, 0.00, 0.00, 0.00, 1.00, 0.00, 0.00, 0.00, 1.00, 0.00, 0.00, 0.00, 1.00, 0.00, 1.00, 0.00, 0.00, 0.00, 0.00, 0.00, 0.00
654,  0,  21.943,  0.98,  1, 0.47, 0.16, 1.07, 0.03, 0.66, 2.51, 0.00, 0.16, 0.94, 1.22, 0.17, 0.69, 0.46, 0.00, 0.05, 0.00, 0.00, 0.00, 1.00, 0.00, 0.00, 0.00, 1.00, 0.00, 0.00, 0.00, 1.00, 0.00, 1.00, 0.00, 0.00, 0.00, 0.00, 0.00, 0.00
655,  0,  21.977,  0.98,  1, 0.50, 0.12, 1.08, 0.00, 0.64, 2.46, 0.00, 0.17, 0.88, 1.32, 0.13, 0.73, 0.38, 0.00, 0.07, 0.00, 0.00, 0.00, 1.00, 0.00, 0.00, 0.00, 1.00, 0.00, 0.00, 0.00, 1.00, 0.00, 0.00, 0.00, 0.00, 0.00, 0.00, 0.00, 0.00
656,  0,  22.011,  0.98,  1, 0.59, 0.08, 1.18, 0.00, 0.62, 2.42, 0.00, 0.15, 0.90, 1.21, 0.12, 0.69, 0.33, 0.00, 0.07, 0.00, 0.07, 0.00, 1.00, 0.00, 0.00, 0.00, 1.00, 0.00, 0.00, 0.00, 1.00, 0.00, 0.00, 0.00, 0.00, 0.00, 0.00, 0.00, 0.00
657,  0,  22.044,  0.98,  1, 0.58, 0.15, 1.28, 0.03, 0.63, 2.38, 0.00, 0.13, 0.93, 1.11, 0.18, 0.64, 0.41, 0.00, 0.03, 0.00, 0.07, 0.00, 1.00, 0.00, 0.00, 0.00, 1.00, 0.00, 0.00, 0.00, 1.00, 0.00, 0.00, 0.00, 0.00, 0.00, 0.00, 0.00, 0.00
658,  0,  22.078,  0.98,  1, 0.59, 0.29, 1.26, 0.03, 0.70, 2.33, 0.00, 0.19, 0.99, 1.07, 0.18, 0.58, 0.28, 0.00, 0.10, 0.00, 0.07, 0.00, 1.00, 0.00, 0.00, 0.00, 1.00, 0.00, 0.00, 0.00, 1.00, 0.00, 0.00, 0.00, 0.00, 0.00, 0.00, 0.00, 0.00
659,  0,  22.111,  0.98,  1, 0.57, 0.49, 1.25, 0.02, 0.73, 2.39, 0.00, 0.20, 1.05, 1.12, 0.21, 0.57, 0.16, 0.00, 0.17, 0.01, 0.00, 1.00, 1.00, 0.00, 0.00, 0.00, 1.00, 0.00, 0.00, 0.00, 1.00, 0.00, 0.00, 0.00, 0.00, 0.00, 0.00, 0.00, 0.00
660,  0,  22.145,  0.98,  1, 0.57, 0.40, 1.16, 0.00, 0.74, 2.33, 0.00, 0.13, 1.06, 1.16, 0.11, 0.53, 0.03, 0.00, 0.22, 0.01, 0.00, 1.00, 1.00, 0.00, 0.00, 0.00, 1.00, 0.00, 0.00, 0.00, 1.00, 0.00, 0.00, 0.00, 0.00, 0.00, 0.00, 0.00, 0.00
661,  0,  22.179,  0.98,  1, 0.60, 0.45, 1.14, 0.00, 0.71, 2.32, 0.00, 0.07, 1.06, 1.17, 0.05, 0.50, 0.00, 0.00, 0.17, 0.01, 0.00, 1.00, 1.00, 0.00, 0.00, 0.00, 1.00, 0.00, 0.00, 0.00, 1.00, 0.00, 0.00, 0.00, 0.00, 0.00, 0.00, 0.00, 0.00
662,  0,  22.212,  0.98,  1, 0.59, 0.29, 1.06, 0.00, 0.75, 2.29, 0.00, 0.02, 1.02, 1.24, 0.00, 0.55, 0.03, 0.00, 0.10, 0.00, 0.00, 1.00, 1.00, 0.00, 0.00, 0.00, 1.00, 0.00, 0.00, 0.00, 1.00, 0.00, 0.00, 0.00, 0.00, 0.00, 0.00, 0.00, 0.00
663,  0,  22.246,  0.98,  1, 0.62, 0.36, 1.01, 0.00, 0.76, 2.19, 0.00, 0.06, 1.02, 1.24, 0.00, 0.55, 0.03, 0.00, 0.05, 0.00, 0.00, 1.00, 1.00, 0.00, 0.00, 0.00, 1.00, 0.00, 0.00, 0.00, 1.00, 0.00, 0.00, 0.00, 0.00, 0.00, 0.00, 0.00, 0.00
664,  0,  22.279,  0.98,  1, 0.58, 0.26, 0.99, 0.00, 0.77, 2.07, 0.00, 0.07, 1.01, 1.33, 0.00, 0.55, 0.03, 0.00, 0.06, 0.00, 0.00, 1.00, 1.00, 0.00, 0.00, 0.00, 1.00, 0.00, 0.00, 0.00, 1.00, 0.00, 0.00, 0.00, 0.00, 0.00, 0.00, 0.00, 0.00
665,  0,  22.313,  0.98,  1, 0.63, 0.28, 0.97, 0.00, 0.75, 2.00, 0.00, 0.07, 0.98, 1.19, 0.07, 0.54, 0.09, 0.00, 0.06, 0.00, 0.02, 1.00, 1.00, 0.00, 0.00, 0.00, 1.00, 0.00, 0.00, 0.00, 1.00, 0.00, 0.00, 0.00, 0.00, 0.00, 0.00, 0.00, 0.00
666,  0,  22.347,  0.98,  1, 0.79, 0.48, 0.95, 0.00, 0.80, 2.45, 0.00, 0.08, 0.98, 1.22, 0.07, 0.62, 0.21, 0.00, 0.05, 0.00, 0.31, 1.00, 1.00, 0.00, 0.00, 0.00, 1.00, 0.00, 0.00, 0.00, 1.00, 0.00, 0.00, 0.00, 0.00, 0.00, 0.00, 0.00, 0.00
667,  0,  22.380,  0.98,  1, 0.94, 0.70, 0.85, 0.00, 0.85, 2.86, 0.00, 0.08, 0.98, 1.12, 0.07, 0.71, 0.38, 0.00, 0.00, 0.00, 0.48, 1.00, 1.00, 0.00, 0.00, 0.00, 1.00, 0.00, 0.00, 0.00, 1.00, 0.00, 0.00, 0.00, 0.00, 0.00, 0.00, 0.00, 0.00
668,  0,  22.414,  0.98,  1, 1.00, 0.84, 0.91, 0.04, 0.92, 2.97, 0.00, 0.14, 0.99, 1.14, 0.03, 0.78, 0.31, 0.00, 0.00, 0.00, 0.46, 1.00, 1.00, 0.00, 0.00, 0.00, 1.00, 0.00, 0.00, 0.00, 1.00, 0.00, 0.00, 0.00, 0.00, 0.00, 0.00, 0.00, 0.00
669,  0,  22.447,  0.98,  1, 0.72, 0.63, 0.98, 0.04, 0.93, 2.79, 0.00, 0.11, 0.99, 1.11, 0.12, 0.68, 0.30, 0.00, 0.03, 0.06, 0.17, 0.00, 0.00, 0.00, 0.00, 0.00, 1.00, 0.00, 0.00, 0.00, 1.00, 0.00, 0.00, 0.00, 0.00, 0.00, 0.00, 0.00, 0.00
670,  0,  22.481,  0.98,  1, 0.40, 0.41, 1.05, 0.17, 0.91, 2.61, 0.00, 0.09, 0.97, 1.13, 0.12, 0.60, 0.20, 0.00, 0.03, 0.06, 0.00, 0.00, 0.00, 0.00, 0.00, 0.00, 1.00, 0.00, 0.00, 0.00, 1.00, 0.00, 0.00, 0.00, 0.00, 0.00, 0.00, 0.00, 0.00
671,  0,  22.515,  0.98,  1, 0.24, 0.34, 1.06, 0.13, 0.92, 2.59, 0.00, 0.06, 0.94, 1.07, 0.11, 0.51, 0.33, 0.00, 0.03, 0.06, 0.00, 0.00, 0.00, 0.00, 0.00, 0.00, 1.00, 0.00, 0.00, 0.00, 1.00, 0.00, 0.00, 0.00, 0.00, 0.00, 0.00, 0.00, 0.00
672,  0,  22.548,  0.98,  1, 0.26, 0.50, 1.19, 0.39, 0.91, 2.48, 0.00, 0.05, 0.91, 1.15, 0.08, 0.51, 0.23, 0.00, 0.07, 0.00, 0.00, 0.00, 1.00, 0.00, 0.00, 0.00, 1.00, 0.00, 0.00, 0.00, 1.00, 0.00, 0.00, 0.00, 0.00, 0.00, 0.00, 0.00, 0.00
673,  0,  22.582,  0.98,  1, 0.25, 0.61, 1.23, 0.26, 0.90, 2.33, 0.00, 0.04, 0.95, 1.15, 0.21, 0.55, 0.15, 0.05, 0.08, 0.00, 0.00, 0.00, 1.00, 0.00, 0.00, 0.00, 1.00, 0.00, 0.00, 0.00, 1.00, 0.00, 0.00, 0.00, 0.00, 0.00, 0.00, 0.00, 0.00
674,  0,  22.615,  0.98,  1, 0.14, 0.70, 1.11, 0.40, 0.82, 2.19, 0.00, 0.04, 0.96, 1.21, 0.21, 0.54, 0.00, 0.11, 0.18, 0.01, 0.00, 0.00, 0.00, 0.00, 0.00, 0.00, 1.00, 0.00, 0.00, 0.00, 1.00, 0.00, 0.00, 0.00, 0.00, 0.00, 0.00, 0.00, 0.00
675,  0,  22.649,  0.98,  1, 0.05, 0.67, 0.91, 0.34, 0.76, 1.95, 0.00, 0.04, 0.94, 1.17, 0.14, 0.45, 0.00, 0.17, 0.17, 0.01, 0.00, 0.00, 1.00, 0.00, 1.00, 0.00, 1.00, 0.00, 0.00, 0.00, 1.00, 0.00, 0.00, 0.00, 0.00, 0.00, 0.00, 0.00, 0.00
676,  0,  22.683,  0.98,  1, 0.09, 0.60, 0.75, 0.60, 0.72, 1.62, 0.00, 0.04, 0.90, 1.12, 0.05, 0.35, 0.00, 0.25, 0.33, 0.01, 0.00, 0.00, 1.00, 0.00, 1.00, 0.00, 1.00, 0.00, 0.00, 0.00, 1.00, 0.00, 0.00, 0.00, 0.00, 0.00, 0.00, 0.00, 0.00
677,  0,  22.716,  0.98,  1, 0.10, 0.55, 0.74, 0.70, 0.70, 1.56, 0.00, 0.03, 0.89, 0.95, 0.08, 0.33, 0.00, 0.29, 0.27, 0.00, 0.00, 0.00, 0.00, 0.00, 1.00, 0.00, 1.00, 0.00, 0.00, 0.00, 1.00, 0.00, 0.00, 0.00, 0.00, 0.00, 0.00, 0.00, 0.00
678,  0,  22.750,  0.98,  1, 0.05, 0.30, 0.65, 0.77, 0.69, 1.61, 0.00, 0.04, 0.91, 0.91, 0.13, 0.37, 0.00, 0.31, 0.28, 0.00, 0.00, 0.00, 0.00, 0.00, 1.00, 0.00, 1.00, 0.00, 0.00, 0.00, 1.00, 0.00, 0.00, 0.00, 0.00, 0.00, 0.00, 0.00, 0.00
679,  0,  22.783,  0.98,  1, 0.01, 0.17, 0.63, 0.66, 0.67, 1.69, 0.00, 0.05, 0.94, 0.84, 0.20, 0.33, 0.01, 0.24, 0.15, 0.00, 0.00, 0.00, 0.00, 0.00, 1.00, 0.00, 1.00, 0.00, 0.00, 0.00, 1.00, 0.00, 0.00, 0.00, 0.00, 0.00, 0.00, 0.00, 0.00
680,  0,  22.817,  0.98,  1, 0.00, 0.00, 0.50, 0.67, 0.72, 1.62, 0.00, 0.04, 0.93, 1.00, 0.21, 0.34, 0.01, 0.22, 0.14, 0.00, 0.00, 0.00, 0.00, 0.00, 1.00, 0.00, 1.00, 0.00, 0.00, 0.00, 1.00, 0.00, 0.00, 0.00, 0.00, 0.00, 0.00, 0.00, 0.00
681,  0,  22.851,  0.98,  1, 0.00, 0.00, 0.56, 0.62, 0.77, 1.56, 0.00, 0.03, 0.96, 0.96, 0.24, 0.27, 0.01, 0.23, 0.14, 0.00, 0.00, 0.00, 0.00, 0.00, 1.00, 0.00, 1.00, 0.00, 0.00, 0.00, 1.00, 0.00, 0.00, 0.00, 0.00, 0.00, 0.00, 0.00, 0.00
682,  0,  22.884,  0.98,  1, 0.00, 0.03, 0.51, 0.79, 0.79, 1.51, 0.00, 0.03, 0.95, 1.02, 0.16, 0.29, 0.02, 0.32, 0.18, 0.00, 0.00, 0.00, 0.00, 0.00, 1.00, 0.00, 1.00, 0.00, 0.00, 0.00, 1.00, 0.00, 0.00, 0.00, 0.00, 0.00, 0.00, 0.00, 0.00
683,  0,  22.918,  0.98,  1, 0.09, 0.20, 0.63, 0.71, 0.78, 1.78, 0.00, 0.00, 0.95, 0.99, 0.12, 0.27, 0.02, 0.30, 0.24, 0.01, 0.00, 0.00, 0.00, 0.00, 1.00, 0.00, 1.00, 0.00, 0.00, 0.00, 1.00, 0.00, 0.00, 0.00, 0.00, 0.00, 0.00, 0.00, 0.00
684,  0,  22.952,  0.98,  1, 0.55, 0.50, 0.67, 0.49, 0.73, 2.01, 0.00, 0.02, 0.98, 1.04, 0.07, 0.58, 0.02, 0.21, 0.18, 0.01, 0.14, 0.00, 0.00, 0.00, 0.00, 0.00, 1.00, 0.00, 0.00, 0.00, 1.00, 0.00, 0.00, 0.00, 0.00, 0.00, 0.00, 0.00, 0.00
685,  0,  22.985,  0.98,  1, 1.00, 0.77, 0.78, 0.16, 0.74, 2.30, 0.00, 0.06, 1.00, 1.13, 0.05, 0.84, 0.14, 0.06, 0.12, 0.01, 0.46, 0.00, 0.00, 0.00, 0.00, 0.00, 1.00, 0.00, 0.00, 0.00, 1.00, 0.00, 0.00, 0.00, 0.00, 0.00, 0.00, 0.00, 0.00
686,  0,  23.019,  0.98,  1, 1.24, 0.99, 0.80, 0.00, 0.76, 2.29, 0.00, 0.08, 1.07, 1.11, 0.12, 1.08, 0.19, 0.00, 0.03, 0.00, 0.53, 0.00, 0.00, 0.00, 0.00, 0.00, 1.00, 0.00, 0.00, 0.00, 1.00, 0.00, 0.00, 0.00, 0.00, 0.00, 0.00, 0.00, 0.00
687,  0,  23.052,  0.98,  1, 1.04, 0.86, 0.84, 0.00, 0.82, 2.26, 0.00, 0.09, 1.03, 1.09, 0.15, 0.98, 0.19, 0.06, 0.03, 0.07, 0.39, 0.00, 0.00, 0.00, 0.00, 0.00, 1.00, 0.00, 0.00, 0.00, 1.00, 0.00, 0.00, 0.00, 0.00, 0.00, 0.00, 0.00, 0.00
688,  0,  23.086,  0.98,  1, 0.70, 0.66, 0.78, 0.00, 0.88, 2.29, 0.00, 0.05, 0.98, 1.18, 0.27, 0.76, 0.06, 0.06, 0.01, 0.11, 0.07, 0.00, 0.00, 0.00, 0.00, 0.00, 1.00, 0.00, 0.00, 0.00, 1.00, 0.00, 0.00, 0.00, 0.00, 0.00, 0.00, 0.00, 0.00
689,  0,  23.120,  0.98,  1, 0.40, 0.27, 0.77, 0.00, 0.93, 2.21, 0.00, 0.03, 0.92, 1.28, 0.36, 0.59, 0.02, 0.16, 0.01, 0.11, 0.00, 0.00, 0.00, 0.00, 0.00, 0.00, 1.00, 0.00, 0.00, 0.00, 1.00, 0.00, 0.00, 0.00, 0.00, 0.00, 0.00, 0.00, 0.00
690,  0,  23.153,  0.98,  1, 0.14, 0.15, 0.81, 0.00, 0.87, 2.32, 0.00, 0.01, 0.89, 1.32, 0.49, 0.54, 0.02, 0.18, 0.01, 0.03, 0.00, 0.00, 0.00, 0.00, 0.00, 0.00, 1.00, 0.00, 0.00, 0.00, 1.00, 0.00, 0.00, 0.00, 0.00, 0.00, 0.00, 0.00, 0.00
691,  0,  23.187,  0.98,  1, 0.03, 0.06, 0.91, 0.17, 0.85, 2.49, 0.00, 0.08, 0.96, 1.25, 0.51, 0.75, 0.03, 0.28, 0.00, 0.00, 0.00, 0.00, 0.00, 0.00, 0.00, 0.00, 1.00, 0.00, 0.00, 0.00, 1.00, 0.00, 0.00, 0.00, 0.00, 0.00, 0.00, 0.00, 0.00
692,  0,  23.220,  0.98,  1, 0.00, 0.06, 0.86, 0.17, 0.77, 2.51, 0.00, 0.12, 1.00, 1.27, 0.33, 0.82, 0.02, 0.21, 0.00, 0.00, 0.00, 0.00, 0.00, 0.00, 0.00, 0.00, 1.00, 0.00, 0.00, 0.00, 1.00, 0.00, 0.00, 0.00, 0.00, 0.00, 0.00, 0.00, 0.00
693,  0,  23.254,  0.98,  1, 0.00, 0.00, 0.80, 0.19, 0.81, 2.42, 0.00, 0.12, 1.01, 1.22, 0.21, 0.82, 0.02, 0.17, 0.05, 0.00, 0.00, 0.00, 0.00, 0.00, 0.00, 0.00, 1.00, 0.00, 0.00, 0.00, 1.00, 0.00, 0.00, 0.00, 0.00, 0.00, 0.00, 0.00, 0.00
694,  0,  23.288,  0.98,  1, 0.00, 0.07, 0.82, 0.10, 0.75, 2.32, 0.00, 0.05, 0.98, 1.14, 0.16, 0.65, 0.00, 0.11, 0.11, 0.02, 0.00, 0.00, 0.00, 0.00, 0.00, 0.00, 1.00, 0.00, 0.00, 0.00, 1.00, 0.00, 0.00, 0.00, 0.00, 0.00, 0.00, 0.00, 0.00
695,  0,  23.321,  0.98,  1, 0.00, 0.07, 0.87, 0.20, 0.75, 2.25, 0.00, 0.01, 0.99, 1.08, 0.20, 0.51, 0.00, 0.10, 0.19, 0.02, 0.00, 0.00, 0.00, 0.00, 0.00, 0.00, 1.00, 0.00, 0.00, 0.00, 1.00, 0.00, 0.00, 0.00, 0.00, 0.00, 0.00, 0.00, 0.00
696,  0,  23.355,  0.98,  1, 0.00, 0.13, 0.90, 0.46, 0.73, 2.09, 0.00, 0.01, 0.95, 1.10, 0.23, 0.56, 0.00, 0.13, 0.14, 0.02, 0.00, 0.00, 0.00, 0.00, 0.00, 0.00, 1.00, 0.00, 0.00, 0.00, 1.00, 0.00, 0.00, 0.00, 0.00, 0.00, 0.00, 0.00, 0.00
697,  0,  23.388,  0.98,  1, 0.00, 0.06, 0.79, 0.68, 0.80, 1.95, 0.00, 0.01, 0.96, 1.02, 0.14, 0.62, 0.00, 0.18, 0.10, 0.00, 0.00, 0.00, 0.00, 0.00, 0.00, 0.00, 1.00, 0.00, 0.00, 0.00, 1.00, 0.00, 0.00, 0.00, 0.00, 0.00, 0.00, 0.00, 0.00
698,  0,  23.422,  0.98,  1, 0.00, 0.20, 0.89, 0.85, 0.80, 2.11, 0.00, 0.01, 0.95, 0.99, 0.21, 0.68, 0.00, 0.22, 0.07, 0.01, 0.00, 0.00, 0.00, 0.00, 1.00, 0.00, 1.00, 0.00, 0.00, 0.00, 1.00, 0.00, 0.00, 0.00, 0.00, 0.00, 0.00, 0.00, 0.00
699,  0,  23.456,  0.98,  1, 0.00, 0.39, 0.93, 0.87, 0.82, 2.20, 0.00, 0.05, 1.02, 1.00, 0.14, 0.63, 0.00, 0.18, 0.21, 0.12, 0.00, 0.00, 0.00, 0.00, 1.00, 0.00, 1.00, 0.00, 0.00, 0.00, 1.00, 0.00, 0.00, 0.00, 0.00, 0.00, 0.00, 0.00, 0.00
700,  0,  23.489,  0.98,  1, 0.00, 0.70, 1.18, 0.83, 0.78, 2.19, 0.00, 0.06, 1.04, 1.05, 0.18, 0.69, 0.00, 0.13, 0.26, 0.12, 0.00, 0.00, 0.00, 0.00, 1.00, 0.00, 1.00, 0.00, 0.00, 0.00, 1.00, 0.00, 0.00, 0.00, 0.00, 0.00, 0.00, 0.00, 0.00
701,  0,  23.523,  0.98,  1, 0.00, 0.60, 1.11, 0.89, 0.80, 2.05, 0.00, 0.07, 0.97, 1.02, 0.07, 0.74, 0.00, 0.15, 0.24, 0.11, 0.00, 0.00, 0.00, 0.00, 1.00, 0.00, 1.00, 0.00, 0.00, 0.00, 1.00, 0.00, 0.00, 0.00, 0.00, 0.00, 0.00, 0.00, 0.00
702,  0,  23.556,  0.98,  1, 0.00, 0.41, 1.03, 0.84, 0.80, 2.06, 0.00, 0.06, 0.98, 0.99, 0.04, 0.79, 0.00, 0.23, 0.22, 0.00, 0.00, 0.00, 0.00, 0.00, 1.00, 0.00, 1.00, 0.00, 0.00, 0.00, 1.00, 0.00, 0.00, 0.00, 0.00, 0.00, 0.00, 0.00, 0.00
703,  0,  23.590,  0.98,  1, 0.00, 0.24, 0.80, 0.95, 0.77, 1.90, 0.00, 0.06, 0.95, 0.96, 0.00, 0.79, 0.00, 0.32, 0.26, 0.00, 0.00, 0.00, 0.00, 0.00, 1.00, 0.00, 1.00, 0.00, 0.00, 0.00, 1.00, 0.00, 0.00, 0.00, 0.00, 0.00, 0.00, 0.00, 0.00
704,  0,  23.624,  0.98,  1, 0.00, 0.27, 0.90, 0.87, 0.67, 1.87, 0.00, 0.04, 1.02, 0.99, 0.00, 0.72, 0.00, 0.35, 0.42, 0.00, 0.00, 0.00, 0.00, 0.00, 1.00, 0.00, 1.00, 0.00, 0.00, 0.00, 1.00, 0.00, 0.00, 0.00, 0.00, 0.00, 0.00, 0.00, 0.00
705,  0,  23.657,  0.98,  1, 0.00, 0.30, 1.00, 0.92, 0.58, 1.73, 0.00, 0.06, 1.01, 0.92, 0.00, 0.68, 0.00, 0.36, 0.29, 0.00, 0.00, 0.00, 0.00, 0.00, 1.00, 0.00, 1.00, 0.00, 0.00, 0.00, 1.00, 0.00, 0.00, 0.00, 0.00, 0.00, 0.00, 0.00, 0.00
706,  0,  23.691,  0.98,  1, 0.00, 0.30, 1.10, 0.84, 0.57, 1.91, 0.00, 0.06, 1.07, 0.95, 0.00, 0.72, 0.00, 0.33, 0.20, 0.00, 0.00, 0.00, 0.00, 0.00, 1.00, 0.00, 1.00, 0.00, 0.00, 0.00, 1.00, 0.00, 0.00, 0.00, 0.00, 0.00, 0.00, 0.00, 0.00
707,  0,  23.724,  0.98,  1, 0.00, 0.27, 1.06, 1.01, 0.63, 1.87, 0.00, 0.06, 1.09, 1.01, 0.05, 0.78, 0.00, 0.27, 0.03, 0.03, 0.00, 0.00, 0.00, 0.00, 1.00, 0.00, 1.00, 0.00, 0.00, 0.00, 1.00, 0.00, 0.00, 0.00, 0.00, 0.00, 0.00, 0.00, 0.00
708,  0,  23.758,  0.98,  1, 0.00, 0.33, 0.94, 1.10, 0.73, 1.93, 0.00, 0.00, 1.09, 1.16, 0.08, 0.86, 0.00, 0.25, 0.04, 0.02, 0.00, 0.00, 0.00, 0.00, 1.00, 0.00, 1.00, 0.00, 0.00, 0.00, 1.00, 0.00, 0.00, 0.00, 0.00, 0.00, 0.00, 0.00, 0.00
709,  0,  23.792,  0.98,  1, 0.00, 0.34, 0.98, 1.08, 0.76, 1.91, 0.00, 0.00, 1.04, 1.27, 0.08, 0.77, 0.00, 0.26, 0.11, 0.02, 0.00, 0.00, 0.00, 0.00, 1.00, 0.00, 1.00, 0.00, 0.00, 0.00, 1.00, 0.00, 0.00, 0.00, 0.00, 0.00, 0.00, 0.00, 0.00
710,  0,  23.825,  0.98,  1, 0.00, 0.34, 1.00, 1.00, 0.76, 1.75, 0.00, 0.00, 1.00, 1.24, 0.09, 0.64, 0.00, 0.22, 0.08, 0.00, 0.00, 0.00, 0.00, 0.00, 1.00, 0.00, 1.00, 0.00, 0.00, 0.00, 1.00, 0.00, 0.00, 0.00, 0.00, 0.00, 0.00, 0.00, 0.00
711,  0,  23.859,  0.98,  1, 0.00, 0.36, 1.15, 1.05, 0.74, 1.81, 0.00, 0.00, 0.97, 1.17, 0.13, 0.54, 0.00, 0.14, 0.08, 0.00, 0.00, 0.00, 0.00, 0.00, 1.00, 0.00, 1.00, 0.00, 0.00, 0.00, 1.00, 0.00, 0.00, 0.00, 0.00, 0.00, 0.00, 0.00, 0.00
712,  0,  23.892,  0.98,  1, 0.00, 0.45, 1.20, 1.38, 0.75, 1.76, 0.00, 0.00, 1.04, 1.16, 0.13, 0.61, 0.00, 0.07, 0.04, 0.09, 0.00, 0.00, 0.00, 0.00, 1.00, 0.00, 1.00, 0.00, 0.00, 0.00, 1.00, 0.00, 0.00, 0.00, 0.00, 0.00, 0.00, 0.00, 0.00
713,  0,  23.926,  0.98,  1, 0.15, 0.76, 1.38, 1.42, 0.77, 1.99, 0.00, 0.00, 1.05, 1.00, 0.07, 0.72, 0.00, 0.05, 0.03, 0.10, 0.00, 0.00, 0.00, 0.00, 1.00, 0.00, 1.00, 0.00, 0.00, 0.00, 1.00, 0.00, 0.00, 0.00, 0.00, 0.00, 0.00, 0.00, 0.00
714,  0,  23.960,  0.98,  1, 0.27, 0.93, 1.39, 1.34, 0.79, 1.89, 0.00, 0.00, 1.12, 1.05, 0.03, 0.75, 0.00, 0.03, 0.04, 0.10, 0.00, 0.00, 0.00, 0.00, 1.00, 0.00, 1.00, 0.00, 0.00, 0.00, 1.00, 0.00, 0.00, 0.00, 0.00, 0.00, 0.00, 0.00, 0.00
715,  0,  23.993,  0.98,  1, 0.47, 1.05, 1.34, 1.20, 0.85, 2.00, 0.00, 0.00, 1.12, 0.94, 0.11, 0.78, 0.00, 0.02, 0.09, 0.06, 0.00, 0.00, 0.00, 0.00, 1.00, 0.00, 1.00, 0.00, 0.00, 0.00, 1.00, 0.00, 0.00, 0.00, 0.00, 0.00, 0.00, 0.00, 0.00
716,  0,  24.027,  0.98,  1, 0.31, 0.75, 1.18, 1.02, 0.94, 2.17, 0.00, 0.00, 1.16, 1.05, 0.17, 0.86, 0.00, 0.09, 0.22, 0.23, 0.00, 0.00, 0.00, 0.00, 1.00, 0.00, 1.00, 0.00, 0.00, 0.00, 1.00, 0.00, 0.00, 0.00, 0.00, 0.00, 0.00, 0.00, 0.00
717,  0,  24.060,  0.98,  1, 0.30, 0.54, 1.10, 0.81, 1.03, 2.42, 0.00, 0.06, 1.18, 1.05, 0.18, 0.89, 0.00, 0.09, 0.25, 0.28, 0.00, 0.00, 1.00, 0.00, 1.00, 0.00, 1.00, 0.00, 0.00, 0.00, 1.00, 0.00, 0.00, 0.00, 0.00, 0.00, 0.00, 0.00, 0.00
718,  0,  24.094,  0.98,  1, 0.16, 0.40, 1.18, 0.53, 1.10, 2.50, 0.00, 0.08, 1.13, 1.11, 0.10, 0.74, 0.01, 0.06, 0.21, 0.31, 0.00, 0.00, 1.00, 0.00, 0.00, 0.00, 1.00, 0.00, 0.00, 0.00, 1.00, 0.00, 0.00, 0.00, 0.00, 0.00, 0.00, 0.00, 0.00
719,  0,  24.128,  0.98,  1, 0.19, 0.61, 1.20, 0.62, 1.14, 2.59, 0.00, 0.11, 1.14, 1.19, 0.06, 0.64, 0.01, 0.02, 0.14, 0.13, 0.00, 0.00, 0.00, 0.00, 0.00, 0.00, 1.00, 0.00, 0.00, 0.00, 1.00, 0.00, 0.00, 0.00, 0.00, 0.00, 0.00, 0.00, 0.00
720,  0,  24.161,  0.98,  1, 0.08, 0.60, 1.23, 0.50, 1.12, 2.48, 0.00, 0.04, 1.09, 1.22, 0.02, 0.58, 0.01, 0.03, 0.16, 0.14, 0.00, 0.00, 0.00, 0.00, 0.00, 0.00, 1.00, 0.00, 0.00, 0.00, 1.00, 0.00, 0.00, 0.00, 0.00, 0.00, 0.00, 0.00, 0.00
721,  0,  24.195,  0.98,  1, 0.03, 0.44, 1.08, 0.45, 1.13, 2.36, 0.00, 0.08, 1.14, 1.10, 0.02, 0.57, 0.00, 0.03, 0.12, 0.06, 0.00, 0.00, 0.00, 0.00, 0.00, 0.00, 1.00, 0.00, 0.00, 0.00, 1.00, 0.00, 0.00, 0.00, 0.00, 0.00, 0.00, 0.00, 0.00
722,  0,  24.228,  0.98,  1, 0.00, 0.25, 1.08, 0.42, 1.07, 2.36, 0.00, 0.08, 1.16, 1.07, 0.04, 0.61, 0.00, 0.01, 0.06, 0.17, 0.00, 0.00, 0.00, 0.00, 0.00, 0.00, 1.00, 0.00, 0.00, 0.00, 1.00, 0.00, 0.00, 0.00, 0.00, 0.00, 0.00, 0.00, 0.00
723,  0,  24.262,  0.98,  1, 0.04, 0.31, 1.09, 0.55, 1.05, 2.38, 0.00, 0.13, 1.23, 0.98, 0.04, 0.58, 0.00, 0.00, 0.08, 0.19, 0.00, 0.00, 0.00, 0.00, 0.00, 0.00, 1.00, 0.00, 0.00, 0.00, 1.00, 0.00, 0.00, 0.00, 0.00, 0.00, 0.00, 0.00, 0.00
724,  0,  24.296,  0.98,  1, 0.06, 0.44, 1.14, 0.54, 0.95, 2.69, 0.00, 0.08, 1.22, 1.10, 0.13, 0.57, 0.00, 0.00, 0.18, 0.23, 0.00, 0.00, 0.00, 0.00, 0.00, 0.00, 1.00, 0.00, 0.00, 0.00, 1.00, 0.00, 0.00, 0.00, 0.00, 0.00, 0.00, 0.00, 0.00
725,  0,  24.329,  0.98,  1, 0.10, 0.49, 1.19, 0.31, 0.96, 2.55, 0.00, 0.05, 1.22, 0.98, 0.16, 0.54, 0.00, 0.00, 0.32, 0.27, 0.00, 0.00, 0.00, 0.00, 0.00, 0.00, 1.00, 0.00, 0.00, 0.00, 1.00, 0.00, 0.00, 0.00, 0.00, 0.00, 0.00, 0.00, 0.00
726,  0,  24.363,  0.98,  1, 0.11, 0.42, 1.07, 0.24, 0.98, 2.66, 0.00, 0.00, 1.16, 0.90, 0.16, 0.60, 0.00, 0.01, 0.36, 0.27, 0.04, 0.00, 0.00, 0.00, 0.00, 0.00, 1.00, 0.00, 0.00, 0.00, 1.00, 0.00, 0.00, 0.00, 0.00, 0.00, 0.00, 0.00, 0.00
727,  0,  24.396,  0.98,  1, 0.15, 0.34, 1.02, 0.10, 1.05, 2.45, 0.00, 0.05, 1.19, 0.84, 0.08, 0.75, 0.00, 0.01, 0.34, 0.34, 0.04, 0.00, 0.00, 0.00, 0.00, 0.00, 1.00, 0.00, 0.00, 0.00, 1.00, 0.00, 0.00, 0.00, 0.00, 0.00, 0.00, 0.00, 0.00
728,  0,  24.430,  0.98,  1, 0.13, 0.46, 0.89, 0.25, 1.12, 2.47, 0.00, 0.05, 1.13, 0.90, 0.02, 0.83, 0.00, 0.01, 0.24, 0.31, 0.04, 0.00, 0.00, 0.00, 0.00, 0.00, 1.00, 0.00, 0.00, 0.00, 1.00, 0.00, 0.00, 0.00, 0.00, 0.00, 0.00, 0.00, 0.00
729,  0,  24.464,  0.98,  1, 0.11, 0.47, 0.97, 0.21, 1.18, 2.55, 0.00, 0.05, 1.12, 0.97, 0.02, 0.89, 0.00, 0.00, 0.19, 0.40, 0.00, 0.00, 0.00, 0.00, 0.00, 0.00, 1.00, 0.00, 0.00, 0.00, 1.00, 0.00, 0.00, 0.00, 0.00, 0.00, 0.00, 0.00, 0.00
730,  0,  24.497,  0.98,  1, 0.06, 0.54, 1.02, 0.21, 1.18, 2.59, 0.00, 0.00, 1.10, 0.97, 0.05, 0.72, 0.00, 0.00, 0.19, 0.43, 0.00, 0.00, 0.00, 0.00, 0.00, 0.00, 1.00, 0.00, 0.00, 0.00, 1.00, 0.00, 0.00, 0.00, 0.00, 0.00, 0.00, 0.00, 0.00
731,  0,  24.531,  0.98,  1, 0.05, 0.45, 1.11, 0.07, 1.15, 2.72, 0.00, 0.03, 1.11, 1.12, 0.05, 0.63, 0.00, 0.00, 0.19, 0.39, 0.00, 0.00, 0.00, 0.00, 0.00, 0.00, 1.00, 0.00, 0.00, 0.00, 1.00, 0.00, 0.00, 0.00, 0.00, 0.00, 0.00, 0.00, 0.00
732,  0,  24.564,  0.98,  1, 0.08, 0.38, 1.10, 0.00, 1.13, 2.65, 0.00, 0.05, 1.13, 1.24, 0.14, 0.60, 0.14, 0.00, 0.23, 0.31, 0.02, 0.00, 0.00, 0.00, 0.00, 0.00, 1.00, 0.00, 0.00, 0.00, 1.00, 0.00, 0.00, 0.00, 0.00, 0.00, 0.00, 0.00, 0.00
733,  0,  24.598,  0.98,  1, 0.08, 0.35, 1.12, 0.00, 1.13, 2.71, 0.00, 0.09, 1.09, 1.37, 0.14, 0.68, 0.26, 0.00, 0.23, 0.22, 0.02, 0.00, 0.00, 0.00, 0.00, 0.00, 1.00, 0.00, 0.00, 0.00, 1.00, 0.00, 0.00, 0.00, 0.00, 0.00, 0.00, 0.00, 0.00
734,  0,  24.632,  0.98,  1, 0.11, 0.23, 1.04, 0.00, 1.12, 2.58, 0.00, 0.11, 1.13, 1.34, 0.12, 0.67, 0.35, 0.00, 0.30, 0.23, 0.02, 0.00, 0.00, 0.00, 0.00, 0.00, 1.00, 0.00, 0.00, 0.00, 1.00, 0.00, 0.00, 0.00, 0.00, 0.00, 0.00, 0.00, 0.00
735,  0,  24.665,  0.98,  1, 0.06, 0.18, 1.07, 0.00, 1.11, 2.74, 0.00, 0.14, 1.17, 1.33, 0.03, 0.71, 0.28, 0.00, 0.25, 0.26, 0.05, 0.00, 0.00, 0.00, 0.00, 0.00, 1.00, 0.00, 0.00, 0.00, 1.00, 0.00, 0.00, 0.00, 0.00, 0.00, 0.00, 0.00, 0.00
736,  0,  24.699,  0.98,  1, 0.19, 0.23, 1.08, 0.00, 1.10, 2.55, 0.00, 0.19, 1.22, 1.36, 0.00, 0.69, 0.28, 0.00, 0.19, 0.34, 0.12, 0.00, 0.00, 0.00, 0.00, 0.00, 1.00, 0.00, 0.00, 0.00, 1.00, 0.00, 0.00, 0.00, 0.00, 0.00, 0.00, 0.00, 0.00
737,  0,  24.733,  0.98,  1, 0.26, 0.27, 1.13, 0.00, 1.08, 2.55, 0.00, 0.20, 1.23, 1.33, 0.00, 0.61, 0.32, 0.00, 0.12, 0.38, 0.13, 0.00, 0.00, 0.00, 0.00, 0.00, 1.00, 0.00, 0.00, 0.00, 1.00, 0.00, 0.00, 0.00, 0.00, 0.00, 0.00, 0.00, 0.00
738,  0,  24.766,  0.98,  1, 0.27, 0.43, 1.11, 0.00, 1.05, 2.37, 0.00, 0.26, 1.24, 1.28, 0.02, 0.58, 0.30, 0.00, 0.08, 0.37, 0.13, 0.00, 0.00, 0.00, 0.00, 0.00, 1.00, 0.00, 0.00, 0.00, 1.00, 0.00, 0.00, 0.00, 0.00, 0.00, 0.00, 0.00, 0.00
739,  0,  24.800,  0.98,  1, 0.25, 0.46, 1.04, 0.02, 0.98, 2.44, 0.00, 0.21, 1.21, 1.13, 0.02, 0.62, 0.21, 0.00, 0.03, 0.31, 0.06, 0.00, 0.00, 0.00, 0.00, 0.00, 1.00, 0.00, 0.00, 0.00, 1.00, 0.00, 0.00, 0.00, 0.00, 0.00, 0.00, 0.00, 0.00
740,  0,  24.833,  0.98,  1, 0.22, 0.45, 0.99, 0.02, 1.04, 2.55, 0.00, 0.23, 1.21, 1.03, 0.02, 0.73, 0.11, 0.00, 0.00, 0.30, 0.05, 0.00, 0.00, 0.00, 0.00, 0.00, 1.00, 0.00, 0.00, 0.00, 1.00, 0.00, 0.00, 0.00, 0.00, 0.00, 0.00, 0.00, 0.00
741,  0,  24.867,  0.98,  1, 0.28, 0.43, 1.00, 0.02, 1.06, 2.55, 0.00, 0.19, 1.22, 1.01, 0.01, 0.71, 0.10, 0.00, 0.11, 0.29, 0.00, 0.00, 0.00, 0.00, 0.00, 0.00, 1.00, 0.00, 0.00, 0.00, 1.00, 0.00, 0.00, 0.00, 0.00, 0.00, 0.00, 0.00, 0.00
742,  0,  24.901,  0.98,  1, 0.20, 0.32, 0.99, 0.00, 1.12, 2.58, 0.00, 0.19, 1.26, 1.03, 0.01, 0.78, 0.08, 0.00, 0.18, 0.36, 0.00, 0.00, 0.00, 0.00, 0.00, 0.00, 1.00, 0.00, 0.00, 0.00, 1.00, 0.00, 0.00, 0.00, 0.00, 0.00, 0.00, 0.00, 0.00
743,  0,  24.934,  0.98,  1, 0.12, 0.33, 1.02, 0.00, 1.14, 2.55, 0.00, 0.17, 1.29, 1.07, 0.12, 0.88, 0.07, 0.00, 0.20, 0.35, 0.00, 0.00, 0.00, 0.00, 0.00, 0.00, 1.00, 0.00, 0.00, 0.00, 1.00, 0.00, 0.00, 0.00, 0.00, 0.00, 0.00, 0.00, 0.00
744,  0,  24.968,  0.98,  1, 0.07, 0.35, 1.06, 0.00, 1.16, 2.64, 0.00, 0.13, 1.27, 1.07, 0.14, 0.92, 0.03, 0.00, 0.19, 0.35, 0.00, 0.00, 0.00, 0.00, 0.00, 0.00, 1.00, 0.00, 0.00, 0.00, 1.00, 0.00, 0.00, 0.00, 0.00, 0.00, 0.00, 0.00, 0.00
745,  0,  25.001,  0.98,  1, 0.07, 0.42, 1.10, 0.00, 1.18, 2.70, 0.00, 0.16, 1.27, 1.07, 0.16, 0.83, 0.14, 0.00, 0.23, 0.32, 0.00, 0.00, 0.00, 0.00, 0.00, 0.00, 1.00, 0.00, 0.00, 0.00, 1.00, 0.00, 0.00, 0.00, 0.00, 0.00, 0.00, 0.00, 0.00
746,  0,  25.035,  0.98,  1, 0.13, 0.50, 1.09, 0.00, 1.15, 2.76, 0.00, 0.14, 1.25, 1.15, 0.05, 0.69, 0.13, 0.00, 0.28, 0.26, 0.01, 0.00, 0.00, 0.00, 0.00, 0.00, 1.00, 0.00, 0.00, 0.00, 1.00, 0.00, 0.00, 0.00, 0.00, 0.00, 0.00, 0.00, 0.00
747,  0,  25.069,  0.98,  1, 0.13, 0.44, 1.00, 0.00, 1.12, 2.72, 0.00, 0.17, 1.26, 1.24, 0.04, 0.67, 0.31, 0.00, 0.25, 0.33, 0.01, 0.00, 0.00, 0.00, 0.00, 0.00, 1.00, 0.00, 0.00, 0.00, 1.00, 0.00, 0.00, 0.00, 0.00, 0.00, 0.00, 0.00, 0.00
748,  0,  25.102,  0.98,  1, 0.19, 0.30, 1.03, 0.00, 1.11, 2.74, 0.00, 0.20, 1.24, 1.20, 0.02, 0.70, 0.22, 0.00, 0.18, 0.28, 0.01, 0.00, 0.00, 0.00, 0.00, 0.00, 1.00, 0.00, 0.00, 0.00, 1.00, 0.00, 0.00, 0.00, 0.00, 0.00, 0.00, 0.00, 0.00
749,  0,  25.136,  0.98,  1, 0.23, 0.25, 1.03, 0.00, 1.13, 2.63, 0.00, 0.28, 1.26, 1.20, 0.06, 0.75, 0.26, 0.00, 0.20, 0.43, 0.02, 0.00, 0.00, 0.00, 0.00, 0.00, 1.00, 0.00, 0.00, 0.00, 1.00, 0.00, 0.00, 0.00, 0.00, 0.00, 0.00, 0.00, 0.00
750,  0,  25.169,  0.98,  1, 0.33, 0.32, 1.09, 0.00, 1.17, 2.66, 0.00, 0.23, 1.20, 1.06, 0.06, 0.74, 0.20, 0.00, 0.25, 0.44, 0.05, 0.00, 0.00, 0.00, 0.00, 0.00, 1.00, 0.00, 0.00, 0.00, 1.00, 0.00, 0.00, 0.00, 0.00, 0.00, 0.00, 0.00, 0.00
751,  0,  25.203,  0.98,  1, 0.30, 0.44, 1.05, 0.00, 1.19, 2.68, 0.00, 0.23, 1.22, 1.08, 0.06, 0.71, 0.17, 0.00, 0.33, 0.47, 0.17, 0.00, 0.00, 0.00, 0.00, 0.00, 1.00, 0.00, 0.00, 0.00, 1.00, 0.00, 0.00, 0.00, 0.00, 0.00, 0.00, 0.00, 0.00
752,  0,  25.237,  0.98,  1, 0.19, 0.31, 0.94, 0.00, 1.21, 2.70, 0.00, 0.23, 1.20, 1.01, 0.03, 0.72, 0.24, 0.00, 0.28, 0.38, 0.15, 0.00, 0.00, 0.00, 0.00, 0.00, 1.00, 0.00, 0.00, 0.00, 1.00, 0.00, 0.00, 0.00, 0.00, 0.00, 0.00, 0.00, 0.00
753,  0,  25.270,  0.98,  1, 0.06, 0.30, 0.85, 0.00, 1.23, 2.61, 0.00, 0.34, 1.21, 1.08, 0.00, 0.71, 0.18, 0.00, 0.19, 0.29, 0.19, 0.00, 0.00, 0.00, 0.00, 0.00, 1.00, 0.00, 0.00, 0.00, 1.00, 0.00, 0.00, 0.00, 0.00, 0.00, 0.00, 0.00, 0.00
754,  0,  25.304,  0.98,  1, 0.00, 0.20, 0.81, 0.00, 1.22, 2.49, 0.00, 0.35, 1.17, 1.09, 0.00, 0.75, 0.25, 0.00, 0.14, 0.33, 0.14, 0.00, 0.00, 0.00, 0.00, 0.00, 1.00, 0.00, 0.00, 0.00, 1.00, 0.00, 0.00, 0.00, 0.00, 0.00, 0.00, 0.00, 0.00
755,  0,  25.337,  0.98,  1, 0.03, 0.37, 0.83, 0.00, 1.27, 2.50, 0.00, 0.32, 1.17, 1.14, 0.00, 0.68, 0.16, 0.00, 0.11, 0.39, 0.20, 0.00, 0.00, 0.00, 0.00, 0.00, 1.00, 0.00, 0.00, 0.00, 1.00, 0.00, 0.00, 0.00, 0.00, 0.00, 0.00, 0.00, 0.00
756,  0,  25.371,  0.98,  1, 0.03, 0.39, 0.94, 0.00, 1.32, 2.54, 0.00, 0.23, 1.17, 1.17, 0.00, 0.62, 0.10, 0.00, 0.16, 0.41, 0.24, 0.00, 0.00, 0.00, 0.00, 0.00, 1.00, 0.00, 0.00, 0.00, 1.00, 0.00, 0.00, 0.00, 0.00, 0.00, 0.00, 0.00, 0.00
757,  0,  25.405,  0.98,  1, 0.04, 0.55, 0.93, 0.00, 1.38, 2.64, 0.00, 0.23, 1.21, 1.18, 0.00, 0.64, 0.05, 0.00, 0.19, 0.42, 0.17, 0.00, 0.00, 0.00, 0.00, 0.00, 1.00, 0.00, 0.00, 0.00, 1.00, 0.00, 0.00, 0.00, 0.00, 0.00, 0.00, 0.00, 0.00
758,  0,  25.438,  0.98,  1, 0.08, 0.44, 1.01, 0.00, 1.40, 2.62, 0.00, 0.27, 1.22, 1.23, 0.00, 0.74, 0.16, 0.00, 0.17, 0.45, 0.11, 0.00, 0.00, 0.00, 0.00, 0.00, 1.00, 0.00, 0.00, 0.00, 1.00, 0.00, 0.00, 0.00, 0.00, 0.00, 0.00, 0.00, 0.00
759,  0,  25.472,  0.98,  1, 0.08, 0.41, 1.02, 0.02, 1.37, 2.54, 0.00, 0.34, 1.26, 1.21, 0.00, 0.77, 0.24, 0.00, 0.13, 0.49, 0.01, 0.00, 0.00, 0.00, 0.00, 0.00, 1.00, 0.00, 0.00, 0.00, 1.00, 0.00, 0.00, 0.00, 0.00, 0.00, 0.00, 0.00, 0.00
760,  0,  25.505,  0.98,  1, 0.16, 0.27, 1.02, 0.02, 1.40, 2.52, 0.00, 0.30, 1.29, 1.19, 0.00, 0.71, 0.40, 0.00, 0.12, 0.46, 0.00, 0.00, 0.00, 0.00, 0.00, 0.00, 1.00, 0.00, 0.00, 0.00, 1.00, 0.00, 0.00, 0.00, 0.00, 0.00, 0.00, 0.00, 0.00
761,  0,  25.539,  0.98,  1, 0.08, 0.23, 0.96, 0.02, 1.41, 2.51, 0.00, 0.30, 1.31, 1.20, 0.02, 0.72, 0.49, 0.00, 0.20, 0.40, 0.00, 0.00, 0.00, 0.00, 0.00, 0.00, 1.00, 0.00, 0.00, 0.00, 1.00, 0.00, 0.00, 0.00, 0.00, 0.00, 0.00, 0.00, 0.00
762,  0,  25.573,  0.98,  1, 0.16, 0.08, 0.88, 0.00, 1.37, 2.42, 0.00, 0.29, 1.25, 1.19, 0.02, 0.74, 0.54, 0.00, 0.20, 0.35, 0.00, 0.00, 0.00, 0.00, 0.00, 0.00, 1.00, 0.00, 0.00, 0.00, 1.00, 0.00, 0.00, 0.00, 0.00, 0.00, 0.00, 0.00, 0.00
763,  0,  25.606,  0.98,  1, 0.14, 0.02, 0.89, 0.00, 1.35, 2.49, 0.00, 0.29, 1.21, 1.30, 0.02, 0.76, 0.51, 0.00, 0.13, 0.27, 0.04, 0.00, 0.00, 0.00, 0.00, 0.00, 1.00, 0.00, 0.00, 0.00, 1.00, 0.00, 0.00, 0.00, 0.00, 0.00, 0.00, 0.00, 0.00
764,  0,  25.640,  0.98,  1, 0.19, 0.05, 0.94, 0.00, 1.34, 2.75, 0.00, 0.20, 1.19, 1.28, 0.00, 0.68, 0.38, 0.00, 0.07, 0.25, 0.04, 0.00, 0.00, 0.00, 0.00, 0.00, 1.00, 0.00, 0.00, 0.00, 1.00, 0.00, 0.00, 0.00, 0.00, 0.00, 0.00, 0.00, 0.00
765,  0,  25.673,  0.98,  1, 0.11, 0.16, 0.95, 0.00, 1.42, 3.02, 0.00, 0.13, 1.27, 1.31, 0.00, 0.61, 0.40, 0.00, 0.12, 0.22, 0.06, 0.00, 0.00, 0.00, 0.00, 0.00, 1.00, 0.00, 0.00, 0.00, 1.00, 0.00, 0.00, 0.00, 0.00, 0.00, 0.00, 0.00, 0.00
766,  0,  25.707,  0.98,  1, 0.09, 0.23, 0.96, 0.00, 1.41, 3.21, 0.00, 0.09, 1.30, 1.30, 0.00, 0.54, 0.43, 0.00, 0.21, 0.32, 0.09, 0.00, 0.00, 0.00, 0.00, 0.00, 1.00, 0.00, 0.00, 0.00, 1.00, 0.00, 0.00, 0.00, 0.00, 0.00, 0.00, 0.00, 0.00
767,  0,  25.741,  0.98,  1, 0.07, 0.41, 0.86, 0.00, 1.39, 3.06, 0.00, 0.10, 1.32, 1.31, 0.03, 0.55, 0.35, 0.00, 0.31, 0.31, 0.09, 0.00, 0.00, 0.00, 0.00, 0.00, 1.00, 0.00, 0.00, 0.00, 1.00, 0.00, 0.00, 0.00, 0.00, 0.00, 0.00, 0.00, 0.00
768,  0,  25.774,  0.98,  1, 0.07, 0.45, 0.86, 0.00, 1.30, 2.98, 0.00, 0.09, 1.30, 1.41, 0.06, 0.54, 0.25, 0.00, 0.35, 0.31, 0.07, 0.00, 0.00, 0.00, 0.00, 0.00, 1.00, 0.00, 0.00, 0.00, 1.00, 0.00, 0.00, 0.00, 0.00, 0.00, 0.00, 0.00, 0.00
769,  0,  25.808,  0.98,  1, 0.09, 0.60, 0.84, 0.00, 1.29, 2.91, 0.00, 0.11, 1.24, 1.31, 0.06, 0.52, 0.17, 0.00, 0.30, 0.24, 0.02, 0.00, 0.00, 0.00, 0.00, 0.00, 1.00, 0.00, 0.00, 0.00, 1.00, 0.00, 0.00, 0.00, 0.00, 0.00, 0.00, 0.00, 0.00
770,  0,  25.841,  0.98,  1, 0.05, 0.38, 0.87, 0.00, 1.25, 2.85, 0.00, 0.09, 1.21, 1.35, 0.03, 0.48, 0.19, 0.00, 0.23, 0.18, 0.02, 0.00, 0.00, 0.00, 0.00, 0.00, 1.00, 0.00, 0.00, 0.00, 1.00, 0.00, 0.00, 0.00, 0.00, 0.00, 0.00, 0.00, 0.00
771,  0,  25.875,  0.98,  1, 0.07, 0.48, 0.95, 0.00, 1.29, 2.97, 0.00, 0.05, 1.18, 1.21, 0.01, 0.52, 0.12, 0.00, 0.18, 0.20, 0.08, 0.00, 0.00, 0.00, 0.00, 0.00, 1.00, 0.00, 0.00, 0.00, 1.00, 0.00, 0.00, 0.00, 0.00, 0.00, 0.00, 0.00, 0.00
772,  0,  25.909,  0.98,  1, 0.02, 0.29, 0.96, 0.00, 1.31, 2.86, 0.00, 0.01, 1.22, 1.26, 0.04, 0.58, 0.08, 0.00, 0.17, 0.29, 0.10, 0.00, 0.00, 0.00, 0.00, 0.00, 1.00, 0.00, 0.00, 0.00, 1.00, 0.00, 0.00, 0.00, 0.00, 0.00, 0.00, 0.00, 0.00
773,  0,  25.942,  0.98,  1, 0.03, 0.31, 0.99, 0.00, 1.39, 3.00, 0.00, 0.06, 1.23, 1.25, 0.09, 0.57, 0.10, 0.00, 0.16, 0.37, 0.10, 0.00, 0.00, 0.00, 0.00, 0.00, 1.00, 0.00, 0.00, 0.00, 1.00, 0.00, 0.00, 0.00, 0.00, 0.00, 0.00, 0.00, 0.00
774,  0,  25.976,  0.98,  1, 0.01, 0.13, 0.95, 0.00, 1.37, 2.90, 0.00, 0.15, 1.26, 1.25, 0.13, 0.51, 0.15, 0.00, 0.18, 0.36, 0.04, 0.00, 1.00, 0.00, 0.00, 0.00, 1.00, 0.00, 0.00, 0.00, 1.00, 0.00, 0.00, 0.00, 0.00, 0.00, 0.00, 0.00, 0.00
775,  0,  26.009,  0.98,  1, 0.04, 0.23, 0.99, 0.00, 1.38, 2.86, 0.00, 0.25, 1.27, 1.17, 0.14, 0.46, 0.16, 0.00, 0.16, 0.33, 0.03, 0.00, 1.00, 0.00, 0.00, 0.00, 1.00, 0.00, 0.00, 0.00, 1.00, 0.00, 0.00, 0.00, 0.00, 0.00, 0.00, 0.00, 0.00
776,  0,  26.043,  0.98,  1, 0.03, 0.39, 0.96, 0.00, 1.35, 2.81, 0.00, 0.27, 1.30, 1.07, 0.16, 0.52, 0.18, 0.01, 0.14, 0.27, 0.04, 0.00, 1.00, 0.00, 0.00, 0.00, 1.00, 0.00, 0.00, 0.00, 1.00, 0.00, 0.00, 0.00, 0.00, 0.00, 0.00, 0.00, 0.00
777,  0,  26.077,  0.98,  1, 0.10, 0.38, 0.96, 0.00, 1.37, 2.93, 0.00, 0.20, 1.28, 1.08, 0.18, 0.57, 0.21, 0.01, 0.04, 0.34, 0.04, 0.00, 1.00, 0.00, 0.00, 0.00, 1.00, 0.00, 0.00, 0.00, 1.00, 0.00, 0.00, 0.00, 0.00, 0.00, 0.00, 0.00, 0.00
778,  0,  26.110,  0.98,  1, 0.10, 0.41, 0.88, 0.00, 1.34, 2.96, 0.00, 0.15, 1.20, 1.04, 0.14, 0.67, 0.20, 0.01, 0.03, 0.24, 0.02, 0.00, 1.00, 0.00, 0.00, 0.00, 1.00, 0.00, 0.00, 0.00, 1.00, 0.00, 0.00, 0.00, 0.00, 0.00, 0.00, 0.00, 0.00
779,  0,  26.144,  0.98,  1, 0.14, 0.30, 0.97, 0.00, 1.28, 2.72, 0.00, 0.08, 1.19, 1.12, 0.07, 0.73, 0.26, 0.02, 0.01, 0.21, 0.00, 0.00, 0.00, 0.00, 0.00, 0.00, 1.00, 0.00, 0.00, 0.00, 1.00, 0.00, 0.00, 0.00, 0.00, 0.00, 0.00, 0.00, 0.00
780,  0,  26.177,  0.98,  1, 0.07, 0.29, 0.85, 0.00, 1.24, 2.69, 0.00, 0.19, 1.23, 1.14, 0.07, 0.70, 0.18, 0.02, 0.04, 0.11, 0.00, 0.00, 0.00, 0.00, 0.00, 0.00, 1.00, 0.00, 0.00, 0.00, 1.00, 0.00, 0.00, 0.00, 0.00, 0.00, 0.00, 0.00, 0.00
781,  0,  26.211,  0.98,  1, 0.04, 0.14, 0.88, 0.00, 1.23, 2.68, 0.00, 0.25, 1.31, 1.23, 0.11, 0.64, 0.21, 0.02, 0.02, 0.16, 0.00, 0.00, 0.00, 0.00, 0.00, 0.00, 1.00, 0.00, 0.00, 0.00, 1.00, 0.00, 0.00, 0.00, 0.00, 0.00, 0.00, 0.00, 0.00
782,  0,  26.245,  0.98,  1, 0.00, 0.14, 0.74, 0.00, 1.22, 2.84, 0.00, 0.31, 1.31, 1.08, 0.22, 0.58, 0.23, 0.00, 0.02, 0.17, 0.00, 0.00, 0.00, 0.00, 0.00, 0.00, 1.00, 0.00, 0.00, 0.00, 1.00, 0.00, 0.00, 0.00, 0.00, 0.00, 0.00, 0.00, 0.00
783,  0,  26.278,  0.98,  1, 0.05, 0.09, 0.84, 0.00, 1.21, 2.67, 0.00, 0.27, 1.27, 0.97, 0.20, 0.60, 0.27, 0.00, 0.00, 0.12, 0.00, 0.00, 0.00, 0.00, 0.00, 0.00, 1.00, 0.00, 0.00, 0.00, 1.00, 0.00, 0.00, 0.00, 0.00, 0.00, 0.00, 0.00, 0.00
784,  0,  26.312,  0.98,  1, 0.05, 0.15, 0.77, 0.00, 1.20, 2.69, 0.00, 0.23, 1.26, 0.90, 0.16, 0.64, 0.24, 0.00, 0.00, 0.07, 0.00, 0.00, 0.00, 0.00, 0.00, 0.00, 1.00, 0.00, 0.00, 0.00, 1.00, 0.00, 0.00, 0.00, 0.00, 0.00, 0.00, 0.00, 0.00
785,  0,  26.346,  0.98,  1, 0.05, 0.07, 0.80, 0.00, 1.22, 2.87, 0.00, 0.26, 1.26, 0.91, 0.08, 0.55, 0.21, 0.00, 0.00, 0.08, 0.00, 0.00, 0.00, 0.00, 0.00, 0.00, 1.00, 0.00, 0.00, 0.00, 1.00, 0.00, 0.00, 0.00, 0.00, 0.00, 0.00, 0.00, 0.00
786,  0,  26.379,  0.98,  1, 0.00, 0.19, 0.76, 0.00, 1.23, 3.14, 0.00, 0.26, 1.30, 0.92, 0.04, 0.57, 0.39, 0.02, 0.00, 0.11, 0.00, 0.00, 0.00, 0.00, 0.00, 0.00, 1.00, 0.00, 0.00, 0.00, 1.00, 0.00, 0.00, 0.00, 0.00, 0.00, 0.00, 0.00, 0.00
787,  0,  26.413,  0.98,  1, 0.00, 0.13, 0.85, 0.08, 1.27, 3.10, 0.00, 0.35, 1.33, 1.02, 0.08, 0.63, 0.49, 0.09, 0.00, 0.20, 0.00, 0.00, 0.00, 0.00, 0.00, 0.00, 1.00, 0.00, 0.00, 0.00, 1.00, 0.00, 0.00, 0.00, 0.00, 0.00, 0.00, 0.00, 0.00
788,  0,  26.446,  0.98,  1, 0.00, 0.17, 0.85, 0.14, 1.24, 3.11, 0.00, 0.40, 1.39, 1.06, 0.15, 0.70, 0.36, 0.20, 0.00, 0.21, 0.00, 0.00, 0.00, 0.00, 0.00, 0.00, 1.00, 0.00, 0.00, 0.00, 1.00, 0.00, 0.00, 0.00, 0.00, 0.00, 0.00, 0.00, 0.00
789,  0,  26.480,  0.98,  1, 0.00, 0.04, 0.78, 0.24, 1.16, 2.85, 0.00, 0.38, 1.39, 1.10, 0.23, 0.71, 0.18, 0.32, 0.00, 0.16, 0.00, 0.00, 0.00, 0.00, 0.00, 0.00, 1.00, 0.00, 0.00, 0.00, 1.00, 0.00, 0.00, 0.00, 0.00, 0.00, 0.00, 0.00, 0.00
790,  0,  26.514,  0.98,  1, 0.00, 0.04, 0.77, 0.34, 1.07, 2.85, 0.00, 0.33, 1.34, 0.96, 0.27, 0.63, 0.04, 0.33, 0.00, 0.06, 0.00, 0.00, 0.00, 0.00, 0.00, 0.00, 1.00, 0.00, 0.00, 0.00, 1.00, 0.00, 0.00, 0.00, 0.00, 0.00, 0.00, 0.00, 0.00
791,  0,  26.547,  0.98,  1, 0.00, 0.00, 0.81, 0.31, 1.00, 2.63, 0.00, 0.23, 1.29, 0.95, 0.27, 0.72, 0.04, 0.33, 0.00, 0.01, 0.00, 0.00, 0.00, 0.00, 0.00, 0.00, 1.00, 0.00, 0.00, 0.00, 1.00, 0.00, 0.00, 0.00, 0.00, 0.00, 0.00, 0.00, 0.00
792,  0,  26.581,  0.98,  1, 0.00, 0.11, 0.93, 0.21, 0.98, 2.63, 0.00, 0.16, 1.23, 0.89, 0.37, 0.82, 0.12, 0.28, 0.00, 0.02, 0.00, 0.00, 1.00, 0.00, 0.00, 0.00, 1.00, 0.00, 0.00, 0.00, 1.00, 0.00, 0.00, 0.00, 0.00, 0.00, 0.00, 0.00, 0.00
793,  0,  26.614,  0.98,  1, 0.00, 0.22, 0.98, 0.04, 0.96, 2.39, 0.00, 0.05, 1.18, 0.73, 0.35, 0.86, 0.26, 0.28, 0.00, 0.09, 0.00, 0.00, 0.00, 0.00, 0.00, 0.00, 1.00, 0.00, 0.00, 0.00, 1.00, 0.00, 0.00, 0.00, 0.00, 0.00, 0.00, 0.00, 0.00
794,  0,  26.648,  0.98,  1, 0.00, 0.25, 1.00, 0.00, 0.98, 2.32, 0.00, 0.05, 1.16, 0.65, 0.29, 0.80, 0.46, 0.19, 0.00, 0.15, 0.00, 0.00, 1.00, 0.00, 0.00, 0.00, 1.00, 0.00, 0.00, 0.00, 1.00, 0.00, 0.00, 0.00, 0.00, 0.00, 0.00, 0.00, 0.00
795,  0,  26.682,  0.98,  1, 0.00, 0.27, 1.00, 0.00, 0.93, 2.16, 0.00, 0.04, 1.14, 0.62, 0.12, 0.82, 0.37, 0.17, 0.00, 0.20, 0.00, 0.00, 1.00, 0.00, 0.00, 0.00, 1.00, 0.00, 0.00, 0.00, 1.00, 0.00, 0.00, 0.00, 0.00, 0.00, 0.00, 0.00, 0.00
796,  0,  26.715,  0.98,  1, 0.00, 0.30, 1.06, 0.00, 0.86, 2.03, 0.00, 0.04, 1.17, 0.80, 0.06, 0.91, 0.23, 0.22, 0.00, 0.23, 0.00, 0.00, 1.00, 0.00, 0.00, 0.00, 1.00, 0.00, 0.00, 0.00, 1.00, 0.00, 0.00, 0.00, 0.00, 0.00, 0.00, 0.00, 0.00
797,  0,  26.749,  0.98,  1, 0.00, 0.42, 1.09, 0.20, 0.78, 2.01, 0.00, 0.00, 1.11, 0.75, 0.04, 0.96, 0.03, 0.31, 0.00, 0.38, 0.00, 0.00, 1.00, 0.00, 0.00, 0.00, 1.00, 0.00, 0.00, 0.00, 0.00, 0.00, 1.00, 0.00, 0.00, 0.00, 0.00, 0.00, 0.00
798,  0,  26.782,  0.98,  1, 0.00, 0.29, 1.04, 0.36, 0.77, 1.95, 0.00, 0.02, 1.10, 0.66, 0.04, 0.96, 0.00, 0.35, 0.00, 0.52, 0.00, 0.00, 1.00, 0.00, 0.00, 0.00, 1.00, 0.00, 0.00, 0.00, 1.00, 0.00, 1.00, 0.00, 0.00, 0.00, 0.00, 0.00, 0.00
799,  0,  26.816,  0.98,  1, 0.00, 0.19, 0.97, 0.37, 0.74, 2.02, 0.00, 0.02, 1.12, 0.59, 0.08, 0.83, 0.00, 0.27, 0.00, 0.59, 0.00, 0.00, 0.00, 0.00, 0.00, 0.00, 1.00, 0.00, 0.00, 0.00, 0.00, 0.00, 1.00, 0.00, 0.00, 0.00, 0.00, 0.00, 0.00
800,  0,  26.850,  0.98,  1, 0.00, 0.08, 1.01, 0.17, 0.70, 2.09, 0.00, 0.02, 1.18, 0.64, 0.13, 0.79, 0.00, 0.15, 0.00, 0.41, 0.00, 0.00, 0.00, 0.00, 0.00, 0.00, 1.00, 0.00, 0.00, 0.00, 0.00, 0.00, 1.00, 0.00, 0.00, 0.00, 0.00, 0.00, 0.00
801,  0,  26.883,  0.98,  1, 0.00, 0.08, 1.17, 0.09, 0.59, 2.20, 0.00, 0.08, 1.17, 0.60, 0.17, 0.74, 0.00, 0.05, 0.05, 0.20, 0.00, 0.00, 0.00, 0.00, 0.00, 0.00, 1.00, 0.00, 0.00, 0.00, 0.00, 0.00, 1.00, 0.00, 0.00, 0.00, 0.00, 0.00, 0.00
802,  0,  26.917,  0.98,  1, 0.00, 0.05, 1.30, 0.07, 0.55, 2.17, 0.00, 0.20, 1.10, 0.37, 0.17, 0.90, 0.00, 0.00, 0.06, 0.04, 0.00, 0.00, 0.00, 0.00, 0.00, 0.00, 1.00, 0.00, 0.00, 0.00, 0.00, 0.00, 1.00, 0.00, 0.00, 0.00, 0.00, 0.00, 0.00
803,  0,  26.950,  0.98,  1, 0.00, 0.00, 1.35, 0.07, 0.49, 1.95, 0.00, 0.31, 1.11, 0.30, 0.08, 0.99, 0.00, 0.00, 0.12, 0.05, 0.00, 0.00, 0.00, 0.00, 0.00, 0.00, 1.00, 0.00, 0.00, 0.00, 0.00, 0.00, 1.00, 0.00, 0.00, 0.00, 0.00, 0.00, 0.00
804,  0,  26.984,  0.98,  1, 0.00, 0.00, 1.38, 0.00, 0.46, 1.76, 0.00, 0.34, 1.18, 0.27, 0.16, 1.10, 0.00, 0.04, 0.13, 0.06, 0.00, 0.00, 0.00, 0.00, 0.00, 0.00, 1.00, 0.00, 0.00, 0.00, 0.00, 0.00, 1.00, 0.00, 0.00, 1.00, 0.00, 0.00, 0.00
805,  0,  27.018,  0.98,  1, 0.00, 0.00, 1.34, 0.00, 0.42, 1.79, 0.00, 0.39, 1.27, 0.44, 0.26, 0.97, 0.00, 0.04, 0.12, 0.06, 0.00, 0.00, 0.00, 0.00, 0.00, 0.00, 1.00, 0.00, 0.00, 0.00, 0.00, 0.00, 1.00, 0.00, 0.00, 1.00, 0.00, 0.00, 0.00
806,  0,  27.051,  0.98,  1, 0.02, 0.00, 1.47, 0.00, 0.44, 1.83, 0.00, 0.53, 1.28, 0.45, 0.31, 1.02, 0.00, 0.04, 0.18, 0.09, 0.00, 0.00, 0.00, 1.00, 0.00, 0.00, 1.00, 0.00, 0.00, 0.00, 0.00, 0.00, 1.00, 0.00, 0.00, 1.00, 0.00, 0.00, 0.00
807,  0,  27.085,  0.98,  1, 0.02, 0.00, 1.46, 0.00, 0.53, 2.07, 0.01, 0.73, 1.38, 0.57, 0.28, 0.95, 0.00, 0.00, 0.28, 0.32, 0.00, 0.00, 0.00, 1.00, 0.00, 0.00, 1.00, 0.00, 0.00, 0.00, 0.00, 0.00, 1.00, 0.00, 0.00, 1.00, 0.00, 0.00, 0.00
808,  0,  27.118,  0.98,  1, 0.02, 0.00, 1.54, 0.01, 0.59, 2.22, 0.01, 0.74, 1.45, 0.65, 0.34, 1.18, 0.00, 0.05, 0.29, 0.67, 0.00, 0.00, 0.00, 1.00, 0.00, 0.00, 1.00, 0.00, 0.00, 0.00, 0.00, 0.00, 1.00, 0.00, 0.00, 1.00, 0.00, 0.00, 0.00
809,  0,  27.152,  0.98,  1, 0.00, 0.00, 1.51, 0.02, 0.75, 2.39, 0.11, 0.79, 1.53, 0.66, 0.36, 1.20, 0.00, 0.08, 0.36, 0.74, 0.00, 0.00, 0.00, 1.00, 0.00, 0.00, 1.00, 0.00, 0.00, 1.00, 0.00, 0.00, 1.00, 0.00, 0.00, 1.00, 0.00, 0.00, 0.00
810,  0,  27.186,  0.98,  1, 0.00, 0.00, 1.60, 0.02, 0.74, 2.31, 0.10, 0.63, 1.61, 0.75, 0.37, 1.32, 0.00, 0.11, 0.21, 0.73, 0.00, 0.00, 0.00, 1.00, 0.00, 0.00, 1.00, 0.00, 0.00, 1.00, 0.00, 0.00, 1.00, 0.00, 0.00, 1.00, 0.00, 0.00, 0.00
811,  0,  27.219,  0.98,  1, 0.00, 0.00, 1.50, 0.01, 0.84, 2.36, 0.10, 0.62, 1.70, 0.82, 0.27, 1.25, 0.00, 0.07, 0.40, 0.65, 0.00, 1.00, 0.00, 1.00, 0.00, 0.00, 1.00, 0.00, 0.00, 1.00, 0.00, 0.00, 1.00, 0.00, 0.00, 1.00, 0.00, 0.00, 0.00
812,  0,  27.253,  0.98,  1, 0.00, 0.00, 1.56, 0.00, 0.74, 2.35, 0.00, 0.56, 1.75, 0.93, 0.31, 1.25, 0.00, 0.09, 0.26, 0.71, 0.00, 1.00, 0.00, 1.00, 0.00, 0.00, 1.00, 0.00, 0.00, 1.00, 1.00, 0.00, 1.00, 0.00, 0.00, 1.00, 0.00, 0.00, 0.00
813,  0,  27.286,  0.98,  1, 0.00, 0.00, 1.61, 0.00, 0.76, 2.32, 0.00, 0.52, 1.73, 0.85, 0.25, 1.21, 0.00, 0.09, 0.35, 0.58, 0.00, 1.00, 0.00, 1.00, 0.00, 0.00, 1.00, 0.00, 0.00, 1.00, 1.00, 0.00, 1.00, 0.00, 0.00, 1.00, 0.00, 0.00, 0.00
814,  0,  27.320,  0.98,  1, 0.00, 0.00, 1.81, 0.01, 0.72, 2.27, 0.00, 0.45, 1.68, 0.80, 0.16, 1.20, 0.00, 0.17, 0.23, 0.48, 0.01, 1.00, 0.00, 1.00, 0.00, 0.00, 1.00, 0.00, 0.00, 1.00, 1.00, 0.00, 1.00, 0.00, 0.00, 1.00, 0.00, 0.00, 0.00
815,  0,  27.354,  0.98,  1, 0.15, 0.00, 1.79, 0.07, 0.74, 2.17, 0.00, 0.38, 1.70, 0.78, 0.05, 1.18, 0.00, 0.18, 0.36, 0.50, 0.01, 1.00, 0.00, 1.00, 0.00, 0.00, 1.00, 0.00, 0.00, 1.00, 1.00, 0.00, 1.00, 0.00, 0.00, 1.00, 0.00, 0.00, 0.00
816,  0,  27.387,  0.98,  1, 0.18, 0.00, 1.88, 0.16, 0.81, 2.21, 0.00, 0.50, 1.73, 0.83, 0.21, 1.12, 0.00, 0.16, 0.40, 0.66, 0.01, 1.00, 0.00, 1.00, 0.00, 0.00, 1.00, 0.00, 0.00, 1.00, 1.00, 0.00, 1.00, 0.00, 0.00, 1.00, 0.00, 0.00, 0.00
817,  0,  27.421,  0.98,  1, 0.22, 0.00, 1.88, 0.15, 0.85, 2.15, 0.00, 0.53, 1.80, 0.87, 0.26, 1.05, 0.00, 0.06, 0.58, 0.79, 0.00, 1.00, 0.00, 1.00, 0.00, 0.00, 1.00, 0.00, 0.00, 1.00, 1.00, 0.00, 1.00, 0.00, 0.00, 1.00, 0.00, 0.00, 0.00
818,  0,  27.454,  0.98,  1, 0.08, 0.00, 1.81, 0.19, 0.82, 2.07, 0.00, 0.56, 1.75, 0.95, 0.33, 1.01, 0.00, 0.01, 0.55, 0.79, 0.00, 1.00, 0.00, 1.00, 0.00, 0.00, 1.00, 0.00, 0.00, 1.00, 1.00, 0.00, 1.00, 0.00, 0.00, 1.00, 0.00, 0.00, 0.00
819,  0,  27.488,  0.98,  1, 0.30, 0.12, 1.56, 0.10, 0.76, 2.12, 0.00, 0.44, 1.77, 0.91, 0.19, 1.04, 0.00, 0.01, 0.58, 0.72, 0.06, 1.00, 0.00, 1.00, 0.00, 0.00, 1.00, 0.00, 0.00, 1.00, 1.00, 0.00, 1.00, 0.00, 0.00, 1.00, 0.00, 0.00, 0.00
820,  0,  27.522,  0.98,  1, 0.43, 0.12, 1.30, 0.10, 0.60, 1.92, 0.00, 0.41, 1.77, 0.92, 0.32, 1.13, 0.00, 0.01, 0.63, 0.77, 0.73, 1.00, 0.00, 1.00, 0.00, 0.00, 1.00, 0.00, 0.00, 1.00, 1.00, 0.00, 1.00, 0.00, 0.00, 1.00, 0.00, 0.00, 0.00
821,  0,  27.555,  0.98,  1, 0.57, 0.12, 1.12, 0.00, 0.47, 1.79, 0.00, 0.39, 1.79, 1.00, 0.32, 1.15, 0.00, 0.00, 0.77, 0.86, 1.68, 1.00, 0.00, 1.00, 0.00, 0.00, 1.00, 0.00, 0.00, 1.00, 1.00, 0.00, 1.00, 0.00, 0.00, 1.00, 0.00, 0.00, 1.00
822,  0,  27.589,  0.98,  1, 0.51, 0.00, 1.04, 0.00, 0.44, 1.85, 0.01, 0.40, 1.71, 1.07, 0.34, 1.11, 0.00, 0.00, 0.78, 0.77, 2.28, 1.00, 0.00, 1.00, 0.00, 0.00, 1.00, 0.00, 0.00, 1.00, 1.00, 0.00, 1.00, 0.00, 0.00, 1.00, 0.00, 0.00, 1.00
823,  0,  27.622,  0.98,  1, 0.41, 0.02, 1.09, 0.00, 0.57, 1.94, 0.01, 0.42, 1.63, 1.07, 0.16, 1.06, 0.00, 0.00, 0.63, 0.56, 2.03, 0.00, 0.00, 1.00, 0.00, 0.00, 1.00, 0.00, 0.00, 1.00, 1.00, 0.00, 1.00, 0.00, 0.00, 1.00, 0.00, 0.00, 1.00
824,  0,  27.656,  0.98,  1, 0.42, 0.02, 1.15, 0.00, 0.74, 2.08, 0.01, 0.40, 1.56, 0.89, 0.08, 1.06, 0.00, 0.03, 0.56, 0.51, 1.46, 0.00, 0.00, 0.00, 0.00, 0.00, 1.00, 0.00, 0.00, 1.00, 1.00, 0.00, 1.00, 0.00, 0.00, 1.00, 0.00, 0.00, 1.00
825,  0,  27.690,  0.98,  1, 0.28, 0.02, 1.17, 0.00, 0.81, 1.85, 0.02, 0.39, 1.53, 0.88, 0.00, 1.02, 0.00, 0.03, 0.53, 0.63, 1.09, 0.00, 0.00, 1.00, 0.00, 0.00, 1.00, 0.00, 0.00, 1.00, 1.00, 0.00, 1.00, 0.00, 0.00, 1.00, 0.00, 0.00, 1.00
826,  0,  27.723,  0.98,  1, 0.23, 0.00, 1.13, 0.00, 0.88, 1.90, 0.08, 0.38, 1.54, 0.75, 0.00, 0.86, 0.00, 0.03, 0.49, 0.65, 0.91, 0.00, 0.00, 1.00, 0.00, 0.00, 1.00, 0.00, 0.00, 1.00, 1.00, 0.00, 1.00, 0.00, 0.00, 1.00, 0.00, 0.00, 1.00
827,  0,  27.757,  0.98,  1, 0.09, 0.00, 1.20, 0.00, 0.92, 1.91, 0.08, 0.42, 1.59, 0.73, 0.00, 0.83, 0.00, 0.00, 0.43, 0.60, 0.83, 0.00, 0.00, 1.00, 0.00, 0.00, 1.00, 0.00, 0.00, 1.00, 1.00, 0.00, 0.00, 0.00, 0.00, 1.00, 0.00, 0.00, 1.00
828,  0,  27.790,  0.98,  1, 0.05, 0.00, 1.19, 0.00, 0.98, 1.93, 0.06, 0.53, 1.59, 0.71, 0.00, 0.81, 0.00, 0.00, 0.43, 0.54, 0.64, 0.00, 0.00, 1.00, 0.00, 0.00, 1.00, 0.00, 0.00, 1.00, 1.00, 0.00, 0.00, 0.00, 0.00, 1.00, 0.00, 0.00, 1.00
829,  0,  27.824,  0.98,  1, 0.02, 0.00, 1.28, 0.00, 0.94, 1.94, 0.02, 0.56, 1.57, 0.71, 0.00, 0.83, 0.00, 0.00, 0.52, 0.39, 0.61, 0.00, 0.00, 1.00, 0.00, 0.00, 1.00, 0.00, 0.00, 1.00, 1.00, 0.00, 0.00, 0.00, 0.00, 1.00, 0.00, 0.00, 0.00
830,  0,  27.858,  0.98,  1, 0.00, 0.00, 1.18, 0.00, 0.95, 2.02, 0.06, 0.61, 1.57, 0.66, 0.00, 0.71, 0.00, 0.00, 0.52, 0.27, 0.52, 0.00, 0.00, 1.00, 0.00, 0.00, 1.00, 0.00, 0.00, 1.00, 1.00, 0.00, 0.00, 0.00, 0.00, 1.00, 0.00, 0.00, 0.00
831,  0,  27.891,  0.98,  1, 0.02, 0.00, 1.13, 0.00, 0.96, 2.01, 0.06, 0.59, 1.59, 0.65, 0.06, 0.70, 0.00, 0.00, 0.52, 0.18, 0.51, 0.00, 0.00, 1.00, 0.00, 0.00, 1.00, 0.00, 0.00, 1.00, 1.00, 0.00, 0.00, 0.00, 0.00, 1.00, 0.00, 0.00, 0.00
832,  0,  27.925,  0.98,  1, 0.02, 0.00, 1.08, 0.00, 1.05, 1.95, 0.07, 0.59, 1.57, 0.77, 0.11, 0.75, 0.00, 0.00, 0.50, 0.20, 0.45, 0.00, 0.00, 1.00, 0.00, 0.00, 1.00, 0.00, 0.00, 1.00, 1.00, 0.00, 0.00, 0.00, 0.00, 1.00, 0.00, 0.00, 0.00
833,  0,  27.958,  0.98,  1, 0.02, 0.00, 1.10, 0.00, 1.02, 1.81, 0.03, 0.58, 1.54, 0.84, 0.13, 0.80, 0.00, 0.00, 0.52, 0.16, 0.35, 0.00, 0.00, 1.00, 0.00, 0.00, 1.00, 0.00, 0.00, 1.00, 1.00, 0.00, 0.00, 0.00, 0.00, 1.00, 0.00, 0.00, 0.00
834,  0,  27.992,  0.98,  1, 0.00, 0.00, 1.12, 0.00, 1.04, 1.85, 0.09, 0.55, 1.53, 0.84, 0.07, 0.84, 0.00, 0.00, 0.51, 0.19, 0.37, 0.00, 0.00, 1.00, 0.00, 0.00, 1.00, 0.00, 0.00, 1.00, 1.00, 0.00, 0.00, 0.00, 0.00, 1.00, 0.00, 0.00, 0.00
835,  0,  28.026,  0.98,  1, 0.00, 0.00, 1.13, 0.00, 1.02, 1.93, 0.09, 0.52, 1.51, 0.70, 0.01, 0.80, 0.00, 0.00, 0.51, 0.28, 0.36, 0.00, 0.00, 1.00, 0.00, 0.00, 1.00, 0.00, 0.00, 1.00, 1.00, 0.00, 0.00, 0.00, 0.00, 1.00, 0.00, 0.00, 0.00
836,  0,  28.059,  0.98,  1, 0.03, 0.00, 1.19, 0.00, 1.04, 2.00, 0.13, 0.45, 1.47, 0.69, 0.00, 0.79, 0.00, 0.00, 0.48, 0.36, 0.47, 0.00, 0.00, 1.00, 0.00, 0.00, 1.00, 0.00, 0.00, 1.00, 1.00, 0.00, 0.00, 0.00, 0.00, 1.00, 0.00, 0.00, 0.00
837,  0,  28.093,  0.98,  1, 0.03, 0.00, 1.28, 0.06, 1.06, 2.05, 0.13, 0.38, 1.45, 0.68, 0.04, 0.77, 0.00, 0.03, 0.43, 0.34, 0.45, 0.00, 0.00, 1.00, 0.00, 0.00, 1.00, 0.00, 0.00, 1.00, 1.00, 0.00, 0.00, 0.00, 0.00, 1.00, 0.00, 0.00, 0.00
838,  0,  28.127,  0.98,  1, 0.03, 0.00, 1.37, 0.14, 1.04, 1.96, 0.13, 0.31, 1.43, 0.76, 0.04, 0.76, 0.00, 0.03, 0.43, 0.28, 0.31, 0.00, 0.00, 1.00, 0.00, 0.00, 1.00, 0.00, 0.00, 1.00, 1.00, 0.00, 0.00, 0.00, 0.00, 1.00, 0.00, 0.00, 0.00
839,  0,  28.160,  0.98,  1, 0.00, 0.00, 1.39, 0.26, 1.03, 1.95, 0.08, 0.20, 1.43, 0.72, 0.04, 0.78, 0.00, 0.03, 0.46, 0.22, 0.20, 0.00, 0.00, 1.00, 0.00, 0.00, 1.00, 0.00, 0.00, 1.00, 1.00, 0.00, 0.00, 0.00, 0.00, 1.00, 0.00, 0.00, 0.00
840,  0,  28.194,  0.98,  1, 0.00, 0.00, 1.35, 0.24, 1.03, 1.95, 0.03, 0.15, 1.42, 0.63, 0.00, 0.69, 0.00, 0.00, 0.56, 0.26, 0.20, 0.00, 0.00, 1.00, 0.00, 0.00, 1.00, 0.00, 0.00, 1.00, 1.00, 0.00, 0.00, 0.00, 0.00, 1.00, 0.00, 0.00, 0.00
841,  0,  28.227,  0.98,  1, 0.00, 0.00, 1.36, 0.27, 1.00, 1.94, 0.00, 0.08, 1.45, 0.57, 0.00, 0.64, 0.00, 0.00, 0.56, 0.32, 0.31, 0.00, 0.00, 1.00, 0.00, 0.00, 1.00, 0.00, 0.00, 1.00, 1.00, 0.00, 0.00, 0.00, 0.00, 1.00, 0.00, 0.00, 0.00
842,  0,  28.261,  0.98,  1, 0.00, 0.00, 1.37, 0.19, 0.99, 1.93, 0.00, 0.15, 1.47, 0.53, 0.00, 0.54, 0.00, 0.00, 0.62, 0.29, 0.30, 0.00, 0.00, 1.00, 0.00, 0.00, 1.00, 0.00, 0.00, 1.00, 1.00, 0.00, 0.00, 0.00, 0.00, 1.00, 0.00, 0.00, 0.00
843,  0,  28.295,  0.98,  1, 0.00, 0.00, 1.34, 0.25, 0.88, 1.76, 0.00, 0.16, 1.46, 0.48, 0.00, 0.57, 0.00, 0.00, 0.59, 0.19, 0.39, 0.00, 0.00, 1.00, 0.00, 0.00, 1.00, 0.00, 0.00, 1.00, 1.00, 0.00, 0.00, 0.00, 0.00, 1.00, 0.00, 0.00, 0.00
844,  0,  28.328,  0.98,  1, 0.00, 0.00, 1.32, 0.14, 0.86, 1.69, 0.00, 0.20, 1.47, 0.45, 0.00, 0.54, 0.00, 0.00, 0.66, 0.11, 0.48, 0.00, 0.00, 1.00, 0.00, 0.00, 1.00, 0.00, 0.00, 1.00, 1.00, 0.00, 0.00, 0.00, 0.00, 1.00, 0.00, 0.00, 0.00
845,  0,  28.362,  0.98,  1, 0.00, 0.00, 1.30, 0.10, 0.82, 1.55, 0.00, 0.12, 1.46, 0.46, 0.00, 0.54, 0.00, 0.00, 0.62, 0.16, 0.57, 0.00, 0.00, 1.00, 0.00, 0.00, 1.00, 0.00, 0.00, 1.00, 1.00, 0.00, 0.00, 0.00, 0.00, 1.00, 0.00, 0.00, 0.00
846,  0,  28.395,  0.98,  1, 0.00, 0.00, 1.36, 0.01, 0.83, 1.67, 0.00, 0.12, 1.46, 0.54, 0.01, 0.51, 0.00, 0.00, 0.60, 0.24, 0.62, 0.00, 0.00, 1.00, 0.00, 0.00, 1.00, 0.00, 0.00, 1.00, 1.00, 0.00, 0.00, 0.00, 0.00, 1.00, 0.00, 0.00, 0.00
847,  0,  28.429,  0.98,  1, 0.00, 0.00, 1.25, 0.01, 0.80, 1.70, 0.00, 0.09, 1.43, 0.60, 0.01, 0.54, 0.00, 0.00, 0.55, 0.41, 0.53, 0.00, 0.00, 0.00, 0.00, 0.00, 1.00, 0.00, 0.00, 1.00, 1.00, 0.00, 0.00, 0.00, 0.00, 1.00, 0.00, 0.00, 0.00
848,  0,  28.463,  0.98,  1, 0.00, 0.00, 1.21, 0.01, 0.84, 1.73, 0.00, 0.08, 1.45, 0.66, 0.01, 0.55, 0.00, 0.00, 0.54, 0.50, 0.58, 0.00, 0.00, 1.00, 0.00, 0.00, 1.00, 0.00, 0.00, 1.00, 1.00, 0.00, 0.00, 0.00, 0.00, 1.00, 0.00, 0.00, 0.00
849,  0,  28.496,  0.98,  1, 0.00, 0.00, 1.20, 0.11, 0.89, 1.64, 0.00, 0.08, 1.43, 0.64, 0.00, 0.47, 0.00, 0.00, 0.55, 0.45, 0.38, 0.00, 0.00, 1.00, 0.00, 0.00, 1.00, 0.00, 0.00, 1.00, 1.00, 0.00, 0.00, 0.00, 0.00, 1.00, 0.00, 0.00, 0.00
850,  0,  28.530,  0.98,  1, 0.00, 0.00, 1.24, 0.10, 0.91, 1.63, 0.00, 0.10, 1.46, 0.66, 0.00, 0.40, 0.00, 0.00, 0.54, 0.29, 0.44, 0.00, 0.00, 1.00, 0.00, 0.00, 1.00, 0.00, 0.00, 1.00, 1.00, 0.00, 0.00, 0.00, 0.00, 1.00, 0.00, 0.00, 0.00
851,  0,  28.563,  0.98,  1, 0.00, 0.00, 1.28, 0.25, 0.91, 1.62, 0.00, 0.08, 1.46, 0.59, 0.00, 0.31, 0.00, 0.00, 0.51, 0.17, 0.35, 0.00, 0.00, 0.00, 0.00, 0.00, 1.00, 0.00, 0.00, 1.00, 1.00, 0.00, 0.00, 0.00, 0.00, 1.00, 0.00, 0.00, 0.00
852,  0,  28.597,  0.98,  1, 0.00, 0.00, 1.29, 0.32, 0.90, 1.81, 0.01, 0.08, 1.45, 0.66, 0.00, 0.34, 0.00, 0.00, 0.52, 0.22, 0.47, 0.00, 0.00, 1.00, 0.00, 0.00, 1.00, 0.00, 0.00, 1.00, 1.00, 0.00, 0.00, 0.00, 0.00, 1.00, 0.00, 0.00, 0.00
853,  0,  28.631,  0.98,  1, 0.00, 0.00, 1.26, 0.42, 0.94, 1.88, 0.03, 0.11, 1.42, 0.59, 0.00, 0.43, 0.00, 0.03, 0.45, 0.27, 0.52, 0.00, 0.00, 0.00, 0.00, 0.00, 1.00, 0.00, 0.00, 1.00, 1.00, 0.00, 0.00, 0.00, 0.00, 1.00, 0.00, 0.00, 0.00
854,  0,  28.664,  0.98,  1, 0.00, 0.00, 1.24, 0.26, 0.99, 1.99, 0.03, 0.17, 1.41, 0.59, 0.00, 0.56, 0.00, 0.03, 0.44, 0.37, 0.53, 0.00, 0.00, 0.00, 0.00, 0.00, 1.00, 0.00, 0.00, 1.00, 1.00, 0.00, 0.00, 0.00, 0.00, 1.00, 0.00, 0.00, 0.00
855,  0,  28.698,  0.98,  1, 0.00, 0.00, 1.22, 0.10, 1.03, 1.89, 0.02, 0.19, 1.38, 0.47, 0.00, 0.62, 0.00, 0.03, 0.45, 0.42, 0.55, 0.00, 0.00, 0.00, 0.00, 0.00, 1.00, 0.00, 0.00, 1.00, 1.00, 0.00, 0.00, 0.00, 0.00, 1.00, 0.00, 0.00, 0.00
856,  0,  28.731,  0.98,  1, 0.00, 0.00, 1.29, 0.00, 1.02, 1.80, 0.01, 0.20, 1.36, 0.54, 0.00, 0.57, 0.00, 0.00, 0.57, 0.53, 0.38, 0.00, 0.00, 0.00, 0.00, 0.00, 1.00, 0.00, 0.00, 1.00, 1.00, 0.00, 0.00, 0.00, 0.00, 1.00, 0.00, 0.00, 0.00
857,  0,  28.765,  0.98,  1, 0.00, 0.00, 1.28, 0.00, 0.98, 1.63, 0.01, 0.22, 1.33, 0.57, 0.00, 0.59, 0.00, 0.00, 0.60, 0.54, 0.32, 0.00, 0.00, 0.00, 0.00, 0.00, 1.00, 0.00, 0.00, 1.00, 1.00, 0.00, 0.00, 0.00, 0.00, 1.00, 0.00, 0.00, 0.00
858,  0,  28.799,  0.98,  1, 0.00, 0.00, 1.21, 0.00, 0.96, 1.51, 0.01, 0.27, 1.37, 0.65, 0.00, 0.61, 0.00, 0.00, 0.59, 0.49, 0.19, 0.00, 0.00, 0.00, 0.00, 0.00, 1.00, 0.00, 0.00, 1.00, 1.00, 0.00, 0.00, 0.00, 0.00, 1.00, 0.00, 0.00, 0.00
859,  0,  28.832,  0.98,  1, 0.00, 0.00, 1.18, 0.00, 0.97, 1.66, 0.01, 0.31, 1.39, 0.55, 0.00, 0.68, 0.00, 0.00, 0.54, 0.41, 0.32, 0.00, 0.00, 0.00, 0.00, 0.00, 1.00, 0.00, 0.00, 1.00, 1.00, 0.00, 0.00, 0.00, 0.00, 1.00, 0.00, 0.00, 0.00
860,  0,  28.866,  0.98,  1, 0.00, 0.00, 1.14, 0.00, 0.98, 1.94, 0.00, 0.27, 1.45, 0.55, 0.00, 0.68, 0.00, 0.00, 0.51, 0.40, 0.33, 0.00, 0.00, 0.00, 0.00, 0.00, 1.00, 0.00, 0.00, 1.00, 1.00, 0.00, 0.00, 0.00, 0.00, 1.00, 0.00, 0.00, 0.00
861,  0,  28.899,  0.98,  1, 0.00, 0.00, 1.17, 0.00, 0.99, 2.27, 0.00, 0.19, 1.43, 0.58, 0.00, 0.70, 0.00, 0.00, 0.50, 0.52, 0.38, 0.00, 0.00, 0.00, 0.00, 0.00, 1.00, 0.00, 0.00, 1.00, 1.00, 0.00, 0.00, 0.00, 0.00, 1.00, 0.00, 0.00, 0.00
862,  0,  28.933,  0.98,  1, 0.00, 0.00, 1.18, 0.05, 0.97, 2.33, 0.00, 0.11, 1.41, 0.65, 0.00, 0.71, 0.00, 0.00, 0.48, 0.55, 0.31, 0.00, 0.00, 0.00, 0.00, 0.00, 1.00, 0.00, 0.00, 1.00, 1.00, 0.00, 1.00, 0.00, 0.00, 1.00, 0.00, 0.00, 0.00
863,  0,  28.967,  0.98,  1, 0.00, 0.00, 1.25, 0.06, 0.97, 2.30, 0.00, 0.10, 1.41, 0.61, 0.00, 0.69, 0.00, 0.00, 0.51, 0.56, 0.43, 0.00, 0.00, 0.00, 0.00, 0.00, 1.00, 0.00, 0.00, 1.00, 1.00, 0.00, 1.00, 0.00, 0.00, 1.00, 0.00, 0.00, 0.00
864,  0,  29.000,  0.98,  1, 0.00, 0.00, 1.25, 0.06, 0.96, 2.16, 0.00, 0.12, 1.45, 0.57, 0.00, 0.68, 0.00, 0.00, 0.51, 0.41, 0.52, 0.00, 0.00, 0.00, 0.00, 0.00, 1.00, 0.00, 0.00, 1.00, 1.00, 0.00, 1.00, 0.00, 0.00, 1.00, 0.00, 0.00, 0.00
865,  0,  29.034,  0.98,  1, 0.00, 0.00, 1.20, 0.03, 0.96, 2.03, 0.00, 0.08, 1.51, 0.56, 0.00, 0.67, 0.00, 0.00, 0.48, 0.42, 0.60, 0.00, 0.00, 0.00, 0.00, 0.00, 1.00, 0.00, 0.00, 1.00, 1.00, 0.00, 1.00, 0.00, 0.00, 1.00, 0.00, 0.00, 0.00
866,  0,  29.067,  0.98,  1, 0.00, 0.00, 1.22, 0.09, 0.99, 1.83, 0.00, 0.11, 1.49, 0.54, 0.00, 0.73, 0.00, 0.00, 0.52, 0.40, 0.57, 0.00, 0.00, 0.00, 0.00, 0.00, 1.00, 0.00, 0.00, 1.00, 1.00, 0.00, 1.00, 0.00, 0.00, 1.00, 0.00, 0.00, 0.00
867,  0,  29.101,  0.98,  1, 0.00, 0.00, 1.19, 0.11, 1.08, 1.80, 0.00, 0.14, 1.49, 0.53, 0.00, 0.75, 0.00, 0.00, 0.56, 0.45, 0.60, 0.00, 0.00, 0.00, 0.00, 0.00, 1.00, 0.00, 0.00, 1.00, 1.00, 0.00, 1.00, 0.00, 0.00, 1.00, 0.00, 0.00, 0.00
868,  0,  29.135,  0.98,  1, 0.00, 0.00, 1.19, 0.09, 1.10, 1.90, 0.00, 0.19, 1.47, 0.55, 0.00, 0.79, 0.00, 0.00, 0.58, 0.39, 0.63, 0.00, 0.00, 0.00, 0.00, 0.00, 1.00, 0.00, 0.00, 1.00, 1.00, 0.00, 1.00, 0.00, 0.00, 1.00, 0.00, 0.00, 0.00
869,  0,  29.168,  0.98,  1, 0.00, 0.00, 1.11, 0.03, 1.10, 2.07, 0.00, 0.13, 1.47, 0.63, 0.00, 0.72, 0.00, 0.00, 0.54, 0.43, 0.70, 0.00, 0.00, 0.00, 0.00, 0.00, 1.00, 0.00, 0.00, 1.00, 1.00, 0.00, 1.00, 0.00, 0.00, 1.00, 0.00, 0.00, 0.00
870,  0,  29.202,  0.98,  1, 0.00, 0.00, 1.20, 0.00, 1.05, 2.08, 0.00, 0.09, 1.44, 0.69, 0.00, 0.68, 0.00, 0.00, 0.44, 0.45, 0.71, 0.00, 0.00, 0.00, 0.00, 0.00, 1.00, 0.00, 0.00, 1.00, 1.00, 0.00, 1.00, 0.00, 0.00, 1.00, 0.00, 0.00, 0.00
871,  0,  29.235,  0.98,  1, 0.00, 0.00, 1.29, 0.00, 1.03, 2.08, 0.00, 0.11, 1.45, 0.68, 0.02, 0.64, 0.00, 0.00, 0.44, 0.53, 0.69, 0.00, 0.00, 0.00, 0.00, 0.00, 1.00, 0.00, 0.00, 1.00, 1.00, 0.00, 0.00, 0.00, 0.00, 1.00, 0.00, 0.00, 0.00
872,  0,  29.269,  0.98,  1, 0.00, 0.00, 1.38, 0.00, 0.98, 1.98, 0.00, 0.21, 1.43, 0.66, 0.05, 0.61, 0.00, 0.00, 0.45, 0.49, 0.69, 0.00, 0.00, 0.00, 0.00, 0.00, 1.00, 0.00, 0.00, 1.00, 1.00, 0.00, 0.00, 0.00, 0.00, 1.00, 0.00, 0.00, 0.00
873,  0,  29.303,  0.98,  1, 0.00, 0.00, 1.33, 0.00, 0.95, 1.83, 0.00, 0.21, 1.42, 0.63, 0.05, 0.51, 0.00, 0.00, 0.51, 0.47, 0.77, 0.00, 0.00, 0.00, 0.00, 0.00, 1.00, 0.00, 0.00, 1.00, 1.00, 0.00, 0.00, 0.00, 0.00, 1.00, 0.00, 0.00, 1.00
874,  0,  29.336,  0.98,  1, 0.00, 0.00, 1.29, 0.00, 0.96, 1.89, 0.00, 0.14, 1.41, 0.68, 0.03, 0.35, 0.00, 0.00, 0.58, 0.41, 0.82, 0.00, 0.00, 0.00, 0.00, 0.00, 1.00, 0.00, 0.00, 1.00, 1.00, 0.00, 0.00, 0.00, 0.00, 1.00, 0.00, 0.00, 1.00
875,  0,  29.370,  0.98,  1, 0.00, 0.00, 1.25, 0.00, 1.00, 1.89, 0.00, 0.07, 1.42, 0.60, 0.00, 0.36, 0.00, 0.00, 0.57, 0.45, 0.85, 0.00, 0.00, 0.00, 0.00, 0.00, 1.00, 0.00, 0.00, 1.00, 1.00, 0.00, 0.00, 0.00, 0.00, 1.00, 0.00, 0.00, 1.00
876,  0,  29.403,  0.98,  1, 0.00, 0.00, 1.33, 0.00, 1.06, 2.06, 0.00, 0.11, 1.43, 0.56, 0.01, 0.46, 0.00, 0.00, 0.56, 0.37, 0.77, 0.00, 0.00, 0.00, 0.00, 0.00, 1.00, 0.00, 0.00, 1.00, 1.00, 0.00, 0.00, 0.00, 0.00, 1.00, 0.00, 0.00, 1.00
877,  0,  29.437,  0.98,  1, 0.00, 0.00, 1.32, 0.00, 1.05, 2.00, 0.00, 0.10, 1.39, 0.44, 0.01, 0.62, 0.00, 0.00, 0.52, 0.32, 0.71, 0.00, 0.00, 0.00, 0.00, 0.00, 1.00, 0.00, 0.00, 1.00, 1.00, 0.00, 0.00, 0.00, 0.00, 1.00, 0.00, 0.00, 1.00
878,  0,  29.471,  0.98,  1, 0.00, 0.00, 1.24, 0.00, 1.06, 2.02, 0.00, 0.12, 1.40, 0.47, 0.01, 0.63, 0.00, 0.02, 0.53, 0.18, 0.57, 0.00, 0.00, 0.00, 0.00, 0.00, 1.00, 0.00, 0.00, 1.00, 1.00, 0.00, 0.00, 0.00, 0.00, 1.00, 0.00, 0.00, 1.00
879,  0,  29.504,  0.98,  1, 0.00, 0.00, 1.10, 0.00, 0.97, 1.87, 0.00, 0.07, 1.38, 0.51, 0.00, 0.66, 0.00, 0.02, 0.58, 0.17, 0.53, 0.00, 0.00, 0.00, 0.00, 0.00, 1.00, 0.00, 0.00, 1.00, 1.00, 0.00, 0.00, 0.00, 0.00, 1.00, 0.00, 0.00, 1.00
880,  0,  29.538,  0.98,  1, 0.00, 0.00, 1.03, 0.00, 0.94, 1.69, 0.00, 0.12, 1.36, 0.53, 0.00, 0.65, 0.00, 0.02, 0.59, 0.12, 0.56, 0.00, 0.00, 0.00, 0.00, 0.00, 1.00, 0.00, 0.00, 1.00, 1.00, 0.00, 0.00, 0.00, 0.00, 1.00, 0.00, 0.00, 1.00
881,  0,  29.571,  0.98,  1, 0.00, 0.00, 0.98, 0.00, 0.93, 1.69, 0.00, 0.10, 1.34, 0.54, 0.00, 0.70, 0.00, 0.02, 0.68, 0.21, 0.59, 0.00, 0.00, 0.00, 0.00, 0.00, 1.00, 0.00, 0.00, 1.00, 1.00, 0.00, 0.00, 0.00, 0.00, 1.00, 0.00, 0.00, 0.00
882,  0,  29.605,  0.98,  1, 0.00, 0.00, 0.95, 0.00, 0.95, 1.82, 0.00, 0.14, 1.32, 0.56, 0.00, 0.66, 0.00, 0.02, 0.79, 0.33, 0.75, 0.00, 0.00, 0.00, 0.00, 0.00, 1.00, 0.00, 0.00, 1.00, 1.00, 0.00, 0.00, 0.00, 0.00, 1.00, 0.00, 0.00, 0.00
883,  0,  29.639,  0.98,  1, 0.00, 0.00, 0.88, 0.00, 0.98, 2.08, 0.00, 0.13, 1.36, 0.69, 0.00, 0.67, 0.00, 0.02, 0.84, 0.46, 0.79, 0.00, 0.00, 0.00, 0.00, 0.00, 1.00, 0.00, 0.00, 1.00, 1.00, 0.00, 0.00, 0.00, 0.00, 1.00, 0.00, 0.00, 0.00
884,  0,  29.672,  0.98,  1, 0.00, 0.00, 0.95, 0.00, 0.97, 2.05, 0.00, 0.08, 1.34, 0.76, 0.06, 0.65, 0.00, 0.00, 0.73, 0.42, 0.84, 0.00, 0.00, 0.00, 0.00, 0.00, 1.00, 0.00, 0.00, 1.00, 1.00, 0.00, 0.00, 0.00, 0.00, 1.00, 0.00, 0.00, 1.00
885,  0,  29.706,  0.98,  1, 0.00, 0.00, 1.12, 0.00, 0.99, 2.14, 0.00, 0.04, 1.39, 0.81, 0.18, 0.73, 0.00, 0.00, 0.65, 0.32, 0.77, 0.00, 0.00, 0.00, 0.00, 0.00, 1.00, 0.00, 0.00, 1.00, 1.00, 0.00, 0.00, 0.00, 0.00, 1.00, 0.00, 0.00, 1.00
886,  0,  29.739,  0.98,  1, 0.00, 0.00, 1.33, 0.00, 1.02, 2.10, 0.00, 0.03, 1.41, 0.82, 0.26, 0.70, 0.00, 0.00, 0.63, 0.28, 0.70, 0.00, 0.00, 0.00, 0.00, 0.00, 1.00, 0.00, 0.00, 1.00, 1.00, 0.00, 0.00, 0.00, 0.00, 1.00, 0.00, 0.00, 1.00
887,  0,  29.773,  0.98,  1, 0.00, 0.00, 1.46, 0.00, 1.03, 2.16, 0.00, 0.05, 1.49, 0.82, 0.20, 0.65, 0.00, 0.00, 0.72, 0.35, 0.76, 0.00, 0.00, 0.00, 0.00, 0.00, 1.00, 0.00, 0.00, 1.00, 1.00, 0.00, 0.00, 0.00, 0.00, 1.00, 0.00, 0.00, 1.00
888,  0,  29.807,  0.98,  1, 0.00, 0.00, 1.36, 0.00, 1.08, 2.10, 0.00, 0.05, 1.50, 0.82, 0.11, 0.52, 0.00, 0.00, 0.75, 0.38, 0.76, 0.00, 0.00, 0.00, 0.00, 0.00, 1.00, 0.00, 0.00, 1.00, 1.00, 0.00, 0.00, 0.00, 0.00, 1.00, 0.00, 0.00, 1.00
889,  0,  29.840,  0.98,  1, 0.00, 0.00, 1.29, 0.00, 1.09, 2.10, 0.00, 0.02, 1.47, 0.77, 0.02, 0.45, 0.00, 0.00, 0.76, 0.41, 0.74, 0.00, 0.00, 0.00, 0.00, 0.00, 1.00, 0.00, 0.00, 1.00, 1.00, 0.00, 0.00, 0.00, 0.00, 1.00, 0.00, 0.00, 1.00
890,  0,  29.874,  0.98,  1, 0.00, 0.00, 1.18, 0.00, 1.13, 2.10, 0.00, 0.00, 1.43, 0.80, 0.02, 0.45, 0.00, 0.01, 0.67, 0.41, 0.75, 0.00, 0.00, 0.00, 0.00, 0.00, 1.00, 0.00, 0.00, 1.00, 1.00, 0.00, 0.00, 0.00, 0.00, 1.00, 0.00, 0.00, 1.00
891,  0,  29.908,  0.98,  1, 0.00, 0.00, 1.15, 0.00, 1.16, 2.07, 0.00, 0.02, 1.43, 0.75, 0.00, 0.50, 0.00, 0.02, 0.52, 0.42, 0.76, 0.00, 0.00, 0.00, 0.00, 0.00, 1.00, 0.00, 0.00, 1.00, 1.00, 0.00, 0.00, 0.00, 0.00, 1.00, 0.00, 0.00, 1.00
892,  0,  29.941,  0.98,  1, 0.00, 0.00, 1.14, 0.00, 1.19, 2.04, 0.00, 0.06, 1.48, 0.80, 0.01, 0.52, 0.00, 0.02, 0.42, 0.41, 0.85, 0.00, 0.00, 0.00, 0.00, 0.00, 1.00, 0.00, 0.00, 1.00, 1.00, 0.00, 0.00, 0.00, 0.00, 1.00, 0.00, 0.00, 1.00
893,  0,  29.975,  0.98,  1, 0.00, 0.00, 1.05, 0.00, 1.18, 1.99, 0.00, 0.06, 1.50, 0.83, 0.04, 0.49, 0.00, 0.01, 0.45, 0.43, 0.81, 0.00, 0.00, 0.00, 0.00, 0.00, 1.00, 0.00, 0.00, 1.00, 1.00, 0.00, 0.00, 0.00, 0.00, 1.00, 0.00, 0.00, 1.00
894,  0,  30.008,  0.98,  1, 0.00, 0.00, 1.03, 0.00, 1.15, 1.94, 0.00, 0.04, 1.50, 0.89, 0.05, 0.54, 0.00, 0.00, 0.58, 0.50, 0.80, 0.00, 0.00, 0.00, 0.00, 0.00, 1.00, 0.00, 0.00, 1.00, 1.00, 0.00, 0.00, 0.00, 0.00, 1.00, 0.00, 0.00, 1.00
895,  0,  30.042,  0.98,  1, 0.00, 0.00, 1.01, 0.00, 1.07, 1.96, 0.00, 0.01, 1.45, 0.96, 0.06, 0.59, 0.00, 0.00, 0.62, 0.54, 0.80, 0.00, 0.00, 0.00, 0.00, 0.00, 1.00, 0.00, 0.00, 1.00, 1.00, 0.00, 0.00, 0.00, 0.00, 1.00, 0.00, 0.00, 1.00
896,  0,  30.076,  0.98,  1, 0.00, 0.00, 1.18, 0.00, 1.05, 1.99, 0.00, 0.03, 1.44, 0.98, 0.05, 0.65, 0.00, 0.00, 0.62, 0.62, 0.74, 0.00, 0.00, 0.00, 0.00, 0.00, 1.00, 0.00, 0.00, 1.00, 1.00, 0.00, 0.00, 0.00, 0.00, 1.00, 0.00, 0.00, 1.00
897,  0,  30.109,  0.98,  1, 0.00, 0.00, 1.09, 0.00, 1.03, 2.10, 0.00, 0.06, 1.42, 1.00, 0.07, 0.67, 0.00, 0.00, 0.57, 0.63, 0.61, 0.00, 0.00, 0.00, 0.00, 0.00, 1.00, 0.00, 0.00, 1.00, 1.00, 0.00, 1.00, 0.00, 0.00, 1.00, 0.00, 0.00, 1.00
898,  0,  30.143,  0.98,  1, 0.00, 0.00, 0.99, 0.00, 1.07, 2.03, 0.00, 0.09, 1.44, 0.85, 0.06, 0.66, 0.00, 0.00, 0.55, 0.62, 0.44, 0.00, 0.00, 0.00, 0.00, 0.00, 1.00, 0.00, 0.00, 1.00, 1.00, 0.00, 1.00, 0.00, 0.00, 1.00, 0.00, 0.00, 0.00
899,  0,  30.176,  0.98,  1, 0.00, 0.00, 0.78, 0.00, 1.06, 2.05, 0.00, 0.09, 1.41, 0.78, 0.03, 0.70, 0.00, 0.02, 0.49, 0.53, 0.42, 0.00, 0.00, 0.00, 0.00, 0.00, 1.00, 0.00, 0.00, 1.00, 1.00, 0.00, 0.00, 0.00, 0.00, 1.00, 0.00, 0.00, 0.00
900,  0,  30.210,  0.98,  1, 0.00, 0.00, 0.87, 0.07, 1.07, 1.91, 0.00, 0.09, 1.42, 0.74, 0.00, 0.58, 0.00, 0.02, 0.52, 0.52, 0.37, 0.00, 0.00, 0.00, 0.00, 0.00, 1.00, 0.00, 0.00, 1.00, 1.00, 0.00, 0.00, 0.00, 0.00, 1.00, 0.00, 0.00, 0.00
901,  0,  30.244,  0.98,  1, 0.00, 0.00, 0.94, 0.07, 1.10, 1.94, 0.00, 0.06, 1.43, 0.67, 0.00, 0.50, 0.00, 0.05, 0.51, 0.50, 0.36, 0.00, 0.00, 0.00, 0.00, 0.00, 1.00, 0.00, 0.00, 1.00, 1.00, 0.00, 0.00, 0.00, 0.00, 1.00, 0.00, 0.00, 0.00
902,  0,  30.277,  0.98,  1, 0.00, 0.00, 1.09, 0.07, 1.17, 1.93, 0.01, 0.06, 1.48, 0.70, 0.00, 0.43, 0.00, 0.05, 0.54, 0.55, 0.26, 0.00, 0.00, 0.00, 0.00, 0.00, 1.00, 0.00, 0.00, 1.00, 1.00, 0.00, 0.00, 0.00, 0.00, 1.00, 0.00, 0.00, 0.00
903,  0,  30.311,  0.98,  1, 0.00, 0.00, 1.14, 0.00, 1.19, 2.10, 0.04, 0.04, 1.50, 0.73, 0.00, 0.47, 0.00, 0.06, 0.46, 0.55, 0.33, 0.00, 0.00, 0.00, 0.00, 0.00, 1.00, 0.00, 0.00, 1.00, 1.00, 0.00, 0.00, 0.00, 0.00, 1.00, 0.00, 0.00, 0.00
904,  0,  30.344,  0.98,  1, 0.00, 0.00, 1.23, 0.00, 1.19, 2.19, 0.06, 0.10, 1.50, 0.84, 0.00, 0.49, 0.00, 0.03, 0.51, 0.59, 0.35, 0.00, 0.00, 0.00, 0.00, 0.00, 1.00, 0.00, 0.00, 1.00, 1.00, 0.00, 0.00, 0.00, 0.00, 1.00, 0.00, 0.00, 0.00
905,  0,  30.378,  0.98,  1, 0.00, 0.00, 1.28, 0.00, 1.18, 2.28, 0.12, 0.10, 1.47, 0.87, 0.00, 0.47, 0.00, 0.01, 0.56, 0.63, 0.36, 0.00, 0.00, 0.00, 0.00, 0.00, 1.00, 0.00, 0.00, 1.00, 1.00, 0.00, 0.00, 0.00, 0.00, 1.00, 0.00, 0.00, 0.00
906,  0,  30.412,  0.98,  1, 0.00, 0.00, 1.25, 0.06, 1.19, 2.28, 0.10, 0.12, 1.49, 0.83, 0.00, 0.45, 0.00, 0.00, 0.62, 0.66, 0.34, 0.00, 0.00, 0.00, 0.00, 0.00, 1.00, 0.00, 0.00, 1.00, 1.00, 0.00, 0.00, 0.00, 0.00, 1.00, 0.00, 0.00, 0.00
907,  0,  30.445,  0.98,  1, 0.00, 0.00, 1.25, 0.07, 1.22, 2.22, 0.07, 0.18, 1.53, 0.75, 0.00, 0.66, 0.00, 0.10, 0.40, 0.57, 0.39, 0.00, 0.00, 0.00, 0.00, 0.00, 1.00, 0.00, 0.00, 1.00, 1.00, 0.00, 0.00, 0.00, 0.00, 1.00, 0.00, 0.00, 0.00
908,  0,  30.479,  0.98,  1, 0.00, 0.00, 1.16, 0.07, 1.38, 2.23, 0.03, 0.31, 1.73, 0.85, 0.00, 0.81, 0.00, 0.17, 0.37, 0.43, 0.40, 0.00, 0.00, 0.00, 0.00, 0.00, 1.00, 1.00, 0.00, 1.00, 1.00, 0.00, 0.00, 0.00, 0.00, 1.00, 0.00, 0.00, 0.00
909,  0,  30.512,  0.98,  1, 0.00, 0.00, 1.33, 0.05, 1.57, 2.34, 0.23, 0.70, 2.02, 1.04, 0.00, 1.06, 0.00, 0.34, 0.41, 0.49, 0.28, 0.00, 0.00, 0.00, 0.00, 0.00, 1.00, 1.00, 0.00, 1.00, 1.00, 0.00, 0.00, 0.00, 0.00, 1.00, 0.00, 0.00, 0.00
910,  0,  30.546,  0.98,  1, 0.00, 0.00, 1.50, 0.10, 1.88, 2.71, 0.51, 1.12, 2.36, 1.28, 0.00, 0.99, 0.00, 0.47, 0.81, 0.59, 0.14, 0.00, 0.00, 1.00, 0.00, 1.00, 1.00, 1.00, 1.00, 1.00, 1.00, 0.00, 0.00, 0.00, 0.00, 1.00, 0.00, 0.00, 0.00
911,  0,  30.580,  0.98,  1, 0.00, 0.00, 1.75, 0.10, 2.06, 2.96, 0.89, 1.58, 2.52, 1.43, 0.09, 0.94, 0.00, 0.59, 1.00, 0.67, 0.03, 0.00, 0.00, 1.00, 0.00, 1.00, 1.00, 1.00, 1.00, 1.00, 1.00, 0.00, 0.00, 0.00, 0.00, 1.00, 0.00, 0.00, 0.00
912,  0,  30.613,  0.98,  1, 0.00, 0.00, 1.79, 0.12, 2.20, 3.14, 1.07, 1.57, 2.54, 1.64, 0.09, 0.66, 0.00, 0.55, 1.18, 0.56, 0.16, 0.00, 0.00, 1.00, 0.00, 1.00, 1.00, 1.00, 1.00, 1.00, 1.00, 0.00, 0.00, 0.00, 0.00, 1.00, 0.00, 0.00, 0.00
913,  0,  30.647,  0.98,  1, 0.00, 0.00, 1.60, 0.05, 2.17, 3.12, 1.00, 1.43, 2.46, 1.71, 0.20, 0.59, 0.00, 0.44, 1.07, 0.56, 0.24, 0.00, 0.00, 1.00, 0.00, 1.00, 1.00, 1.00, 1.00, 1.00, 1.00, 0.00, 0.00, 0.00, 0.00, 1.00, 0.00, 0.00, 0.00
914,  0,  30.680,  0.98,  1, 0.00, 0.00, 1.34, 0.05, 2.05, 3.01, 0.73, 1.13, 2.40, 1.57, 0.21, 0.66, 0.00, 0.39, 0.89, 0.60, 0.34, 0.00, 0.00, 1.00, 0.00, 1.00, 1.00, 1.00, 1.00, 1.00, 1.00, 0.00, 0.00, 0.00, 0.00, 1.00, 0.00, 0.00, 0.00
915,  0,  30.714,  0.98,  1, 0.00, 0.00, 1.12, 0.00, 1.95, 2.55, 0.49, 0.99, 2.37, 1.29, 0.25, 0.79, 0.00, 0.34, 0.80, 0.75, 0.20, 0.00, 0.00, 1.00, 0.00, 1.00, 1.00, 1.00, 1.00, 1.00, 1.00, 0.00, 0.00, 0.00, 0.00, 1.00, 0.00, 0.00, 0.00
916,  0,  30.748,  0.98,  1, 0.00, 0.00, 1.23, 0.11, 1.82, 2.35, 0.34, 0.83, 2.30, 1.13, 0.22, 0.80, 0.00, 0.29, 0.86, 0.80, 0.10, 0.00, 0.00, 1.00, 0.00, 1.00, 1.00, 1.00, 1.00, 1.00, 1.00, 0.00, 0.00, 0.00, 0.00, 1.00, 0.00, 0.00, 0.00
917,  0,  30.781,  0.98,  1, 0.00, 0.00, 1.36, 0.27, 1.76, 2.27, 0.39, 0.74, 2.16, 1.08, 0.20, 0.62, 0.00, 0.16, 0.90, 0.87, 0.15, 0.00, 0.00, 1.00, 0.00, 1.00, 1.00, 1.00, 1.00, 1.00, 1.00, 0.00, 0.00, 0.00, 0.00, 1.00, 0.00, 0.00, 0.00
918,  0,  30.815,  0.98,  1, 0.00, 0.00, 1.46, 0.29, 1.71, 2.52, 0.34, 0.59, 2.04, 1.06, 0.15, 0.51, 0.00, 0.09, 0.86, 0.88, 0.25, 0.00, 0.00, 1.00, 0.00, 1.00, 1.00, 1.00, 1.00, 1.00, 1.00, 0.00, 0.00, 0.00, 0.00, 1.00, 0.00, 0.00, 0.00
919,  0,  30.848,  0.98,  1, 0.00, 0.00, 1.36, 0.27, 1.70, 2.56, 0.38, 0.51, 1.97, 0.96, 0.09, 0.42, 0.00, 0.04, 0.87, 0.89, 0.44, 0.00, 0.00, 1.00, 0.00, 1.00, 1.00, 1.00, 1.00, 1.00, 1.00, 0.00, 0.00, 0.00, 0.00, 1.00, 0.00, 0.00, 0.00
920,  0,  30.882,  0.98,  1, 0.00, 0.00, 1.28, 0.11, 1.75, 2.65, 0.29, 0.43, 1.96, 0.87, 0.02, 0.36, 0.00, 0.04, 0.93, 0.89, 0.41, 0.00, 0.00, 1.00, 0.00, 1.00, 1.00, 1.00, 1.00, 1.00, 1.00, 0.00, 0.00, 0.00, 0.00, 1.00, 0.00, 0.00, 0.00
921,  0,  30.916,  0.98,  1, 0.00, 0.00, 1.18, 0.09, 1.72, 2.48, 0.32, 0.47, 1.94, 0.85, 0.02, 0.37, 0.00, 0.02, 0.93, 0.90, 0.35, 0.00, 0.00, 0.00, 0.00, 1.00, 1.00, 1.00, 1.00, 1.00, 1.00, 0.00, 0.00, 0.00, 0.00, 1.00, 0.00, 0.00, 0.00
922,  0,  30.949,  0.98,  1, 0.00, 0.00, 1.15, 0.00, 1.71, 2.36, 0.34, 0.46, 1.94, 1.02, 0.00, 0.39, 0.00, 0.04, 0.80, 0.94, 0.15, 0.00, 0.00, 0.00, 0.00, 1.00, 1.00, 1.00, 1.00, 1.00, 1.00, 0.00, 0.00, 0.00, 0.00, 1.00, 0.00, 0.00, 0.00
923,  0,  30.983,  0.98,  1, 0.00, 0.00, 1.07, 0.00, 1.63, 2.15, 0.34, 0.43, 1.92, 1.07, 0.00, 0.53, 0.00, 0.11, 0.64, 0.91, 0.07, 0.00, 0.00, 0.00, 0.00, 1.00, 1.00, 1.00, 1.00, 1.00, 1.00, 0.00, 0.00, 0.00, 0.00, 1.00, 0.00, 0.00, 0.00
924,  0,  31.016,  0.98,  1, 0.00, 0.00, 1.02, 0.00, 1.63, 2.16, 0.33, 0.36, 1.87, 1.08, 0.00, 0.60, 0.00, 0.14, 0.68, 0.85, 0.06, 0.00, 0.00, 0.00, 0.00, 1.00, 1.00, 1.00, 1.00, 1.00, 1.00, 0.00, 0.00, 0.00, 0.00, 1.00, 0.00, 0.00, 0.00
925,  0,  31.050,  0.98,  1, 0.00, 0.00, 0.92, 0.05, 1.61, 2.13, 0.29, 0.37, 1.86, 0.96, 0.00, 0.60, 0.00, 0.11, 0.78, 0.85, 0.10, 0.00, 0.00, 0.00, 0.00, 1.00, 1.00, 1.00, 1.00, 1.00, 1.00, 0.00, 0.00, 0.00, 0.00, 1.00, 0.00, 0.00, 0.00
926,  0,  31.084,  0.98,  1, 0.00, 0.00, 1.07, 0.05, 1.57, 2.25, 0.30, 0.37, 1.83, 0.90, 0.00, 0.50, 0.00, 0.05, 0.98, 0.87, 0.20, 0.00, 0.00, 0.00, 0.00, 0.00, 1.00, 1.00, 1.00, 1.00, 1.00, 0.00, 0.00, 0.00, 0.00, 1.00, 0.00, 0.00, 0.00
927,  0,  31.117,  0.98,  1, 0.00, 0.00, 1.14, 0.06, 1.54, 2.33, 0.29, 0.40, 1.82, 0.93, 0.00, 0.34, 0.00, 0.01, 0.96, 0.90, 0.28, 0.00, 0.00, 0.00, 0.00, 0.00, 1.00, 1.00, 1.00, 1.00, 1.00, 0.00, 0.00, 0.00, 0.00, 1.00, 0.00, 0.00, 0.00
928,  0,  31.151,  0.98,  1, 0.00, 0.00, 1.30, 0.12, 1.49, 2.50, 0.29, 0.34, 1.72, 0.90, 0.00, 0.38, 0.00, 0.01, 1.03, 0.96, 0.41, 0.00, 0.00, 0.00, 0.00, 0.00, 1.00, 1.00, 0.00, 1.00, 1.00, 0.00, 0.00, 0.00, 0.00, 1.00, 0.00, 0.00, 0.00
929,  0,  31.184,  0.98,  1, 0.00, 0.00, 1.30, 0.20, 1.48, 2.57, 0.26, 0.28, 1.69, 0.79, 0.00, 0.40, 0.00, 0.00, 1.04, 0.93, 0.44, 0.00, 0.00, 0.00, 0.00, 0.00, 1.00, 1.00, 0.00, 1.00, 1.00, 0.00, 0.00, 0.00, 0.00, 1.00, 0.00, 0.00, 0.00
930,  0,  31.218,  0.98,  1, 0.00, 0.00, 1.32, 0.19, 1.46, 2.63, 0.25, 0.19, 1.61, 0.65, 0.00, 0.43, 0.00, 0.00, 0.97, 0.85, 0.59, 0.00, 0.00, 0.00, 0.00, 0.00, 1.00, 1.00, 0.00, 1.00, 1.00, 0.00, 0.00, 0.00, 0.00, 1.00, 0.00, 0.00, 0.00
931,  0,  31.252,  0.98,  1, 0.00, 0.00, 1.30, 0.08, 1.46, 2.65, 0.27, 0.11, 1.60, 0.61, 0.00, 0.40, 0.00, 0.00, 0.79, 0.67, 0.58, 0.00, 0.00, 0.00, 0.00, 0.00, 1.00, 1.00, 0.00, 1.00, 1.00, 0.00, 0.00, 0.00, 0.00, 1.00, 0.00, 0.00, 0.00
932,  0,  31.285,  0.98,  1, 0.00, 0.00, 1.29, 0.00, 1.44, 2.71, 0.20, 0.06, 1.54, 0.64, 0.00, 0.43, 0.00, 0.00, 0.66, 0.67, 0.65, 0.00, 0.00, 0.00, 0.00, 0.00, 1.00, 1.00, 0.00, 1.00, 1.00, 0.00, 0.00, 0.00, 0.00, 1.00, 0.00, 0.00, 0.00
933,  0,  31.319,  0.98,  1, 0.00, 0.00, 1.32, 0.00, 1.39, 2.65, 0.20, 0.05, 1.55, 0.73, 0.00, 0.45, 0.00, 0.00, 0.66, 0.72, 0.63, 0.00, 0.00, 0.00, 0.00, 0.00, 1.00, 1.00, 0.00, 1.00, 1.00, 0.00, 0.00, 0.00, 0.00, 1.00, 0.00, 0.00, 0.00
934,  0,  31.352,  0.98,  1, 0.00, 0.00, 1.30, 0.00, 1.24, 2.49, 0.11, 0.05, 1.56, 0.77, 0.00, 0.42, 0.00, 0.00, 0.79, 0.83, 0.61, 0.00, 0.00, 0.00, 0.00, 0.00, 1.00, 1.00, 0.00, 1.00, 1.00, 0.00, 0.00, 0.00, 0.00, 1.00, 0.00, 0.00, 0.00
935,  0,  31.386,  0.98,  1, 0.00, 0.00, 1.20, 0.00, 1.12, 2.29, 0.10, 0.05, 1.57, 0.80, 0.00, 0.45, 0.00, 0.00, 0.81, 0.89, 0.63, 0.00, 0.00, 0.00, 0.00, 0.00, 1.00, 0.00, 0.00, 1.00, 1.00, 0.00, 0.00, 0.00, 0.00, 1.00, 0.00, 0.00, 0.00
936,  0,  31.420,  0.98,  1, 0.01, 0.00, 1.17, 0.00, 1.04, 2.23, 0.02, 0.01, 1.55, 0.80, 0.00, 0.42, 0.00, 0.00, 0.90, 0.82, 0.66, 0.00, 0.00, 0.00, 0.00, 0.00, 1.00, 0.00, 0.00, 1.00, 1.00, 0.00, 0.00, 0.00, 0.00, 1.00, 0.00, 0.00, 0.00
937,  0,  31.453,  0.98,  1, 0.07, 0.00, 1.20, 0.00, 1.07, 2.29, 0.00, 0.00, 1.53, 0.71, 0.00, 0.48, 0.00, 0.00, 0.85, 0.72, 0.96, 0.00, 0.00, 0.00, 0.00, 0.00, 1.00, 0.00, 0.00, 1.00, 1.00, 0.00, 0.00, 0.00, 0.00, 1.00, 0.00, 0.00, 1.00
938,  0,  31.487,  0.98,  1, 0.07, 0.00, 1.24, 0.00, 1.11, 2.47, 0.04, 0.01, 1.51, 0.79, 0.00, 0.45, 0.00, 0.00, 0.92, 0.67, 1.07, 0.00, 0.00, 0.00, 0.00, 0.00, 1.00, 0.00, 0.00, 1.00, 1.00, 0.00, 0.00, 0.00, 0.00, 1.00, 0.00, 0.00, 1.00
939,  0,  31.521,  0.98,  1, 0.06, 0.00, 1.22, 0.00, 1.10, 2.58, 0.07, 0.01, 1.50, 0.68, 0.00, 0.59, 0.00, 0.00, 0.87, 0.65, 1.19, 0.00, 0.00, 0.00, 0.00, 0.00, 1.00, 0.00, 0.00, 1.00, 1.00, 0.00, 0.00, 0.00, 0.00, 1.00, 0.00, 0.00, 1.00
940,  0,  31.554,  0.98,  1, 0.00, 0.00, 1.23, 0.00, 1.05, 2.60, 0.14, 0.01, 1.49, 0.68, 0.00, 0.65, 0.00, 0.00, 0.92, 0.72, 1.06, 0.00, 0.00, 0.00, 0.00, 0.00, 1.00, 0.00, 0.00, 1.00, 1.00, 0.00, 0.00, 0.00, 0.00, 1.00, 0.00, 0.00, 1.00
941,  0,  31.588,  0.98,  1, 0.00, 0.00, 1.22, 0.00, 1.00, 2.33, 0.11, 0.00, 1.46, 0.58, 0.00, 0.63, 0.00, 0.00, 0.89, 0.72, 1.08, 0.00, 0.00, 0.00, 0.00, 0.00, 1.00, 0.00, 0.00, 1.00, 1.00, 0.00, 0.00, 0.00, 0.00, 1.00, 0.00, 0.00, 1.00
942,  0,  31.621,  0.98,  1, 0.00, 0.00, 1.24, 0.00, 0.97, 2.21, 0.08, 0.00, 1.42, 0.64, 0.00, 0.53, 0.00, 0.00, 0.93, 0.78, 1.13, 0.00, 0.00, 1.00, 0.00, 0.00, 1.00, 0.00, 0.00, 1.00, 1.00, 0.00, 0.00, 0.00, 0.00, 1.00, 0.00, 0.00, 1.00
943,  0,  31.655,  0.98,  1, 0.00, 0.00, 1.23, 0.00, 0.96, 2.08, 0.02, 0.00, 1.39, 0.69, 0.00, 0.46, 0.00, 0.00, 0.81, 0.68, 1.26, 0.00, 0.00, 1.00, 0.00, 0.00, 1.00, 0.00, 0.00, 1.00, 1.00, 0.00, 0.00, 0.00, 0.00, 1.00, 0.00, 0.00, 1.00
944,  0,  31.689,  0.98,  1, 0.00, 0.00, 1.31, 0.00, 0.99, 2.15, 0.00, 0.00, 1.37, 0.77, 0.00, 0.51, 0.00, 0.00, 0.78, 0.55, 1.28, 0.00, 0.00, 1.00, 0.00, 0.00, 1.00, 0.00, 0.00, 1.00, 1.00, 0.00, 0.00, 0.00, 0.00, 1.00, 0.00, 0.00, 1.00
945,  0,  31.722,  0.98,  1, 0.00, 0.00, 1.38, 0.00, 0.98, 2.03, 0.00, 0.00, 1.37, 0.76, 0.09, 0.51, 0.00, 0.00, 0.76, 0.46, 1.20, 0.00, 0.00, 1.00, 0.00, 0.00, 1.00, 0.00, 0.00, 1.00, 1.00, 0.00, 0.00, 0.00, 0.00, 1.00, 0.00, 0.00, 1.00
946,  0,  31.756,  0.98,  1, 0.00, 0.00, 1.42, 0.00, 1.01, 2.10, 0.00, 0.00, 1.37, 0.76, 0.23, 0.56, 0.00, 0.00, 0.81, 0.53, 1.11, 0.00, 0.00, 1.00, 0.00, 0.00, 1.00, 0.00, 0.00, 1.00, 1.00, 0.00, 0.00, 0.00, 0.00, 1.00, 0.00, 0.00, 1.00
947,  0,  31.789,  0.98,  1, 0.00, 0.00, 1.40, 0.00, 0.97, 2.06, 0.00, 0.00, 1.40, 0.68, 0.23, 0.52, 0.00, 0.00, 0.81, 0.66, 1.05, 0.00, 0.00, 1.00, 0.00, 0.00, 1.00, 0.00, 0.00, 1.00, 1.00, 0.00, 0.00, 0.00, 0.00, 1.00, 0.00, 0.00, 1.00
948,  0,  31.823,  0.98,  1, 0.00, 0.00, 1.41, 0.00, 0.95, 2.10, 0.02, 0.00, 1.42, 0.70, 0.13, 0.49, 0.00, 0.00, 0.72, 0.76, 1.04, 0.00, 0.00, 1.00, 0.00, 0.00, 1.00, 0.00, 0.00, 1.00, 1.00, 0.00, 0.00, 0.00, 0.00, 1.00, 0.00, 0.00, 1.00
949,  0,  31.857,  0.98,  1, 0.00, 0.00, 1.39, 0.00, 0.98, 1.96, 0.04, 0.00, 1.46, 0.71, 0.00, 0.43, 0.00, 0.00, 0.69, 0.69, 1.03, 0.00, 0.00, 1.00, 0.00, 0.00, 1.00, 0.00, 0.00, 1.00, 1.00, 0.00, 0.00, 0.00, 0.00, 1.00, 0.00, 0.00, 1.00
950,  0,  31.890,  0.98,  1, 0.02, 0.00, 1.40, 0.00, 1.01, 2.06, 0.04, 0.00, 1.49, 0.78, 0.00, 0.44, 0.00, 0.00, 0.71, 0.64, 1.12, 0.00, 0.00, 1.00, 0.00, 0.00, 1.00, 0.00, 0.00, 1.00, 1.00, 0.00, 0.00, 0.00, 0.00, 1.00, 0.00, 0.00, 1.00
951,  0,  31.924,  0.98,  1, 0.08, 0.00, 1.35, 0.00, 1.03, 2.09, 0.02, 0.00, 1.53, 0.82, 0.00, 0.58, 0.00, 0.00, 0.75, 0.68, 1.13, 0.00, 0.00, 1.00, 0.00, 0.00, 1.00, 0.00, 0.00, 1.00, 1.00, 0.00, 0.00, 0.00, 0.00, 1.00, 0.00, 0.00, 1.00
952,  0,  31.957,  0.98,  1, 0.08, 0.00, 1.37, 0.00, 1.01, 2.15, 0.00, 0.00, 1.54, 0.91, 0.00, 0.65, 0.00, 0.00, 0.79, 0.77, 1.17, 0.00, 0.00, 1.00, 0.00, 0.00, 1.00, 0.00, 0.00, 1.00, 1.00, 0.00, 0.00, 0.00, 0.00, 1.00, 0.00, 0.00, 1.00
953,  0,  31.991,  0.98,  1, 0.06, 0.00, 1.33, 0.00, 1.00, 2.15, 0.00, 0.03, 1.53, 0.96, 0.00, 0.67, 0.00, 0.00, 0.80, 0.80, 1.09, 0.00, 0.00, 1.00, 0.00, 0.00, 1.00, 0.00, 0.00, 1.00, 1.00, 0.00, 1.00, 0.00, 0.00, 1.00, 0.00, 0.00, 1.00
954,  0,  32.025,  0.98,  1, 0.00, 0.00, 1.24, 0.00, 1.01, 2.19, 0.00, 0.05, 1.55, 0.99, 0.01, 0.66, 0.00, 0.00, 0.77, 0.75, 1.11, 0.00, 0.00, 0.00, 0.00, 0.00, 1.00, 0.00, 0.00, 1.00, 1.00, 0.00, 1.00, 0.00, 0.00, 1.00, 0.00, 0.00, 1.00
955,  0,  32.058,  0.98,  1, 0.00, 0.00, 1.12, 0.00, 1.01, 2.28, 0.00, 0.11, 1.51, 0.86, 0.01, 0.66, 0.00, 0.00, 0.79, 0.70, 1.14, 0.00, 0.00, 1.00, 0.00, 0.00, 1.00, 0.00, 0.00, 1.00, 1.00, 0.00, 1.00, 0.00, 0.00, 1.00, 0.00, 0.00, 1.00
956,  0,  32.092,  0.98,  1, 0.00, 0.00, 1.04, 0.00, 1.03, 2.32, 0.00, 0.13, 1.50, 0.76, 0.01, 0.67, 0.00, 0.00, 0.85, 0.62, 1.22, 0.00, 0.00, 0.00, 0.00, 0.00, 1.00, 0.00, 0.00, 1.00, 1.00, 0.00, 0.00, 0.00, 0.00, 1.00, 0.00, 0.00, 1.00
957,  0,  32.125,  0.98,  1, 0.00, 0.00, 1.05, 0.00, 1.09, 2.35, 0.04, 0.10, 1.48, 0.67, 0.00, 0.61, 0.00, 0.00, 0.90, 0.54, 1.10, 0.00, 0.00, 0.00, 0.00, 0.00, 1.00, 0.00, 0.00, 1.00, 1.00, 0.00, 0.00, 0.00, 0.00, 1.00, 0.00, 0.00, 1.00
958,  0,  32.159,  0.98,  1, 0.00, 0.00, 1.10, 0.00, 1.05, 2.19, 0.04, 0.07, 1.51, 0.66, 0.00, 0.60, 0.00, 0.00, 0.95, 0.54, 1.04, 0.00, 0.00, 1.00, 0.00, 0.00, 1.00, 0.00, 0.00, 1.00, 1.00, 0.00, 0.00, 0.00, 0.00, 1.00, 0.00, 0.00, 1.00
959,  0,  32.193,  0.98,  1, 0.00, 0.00, 1.14, 0.00, 1.01, 2.19, 0.06, 0.02, 1.48, 0.73, 0.10, 0.62, 0.00, 0.00, 0.98, 0.60, 0.89, 0.00, 0.00, 1.00, 0.00, 0.00, 1.00, 1.00, 0.00, 1.00, 1.00, 0.00, 0.00, 0.00, 0.00, 1.00, 0.00, 0.00, 1.00
960,  0,  32.226,  0.98,  1, 0.01, 0.00, 1.19, 0.00, 0.93, 2.26, 0.08, 0.05, 1.48, 0.73, 0.21, 0.61, 0.00, 0.00, 1.07, 0.68, 1.00, 0.00, 0.00, 0.00, 0.00, 0.00, 1.00, 1.00, 0.00, 1.00, 1.00, 0.00, 0.00, 0.00, 0.00, 1.00, 0.00, 0.00, 1.00
961,  0,  32.260,  0.98,  1, 0.01, 0.00, 1.20, 0.00, 0.97, 2.47, 0.15, 0.06, 1.45, 0.76, 0.21, 0.59, 0.00, 0.00, 0.98, 0.64, 1.13, 0.00, 0.00, 0.00, 0.00, 0.00, 1.00, 1.00, 0.00, 1.00, 1.00, 0.00, 0.00, 0.00, 0.00, 1.00, 0.00, 0.00, 1.00
962,  0,  32.293,  0.98,  1, 0.01, 0.00, 1.22, 0.00, 1.03, 2.37, 0.18, 0.11, 1.46, 0.77, 0.12, 0.54, 0.00, 0.00, 0.94, 0.64, 1.32, 0.00, 0.00, 0.00, 0.00, 0.00, 1.00, 1.00, 0.00, 1.00, 1.00, 0.00, 0.00, 0.00, 0.00, 1.00, 0.00, 0.00, 1.00
963,  0,  32.327,  0.98,  1, 0.00, 0.00, 1.15, 0.00, 1.06, 2.21, 0.13, 0.09, 1.44, 0.82, 0.00, 0.54, 0.00, 0.00, 0.83, 0.61, 1.36, 0.00, 0.00, 1.00, 0.00, 0.00, 1.00, 1.00, 0.00, 1.00, 1.00, 0.00, 0.00, 0.00, 0.00, 1.00, 0.00, 0.00, 1.00
964,  0,  32.361,  0.98,  1, 0.00, 0.00, 1.20, 0.00, 1.10, 2.15, 0.12, 0.06, 1.42, 0.81, 0.00, 0.47, 0.00, 0.00, 0.83, 0.65, 1.32, 0.00, 0.00, 1.00, 0.00, 0.00, 1.00, 1.00, 0.00, 1.00, 1.00, 0.00, 0.00, 0.00, 0.00, 1.00, 0.00, 0.00, 1.00
965,  0,  32.394,  0.98,  1, 0.00, 0.00, 1.22, 0.00, 1.11, 2.31, 0.07, 0.01, 1.39, 0.70, 0.03, 0.41, 0.00, 0.00, 0.84, 0.63, 1.32, 0.00, 0.00, 1.00, 0.00, 0.00, 1.00, 1.00, 0.00, 1.00, 1.00, 0.00, 0.00, 0.00, 0.00, 1.00, 0.00, 0.00, 1.00
966,  0,  32.428,  0.98,  1, 0.01, 0.00, 1.33, 0.00, 1.11, 2.52, 0.10, 0.00, 1.38, 0.70, 0.03, 0.34, 0.00, 0.00, 0.94, 0.61, 1.33, 0.00, 0.00, 1.00, 0.00, 0.00, 1.00, 1.00, 0.00, 1.00, 1.00, 0.00, 0.00, 0.00, 0.00, 1.00, 0.00, 0.00, 1.00
967,  0,  32.461,  0.98,  1, 0.01, 0.00, 1.26, 0.00, 1.06, 2.45, 0.06, 0.00, 1.43, 0.72, 0.03, 0.39, 0.00, 0.00, 0.96, 0.61, 1.35, 0.00, 0.00, 1.00, 0.00, 0.00, 1.00, 1.00, 0.00, 1.00, 1.00, 0.00, 0.00, 0.00, 0.00, 1.00, 0.00, 0.00, 1.00
968,  0,  32.495,  0.98,  1, 0.03, 0.00, 1.29, 0.00, 1.01, 2.24, 0.06, 0.00, 1.47, 0.80, 0.00, 0.43, 0.00, 0.00, 1.03, 0.62, 1.40, 0.00, 0.00, 1.00, 0.00, 0.00, 1.00, 0.00, 0.00, 1.00, 1.00, 0.00, 0.00, 0.00, 0.00, 1.00, 0.00, 0.00, 1.00
969,  0,  32.529,  0.98,  1, 0.01, 0.00, 1.16, 0.00, 1.00, 1.97, 0.02, 0.00, 1.50, 0.75, 0.00, 0.39, 0.00, 0.00, 1.04, 0.65, 1.39, 0.00, 0.00, 1.00, 0.00, 0.00, 1.00, 0.00, 0.00, 1.00, 1.00, 0.00, 0.00, 0.00, 0.00, 1.00, 0.00, 0.00, 1.00
970,  0,  32.562,  0.98,  1, 0.01, 0.00, 1.20, 0.00, 1.01, 1.96, 0.00, 0.00, 1.49, 0.71, 0.00, 0.32, 0.00, 0.00, 1.04, 0.63, 1.41, 0.00, 0.00, 1.00, 0.00, 0.00, 1.00, 0.00, 0.00, 1.00, 1.00, 0.00, 0.00, 0.00, 0.00, 1.00, 0.00, 0.00, 1.00
971,  0,  32.596,  0.98,  1, 0.00, 0.00, 1.17, 0.00, 1.03, 1.93, 0.01, 0.00, 1.48, 0.70, 0.00, 0.35, 0.00, 0.00, 1.00, 0.61, 1.45, 0.00, 0.00, 0.00, 0.00, 0.00, 1.00, 0.00, 0.00, 1.00, 1.00, 0.00, 0.00, 0.00, 0.00, 1.00, 0.00, 0.00, 1.00
972,  0,  32.629,  0.98,  1, 0.00, 0.00, 1.18, 0.00, 1.07, 2.03, 0.02, 0.00, 1.45, 0.67, 0.00, 0.45, 0.00, 0.00, 0.97, 0.61, 1.55, 0.00, 0.00, 0.00, 0.00, 0.00, 1.00, 0.00, 0.00, 1.00, 1.00, 0.00, 0.00, 0.00, 0.00, 1.00, 0.00, 0.00, 1.00
973,  0,  32.663,  0.98,  1, 0.00, 0.00, 1.15, 0.00, 1.09, 2.09, 0.02, 0.00, 1.46, 0.63, 0.00, 0.54, 0.00, 0.00, 1.05, 0.59, 1.59, 0.00, 0.00, 0.00, 0.00, 0.00, 1.00, 0.00, 0.00, 1.00, 1.00, 0.00, 0.00, 0.00, 0.00, 1.00, 0.00, 0.00, 1.00
974,  0,  32.697,  0.98,  1, 0.00, 0.00, 1.16, 0.00, 1.11, 2.13, 0.03, 0.00, 1.47, 0.57, 0.00, 0.49, 0.00, 0.00, 1.09, 0.61, 1.55, 0.00, 0.00, 0.00, 0.00, 0.00, 1.00, 0.00, 0.00, 1.00, 1.00, 0.00, 0.00, 0.00, 0.00, 1.00, 0.00, 0.00, 1.00
975,  0,  32.730,  0.98,  1, 0.00, 0.00, 1.25, 0.00, 1.12, 2.10, 0.01, 0.01, 1.50, 0.59, 0.00, 0.47, 0.00, 0.00, 1.05, 0.50, 1.42, 0.00, 0.00, 0.00, 0.00, 0.00, 1.00, 0.00, 0.00, 1.00, 1.00, 0.00, 0.00, 0.00, 0.00, 1.00, 0.00, 0.00, 1.00
976,  0,  32.764,  0.98,  1, 0.00, 0.00, 1.33, 0.00, 1.10, 2.09, 0.02, 0.01, 1.47, 0.66, 0.00, 0.43, 0.00, 0.00, 1.05, 0.46, 0.97, 0.00, 0.00, 0.00, 0.00, 0.00, 1.00, 0.00, 0.00, 1.00, 1.00, 0.00, 0.00, 0.00, 0.00, 1.00, 0.00, 0.00, 1.00
977,  0,  32.797,  0.98,  1, 0.00, 0.00, 1.24, 0.00, 1.07, 2.19, 0.00, 0.03, 1.47, 0.72, 0.00, 0.43, 0.00, 0.00, 1.00, 0.46, 0.57, 0.00, 0.00, 0.00, 0.00, 0.00, 1.00, 0.00, 0.00, 1.00, 1.00, 0.00, 0.00, 0.00, 0.00, 1.00, 0.00, 0.00, 1.00
978,  0,  32.831,  0.98,  1, 0.00, 0.00, 1.16, 0.00, 1.04, 2.32, 0.04, 0.02, 1.43, 0.72, 0.08, 0.47, 0.00, 0.00, 0.97, 0.48, 0.19, 0.00, 0.00, 0.00, 0.00, 0.00, 1.00, 0.00, 0.00, 1.00, 1.00, 0.00, 0.00, 0.00, 0.00, 1.00, 0.00, 0.00, 1.00
979,  0,  32.865,  0.98,  1, 0.00, 0.00, 1.11, 0.00, 1.00, 2.32, 0.16, 0.02, 1.42, 0.73, 0.10, 0.49, 0.00, 0.00, 0.83, 0.58, 0.33, 0.00, 0.00, 0.00, 0.00, 0.00, 1.00, 1.00, 0.00, 1.00, 1.00, 0.00, 0.00, 0.00, 0.00, 1.00, 0.00, 0.00, 1.00
980,  0,  32.898,  0.98,  1, 0.00, 0.00, 1.35, 0.00, 0.96, 2.37, 0.31, 0.02, 1.34, 0.70, 0.10, 0.42, 0.00, 0.00, 0.81, 0.62, 0.36, 0.00, 0.00, 0.00, 0.00, 0.00, 1.00, 1.00, 0.00, 1.00, 1.00, 0.00, 0.00, 0.00, 0.00, 1.00, 0.00, 0.00, 0.00
981,  0,  32.932,  0.98,  1, 0.00, 0.00, 1.63, 0.00, 0.95, 2.26, 0.45, 0.02, 1.31, 0.73, 0.19, 0.35, 0.00, 0.00, 0.83, 0.65, 0.49, 0.00, 0.00, 0.00, 0.00, 0.00, 1.00, 1.00, 0.00, 1.00, 1.00, 0.00, 0.00, 0.00, 0.00, 1.00, 0.00, 0.00, 0.00
982,  0,  32.965,  0.98,  1, 0.00, 0.00, 1.75, 0.06, 0.91, 2.15, 0.42, 0.02, 1.33, 0.71, 0.28, 0.25, 0.00, 0.00, 0.86, 0.47, 0.47, 0.00, 0.00, 0.00, 0.00, 0.00, 1.00, 1.00, 0.00, 1.00, 1.00, 0.00, 0.00, 0.00, 0.00, 1.00, 0.00, 0.00, 0.00
983,  0,  32.999,  0.98,  1, 0.00, 0.00, 1.74, 0.06, 0.91, 1.93, 0.36, 0.05, 1.40, 0.70, 0.38, 0.37, 0.00, 0.00, 0.83, 0.37, 0.43, 1.00, 0.00, 1.00, 0.00, 0.00, 1.00, 1.00, 0.00, 1.00, 1.00, 0.00, 0.00, 0.00, 0.00, 1.00, 0.00, 0.00, 1.00
984,  0,  33.033,  0.98,  1, 0.10, 0.00, 1.54, 0.06, 0.69, 1.64, 0.26, 0.05, 1.42, 0.68, 0.36, 0.32, 0.00, 0.00, 0.89, 0.45, 0.97, 1.00, 0.00, 1.00, 0.00, 0.00, 1.00, 1.00, 0.00, 1.00, 1.00, 0.00, 0.00, 0.00, 0.00, 1.00, 0.00, 0.00, 1.00
985,  0,  33.066,  0.98,  1, 0.23, 0.00, 1.45, 0.00, 0.61, 1.64, 0.25, 0.16, 1.44, 0.72, 0.28, 0.43, 0.00, 0.00, 0.80, 0.57, 1.47, 1.00, 0.00, 1.00, 0.00, 0.00, 1.00, 1.00, 0.00, 1.00, 1.00, 0.00, 0.00, 0.00, 0.00, 1.00, 0.00, 0.00, 1.00
986,  0,  33.100,  0.98,  1, 0.38, 0.00, 1.37, 0.00, 0.58, 1.81, 0.22, 0.16, 1.46, 0.83, 0.25, 0.54, 0.00, 0.00, 0.73, 0.70, 1.78, 1.00, 0.00, 0.00, 0.00, 0.00, 1.00, 1.00, 0.00, 1.00, 1.00, 0.00, 0.00, 0.00, 0.00, 1.00, 0.00, 0.00, 1.00
987,  0,  33.133,  0.98,  1, 0.34, 0.00, 1.44, 0.00, 0.73, 2.32, 0.23, 0.26, 1.51, 0.82, 0.23, 0.70, 0.00, 0.00, 0.59, 0.73, 1.43, 1.00, 0.00, 1.00, 0.00, 0.00, 1.00, 1.00, 0.00, 1.00, 1.00, 0.00, 0.00, 0.00, 0.00, 1.00, 0.00, 0.00, 1.00
988,  0,  33.167,  0.98,  1, 0.25, 0.00, 1.49, 0.00, 0.84, 2.52, 0.26, 0.29, 1.48, 0.79, 0.24, 0.69, 0.00, 0.00, 0.72, 0.90, 1.03, 0.00, 0.00, 0.00, 0.00, 0.00, 1.00, 1.00, 0.00, 1.00, 1.00, 0.00, 0.00, 0.00, 0.00, 1.00, 0.00, 0.00, 1.00
989,  0,  33.201,  0.98,  1, 0.16, 0.00, 1.44, 0.00, 0.92, 2.64, 0.31, 0.44, 1.42, 0.54, 0.33, 0.69, 0.00, 0.00, 0.93, 1.06, 0.94, 0.00, 0.00, 0.00, 0.00, 0.00, 1.00, 1.00, 0.00, 1.00, 0.00, 0.00, 0.00, 0.00, 0.00, 1.00, 0.00, 0.00, 1.00
990,  0,  33.234,  0.98,  1, 0.11, 0.00, 1.35, 0.00, 0.91, 2.37, 0.22, 0.48, 1.36, 0.40, 0.23, 0.82, 0.00, 0.03, 0.91, 1.14, 0.89, 0.00, 0.00, 0.00, 0.00, 0.00, 1.00, 0.00, 0.00, 1.00, 0.00, 0.00, 1.00, 0.00, 0.00, 1.00, 0.00, 0.00, 1.00
991,  0,  33.268,  0.98,  1, 0.06, 0.00, 1.23, 0.00, 0.93, 2.19, 0.10, 0.56, 1.39, 0.23, 0.37, 0.99, 0.00, 0.03, 0.95, 1.08, 0.84, 0.00, 0.00, 0.00, 0.00, 0.00, 1.00, 0.00, 0.00, 1.00, 0.00, 0.00, 0.00, 0.00, 0.00, 1.00, 0.00, 0.00, 1.00
992,  0,  33.302,  0.98,  1, 0.01, 0.00, 1.14, 0.00, 0.86, 2.14, 0.00, 0.46, 1.40, 0.17, 0.51, 1.04, 0.00, 0.03, 0.91, 0.93, 0.80, 0.00, 0.00, 0.00, 0.00, 0.00, 1.00, 0.00, 0.00, 1.00, 0.00, 0.00, 0.00, 0.00, 0.00, 1.00, 0.00, 0.00, 1.00
993,  0,  33.335,  0.98,  1, 0.00, 0.00, 1.05, 0.00, 0.91, 2.08, 0.00, 0.35, 1.43, 0.20, 0.61, 0.92, 0.00, 0.00, 1.06, 0.78, 0.77, 0.00, 0.00, 0.00, 0.00, 0.00, 1.00, 0.00, 0.00, 1.00, 0.00, 0.00, 0.00, 0.00, 0.00, 1.00, 0.00, 0.00, 1.00
994,  0,  33.369,  0.98,  1, 0.00, 0.00, 1.05, 0.00, 0.89, 2.13, 0.00, 0.30, 1.37, 0.12, 0.47, 0.57, 0.00, 0.00, 1.11, 0.56, 0.81, 0.00, 0.00, 0.00, 0.00, 0.00, 1.00, 0.00, 0.00, 1.00, 0.00, 0.00, 0.00, 0.00, 0.00, 1.00, 1.00, 0.00, 1.00
995,  0,  33.402,  0.98,  1, 0.00, 0.00, 1.04, 0.00, 0.89, 1.93, 0.00, 0.27, 1.33, 0.11, 0.40, 0.25, 0.00, 0.00, 1.23, 0.40, 0.76, 0.00, 0.00, 0.00, 0.00, 0.00, 1.00, 0.00, 0.00, 1.00, 0.00, 0.00, 0.00, 0.00, 0.00, 1.00, 1.00, 0.00, 1.00
996,  0,  33.436,  0.98,  1, 0.00, 0.00, 1.09, 0.00, 0.88, 2.07, 0.00, 0.35, 1.30, 0.02, 0.36, 0.00, 0.00, 0.00, 1.46, 0.37, 0.77, 0.00, 0.00, 0.00, 0.00, 0.00, 1.00, 1.00, 0.00, 1.00, 0.00, 0.00, 0.00, 0.00, 0.00, 1.00, 1.00, 0.00, 1.00
997,  0,  33.470,  0.98,  1, 0.00, 0.00, 0.99, 0.00, 0.91, 2.25, 0.10, 0.26, 1.30, 0.05, 0.45, 0.00, 0.00, 0.00, 1.59, 0.52, 0.76, 0.00, 0.00, 0.00, 0.00, 0.00, 1.00, 1.00, 0.00, 1.00, 0.00, 0.00, 0.00, 0.00, 0.00, 1.00, 1.00, 0.00, 1.00
998,  0,  33.503,  0.98,  1, 0.00, 0.00, 0.99, 0.00, 1.02, 2.50, 0.18, 0.28, 1.30, 0.03, 0.24, 0.00, 0.00, 0.00, 1.72, 0.49, 0.60, 0.00, 0.00, 0.00, 0.00, 0.00, 1.00, 1.00, 0.00, 1.00, 0.00, 0.00, 0.00, 0.00, 0.00, 1.00, 1.00, 0.00, 1.00
999,  0,  33.537,  0.98,  1, 0.00, 0.00, 0.94, 0.00, 1.06, 2.48, 0.30, 0.37, 1.30, 0.03, 0.14, 0.00, 0.00, 0.00, 1.71, 0.51, 0.71, 0.00, 0.00, 0.00, 0.00, 0.00, 1.00, 1.00, 0.00, 1.00, 0.00, 0.00, 0.00, 0.00, 0.00, 1.00, 1.00, 0.00, 1.00
1000,  0,  33.570,  0.98,  1, 0.00, 0.00, 1.02, 0.00, 1.05, 2.34, 0.25, 0.41, 1.27, 0.00, 0.11, 0.00, 0.00, 0.00, 1.72, 0.35, 0.73, 0.00, 0.00, 0.00, 0.00, 0.00, 1.00, 1.00, 0.00, 1.00, 0.00, 0.00, 0.00, 0.00, 0.00, 1.00, 1.00, 0.00, 1.00
1001,  0,  33.604,  0.98,  1, 0.00, 0.00, 1.01, 0.00, 1.05, 2.35, 0.21, 0.45, 1.28, 0.05, 0.11, 0.00, 0.00, 0.00, 1.76, 0.26, 0.86, 0.00, 0.00, 0.00, 0.00, 0.00, 1.00, 1.00, 0.00, 1.00, 0.00, 0.00, 0.00, 0.00, 0.00, 1.00, 1.00, 0.00, 1.00
1002,  0,  33.638,  0.98,  1, 0.00, 0.00, 1.00, 0.00, 1.04, 2.29, 0.17, 0.27, 1.29, 0.07, 0.11, 0.00, 0.00, 0.00, 1.70, 0.21, 0.77, 0.00, 0.00, 0.00, 0.00, 0.00, 1.00, 1.00, 0.00, 1.00, 0.00, 0.00, 0.00, 0.00, 0.00, 1.00, 1.00, 0.00, 1.00
1003,  0,  33.671,  0.98,  1, 0.00, 0.00, 0.88, 0.08, 1.07, 2.28, 0.23, 0.29, 1.27, 0.18, 0.00, 0.00, 0.00, 0.00, 1.64, 0.36, 0.70, 0.00, 0.00, 0.00, 0.00, 0.00, 1.00, 1.00, 0.00, 1.00, 0.00, 0.00, 0.00, 0.00, 0.00, 1.00, 1.00, 0.00, 1.00
1004,  0,  33.705,  0.98,  1, 0.00, 0.00, 0.83, 0.09, 1.02, 2.10, 0.25, 0.20, 1.27, 0.18, 0.06, 0.00, 0.00, 0.00, 1.46, 0.47, 0.76, 0.00, 0.00, 0.00, 0.00, 0.00, 1.00, 1.00, 0.00, 1.00, 0.00, 0.00, 0.00, 0.00, 0.00, 1.00, 1.00, 0.00, 1.00
1005,  0,  33.738,  0.98,  1, 0.00, 0.00, 0.75, 0.09, 0.97, 2.06, 0.24, 0.25, 1.25, 0.25, 0.06, 0.00, 0.00, 0.00, 1.48, 0.58, 0.73, 0.00, 0.00, 0.00, 0.00, 0.00, 1.00, 1.00, 0.00, 1.00, 0.00, 0.00, 0.00, 0.00, 0.00, 1.00, 1.00, 0.00, 1.00
1006,  0,  33.772,  0.98,  1, 0.00, 0.00, 0.77, 0.02, 0.95, 2.12, 0.18, 0.18, 1.25, 0.15, 0.06, 0.00, 0.00, 0.00, 1.52, 0.52, 0.72, 0.00, 0.00, 0.00, 0.00, 0.00, 1.00, 1.00, 0.00, 1.00, 0.00, 0.00, 0.00, 0.00, 0.00, 1.00, 1.00, 0.00, 1.00
1007,  0,  33.806,  0.98,  1, 0.00, 0.00, 0.94, 0.00, 0.95, 2.16, 0.21, 0.16, 1.22, 0.23, 0.00, 0.00, 0.00, 0.00, 1.54, 0.53, 0.74, 0.00, 0.00, 0.00, 0.00, 0.00, 1.00, 1.00, 0.00, 1.00, 0.00, 0.00, 0.00, 0.00, 0.00, 1.00, 1.00, 0.00, 1.00
1008,  0,  33.839,  0.98,  1, 0.00, 0.00, 1.05, 0.00, 1.03, 2.50, 0.23, 0.14, 1.21, 0.24, 0.01, 0.00, 0.00, 0.00, 1.51, 0.51, 0.88, 0.00, 0.00, 0.00, 0.00, 0.00, 1.00, 1.00, 0.00, 1.00, 0.00, 0.00, 0.00, 0.00, 0.00, 1.00, 1.00, 0.00, 1.00
1009,  0,  33.873,  0.98,  1, 0.00, 0.00, 1.14, 0.00, 1.07, 2.49, 0.28, 0.20, 1.26, 0.42, 0.01, 0.00, 0.00, 0.00, 1.45, 0.63, 0.85, 0.00, 0.00, 0.00, 0.00, 0.00, 1.00, 1.00, 0.00, 1.00, 0.00, 0.00, 0.00, 0.00, 0.00, 1.00, 1.00, 0.00, 1.00
1010,  0,  33.906,  0.98,  1, 0.00, 0.00, 1.12, 0.00, 1.06, 2.33, 0.26, 0.29, 1.31, 0.42, 0.05, 0.00, 0.00, 0.00, 1.48, 0.80, 0.79, 0.00, 0.00, 0.00, 0.00, 0.00, 1.00, 1.00, 0.00, 1.00, 0.00, 0.00, 0.00, 0.00, 0.00, 1.00, 1.00, 0.00, 1.00
1011,  0,  33.940,  0.98,  1, 0.00, 0.00, 1.12, 0.00, 1.01, 2.05, 0.23, 0.24, 1.37, 0.40, 0.04, 0.00, 0.00, 0.00, 1.46, 0.88, 0.59, 0.00, 0.00, 0.00, 0.00, 0.00, 1.00, 1.00, 0.00, 1.00, 0.00, 0.00, 0.00, 0.00, 0.00, 1.00, 1.00, 0.00, 1.00
1012,  0,  33.974,  0.98,  1, 0.00, 0.00, 1.23, 0.00, 0.92, 1.79, 0.18, 0.14, 1.39, 0.38, 0.04, 0.02, 0.00, 0.00, 1.53, 0.88, 0.66, 0.00, 0.00, 0.00, 0.00, 0.00, 1.00, 1.00, 0.00, 1.00, 0.00, 0.00, 0.00, 0.00, 0.00, 1.00, 1.00, 0.00, 1.00
1013,  0,  34.007,  0.98,  1, 0.00, 0.00, 1.24, 0.00, 0.93, 1.90, 0.18, 0.02, 1.47, 0.36, 0.00, 0.02, 0.00, 0.00, 1.39, 0.83, 0.65, 0.00, 0.00, 0.00, 0.00, 0.00, 1.00, 1.00, 0.00, 1.00, 0.00, 0.00, 0.00, 0.00, 0.00, 1.00, 1.00, 0.00, 1.00
1014,  0,  34.041,  0.98,  1, 0.00, 0.00, 1.26, 0.00, 0.94, 2.07, 0.25, 0.08, 1.51, 0.45, 0.00, 0.02, 0.00, 0.00, 1.31, 0.74, 0.83, 0.00, 0.00, 0.00, 0.00, 0.00, 1.00, 1.00, 0.00, 1.00, 0.00, 0.00, 0.00, 0.00, 0.00, 1.00, 1.00, 0.00, 1.00
1015,  0,  34.074,  0.98,  1, 0.02, 0.00, 1.19, 0.00, 1.00, 2.29, 0.21, 0.15, 1.49, 0.48, 0.00, 0.00, 0.00, 0.00, 1.27, 0.73, 0.73, 0.00, 0.00, 0.00, 0.00, 0.00, 1.00, 1.00, 0.00, 1.00, 0.00, 0.00, 0.00, 0.00, 0.00, 1.00, 1.00, 0.00, 1.00
1016,  0,  34.108,  0.98,  1, 0.02, 0.00, 1.21, 0.00, 0.99, 2.27, 0.13, 0.24, 1.46, 0.54, 0.00, 0.00, 0.00, 0.00, 1.44, 0.73, 0.78, 0.00, 0.00, 0.00, 0.00, 0.00, 1.00, 1.00, 0.00, 1.00, 0.00, 0.00, 0.00, 0.00, 0.00, 1.00, 1.00, 0.00, 1.00
1017,  0,  34.142,  0.98,  1, 0.02, 0.00, 1.22, 0.00, 1.02, 2.22, 0.02, 0.22, 1.45, 0.48, 0.03, 0.00, 0.00, 0.00, 1.51, 0.63, 0.60, 0.00, 0.00, 0.00, 0.00, 0.00, 1.00, 1.00, 0.00, 1.00, 0.00, 0.00, 0.00, 0.00, 0.00, 1.00, 1.00, 0.00, 1.00
1018,  0,  34.175,  0.98,  1, 0.00, 0.00, 1.25, 0.00, 1.11, 2.39, 0.13, 0.32, 1.45, 0.41, 0.07, 0.00, 0.00, 0.00, 1.42, 0.60, 0.54, 0.00, 0.00, 0.00, 0.00, 0.00, 1.00, 1.00, 0.00, 1.00, 0.00, 0.00, 0.00, 0.00, 0.00, 1.00, 1.00, 0.00, 1.00
1019,  0,  34.209,  0.98,  1, 0.00, 0.00, 1.17, 0.00, 1.22, 2.60, 0.22, 0.39, 1.43, 0.49, 0.07, 0.00, 0.00, 0.00, 1.30, 0.56, 0.53, 0.00, 0.00, 0.00, 0.00, 0.00, 1.00, 1.00, 0.00, 1.00, 0.00, 0.00, 0.00, 0.00, 0.00, 1.00, 1.00, 0.00, 1.00
1020,  0,  34.242,  0.98,  1, 0.00, 0.00, 1.19, 0.00, 1.21, 2.59, 0.30, 0.33, 1.44, 0.56, 0.04, 0.05, 0.00, 0.00, 1.18, 0.68, 0.63, 0.00, 0.00, 0.00, 0.00, 0.00, 1.00, 1.00, 0.00, 1.00, 0.00, 0.00, 0.00, 0.00, 0.00, 1.00, 1.00, 0.00, 1.00
1021,  0,  34.276,  0.98,  1, 0.00, 0.00, 1.19, 0.00, 1.15, 2.44, 0.27, 0.17, 1.47, 0.61, 0.00, 0.05, 0.00, 0.00, 1.25, 0.62, 0.69, 0.00, 0.00, 0.00, 0.00, 0.00, 1.00, 1.00, 0.00, 1.00, 0.00, 0.00, 0.00, 0.00, 0.00, 1.00, 1.00, 0.00, 1.00
1022,  0,  34.310,  0.98,  1, 0.00, 0.00, 1.24, 0.00, 1.10, 2.30, 0.24, 0.00, 1.49, 0.53, 0.00, 0.05, 0.00, 0.00, 1.32, 0.58, 0.78, 0.00, 0.00, 0.00, 0.00, 0.00, 1.00, 1.00, 0.00, 1.00, 0.00, 0.00, 0.00, 0.00, 0.00, 1.00, 1.00, 0.00, 1.00
1023,  0,  34.343,  0.98,  1, 0.00, 0.00, 1.29, 0.00, 1.21, 2.50, 0.28, 0.06, 1.51, 0.60, 0.10, 0.00, 0.00, 0.00, 1.31, 0.59, 0.82, 0.00, 0.00, 0.00, 0.00, 0.00, 1.00, 1.00, 0.00, 1.00, 0.00, 0.00, 0.00, 0.00, 0.00, 1.00, 1.00, 0.00, 1.00
1024,  0,  34.377,  0.98,  1, 0.00, 0.00, 1.24, 0.00, 1.23, 2.39, 0.19, 0.12, 1.51, 0.64, 0.21, 0.00, 0.00, 0.00, 1.28, 0.72, 0.77, 0.00, 0.00, 0.00, 0.00, 0.00, 1.00, 1.00, 0.00, 1.00, 0.00, 0.00, 0.00, 0.00, 0.00, 1.00, 1.00, 0.00, 1.00
1025,  0,  34.410,  0.98,  1, 0.00, 0.00, 1.29, 0.00, 1.21, 2.55, 0.14, 0.12, 1.48, 0.59, 0.34, 0.01, 0.00, 0.00, 1.13, 0.76, 0.59, 0.00, 0.00, 0.00, 0.00, 0.00, 1.00, 1.00, 0.00, 1.00, 0.00, 0.00, 0.00, 0.00, 0.00, 1.00, 1.00, 0.00, 1.00
1026,  0,  34.444,  0.98,  1, 0.00, 0.00, 1.25, 0.00, 1.08, 2.39, 0.06, 0.07, 1.45, 0.52, 0.24, 0.01, 0.00, 0.00, 0.99, 0.75, 0.51, 0.00, 0.00, 0.00, 0.00, 0.00, 1.00, 1.00, 0.00, 1.00, 0.00, 0.00, 0.00, 0.00, 0.00, 1.00, 1.00, 0.00, 1.00
1027,  0,  34.478,  0.98,  1, 0.10, 0.00, 1.23, 0.00, 1.05, 2.39, 0.12, 0.10, 1.56, 0.54, 0.14, 0.09, 0.00, 0.00, 0.80, 0.76, 0.51, 0.00, 0.00, 0.00, 0.00, 0.00, 1.00, 1.00, 0.00, 1.00, 0.00, 0.00, 0.00, 0.00, 0.00, 1.00, 1.00, 0.00, 1.00
1028,  0,  34.511,  0.98,  1, 0.34, 0.03, 1.19, 0.00, 1.05, 2.06, 0.22, 0.24, 1.56, 0.66, 0.05, 0.14, 0.00, 0.00, 0.76, 0.69, 0.62, 0.00, 0.00, 0.00, 0.00, 0.00, 1.00, 0.00, 0.00, 1.00, 0.00, 0.00, 0.00, 0.00, 0.00, 1.00, 1.00, 0.00, 1.00
1029,  0,  34.545,  0.98,  1, 0.42, 0.03, 1.26, 0.00, 1.02, 1.91, 0.22, 0.34, 1.59, 0.80, 0.05, 0.25, 0.00, 0.00, 0.82, 0.59, 0.69, 1.00, 0.00, 1.00, 0.00, 0.00, 1.00, 0.00, 0.00, 1.00, 0.00, 0.00, 0.00, 0.00, 0.00, 1.00, 1.00, 0.00, 1.00
1030,  0,  34.578,  0.98,  1, 0.32, 0.03, 1.53, 0.00, 1.01, 2.01, 0.19, 0.40, 1.58, 0.77, 0.05, 0.17, 0.00, 0.00, 0.83, 0.57, 0.81, 1.00, 0.00, 1.00, 0.00, 0.00, 1.00, 1.00, 0.00, 1.00, 0.00, 0.00, 0.00, 0.00, 0.00, 1.00, 1.00, 0.00, 1.00
1031,  0,  34.612,  0.98,  1, 0.09, 0.00, 1.70, 0.00, 1.04, 2.16, 0.12, 0.31, 1.64, 0.92, 0.02, 0.20, 0.00, 0.00, 0.88, 0.62, 0.94, 1.00, 0.00, 1.00, 0.00, 0.00, 1.00, 1.00, 0.00, 1.00, 1.00, 0.00, 0.00, 0.00, 0.00, 1.00, 1.00, 0.00, 1.00
1032,  0,  34.646,  0.98,  1, 0.01, 0.00, 1.77, 0.00, 1.18, 2.34, 0.13, 0.28, 1.70, 1.00, 0.02, 0.09, 0.00, 0.00, 0.90, 0.64, 0.98, 1.00, 0.00, 1.00, 0.00, 0.00, 1.00, 1.00, 0.00, 1.00, 1.00, 0.00, 0.00, 0.00, 0.00, 1.00, 1.00, 0.00, 1.00
1033,  0,  34.679,  0.98,  1, 0.00, 0.00, 1.74, 0.00, 1.28, 2.46, 0.22, 0.24, 1.65, 1.13, 0.02, 0.09, 0.00, 0.00, 0.91, 0.48, 1.02, 1.00, 0.00, 1.00, 0.00, 0.00, 1.00, 1.00, 0.00, 1.00, 1.00, 0.00, 0.00, 0.00, 0.00, 1.00, 1.00, 0.00, 1.00
1034,  0,  34.713,  0.98,  1, 0.06, 0.00, 1.70, 0.00, 1.36, 2.61, 0.29, 0.32, 1.63, 1.02, 0.00, 0.00, 0.00, 0.00, 0.76, 0.43, 0.96, 1.00, 0.00, 1.00, 0.00, 0.00, 1.00, 1.00, 0.00, 1.00, 1.00, 0.00, 0.00, 0.00, 0.00, 1.00, 1.00, 0.00, 1.00
1035,  0,  34.746,  0.98,  1, 0.06, 0.00, 1.70, 0.00, 1.36, 2.70, 0.36, 0.26, 1.56, 0.96, 0.00, 0.00, 0.00, 0.00, 0.68, 0.45, 0.93, 1.00, 0.00, 1.00, 0.00, 0.00, 1.00, 1.00, 0.00, 1.00, 1.00, 0.00, 0.00, 0.00, 0.00, 1.00, 1.00, 0.00, 1.00
1036,  0,  34.780,  0.98,  1, 0.06, 0.00, 1.59, 0.00, 1.35, 2.53, 0.38, 0.22, 1.58, 0.97, 0.00, 0.02, 0.00, 0.00, 0.74, 0.60, 0.97, 1.00, 0.00, 1.00, 0.00, 0.00, 1.00, 1.00, 0.00, 1.00, 1.00, 0.00, 0.00, 0.00, 0.00, 1.00, 1.00, 0.00, 1.00
1037,  0,  34.814,  0.98,  1, 0.00, 0.00, 1.57, 0.00, 1.33, 2.45, 0.42, 0.16, 1.64, 1.07, 0.00, 0.02, 0.00, 0.00, 0.83, 0.59, 1.04, 1.00, 0.00, 1.00, 0.00, 0.00, 1.00, 1.00, 0.00, 1.00, 1.00, 0.00, 0.00, 0.00, 0.00, 1.00, 1.00, 0.00, 1.00
1038,  0,  34.847,  0.98,  1, 0.00, 0.00, 1.53, 0.00, 1.33, 2.48, 0.41, 0.24, 1.69, 1.02, 0.00, 0.02, 0.00, 0.00, 0.88, 0.65, 1.10, 1.00, 0.00, 1.00, 0.00, 0.00, 1.00, 1.00, 0.00, 1.00, 1.00, 0.00, 0.00, 0.00, 0.00, 1.00, 1.00, 0.00, 1.00
1039,  0,  34.881,  0.98,  1, 0.00, 0.00, 1.64, 0.00, 1.32, 2.60, 0.40, 0.19, 1.68, 1.01, 0.00, 0.03, 0.00, 0.00, 0.78, 0.63, 1.14, 1.00, 0.00, 1.00, 0.00, 0.00, 1.00, 1.00, 0.00, 1.00, 1.00, 0.00, 0.00, 0.00, 0.00, 1.00, 1.00, 0.00, 1.00
1040,  0,  34.915,  0.98,  1, 0.02, 0.00, 1.76, 0.00, 1.31, 2.68, 0.42, 0.14, 1.68, 1.03, 0.00, 0.07, 0.00, 0.00, 0.71, 0.67, 1.13, 1.00, 0.00, 1.00, 0.00, 0.00, 1.00, 1.00, 0.00, 1.00, 1.00, 0.00, 0.00, 0.00, 0.00, 1.00, 1.00, 0.00, 1.00
1041,  0,  34.948,  0.98,  1, 0.02, 0.00, 1.79, 0.00, 1.34, 2.56, 0.46, 0.18, 1.68, 1.11, 0.00, 0.07, 0.00, 0.00, 0.76, 0.57, 1.12, 1.00, 0.00, 1.00, 0.00, 0.00, 1.00, 1.00, 0.00, 1.00, 1.00, 0.00, 0.00, 0.00, 0.00, 1.00, 1.00, 0.00, 1.00
1042,  0,  34.982,  0.98,  1, 0.08, 0.00, 1.89, 0.00, 1.40, 2.63, 0.49, 0.25, 1.69, 1.16, 0.00, 0.07, 0.00, 0.00, 0.82, 0.53, 1.05, 1.00, 0.00, 1.00, 0.00, 0.00, 1.00, 1.00, 0.00, 1.00, 1.00, 0.00, 0.00, 0.00, 0.00, 1.00, 1.00, 0.00, 1.00
1043,  0,  35.015,  0.98,  1, 0.07, 0.00, 1.85, 0.00, 1.45, 2.75, 0.49, 0.27, 1.68, 1.12, 0.05, 0.03, 0.00, 0.00, 0.91, 0.45, 1.06, 1.00, 0.00, 1.00, 0.00, 0.00, 1.00, 1.00, 0.00, 1.00, 1.00, 0.00, 0.00, 0.00, 0.00, 1.00, 1.00, 0.00, 1.00
1044,  0,  35.049,  0.98,  1, 0.07, 0.00, 1.87, 0.00, 1.45, 2.69, 0.49, 0.25, 1.66, 1.18, 0.05, 0.04, 0.00, 0.00, 0.88, 0.56, 1.11, 0.00, 0.00, 1.00, 0.00, 0.00, 1.00, 1.00, 0.00, 1.00, 1.00, 0.00, 0.00, 0.00, 0.00, 1.00, 1.00, 0.00, 1.00
1045,  0,  35.083,  0.98,  1, 0.01, 0.00, 1.79, 0.00, 1.43, 2.57, 0.52, 0.26, 1.62, 1.18, 0.05, 0.01, 0.00, 0.00, 0.89, 0.48, 1.09, 0.00, 0.00, 1.00, 0.00, 0.00, 1.00, 1.00, 0.00, 1.00, 1.00, 0.00, 0.00, 0.00, 0.00, 1.00, 1.00, 0.00, 1.00
1046,  0,  35.116,  0.98,  1, 0.00, 0.00, 1.84, 0.00, 1.45, 2.69, 0.54, 0.36, 1.62, 1.24, 0.00, 0.01, 0.00, 0.00, 0.80, 0.56, 1.16, 0.00, 0.00, 1.00, 0.00, 0.00, 1.00, 1.00, 0.00, 1.00, 1.00, 0.00, 0.00, 0.00, 0.00, 1.00, 1.00, 0.00, 1.00
1047,  0,  35.150,  0.98,  1, 0.00, 0.00, 1.93, 0.00, 1.47, 2.98, 0.56, 0.36, 1.62, 1.12, 0.00, 0.00, 0.00, 0.00, 0.74, 0.44, 1.19, 0.00, 0.00, 1.00, 0.00, 0.00, 1.00, 1.00, 0.00, 1.00, 1.00, 0.00, 0.00, 0.00, 0.00, 1.00, 1.00, 0.00, 1.00
1048,  0,  35.183,  0.98,  1, 0.04, 0.00, 2.00, 0.00, 1.41, 3.02, 0.54, 0.33, 1.64, 1.03, 0.00, 0.08, 0.00, 0.00, 0.78, 0.57, 1.32, 0.00, 0.00, 1.00, 0.00, 0.00, 1.00, 1.00, 0.00, 1.00, 1.00, 0.00, 0.00, 0.00, 0.00, 1.00, 1.00, 0.00, 1.00
1049,  0,  35.217,  0.98,  1, 0.04, 0.00, 2.02, 0.00, 1.36, 2.74, 0.58, 0.18, 1.62, 1.04, 0.00, 0.08, 0.00, 0.00, 0.88, 0.66, 1.26, 0.00, 0.00, 1.00, 0.00, 0.00, 1.00, 1.00, 0.00, 1.00, 1.00, 0.00, 0.00, 0.00, 0.00, 1.00, 1.00, 0.00, 1.00
1050,  0,  35.251,  0.98,  1, 0.07, 0.00, 1.92, 0.00, 1.30, 2.58, 0.53, 0.11, 1.59, 1.00, 0.00, 0.08, 0.00, 0.00, 0.89, 0.84, 1.27, 0.00, 0.00, 1.00, 0.00, 0.00, 1.00, 1.00, 0.00, 1.00, 1.00, 0.00, 0.00, 0.00, 0.00, 1.00, 1.00, 0.00, 1.00
1051,  0,  35.284,  0.98,  1, 0.03, 0.00, 1.83, 0.00, 1.31, 2.66, 0.53, 0.04, 1.60, 0.97, 0.00, 0.00, 0.00, 0.00, 0.83, 0.80, 1.34, 0.00, 0.00, 1.00, 0.00, 0.00, 1.00, 1.00, 0.00, 1.00, 1.00, 0.00, 0.00, 0.00, 0.00, 1.00, 1.00, 0.00, 1.00
1052,  0,  35.318,  0.98,  1, 0.03, 0.00, 1.75, 0.00, 1.29, 2.64, 0.47, 0.09, 1.58, 0.86, 0.00, 0.02, 0.00, 0.00, 0.77, 0.71, 1.41, 0.00, 0.00, 1.00, 0.00, 0.00, 1.00, 1.00, 0.00, 1.00, 1.00, 0.00, 0.00, 0.00, 0.00, 1.00, 1.00, 0.00, 1.00
1053,  0,  35.351,  0.98,  1, 0.00, 0.00, 1.79, 0.00, 1.29, 2.61, 0.50, 0.06, 1.58, 0.86, 0.00, 0.02, 0.00, 0.00, 0.84, 0.70, 1.27, 0.00, 0.00, 1.00, 0.00, 0.00, 1.00, 1.00, 0.00, 1.00, 1.00, 0.00, 0.00, 0.00, 0.00, 1.00, 1.00, 0.00, 1.00
1054,  0,  35.385,  0.98,  1, 0.00, 0.00, 1.75, 0.00, 1.25, 2.58, 0.47, 0.04, 1.57, 0.93, 0.00, 0.03, 0.00, 0.00, 0.84, 0.69, 1.12, 0.00, 0.00, 1.00, 0.00, 0.00, 1.00, 1.00, 0.00, 1.00, 1.00, 0.00, 0.00, 0.00, 0.00, 1.00, 1.00, 0.00, 1.00
1055,  0,  35.419,  0.98,  1, 0.00, 0.00, 1.74, 0.00, 1.19, 2.63, 0.47, 0.00, 1.57, 1.01, 0.05, 0.02, 0.00, 0.00, 0.86, 0.66, 1.16, 0.00, 0.00, 1.00, 0.00, 0.00, 1.00, 1.00, 0.00, 1.00, 1.00, 0.00, 0.00, 0.00, 0.00, 1.00, 1.00, 0.00, 1.00
1056,  0,  35.452,  0.98,  1, 0.00, 0.00, 1.70, 0.00, 1.20, 2.69, 0.56, 0.00, 1.56, 1.12, 0.05, 0.02, 0.00, 0.00, 0.84, 0.65, 1.32, 0.00, 0.00, 1.00, 0.00, 0.00, 1.00, 1.00, 0.00, 1.00, 1.00, 0.00, 0.00, 0.00, 0.00, 1.00, 1.00, 0.00, 1.00
1057,  0,  35.486,  0.98,  1, 0.00, 0.00, 1.75, 0.00, 1.24, 2.73, 0.61, 0.00, 1.54, 1.17, 0.05, 0.01, 0.00, 0.00, 0.86, 0.64, 1.46, 0.00, 0.00, 1.00, 0.00, 0.00, 1.00, 1.00, 0.00, 1.00, 1.00, 0.00, 0.00, 0.00, 0.00, 1.00, 1.00, 0.00, 1.00
1058,  0,  35.519,  0.98,  1, 0.00, 0.00, 1.79, 0.00, 1.31, 2.77, 0.67, 0.00, 1.54, 1.06, 0.03, 0.00, 0.00, 0.00, 0.86, 0.61, 1.43, 0.00, 0.00, 1.00, 0.00, 0.00, 1.00, 1.00, 0.00, 1.00, 1.00, 0.00, 0.00, 0.00, 0.00, 1.00, 1.00, 0.00, 1.00
1059,  0,  35.553,  0.98,  1, 0.00, 0.00, 1.86, 0.00, 1.31, 2.79, 0.57, 0.00, 1.56, 1.09, 0.03, 0.00, 0.00, 0.00, 0.73, 0.59, 1.38, 0.00, 0.00, 1.00, 0.00, 0.00, 1.00, 1.00, 0.00, 1.00, 1.00, 0.00, 0.00, 0.00, 0.00, 1.00, 1.00, 0.00, 1.00
1060,  0,  35.587,  0.98,  1, 0.04, 0.00, 1.92, 0.00, 1.27, 2.79, 0.54, 0.05, 1.63, 1.03, 0.03, 0.00, 0.00, 0.00, 0.77, 0.64, 1.45, 0.00, 0.00, 1.00, 0.00, 0.00, 1.00, 1.00, 0.00, 1.00, 1.00, 0.00, 0.00, 0.00, 0.00, 1.00, 1.00, 0.00, 1.00
1061,  0,  35.620,  0.98,  1, 0.06, 0.00, 1.90, 0.00, 1.26, 2.71, 0.41, 0.05, 1.67, 1.04, 0.00, 0.02, 0.00, 0.00, 0.73, 0.73, 1.50, 1.00, 0.00, 1.00, 0.00, 0.00, 1.00, 1.00, 0.00, 1.00, 1.00, 0.00, 0.00, 0.00, 0.00, 1.00, 1.00, 0.00, 1.00
1062,  0,  35.654,  0.98,  1, 0.06, 0.00, 1.81, 0.00, 1.24, 2.52, 0.37, 0.14, 1.68, 1.03, 0.00, 0.02, 0.00, 0.00, 0.77, 0.75, 1.47, 1.00, 0.00, 1.00, 0.00, 0.00, 1.00, 1.00, 0.00, 1.00, 1.00, 0.00, 0.00, 0.00, 0.00, 1.00, 1.00, 0.00, 1.00
1063,  0,  35.687,  0.98,  1, 0.02, 0.00, 1.72, 0.00, 1.26, 2.49, 0.36, 0.19, 1.65, 1.12, 0.00, 0.03, 0.00, 0.00, 0.64, 0.75, 1.32, 1.00, 0.00, 1.00, 0.00, 0.00, 1.00, 1.00, 0.00, 1.00, 1.00, 0.00, 0.00, 0.00, 0.00, 1.00, 1.00, 0.00, 1.00
1064,  0,  35.721,  0.98,  1, 0.00, 0.00, 1.70, 0.00, 1.22, 2.45, 0.48, 0.29, 1.63, 1.16, 0.00, 0.01, 0.00, 0.00, 0.71, 0.76, 1.18, 1.00, 0.00, 1.00, 0.00, 0.00, 1.00, 1.00, 0.00, 1.00, 1.00, 0.00, 0.00, 0.00, 0.00, 1.00, 1.00, 0.00, 1.00
1065,  0,  35.755,  0.98,  1, 0.00, 0.00, 1.74, 0.00, 1.24, 2.56, 0.58, 0.29, 1.67, 1.13, 0.02, 0.01, 0.00, 0.00, 0.71, 0.72, 1.19, 1.00, 0.00, 1.00, 0.00, 0.00, 1.00, 1.00, 0.00, 1.00, 1.00, 0.00, 0.00, 0.00, 0.00, 1.00, 1.00, 0.00, 1.00
1066,  0,  35.788,  0.98,  1, 0.00, 0.00, 1.65, 0.00, 1.21, 2.57, 0.63, 0.23, 1.65, 1.07, 0.02, 0.00, 0.00, 0.00, 0.75, 0.70, 1.30, 0.00, 0.00, 1.00, 0.00, 0.00, 1.00, 1.00, 0.00, 1.00, 1.00, 0.00, 0.00, 0.00, 0.00, 1.00, 1.00, 0.00, 1.00
1067,  0,  35.822,  0.98,  1, 0.02, 0.00, 1.83, 0.00, 1.20, 2.55, 0.62, 0.13, 1.65, 1.08, 0.03, 0.00, 0.00, 0.00, 0.76, 0.69, 1.48, 0.00, 0.00, 1.00, 0.00, 0.00, 1.00, 1.00, 0.00, 1.00, 1.00, 0.00, 0.00, 0.00, 0.00, 1.00, 1.00, 0.00, 1.00
1068,  0,  35.855,  0.98,  1, 0.02, 0.00, 1.90, 0.00, 1.11, 2.43, 0.54, 0.05, 1.59, 0.93, 0.02, 0.00, 0.00, 0.00, 0.80, 0.85, 1.36, 0.00, 0.00, 1.00, 0.00, 0.00, 1.00, 1.00, 0.00, 1.00, 1.00, 0.00, 0.00, 0.00, 0.00, 1.00, 1.00, 0.00, 1.00
1069,  0,  35.889,  0.98,  1, 0.02, 0.00, 2.10, 0.00, 1.11, 2.55, 0.47, 0.01, 1.58, 0.88, 0.01, 0.00, 0.00, 0.00, 0.77, 0.85, 1.28, 0.00, 0.00, 1.00, 0.00, 0.00, 1.00, 1.00, 0.00, 1.00, 1.00, 0.00, 0.00, 0.00, 0.00, 1.00, 1.00, 0.00, 1.00
1070,  0,  35.923,  0.98,  1, 0.00, 0.00, 1.89, 0.00, 0.99, 2.56, 0.42, 0.07, 1.61, 0.96, 0.00, 0.00, 0.00, 0.00, 0.63, 0.91, 1.26, 0.00, 0.00, 1.00, 0.00, 0.00, 1.00, 1.00, 0.00, 1.00, 1.00, 0.00, 0.00, 0.00, 0.00, 1.00, 1.00, 0.00, 1.00
1071,  0,  35.956,  0.98,  1, 0.00, 0.00, 1.94, 0.00, 0.98, 2.56, 0.43, 0.07, 1.64, 1.18, 0.00, 0.00, 0.00, 0.00, 0.66, 0.80, 1.39, 0.00, 0.00, 0.00, 0.00, 0.00, 1.00, 1.00, 0.00, 1.00, 1.00, 0.00, 0.00, 0.00, 0.00, 1.00, 1.00, 0.00, 1.00
1072,  0,  35.990,  0.98,  1, 0.00, 0.00, 1.89, 0.00, 0.97, 2.40, 0.42, 0.07, 1.70, 1.34, 0.00, 0.00, 0.00, 0.00, 0.68, 0.87, 1.37, 0.00, 0.00, 0.00, 0.00, 0.00, 1.00, 1.00, 0.00, 1.00, 1.00, 0.00, 0.00, 0.00, 0.00, 1.00, 1.00, 0.00, 1.00
1073,  0,  36.023,  0.98,  1, 0.00, 0.00, 1.92, 0.00, 1.07, 2.52, 0.45, 0.01, 1.69, 1.36, 0.00, 0.00, 0.00, 0.00, 0.66, 0.81, 1.21, 0.00, 0.00, 0.00, 0.00, 0.00, 1.00, 1.00, 0.00, 1.00, 1.00, 0.00, 0.00, 0.00, 0.00, 1.00, 1.00, 0.00, 1.00
1074,  0,  36.057,  0.98,  1, 0.00, 0.00, 1.80, 0.00, 1.13, 2.50, 0.45, 0.02, 1.68, 1.40, 0.00, 0.00, 0.00, 0.00, 0.57, 0.85, 1.25, 0.00, 0.00, 0.00, 0.00, 0.00, 1.00, 1.00, 0.00, 1.00, 1.00, 0.00, 0.00, 0.00, 0.00, 1.00, 1.00, 0.00, 1.00
1075,  0,  36.091,  0.98,  1, 0.00, 0.00, 1.76, 0.00, 1.18, 2.41, 0.49, 0.05, 1.62, 1.33, 0.00, 0.00, 0.00, 0.00, 0.57, 0.96, 1.28, 0.00, 0.00, 0.00, 0.00, 0.00, 1.00, 1.00, 0.00, 1.00, 1.00, 0.00, 0.00, 0.00, 0.00, 1.00, 1.00, 0.00, 1.00
1076,  0,  36.124,  0.98,  1, 0.00, 0.00, 1.91, 0.00, 1.22, 2.33, 0.49, 0.10, 1.57, 1.33, 0.00, 0.00, 0.00, 0.00, 0.69, 0.99, 1.39, 0.00, 0.00, 1.00, 0.00, 0.00, 1.00, 1.00, 0.00, 1.00, 1.00, 0.00, 0.00, 0.00, 0.00, 1.00, 1.00, 0.00, 1.00
1077,  0,  36.158,  0.98,  1, 0.00, 0.00, 2.05, 0.00, 1.26, 2.51, 0.50, 0.09, 1.52, 1.35, 0.00, 0.00, 0.00, 0.00, 0.75, 1.02, 1.39, 0.00, 0.00, 1.00, 0.00, 0.00, 1.00, 1.00, 0.00, 1.00, 1.00, 0.00, 0.00, 0.00, 0.00, 1.00, 1.00, 0.00, 1.00
1078,  0,  36.191,  0.98,  1, 0.00, 0.00, 2.06, 0.00, 1.21, 2.77, 0.49, 0.04, 1.50, 1.45, 0.00, 0.04, 0.00, 0.00, 0.73, 1.02, 1.37, 0.00, 0.00, 1.00, 0.00, 0.00, 1.00, 1.00, 0.00, 1.00, 1.00, 0.00, 0.00, 0.00, 0.00, 1.00, 1.00, 0.00, 1.00
1079,  0,  36.225,  0.98,  1, 0.00, 0.00, 1.99, 0.00, 1.21, 2.94, 0.51, 0.10, 1.50, 1.41, 0.00, 0.04, 0.00, 0.00, 0.64, 1.13, 1.42, 0.00, 0.00, 1.00, 0.00, 0.00, 1.00, 1.00, 0.00, 1.00, 1.00, 0.00, 0.00, 0.00, 0.00, 1.00, 1.00, 0.00, 1.00
1080,  0,  36.259,  0.98,  1, 0.00, 0.00, 1.86, 0.00, 1.15, 2.81, 0.47, 0.10, 1.57, 1.39, 0.00, 0.05, 0.00, 0.00, 0.64, 1.08, 1.35, 0.00, 0.00, 1.00, 0.00, 0.00, 1.00, 1.00, 0.00, 1.00, 1.00, 0.00, 0.00, 0.00, 0.00, 1.00, 1.00, 0.00, 1.00
1081,  0,  36.292,  0.98,  1, 0.00, 0.00, 1.83, 0.00, 1.19, 2.65, 0.43, 0.10, 1.61, 1.28, 0.00, 0.00, 0.00, 0.00, 0.66, 0.98, 1.32, 0.00, 0.00, 1.00, 0.00, 0.00, 1.00, 1.00, 0.00, 1.00, 1.00, 0.00, 0.00, 0.00, 0.00, 1.00, 1.00, 0.00, 1.00
1082,  0,  36.326,  0.98,  1, 0.00, 0.00, 1.70, 0.00, 1.16, 2.55, 0.46, 0.00, 1.68, 1.26, 0.00, 0.00, 0.00, 0.00, 0.59, 0.83, 1.09, 0.00, 0.00, 0.00, 0.00, 0.00, 1.00, 1.00, 0.00, 1.00, 1.00, 0.00, 0.00, 0.00, 0.00, 1.00, 1.00, 0.00, 1.00
1083,  0,  36.359,  0.98,  1, 0.00, 0.00, 1.74, 0.00, 1.13, 2.47, 0.46, 0.00, 1.69, 1.20, 0.00, 0.00, 0.00, 0.00, 0.55, 0.77, 1.00, 0.00, 0.00, 0.00, 0.00, 0.00, 1.00, 1.00, 0.00, 1.00, 1.00, 0.00, 0.00, 0.00, 0.00, 1.00, 1.00, 0.00, 1.00
1084,  0,  36.393,  0.98,  1, 0.00, 0.00, 1.68, 0.00, 1.11, 2.40, 0.47, 0.00, 1.66, 1.17, 0.00, 0.00, 0.00, 0.00, 0.56, 0.76, 0.71, 0.00, 0.00, 0.00, 0.00, 0.00, 1.00, 1.00, 0.00, 1.00, 1.00, 0.00, 0.00, 0.00, 0.00, 1.00, 1.00, 0.00, 1.00
1085,  0,  36.427,  0.98,  1, 0.00, 0.00, 1.67, 0.00, 1.11, 2.22, 0.36, 0.00, 1.62, 1.10, 0.00, 0.00, 0.00, 0.00, 0.72, 0.85, 0.57, 0.00, 0.00, 0.00, 0.00, 0.00, 1.00, 1.00, 0.00, 1.00, 1.00, 0.00, 0.00, 0.00, 0.00, 1.00, 1.00, 0.00, 1.00
1086,  0,  36.460,  0.98,  1, 0.00, 0.00, 1.51, 0.00, 1.16, 2.24, 0.39, 0.00, 1.59, 1.10, 0.00, 0.00, 0.00, 0.00, 0.71, 0.94, 0.38, 0.00, 0.00, 0.00, 0.00, 0.00, 1.00, 1.00, 0.00, 1.00, 1.00, 0.00, 0.00, 0.00, 0.00, 1.00, 1.00, 0.00, 1.00
1087,  0,  36.494,  0.98,  1, 0.00, 0.00, 1.43, 0.01, 1.14, 2.09, 0.37, 0.00, 1.59, 1.15, 0.00, 0.00, 0.00, 0.00, 0.59, 0.91, 0.43, 0.00, 0.00, 0.00, 0.00, 0.00, 1.00, 1.00, 0.00, 1.00, 1.00, 0.00, 0.00, 0.00, 0.00, 1.00, 1.00, 0.00, 1.00
1088,  0,  36.527,  0.98,  1, 0.00, 0.00, 1.39, 0.01, 1.14, 2.11, 0.49, 0.00, 1.56, 1.27, 0.00, 0.00, 0.00, 0.00, 0.42, 0.83, 0.57, 0.00, 0.00, 0.00, 0.00, 0.00, 1.00, 1.00, 0.00, 1.00, 1.00, 0.00, 0.00, 0.00, 0.00, 1.00, 0.00, 0.00, 1.00
1089,  0,  36.561,  0.98,  1, 0.00, 0.00, 1.45, 0.01, 1.06, 2.17, 0.45, 0.00, 1.55, 1.23, 0.00, 0.05, 0.00, 0.00, 0.36, 0.70, 0.59, 0.00, 0.00, 0.00, 0.00, 0.00, 1.00, 1.00, 0.00, 1.00, 1.00, 0.00, 0.00, 0.00, 0.00, 1.00, 0.00, 0.00, 1.00
1090,  0,  36.595,  0.98,  1, 0.00, 0.00, 1.62, 0.15, 1.01, 2.43, 0.47, 0.00, 1.54, 1.17, 0.00, 0.05, 0.00, 0.00, 0.40, 0.71, 0.71, 0.00, 0.00, 0.00, 0.00, 0.00, 1.00, 1.00, 0.00, 1.00, 1.00, 0.00, 0.00, 0.00, 0.00, 1.00, 0.00, 0.00, 1.00
1091,  0,  36.628,  0.98,  1, 0.00, 0.00, 1.89, 0.26, 0.96, 2.46, 0.35, 0.00, 1.46, 1.11, 0.07, 0.05, 0.00, 0.00, 0.57, 0.61, 0.85, 0.00, 0.00, 0.00, 0.00, 0.00, 1.00, 1.00, 0.00, 1.00, 1.00, 0.00, 0.00, 0.00, 0.00, 1.00, 0.00, 0.00, 1.00
1092,  0,  36.662,  0.98,  1, 0.00, 0.00, 1.98, 0.40, 0.95, 2.44, 0.43, 0.00, 1.34, 1.27, 0.15, 0.00, 0.00, 0.00, 0.58, 0.48, 0.92, 0.00, 0.00, 0.00, 0.00, 0.00, 1.00, 1.00, 0.00, 0.00, 1.00, 0.00, 0.00, 0.00, 0.00, 1.00, 0.00, 0.00, 1.00
1093,  0,  36.696,  0.98,  1, 0.00, 0.00, 1.95, 0.29, 0.92, 2.50, 0.51, 0.00, 1.27, 1.47, 0.21, 0.02, 0.00, 0.00, 0.55, 0.32, 0.80, 0.00, 0.00, 0.00, 0.00, 0.00, 1.00, 1.00, 0.00, 0.00, 1.00, 0.00, 0.00, 0.00, 0.00, 1.00, 0.00, 0.00, 1.00
1094,  0,  36.729,  0.98,  1, 0.00, 0.00, 1.81, 0.22, 0.92, 2.55, 0.54, 0.00, 1.28, 1.56, 0.25, 0.02, 0.00, 0.00, 0.42, 0.17, 0.50, 0.00, 0.00, 0.00, 0.00, 0.00, 1.00, 1.00, 0.00, 0.00, 1.00, 0.00, 0.00, 0.00, 0.00, 1.00, 0.00, 0.00, 1.00
1095,  0,  36.763,  0.98,  1, 0.00, 0.00, 1.74, 0.08, 0.87, 2.31, 0.50, 0.00, 1.34, 1.62, 0.16, 0.02, 0.00, 0.00, 0.47, 0.14, 0.40, 1.00, 0.00, 0.00, 0.00, 0.00, 1.00, 1.00, 0.00, 0.00, 1.00, 0.00, 0.00, 0.00, 0.00, 1.00, 0.00, 0.00, 1.00
1096,  0,  36.796,  0.98,  1, 0.00, 0.00, 1.84, 0.15, 0.88, 2.08, 0.42, 0.00, 1.38, 1.55, 0.16, 0.01, 0.00, 0.00, 0.45, 0.10, 0.41, 0.00, 0.00, 0.00, 0.00, 0.00, 1.00, 1.00, 0.00, 0.00, 1.00, 0.00, 0.00, 0.00, 1.00, 1.00, 0.00, 0.00, 1.00
1097,  0,  36.830,  0.98,  1, 0.00, 0.00, 1.86, 0.10, 0.86, 2.18, 0.53, 0.00, 1.40, 1.66, 0.09, 0.01, 0.00, 0.00, 0.49, 0.13, 0.34, 0.00, 0.00, 0.00, 0.00, 0.00, 1.00, 1.00, 0.00, 0.00, 1.00, 0.00, 0.00, 0.00, 1.00, 1.00, 0.00, 0.00, 1.00
1098,  0,  36.864,  0.98,  1, 0.00, 0.00, 1.92, 0.16, 0.89, 2.48, 0.56, 0.00, 1.39, 1.53, 0.09, 0.07, 0.00, 0.00, 0.42, 0.12, 0.46, 1.00, 0.00, 0.00, 0.00, 0.00, 1.00, 1.00, 0.00, 0.00, 1.00, 0.00, 0.00, 0.00, 1.00, 1.00, 0.00, 0.00, 1.00
1099,  0,  36.897,  0.98,  1, 0.00, 0.00, 1.95, 0.14, 0.88, 2.42, 0.59, 0.00, 1.40, 1.49, 0.03, 0.06, 0.00, 0.00, 0.45, 0.24, 0.41, 1.00, 0.00, 0.00, 0.00, 0.00, 1.00, 1.00, 0.00, 0.00, 1.00, 0.00, 0.00, 0.00, 1.00, 1.00, 0.00, 0.00, 1.00
1100,  0,  36.931,  0.98,  1, 0.00, 0.00, 2.07, 0.14, 0.85, 2.06, 0.59, 0.00, 1.42, 1.43, 0.09, 0.06, 0.00, 0.00, 0.36, 0.23, 0.41, 1.00, 0.00, 0.00, 0.00, 0.00, 1.00, 1.00, 0.00, 0.00, 1.00, 0.00, 0.00, 0.00, 1.00, 1.00, 0.00, 0.00, 1.00
1101,  0,  36.964,  0.98,  1, 0.00, 0.00, 2.22, 0.08, 0.84, 2.16, 0.66, 0.00, 1.48, 1.59, 0.28, 0.01, 0.00, 0.00, 0.30, 0.20, 0.17, 1.00, 0.00, 0.00, 0.00, 0.00, 1.00, 1.00, 0.00, 0.00, 1.00, 0.00, 0.00, 0.00, 1.00, 1.00, 0.00, 0.00, 0.00
1102,  0,  36.998,  0.98,  1, 0.00, 0.00, 2.27, 0.00, 0.86, 2.22, 0.75, 0.00, 1.49, 1.79, 0.28, 0.00, 0.00, 0.00, 0.25, 0.02, 0.05, 1.00, 0.00, 0.00, 0.00, 0.00, 1.00, 1.00, 0.00, 0.00, 1.00, 0.00, 0.00, 0.00, 1.00, 1.00, 0.00, 0.00, 0.00
1103,  0,  37.032,  0.98,  1, 0.00, 0.00, 2.26, 0.00, 0.91, 2.16, 0.75, 0.00, 1.48, 1.82, 0.26, 0.00, 0.00, 0.00, 0.22, 0.00, 0.15, 1.00, 0.00, 0.00, 0.00, 0.00, 1.00, 1.00, 0.00, 0.00, 1.00, 0.00, 0.00, 0.00, 1.00, 1.00, 0.00, 0.00, 0.00
1104,  0,  37.065,  0.98,  1, 0.00, 0.00, 2.18, 0.00, 0.92, 1.75, 0.64, 0.00, 1.44, 1.84, 0.21, 0.01, 0.00, 0.00, 0.27, 0.03, 0.30, 1.00, 0.00, 0.00, 0.00, 0.00, 1.00, 1.00, 0.00, 0.00, 1.00, 0.00, 0.00, 0.00, 1.00, 0.00, 0.00, 0.00, 0.00
1105,  0,  37.099,  0.98,  1, 0.00, 0.00, 2.05, 0.00, 0.84, 1.64, 0.57, 0.00, 1.40, 1.65, 0.30, 0.03, 0.00, 0.00, 0.26, 0.06, 0.39, 1.00, 0.00, 0.00, 0.00, 0.00, 1.00, 1.00, 0.00, 0.00, 1.00, 0.00, 0.00, 0.00, 1.00, 0.00, 0.00, 0.00, 0.00
1106,  0,  37.132,  0.98,  1, 0.00, 0.00, 1.91, 0.00, 0.78, 1.73, 0.46, 0.00, 1.41, 1.56, 0.32, 0.03, 0.00, 0.00, 0.32, 0.06, 0.28, 1.00, 0.00, 0.00, 0.00, 0.00, 1.00, 1.00, 0.00, 0.00, 1.00, 0.00, 0.00, 0.00, 1.00, 0.00, 0.00, 0.00, 0.00
1107,  0,  37.166,  0.98,  1, 0.00, 0.00, 1.77, 0.05, 0.75, 1.83, 0.52, 0.00, 1.39, 1.55, 0.20, 0.02, 0.00, 0.00, 0.34, 0.03, 0.15, 1.00, 0.00, 0.00, 0.00, 0.00, 1.00, 1.00, 0.00, 0.00, 1.00, 0.00, 0.00, 0.00, 1.00, 0.00, 0.00, 0.00, 0.00
1108,  0,  37.200,  0.98,  1, 0.00, 0.00, 1.77, 0.05, 0.82, 1.91, 0.56, 0.00, 1.39, 1.73, 0.13, 0.00, 0.00, 0.00, 0.49, 0.00, 0.24, 1.00, 0.00, 0.00, 0.00, 0.00, 1.00, 1.00, 0.00, 0.00, 1.00, 0.00, 0.00, 0.00, 1.00, 0.00, 0.00, 0.00, 0.00
1109,  0,  37.233,  0.98,  1, 0.00, 0.00, 1.87, 0.05, 0.81, 1.98, 0.65, 0.00, 1.38, 1.87, 0.05, 0.00, 0.00, 0.00, 0.54, 0.00, 0.32, 1.00, 0.00, 0.00, 0.00, 0.00, 1.00, 1.00, 0.00, 0.00, 1.00, 0.00, 0.00, 0.00, 1.00, 0.00, 0.00, 0.00, 0.00
1110,  0,  37.267,  0.98,  1, 0.00, 0.00, 1.95, 0.13, 0.86, 2.04, 0.68, 0.00, 1.36, 1.88, 0.05, 0.04, 0.00, 0.00, 0.57, 0.14, 0.29, 1.00, 0.00, 0.00, 0.00, 0.00, 1.00, 1.00, 0.00, 0.00, 1.00, 0.00, 0.00, 0.00, 1.00, 0.00, 0.00, 0.00, 0.00
1111,  0,  37.300,  0.98,  1, 0.00, 0.00, 1.92, 0.13, 0.90, 1.95, 0.67, 0.00, 1.34, 1.79, 0.04, 0.04, 0.00, 0.00, 0.50, 0.23, 0.19, 1.00, 0.00, 0.00, 0.00, 0.00, 1.00, 1.00, 0.00, 0.00, 1.00, 0.00, 0.00, 0.00, 1.00, 0.00, 0.00, 0.00, 0.00
1112,  0,  37.334,  0.98,  1, 0.00, 0.00, 1.84, 0.27, 0.96, 1.75, 0.67, 0.00, 1.30, 1.76, 0.09, 0.04, 0.00, 0.00, 0.50, 0.23, 0.22, 1.00, 0.00, 0.00, 0.00, 0.00, 1.00, 1.00, 0.00, 0.00, 1.00, 0.00, 0.00, 0.00, 1.00, 0.00, 0.00, 0.00, 0.00
1113,  0,  37.368,  0.98,  1, 0.00, 0.00, 1.81, 0.23, 0.98, 1.62, 0.66, 0.00, 1.25, 1.73, 0.11, 0.00, 0.00, 0.00, 0.56, 0.11, 0.38, 1.00, 0.00, 0.00, 0.00, 0.00, 1.00, 1.00, 0.00, 0.00, 1.00, 0.00, 0.00, 0.00, 1.00, 0.00, 0.00, 0.00, 0.00
1114,  0,  37.401,  0.98,  1, 0.00, 0.00, 1.79, 0.25, 0.99, 1.58, 0.65, 0.00, 1.20, 1.77, 0.13, 0.00, 0.00, 0.00, 0.54, 0.04, 0.43, 1.00, 0.00, 0.00, 0.00, 0.00, 1.00, 1.00, 0.00, 0.00, 1.00, 0.00, 0.00, 0.00, 1.00, 0.00, 0.00, 0.00, 0.00
1115,  0,  37.435,  0.98,  1, 0.00, 0.00, 1.78, 0.30, 0.99, 1.65, 0.61, 0.00, 1.24, 1.78, 0.09, 0.00, 0.00, 0.00, 0.52, 0.07, 0.32, 1.00, 0.00, 0.00, 0.00, 0.00, 1.00, 1.00, 0.00, 0.00, 1.00, 0.00, 0.00, 0.00, 1.00, 0.00, 0.00, 0.00, 0.00
1116,  0,  37.468,  0.98,  1, 0.00, 0.00, 1.82, 0.28, 0.98, 1.76, 0.59, 0.00, 1.34, 1.79, 0.05, 0.00, 0.00, 0.00, 0.41, 0.06, 0.17, 1.00, 0.00, 0.00, 0.00, 0.00, 1.00, 1.00, 0.00, 0.00, 1.00, 0.00, 0.00, 0.00, 1.00, 0.00, 0.00, 0.00, 0.00
1117,  0,  37.502,  0.98,  1, 0.00, 0.00, 1.89, 0.32, 0.93, 1.78, 0.54, 0.00, 1.45, 1.79, 0.05, 0.00, 0.00, 0.00, 0.47, 0.04, 0.05, 1.00, 0.00, 0.00, 0.00, 0.00, 1.00, 1.00, 0.00, 0.00, 1.00, 0.00, 0.00, 0.00, 1.00, 0.00, 0.00, 0.00, 0.00
1118,  0,  37.536,  0.98,  1, 0.00, 0.00, 1.88, 0.19, 0.90, 1.89, 0.54, 0.00, 1.44, 1.76, 0.05, 0.00, 0.00, 0.00, 0.52, 0.02, 0.06, 1.00, 0.00, 0.00, 0.00, 0.00, 1.00, 1.00, 0.00, 0.00, 1.00, 0.00, 0.00, 0.00, 1.00, 0.00, 0.00, 0.00, 0.00
1119,  0,  37.569,  0.98,  1, 0.00, 0.00, 1.83, 0.18, 0.86, 1.85, 0.55, 0.00, 1.37, 1.67, 0.09, 0.00, 0.00, 0.00, 0.67, 0.00, 0.17, 1.00, 0.00, 0.00, 0.00, 0.00, 1.00, 1.00, 0.00, 0.00, 1.00, 0.00, 0.00, 0.00, 1.00, 0.00, 0.00, 0.00, 0.00
1120,  0,  37.603,  0.98,  1, 0.00, 0.00, 1.75, 0.28, 0.85, 1.92, 0.62, 0.00, 1.34, 1.66, 0.07, 0.00, 0.00, 0.00, 0.67, 0.00, 0.28, 1.00, 0.00, 0.00, 0.00, 0.00, 1.00, 1.00, 0.00, 0.00, 1.00, 0.00, 0.00, 0.00, 1.00, 0.00, 0.00, 0.00, 0.00
1121,  0,  37.636,  0.98,  1, 0.00, 0.00, 1.77, 0.22, 0.84, 1.86, 0.62, 0.00, 1.35, 1.64, 0.16, 0.00, 0.00, 0.00, 0.71, 0.00, 0.35, 1.00, 0.00, 0.00, 0.00, 0.00, 1.00, 1.00, 0.00, 0.00, 1.00, 0.00, 0.00, 0.00, 1.00, 0.00, 0.00, 0.00, 0.00
1122,  0,  37.670,  0.98,  1, 0.00, 0.00, 1.78, 0.22, 0.83, 1.90, 0.61, 0.00, 1.41, 1.75, 0.24, 0.00, 0.00, 0.00, 0.63, 0.00, 0.41, 1.00, 0.00, 0.00, 0.00, 0.00, 1.00, 1.00, 0.00, 0.00, 1.00, 0.00, 0.00, 0.00, 1.00, 0.00, 0.00, 0.00, 0.00
1123,  0,  37.704,  0.98,  1, 0.00, 0.00, 1.87, 0.09, 0.82, 2.01, 0.59, 0.00, 1.42, 1.77, 0.44, 0.00, 0.00, 0.00, 0.66, 0.00, 0.29, 0.00, 0.00, 0.00, 0.00, 0.00, 1.00, 1.00, 0.00, 0.00, 1.00, 0.00, 0.00, 0.00, 1.00, 1.00, 0.00, 0.00, 0.00
1124,  0,  37.737,  0.98,  1, 0.00, 0.00, 1.88, 0.11, 0.75, 1.90, 0.54, 0.00, 1.44, 1.85, 0.51, 0.00, 0.00, 0.00, 0.59, 0.00, 0.26, 0.00, 0.00, 0.00, 0.00, 0.00, 1.00, 1.00, 0.00, 0.00, 1.00, 0.00, 0.00, 0.00, 1.00, 0.00, 0.00, 0.00, 0.00
1125,  0,  37.771,  0.98,  1, 0.00, 0.00, 1.97, 0.09, 0.76, 1.84, 0.49, 0.00, 1.40, 1.76, 0.41, 0.00, 0.00, 0.00, 0.65, 0.08, 0.14, 0.00, 0.00, 0.00, 1.00, 0.00, 1.00, 1.00, 0.00, 0.00, 1.00, 0.00, 0.00, 0.00, 1.00, 0.00, 0.00, 0.00, 0.00
1126,  0,  37.804,  0.98,  1, 0.00, 0.00, 2.02, 0.14, 0.77, 1.77, 0.47, 0.00, 1.40, 1.78, 0.32, 0.00, 0.00, 0.00, 0.62, 0.16, 0.28, 1.00, 0.00, 0.00, 1.00, 0.00, 1.00, 1.00, 0.00, 0.00, 1.00, 0.00, 0.00, 0.00, 1.00, 0.00, 0.00, 0.00, 0.00
1127,  0,  37.838,  0.98,  1, 0.00, 0.00, 1.98, 0.23, 0.77, 1.73, 0.40, 0.00, 1.38, 1.64, 0.16, 0.00, 0.00, 0.00, 0.62, 0.24, 0.37, 1.00, 0.00, 0.00, 1.00, 0.00, 1.00, 1.00, 0.00, 0.00, 1.00, 0.00, 0.00, 0.00, 1.00, 0.00, 0.00, 0.00, 0.00
1128,  0,  37.872,  0.98,  1, 0.00, 0.00, 1.87, 0.20, 0.70, 1.54, 0.41, 0.00, 1.37, 1.81, 0.16, 0.00, 0.00, 0.00, 0.51, 0.16, 0.41, 1.00, 0.00, 0.00, 1.00, 0.00, 1.00, 1.00, 0.00, 0.00, 1.00, 0.00, 0.00, 0.00, 1.00, 0.00, 0.00, 0.00, 0.00
1129,  0,  37.905,  0.98,  1, 0.00, 0.00, 1.71, 0.11, 0.64, 1.38, 0.40, 0.00, 1.37, 1.86, 0.09, 0.01, 0.00, 0.00, 0.51, 0.12, 0.39, 0.00, 0.00, 0.00, 1.00, 0.00, 1.00, 1.00, 0.00, 0.00, 1.00, 0.00, 0.00, 0.00, 1.00, 0.00, 0.00, 0.00, 0.00
1130,  0,  37.939,  0.98,  1, 0.00, 0.00, 1.71, 0.03, 0.63, 1.42, 0.50, 0.00, 1.39, 1.94, 0.17, 0.01, 0.00, 0.00, 0.53, 0.05, 0.27, 0.00, 0.00, 0.00, 1.00, 0.00, 1.00, 1.00, 0.00, 0.00, 1.00, 0.00, 0.00, 0.00, 1.00, 0.00, 0.00, 0.00, 0.00
1131,  0,  37.972,  0.98,  1, 0.00, 0.00, 1.84, 0.05, 0.65, 1.49, 0.56, 0.00, 1.40, 1.80, 0.15, 0.01, 0.00, 0.02, 0.53, 0.20, 0.30, 0.00, 0.00, 0.00, 1.00, 0.00, 1.00, 1.00, 0.00, 0.00, 1.00, 0.00, 0.00, 0.00, 1.00, 0.00, 0.00, 0.00, 0.00
1132,  0,  38.006,  0.98,  1, 0.00, 0.00, 1.90, 0.25, 0.72, 1.51, 0.59, 0.00, 1.40, 1.72, 0.10, 0.00, 0.00, 0.02, 0.57, 0.22, 0.34, 1.00, 0.00, 0.00, 1.00, 0.00, 1.00, 1.00, 0.00, 0.00, 1.00, 0.00, 0.00, 0.00, 1.00, 0.00, 0.00, 0.00, 0.00
1133,  0,  38.040,  0.98,  1, 0.00, 0.00, 1.86, 0.27, 0.80, 1.40, 0.57, 0.00, 1.36, 1.73, 0.08, 0.00, 0.00, 0.02, 0.55, 0.21, 0.45, 0.00, 0.00, 0.00, 0.00, 0.00, 1.00, 1.00, 0.00, 0.00, 1.00, 0.00, 0.00, 0.00, 1.00, 0.00, 0.00, 0.00, 0.00
1134,  0,  38.073,  0.98,  1, 0.00, 0.00, 1.74, 0.46, 0.89, 1.59, 0.51, 0.00, 1.38, 1.77, 0.14, 0.03, 0.00, 0.00, 0.52, 0.06, 0.45, 1.00, 0.00, 0.00, 0.00, 0.00, 1.00, 1.00, 0.00, 0.00, 1.00, 0.00, 0.00, 0.00, 1.00, 0.00, 0.00, 0.00, 0.00
1135,  0,  38.107,  0.98,  1, 0.00, 0.00, 1.75, 0.35, 0.85, 1.69, 0.49, 0.00, 1.35, 1.75, 0.23, 0.03, 0.00, 0.00, 0.44, 0.00, 0.30, 1.00, 0.00, 0.00, 0.00, 0.00, 1.00, 1.00, 0.00, 0.00, 1.00, 0.00, 0.00, 0.00, 1.00, 0.00, 0.00, 0.00, 0.00
1136,  0,  38.140,  0.98,  1, 0.00, 0.00, 1.98, 0.50, 0.84, 2.00, 0.49, 0.00, 1.36, 1.73, 0.18, 0.03, 0.00, 0.00, 0.43, 0.00, 0.24, 0.00, 0.00, 0.00, 0.00, 0.00, 1.00, 1.00, 0.00, 0.00, 1.00, 0.00, 0.00, 0.00, 1.00, 0.00, 0.00, 0.00, 0.00
1137,  0,  38.174,  0.98,  1, 0.00, 0.00, 2.03, 0.46, 0.86, 1.94, 0.55, 0.00, 1.35, 1.65, 0.10, 0.03, 0.00, 0.00, 0.39, 0.00, 0.15, 1.00, 0.00, 0.00, 0.00, 0.00, 1.00, 1.00, 0.00, 0.00, 1.00, 0.00, 0.00, 0.00, 1.00, 1.00, 0.00, 0.00, 0.00
1138,  0,  38.208,  0.98,  1, 0.00, 0.00, 1.91, 0.54, 0.98, 1.78, 0.59, 0.00, 1.34, 1.54, 0.00, 0.07, 0.00, 0.00, 0.25, 0.00, 0.06, 1.00, 0.00, 0.00, 0.00, 0.00, 1.00, 1.00, 0.00, 0.00, 1.00, 0.00, 0.00, 0.00, 1.00, 0.00, 0.00, 0.00, 0.00
