frame, face_id, timestamp, confidence, success, AU01_r, AU02_r, AU04_r, AU05_r, AU06_r, AU07_r, AU09_r, AU10_r, AU12_r, AU14_r, AU15_r, AU17_r, AU20_r, AU23_r, AU25_r, AU26_r, AU45_r, AU01_c, AU02_c, AU04_c, AU05_c, AU06_c, AU07_c, AU09_c, AU10_c, AU12_c, AU14_c, AU15_c, AU17_c, AU20_c, AU23_c, AU25_c, AU26_c, AU28_c, AU45_c
1,  0,  0.000,  0.98,  1, 0.19, 0.00, 1.18, 0.00, 0.22, 1.41, 0.00, 0.69, 0.95, 1.92, 0.00, 0.00, 0.50, 0.37, 0.10, 0.52, 0.37, 0.00, 0.00, 0.00, 0.00, 0.00, 1.00, 0.00, 1.00, 1.00, 1.00, 0.00, 0.00, 0.00, 0.00, 0.00, 0.00, 0.00, 0.00
2,  0,  0.034,  0.98,  1, 0.12, 0.00, 1.11, 0.00, 0.25, 1.54, 0.01, 0.51, 0.96, 1.77, 0.13, 0.00, 0.36, 0.53, 0.14, 0.65, 0.36, 0.00, 0.00, 0.00, 0.00, 0.00, 1.00, 0.00, 1.00, 1.00, 1.00, 0.00, 0.00, 0.00, 0.00, 0.00, 0.00, 0.00, 0.00
3,  0,  0.067,  0.98,  1, 0.18, 0.00, 1.13, 0.00, 0.31, 1.63, 0.01, 0.40, 0.99, 1.64, 0.22, 0.00, 0.32, 0.60, 0.12, 0.67, 0.24, 0.00, 0.00, 0.00, 1.00, 0.00, 1.00, 0.00, 1.00, 1.00, 1.00, 0.00, 0.00, 1.00, 0.00, 0.00, 0.00, 0.00, 0.00
4,  0,  0.101,  0.98,  1, 0.16, 0.00, 1.06, 0.00, 0.35, 1.51, 0.00, 0.46, 1.06, 1.40, 0.23, 0.00, 0.38, 0.55, 0.05, 0.53, 0.15, 0.00, 0.00, 0.00, 1.00, 0.00, 0.00, 0.00, 1.00, 1.00, 1.00, 0.00, 0.00, 0.00, 0.00, 0.00, 0.00, 0.00, 0.00
5,  0,  0.134,  0.98,  1, 0.17, 0.00, 1.11, 0.00, 0.37, 1.37, 0.00, 0.47, 1.08, 1.47, 0.10, 0.01, 0.30, 0.57, 0.08, 0.50, 0.02, 0.00, 0.00, 0.00, 1.00, 0.00, 0.00, 0.00, 1.00, 1.00, 1.00, 0.00, 0.00, 0.00, 0.00, 0.00, 0.00, 0.00, 0.00
6,  0,  0.168,  0.98,  1, 0.05, 0.00, 1.04, 0.00, 0.38, 1.27, 0.00, 0.53, 1.10, 1.52, 0.01, 0.01, 0.24, 0.56, 0.11, 0.39, 0.08, 0.00, 0.00, 0.00, 1.00, 0.00, 0.00, 0.00, 1.00, 1.00, 1.00, 0.00, 0.00, 1.00, 0.00, 0.00, 0.00, 0.00, 0.00
7,  0,  0.202,  0.98,  1, 0.02, 0.00, 1.11, 0.00, 0.44, 1.34, 0.00, 0.45, 1.12, 1.68, 0.00, 0.06, 0.28, 0.58, 0.18, 0.49, 0.06, 0.00, 0.00, 0.00, 1.00, 0.00, 0.00, 0.00, 1.00, 1.00, 1.00, 0.00, 0.00, 1.00, 0.00, 0.00, 0.00, 0.00, 0.00
8,  0,  0.235,  0.98,  1, 0.00, 0.03, 1.12, 0.00, 0.43, 1.48, 0.00, 0.42, 1.09, 1.77, 0.00, 0.05, 0.21, 0.54, 0.27, 0.43, 0.06, 0.00, 0.00, 0.00, 1.00, 0.00, 1.00, 0.00, 1.00, 1.00, 1.00, 0.00, 0.00, 1.00, 0.00, 0.00, 0.00, 0.00, 0.00
9,  0,  0.269,  0.98,  1, 0.00, 0.03, 1.15, 0.00, 0.47, 1.70, 0.00, 0.40, 1.10, 1.75, 0.00, 0.05, 0.25, 0.47, 0.44, 0.43, 0.00, 0.00, 0.00, 0.00, 1.00, 0.00, 1.00, 0.00, 1.00, 1.00, 1.00, 0.00, 0.00, 1.00, 0.00, 0.00, 0.00, 0.00, 1.00
10,  0,  0.302,  0.98,  1, 0.00, 0.03, 1.12, 0.00, 0.46, 1.72, 0.00, 0.44, 1.04, 1.73, 0.00, 0.03, 0.18, 0.44, 0.53, 0.43, 0.10, 0.00, 0.00, 0.00, 1.00, 0.00, 1.00, 0.00, 1.00, 1.00, 1.00, 0.00, 0.00, 1.00, 0.00, 0.00, 0.00, 0.00, 1.00
11,  0,  0.336,  0.98,  1, 0.00, 0.00, 1.14, 0.00, 0.44, 1.79, 0.00, 0.43, 1.02, 1.52, 0.00, 0.08, 0.19, 0.43, 0.53, 0.57, 0.22, 0.00, 0.00, 0.00, 0.00, 0.00, 1.00, 0.00, 1.00, 1.00, 1.00, 0.00, 0.00, 1.00, 0.00, 0.00, 0.00, 0.00, 1.00
12,  0,  0.369,  0.98,  1, 0.00, 0.00, 1.15, 0.00, 0.33, 1.94, 0.00, 0.38, 0.96, 1.48, 0.03, 0.09, 0.20, 0.41, 0.33, 0.75, 0.22, 0.00, 0.00, 0.00, 0.00, 0.00, 1.00, 0.00, 1.00, 1.00, 1.00, 0.00, 0.00, 1.00, 0.00, 0.00, 0.00, 0.00, 1.00
13,  0,  0.403,  0.98,  1, 0.10, 0.10, 1.18, 0.00, 0.20, 1.88, 0.00, 0.33, 0.96, 1.34, 0.04, 0.27, 0.30, 0.36, 0.31, 0.62, 0.42, 0.00, 0.00, 0.00, 0.00, 0.00, 1.00, 0.00, 1.00, 1.00, 1.00, 0.00, 0.00, 1.00, 0.00, 0.00, 0.00, 0.00, 1.00
14,  0,  0.437,  0.98,  1, 0.35, 0.19, 1.37, 0.00, 0.16, 2.03, 0.00, 0.43, 1.02, 1.31, 0.04, 0.39, 0.25, 0.21, 0.24, 0.39, 1.14, 0.00, 1.00, 0.00, 0.00, 0.00, 1.00, 0.00, 1.00, 1.00, 1.00, 0.00, 0.00, 1.00, 0.00, 0.00, 0.00, 0.00, 1.00
15,  0,  0.470,  0.98,  1, 0.68, 0.40, 1.45, 0.00, 0.14, 1.56, 0.00, 0.62, 1.10, 1.32, 0.09, 0.71, 0.37, 0.11, 0.24, 0.25, 2.16, 0.00, 1.00, 0.00, 0.00, 0.00, 0.00, 0.00, 1.00, 1.00, 1.00, 0.00, 0.00, 1.00, 0.00, 0.00, 0.00, 0.00, 1.00
16,  0,  0.504,  0.98,  1, 0.90, 0.61, 1.53, 0.00, 0.14, 1.53, 0.00, 0.65, 1.23, 1.38, 0.13, 1.02, 0.24, 0.00, 0.08, 0.19, 2.90, 0.00, 1.00, 0.00, 0.00, 0.00, 0.00, 0.00, 1.00, 1.00, 1.00, 0.00, 1.00, 1.00, 0.00, 0.00, 0.00, 0.00, 1.00
17,  0,  0.537,  0.98,  1, 1.02, 0.63, 1.52, 0.00, 0.11, 1.40, 0.00, 0.71, 1.27, 1.34, 0.40, 1.27, 0.24, 0.04, 0.00, 0.16, 3.10, 0.00, 1.00, 0.00, 0.00, 0.00, 0.00, 0.00, 1.00, 1.00, 1.00, 0.00, 1.00, 0.00, 0.00, 0.00, 0.00, 0.00, 1.00
18,  0,  0.571,  0.98,  1, 1.16, 0.42, 1.47, 0.00, 0.24, 1.56, 0.00, 0.78, 1.32, 1.40, 0.31, 1.38, 0.00, 0.03, 0.00, 0.05, 2.80, 1.00, 1.00, 0.00, 0.00, 0.00, 0.00, 0.00, 1.00, 1.00, 1.00, 0.00, 1.00, 0.00, 0.00, 0.00, 0.00, 0.00, 1.00
19,  0,  0.605,  0.98,  1, 1.44, 0.15, 1.22, 0.00, 0.29, 1.67, 0.00, 0.94, 1.26, 1.13, 0.35, 1.12, 0.00, 0.03, 0.00, 0.00, 2.44, 1.00, 1.00, 0.00, 0.00, 0.00, 0.00, 0.00, 1.00, 1.00, 1.00, 0.00, 1.00, 0.00, 0.00, 0.00, 0.00, 0.00, 1.00
20,  0,  0.638,  0.98,  1, 1.73, 0.20, 0.83, 0.00, 0.33, 1.33, 0.00, 0.92, 1.27, 0.97, 0.11, 0.80, 0.00, 0.00, 0.07, 0.00, 1.93, 1.00, 1.00, 0.00, 0.00, 0.00, 0.00, 0.00, 0.00, 1.00, 0.00, 0.00, 1.00, 0.00, 0.00, 0.00, 0.00, 0.00, 1.00
21,  0,  0.672,  0.98,  1, 2.16, 0.61, 0.54, 0.00, 0.25, 1.42, 0.00, 0.77, 1.26, 0.50, 0.11, 0.61, 0.00, 0.00, 0.19, 0.00, 1.59, 1.00, 1.00, 0.00, 0.00, 0.00, 0.00, 0.00, 0.00, 1.00, 0.00, 0.00, 1.00, 0.00, 0.00, 0.00, 0.00, 0.00, 1.00
22,  0,  0.705,  0.98,  1, 2.48, 0.80, 0.51, 0.00, 0.17, 1.32, 0.00, 0.70, 1.23, 0.57, 0.13, 0.63, 0.00, 0.00, 0.19, 0.00, 1.21, 1.00, 1.00, 0.00, 0.00, 0.00, 0.00, 0.00, 0.00, 1.00, 0.00, 0.00, 1.00, 0.00, 0.00, 0.00, 0.00, 0.00, 1.00
23,  0,  0.739,  0.98,  1, 2.79, 0.97, 0.46, 0.00, 0.15, 1.45, 0.00, 0.59, 1.16, 0.58, 0.14, 0.76, 0.00, 0.00, 0.20, 0.00, 0.87, 1.00, 1.00, 0.00, 0.00, 0.00, 0.00, 0.00, 0.00, 1.00, 0.00, 0.00, 1.00, 0.00, 0.00, 0.00, 0.00, 0.00, 1.00
24,  0,  0.772,  0.98,  1, 2.85, 0.66, 0.55, 0.00, 0.11, 1.11, 0.00, 0.66, 1.08, 0.80, 0.22, 0.80, 0.00, 0.00, 0.15, 0.03, 0.79, 1.00, 1.00, 0.00, 0.00, 0.00, 0.00, 0.00, 0.00, 1.00, 0.00, 0.00, 1.00, 0.00, 0.00, 0.00, 0.00, 0.00, 1.00
25,  0,  0.806,  0.98,  1, 2.72, 0.63, 0.43, 0.00, 0.10, 0.92, 0.00, 0.58, 0.97, 0.87, 0.13, 0.73, 0.00, 0.00, 0.15, 0.03, 0.65, 1.00, 1.00, 0.00, 0.00, 0.00, 0.00, 0.00, 0.00, 1.00, 0.00, 0.00, 1.00, 0.00, 0.00, 0.00, 0.00, 0.00, 1.00
26,  0,  0.840,  0.98,  1, 2.45, 0.46, 0.41, 0.00, 0.04, 0.89, 0.00, 0.57, 0.96, 0.82, 0.08, 0.87, 0.00, 0.00, 0.14, 0.03, 0.56, 1.00, 1.00, 0.00, 0.00, 0.00, 0.00, 0.00, 0.00, 1.00, 0.00, 0.00, 1.00, 0.00, 0.00, 0.00, 0.00, 0.00, 1.00
27,  0,  0.873,  0.98,  1, 2.08, 0.54, 0.37, 0.00, 0.08, 1.07, 0.00, 0.45, 0.92, 0.61, 0.00, 0.76, 0.00, 0.00, 0.06, 0.00, 0.45, 1.00, 1.00, 0.00, 0.00, 0.00, 0.00, 0.00, 0.00, 1.00, 0.00, 0.00, 1.00, 0.00, 0.00, 0.00, 0.00, 0.00, 1.00
28,  0,  0.907,  0.98,  1, 1.88, 0.48, 0.47, 0.00, 0.08, 1.32, 0.00, 0.35, 0.91, 0.56, 0.06, 0.76, 0.00, 0.00, 0.06, 0.00, 0.52, 1.00, 1.00, 0.00, 0.00, 0.00, 0.00, 0.00, 0.00, 1.00, 0.00, 0.00, 1.00, 0.00, 0.00, 0.00, 0.00, 0.00, 1.00
29,  0,  0.940,  0.98,  1, 1.74, 0.35, 0.50, 0.00, 0.08, 1.40, 0.00, 0.40, 0.85, 0.56, 0.06, 0.70, 0.00, 0.00, 0.00, 0.00, 0.60, 1.00, 1.00, 0.00, 0.00, 0.00, 0.00, 0.00, 0.00, 1.00, 0.00, 0.00, 1.00, 0.00, 0.00, 0.00, 0.00, 0.00, 1.00
30,  0,  0.974,  0.98,  1, 1.76, 0.45, 0.49, 0.00, 0.00, 1.39, 0.00, 0.37, 0.75, 0.55, 0.26, 0.73, 0.00, 0.00, 0.00, 0.00, 0.81, 1.00, 1.00, 0.00, 0.00, 0.00, 0.00, 0.00, 0.00, 1.00, 0.00, 0.00, 1.00, 0.00, 0.00, 0.00, 0.00, 0.00, 1.00
31,  0,  1.008,  0.98,  1, 1.60, 0.31, 0.45, 0.00, 0.00, 1.27, 0.00, 0.34, 0.71, 0.34, 0.20, 0.74, 0.00, 0.00, 0.07, 0.00, 1.01, 1.00, 1.00, 0.00, 0.00, 0.00, 0.00, 0.00, 0.00, 1.00, 0.00, 0.00, 1.00, 0.00, 0.00, 0.00, 0.00, 0.00, 1.00
32,  0,  1.041,  0.98,  1, 1.57, 0.43, 0.48, 0.00, 0.00, 1.28, 0.00, 0.21, 0.71, 0.37, 0.22, 0.82, 0.00, 0.00, 0.07, 0.00, 1.13, 0.00, 1.00, 0.00, 0.00, 0.00, 0.00, 0.00, 0.00, 1.00, 0.00, 0.00, 1.00, 0.00, 0.00, 0.00, 0.00, 0.00, 1.00
33,  0,  1.075,  0.98,  1, 1.38, 0.26, 0.44, 0.00, 0.00, 1.40, 0.00, 0.07, 0.73, 0.29, 0.03, 0.80, 0.00, 0.00, 0.07, 0.00, 1.16, 0.00, 1.00, 0.00, 0.00, 0.00, 0.00, 0.00, 0.00, 1.00, 0.00, 0.00, 1.00, 0.00, 0.00, 0.00, 0.00, 0.00, 1.00
34,  0,  1.108,  0.98,  1, 1.44, 0.62, 0.47, 0.00, 0.00, 1.56, 0.00, 0.06, 0.67, 0.32, 0.12, 0.76, 0.00, 0.00, 0.01, 0.03, 1.32, 0.00, 0.00, 0.00, 0.00, 0.00, 0.00, 0.00, 0.00, 1.00, 0.00, 0.00, 1.00, 0.00, 0.00, 0.00, 0.00, 0.00, 1.00
35,  0,  1.142,  0.98,  1, 1.26, 0.49, 0.39, 0.00, 0.00, 1.62, 0.00, 0.07, 0.66, 0.32, 0.10, 0.37, 0.00, 0.00, 0.06, 0.03, 1.55, 0.00, 0.00, 0.00, 0.00, 0.00, 0.00, 0.00, 0.00, 1.00, 0.00, 0.00, 1.00, 0.00, 0.00, 0.00, 0.00, 0.00, 1.00
36,  0,  1.175,  0.98,  1, 1.20, 0.56, 0.40, 0.00, 0.00, 1.67, 0.00, 0.08, 0.68, 0.44, 0.10, 0.31, 0.00, 0.00, 0.09, 0.03, 1.63, 0.00, 0.00, 0.00, 0.00, 0.00, 0.00, 0.00, 0.00, 1.00, 0.00, 0.00, 0.00, 0.00, 0.00, 0.00, 0.00, 0.00, 1.00
37,  0,  1.209,  0.98,  1, 1.10, 0.47, 0.60, 0.00, 0.03, 1.66, 0.00, 0.06, 0.81, 0.38, 0.00, 0.36, 0.00, 0.00, 0.12, 0.00, 1.58, 0.00, 0.00, 0.00, 0.00, 0.00, 0.00, 0.00, 0.00, 1.00, 0.00, 0.00, 0.00, 0.00, 0.00, 0.00, 0.00, 0.00, 1.00
38,  0,  1.243,  0.98,  1, 1.24, 0.85, 0.74, 0.00, 0.04, 1.95, 0.00, 0.07, 0.75, 0.18, 0.00, 0.53, 0.00, 0.00, 0.10, 0.00, 1.57, 0.00, 0.00, 0.00, 0.00, 0.00, 0.00, 0.00, 0.00, 1.00, 0.00, 0.00, 0.00, 0.00, 0.00, 0.00, 0.00, 0.00, 1.00
39,  0,  1.276,  0.98,  1, 1.20, 0.77, 0.87, 0.00, 0.04, 1.77, 0.00, 0.06, 0.74, 0.10, 0.00, 0.53, 0.00, 0.00, 0.10, 0.00, 1.57, 0.00, 0.00, 0.00, 0.00, 0.00, 0.00, 0.00, 0.00, 1.00, 0.00, 0.00, 0.00, 0.00, 0.00, 0.00, 0.00, 0.00, 1.00
40,  0,  1.310,  0.98,  1, 1.05, 0.49, 0.76, 0.00, 0.01, 1.72, 0.00, 0.07, 0.68, 0.19, 0.00, 0.54, 0.00, 0.00, 0.08, 0.00, 1.64, 0.00, 0.00, 0.00, 0.00, 0.00, 0.00, 0.00, 0.00, 1.00, 0.00, 0.00, 1.00, 0.00, 0.00, 0.00, 0.00, 0.00, 1.00
41,  0,  1.343,  0.98,  1, 0.79, 0.30, 0.74, 0.00, 0.00, 1.60, 0.00, 0.08, 0.82, 0.39, 0.00, 0.62, 0.00, 0.00, 0.08, 0.04, 1.60, 0.00, 0.00, 0.00, 0.00, 0.00, 0.00, 0.00, 0.00, 1.00, 0.00, 0.00, 1.00, 0.00, 0.00, 0.00, 0.00, 0.00, 1.00
42,  0,  1.377,  0.98,  1, 0.74, 0.30, 0.82, 0.00, 0.02, 1.71, 0.00, 0.17, 0.81, 0.52, 0.00, 0.69, 0.00, 0.00, 0.14, 0.04, 1.74, 0.00, 0.00, 0.00, 0.00, 0.00, 0.00, 0.00, 0.00, 1.00, 0.00, 0.00, 1.00, 0.00, 0.00, 0.00, 0.00, 0.00, 1.00
43,  0,  1.411,  0.98,  1, 0.71, 0.32, 0.95, 0.00, 0.02, 1.77, 0.00, 0.18, 0.81, 0.36, 0.00, 0.63, 0.00, 0.00, 0.15, 0.04, 1.65, 0.00, 0.00, 0.00, 0.00, 0.00, 0.00, 0.00, 0.00, 1.00, 0.00, 0.00, 1.00, 0.00, 0.00, 0.00, 0.00, 0.00, 1.00
44,  0,  1.444,  0.98,  1, 0.74, 0.12, 0.95, 0.00, 0.02, 1.52, 0.00, 0.20, 0.68, 0.20, 0.00, 0.60, 0.00, 0.00, 0.24, 0.00, 1.74, 0.00, 0.00, 0.00, 0.00, 0.00, 0.00, 0.00, 0.00, 1.00, 0.00, 0.00, 1.00, 0.00, 0.00, 0.00, 0.00, 0.00, 1.00
45,  0,  1.478,  0.98,  1, 0.75, 0.28, 0.96, 0.00, 0.01, 1.40, 0.00, 0.22, 0.66, 0.15, 0.00, 0.66, 0.00, 0.00, 0.27, 0.04, 1.77, 0.00, 0.00, 0.00, 0.00, 0.00, 0.00, 0.00, 0.00, 1.00, 0.00, 0.00, 1.00, 0.00, 0.00, 0.00, 0.00, 0.00, 1.00
46,  0,  1.511,  0.98,  1, 0.71, 0.42, 0.99, 0.00, 0.01, 1.40, 0.00, 0.20, 0.57, 0.23, 0.00, 0.58, 0.00, 0.00, 0.32, 0.04, 1.82, 0.00, 0.00, 0.00, 0.00, 0.00, 0.00, 0.00, 0.00, 1.00, 0.00, 0.00, 0.00, 0.00, 0.00, 0.00, 0.00, 0.00, 1.00
47,  0,  1.545,  0.98,  1, 0.74, 0.60, 1.16, 0.00, 0.00, 1.44, 0.00, 0.23, 0.58, 0.23, 0.03, 0.56, 0.00, 0.00, 0.21, 0.21, 1.75, 0.00, 0.00, 0.00, 0.00, 0.00, 0.00, 0.00, 0.00, 1.00, 0.00, 0.00, 0.00, 0.00, 0.00, 0.00, 0.00, 0.00, 1.00
48,  0,  1.579,  0.98,  1, 0.63, 0.37, 1.23, 0.00, 0.00, 1.68, 0.00, 0.12, 0.56, 0.12, 0.03, 0.52, 0.00, 0.00, 0.17, 0.18, 1.56, 0.00, 0.00, 0.00, 0.00, 0.00, 0.00, 0.00, 0.00, 1.00, 0.00, 0.00, 0.00, 0.00, 0.00, 0.00, 0.00, 0.00, 1.00
49,  0,  1.612,  0.98,  1, 0.80, 0.57, 1.28, 0.00, 0.00, 1.80, 0.00, 0.12, 0.60, 0.18, 0.04, 0.61, 0.00, 0.00, 0.10, 0.21, 1.53, 0.00, 0.00, 0.00, 0.00, 0.00, 0.00, 0.00, 0.00, 1.00, 0.00, 0.00, 0.00, 0.00, 0.00, 0.00, 0.00, 0.00, 1.00
50,  0,  1.646,  0.98,  1, 0.72, 0.39, 1.18, 0.00, 0.02, 2.11, 0.00, 0.00, 0.64, 0.23, 0.01, 0.55, 0.00, 0.00, 0.23, 0.26, 1.47, 0.00, 0.00, 0.00, 0.00, 0.00, 0.00, 0.00, 0.00, 1.00, 0.00, 0.00, 0.00, 0.00, 0.00, 0.00, 0.00, 0.00, 1.00
51,  0,  1.679,  0.98,  1, 0.80, 0.51, 1.11, 0.00, 0.02, 1.97, 0.00, 0.00, 0.67, 0.23, 0.01, 0.39, 0.00, 0.00, 0.62, 0.45, 1.59, 0.00, 0.00, 0.00, 0.00, 0.00, 0.00, 0.00, 0.00, 1.00, 0.00, 0.00, 0.00, 0.00, 0.00, 0.00, 1.00, 0.00, 1.00
52,  0,  1.713,  0.98,  1, 0.77, 0.28, 1.07, 0.00, 0.02, 1.83, 0.00, 0.00, 0.68, 0.15, 0.00, 0.18, 0.00, 0.00, 0.99, 0.57, 1.53, 0.00, 0.00, 0.00, 0.00, 0.00, 0.00, 0.00, 0.00, 1.00, 0.00, 0.00, 0.00, 0.00, 0.00, 1.00, 1.00, 0.00, 1.00
53,  0,  1.746,  0.98,  1, 0.95, 0.46, 1.16, 0.00, 0.01, 1.79, 0.00, 0.00, 0.60, 0.19, 0.00, 0.06, 0.00, 0.00, 1.17, 0.50, 1.70, 0.00, 0.00, 0.00, 0.00, 0.00, 0.00, 0.00, 0.00, 1.00, 0.00, 0.00, 0.00, 0.00, 0.00, 1.00, 1.00, 0.00, 1.00
54,  0,  1.780,  0.98,  1, 0.91, 0.51, 1.17, 0.00, 0.02, 1.88, 0.00, 0.00, 0.54, 0.26, 0.00, 0.02, 0.00, 0.00, 1.11, 0.42, 1.51, 0.00, 0.00, 0.00, 0.00, 0.00, 0.00, 0.00, 0.00, 1.00, 0.00, 0.00, 0.00, 0.00, 0.00, 1.00, 1.00, 0.00, 1.00
55,  0,  1.814,  0.98,  1, 0.88, 0.62, 1.27, 0.00, 0.02, 1.99, 0.00, 0.00, 0.50, 0.33, 0.00, 0.11, 0.00, 0.00, 0.99, 0.52, 1.58, 0.00, 0.00, 0.00, 0.00, 0.00, 0.00, 0.00, 0.00, 1.00, 0.00, 0.00, 0.00, 0.00, 0.00, 1.00, 1.00, 0.00, 1.00
56,  0,  1.847,  0.98,  1, 0.84, 0.57, 1.25, 0.00, 0.01, 1.92, 0.00, 0.00, 0.53, 0.21, 0.00, 0.20, 0.00, 0.00, 0.84, 0.66, 1.49, 0.00, 0.00, 0.00, 0.00, 0.00, 0.00, 0.00, 0.00, 1.00, 0.00, 0.00, 0.00, 0.00, 0.00, 1.00, 1.00, 0.00, 1.00
57,  0,  1.881,  0.98,  1, 0.91, 0.44, 1.25, 0.00, 0.00, 1.90, 0.00, 0.00, 0.55, 0.22, 0.01, 0.34, 0.00, 0.00, 0.74, 0.88, 1.46, 0.00, 0.00, 0.00, 0.00, 0.00, 0.00, 0.00, 0.00, 1.00, 0.00, 0.00, 0.00, 0.00, 0.00, 1.00, 1.00, 0.00, 1.00
58,  0,  1.914,  0.98,  1, 0.96, 0.46, 1.12, 0.00, 0.00, 1.72, 0.00, 0.00, 0.57, 0.13, 0.01, 0.26, 0.00, 0.00, 0.73, 0.73, 1.43, 0.00, 0.00, 0.00, 0.00, 0.00, 0.00, 0.00, 0.00, 1.00, 0.00, 0.00, 0.00, 0.00, 0.00, 1.00, 1.00, 0.00, 1.00
59,  0,  1.948,  0.98,  1, 0.86, 0.52, 0.99, 0.00, 0.00, 1.48, 0.00, 0.00, 0.53, 0.27, 0.01, 0.29, 0.00, 0.00, 0.71, 0.57, 1.22, 0.00, 0.00, 0.00, 0.00, 0.00, 0.00, 0.00, 0.00, 1.00, 0.00, 0.00, 0.00, 0.00, 0.00, 1.00, 1.00, 0.00, 1.00
60,  0,  1.982,  0.98,  1, 0.85, 0.56, 0.99, 0.00, 0.00, 1.59, 0.00, 0.04, 0.55, 0.18, 0.00, 0.26, 0.00, 0.00, 0.76, 0.41, 1.06, 0.00, 0.00, 0.00, 0.00, 0.00, 0.00, 0.00, 0.00, 1.00, 0.00, 0.00, 0.00, 0.00, 0.00, 1.00, 1.00, 0.00, 1.00
61,  0,  2.015,  0.98,  1, 0.80, 0.47, 0.92, 0.00, 0.00, 1.57, 0.00, 0.03, 0.58, 0.22, 0.00, 0.44, 0.00, 0.00, 0.63, 0.44, 0.84, 0.00, 0.00, 0.00, 0.00, 0.00, 0.00, 0.00, 0.00, 1.00, 0.00, 0.00, 1.00, 0.00, 0.00, 1.00, 1.00, 0.00, 1.00
62,  0,  2.049,  0.98,  1, 0.92, 0.45, 0.88, 0.00, 0.00, 1.68, 0.00, 0.09, 0.61, 0.07, 0.00, 0.55, 0.00, 0.00, 0.74, 0.60, 0.85, 0.00, 0.00, 0.00, 0.00, 0.00, 0.00, 0.00, 0.00, 1.00, 0.00, 0.00, 1.00, 0.00, 0.00, 1.00, 1.00, 0.00, 1.00
63,  0,  2.082,  0.98,  1, 0.86, 0.42, 0.77, 0.00, 0.00, 1.53, 0.00, 0.06, 0.59, 0.17, 0.00, 0.58, 0.00, 0.00, 0.60, 0.61, 0.90, 0.00, 1.00, 0.00, 0.00, 0.00, 0.00, 0.00, 0.00, 1.00, 0.00, 0.00, 1.00, 0.00, 0.00, 1.00, 1.00, 0.00, 1.00
64,  0,  2.116,  0.98,  1, 0.88, 0.44, 0.72, 0.00, 0.00, 1.61, 0.00, 0.06, 0.55, 0.10, 0.00, 0.43, 0.00, 0.00, 0.61, 0.74, 0.81, 0.00, 1.00, 0.00, 0.00, 0.00, 0.00, 0.00, 0.00, 1.00, 0.00, 0.00, 1.00, 0.00, 0.00, 1.00, 1.00, 0.00, 1.00
65,  0,  2.149,  0.98,  1, 0.87, 0.44, 0.59, 0.00, 0.00, 1.57, 0.00, 0.01, 0.52, 0.24, 0.00, 0.32, 0.01, 0.00, 0.66, 0.62, 0.64, 0.00, 1.00, 0.00, 0.00, 0.00, 0.00, 0.00, 0.00, 1.00, 0.00, 0.00, 1.00, 0.00, 0.00, 1.00, 1.00, 0.00, 1.00
66,  0,  2.183,  0.98,  1, 0.95, 0.55, 0.60, 0.00, 0.00, 1.53, 0.00, 0.06, 0.58, 0.26, 0.00, 0.17, 0.01, 0.00, 0.65, 0.51, 0.55, 0.00, 0.00, 0.00, 0.00, 0.00, 0.00, 0.00, 0.00, 1.00, 0.00, 0.00, 1.00, 0.00, 0.00, 1.00, 1.00, 0.00, 1.00
67,  0,  2.217,  0.98,  1, 0.93, 0.44, 0.64, 0.00, 0.00, 1.38, 0.00, 0.11, 0.65, 0.30, 0.00, 0.29, 0.01, 0.00, 0.81, 0.44, 0.37, 0.00, 0.00, 0.00, 0.00, 0.00, 0.00, 0.00, 0.00, 1.00, 0.00, 0.00, 0.00, 0.00, 0.00, 1.00, 1.00, 0.00, 1.00
68,  0,  2.250,  0.98,  1, 0.92, 0.40, 0.78, 0.00, 0.00, 1.36, 0.00, 0.14, 0.70, 0.17, 0.00, 0.31, 0.00, 0.00, 0.76, 0.69, 0.55, 0.00, 0.00, 0.00, 0.00, 0.00, 0.00, 0.00, 0.00, 1.00, 0.00, 0.00, 0.00, 0.00, 0.00, 1.00, 1.00, 0.00, 1.00
69,  0,  2.284,  0.98,  1, 0.99, 0.47, 0.92, 0.00, 0.00, 1.30, 0.00, 0.15, 0.69, 0.08, 0.00, 0.44, 0.00, 0.00, 0.80, 0.76, 0.60, 0.00, 0.00, 0.00, 0.00, 0.00, 0.00, 0.00, 0.00, 1.00, 0.00, 0.00, 0.00, 0.00, 0.00, 1.00, 1.00, 0.00, 1.00
70,  0,  2.317,  0.98,  1, 1.14, 0.54, 0.95, 0.00, 0.00, 1.45, 0.00, 0.10, 0.63, 0.05, 0.00, 0.35, 0.00, 0.00, 0.68, 0.55, 0.85, 0.00, 0.00, 0.00, 0.00, 0.00, 0.00, 0.00, 0.00, 1.00, 0.00, 0.00, 0.00, 0.00, 0.00, 1.00, 1.00, 0.00, 1.00
71,  0,  2.351,  0.98,  1, 1.26, 0.60, 1.00, 0.00, 0.02, 1.36, 0.00, 0.05, 0.69, 0.05, 0.00, 0.44, 0.00, 0.00, 0.53, 0.13, 0.75, 0.00, 0.00, 0.00, 0.00, 0.00, 0.00, 0.00, 0.00, 1.00, 0.00, 0.00, 1.00, 0.00, 0.00, 1.00, 1.00, 0.00, 1.00
72,  0,  2.385,  0.98,  1, 1.27, 0.46, 0.93, 0.00, 0.02, 1.20, 0.00, 0.00, 0.78, 0.05, 0.00, 0.49, 0.00, 0.00, 0.59, 0.00, 0.78, 0.00, 0.00, 0.00, 0.00, 0.00, 0.00, 0.00, 0.00, 1.00, 0.00, 0.00, 0.00, 0.00, 0.00, 0.00, 1.00, 0.00, 1.00
73,  0,  2.418,  0.98,  1, 1.20, 0.53, 0.91, 0.00, 0.02, 0.84, 0.00, 0.06, 0.93, 0.14, 0.00, 0.68, 0.00, 0.00, 0.48, 0.00, 0.70, 0.00, 0.00, 0.00, 0.00, 0.00, 0.00, 0.00, 0.00, 1.00, 0.00, 0.00, 0.00, 0.00, 0.00, 0.00, 1.00, 0.00, 1.00
74,  0,  2.452,  0.98,  1, 1.20, 0.52, 0.93, 0.00, 0.04, 0.76, 0.00, 0.06, 0.97, 0.34, 0.00, 0.54, 0.00, 0.00, 0.39, 0.00, 0.87, 0.00, 0.00, 0.00, 0.00, 0.00, 0.00, 0.00, 0.00, 1.00, 0.00, 0.00, 1.00, 0.00, 0.00, 0.00, 0.00, 0.00, 1.00
75,  0,  2.485,  0.98,  1, 1.21, 0.45, 0.99, 0.00, 0.08, 0.96, 0.00, 0.07, 1.07, 0.50, 0.00, 0.56, 0.02, 0.02, 0.10, 0.00, 0.88, 0.00, 0.00, 0.00, 0.00, 0.00, 0.00, 0.00, 0.00, 1.00, 0.00, 0.00, 1.00, 0.00, 0.00, 0.00, 0.00, 1.00, 1.00
76,  0,  2.519,  0.98,  1, 1.21, 0.32, 0.94, 0.00, 0.16, 1.38, 0.00, 0.09, 1.18, 0.58, 0.16, 0.51, 0.10, 0.11, 0.03, 0.00, 0.98, 0.00, 0.00, 0.00, 0.00, 0.00, 0.00, 0.00, 0.00, 1.00, 0.00, 0.00, 0.00, 0.00, 0.00, 0.00, 0.00, 1.00, 1.00
77,  0,  2.552,  0.98,  1, 1.13, 0.39, 0.81, 0.00, 0.20, 1.29, 0.00, 0.10, 1.31, 0.76, 0.23, 0.41, 0.44, 0.16, 0.05, 0.00, 1.25, 0.00, 0.00, 0.00, 0.00, 0.00, 0.00, 0.00, 0.00, 1.00, 1.00, 0.00, 0.00, 0.00, 0.00, 0.00, 0.00, 1.00, 1.00
78,  0,  2.586,  0.98,  1, 1.05, 0.44, 0.61, 0.00, 0.29, 1.34, 0.00, 0.10, 1.37, 0.75, 0.23, 0.38, 0.67, 0.18, 0.05, 0.00, 1.49, 0.00, 0.00, 0.00, 0.00, 0.00, 0.00, 0.00, 0.00, 1.00, 1.00, 0.00, 0.00, 0.00, 0.00, 0.00, 0.00, 1.00, 1.00
79,  0,  2.620,  0.98,  1, 1.12, 0.56, 0.66, 0.00, 0.32, 1.48, 0.00, 0.02, 1.43, 0.89, 0.08, 0.31, 0.71, 0.09, 0.05, 0.00, 1.75, 0.00, 0.00, 0.00, 0.00, 0.00, 0.00, 0.00, 0.00, 1.00, 0.00, 0.00, 0.00, 0.00, 0.00, 0.00, 0.00, 1.00, 1.00
80,  0,  2.653,  0.98,  1, 1.16, 0.39, 0.80, 0.00, 0.42, 1.65, 0.00, 0.00, 1.40, 0.73, 0.00, 0.46, 0.51, 0.06, 0.00, 0.00, 1.74, 0.00, 0.00, 0.00, 0.00, 0.00, 0.00, 0.00, 0.00, 1.00, 1.00, 0.00, 0.00, 0.00, 0.00, 0.00, 0.00, 1.00, 1.00
81,  0,  2.687,  0.98,  1, 1.13, 0.43, 0.87, 0.00, 0.49, 1.48, 0.00, 0.00, 1.42, 0.77, 0.12, 0.34, 0.49, 0.02, 0.05, 0.00, 1.81, 0.00, 0.00, 0.00, 0.00, 0.00, 0.00, 0.00, 0.00, 1.00, 1.00, 0.00, 0.00, 0.00, 0.00, 0.00, 0.00, 1.00, 1.00
82,  0,  2.720,  0.98,  1, 0.94, 0.39, 0.87, 0.00, 0.56, 1.21, 0.00, 0.03, 1.47, 0.68, 0.12, 0.36, 0.55, 0.02, 0.05, 0.00, 1.95, 0.00, 0.00, 0.00, 0.00, 0.00, 0.00, 0.00, 0.00, 1.00, 1.00, 0.00, 0.00, 0.00, 0.00, 0.00, 0.00, 1.00, 1.00
83,  0,  2.754,  0.98,  1, 0.70, 0.31, 0.69, 0.00, 0.57, 1.53, 0.00, 0.11, 1.46, 0.75, 0.21, 0.24, 0.50, 0.06, 0.07, 0.00, 2.02, 0.00, 0.00, 0.00, 0.00, 0.00, 0.00, 0.00, 0.00, 1.00, 0.00, 0.00, 0.00, 0.00, 0.00, 0.00, 0.00, 1.00, 1.00
84,  0,  2.788,  0.98,  1, 0.67, 0.21, 0.69, 0.00, 0.55, 1.51, 0.00, 0.30, 1.55, 0.61, 0.18, 0.33, 0.40, 0.07, 0.27, 0.00, 2.02, 0.00, 0.00, 0.00, 0.00, 0.00, 0.00, 0.00, 0.00, 1.00, 0.00, 0.00, 0.00, 0.00, 0.00, 0.00, 0.00, 1.00, 1.00
85,  0,  2.821,  0.98,  1, 0.69, 0.15, 0.56, 0.00, 0.53, 1.44, 0.00, 0.37, 1.53, 0.62, 0.18, 0.29, 0.35, 0.08, 0.42, 0.00, 2.00, 0.00, 0.00, 0.00, 0.00, 0.00, 0.00, 0.00, 0.00, 1.00, 0.00, 0.00, 0.00, 0.00, 0.00, 0.00, 0.00, 1.00, 1.00
86,  0,  2.855,  0.98,  1, 0.73, 0.15, 0.58, 0.00, 0.57, 1.39, 0.00, 0.47, 1.66, 0.52, 0.08, 0.40, 0.26, 0.02, 0.55, 0.00, 1.92, 0.00, 0.00, 0.00, 0.00, 0.00, 0.00, 0.00, 0.00, 1.00, 1.00, 0.00, 0.00, 0.00, 0.00, 0.00, 0.00, 1.00, 1.00
87,  0,  2.888,  0.98,  1, 0.74, 0.34, 0.58, 0.00, 0.54, 1.36, 0.00, 0.54, 1.60, 0.79, 0.00, 0.38, 0.20, 0.01, 0.38, 0.00, 1.96, 0.00, 0.00, 0.00, 0.00, 0.00, 0.00, 0.00, 0.00, 1.00, 1.00, 0.00, 0.00, 0.00, 0.00, 0.00, 0.00, 1.00, 1.00
88,  0,  2.922,  0.98,  1, 0.85, 0.39, 0.61, 0.00, 0.53, 1.45, 0.00, 0.71, 1.60, 0.97, 0.23, 0.65, 0.08, 0.04, 0.33, 0.00, 1.80, 0.00, 0.00, 0.00, 0.00, 0.00, 0.00, 0.00, 0.00, 1.00, 1.00, 0.00, 0.00, 0.00, 0.00, 0.00, 0.00, 1.00, 1.00
89,  0,  2.955,  0.98,  1, 1.01, 0.46, 0.63, 0.00, 0.45, 1.36, 0.00, 0.79, 1.48, 1.29, 0.25, 0.67, 0.10, 0.06, 0.30, 0.00, 1.57, 0.00, 0.00, 0.00, 0.00, 0.00, 0.00, 0.00, 0.00, 1.00, 1.00, 0.00, 0.00, 0.00, 0.00, 0.00, 0.00, 0.00, 1.00
90,  0,  2.989,  0.98,  1, 1.09, 0.42, 0.62, 0.00, 0.39, 1.41, 0.00, 0.67, 1.42, 1.28, 0.41, 0.89, 0.13, 0.08, 0.41, 0.00, 1.34, 0.00, 0.00, 0.00, 0.00, 0.00, 0.00, 0.00, 0.00, 1.00, 1.00, 0.00, 1.00, 0.00, 0.00, 0.00, 0.00, 1.00, 1.00
91,  0,  3.023,  0.98,  1, 0.95, 0.32, 0.61, 0.00, 0.34, 1.54, 0.00, 0.61, 1.30, 1.19, 0.23, 0.67, 0.18, 0.03, 0.53, 0.00, 1.13, 0.00, 0.00, 0.00, 0.00, 0.00, 0.00, 0.00, 0.00, 1.00, 1.00, 0.00, 1.00, 0.00, 0.00, 0.00, 0.00, 1.00, 1.00
92,  0,  3.056,  0.98,  1, 0.79, 0.34, 0.74, 0.00, 0.34, 1.42, 0.00, 0.69, 1.31, 0.99, 0.34, 0.90, 0.20, 0.02, 0.56, 0.00, 0.98, 0.00, 0.00, 0.00, 0.00, 0.00, 0.00, 0.00, 0.00, 1.00, 1.00, 0.00, 1.00, 0.00, 0.00, 0.00, 0.00, 1.00, 1.00
93,  0,  3.090,  0.98,  1, 0.73, 0.34, 0.79, 0.00, 0.31, 1.45, 0.00, 0.77, 1.22, 0.96, 0.25, 0.76, 0.12, 0.06, 0.37, 0.00, 0.90, 0.00, 0.00, 0.00, 0.00, 0.00, 0.00, 0.00, 0.00, 1.00, 1.00, 0.00, 1.00, 0.00, 0.00, 0.00, 0.00, 1.00, 1.00
94,  0,  3.123,  0.98,  1, 0.72, 0.27, 0.83, 0.00, 0.34, 1.50, 0.00, 0.70, 1.27, 0.99, 0.24, 1.05, 0.26, 0.06, 0.27, 0.00, 0.72, 0.00, 0.00, 0.00, 0.00, 0.00, 0.00, 0.00, 0.00, 1.00, 1.00, 0.00, 1.00, 0.00, 0.00, 0.00, 0.00, 0.00, 1.00
95,  0,  3.157,  0.98,  1, 0.82, 0.41, 0.73, 0.00, 0.29, 1.33, 0.00, 0.59, 1.28, 1.11, 0.22, 0.93, 0.21, 0.06, 0.10, 0.00, 0.79, 0.00, 0.00, 0.00, 0.00, 0.00, 0.00, 0.00, 0.00, 1.00, 1.00, 0.00, 1.00, 0.00, 0.00, 0.00, 0.00, 0.00, 1.00
96,  0,  3.191,  0.98,  1, 0.72, 0.25, 0.78, 0.00, 0.30, 1.28, 0.00, 0.52, 1.38, 1.06, 0.37, 1.02, 0.18, 0.00, 0.17, 0.00, 0.71, 0.00, 0.00, 0.00, 0.00, 0.00, 0.00, 0.00, 0.00, 1.00, 1.00, 0.00, 1.00, 0.00, 0.00, 0.00, 0.00, 0.00, 1.00
97,  0,  3.224,  0.98,  1, 0.62, 0.25, 0.75, 0.00, 0.20, 1.13, 0.00, 0.64, 1.33, 1.03, 0.36, 0.99, 0.01, 0.00, 0.13, 0.00, 0.88, 0.00, 0.00, 0.00, 0.00, 0.00, 0.00, 0.00, 0.00, 1.00, 1.00, 0.00, 1.00, 0.00, 0.00, 0.00, 0.00, 0.00, 1.00
98,  0,  3.258,  0.98,  1, 0.42, 0.02, 0.82, 0.00, 0.12, 1.36, 0.00, 0.66, 1.23, 0.83, 0.25, 1.08, 0.01, 0.01, 0.13, 0.00, 0.74, 0.00, 0.00, 0.00, 0.00, 0.00, 0.00, 0.00, 0.00, 1.00, 1.00, 0.00, 1.00, 0.00, 0.00, 0.00, 0.00, 0.00, 1.00
99,  0,  3.291,  0.98,  1, 0.48, 0.00, 0.85, 0.00, 0.12, 1.53, 0.00, 0.75, 1.19, 0.89, 0.03, 1.10, 0.01, 0.01, 0.06, 0.00, 0.78, 0.00, 0.00, 0.00, 0.00, 0.00, 0.00, 0.00, 0.00, 1.00, 1.00, 0.00, 1.00, 0.00, 0.00, 0.00, 0.00, 0.00, 1.00
100,  0,  3.325,  0.98,  1, 0.52, 0.00, 0.95, 0.00, 0.15, 1.52, 0.00, 0.73, 1.14, 0.87, 0.10, 1.01, 0.00, 0.01, 0.08, 0.00, 0.69, 0.00, 0.00, 0.00, 0.00, 0.00, 0.00, 0.00, 0.00, 1.00, 0.00, 0.00, 1.00, 0.00, 0.00, 0.00, 0.00, 0.00, 1.00
101,  0,  3.359,  0.98,  1, 0.68, 0.14, 1.05, 0.00, 0.19, 1.63, 0.00, 0.73, 1.15, 0.96, 0.17, 0.98, 0.00, 0.00, 0.12, 0.00, 0.74, 0.00, 0.00, 0.00, 0.00, 0.00, 0.00, 0.00, 0.00, 1.00, 0.00, 0.00, 1.00, 0.00, 0.00, 0.00, 0.00, 0.00, 1.00
102,  0,  3.392,  0.98,  1, 0.64, 0.18, 1.00, 0.00, 0.17, 1.51, 0.00, 0.64, 1.14, 0.81, 0.17, 0.86, 0.00, 0.00, 0.20, 0.00, 0.69, 0.00, 0.00, 0.00, 0.00, 0.00, 0.00, 0.00, 0.00, 1.00, 1.00, 0.00, 1.00, 0.00, 0.00, 0.00, 0.00, 0.00, 1.00
103,  0,  3.426,  0.98,  1, 0.55, 0.18, 1.00, 0.00, 0.13, 1.59, 0.00, 0.69, 1.13, 0.82, 0.08, 0.76, 0.00, 0.00, 0.13, 0.00, 0.59, 0.00, 0.00, 0.00, 0.00, 0.00, 0.00, 0.00, 0.00, 1.00, 0.00, 0.00, 1.00, 0.00, 0.00, 0.00, 0.00, 0.00, 1.00
104,  0,  3.459,  0.98,  1, 0.50, 0.04, 0.92, 0.00, 0.08, 1.54, 0.00, 0.69, 1.10, 0.85, 0.14, 0.64, 0.00, 0.00, 0.08, 0.00, 0.64, 0.00, 0.00, 0.00, 0.00, 0.00, 0.00, 0.00, 0.00, 1.00, 0.00, 0.00, 1.00, 0.00, 0.00, 0.00, 0.00, 0.00, 1.00
105,  0,  3.493,  0.98,  1, 0.57, 0.00, 0.94, 0.00, 0.03, 1.52, 0.00, 0.78, 1.03, 0.98, 0.20, 0.77, 0.00, 0.00, 0.10, 0.00, 0.63, 0.00, 0.00, 0.00, 0.00, 0.00, 0.00, 0.00, 0.00, 1.00, 0.00, 0.00, 1.00, 0.00, 0.00, 0.00, 0.00, 0.00, 1.00
106,  0,  3.526,  0.98,  1, 0.72, 0.00, 0.99, 0.00, 0.01, 1.52, 0.00, 0.70, 1.03, 0.81, 0.21, 0.81, 0.00, 0.00, 0.19, 0.00, 0.76, 0.00, 0.00, 0.00, 0.00, 0.00, 0.00, 0.00, 0.00, 1.00, 0.00, 0.00, 1.00, 0.00, 0.00, 0.00, 0.00, 0.00, 1.00
107,  0,  3.560,  0.98,  1, 0.61, 0.00, 1.00, 0.00, 0.01, 1.59, 0.00, 0.61, 1.02, 0.72, 0.08, 0.83, 0.00, 0.00, 0.22, 0.00, 0.68, 0.00, 0.00, 0.00, 0.00, 0.00, 0.00, 0.00, 0.00, 1.00, 1.00, 0.00, 1.00, 0.00, 0.00, 0.00, 0.00, 0.00, 1.00
108,  0,  3.594,  0.98,  1, 0.45, 0.00, 0.96, 0.00, 0.01, 1.66, 0.00, 0.50, 1.04, 0.80, 0.08, 0.77, 0.00, 0.00, 0.12, 0.00, 0.66, 0.00, 0.00, 0.00, 0.00, 0.00, 0.00, 0.00, 0.00, 1.00, 1.00, 0.00, 1.00, 0.00, 0.00, 0.00, 0.00, 0.00, 0.00
109,  0,  3.627,  0.98,  1, 0.31, 0.00, 0.90, 0.00, 0.00, 1.51, 0.00, 0.40, 1.09, 0.95, 0.05, 0.76, 0.00, 0.00, 0.14, 0.00, 0.55, 0.00, 0.00, 0.00, 0.00, 0.00, 0.00, 0.00, 0.00, 1.00, 0.00, 0.00, 1.00, 0.00, 0.00, 0.00, 0.00, 0.00, 0.00
110,  0,  3.661,  0.98,  1, 0.46, 0.01, 0.93, 0.00, 0.00, 1.31, 0.00, 0.36, 1.14, 1.05, 0.05, 0.78, 0.00, 0.00, 0.16, 0.02, 0.58, 0.00, 0.00, 0.00, 0.00, 0.00, 0.00, 0.00, 0.00, 1.00, 1.00, 0.00, 1.00, 0.00, 0.00, 0.00, 0.00, 0.00, 0.00
111,  0,  3.694,  0.98,  1, 0.50, 0.04, 1.09, 0.00, 0.00, 1.25, 0.00, 0.38, 1.14, 0.93, 0.07, 0.81, 0.00, 0.00, 0.23, 0.02, 0.49, 0.00, 0.00, 0.00, 0.00, 0.00, 0.00, 0.00, 0.00, 1.00, 1.00, 0.00, 1.00, 0.00, 0.00, 0.00, 0.00, 0.00, 0.00
112,  0,  3.728,  0.98,  1, 0.54, 0.04, 1.22, 0.00, 0.06, 1.50, 0.00, 0.40, 1.05, 0.88, 0.14, 0.72, 0.00, 0.00, 0.12, 0.02, 0.42, 0.00, 0.00, 0.00, 0.00, 0.00, 0.00, 0.00, 0.00, 1.00, 1.00, 0.00, 1.00, 0.00, 0.00, 0.00, 0.00, 0.00, 0.00
113,  0,  3.762,  0.98,  1, 0.41, 0.08, 1.13, 0.00, 0.07, 1.59, 0.00, 0.41, 1.01, 0.77, 0.28, 0.64, 0.00, 0.00, 0.07, 0.00, 0.21, 0.00, 0.00, 0.00, 0.00, 0.00, 0.00, 0.00, 0.00, 1.00, 1.00, 0.00, 1.00, 0.00, 0.00, 0.00, 0.00, 0.00, 0.00
114,  0,  3.795,  0.98,  1, 0.33, 0.05, 0.97, 0.00, 0.07, 1.74, 0.00, 0.39, 0.96, 0.76, 0.30, 0.35, 0.00, 0.00, 0.05, 0.00, 0.23, 0.00, 0.00, 0.00, 0.00, 0.00, 0.00, 0.00, 0.00, 1.00, 0.00, 0.00, 0.00, 0.00, 0.00, 0.00, 0.00, 0.00, 0.00
115,  0,  3.829,  0.98,  1, 0.29, 0.05, 0.75, 0.00, 0.01, 1.45, 0.00, 0.35, 0.99, 0.66, 0.28, 0.29, 0.00, 0.00, 0.11, 0.00, 0.17, 0.00, 0.00, 0.00, 0.00, 0.00, 0.00, 0.00, 0.00, 1.00, 0.00, 0.00, 0.00, 0.00, 0.00, 0.00, 0.00, 0.00, 0.00
116,  0,  3.862,  0.98,  1, 0.29, 0.00, 0.84, 0.00, 0.00, 1.50, 0.00, 0.43, 1.03, 0.70, 0.19, 0.30, 0.00, 0.00, 0.11, 0.00, 0.28, 0.00, 0.00, 0.00, 0.00, 0.00, 0.00, 0.00, 0.00, 1.00, 0.00, 0.00, 0.00, 0.00, 0.00, 0.00, 0.00, 0.00, 0.00
117,  0,  3.896,  0.98,  1, 0.20, 0.04, 0.88, 0.00, 0.00, 1.39, 0.00, 0.40, 1.09, 0.61, 0.25, 0.40, 0.03, 0.00, 0.06, 0.00, 0.29, 0.00, 0.00, 0.00, 0.00, 0.00, 0.00, 0.00, 0.00, 1.00, 0.00, 0.00, 0.00, 0.00, 0.00, 0.00, 0.00, 0.00, 0.00
118,  0,  3.929,  0.98,  1, 0.21, 0.04, 1.00, 0.00, 0.04, 1.55, 0.00, 0.44, 1.11, 0.64, 0.32, 0.51, 0.03, 0.00, 0.07, 0.00, 0.34, 0.00, 0.00, 0.00, 0.00, 0.00, 0.00, 0.00, 0.00, 1.00, 0.00, 0.00, 0.00, 0.00, 0.00, 0.00, 0.00, 0.00, 0.00
119,  0,  3.963,  0.98,  1, 0.21, 0.04, 0.92, 0.00, 0.06, 1.46, 0.00, 0.48, 1.11, 0.75, 0.35, 0.44, 0.07, 0.00, 0.09, 0.00, 0.30, 0.00, 0.00, 0.00, 0.00, 0.00, 0.00, 0.00, 0.00, 1.00, 0.00, 0.00, 0.00, 0.00, 0.00, 0.00, 0.00, 0.00, 0.00
120,  0,  3.997,  0.98,  1, 0.45, 0.07, 1.01, 0.00, 0.06, 1.51, 0.00, 0.63, 1.13, 0.93, 0.32, 0.60, 0.03, 0.00, 0.09, 0.00, 0.17, 0.00, 0.00, 0.00, 0.00, 0.00, 0.00, 0.00, 0.00, 1.00, 0.00, 0.00, 0.00, 0.00, 0.00, 0.00, 0.00, 0.00, 0.00
121,  0,  4.030,  0.98,  1, 0.44, 0.07, 1.00, 0.00, 0.03, 1.37, 0.00, 0.74, 1.09, 0.94, 0.31, 0.52, 0.03, 0.00, 0.02, 0.00, 0.14, 0.00, 0.00, 0.00, 0.00, 0.00, 0.00, 0.00, 0.00, 1.00, 1.00, 0.00, 0.00, 0.00, 0.00, 0.00, 0.00, 0.00, 0.00
122,  0,  4.064,  0.98,  1, 0.45, 0.07, 0.96, 0.00, 0.01, 1.31, 0.00, 0.59, 1.09, 0.87, 0.32, 0.62, 0.00, 0.00, 0.00, 0.00, 0.08, 0.00, 0.00, 0.00, 0.00, 0.00, 0.00, 0.00, 0.00, 1.00, 1.00, 0.00, 0.00, 0.00, 0.00, 0.00, 0.00, 0.00, 0.00
123,  0,  4.097,  0.98,  1, 0.39, 0.00, 0.88, 0.00, 0.01, 1.28, 0.00, 0.46, 1.06, 0.85, 0.29, 0.54, 0.02, 0.00, 0.00, 0.00, 0.34, 0.00, 0.00, 0.00, 0.00, 0.00, 0.00, 0.00, 0.00, 1.00, 1.00, 0.00, 0.00, 0.00, 0.00, 0.00, 0.00, 0.00, 0.00
124,  0,  4.131,  0.98,  1, 0.43, 0.00, 0.84, 0.00, 0.02, 1.31, 0.00, 0.37, 1.06, 0.78, 0.19, 0.58, 0.02, 0.00, 0.07, 0.00, 0.50, 0.00, 0.00, 0.00, 0.00, 0.00, 0.00, 0.00, 0.00, 1.00, 1.00, 0.00, 0.00, 0.00, 0.00, 0.00, 0.00, 0.00, 1.00
125,  0,  4.165,  0.98,  1, 0.49, 0.00, 0.99, 0.00, 0.04, 1.33, 0.00, 0.43, 1.09, 0.88, 0.12, 0.39, 0.02, 0.00, 0.08, 0.00, 0.86, 0.00, 0.00, 0.00, 0.00, 0.00, 0.00, 0.00, 0.00, 1.00, 1.00, 0.00, 0.00, 0.00, 0.00, 0.00, 0.00, 0.00, 1.00
126,  0,  4.198,  0.98,  1, 0.46, 0.00, 1.04, 0.00, 0.10, 1.50, 0.00, 0.50, 1.11, 0.90, 0.06, 0.32, 0.00, 0.00, 0.08, 0.00, 0.86, 0.00, 0.00, 0.00, 0.00, 0.00, 0.00, 0.00, 0.00, 1.00, 1.00, 0.00, 0.00, 0.00, 0.00, 0.00, 0.00, 0.00, 1.00
127,  0,  4.232,  0.98,  1, 0.48, 0.00, 1.14, 0.00, 0.14, 1.66, 0.00, 0.66, 1.12, 1.05, 0.12, 0.27, 0.00, 0.00, 0.02, 0.00, 0.88, 0.00, 0.00, 0.00, 0.00, 0.00, 0.00, 0.00, 0.00, 1.00, 1.00, 0.00, 0.00, 0.00, 0.00, 0.00, 0.00, 0.00, 1.00
128,  0,  4.265,  0.98,  1, 0.41, 0.03, 1.02, 0.00, 0.16, 1.79, 0.00, 0.61, 1.04, 1.00, 0.12, 0.38, 0.00, 0.00, 0.12, 0.00, 0.57, 0.00, 0.00, 0.00, 0.00, 0.00, 0.00, 0.00, 0.00, 1.00, 1.00, 0.00, 0.00, 0.00, 0.00, 0.00, 0.00, 0.00, 1.00
129,  0,  4.299,  0.98,  1, 0.36, 0.03, 1.01, 0.00, 0.15, 1.68, 0.00, 0.56, 1.02, 0.97, 0.15, 0.42, 0.00, 0.00, 0.18, 0.00, 0.52, 0.00, 0.00, 0.00, 0.00, 0.00, 0.00, 0.00, 0.00, 1.00, 1.00, 0.00, 0.00, 0.00, 0.00, 0.00, 0.00, 0.00, 1.00
130,  0,  4.332,  0.98,  1, 0.35, 0.06, 0.95, 0.00, 0.17, 1.74, 0.00, 0.47, 1.03, 0.87, 0.10, 0.55, 0.00, 0.00, 0.26, 0.03, 0.57, 0.00, 0.00, 0.00, 0.00, 0.00, 0.00, 0.00, 0.00, 1.00, 1.00, 0.00, 0.00, 0.00, 0.00, 0.00, 0.00, 0.00, 1.00
131,  0,  4.366,  0.98,  1, 0.32, 0.03, 0.99, 0.00, 0.20, 1.84, 0.00, 0.46, 1.09, 0.71, 0.16, 0.67, 0.00, 0.00, 0.17, 0.03, 0.76, 0.00, 0.00, 0.00, 0.00, 0.00, 0.00, 0.00, 0.00, 1.00, 1.00, 0.00, 0.00, 0.00, 0.00, 0.00, 0.00, 0.00, 1.00
132,  0,  4.400,  0.98,  1, 0.27, 0.03, 1.00, 0.00, 0.26, 1.96, 0.00, 0.47, 1.13, 0.61, 0.15, 0.67, 0.00, 0.00, 0.18, 0.03, 0.64, 0.00, 0.00, 0.00, 0.00, 0.00, 0.00, 0.00, 0.00, 1.00, 1.00, 0.00, 0.00, 0.00, 0.00, 0.00, 0.00, 0.00, 1.00
133,  0,  4.433,  0.98,  1, 0.21, 0.00, 1.02, 0.00, 0.27, 1.90, 0.00, 0.37, 1.14, 0.57, 0.14, 0.65, 0.00, 0.00, 0.14, 0.06, 0.47, 0.00, 0.00, 0.00, 0.00, 0.00, 0.00, 0.00, 0.00, 1.00, 1.00, 0.00, 0.00, 0.00, 0.00, 0.00, 0.00, 0.00, 1.00
134,  0,  4.467,  0.98,  1, 0.14, 0.00, 1.06, 0.00, 0.32, 1.70, 0.00, 0.57, 1.18, 0.60, 0.04, 0.50, 0.00, 0.00, 0.22, 0.06, 0.22, 0.00, 0.00, 0.00, 0.00, 0.00, 0.00, 0.00, 0.00, 1.00, 1.00, 0.00, 0.00, 0.00, 0.00, 0.00, 0.00, 0.00, 1.00
135,  0,  4.500,  0.98,  1, 0.10, 0.00, 1.08, 0.00, 0.35, 1.52, 0.00, 0.58, 1.19, 0.66, 0.08, 0.44, 0.00, 0.00, 0.14, 0.06, 0.12, 0.00, 0.00, 0.00, 0.00, 0.00, 0.00, 0.00, 0.00, 1.00, 0.00, 0.00, 0.00, 0.00, 0.00, 0.00, 0.00, 0.00, 0.00
136,  0,  4.534,  0.98,  1, 0.01, 0.00, 1.09, 0.00, 0.36, 1.41, 0.00, 0.72, 1.22, 0.68, 0.08, 0.22, 0.00, 0.00, 0.19, 0.00, 0.00, 0.00, 0.00, 0.00, 0.00, 0.00, 0.00, 0.00, 0.00, 1.00, 0.00, 0.00, 0.00, 0.00, 0.00, 0.00, 0.00, 0.00, 0.00
137,  0,  4.568,  0.98,  1, 0.00, 0.00, 1.09, 0.00, 0.35, 1.59, 0.00, 0.53, 1.16, 0.71, 0.09, 0.19, 0.00, 0.00, 0.14, 0.00, 0.08, 0.00, 0.00, 0.00, 0.00, 0.00, 0.00, 0.00, 0.00, 1.00, 0.00, 0.00, 0.00, 0.00, 0.00, 0.00, 0.00, 0.00, 0.00
138,  0,  4.601,  0.98,  1, 0.00, 0.00, 1.05, 0.00, 0.28, 1.63, 0.00, 0.53, 1.12, 0.64, 0.10, 0.28, 0.00, 0.00, 0.23, 0.00, 0.16, 0.00, 0.00, 0.00, 0.00, 0.00, 0.00, 0.00, 0.00, 1.00, 0.00, 0.00, 0.00, 0.00, 0.00, 0.00, 0.00, 0.00, 0.00
139,  0,  4.635,  0.98,  1, 0.00, 0.00, 0.93, 0.00, 0.25, 1.68, 0.00, 0.56, 1.05, 0.61, 0.21, 0.44, 0.00, 0.00, 0.17, 0.00, 0.22, 0.00, 0.00, 0.00, 0.00, 0.00, 0.00, 0.00, 0.00, 1.00, 0.00, 0.00, 0.00, 0.00, 0.00, 0.00, 0.00, 0.00, 0.00
140,  0,  4.668,  0.98,  1, 0.05, 0.00, 0.91, 0.00, 0.19, 1.65, 0.00, 0.56, 1.03, 0.50, 0.28, 0.59, 0.00, 0.00, 0.13, 0.00, 0.32, 0.00, 0.00, 0.00, 0.00, 0.00, 0.00, 0.00, 0.00, 1.00, 0.00, 0.00, 0.00, 0.00, 0.00, 0.00, 0.00, 0.00, 1.00
141,  0,  4.702,  0.98,  1, 0.05, 0.00, 0.90, 0.00, 0.14, 1.66, 0.00, 0.50, 1.01, 0.44, 0.20, 0.63, 0.00, 0.00, 0.07, 0.00, 0.37, 0.00, 0.00, 0.00, 0.00, 0.00, 0.00, 0.00, 0.00, 1.00, 0.00, 0.00, 0.00, 0.00, 0.00, 0.00, 0.00, 0.00, 1.00
142,  0,  4.736,  0.98,  1, 0.10, 0.00, 0.98, 0.00, 0.13, 1.71, 0.00, 0.36, 1.03, 0.52, 0.17, 0.56, 0.04, 0.00, 0.03, 0.00, 0.38, 0.00, 0.00, 0.00, 0.00, 0.00, 0.00, 0.00, 0.00, 1.00, 0.00, 0.00, 0.00, 0.00, 0.00, 0.00, 0.00, 0.00, 1.00
143,  0,  4.769,  0.98,  1, 0.05, 0.00, 0.86, 0.00, 0.15, 1.67, 0.00, 0.31, 0.99, 0.66, 0.24, 0.36, 0.08, 0.00, 0.04, 0.00, 0.32, 0.00, 0.00, 0.00, 0.00, 0.00, 0.00, 0.00, 0.00, 1.00, 0.00, 0.00, 0.00, 0.00, 0.00, 0.00, 0.00, 0.00, 0.00
144,  0,  4.803,  0.98,  1, 0.05, 0.00, 0.80, 0.00, 0.19, 1.62, 0.00, 0.32, 0.93, 0.80, 0.38, 0.16, 0.13, 0.00, 0.02, 0.00, 0.19, 0.00, 0.00, 0.00, 1.00, 0.00, 0.00, 0.00, 0.00, 1.00, 0.00, 0.00, 0.00, 0.00, 0.00, 0.00, 0.00, 0.00, 0.00
145,  0,  4.836,  0.98,  1, 0.00, 0.00, 0.75, 0.00, 0.19, 1.62, 0.00, 0.28, 0.91, 0.80, 0.56, 0.16, 0.09, 0.00, 0.01, 0.00, 0.12, 0.00, 0.00, 0.00, 1.00, 0.00, 0.00, 0.00, 0.00, 1.00, 0.00, 0.00, 0.00, 0.00, 0.00, 0.00, 0.00, 0.00, 0.00
146,  0,  4.870,  0.98,  1, 0.00, 0.00, 0.77, 0.00, 0.17, 1.53, 0.00, 0.33, 0.87, 0.79, 0.53, 0.22, 0.05, 0.00, 0.00, 0.00, 0.00, 0.00, 0.00, 0.00, 1.00, 0.00, 0.00, 0.00, 0.00, 1.00, 0.00, 0.00, 0.00, 0.00, 0.00, 0.00, 0.00, 0.00, 0.00
147,  0,  4.903,  0.98,  1, 0.00, 0.00, 0.77, 0.00, 0.16, 1.50, 0.00, 0.27, 0.83, 0.78, 0.50, 0.34, 0.00, 0.00, 0.00, 0.00, 0.00, 0.00, 0.00, 0.00, 1.00, 0.00, 0.00, 0.00, 0.00, 1.00, 1.00, 0.00, 0.00, 0.00, 0.00, 0.00, 0.00, 0.00, 0.00
148,  0,  4.937,  0.98,  1, 0.00, 0.00, 0.74, 0.00, 0.12, 1.45, 0.00, 0.32, 0.83, 0.69, 0.24, 0.28, 0.00, 0.00, 0.00, 0.00, 0.00, 0.00, 0.00, 0.00, 1.00, 0.00, 0.00, 0.00, 0.00, 1.00, 1.00, 0.00, 0.00, 0.00, 0.00, 0.00, 0.00, 0.00, 0.00
149,  0,  4.971,  0.98,  1, 0.00, 0.00, 0.76, 0.00, 0.10, 1.52, 0.00, 0.37, 0.87, 0.62, 0.11, 0.30, 0.00, 0.00, 0.00, 0.00, 0.00, 0.00, 0.00, 0.00, 1.00, 0.00, 0.00, 0.00, 0.00, 1.00, 1.00, 0.00, 0.00, 0.00, 0.00, 0.00, 0.00, 0.00, 0.00
150,  0,  5.004,  0.98,  1, 0.00, 0.00, 0.77, 0.00, 0.07, 1.61, 0.00, 0.46, 0.88, 0.53, 0.01, 0.19, 0.00, 0.00, 0.00, 0.00, 0.00, 0.00, 0.00, 0.00, 1.00, 0.00, 0.00, 0.00, 0.00, 1.00, 1.00, 0.00, 0.00, 0.00, 0.00, 0.00, 0.00, 0.00, 0.00
151,  0,  5.038,  0.98,  1, 0.00, 0.00, 0.79, 0.00, 0.10, 1.61, 0.00, 0.52, 0.86, 0.41, 0.09, 0.12, 0.00, 0.00, 0.00, 0.00, 0.00, 0.00, 0.00, 0.00, 1.00, 0.00, 0.00, 0.00, 0.00, 1.00, 1.00, 0.00, 0.00, 0.00, 0.00, 0.00, 0.00, 0.00, 0.00
152,  0,  5.071,  0.98,  1, 0.00, 0.00, 0.76, 0.00, 0.13, 1.60, 0.00, 0.56, 0.84, 0.31, 0.16, 0.02, 0.00, 0.00, 0.04, 0.00, 0.00, 0.00, 0.00, 0.00, 1.00, 0.00, 0.00, 0.00, 0.00, 1.00, 1.00, 0.00, 0.00, 0.00, 0.00, 0.00, 0.00, 0.00, 0.00
153,  0,  5.105,  0.98,  1, 0.00, 0.00, 0.77, 0.00, 0.16, 1.59, 0.00, 0.61, 0.87, 0.37, 0.15, 0.01, 0.00, 0.00, 0.11, 0.02, 0.00, 0.00, 0.00, 0.00, 1.00, 0.00, 0.00, 0.00, 0.00, 1.00, 1.00, 0.00, 0.00, 0.00, 0.00, 0.00, 0.00, 0.00, 0.00
154,  0,  5.139,  0.98,  1, 0.00, 0.00, 0.76, 0.00, 0.15, 1.44, 0.00, 0.58, 0.86, 0.50, 0.06, 0.01, 0.00, 0.00, 0.11, 0.02, 0.00, 0.00, 0.00, 0.00, 1.00, 0.00, 0.00, 0.00, 0.00, 1.00, 1.00, 0.00, 0.00, 0.00, 0.00, 0.00, 0.00, 0.00, 0.00
155,  0,  5.172,  0.98,  1, 0.00, 0.00, 0.78, 0.00, 0.13, 1.41, 0.00, 0.52, 0.81, 0.57, 0.00, 0.01, 0.00, 0.00, 0.07, 0.02, 0.00, 0.00, 0.00, 0.00, 1.00, 0.00, 0.00, 0.00, 0.00, 1.00, 1.00, 0.00, 0.00, 0.00, 0.00, 0.00, 0.00, 0.00, 0.00
156,  0,  5.206,  0.98,  1, 0.00, 0.00, 0.73, 0.00, 0.13, 1.36, 0.00, 0.41, 0.79, 0.53, 0.01, 0.03, 0.01, 0.00, 0.00, 0.00, 0.00, 0.00, 0.00, 0.00, 1.00, 0.00, 0.00, 0.00, 0.00, 1.00, 1.00, 0.00, 0.00, 0.00, 0.00, 0.00, 0.00, 0.00, 0.00
157,  0,  5.239,  0.98,  1, 0.00, 0.00, 0.72, 0.00, 0.15, 1.51, 0.00, 0.35, 0.82, 0.54, 0.01, 0.04, 0.01, 0.00, 0.01, 0.00, 0.00, 0.00, 0.00, 0.00, 1.00, 0.00, 0.00, 0.00, 0.00, 1.00, 1.00, 0.00, 0.00, 0.00, 0.00, 0.00, 0.00, 0.00, 0.00
158,  0,  5.273,  0.98,  1, 0.00, 0.00, 0.75, 0.00, 0.18, 1.52, 0.00, 0.37, 0.89, 0.55, 0.01, 0.04, 0.01, 0.00, 0.05, 0.00, 0.00, 0.00, 0.00, 0.00, 1.00, 0.00, 0.00, 0.00, 0.00, 1.00, 1.00, 0.00, 0.00, 0.00, 0.00, 0.00, 0.00, 0.00, 0.00
159,  0,  5.306,  0.98,  1, 0.04, 0.00, 0.74, 0.00, 0.16, 1.58, 0.00, 0.43, 0.95, 0.56, 0.02, 0.06, 0.00, 0.00, 0.05, 0.00, 0.00, 0.00, 0.00, 0.00, 1.00, 0.00, 0.00, 0.00, 0.00, 1.00, 1.00, 0.00, 0.00, 0.00, 0.00, 0.00, 0.00, 0.00, 0.00
160,  0,  5.340,  0.98,  1, 0.11, 0.00, 0.68, 0.00, 0.12, 1.55, 0.00, 0.45, 0.97, 0.55, 0.04, 0.04, 0.00, 0.00, 0.04, 0.00, 0.00, 0.00, 0.00, 0.00, 1.00, 0.00, 0.00, 0.00, 0.00, 1.00, 1.00, 0.00, 0.00, 0.00, 0.00, 0.00, 0.00, 0.00, 0.00
161,  0,  5.374,  0.98,  1, 0.24, 0.00, 0.65, 0.00, 0.09, 1.56, 0.00, 0.41, 0.98, 0.56, 0.10, 0.09, 0.00, 0.00, 0.00, 0.00, 0.00, 0.00, 0.00, 0.00, 1.00, 0.00, 0.00, 0.00, 0.00, 1.00, 1.00, 0.00, 0.00, 0.00, 0.00, 0.00, 0.00, 0.00, 0.00
162,  0,  5.407,  0.98,  1, 0.28, 0.00, 0.74, 0.00, 0.12, 1.64, 0.00, 0.36, 0.95, 0.53, 0.15, 0.09, 0.00, 0.00, 0.02, 0.00, 0.02, 0.00, 0.00, 0.00, 1.00, 0.00, 0.00, 0.00, 0.00, 1.00, 1.00, 0.00, 0.00, 0.00, 0.00, 0.00, 0.00, 0.00, 0.00
163,  0,  5.441,  0.98,  1, 0.30, 0.00, 0.90, 0.00, 0.16, 1.67, 0.00, 0.29, 0.93, 0.60, 0.16, 0.15, 0.00, 0.00, 0.05, 0.00, 0.02, 0.00, 0.00, 0.00, 1.00, 0.00, 0.00, 0.00, 0.00, 1.00, 1.00, 0.00, 0.00, 0.00, 0.00, 0.00, 0.00, 0.00, 0.00
164,  0,  5.474,  0.98,  1, 0.25, 0.00, 0.98, 0.00, 0.18, 1.76, 0.00, 0.28, 0.90, 0.64, 0.14, 0.12, 0.00, 0.00, 0.06, 0.01, 0.05, 0.00, 0.00, 0.00, 1.00, 0.00, 0.00, 0.00, 0.00, 1.00, 1.00, 0.00, 0.00, 0.00, 0.00, 0.00, 0.00, 0.00, 0.00
165,  0,  5.508,  0.98,  1, 0.29, 0.00, 1.05, 0.00, 0.17, 1.69, 0.00, 0.32, 0.85, 0.77, 0.08, 0.14, 0.00, 0.00, 0.04, 0.03, 0.03, 0.00, 0.00, 0.00, 1.00, 0.00, 0.00, 0.00, 0.00, 1.00, 1.00, 0.00, 0.00, 0.00, 0.00, 0.00, 0.00, 0.00, 0.00
166,  0,  5.542,  0.98,  1, 0.26, 0.00, 1.03, 0.00, 0.15, 1.62, 0.00, 0.37, 0.86, 0.68, 0.04, 0.13, 0.00, 0.00, 0.03, 0.06, 0.03, 0.00, 0.00, 0.00, 1.00, 0.00, 0.00, 0.00, 0.00, 1.00, 1.00, 0.00, 0.00, 0.00, 0.00, 0.00, 0.00, 0.00, 0.00
167,  0,  5.575,  0.98,  1, 0.19, 0.00, 1.02, 0.00, 0.17, 1.61, 0.00, 0.37, 0.90, 0.67, 0.00, 0.11, 0.00, 0.00, 0.03, 0.16, 0.07, 0.00, 0.00, 0.00, 1.00, 0.00, 0.00, 0.00, 0.00, 1.00, 1.00, 0.00, 0.00, 0.00, 0.00, 0.00, 0.00, 0.00, 0.00
168,  0,  5.609,  0.98,  1, 0.15, 0.00, 1.01, 0.00, 0.17, 1.78, 0.00, 0.37, 0.95, 0.57, 0.00, 0.06, 0.00, 0.00, 0.03, 0.17, 0.07, 0.00, 0.00, 0.00, 1.00, 0.00, 0.00, 0.00, 0.00, 1.00, 1.00, 0.00, 0.00, 0.00, 0.00, 0.00, 0.00, 0.00, 0.00
169,  0,  5.642,  0.98,  1, 0.21, 0.00, 0.99, 0.00, 0.19, 1.88, 0.00, 0.41, 0.94, 0.63, 0.00, 0.01, 0.00, 0.00, 0.00, 0.14, 0.09, 0.00, 0.00, 0.00, 1.00, 0.00, 0.00, 0.00, 0.00, 1.00, 1.00, 0.00, 0.00, 0.00, 0.00, 0.00, 0.00, 0.00, 0.00
170,  0,  5.676,  0.98,  1, 0.31, 0.00, 1.01, 0.00, 0.22, 2.01, 0.00, 0.45, 0.95, 0.62, 0.00, 0.00, 0.00, 0.00, 0.00, 0.03, 0.03, 0.00, 0.00, 0.00, 1.00, 0.00, 0.00, 0.00, 0.00, 1.00, 1.00, 0.00, 0.00, 0.00, 0.00, 0.00, 0.00, 0.00, 0.00
171,  0,  5.709,  0.98,  1, 0.32, 0.00, 0.97, 0.00, 0.27, 1.91, 0.00, 0.43, 0.98, 0.60, 0.00, 0.00, 0.00, 0.00, 0.00, 0.01, 0.03, 0.00, 0.00, 0.00, 1.00, 0.00, 0.00, 0.00, 0.00, 1.00, 1.00, 0.00, 0.00, 0.00, 0.00, 0.00, 0.00, 0.00, 0.00
172,  0,  5.743,  0.98,  1, 0.22, 0.00, 0.95, 0.00, 0.29, 1.89, 0.00, 0.49, 0.99, 0.55, 0.00, 0.00, 0.00, 0.00, 0.00, 0.01, 0.00, 0.00, 0.00, 0.00, 1.00, 0.00, 0.00, 0.00, 0.00, 1.00, 1.00, 0.00, 0.00, 0.00, 0.00, 0.00, 0.00, 0.00, 0.00
173,  0,  5.777,  0.98,  1, 0.18, 0.00, 0.97, 0.00, 0.27, 1.87, 0.00, 0.52, 0.96, 0.56, 0.00, 0.01, 0.00, 0.00, 0.00, 0.01, 0.00, 0.00, 0.00, 0.00, 1.00, 0.00, 0.00, 0.00, 0.00, 1.00, 1.00, 0.00, 0.00, 0.00, 0.00, 0.00, 0.00, 0.00, 0.00
174,  0,  5.810,  0.98,  1, 0.09, 0.00, 0.95, 0.00, 0.24, 1.75, 0.00, 0.55, 0.93, 0.61, 0.00, 0.02, 0.00, 0.00, 0.07, 0.00, 0.00, 0.00, 0.00, 0.00, 1.00, 0.00, 0.00, 0.00, 0.00, 1.00, 1.00, 0.00, 0.00, 0.00, 0.00, 0.00, 0.00, 0.00, 0.00
175,  0,  5.844,  0.98,  1, 0.07, 0.00, 0.88, 0.00, 0.24, 1.77, 0.00, 0.52, 0.94, 0.55, 0.00, 0.04, 0.00, 0.00, 0.12, 0.00, 0.00, 0.00, 0.00, 0.00, 1.00, 0.00, 0.00, 0.00, 0.00, 1.00, 1.00, 0.00, 0.00, 0.00, 0.00, 0.00, 0.00, 0.00, 0.00
176,  0,  5.877,  0.98,  1, 0.00, 0.00, 0.78, 0.00, 0.20, 1.58, 0.00, 0.48, 0.93, 0.55, 0.00, 0.05, 0.00, 0.00, 0.12, 0.01, 0.00, 0.00, 0.00, 0.00, 1.00, 0.00, 0.00, 0.00, 0.00, 1.00, 1.00, 0.00, 0.00, 0.00, 0.00, 0.00, 0.00, 0.00, 0.00
177,  0,  5.911,  0.98,  1, 0.00, 0.00, 0.70, 0.00, 0.18, 1.62, 0.00, 0.46, 0.90, 0.51, 0.00, 0.09, 0.00, 0.00, 0.07, 0.09, 0.00, 0.00, 0.00, 0.00, 1.00, 0.00, 0.00, 0.00, 0.00, 1.00, 1.00, 0.00, 0.00, 0.00, 0.00, 0.00, 0.00, 0.00, 0.00
178,  0,  5.945,  0.98,  1, 0.00, 0.00, 0.74, 0.00, 0.21, 1.56, 0.00, 0.41, 0.86, 0.67, 0.00, 0.08, 0.00, 0.00, 0.02, 0.12, 0.03, 0.00, 0.00, 0.00, 1.00, 0.00, 0.00, 0.00, 0.00, 1.00, 1.00, 0.00, 0.00, 0.00, 0.00, 0.00, 0.00, 0.00, 0.00
179,  0,  5.978,  0.98,  1, 0.00, 0.00, 0.75, 0.00, 0.20, 1.64, 0.00, 0.42, 0.88, 0.70, 0.00, 0.08, 0.00, 0.00, 0.02, 0.16, 0.06, 0.00, 0.00, 0.00, 1.00, 0.00, 0.00, 0.00, 0.00, 1.00, 1.00, 0.00, 0.00, 0.00, 0.00, 0.00, 0.00, 0.00, 0.00
180,  0,  6.012,  0.98,  1, 0.00, 0.00, 0.85, 0.00, 0.20, 1.51, 0.00, 0.40, 0.91, 0.72, 0.04, 0.12, 0.00, 0.00, 0.00, 0.07, 0.06, 0.00, 0.00, 0.00, 1.00, 0.00, 0.00, 0.00, 0.00, 1.00, 1.00, 0.00, 0.00, 0.00, 0.00, 0.00, 0.00, 0.00, 0.00
181,  0,  6.045,  0.98,  1, 0.00, 0.00, 0.91, 0.00, 0.17, 1.52, 0.00, 0.41, 0.98, 0.57, 0.04, 0.16, 0.00, 0.00, 0.00, 0.09, 0.03, 0.00, 0.00, 0.00, 1.00, 0.00, 0.00, 0.00, 0.00, 1.00, 1.00, 0.00, 0.00, 0.00, 0.00, 0.00, 0.00, 0.00, 0.00
182,  0,  6.079,  0.98,  1, 0.00, 0.00, 0.99, 0.00, 0.19, 1.35, 0.00, 0.41, 0.98, 0.52, 0.04, 0.21, 0.00, 0.00, 0.00, 0.05, 0.02, 0.00, 0.00, 0.00, 1.00, 0.00, 0.00, 0.00, 0.00, 1.00, 1.00, 0.00, 0.00, 0.00, 0.00, 0.00, 0.00, 0.00, 0.00
183,  0,  6.112,  0.98,  1, 0.00, 0.00, 1.00, 0.00, 0.23, 1.41, 0.00, 0.39, 0.99, 0.46, 0.02, 0.16, 0.00, 0.00, 0.00, 0.05, 0.02, 0.00, 0.00, 0.00, 1.00, 0.00, 0.00, 0.00, 0.00, 1.00, 1.00, 0.00, 0.00, 0.00, 0.00, 0.00, 0.00, 0.00, 0.00
184,  0,  6.146,  0.98,  1, 0.00, 0.00, 0.99, 0.00, 0.24, 1.40, 0.00, 0.38, 0.96, 0.50, 0.07, 0.11, 0.00, 0.00, 0.00, 0.00, 0.02, 0.00, 0.00, 0.00, 1.00, 0.00, 0.00, 0.00, 0.00, 1.00, 1.00, 0.00, 0.00, 0.00, 0.00, 0.00, 0.00, 0.00, 0.00
185,  0,  6.180,  0.98,  1, 0.00, 0.00, 0.92, 0.00, 0.21, 1.46, 0.00, 0.35, 0.93, 0.52, 0.07, 0.06, 0.00, 0.00, 0.00, 0.00, 0.00, 0.00, 0.00, 0.00, 1.00, 0.00, 0.00, 0.00, 0.00, 1.00, 1.00, 0.00, 0.00, 0.00, 0.00, 0.00, 0.00, 0.00, 0.00
186,  0,  6.213,  0.98,  1, 0.01, 0.00, 0.81, 0.00, 0.17, 1.54, 0.00, 0.35, 0.88, 0.56, 0.05, 0.03, 0.00, 0.00, 0.00, 0.00, 0.00, 0.00, 0.00, 0.00, 1.00, 0.00, 0.00, 0.00, 0.00, 1.00, 1.00, 0.00, 0.00, 0.00, 0.00, 0.00, 0.00, 0.00, 0.00
187,  0,  6.247,  0.98,  1, 0.01, 0.00, 0.67, 0.00, 0.14, 1.49, 0.00, 0.31, 0.83, 0.61, 0.04, 0.08, 0.00, 0.00, 0.00, 0.00, 0.00, 0.00, 0.00, 0.00, 1.00, 0.00, 0.00, 0.00, 0.00, 1.00, 1.00, 0.00, 0.00, 0.00, 0.00, 0.00, 0.00, 0.00, 0.00
188,  0,  6.280,  0.98,  1, 0.01, 0.00, 0.55, 0.00, 0.17, 1.49, 0.00, 0.27, 0.80, 0.68, 0.12, 0.09, 0.00, 0.00, 0.00, 0.00, 0.00, 0.00, 0.00, 0.00, 1.00, 0.00, 0.00, 0.00, 0.00, 1.00, 1.00, 0.00, 0.00, 0.00, 0.00, 0.00, 0.00, 0.00, 0.00
189,  0,  6.314,  0.98,  1, 0.00, 0.00, 0.54, 0.00, 0.19, 1.43, 0.00, 0.29, 0.82, 0.72, 0.19, 0.14, 0.00, 0.00, 0.00, 0.00, 0.00, 0.00, 0.00, 0.00, 1.00, 0.00, 0.00, 0.00, 0.00, 1.00, 1.00, 0.00, 0.00, 0.00, 0.00, 0.00, 0.00, 0.00, 0.00
190,  0,  6.348,  0.98,  1, 0.00, 0.00, 0.60, 0.00, 0.20, 1.35, 0.00, 0.32, 0.82, 0.69, 0.15, 0.16, 0.00, 0.00, 0.03, 0.00, 0.00, 0.00, 0.00, 0.00, 1.00, 0.00, 0.00, 0.00, 0.00, 1.00, 1.00, 0.00, 0.00, 0.00, 0.00, 0.00, 0.00, 0.00, 0.00
191,  0,  6.381,  0.98,  1, 0.00, 0.00, 0.76, 0.00, 0.19, 1.41, 0.00, 0.27, 0.81, 0.66, 0.06, 0.13, 0.00, 0.00, 0.09, 0.00, 0.06, 0.00, 0.00, 0.00, 1.00, 0.00, 0.00, 0.00, 0.00, 1.00, 1.00, 0.00, 0.00, 0.00, 0.00, 0.00, 0.00, 0.00, 0.00
192,  0,  6.415,  0.98,  1, 0.00, 0.00, 0.85, 0.00, 0.22, 1.50, 0.00, 0.21, 0.80, 0.66, 0.00, 0.12, 0.00, 0.00, 0.09, 0.00, 0.06, 0.00, 0.00, 0.00, 1.00, 0.00, 0.00, 0.00, 0.00, 1.00, 1.00, 0.00, 0.00, 0.00, 0.00, 0.00, 0.00, 0.00, 0.00
193,  0,  6.448,  0.98,  1, 0.00, 0.00, 0.86, 0.00, 0.24, 1.48, 0.00, 0.17, 0.84, 0.63, 0.00, 0.06, 0.00, 0.00, 0.07, 0.00, 0.06, 0.00, 0.00, 0.00, 1.00, 0.00, 0.00, 0.00, 0.00, 1.00, 1.00, 0.00, 0.00, 0.00, 0.00, 0.00, 0.00, 0.00, 0.00
194,  0,  6.482,  0.98,  1, 0.00, 0.00, 0.79, 0.00, 0.23, 1.39, 0.00, 0.23, 0.87, 0.63, 0.00, 0.12, 0.00, 0.00, 0.00, 0.00, 0.00, 0.00, 0.00, 0.00, 1.00, 0.00, 0.00, 0.00, 0.00, 1.00, 1.00, 0.00, 0.00, 0.00, 0.00, 0.00, 0.00, 0.00, 0.00
195,  0,  6.516,  0.98,  1, 0.06, 0.00, 0.66, 0.00, 0.22, 1.34, 0.00, 0.26, 0.93, 0.66, 0.08, 0.22, 0.00, 0.00, 0.01, 0.06, 0.00, 0.00, 0.00, 0.00, 1.00, 0.00, 0.00, 0.00, 0.00, 1.00, 1.00, 0.00, 0.00, 0.00, 0.00, 0.00, 0.00, 0.00, 0.00
196,  0,  6.549,  0.98,  1, 0.26, 0.00, 0.73, 0.00, 0.15, 1.51, 0.00, 0.26, 0.94, 0.71, 0.11, 0.24, 0.00, 0.00, 0.05, 0.06, 0.16, 0.00, 0.00, 0.00, 1.00, 0.00, 0.00, 0.00, 0.00, 1.00, 1.00, 0.00, 0.00, 0.00, 0.00, 0.00, 0.00, 0.00, 0.00
197,  0,  6.583,  0.98,  1, 0.44, 0.00, 0.78, 0.00, 0.13, 1.72, 0.00, 0.27, 0.99, 0.78, 0.11, 0.18, 0.00, 0.00, 0.05, 0.07, 0.35, 0.00, 0.00, 0.00, 1.00, 0.00, 0.00, 0.00, 0.00, 1.00, 1.00, 0.00, 0.00, 0.00, 0.00, 0.00, 0.00, 0.00, 1.00
198,  0,  6.616,  0.98,  1, 0.57, 0.00, 0.94, 0.00, 0.10, 1.77, 0.00, 0.31, 0.98, 0.82, 0.02, 0.10, 0.00, 0.00, 0.05, 0.02, 0.56, 0.00, 0.00, 0.00, 1.00, 0.00, 0.00, 0.00, 0.00, 1.00, 1.00, 0.00, 0.00, 0.00, 0.00, 0.00, 0.00, 0.00, 1.00
199,  0,  6.650,  0.98,  1, 0.40, 0.00, 0.92, 0.00, 0.14, 1.73, 0.00, 0.29, 1.01, 0.87, 0.00, 0.09, 0.00, 0.00, 0.01, 0.02, 0.64, 0.00, 0.00, 0.00, 1.00, 0.00, 0.00, 0.00, 0.00, 1.00, 1.00, 0.00, 0.00, 0.00, 0.00, 0.00, 0.00, 0.00, 1.00
200,  0,  6.683,  0.98,  1, 0.30, 0.00, 0.93, 0.00, 0.17, 1.58, 0.00, 0.28, 1.03, 0.80, 0.00, 0.14, 0.00, 0.00, 0.01, 0.04, 0.67, 0.00, 0.00, 0.00, 1.00, 0.00, 0.00, 0.00, 0.00, 1.00, 1.00, 0.00, 0.00, 0.00, 0.00, 0.00, 0.00, 0.00, 1.00
201,  0,  6.717,  0.98,  1, 0.17, 0.00, 0.90, 0.00, 0.20, 1.52, 0.00, 0.29, 1.04, 0.84, 0.00, 0.09, 0.00, 0.00, 0.00, 0.03, 0.59, 0.00, 0.00, 0.00, 1.00, 0.00, 0.00, 0.00, 0.00, 1.00, 1.00, 0.00, 0.00, 0.00, 0.00, 0.00, 0.00, 0.00, 1.00
202,  0,  6.751,  0.98,  1, 0.24, 0.00, 0.94, 0.00, 0.26, 1.65, 0.00, 0.43, 1.03, 0.84, 0.00, 0.11, 0.00, 0.00, 0.00, 0.03, 0.49, 0.00, 0.00, 0.00, 1.00, 0.00, 0.00, 0.00, 0.00, 1.00, 1.00, 0.00, 0.00, 0.00, 0.00, 0.00, 0.00, 0.00, 1.00
203,  0,  6.784,  0.98,  1, 0.25, 0.00, 0.94, 0.00, 0.30, 1.89, 0.00, 0.49, 1.01, 0.82, 0.00, 0.21, 0.00, 0.00, 0.00, 0.00, 0.46, 0.00, 0.00, 0.00, 1.00, 0.00, 0.00, 0.00, 0.00, 1.00, 1.00, 0.00, 0.00, 0.00, 0.00, 0.00, 0.00, 0.00, 1.00
204,  0,  6.818,  0.98,  1, 0.25, 0.00, 0.91, 0.00, 0.33, 1.97, 0.00, 0.48, 0.99, 0.71, 0.00, 0.32, 0.00, 0.00, 0.00, 0.00, 0.51, 0.00, 0.00, 0.00, 1.00, 0.00, 0.00, 0.00, 0.00, 1.00, 1.00, 0.00, 0.00, 0.00, 0.00, 0.00, 0.00, 0.00, 1.00
205,  0,  6.851,  0.98,  1, 0.23, 0.04, 0.87, 0.00, 0.32, 1.84, 0.00, 0.40, 0.99, 0.71, 0.00, 0.39, 0.00, 0.00, 0.02, 0.00, 0.60, 0.00, 0.00, 0.00, 1.00, 0.00, 0.00, 0.00, 0.00, 1.00, 1.00, 0.00, 0.00, 0.00, 0.00, 0.00, 0.00, 0.00, 1.00
206,  0,  6.885,  0.98,  1, 0.18, 0.04, 0.88, 0.00, 0.34, 1.77, 0.00, 0.41, 1.01, 0.78, 0.00, 0.33, 0.00, 0.00, 0.02, 0.00, 0.69, 0.00, 0.00, 0.00, 1.00, 0.00, 0.00, 0.00, 0.00, 1.00, 1.00, 0.00, 0.00, 0.00, 0.00, 0.00, 0.00, 0.00, 1.00
207,  0,  6.919,  0.98,  1, 0.14, 0.04, 0.94, 0.00, 0.34, 1.83, 0.00, 0.44, 1.03, 0.81, 0.00, 0.29, 0.00, 0.00, 0.02, 0.00, 0.69, 0.00, 0.00, 0.00, 1.00, 0.00, 0.00, 0.00, 0.00, 1.00, 1.00, 0.00, 0.00, 0.00, 0.00, 0.00, 0.00, 0.00, 1.00
208,  0,  6.952,  0.98,  1, 0.13, 0.00, 0.92, 0.00, 0.34, 1.85, 0.00, 0.46, 1.02, 0.85, 0.00, 0.25, 0.00, 0.00, 0.00, 0.01, 0.56, 0.00, 0.00, 0.00, 1.00, 0.00, 0.00, 0.00, 0.00, 1.00, 1.00, 0.00, 0.00, 0.00, 0.00, 0.00, 0.00, 0.00, 1.00
209,  0,  6.986,  0.98,  1, 0.14, 0.00, 0.83, 0.00, 0.34, 1.73, 0.00, 0.43, 0.99, 0.86, 0.00, 0.25, 0.00, 0.00, 0.00, 0.01, 0.44, 0.00, 0.00, 0.00, 1.00, 0.00, 0.00, 0.00, 0.00, 1.00, 1.00, 0.00, 0.00, 0.00, 0.00, 0.00, 0.00, 0.00, 1.00
210,  0,  7.019,  0.98,  1, 0.18, 0.00, 0.87, 0.00, 0.35, 1.78, 0.00, 0.34, 0.97, 0.89, 0.03, 0.28, 0.00, 0.00, 0.00, 0.01, 0.37, 0.00, 0.00, 0.00, 1.00, 0.00, 0.00, 0.00, 0.00, 1.00, 1.00, 0.00, 0.00, 0.00, 0.00, 0.00, 0.00, 0.00, 1.00
211,  0,  7.053,  0.98,  1, 0.14, 0.00, 0.87, 0.00, 0.33, 1.87, 0.00, 0.36, 0.98, 0.90, 0.03, 0.19, 0.00, 0.00, 0.00, 0.00, 0.30, 0.00, 0.00, 0.00, 0.00, 0.00, 0.00, 0.00, 0.00, 1.00, 1.00, 0.00, 0.00, 0.00, 0.00, 0.00, 0.00, 0.00, 1.00
212,  0,  7.086,  0.98,  1, 0.11, 0.00, 0.89, 0.00, 0.34, 1.82, 0.00, 0.35, 0.97, 0.83, 0.05, 0.12, 0.00, 0.00, 0.00, 0.06, 0.19, 0.00, 0.00, 0.00, 0.00, 0.00, 0.00, 0.00, 0.00, 1.00, 1.00, 0.00, 0.00, 0.00, 0.00, 0.00, 0.00, 0.00, 1.00
213,  0,  7.120,  0.98,  1, 0.03, 0.00, 0.73, 0.00, 0.30, 1.77, 0.00, 0.44, 0.99, 0.75, 0.04, 0.19, 0.00, 0.00, 0.00, 0.06, 0.08, 0.00, 0.00, 0.00, 0.00, 0.00, 0.00, 0.00, 0.00, 1.00, 1.00, 0.00, 0.00, 0.00, 0.00, 0.00, 0.00, 0.00, 1.00
214,  0,  7.154,  0.98,  1, 0.03, 0.00, 0.64, 0.00, 0.30, 1.84, 0.00, 0.34, 0.99, 0.70, 0.04, 0.26, 0.00, 0.00, 0.00, 0.07, 0.05, 0.00, 0.00, 0.00, 0.00, 0.00, 0.00, 0.00, 0.00, 1.00, 1.00, 0.00, 0.00, 0.00, 0.00, 0.00, 0.00, 0.00, 1.00
215,  0,  7.187,  0.98,  1, 0.02, 0.00, 0.65, 0.00, 0.27, 2.07, 0.00, 0.34, 1.00, 0.70, 0.02, 0.23, 0.00, 0.00, 0.00, 0.01, 0.02, 0.00, 0.00, 0.00, 0.00, 0.00, 0.00, 0.00, 0.00, 1.00, 1.00, 0.00, 0.00, 0.00, 0.00, 0.00, 0.00, 0.00, 1.00
216,  0,  7.221,  0.98,  1, 0.02, 0.00, 0.73, 0.00, 0.24, 2.21, 0.00, 0.33, 0.97, 0.80, 0.00, 0.15, 0.00, 0.00, 0.02, 0.04, 0.08, 0.00, 0.00, 0.00, 0.00, 0.00, 0.00, 0.00, 0.00, 1.00, 1.00, 0.00, 0.00, 0.00, 0.00, 0.00, 0.00, 0.00, 1.00
217,  0,  7.254,  0.98,  1, 0.00, 0.00, 0.81, 0.00, 0.24, 2.26, 0.00, 0.48, 0.95, 0.73, 0.03, 0.11, 0.00, 0.00, 0.02, 0.03, 0.12, 0.00, 0.00, 0.00, 0.00, 0.00, 0.00, 0.00, 0.00, 1.00, 1.00, 0.00, 0.00, 0.00, 0.00, 0.00, 0.00, 0.00, 1.00
218,  0,  7.288,  0.98,  1, 0.00, 0.00, 0.81, 0.00, 0.25, 2.20, 0.00, 0.58, 0.93, 0.74, 0.03, 0.11, 0.00, 0.00, 0.03, 0.03, 0.10, 0.00, 0.00, 0.00, 0.00, 0.00, 0.00, 0.00, 0.00, 1.00, 1.00, 0.00, 0.00, 0.00, 0.00, 0.00, 0.00, 0.00, 1.00
219,  0,  7.322,  0.98,  1, 0.00, 0.00, 0.77, 0.00, 0.30, 1.98, 0.00, 0.63, 0.95, 0.64, 0.03, 0.12, 0.00, 0.00, 0.01, 0.00, 0.03, 0.00, 0.00, 0.00, 1.00, 0.00, 0.00, 0.00, 0.00, 1.00, 1.00, 0.00, 0.00, 0.00, 0.00, 0.00, 0.00, 0.00, 1.00
220,  0,  7.355,  0.98,  1, 0.02, 0.00, 0.83, 0.00, 0.28, 1.83, 0.00, 0.58, 0.98, 0.70, 0.00, 0.18, 0.00, 0.00, 0.07, 0.00, 0.04, 0.00, 0.00, 0.00, 0.00, 0.00, 0.00, 0.00, 0.00, 1.00, 1.00, 0.00, 0.00, 0.00, 0.00, 0.00, 0.00, 0.00, 1.00
221,  0,  7.389,  0.98,  1, 0.02, 0.00, 0.92, 0.00, 0.24, 1.85, 0.00, 0.51, 1.00, 0.81, 0.00, 0.24, 0.00, 0.00, 0.08, 0.03, 0.04, 0.00, 0.00, 0.00, 0.00, 0.00, 0.00, 0.00, 0.00, 1.00, 1.00, 0.00, 0.00, 0.00, 0.00, 0.00, 0.00, 0.00, 1.00
222,  0,  7.422,  0.98,  1, 0.02, 0.00, 0.98, 0.00, 0.25, 1.86, 0.00, 0.41, 0.99, 0.83, 0.00, 0.16, 0.00, 0.00, 0.16, 0.06, 0.04, 0.00, 0.00, 0.00, 0.00, 0.00, 0.00, 0.00, 0.00, 1.00, 1.00, 0.00, 0.00, 0.00, 0.00, 0.00, 0.00, 0.00, 1.00
223,  0,  7.456,  0.98,  1, 0.00, 0.00, 0.97, 0.00, 0.26, 1.86, 0.00, 0.34, 0.98, 0.88, 0.00, 0.07, 0.00, 0.00, 0.11, 0.11, 0.05, 0.00, 0.00, 0.00, 0.00, 0.00, 0.00, 0.00, 0.00, 1.00, 1.00, 0.00, 0.00, 0.00, 0.00, 0.00, 0.00, 0.00, 1.00
224,  0,  7.489,  0.98,  1, 0.00, 0.00, 0.96, 0.00, 0.25, 1.85, 0.00, 0.29, 0.98, 0.79, 0.00, 0.01, 0.00, 0.00, 0.08, 0.14, 0.05, 0.00, 0.00, 0.00, 1.00, 0.00, 0.00, 0.00, 0.00, 1.00, 1.00, 0.00, 0.00, 0.00, 0.00, 0.00, 0.00, 0.00, 1.00
225,  0,  7.523,  0.98,  1, 0.00, 0.00, 1.04, 0.00, 0.24, 2.06, 0.00, 0.32, 0.99, 0.81, 0.00, 0.03, 0.00, 0.00, 0.06, 0.11, 0.05, 0.00, 0.00, 0.00, 1.00, 0.00, 0.00, 0.00, 0.00, 1.00, 1.00, 0.00, 0.00, 0.00, 0.00, 0.00, 0.00, 0.00, 1.00
226,  0,  7.557,  0.98,  1, 0.00, 0.00, 1.01, 0.00, 0.26, 2.14, 0.00, 0.42, 1.02, 0.80, 0.00, 0.11, 0.00, 0.00, 0.09, 0.07, 0.00, 0.00, 0.00, 0.00, 1.00, 0.00, 0.00, 0.00, 0.00, 1.00, 1.00, 0.00, 0.00, 0.00, 0.00, 0.00, 0.00, 0.00, 1.00
227,  0,  7.590,  0.98,  1, 0.00, 0.00, 0.97, 0.00, 0.35, 2.12, 0.00, 0.51, 1.03, 0.81, 0.00, 0.13, 0.00, 0.00, 0.12, 0.01, 0.00, 0.00, 0.00, 0.00, 1.00, 0.00, 0.00, 0.00, 0.00, 1.00, 1.00, 0.00, 0.00, 0.00, 0.00, 0.00, 0.00, 0.00, 1.00
228,  0,  7.624,  0.98,  1, 0.00, 0.00, 0.89, 0.00, 0.39, 1.92, 0.00, 0.57, 1.02, 0.83, 0.00, 0.20, 0.00, 0.00, 0.07, 0.01, 0.00, 0.00, 0.00, 0.00, 1.00, 0.00, 0.00, 0.00, 0.00, 1.00, 1.00, 0.00, 0.00, 0.00, 0.00, 0.00, 0.00, 0.00, 1.00
229,  0,  7.657,  0.98,  1, 0.00, 0.00, 0.89, 0.00, 0.41, 1.81, 0.00, 0.53, 0.99, 0.78, 0.00, 0.19, 0.00, 0.00, 0.04, 0.00, 0.05, 0.00, 0.00, 0.00, 1.00, 0.00, 0.00, 0.00, 0.00, 1.00, 1.00, 0.00, 0.00, 0.00, 0.00, 0.00, 0.00, 0.00, 1.00
230,  0,  7.691,  0.98,  1, 0.00, 0.00, 0.80, 0.00, 0.37, 1.75, 0.00, 0.54, 0.97, 0.76, 0.00, 0.22, 0.00, 0.00, 0.00, 0.00, 0.09, 0.00, 0.00, 0.00, 1.00, 0.00, 0.00, 0.00, 0.00, 1.00, 1.00, 0.00, 0.00, 0.00, 0.00, 0.00, 0.00, 0.00, 1.00
231,  0,  7.725,  0.98,  1, 0.00, 0.00, 0.74, 0.00, 0.34, 1.76, 0.00, 0.53, 0.97, 0.70, 0.00, 0.13, 0.00, 0.00, 0.00, 0.00, 0.17, 0.00, 0.00, 0.00, 1.00, 0.00, 0.00, 0.00, 0.00, 1.00, 1.00, 0.00, 0.00, 0.00, 0.00, 0.00, 0.00, 0.00, 1.00
232,  0,  7.758,  0.98,  1, 0.01, 0.00, 0.70, 0.00, 0.31, 1.82, 0.00, 0.51, 0.97, 0.79, 0.00, 0.09, 0.00, 0.00, 0.00, 0.00, 0.20, 0.00, 0.00, 0.00, 1.00, 0.00, 0.00, 0.00, 0.00, 1.00, 1.00, 0.00, 0.00, 0.00, 0.00, 0.00, 0.00, 0.00, 1.00
233,  0,  7.792,  0.98,  1, 0.04, 0.00, 0.72, 0.00, 0.28, 1.84, 0.00, 0.39, 0.95, 0.85, 0.00, 0.09, 0.00, 0.00, 0.00, 0.00, 0.24, 0.00, 0.00, 0.00, 1.00, 0.00, 0.00, 0.00, 0.00, 1.00, 1.00, 0.00, 0.00, 0.00, 0.00, 0.00, 0.00, 0.00, 1.00
234,  0,  7.825,  0.98,  1, 0.08, 0.00, 0.73, 0.00, 0.26, 1.78, 0.00, 0.33, 0.95, 0.85, 0.00, 0.08, 0.00, 0.00, 0.00, 0.00, 0.33, 0.00, 0.00, 0.00, 1.00, 0.00, 0.00, 0.00, 0.00, 1.00, 1.00, 0.00, 0.00, 0.00, 0.00, 0.00, 0.00, 0.00, 1.00
235,  0,  7.859,  0.98,  1, 0.13, 0.00, 0.81, 0.00, 0.20, 1.70, 0.00, 0.32, 0.94, 0.73, 0.00, 0.11, 0.00, 0.00, 0.00, 0.09, 0.46, 0.00, 0.00, 0.00, 1.00, 0.00, 0.00, 0.00, 0.00, 1.00, 1.00, 0.00, 0.00, 0.00, 0.00, 0.00, 0.00, 0.00, 1.00
236,  0,  7.893,  0.98,  1, 0.15, 0.00, 0.89, 0.00, 0.16, 1.72, 0.00, 0.35, 0.95, 0.63, 0.00, 0.13, 0.00, 0.00, 0.12, 0.14, 0.50, 0.00, 0.00, 0.00, 1.00, 0.00, 0.00, 0.00, 0.00, 1.00, 1.00, 0.00, 0.00, 0.00, 0.00, 0.00, 0.00, 0.00, 1.00
237,  0,  7.926,  0.98,  1, 0.10, 0.00, 0.98, 0.00, 0.18, 1.87, 0.00, 0.40, 0.98, 0.57, 0.00, 0.24, 0.00, 0.00, 0.22, 0.14, 0.52, 0.00, 0.00, 0.00, 1.00, 0.00, 0.00, 0.00, 0.00, 1.00, 1.00, 0.00, 0.00, 0.00, 0.00, 0.00, 0.00, 0.00, 1.00
238,  0,  7.960,  0.98,  1, 0.10, 0.00, 0.93, 0.00, 0.25, 1.98, 0.00, 0.47, 0.98, 0.65, 0.00, 0.24, 0.00, 0.00, 0.36, 0.16, 0.40, 0.00, 0.00, 0.00, 1.00, 0.00, 0.00, 0.00, 0.00, 1.00, 1.00, 0.00, 0.00, 0.00, 0.00, 0.00, 0.00, 0.00, 1.00
239,  0,  7.993,  0.98,  1, 0.12, 0.00, 0.91, 0.00, 0.31, 2.01, 0.00, 0.53, 0.98, 0.71, 0.02, 0.24, 0.00, 0.00, 0.32, 0.19, 0.31, 0.00, 0.00, 0.00, 1.00, 0.00, 0.00, 0.00, 0.00, 1.00, 1.00, 0.00, 0.00, 0.00, 0.00, 0.00, 0.00, 0.00, 1.00
240,  0,  8.027,  0.98,  1, 0.18, 0.00, 0.89, 0.00, 0.31, 2.08, 0.00, 0.56, 0.99, 0.93, 0.02, 0.16, 0.00, 0.00, 0.30, 0.27, 0.20, 0.00, 0.00, 0.00, 1.00, 0.00, 0.00, 0.00, 0.00, 1.00, 1.00, 0.00, 0.00, 0.00, 0.00, 0.00, 0.00, 0.00, 1.00
241,  0,  8.060,  0.98,  1, 0.12, 0.00, 1.01, 0.00, 0.33, 2.12, 0.00, 0.59, 1.01, 0.92, 0.02, 0.14, 0.00, 0.00, 0.19, 0.30, 0.21, 0.00, 0.00, 0.00, 0.00, 0.00, 0.00, 0.00, 0.00, 1.00, 1.00, 0.00, 0.00, 0.00, 0.00, 0.00, 0.00, 0.00, 1.00
242,  0,  8.094,  0.98,  1, 0.12, 0.00, 1.14, 0.00, 0.33, 2.21, 0.00, 0.58, 1.05, 0.84, 0.06, 0.21, 0.00, 0.00, 0.17, 0.34, 0.25, 0.00, 0.00, 0.00, 0.00, 0.00, 0.00, 0.00, 0.00, 1.00, 1.00, 0.00, 0.00, 0.00, 0.00, 0.00, 0.00, 0.00, 1.00
243,  0,  8.128,  0.98,  1, 0.17, 0.00, 1.23, 0.00, 0.31, 2.16, 0.00, 0.63, 1.05, 0.71, 0.06, 0.22, 0.00, 0.00, 0.16, 0.31, 0.31, 0.00, 0.00, 0.00, 0.00, 0.00, 0.00, 0.00, 0.00, 1.00, 1.00, 0.00, 0.00, 0.00, 0.00, 0.00, 0.00, 0.00, 1.00
244,  0,  8.161,  0.98,  1, 0.23, 0.00, 1.17, 0.00, 0.26, 2.29, 0.00, 0.57, 1.03, 0.75, 0.06, 0.29, 0.00, 0.00, 0.12, 0.22, 0.47, 0.00, 0.00, 0.00, 1.00, 0.00, 0.00, 0.00, 0.00, 1.00, 1.00, 0.00, 0.00, 0.00, 0.00, 0.00, 0.00, 0.00, 1.00
245,  0,  8.195,  0.98,  1, 0.23, 0.00, 1.11, 0.00, 0.24, 2.11, 0.00, 0.64, 1.03, 0.81, 0.00, 0.26, 0.00, 0.00, 0.19, 0.14, 0.58, 0.00, 0.00, 0.00, 1.00, 0.00, 0.00, 0.00, 0.00, 1.00, 1.00, 0.00, 0.00, 0.00, 0.00, 0.00, 0.00, 0.00, 1.00
246,  0,  8.228,  0.98,  1, 0.13, 0.00, 1.07, 0.00, 0.29, 2.08, 0.00, 0.64, 1.05, 0.79, 0.00, 0.25, 0.00, 0.00, 0.13, 0.08, 0.65, 0.00, 0.00, 0.00, 0.00, 0.00, 0.00, 0.00, 0.00, 1.00, 1.00, 0.00, 0.00, 0.00, 0.00, 0.00, 0.00, 0.00, 1.00
247,  0,  8.262,  0.98,  1, 0.10, 0.00, 1.08, 0.00, 0.32, 2.05, 0.00, 0.72, 1.07, 0.77, 0.00, 0.21, 0.00, 0.00, 0.14, 0.11, 0.66, 0.00, 0.00, 0.00, 0.00, 0.00, 0.00, 0.00, 0.00, 1.00, 1.00, 0.00, 0.00, 0.00, 0.00, 0.00, 0.00, 0.00, 1.00
248,  0,  8.296,  0.98,  1, 0.09, 0.00, 1.04, 0.00, 0.36, 2.18, 0.00, 0.69, 1.08, 0.72, 0.00, 0.14, 0.00, 0.00, 0.07, 0.14, 0.55, 0.00, 0.00, 0.00, 0.00, 0.00, 0.00, 0.00, 0.00, 1.00, 1.00, 0.00, 0.00, 0.00, 0.00, 0.00, 0.00, 0.00, 1.00
249,  0,  8.329,  0.98,  1, 0.17, 0.00, 1.01, 0.00, 0.33, 2.10, 0.00, 0.65, 1.07, 0.70, 0.00, 0.10, 0.00, 0.00, 0.13, 0.21, 0.42, 0.00, 0.00, 0.00, 0.00, 0.00, 0.00, 0.00, 0.00, 1.00, 1.00, 0.00, 0.00, 0.00, 0.00, 0.00, 0.00, 0.00, 1.00
250,  0,  8.363,  0.98,  1, 0.19, 0.00, 0.92, 0.00, 0.31, 1.91, 0.00, 0.62, 1.09, 0.62, 0.00, 0.04, 0.00, 0.00, 0.13, 0.22, 0.37, 0.00, 0.00, 0.00, 0.00, 0.00, 0.00, 0.00, 0.00, 1.00, 1.00, 0.00, 0.00, 0.00, 0.00, 0.00, 0.00, 0.00, 1.00
251,  0,  8.396,  0.98,  1, 0.22, 0.00, 0.90, 0.00, 0.28, 1.80, 0.00, 0.56, 1.07, 0.63, 0.00, 0.02, 0.00, 0.00, 0.13, 0.23, 0.41, 0.00, 0.00, 0.00, 0.00, 0.00, 0.00, 0.00, 0.00, 1.00, 1.00, 0.00, 0.00, 0.00, 0.00, 0.00, 0.00, 0.00, 1.00
252,  0,  8.430,  0.98,  1, 0.25, 0.00, 0.87, 0.00, 0.31, 1.89, 0.00, 0.56, 1.03, 0.66, 0.03, 0.07, 0.00, 0.00, 0.07, 0.21, 0.47, 0.00, 0.00, 0.00, 0.00, 0.00, 0.00, 0.00, 0.00, 1.00, 1.00, 0.00, 0.00, 0.00, 0.00, 0.00, 0.00, 0.00, 1.00
253,  0,  8.463,  0.98,  1, 0.26, 0.00, 0.90, 0.00, 0.36, 2.04, 0.00, 0.53, 0.98, 0.72, 0.03, 0.19, 0.00, 0.00, 0.13, 0.21, 0.44, 0.00, 0.00, 0.00, 0.00, 0.00, 0.00, 0.00, 0.00, 1.00, 1.00, 0.00, 0.00, 0.00, 0.00, 0.00, 0.00, 0.00, 1.00
254,  0,  8.497,  0.98,  1, 0.21, 0.00, 0.88, 0.00, 0.39, 2.04, 0.00, 0.50, 0.94, 0.78, 0.03, 0.38, 0.00, 0.00, 0.08, 0.33, 0.42, 0.00, 0.00, 0.00, 0.00, 0.00, 0.00, 0.00, 0.00, 1.00, 1.00, 0.00, 0.00, 0.00, 0.00, 0.00, 0.00, 0.00, 1.00
255,  0,  8.531,  0.98,  1, 0.10, 0.00, 0.82, 0.00, 0.40, 2.04, 0.00, 0.49, 0.96, 0.81, 0.00, 0.37, 0.00, 0.00, 0.10, 0.29, 0.51, 0.00, 0.00, 0.00, 0.00, 0.00, 0.00, 0.00, 0.00, 1.00, 1.00, 0.00, 0.00, 0.00, 0.00, 0.00, 0.00, 0.00, 1.00
256,  0,  8.564,  0.98,  1, 0.04, 0.00, 0.72, 0.00, 0.39, 1.88, 0.00, 0.46, 0.98, 0.77, 0.00, 0.30, 0.00, 0.00, 0.02, 0.26, 0.34, 0.00, 0.00, 0.00, 0.00, 0.00, 0.00, 0.00, 0.00, 1.00, 1.00, 0.00, 0.00, 0.00, 0.00, 0.00, 0.00, 0.00, 1.00
257,  0,  8.598,  0.98,  1, 0.01, 0.00, 0.67, 0.00, 0.42, 1.86, 0.00, 0.54, 1.00, 0.81, 0.00, 0.17, 0.00, 0.00, 0.02, 0.16, 0.24, 0.00, 0.00, 0.00, 1.00, 0.00, 0.00, 0.00, 0.00, 1.00, 1.00, 0.00, 0.00, 0.00, 0.00, 0.00, 0.00, 0.00, 0.00
258,  0,  8.631,  0.98,  1, 0.00, 0.00, 0.64, 0.00, 0.36, 1.62, 0.00, 0.61, 1.04, 0.82, 0.00, 0.26, 0.00, 0.00, 0.00, 0.25, 0.02, 0.00, 0.00, 0.00, 1.00, 0.00, 0.00, 0.00, 0.00, 1.00, 1.00, 0.00, 0.00, 0.00, 0.00, 0.00, 0.00, 0.00, 0.00
259,  0,  8.665,  0.98,  1, 0.00, 0.00, 0.73, 0.00, 0.32, 1.69, 0.00, 0.69, 1.04, 0.85, 0.00, 0.33, 0.00, 0.00, 0.00, 0.23, 0.03, 0.00, 0.00, 0.00, 1.00, 0.00, 0.00, 0.00, 0.00, 1.00, 1.00, 0.00, 0.00, 0.00, 0.00, 0.00, 0.00, 0.00, 0.00
260,  0,  8.699,  0.98,  1, 0.00, 0.00, 0.73, 0.00, 0.27, 1.66, 0.00, 0.76, 1.07, 0.76, 0.00, 0.32, 0.00, 0.00, 0.10, 0.15, 0.01, 0.00, 0.00, 0.00, 1.00, 0.00, 0.00, 0.00, 0.00, 1.00, 1.00, 0.00, 0.00, 0.00, 0.00, 0.00, 0.00, 0.00, 0.00
261,  0,  8.732,  0.98,  1, 0.00, 0.00, 0.70, 0.00, 0.29, 1.85, 0.00, 0.68, 1.00, 0.65, 0.00, 0.19, 0.00, 0.00, 0.12, 0.04, 0.01, 0.00, 0.00, 0.00, 1.00, 0.00, 0.00, 0.00, 0.00, 1.00, 1.00, 0.00, 0.00, 0.00, 0.00, 0.00, 0.00, 0.00, 0.00
262,  0,  8.766,  0.98,  1, 0.00, 0.00, 0.61, 0.00, 0.26, 1.76, 0.00, 0.64, 0.98, 0.53, 0.00, 0.06, 0.00, 0.00, 0.15, 0.03, 0.00, 0.00, 0.00, 0.00, 1.00, 0.00, 0.00, 0.00, 0.00, 1.00, 1.00, 0.00, 0.00, 0.00, 0.00, 0.00, 0.00, 0.00, 0.00
263,  0,  8.799,  0.98,  1, 0.00, 0.00, 0.59, 0.00, 0.23, 1.86, 0.00, 0.53, 0.96, 0.43, 0.00, 0.05, 0.00, 0.00, 0.04, 0.03, 0.00, 0.00, 0.00, 0.00, 1.00, 0.00, 0.00, 0.00, 0.00, 1.00, 1.00, 0.00, 0.00, 0.00, 0.00, 0.00, 0.00, 0.00, 0.00
264,  0,  8.833,  0.98,  1, 0.00, 0.00, 0.65, 0.00, 0.22, 1.79, 0.00, 0.50, 1.00, 0.46, 0.00, 0.05, 0.00, 0.00, 0.03, 0.08, 0.00, 0.00, 0.00, 0.00, 1.00, 0.00, 0.00, 0.00, 0.00, 1.00, 1.00, 0.00, 0.00, 0.00, 0.00, 0.00, 0.00, 0.00, 0.00
265,  0,  8.866,  0.98,  1, 0.00, 0.00, 0.67, 0.00, 0.21, 1.74, 0.00, 0.42, 1.00, 0.58, 0.00, 0.05, 0.00, 0.00, 0.02, 0.08, 0.00, 0.00, 0.00, 0.00, 1.00, 0.00, 0.00, 0.00, 0.00, 1.00, 1.00, 0.00, 0.00, 0.00, 0.00, 0.00, 0.00, 0.00, 0.00
266,  0,  8.900,  0.98,  1, 0.00, 0.00, 0.69, 0.00, 0.21, 1.72, 0.00, 0.31, 0.97, 0.74, 0.00, 0.01, 0.00, 0.00, 0.02, 0.10, 0.00, 0.00, 0.00, 0.00, 1.00, 0.00, 0.00, 0.00, 0.00, 1.00, 1.00, 0.00, 0.00, 0.00, 0.00, 0.00, 0.00, 0.00, 0.00
267,  0,  8.934,  0.98,  1, 0.00, 0.00, 0.71, 0.00, 0.19, 1.73, 0.00, 0.23, 0.95, 0.80, 0.00, 0.01, 0.00, 0.00, 0.03, 0.06, 0.00, 0.00, 0.00, 0.00, 1.00, 0.00, 0.00, 0.00, 0.00, 1.00, 1.00, 0.00, 0.00, 0.00, 0.00, 0.00, 0.00, 0.00, 0.00
268,  0,  8.967,  0.98,  1, 0.00, 0.00, 0.73, 0.00, 0.21, 1.76, 0.00, 0.29, 0.98, 0.83, 0.00, 0.01, 0.00, 0.00, 0.06, 0.02, 0.00, 0.00, 0.00, 0.00, 1.00, 0.00, 0.00, 0.00, 0.00, 1.00, 1.00, 0.00, 0.00, 0.00, 0.00, 0.00, 0.00, 0.00, 0.00
269,  0,  9.001,  0.98,  1, 0.00, 0.00, 0.70, 0.00, 0.23, 1.74, 0.00, 0.39, 0.99, 0.84, 0.00, 0.00, 0.00, 0.00, 0.07, 0.00, 0.00, 0.00, 0.00, 0.00, 1.00, 0.00, 0.00, 0.00, 0.00, 1.00, 1.00, 0.00, 0.00, 0.00, 0.00, 0.00, 0.00, 0.00, 0.00
270,  0,  9.034,  0.98,  1, 0.00, 0.00, 0.66, 0.00, 0.25, 1.80, 0.00, 0.51, 0.99, 0.85, 0.00, 0.01, 0.00, 0.00, 0.09, 0.06, 0.00, 0.00, 0.00, 0.00, 1.00, 0.00, 0.00, 0.00, 0.00, 1.00, 1.00, 0.00, 0.00, 0.00, 0.00, 0.00, 0.00, 0.00, 0.00
271,  0,  9.068,  0.98,  1, 0.00, 0.00, 0.67, 0.00, 0.22, 1.98, 0.00, 0.57, 0.97, 0.87, 0.00, 0.01, 0.00, 0.00, 0.05, 0.10, 0.00, 0.00, 0.00, 0.00, 1.00, 0.00, 0.00, 0.00, 0.00, 1.00, 1.00, 0.00, 0.00, 0.00, 0.00, 0.00, 0.00, 0.00, 0.00
272,  0,  9.102,  0.98,  1, 0.00, 0.00, 0.72, 0.00, 0.17, 2.01, 0.00, 0.59, 0.99, 0.96, 0.00, 0.01, 0.00, 0.00, 0.03, 0.12, 0.00, 0.00, 0.00, 0.00, 1.00, 0.00, 0.00, 0.00, 0.00, 1.00, 1.00, 0.00, 0.00, 0.00, 0.00, 0.00, 0.00, 0.00, 0.00
273,  0,  9.135,  0.98,  1, 0.00, 0.00, 0.72, 0.00, 0.14, 1.94, 0.00, 0.57, 0.97, 1.04, 0.00, 0.08, 0.00, 0.00, 0.00, 0.06, 0.00, 0.00, 0.00, 0.00, 1.00, 0.00, 0.00, 0.00, 0.00, 1.00, 1.00, 0.00, 0.00, 0.00, 0.00, 0.00, 0.00, 0.00, 0.00
274,  0,  9.169,  0.98,  1, 0.00, 0.00, 0.73, 0.00, 0.15, 2.00, 0.00, 0.51, 0.99, 1.18, 0.00, 0.13, 0.00, 0.00, 0.03, 0.09, 0.00, 0.00, 0.00, 0.00, 1.00, 0.00, 0.00, 0.00, 0.00, 1.00, 1.00, 0.00, 0.00, 0.00, 0.00, 0.00, 0.00, 0.00, 0.00
275,  0,  9.202,  0.98,  1, 0.00, 0.00, 0.75, 0.00, 0.18, 2.11, 0.00, 0.45, 0.96, 1.10, 0.00, 0.17, 0.00, 0.00, 0.03, 0.21, 0.00, 0.00, 0.00, 0.00, 1.00, 0.00, 0.00, 0.00, 0.00, 1.00, 1.00, 0.00, 0.00, 0.00, 0.00, 0.00, 0.00, 0.00, 0.00
276,  0,  9.236,  0.98,  1, 0.00, 0.00, 0.79, 0.00, 0.17, 2.07, 0.00, 0.36, 0.91, 0.99, 0.00, 0.15, 0.00, 0.00, 0.03, 0.21, 0.00, 0.00, 0.00, 0.00, 1.00, 0.00, 0.00, 0.00, 0.00, 1.00, 1.00, 0.00, 0.00, 0.00, 0.00, 0.00, 0.00, 0.00, 0.00
277,  0,  9.269,  0.98,  1, 0.00, 0.00, 0.89, 0.00, 0.13, 1.81, 0.00, 0.29, 0.87, 0.82, 0.00, 0.17, 0.00, 0.00, 0.00, 0.15, 0.00, 0.00, 0.00, 0.00, 1.00, 0.00, 0.00, 0.00, 0.00, 1.00, 1.00, 0.00, 0.00, 0.00, 0.00, 0.00, 0.00, 0.00, 0.00
278,  0,  9.303,  0.98,  1, 0.00, 0.00, 0.93, 0.00, 0.12, 1.73, 0.00, 0.26, 0.85, 0.77, 0.00, 0.17, 0.00, 0.00, 0.00, 0.13, 0.00, 0.00, 0.00, 0.00, 1.00, 0.00, 0.00, 0.00, 0.00, 1.00, 1.00, 0.00, 0.00, 0.00, 0.00, 0.00, 0.00, 0.00, 0.00
279,  0,  9.337,  0.98,  1, 0.00, 0.00, 0.98, 0.00, 0.12, 1.86, 0.00, 0.30, 0.87, 0.81, 0.00, 0.20, 0.00, 0.00, 0.00, 0.24, 0.00, 0.00, 0.00, 0.00, 1.00, 0.00, 0.00, 0.00, 0.00, 1.00, 1.00, 0.00, 0.00, 0.00, 0.00, 0.00, 0.00, 0.00, 0.00
280,  0,  9.370,  0.98,  1, 0.00, 0.00, 0.92, 0.00, 0.13, 1.99, 0.00, 0.34, 0.86, 0.74, 0.00, 0.18, 0.00, 0.00, 0.00, 0.27, 0.00, 0.00, 0.00, 0.00, 1.00, 0.00, 0.00, 0.00, 0.00, 1.00, 1.00, 0.00, 0.00, 0.00, 0.00, 0.00, 0.00, 0.00, 0.00
281,  0,  9.404,  0.98,  1, 0.00, 0.00, 0.87, 0.00, 0.10, 2.07, 0.00, 0.44, 0.87, 0.69, 0.00, 0.17, 0.00, 0.00, 0.03, 0.15, 0.00, 0.00, 0.00, 0.00, 1.00, 0.00, 0.00, 0.00, 0.00, 1.00, 1.00, 0.00, 0.00, 0.00, 0.00, 0.00, 0.00, 0.00, 0.00
282,  0,  9.437,  0.98,  1, 0.00, 0.00, 0.79, 0.00, 0.14, 1.98, 0.00, 0.49, 0.88, 0.68, 0.00, 0.10, 0.00, 0.00, 0.03, 0.13, 0.00, 0.00, 0.00, 0.00, 1.00, 0.00, 0.00, 0.00, 0.00, 1.00, 1.00, 0.00, 0.00, 0.00, 0.00, 0.00, 0.00, 0.00, 0.00
283,  0,  9.471,  0.98,  1, 0.00, 0.00, 0.78, 0.00, 0.16, 1.94, 0.00, 0.48, 0.91, 0.69, 0.00, 0.04, 0.00, 0.00, 0.03, 0.08, 0.00, 0.00, 0.00, 0.00, 1.00, 0.00, 0.00, 0.00, 0.00, 1.00, 1.00, 0.00, 0.00, 0.00, 0.00, 0.00, 0.00, 0.00, 0.00
284,  0,  9.505,  0.98,  1, 0.00, 0.00, 0.81, 0.00, 0.24, 1.93, 0.00, 0.47, 0.94, 0.68, 0.00, 0.00, 0.00, 0.00, 0.00, 0.08, 0.00, 0.00, 0.00, 0.00, 1.00, 0.00, 0.00, 0.00, 0.00, 1.00, 1.00, 0.00, 0.00, 0.00, 0.00, 0.00, 0.00, 0.00, 0.00
285,  0,  9.538,  0.98,  1, 0.00, 0.00, 0.84, 0.00, 0.22, 1.97, 0.00, 0.41, 0.95, 0.59, 0.00, 0.01, 0.00, 0.00, 0.00, 0.03, 0.00, 0.00, 0.00, 0.00, 1.00, 0.00, 0.00, 0.00, 0.00, 1.00, 1.00, 0.00, 0.00, 0.00, 0.00, 0.00, 0.00, 0.00, 0.00
286,  0,  9.572,  0.98,  1, 0.00, 0.00, 0.83, 0.00, 0.22, 2.00, 0.00, 0.42, 0.95, 0.61, 0.00, 0.01, 0.00, 0.00, 0.00, 0.11, 0.00, 0.00, 0.00, 0.00, 1.00, 0.00, 0.00, 0.00, 0.00, 1.00, 1.00, 0.00, 0.00, 0.00, 0.00, 0.00, 0.00, 0.00, 0.00
287,  0,  9.605,  0.98,  1, 0.00, 0.00, 0.83, 0.00, 0.16, 1.86, 0.00, 0.45, 0.94, 0.69, 0.00, 0.01, 0.00, 0.00, 0.00, 0.23, 0.00, 0.00, 0.00, 0.00, 1.00, 0.00, 0.00, 0.00, 0.00, 1.00, 1.00, 0.00, 0.00, 0.00, 0.00, 0.00, 0.00, 0.00, 0.00
288,  0,  9.639,  0.98,  1, 0.00, 0.00, 0.80, 0.00, 0.20, 1.81, 0.00, 0.57, 0.94, 0.81, 0.00, 0.01, 0.00, 0.00, 0.00, 0.38, 0.00, 0.00, 0.00, 0.00, 1.00, 0.00, 0.00, 0.00, 0.00, 1.00, 1.00, 0.00, 0.00, 0.00, 0.00, 0.00, 0.00, 0.00, 0.00
289,  0,  9.673,  0.98,  1, 0.00, 0.00, 0.76, 0.00, 0.17, 1.66, 0.00, 0.63, 0.92, 0.86, 0.00, 0.01, 0.00, 0.00, 0.00, 0.39, 0.00, 0.00, 0.00, 0.00, 1.00, 0.00, 0.00, 0.00, 0.00, 1.00, 1.00, 0.00, 0.00, 0.00, 0.00, 0.00, 0.00, 0.00, 0.00
290,  0,  9.706,  0.98,  1, 0.00, 0.00, 0.66, 0.00, 0.16, 1.69, 0.00, 0.55, 0.92, 0.85, 0.00, 0.01, 0.00, 0.00, 0.00, 0.34, 0.00, 0.00, 0.00, 0.00, 1.00, 0.00, 0.00, 0.00, 0.00, 1.00, 1.00, 0.00, 0.00, 0.00, 0.00, 0.00, 0.00, 0.00, 0.00
291,  0,  9.740,  0.98,  1, 0.00, 0.00, 0.67, 0.00, 0.10, 1.73, 0.00, 0.49, 0.95, 0.78, 0.00, 0.07, 0.00, 0.00, 0.00, 0.28, 0.00, 0.00, 0.00, 0.00, 1.00, 0.00, 0.00, 0.00, 0.00, 1.00, 1.00, 0.00, 0.00, 0.00, 0.00, 0.00, 0.00, 0.00, 0.00
292,  0,  9.773,  0.98,  1, 0.00, 0.00, 0.69, 0.00, 0.11, 1.95, 0.00, 0.46, 0.97, 0.81, 0.00, 0.07, 0.00, 0.00, 0.00, 0.24, 0.00, 0.00, 0.00, 0.00, 1.00, 0.00, 0.00, 0.00, 0.00, 1.00, 1.00, 0.00, 0.00, 0.00, 0.00, 0.00, 0.00, 0.00, 0.00
293,  0,  9.807,  0.98,  1, 0.00, 0.00, 0.71, 0.00, 0.10, 2.07, 0.00, 0.46, 0.94, 0.79, 0.00, 0.07, 0.00, 0.00, 0.00, 0.23, 0.00, 0.00, 0.00, 0.00, 1.00, 0.00, 0.00, 0.00, 0.00, 1.00, 1.00, 0.00, 0.00, 0.00, 0.00, 0.00, 0.00, 0.00, 0.00
294,  0,  9.840,  0.98,  1, 0.00, 0.00, 0.62, 0.00, 0.09, 2.00, 0.00, 0.45, 0.90, 0.71, 0.00, 0.00, 0.00, 0.00, 0.00, 0.19, 0.00, 0.00, 0.00, 0.00, 1.00, 0.00, 0.00, 0.00, 0.00, 1.00, 1.00, 0.00, 0.00, 0.00, 0.00, 0.00, 0.00, 0.00, 0.00
295,  0,  9.874,  0.98,  1, 0.00, 0.00, 0.58, 0.00, 0.08, 1.94, 0.00, 0.46, 0.85, 0.60, 0.00, 0.00, 0.00, 0.00, 0.00, 0.17, 0.00, 0.00, 0.00, 0.00, 1.00, 0.00, 0.00, 0.00, 0.00, 1.00, 1.00, 0.00, 0.00, 0.00, 0.00, 0.00, 0.00, 0.00, 0.00
296,  0,  9.908,  0.98,  1, 0.00, 0.00, 0.60, 0.00, 0.05, 1.75, 0.00, 0.41, 0.84, 0.67, 0.00, 0.00, 0.00, 0.00, 0.00, 0.16, 0.00, 0.00, 0.00, 0.00, 1.00, 0.00, 0.00, 0.00, 0.00, 1.00, 1.00, 0.00, 0.00, 0.00, 0.00, 0.00, 0.00, 0.00, 0.00
297,  0,  9.941,  0.98,  1, 0.00, 0.00, 0.68, 0.00, 0.04, 1.90, 0.00, 0.41, 0.85, 0.74, 0.00, 0.00, 0.00, 0.00, 0.00, 0.09, 0.00, 0.00, 0.00, 0.00, 1.00, 0.00, 0.00, 0.00, 0.00, 1.00, 1.00, 0.00, 0.00, 0.00, 0.00, 0.00, 0.00, 0.00, 0.00
298,  0,  9.975,  0.98,  1, 0.00, 0.00, 0.79, 0.00, 0.03, 1.87, 0.00, 0.42, 0.88, 0.73, 0.00, 0.00, 0.00, 0.00, 0.00, 0.08, 0.00, 0.00, 0.00, 0.00, 1.00, 0.00, 0.00, 0.00, 0.00, 1.00, 1.00, 0.00, 0.00, 0.00, 0.00, 0.00, 0.00, 0.00, 0.00
299,  0,  10.008,  0.98,  1, 0.06, 0.00, 0.95, 0.07, 0.03, 1.95, 0.00, 0.44, 0.91, 0.73, 0.00, 0.00, 0.00, 0.00, 0.00, 0.06, 0.00, 0.00, 0.00, 0.00, 1.00, 0.00, 0.00, 0.00, 0.00, 1.00, 1.00, 0.00, 0.00, 0.00, 0.00, 0.00, 0.00, 0.00, 0.00
300,  0,  10.042,  0.98,  1, 0.06, 0.00, 1.03, 0.07, 0.09, 1.88, 0.00, 0.40, 0.89, 0.85, 0.00, 0.02, 0.00, 0.00, 0.00, 0.14, 0.00, 0.00, 0.00, 0.00, 1.00, 0.00, 0.00, 0.00, 0.00, 1.00, 1.00, 0.00, 0.00, 0.00, 0.00, 0.00, 0.00, 0.00, 0.00
301,  0,  10.076,  0.98,  1, 0.06, 0.00, 1.00, 0.07, 0.10, 1.89, 0.00, 0.35, 0.88, 0.96, 0.00, 0.02, 0.00, 0.00, 0.01, 0.19, 0.00, 0.00, 0.00, 0.00, 1.00, 0.00, 0.00, 0.00, 0.00, 1.00, 1.00, 0.00, 0.00, 0.00, 0.00, 0.00, 0.00, 0.00, 0.00
302,  0,  10.109,  0.98,  1, 0.04, 0.00, 0.90, 0.00, 0.14, 1.91, 0.00, 0.37, 0.89, 1.03, 0.00, 0.02, 0.00, 0.00, 0.01, 0.21, 0.00, 0.00, 0.00, 0.00, 1.00, 0.00, 0.00, 0.00, 0.00, 1.00, 1.00, 0.00, 0.00, 0.00, 0.00, 0.00, 0.00, 0.00, 0.00
303,  0,  10.143,  0.98,  1, 0.04, 0.00, 0.87, 0.00, 0.15, 1.81, 0.00, 0.37, 0.92, 0.92, 0.00, 0.00, 0.00, 0.00, 0.01, 0.19, 0.00, 0.00, 0.00, 0.00, 1.00, 0.00, 0.00, 0.00, 0.00, 1.00, 1.00, 0.00, 0.00, 0.00, 0.00, 0.00, 0.00, 0.00, 0.00
304,  0,  10.176,  0.98,  1, 0.04, 0.00, 0.92, 0.00, 0.17, 1.72, 0.00, 0.32, 0.90, 0.91, 0.00, 0.00, 0.00, 0.00, 0.00, 0.13, 0.00, 0.00, 0.00, 0.00, 1.00, 0.00, 0.00, 0.00, 0.00, 1.00, 1.00, 0.00, 0.00, 0.00, 0.00, 0.00, 0.00, 0.00, 0.00
305,  0,  10.210,  0.98,  1, 0.00, 0.00, 0.94, 0.00, 0.18, 1.55, 0.00, 0.27, 0.93, 0.89, 0.00, 0.01, 0.00, 0.00, 0.00, 0.07, 0.00, 0.00, 0.00, 0.00, 1.00, 0.00, 0.00, 0.00, 0.00, 1.00, 1.00, 0.00, 0.00, 0.00, 0.00, 0.00, 0.00, 0.00, 0.00
306,  0,  10.243,  0.98,  1, 0.00, 0.00, 0.87, 0.00, 0.19, 1.58, 0.00, 0.28, 0.96, 0.96, 0.00, 0.01, 0.00, 0.00, 0.00, 0.01, 0.00, 0.00, 0.00, 0.00, 1.00, 0.00, 0.00, 0.00, 0.00, 1.00, 1.00, 0.00, 0.00, 0.00, 0.00, 0.00, 0.00, 0.00, 0.00
307,  0,  10.277,  0.98,  1, 0.00, 0.00, 0.76, 0.00, 0.22, 1.72, 0.00, 0.34, 0.96, 0.95, 0.00, 0.01, 0.00, 0.00, 0.00, 0.00, 0.00, 0.00, 0.00, 0.00, 1.00, 0.00, 0.00, 0.00, 0.00, 1.00, 1.00, 0.00, 0.00, 0.00, 0.00, 0.00, 0.00, 0.00, 0.00
308,  0,  10.311,  0.98,  1, 0.00, 0.00, 0.71, 0.00, 0.22, 1.88, 0.00, 0.37, 0.95, 0.87, 0.00, 0.00, 0.00, 0.00, 0.12, 0.00, 0.00, 0.00, 0.00, 0.00, 1.00, 0.00, 0.00, 0.00, 0.00, 1.00, 1.00, 0.00, 0.00, 0.00, 0.00, 0.00, 0.00, 0.00, 0.00
309,  0,  10.344,  0.98,  1, 0.00, 0.00, 0.78, 0.00, 0.20, 1.95, 0.00, 0.47, 0.88, 0.82, 0.00, 0.00, 0.00, 0.00, 0.12, 0.04, 0.00, 0.00, 0.00, 0.00, 1.00, 0.00, 0.00, 0.00, 0.00, 1.00, 1.00, 0.00, 0.00, 0.00, 0.00, 0.00, 0.00, 0.00, 0.00
310,  0,  10.378,  0.98,  1, 0.00, 0.00, 0.78, 0.00, 0.12, 1.96, 0.00, 0.48, 0.82, 0.72, 0.00, 0.00, 0.00, 0.00, 0.15, 0.07, 0.00, 0.00, 0.00, 0.00, 1.00, 0.00, 0.00, 0.00, 0.00, 1.00, 1.00, 0.00, 0.00, 0.00, 0.00, 0.00, 0.00, 0.00, 0.00
311,  0,  10.411,  0.98,  1, 0.04, 0.00, 0.74, 0.00, 0.07, 1.89, 0.00, 0.50, 0.70, 0.64, 0.08, 0.00, 0.00, 0.00, 0.14, 0.12, 0.00, 0.00, 0.00, 0.00, 1.00, 0.00, 0.00, 0.00, 0.00, 1.00, 1.00, 0.00, 0.00, 0.00, 0.00, 0.00, 0.00, 0.00, 0.00
312,  0,  10.445,  0.98,  1, 0.06, 0.00, 0.67, 0.00, 0.01, 1.82, 0.00, 0.41, 0.56, 0.51, 0.23, 0.00, 0.00, 0.00, 0.22, 0.09, 0.00, 0.00, 0.00, 0.00, 1.00, 0.00, 0.00, 0.00, 0.00, 1.00, 0.00, 0.00, 0.00, 0.00, 0.00, 0.00, 0.00, 0.00, 0.00
313,  0,  10.479,  0.98,  1, 0.09, 0.00, 0.70, 0.00, 0.01, 1.65, 0.00, 0.36, 0.47, 0.35, 0.30, 0.01, 0.00, 0.00, 0.24, 0.05, 0.00, 0.00, 0.00, 0.00, 1.00, 0.00, 0.00, 0.00, 0.00, 1.00, 0.00, 0.00, 0.00, 0.00, 0.00, 0.00, 0.00, 0.00, 0.00
314,  0,  10.512,  0.98,  1, 0.07, 0.00, 0.80, 0.00, 0.03, 1.64, 0.00, 0.32, 0.42, 0.33, 0.31, 0.01, 0.00, 0.00, 0.18, 0.00, 0.00, 0.00, 0.00, 0.00, 1.00, 0.00, 0.00, 0.00, 0.00, 1.00, 0.00, 0.00, 0.00, 0.00, 0.00, 0.00, 0.00, 0.00, 0.00
315,  0,  10.546,  0.98,  1, 0.05, 0.00, 0.84, 0.00, 0.09, 1.64, 0.00, 0.35, 0.46, 0.31, 0.20, 0.02, 0.00, 0.00, 0.25, 0.00, 0.00, 0.00, 0.00, 0.00, 1.00, 0.00, 0.00, 0.00, 0.00, 1.00, 0.00, 0.00, 0.00, 0.00, 0.00, 0.00, 0.00, 0.00, 0.00
316,  0,  10.579,  0.98,  1, 0.02, 0.00, 0.93, 0.00, 0.13, 1.80, 0.00, 0.46, 0.51, 0.45, 0.23, 0.00, 0.00, 0.00, 0.25, 0.11, 0.00, 0.00, 0.00, 0.00, 1.00, 0.00, 0.00, 0.00, 0.00, 1.00, 0.00, 0.00, 0.00, 0.00, 0.00, 0.00, 0.00, 0.00, 0.00
317,  0,  10.613,  0.98,  1, 0.02, 0.00, 0.89, 0.00, 0.13, 1.85, 0.00, 0.51, 0.53, 0.40, 0.14, 0.07, 0.00, 0.00, 0.29, 0.11, 0.00, 0.00, 0.00, 0.00, 1.00, 0.00, 0.00, 0.00, 0.00, 1.00, 0.00, 0.00, 0.00, 0.00, 0.00, 0.00, 0.00, 0.00, 0.00
318,  0,  10.646,  0.98,  1, 0.02, 0.01, 0.91, 0.00, 0.12, 2.01, 0.00, 0.57, 0.51, 0.35, 0.17, 0.06, 0.00, 0.00, 0.14, 0.15, 0.00, 0.00, 0.00, 0.00, 1.00, 0.00, 0.00, 0.00, 0.00, 1.00, 0.00, 0.00, 0.00, 0.00, 0.00, 0.00, 0.00, 0.00, 0.00
319,  0,  10.680,  0.98,  1, 0.03, 0.05, 0.93, 0.00, 0.10, 1.72, 0.00, 0.56, 0.52, 0.32, 0.23, 0.09, 0.00, 0.00, 0.11, 0.09, 0.00, 0.00, 0.00, 0.00, 1.00, 0.00, 0.00, 0.00, 1.00, 1.00, 0.00, 0.00, 0.00, 0.00, 0.00, 0.00, 0.00, 0.00, 0.00
320,  0,  10.714,  0.98,  1, 0.07, 0.06, 0.97, 0.00, 0.11, 1.60, 0.00, 0.60, 0.57, 0.36, 0.38, 0.02, 0.00, 0.00, 0.02, 0.09, 0.00, 0.00, 0.00, 0.00, 1.00, 0.00, 0.00, 0.00, 1.00, 1.00, 0.00, 0.00, 0.00, 0.00, 0.00, 0.00, 0.00, 0.00, 0.00
321,  0,  10.747,  0.98,  1, 0.10, 0.05, 0.96, 0.00, 0.13, 1.51, 0.00, 0.56, 0.62, 0.42, 0.40, 0.13, 0.00, 0.00, 0.02, 0.05, 0.00, 0.00, 0.00, 0.00, 1.00, 0.00, 0.00, 0.00, 1.00, 1.00, 0.00, 0.00, 0.00, 0.00, 0.00, 0.00, 0.00, 0.00, 0.00
322,  0,  10.781,  0.98,  1, 0.07, 0.01, 0.92, 0.00, 0.15, 1.61, 0.00, 0.52, 0.63, 0.40, 0.35, 0.18, 0.00, 0.00, 0.00, 0.11, 0.00, 0.00, 0.00, 0.00, 1.00, 0.00, 0.00, 0.00, 1.00, 1.00, 0.00, 0.00, 0.00, 0.00, 0.00, 0.00, 0.00, 0.00, 0.00
323,  0,  10.814,  0.98,  1, 0.04, 0.06, 0.93, 0.00, 0.20, 1.61, 0.00, 0.53, 0.64, 0.45, 0.30, 0.32, 0.00, 0.00, 0.00, 0.21, 0.00, 0.00, 0.00, 0.00, 1.00, 0.00, 0.00, 0.00, 1.00, 1.00, 0.00, 0.00, 0.00, 0.00, 0.00, 0.00, 0.00, 0.00, 0.00
324,  0,  10.848,  0.98,  1, 0.01, 0.06, 0.96, 0.00, 0.17, 1.68, 0.00, 0.57, 0.68, 0.55, 0.20, 0.23, 0.00, 0.00, 0.00, 0.25, 0.00, 0.00, 0.00, 0.00, 1.00, 0.00, 0.00, 0.00, 1.00, 1.00, 1.00, 0.00, 0.00, 0.00, 0.00, 0.00, 0.00, 0.00, 0.00
325,  0,  10.882,  0.98,  1, 0.01, 0.06, 0.90, 0.00, 0.18, 1.69, 0.00, 0.60, 0.68, 0.71, 0.12, 0.16, 0.00, 0.00, 0.00, 0.25, 0.00, 0.00, 0.00, 0.00, 1.00, 0.00, 0.00, 0.00, 1.00, 1.00, 1.00, 0.00, 0.00, 0.00, 0.00, 0.00, 0.00, 0.00, 0.00
326,  0,  10.915,  0.98,  1, 0.00, 0.00, 0.86, 0.00, 0.14, 1.76, 0.00, 0.55, 0.68, 0.72, 0.04, 0.06, 0.00, 0.00, 0.00, 0.26, 0.00, 0.00, 0.00, 0.00, 1.00, 0.00, 0.00, 0.00, 1.00, 1.00, 1.00, 0.00, 0.00, 0.00, 0.00, 0.00, 0.00, 0.00, 0.00
327,  0,  10.949,  0.98,  1, 0.00, 0.00, 0.82, 0.00, 0.12, 1.68, 0.00, 0.48, 0.64, 0.67, 0.09, 0.05, 0.00, 0.00, 0.04, 0.29, 0.00, 0.00, 0.00, 0.00, 1.00, 0.00, 0.00, 0.00, 1.00, 1.00, 1.00, 0.00, 0.00, 0.00, 0.00, 0.00, 0.00, 0.00, 0.00
328,  0,  10.982,  0.98,  1, 0.00, 0.00, 0.79, 0.00, 0.09, 1.84, 0.00, 0.31, 0.64, 0.47, 0.06, 0.04, 0.00, 0.00, 0.08, 0.31, 0.00, 0.00, 0.00, 0.00, 1.00, 0.00, 0.00, 0.00, 1.00, 1.00, 1.00, 0.00, 0.00, 0.00, 0.00, 0.00, 0.00, 0.00, 0.00
329,  0,  11.016,  0.98,  1, 0.00, 0.00, 0.73, 0.00, 0.14, 1.81, 0.00, 0.25, 0.67, 0.45, 0.05, 0.00, 0.00, 0.00, 0.08, 0.26, 0.00, 0.00, 0.00, 0.00, 1.00, 0.00, 0.00, 0.00, 1.00, 1.00, 1.00, 0.00, 0.00, 0.00, 0.00, 0.00, 0.00, 0.00, 0.00
330,  0,  11.050,  0.98,  1, 0.05, 0.00, 0.70, 0.00, 0.18, 1.85, 0.00, 0.26, 0.67, 0.60, 0.01, 0.00, 0.00, 0.00, 0.09, 0.20, 0.00, 0.00, 0.00, 0.00, 1.00, 0.00, 0.00, 0.00, 1.00, 1.00, 1.00, 0.00, 0.00, 0.00, 0.00, 0.00, 0.00, 0.00, 0.00
331,  0,  11.083,  0.98,  1, 0.08, 0.00, 0.73, 0.00, 0.24, 1.75, 0.00, 0.50, 0.69, 0.73, 0.01, 0.00, 0.00, 0.00, 0.05, 0.20, 0.00, 0.00, 0.00, 0.00, 1.00, 0.00, 0.00, 0.00, 1.00, 1.00, 1.00, 0.00, 0.00, 0.00, 0.00, 0.00, 0.00, 0.00, 0.00
332,  0,  11.117,  0.98,  1, 0.11, 0.00, 0.76, 0.00, 0.24, 1.75, 0.00, 0.56, 0.66, 0.81, 0.04, 0.00, 0.00, 0.00, 0.05, 0.28, 0.00, 0.00, 0.00, 0.00, 1.00, 0.00, 0.00, 0.00, 1.00, 1.00, 1.00, 0.00, 0.00, 0.00, 0.00, 0.00, 0.00, 0.00, 0.00
333,  0,  11.150,  0.98,  1, 0.07, 0.00, 0.78, 0.00, 0.20, 1.63, 0.00, 0.58, 0.65, 0.68, 0.04, 0.00, 0.00, 0.00, 0.00, 0.30, 0.00, 0.00, 0.00, 0.00, 1.00, 0.00, 0.00, 0.00, 1.00, 1.00, 1.00, 0.00, 0.00, 0.00, 0.00, 0.00, 0.00, 0.00, 0.00
334,  0,  11.184,  0.98,  1, 0.05, 0.00, 0.76, 0.00, 0.11, 1.56, 0.00, 0.48, 0.57, 0.73, 0.08, 0.00, 0.00, 0.00, 0.00, 0.22, 0.00, 0.00, 0.00, 0.00, 1.00, 0.00, 0.00, 0.00, 1.00, 1.00, 1.00, 0.00, 0.00, 0.00, 0.00, 0.00, 0.00, 0.00, 0.00
335,  0,  11.217,  0.98,  1, 0.05, 0.00, 0.70, 0.00, 0.03, 1.52, 0.00, 0.45, 0.51, 0.70, 0.10, 0.04, 0.00, 0.00, 0.00, 0.22, 0.00, 0.00, 0.00, 0.00, 0.00, 0.00, 0.00, 0.00, 1.00, 0.00, 1.00, 0.00, 0.00, 0.00, 0.00, 0.00, 0.00, 0.00, 0.00
336,  0,  11.251,  0.98,  1, 0.04, 0.00, 0.65, 0.00, 0.00, 1.32, 0.00, 0.46, 0.51, 0.74, 0.12, 0.05, 0.00, 0.00, 0.00, 0.20, 0.00, 0.00, 0.00, 0.00, 0.00, 0.00, 0.00, 0.00, 1.00, 1.00, 1.00, 0.00, 0.00, 0.00, 0.00, 0.00, 0.00, 0.00, 0.00
337,  0,  11.285,  0.98,  1, 0.03, 0.00, 0.60, 0.00, 0.00, 1.24, 0.00, 0.51, 0.50, 0.73, 0.16, 0.08, 0.00, 0.00, 0.00, 0.23, 0.00, 0.00, 0.00, 0.00, 0.00, 0.00, 0.00, 0.00, 1.00, 0.00, 1.00, 0.00, 0.00, 0.00, 0.00, 0.00, 0.00, 0.00, 0.00
338,  0,  11.318,  0.98,  1, 0.01, 0.00, 0.62, 0.00, 0.00, 1.29, 0.00, 0.50, 0.49, 0.81, 0.15, 0.05, 0.00, 0.00, 0.02, 0.25, 0.00, 0.00, 0.00, 0.00, 0.00, 0.00, 0.00, 0.00, 1.00, 0.00, 1.00, 0.00, 0.00, 0.00, 0.00, 0.00, 0.00, 0.00, 0.00
339,  0,  11.352,  0.98,  1, 0.07, 0.00, 0.62, 0.00, 0.00, 1.48, 0.00, 0.54, 0.45, 0.84, 0.17, 0.09, 0.00, 0.00, 0.14, 0.30, 0.00, 0.00, 0.00, 0.00, 0.00, 0.00, 0.00, 0.00, 1.00, 0.00, 1.00, 1.00, 0.00, 0.00, 0.00, 0.00, 0.00, 0.00, 0.00
340,  0,  11.385,  0.98,  1, 0.07, 0.00, 0.66, 0.00, 0.02, 1.56, 0.00, 0.49, 0.50, 0.76, 0.16, 0.05, 0.00, 0.00, 0.17, 0.27, 0.00, 0.00, 0.00, 0.00, 0.00, 0.00, 0.00, 0.00, 1.00, 0.00, 1.00, 1.00, 0.00, 0.00, 0.00, 0.00, 0.00, 0.00, 0.00
341,  0,  11.419,  0.98,  1, 0.11, 0.00, 0.70, 0.00, 0.05, 1.53, 0.00, 0.57, 0.55, 0.54, 0.21, 0.06, 0.00, 0.00, 0.26, 0.27, 0.00, 0.00, 0.00, 0.00, 0.00, 0.00, 0.00, 0.00, 1.00, 0.00, 0.00, 1.00, 0.00, 0.00, 0.00, 0.00, 0.00, 0.00, 0.00
342,  0,  11.453,  0.98,  1, 0.05, 0.00, 0.70, 0.00, 0.06, 1.33, 0.00, 0.60, 0.56, 0.47, 0.24, 0.01, 0.00, 0.00, 0.21, 0.42, 0.00, 0.00, 0.00, 0.00, 0.00, 0.00, 0.00, 0.00, 1.00, 0.00, 0.00, 0.00, 0.00, 0.00, 0.00, 0.00, 0.00, 0.00, 0.00
343,  0,  11.486,  0.98,  1, 0.05, 0.00, 0.63, 0.00, 0.09, 1.37, 0.00, 0.69, 0.55, 0.35, 0.21, 0.01, 0.01, 0.00, 0.31, 0.50, 0.00, 0.00, 0.00, 0.00, 0.00, 0.00, 0.00, 0.00, 1.00, 0.00, 0.00, 0.00, 0.00, 0.00, 0.00, 0.00, 0.00, 0.00, 0.00
344,  0,  11.520,  0.98,  1, 0.01, 0.00, 0.57, 0.00, 0.08, 1.34, 0.00, 0.70, 0.62, 0.41, 0.09, 0.02, 0.01, 0.00, 0.24, 0.37, 0.00, 0.00, 0.00, 0.00, 0.00, 0.00, 0.00, 0.00, 1.00, 0.00, 0.00, 0.00, 0.00, 0.00, 0.00, 0.00, 0.00, 0.00, 0.00
345,  0,  11.553,  0.98,  1, 0.14, 0.00, 0.55, 0.00, 0.07, 1.41, 0.00, 0.72, 0.65, 0.54, 0.05, 0.30, 0.01, 0.05, 0.19, 0.24, 0.00, 0.00, 0.00, 0.00, 0.00, 0.00, 0.00, 0.00, 1.00, 0.00, 0.00, 0.00, 0.00, 0.00, 0.00, 0.00, 0.00, 0.00, 0.00
346,  0,  11.587,  0.98,  1, 0.32, 0.00, 0.58, 0.00, 0.02, 1.35, 0.00, 0.75, 0.66, 0.77, 0.11, 0.45, 0.00, 0.05, 0.22, 0.11, 0.00, 0.00, 0.00, 0.00, 0.00, 0.00, 0.00, 0.00, 1.00, 0.00, 0.00, 0.00, 0.00, 0.00, 0.00, 0.00, 0.00, 0.00, 0.00
347,  0,  11.620,  0.98,  1, 0.31, 0.00, 0.56, 0.00, 0.05, 1.39, 0.00, 0.91, 0.63, 0.79, 0.13, 0.49, 0.00, 0.05, 0.21, 0.13, 0.00, 0.00, 0.00, 0.00, 0.00, 0.00, 0.00, 0.00, 1.00, 1.00, 0.00, 0.00, 0.00, 0.00, 0.00, 0.00, 0.00, 0.00, 0.00
348,  0,  11.654,  0.98,  1, 0.18, 0.00, 0.55, 0.00, 0.13, 1.47, 0.00, 0.93, 0.63, 0.54, 0.13, 0.32, 0.00, 0.00, 0.26, 0.19, 0.00, 0.00, 0.00, 0.00, 0.00, 0.00, 0.00, 0.00, 1.00, 1.00, 1.00, 0.00, 0.00, 0.00, 0.00, 0.00, 0.00, 0.00, 0.00
349,  0,  11.688,  0.98,  1, 0.04, 0.00, 0.65, 0.00, 0.20, 1.53, 0.00, 0.90, 0.63, 0.44, 0.10, 0.17, 0.00, 0.00, 0.15, 0.26, 0.00, 0.00, 0.00, 0.00, 0.00, 0.00, 0.00, 0.00, 1.00, 1.00, 1.00, 0.00, 0.00, 0.00, 0.00, 0.00, 0.00, 0.00, 0.00
350,  0,  11.721,  0.98,  1, 0.05, 0.00, 0.71, 0.00, 0.20, 1.46, 0.00, 0.73, 0.61, 0.55, 0.13, 0.19, 0.00, 0.00, 0.13, 0.34, 0.00, 0.00, 0.00, 0.00, 0.00, 0.00, 0.00, 0.00, 1.00, 1.00, 1.00, 0.00, 0.00, 0.00, 0.00, 0.00, 0.00, 0.00, 0.00
351,  0,  11.755,  0.98,  1, 0.06, 0.00, 0.73, 0.00, 0.17, 1.55, 0.00, 0.72, 0.65, 0.86, 0.13, 0.10, 0.00, 0.00, 0.05, 0.26, 0.00, 0.00, 0.00, 0.00, 0.00, 0.00, 0.00, 0.00, 1.00, 1.00, 1.00, 0.00, 0.00, 0.00, 0.00, 0.00, 0.00, 0.00, 0.00
352,  0,  11.788,  0.98,  1, 0.08, 0.00, 0.66, 0.00, 0.14, 1.33, 0.00, 0.80, 0.72, 0.85, 0.11, 0.20, 0.00, 0.00, 0.03, 0.19, 0.00, 0.00, 0.00, 0.00, 0.00, 0.00, 0.00, 0.00, 1.00, 1.00, 1.00, 0.00, 0.00, 0.00, 0.00, 0.00, 0.00, 0.00, 0.00
353,  0,  11.822,  0.98,  1, 0.13, 0.00, 0.63, 0.00, 0.13, 1.25, 0.00, 0.95, 0.80, 0.82, 0.11, 0.21, 0.00, 0.00, 0.08, 0.07, 0.00, 0.00, 0.00, 0.00, 0.00, 0.00, 0.00, 0.00, 1.00, 1.00, 1.00, 0.00, 0.00, 0.00, 0.00, 0.00, 0.00, 0.00, 0.00
354,  0,  11.856,  0.98,  1, 0.18, 0.00, 0.68, 0.00, 0.12, 1.11, 0.00, 0.99, 0.85, 0.69, 0.10, 0.23, 0.00, 0.04, 0.08, 0.01, 0.00, 0.00, 0.00, 0.00, 1.00, 0.00, 0.00, 0.00, 1.00, 1.00, 1.00, 0.00, 0.00, 0.00, 0.00, 0.00, 0.00, 0.00, 0.00
355,  0,  11.889,  0.98,  1, 0.13, 0.00, 0.64, 0.04, 0.09, 1.06, 0.00, 0.94, 0.88, 0.76, 0.18, 0.19, 0.00, 0.04, 0.05, 0.11, 0.00, 0.00, 0.00, 0.00, 1.00, 0.00, 0.00, 0.00, 1.00, 1.00, 1.00, 0.00, 0.00, 0.00, 0.00, 0.00, 0.00, 0.00, 0.00
356,  0,  11.923,  0.98,  1, 0.13, 0.00, 0.68, 0.04, 0.08, 0.93, 0.00, 0.92, 0.96, 0.70, 0.13, 0.20, 0.00, 0.05, 0.00, 0.11, 0.00, 0.00, 0.00, 0.00, 1.00, 0.00, 0.00, 0.00, 1.00, 1.00, 1.00, 0.00, 0.00, 0.00, 0.00, 0.00, 0.00, 0.00, 0.00
357,  0,  11.956,  0.98,  1, 0.06, 0.00, 0.70, 0.05, 0.07, 0.96, 0.00, 0.90, 1.02, 0.71, 0.21, 0.33, 0.00, 0.00, 0.00, 0.11, 0.00, 0.00, 0.00, 0.00, 1.00, 0.00, 0.00, 0.00, 1.00, 1.00, 1.00, 0.00, 0.00, 0.00, 0.00, 0.00, 0.00, 0.00, 0.00
358,  0,  11.990,  0.98,  1, 0.12, 0.00, 0.74, 0.01, 0.11, 1.13, 0.00, 0.92, 1.09, 0.73, 0.09, 0.31, 0.00, 0.00, 0.00, 0.01, 0.00, 0.00, 0.00, 0.00, 1.00, 0.00, 0.00, 0.00, 1.00, 1.00, 1.00, 0.00, 0.00, 0.00, 0.00, 0.00, 0.00, 0.00, 0.00
359,  0,  12.023,  0.98,  1, 0.07, 0.00, 0.72, 0.02, 0.16, 1.22, 0.00, 0.81, 1.08, 0.87, 0.12, 0.21, 0.00, 0.00, 0.06, 0.01, 0.00, 0.00, 0.00, 0.00, 1.00, 0.00, 0.00, 0.00, 1.00, 1.00, 1.00, 0.00, 0.00, 0.00, 0.00, 0.00, 0.00, 0.00, 0.00
360,  0,  12.057,  0.98,  1, 0.17, 0.03, 0.61, 0.01, 0.12, 1.21, 0.00, 0.90, 1.07, 0.92, 0.03, 0.21, 0.00, 0.00, 0.06, 0.02, 0.00, 0.00, 0.00, 0.00, 1.00, 0.00, 0.00, 0.00, 1.00, 1.00, 1.00, 0.00, 0.00, 0.00, 0.00, 0.00, 0.00, 0.00, 0.00
361,  0,  12.091,  0.98,  1, 0.12, 0.03, 0.60, 0.01, 0.14, 1.15, 0.00, 0.97, 1.06, 0.96, 0.03, 0.15, 0.00, 0.05, 0.06, 0.05, 0.00, 0.00, 0.00, 0.00, 1.00, 0.00, 0.00, 0.00, 1.00, 1.00, 1.00, 0.00, 1.00, 0.00, 0.00, 0.00, 0.00, 0.00, 0.00
362,  0,  12.124,  0.98,  1, 0.11, 0.03, 0.67, 0.00, 0.15, 1.23, 0.00, 1.24, 1.04, 1.04, 0.00, 0.25, 0.00, 0.15, 0.02, 0.05, 0.00, 0.00, 0.00, 0.00, 1.00, 0.00, 0.00, 0.00, 1.00, 1.00, 1.00, 0.00, 1.00, 0.00, 0.00, 0.00, 0.00, 0.00, 0.00
363,  0,  12.158,  0.98,  1, 0.05, 0.00, 0.78, 0.00, 0.28, 1.26, 0.00, 1.25, 1.07, 1.12, 0.00, 0.29, 0.00, 0.20, 0.02, 0.03, 0.00, 0.00, 0.00, 0.00, 1.00, 0.00, 0.00, 0.00, 1.00, 1.00, 1.00, 0.00, 1.00, 0.00, 0.00, 0.00, 0.00, 0.00, 0.00
364,  0,  12.191,  0.98,  1, 0.04, 0.00, 0.81, 0.00, 0.36, 1.28, 0.00, 1.22, 1.12, 1.16, 0.01, 0.45, 0.00, 0.15, 0.09, 0.00, 0.00, 0.00, 0.00, 0.00, 1.00, 0.00, 0.00, 0.00, 1.00, 1.00, 1.00, 0.00, 1.00, 0.00, 0.00, 0.00, 0.00, 0.00, 0.00
365,  0,  12.225,  0.98,  1, 0.04, 0.00, 0.82, 0.00, 0.46, 1.35, 0.00, 1.14, 1.11, 1.01, 0.15, 0.58, 0.00, 0.05, 0.12, 0.00, 0.00, 0.00, 0.00, 0.00, 1.00, 0.00, 0.00, 0.00, 1.00, 1.00, 1.00, 0.00, 1.00, 0.00, 0.00, 0.00, 0.00, 0.00, 0.00
366,  0,  12.259,  0.98,  1, 0.00, 0.00, 0.79, 0.00, 0.55, 1.44, 0.00, 1.24, 1.04, 0.98, 0.37, 0.69, 0.00, 0.00, 0.12, 0.00, 0.00, 0.00, 0.00, 0.00, 1.00, 0.00, 0.00, 0.00, 1.00, 1.00, 1.00, 1.00, 1.00, 0.00, 0.00, 0.00, 0.00, 0.00, 0.00
367,  0,  12.292,  0.98,  1, 0.00, 0.00, 0.73, 0.00, 0.62, 1.67, 0.00, 1.38, 0.93, 1.00, 0.66, 0.97, 0.00, 0.03, 0.05, 0.00, 0.00, 0.00, 0.00, 0.00, 1.00, 0.00, 0.00, 0.00, 1.00, 1.00, 1.00, 1.00, 1.00, 0.00, 0.00, 0.00, 0.00, 0.00, 0.00
368,  0,  12.326,  0.98,  1, 0.00, 0.00, 0.65, 0.00, 0.68, 1.75, 0.00, 1.52, 0.87, 1.05, 0.95, 1.16, 0.00, 0.03, 0.00, 0.00, 0.00, 0.00, 0.00, 0.00, 1.00, 0.00, 0.00, 0.00, 1.00, 0.00, 1.00, 1.00, 1.00, 0.00, 0.00, 0.00, 0.00, 0.00, 0.00
369,  0,  12.359,  0.98,  1, 0.00, 0.00, 0.66, 0.00, 0.65, 1.79, 0.00, 1.59, 0.81, 1.08, 1.11, 1.22, 0.00, 0.03, 0.00, 0.00, 0.00, 0.00, 0.00, 0.00, 1.00, 0.00, 0.00, 0.00, 1.00, 0.00, 0.00, 1.00, 1.00, 0.00, 0.00, 0.00, 0.00, 0.00, 0.00
370,  0,  12.393,  0.98,  1, 0.02, 0.00, 0.62, 0.00, 0.59, 1.73, 0.00, 1.59, 0.77, 1.06, 1.29, 1.18, 0.00, 0.00, 0.00, 0.00, 0.00, 0.00, 0.00, 0.00, 1.00, 0.00, 0.00, 0.00, 1.00, 0.00, 0.00, 1.00, 1.00, 0.00, 0.00, 0.00, 0.00, 0.00, 0.00
371,  0,  12.426,  0.98,  1, 0.05, 0.01, 0.57, 0.00, 0.47, 1.49, 0.00, 1.57, 0.75, 1.03, 1.14, 1.08, 0.00, 0.00, 0.03, 0.00, 0.00, 0.00, 0.00, 0.00, 1.00, 0.00, 0.00, 0.00, 1.00, 0.00, 0.00, 1.00, 1.00, 0.00, 0.00, 0.00, 0.00, 0.00, 0.00
372,  0,  12.460,  0.98,  1, 0.08, 0.01, 0.52, 0.00, 0.47, 1.42, 0.00, 1.56, 0.74, 0.98, 1.21, 1.13, 0.00, 0.00, 0.05, 0.00, 0.00, 0.00, 0.00, 0.00, 1.00, 0.00, 0.00, 0.00, 1.00, 0.00, 0.00, 1.00, 1.00, 0.00, 0.00, 0.00, 0.00, 0.00, 0.00
373,  0,  12.494,  0.98,  1, 0.10, 0.01, 0.56, 0.01, 0.52, 1.51, 0.00, 1.62, 0.76, 1.00, 1.12, 1.06, 0.00, 0.00, 0.06, 0.00, 0.00, 0.00, 0.00, 0.00, 1.00, 0.00, 0.00, 0.00, 1.00, 0.00, 0.00, 1.00, 1.00, 0.00, 0.00, 0.00, 0.00, 0.00, 0.00
374,  0,  12.527,  0.98,  1, 0.09, 0.01, 0.61, 0.01, 0.58, 1.81, 0.00, 1.64, 0.79, 1.01, 1.11, 1.13, 0.00, 0.00, 0.02, 0.14, 0.00, 0.00, 0.00, 0.00, 1.00, 0.00, 0.00, 0.00, 1.00, 0.00, 0.00, 1.00, 1.00, 0.00, 0.00, 0.00, 0.00, 0.00, 0.00
375,  0,  12.561,  0.98,  1, 0.18, 0.01, 0.76, 0.01, 0.64, 1.92, 0.00, 1.85, 0.91, 1.08, 0.99, 1.06, 0.00, 0.00, 0.29, 0.36, 0.00, 0.00, 0.00, 0.00, 1.00, 0.00, 0.00, 0.00, 1.00, 1.00, 0.00, 1.00, 1.00, 0.00, 0.00, 0.00, 0.00, 0.00, 0.00
376,  0,  12.594,  0.98,  1, 0.33, 0.00, 0.97, 0.00, 0.67, 2.20, 0.00, 1.81, 0.94, 1.10, 0.83, 0.85, 0.00, 0.00, 0.98, 0.53, 0.00, 0.00, 0.00, 0.00, 1.00, 0.00, 0.00, 0.00, 1.00, 1.00, 0.00, 1.00, 1.00, 0.00, 0.00, 1.00, 0.00, 0.00, 0.00
377,  0,  12.628,  0.98,  1, 0.46, 0.00, 1.11, 0.00, 0.71, 2.33, 0.00, 1.78, 0.95, 1.13, 0.71, 0.55, 0.00, 0.00, 1.81, 0.66, 0.06, 0.00, 0.00, 0.00, 1.00, 0.00, 0.00, 0.00, 1.00, 1.00, 0.00, 1.00, 0.00, 0.00, 0.00, 1.00, 1.00, 0.00, 0.00
378,  0,  12.662,  0.98,  1, 0.63, 0.11, 1.21, 0.06, 0.72, 2.55, 0.00, 1.73, 0.97, 1.06, 0.53, 0.41, 0.00, 0.00, 2.07, 0.58, 0.06, 0.00, 0.00, 0.00, 0.00, 0.00, 0.00, 0.00, 1.00, 1.00, 0.00, 1.00, 0.00, 0.00, 0.00, 1.00, 1.00, 0.00, 0.00
379,  0,  12.695,  0.98,  1, 0.63, 0.11, 1.23, 0.06, 0.77, 2.32, 0.00, 1.95, 1.14, 1.00, 0.38, 0.47, 0.00, 0.00, 1.94, 0.55, 0.14, 0.00, 0.00, 0.00, 0.00, 0.00, 0.00, 0.00, 1.00, 1.00, 0.00, 1.00, 0.00, 0.00, 0.00, 1.00, 1.00, 0.00, 0.00
380,  0,  12.729,  0.98,  1, 0.66, 0.26, 1.47, 0.06, 0.83, 2.34, 0.03, 1.93, 1.25, 1.02, 0.33, 0.47, 0.00, 0.00, 1.74, 0.41, 0.34, 0.00, 0.00, 0.00, 0.00, 1.00, 0.00, 0.00, 1.00, 1.00, 0.00, 1.00, 0.00, 0.00, 0.00, 1.00, 1.00, 0.00, 0.00
381,  0,  12.762,  0.98,  1, 0.70, 0.28, 1.62, 0.00, 0.94, 2.56, 0.03, 2.01, 1.27, 1.08, 0.40, 0.41, 0.02, 0.00, 1.84, 0.44, 0.61, 0.00, 0.00, 0.00, 0.00, 1.00, 0.00, 0.00, 1.00, 1.00, 0.00, 1.00, 0.00, 0.00, 0.00, 1.00, 0.00, 0.00, 0.00
382,  0,  12.796,  0.98,  1, 0.77, 0.31, 1.79, 0.00, 1.05, 2.81, 0.06, 1.97, 1.23, 1.16, 0.44, 0.38, 0.02, 0.00, 1.87, 0.34, 0.58, 0.00, 0.00, 0.00, 0.00, 1.00, 0.00, 0.00, 1.00, 1.00, 0.00, 1.00, 0.00, 0.00, 0.00, 1.00, 0.00, 0.00, 0.00
383,  0,  12.830,  0.98,  1, 0.79, 0.24, 1.60, 0.00, 1.14, 2.88, 0.04, 1.98, 1.23, 1.21, 0.39, 0.31, 0.05, 0.00, 1.83, 0.35, 0.32, 0.00, 0.00, 0.00, 0.00, 1.00, 0.00, 0.00, 1.00, 1.00, 0.00, 1.00, 0.00, 0.00, 0.00, 1.00, 0.00, 0.00, 0.00
384,  0,  12.863,  0.98,  1, 0.60, 0.14, 1.48, 0.00, 1.16, 2.77, 0.04, 1.75, 1.23, 1.20, 0.23, 0.23, 0.22, 0.00, 1.73, 0.18, 0.05, 0.00, 0.00, 0.00, 0.00, 1.00, 0.00, 0.00, 1.00, 1.00, 0.00, 1.00, 0.00, 0.00, 0.00, 1.00, 0.00, 0.00, 1.00
385,  0,  12.897,  0.98,  1, 0.42, 0.10, 1.28, 0.00, 1.19, 2.81, 0.00, 1.66, 1.21, 1.20, 0.17, 0.12, 0.39, 0.00, 1.79, 0.13, 0.00, 0.00, 0.00, 0.00, 0.00, 1.00, 0.00, 0.00, 1.00, 1.00, 0.00, 1.00, 0.00, 0.00, 0.00, 1.00, 0.00, 0.00, 1.00
386,  0,  12.930,  0.98,  1, 0.37, 0.11, 1.29, 0.00, 1.25, 2.96, 0.00, 1.66, 1.23, 1.03, 0.21, 0.10, 0.48, 0.00, 1.88, 0.02, 0.00, 0.00, 0.00, 0.00, 0.00, 1.00, 1.00, 0.00, 1.00, 1.00, 0.00, 1.00, 0.00, 0.00, 0.00, 1.00, 0.00, 0.00, 1.00
387,  0,  12.964,  0.98,  1, 0.45, 0.17, 1.22, 0.00, 1.33, 3.00, 0.00, 1.66, 1.25, 0.87, 0.18, 0.03, 0.56, 0.00, 2.05, 0.07, 0.02, 0.00, 0.00, 0.00, 0.00, 1.00, 1.00, 0.00, 1.00, 1.00, 0.00, 1.00, 0.00, 0.00, 0.00, 1.00, 0.00, 0.00, 1.00
388,  0,  12.997,  0.98,  1, 0.49, 0.23, 1.28, 0.00, 1.35, 3.22, 0.00, 1.54, 1.26, 0.74, 0.21, 0.04, 0.57, 0.00, 2.22, 0.23, 0.02, 0.00, 0.00, 0.00, 0.00, 1.00, 1.00, 0.00, 1.00, 1.00, 0.00, 1.00, 0.00, 0.00, 0.00, 1.00, 0.00, 0.00, 1.00
389,  0,  13.031,  0.98,  1, 0.56, 0.39, 1.30, 0.00, 1.34, 3.20, 0.00, 1.71, 1.29, 0.83, 0.23, 0.04, 0.61, 0.00, 2.28, 0.36, 0.02, 0.00, 0.00, 0.00, 0.00, 1.00, 1.00, 0.00, 1.00, 1.00, 0.00, 1.00, 0.00, 0.00, 0.00, 1.00, 0.00, 0.00, 1.00
390,  0,  13.065,  0.98,  1, 0.53, 0.37, 1.36, 0.00, 1.37, 3.23, 0.00, 1.78, 1.35, 0.98, 0.23, 0.04, 0.64, 0.00, 2.28, 0.40, 0.00, 0.00, 0.00, 0.00, 0.00, 1.00, 1.00, 0.00, 1.00, 1.00, 0.00, 0.00, 0.00, 0.00, 0.00, 1.00, 0.00, 0.00, 1.00
391,  0,  13.098,  0.98,  1, 0.57, 0.31, 1.40, 0.00, 1.39, 2.92, 0.00, 1.92, 1.40, 1.06, 0.34, 0.04, 0.65, 0.00, 2.15, 0.40, 0.00, 0.00, 0.00, 0.00, 0.00, 1.00, 1.00, 0.00, 1.00, 1.00, 0.00, 0.00, 0.00, 0.00, 0.00, 1.00, 0.00, 0.00, 0.00
392,  0,  13.132,  0.98,  1, 0.39, 0.10, 1.48, 0.00, 1.47, 2.91, 0.00, 1.80, 1.47, 1.10, 0.21, 0.04, 0.87, 0.00, 2.15, 0.32, 0.00, 0.00, 0.00, 0.00, 0.00, 1.00, 1.00, 0.00, 1.00, 1.00, 0.00, 0.00, 0.00, 0.00, 0.00, 1.00, 0.00, 0.00, 0.00
393,  0,  13.165,  0.98,  1, 0.32, 0.08, 1.57, 0.00, 1.52, 2.89, 0.00, 1.79, 1.55, 1.15, 0.21, 0.04, 0.84, 0.00, 2.23, 0.37, 0.00, 0.00, 0.00, 0.00, 0.00, 1.00, 1.00, 0.00, 1.00, 1.00, 0.00, 0.00, 0.00, 0.00, 0.00, 1.00, 0.00, 0.00, 0.00
394,  0,  13.199,  0.98,  1, 0.20, 0.08, 1.56, 0.00, 1.61, 3.09, 0.00, 1.80, 1.63, 1.17, 0.04, 0.00, 0.80, 0.00, 2.30, 0.33, 0.03, 0.00, 0.00, 0.00, 0.00, 1.00, 1.00, 0.00, 1.00, 1.00, 0.00, 0.00, 0.00, 0.00, 0.00, 1.00, 0.00, 0.00, 0.00
395,  0,  13.233,  0.98,  1, 0.25, 0.07, 1.52, 0.00, 1.67, 3.02, 0.00, 1.80, 1.64, 1.15, 0.04, 0.02, 0.78, 0.00, 2.15, 0.51, 0.03, 0.00, 0.00, 0.00, 0.00, 1.00, 1.00, 0.00, 1.00, 1.00, 0.00, 0.00, 0.00, 0.00, 0.00, 1.00, 0.00, 0.00, 0.00
396,  0,  13.266,  0.98,  1, 0.23, 0.03, 1.42, 0.00, 1.66, 2.92, 0.00, 1.91, 1.69, 1.16, 0.04, 0.02, 0.72, 0.00, 1.93, 0.40, 0.03, 0.00, 0.00, 0.00, 0.00, 1.00, 1.00, 0.00, 1.00, 1.00, 0.00, 0.00, 0.00, 0.00, 0.00, 1.00, 0.00, 0.00, 0.00
397,  0,  13.300,  0.98,  1, 0.35, 0.08, 1.39, 0.00, 1.64, 2.77, 0.00, 1.91, 1.70, 1.16, 0.05, 0.02, 0.83, 0.00, 1.92, 0.35, 0.03, 0.00, 0.00, 0.00, 0.00, 1.00, 1.00, 0.00, 1.00, 1.00, 0.00, 0.00, 0.00, 0.00, 0.00, 1.00, 0.00, 0.00, 0.00
398,  0,  13.333,  0.98,  1, 0.30, 0.20, 1.33, 0.00, 1.60, 2.82, 0.00, 2.01, 1.73, 1.20, 0.18, 0.00, 0.68, 0.00, 2.11, 0.18, 0.03, 0.00, 0.00, 0.00, 0.00, 1.00, 1.00, 0.00, 1.00, 1.00, 0.00, 0.00, 0.00, 0.00, 0.00, 1.00, 0.00, 0.00, 0.00
399,  0,  13.367,  0.98,  1, 0.31, 0.26, 1.25, 0.00, 1.66, 2.86, 0.00, 1.94, 1.70, 1.18, 0.20, 0.00, 0.75, 0.00, 2.28, 0.15, 0.11, 0.00, 0.00, 0.00, 0.00, 1.00, 1.00, 0.00, 1.00, 1.00, 0.00, 0.00, 0.00, 0.00, 0.00, 1.00, 0.00, 0.00, 0.00
400,  0,  13.400,  0.98,  1, 0.36, 0.31, 1.32, 0.00, 1.73, 2.93, 0.03, 2.01, 1.65, 1.31, 0.15, 0.00, 0.77, 0.00, 2.23, 0.24, 0.07, 0.00, 0.00, 0.00, 0.00, 1.00, 1.00, 0.00, 1.00, 1.00, 0.00, 0.00, 0.00, 0.00, 0.00, 1.00, 0.00, 0.00, 0.00
401,  0,  13.434,  0.98,  1, 0.39, 0.16, 1.35, 0.00, 1.76, 2.91, 0.03, 1.95, 1.65, 1.26, 0.01, 0.00, 0.80, 0.00, 2.25, 0.39, 0.07, 0.00, 0.00, 0.00, 0.00, 1.00, 1.00, 0.00, 1.00, 1.00, 0.00, 0.00, 0.00, 0.00, 0.00, 1.00, 0.00, 0.00, 0.00
402,  0,  13.468,  0.98,  1, 0.32, 0.10, 1.51, 0.00, 1.76, 2.86, 0.03, 2.06, 1.66, 1.25, 0.00, 0.00, 0.64, 0.00, 2.36, 0.55, 0.00, 0.00, 0.00, 0.00, 0.00, 1.00, 1.00, 0.00, 1.00, 1.00, 0.00, 0.00, 0.00, 0.00, 0.00, 1.00, 0.00, 0.00, 0.00
403,  0,  13.501,  0.98,  1, 0.20, 0.00, 1.53, 0.00, 1.73, 2.91, 0.00, 2.01, 1.70, 1.04, 0.03, 0.00, 0.54, 0.00, 2.39, 0.67, 0.00, 0.00, 0.00, 0.00, 0.00, 1.00, 1.00, 0.00, 1.00, 1.00, 0.00, 0.00, 0.00, 1.00, 0.00, 1.00, 1.00, 0.00, 0.00
404,  0,  13.535,  0.98,  1, 0.18, 0.00, 1.54, 0.00, 1.75, 3.08, 0.00, 2.05, 1.68, 1.03, 0.03, 0.00, 0.30, 0.00, 2.34, 0.81, 0.00, 0.00, 0.00, 0.00, 0.00, 1.00, 1.00, 0.00, 1.00, 1.00, 0.00, 0.00, 0.00, 0.00, 0.00, 1.00, 1.00, 0.00, 0.00
405,  0,  13.568,  0.98,  1, 0.33, 0.00, 1.54, 0.00, 1.68, 3.24, 0.00, 1.95, 1.58, 0.95, 0.06, 0.00, 0.41, 0.00, 2.28, 1.07, 0.00, 0.00, 0.00, 0.00, 0.00, 1.00, 1.00, 0.00, 1.00, 1.00, 0.00, 0.00, 0.00, 0.00, 0.00, 1.00, 1.00, 0.00, 0.00
406,  0,  13.602,  0.98,  1, 0.32, 0.00, 1.53, 0.00, 1.57, 3.20, 0.00, 1.88, 1.54, 0.90, 0.03, 0.00, 0.36, 0.00, 2.21, 1.16, 0.00, 0.00, 0.00, 0.00, 0.00, 1.00, 1.00, 0.00, 1.00, 1.00, 0.00, 0.00, 0.00, 0.00, 0.00, 1.00, 1.00, 0.00, 0.00
407,  0,  13.636,  0.98,  1, 0.33, 0.00, 1.49, 0.00, 1.47, 3.09, 0.00, 1.86, 1.56, 0.98, 0.06, 0.00, 0.40, 0.00, 2.11, 1.14, 0.00, 0.00, 0.00, 0.00, 0.00, 1.00, 1.00, 0.00, 1.00, 1.00, 0.00, 0.00, 0.00, 0.00, 0.00, 1.00, 1.00, 0.00, 0.00
408,  0,  13.669,  0.98,  1, 0.19, 0.00, 1.45, 0.00, 1.58, 3.04, 0.00, 1.88, 1.68, 1.12, 0.06, 0.00, 0.31, 0.00, 1.98, 1.01, 0.00, 0.00, 0.00, 0.00, 0.00, 1.00, 1.00, 0.00, 1.00, 1.00, 0.00, 0.00, 0.00, 0.00, 0.00, 1.00, 1.00, 0.00, 0.00
409,  0,  13.703,  0.98,  1, 0.13, 0.00, 1.46, 0.01, 1.71, 2.99, 0.00, 2.04, 1.72, 1.35, 0.06, 0.00, 0.30, 0.00, 1.86, 0.85, 0.00, 0.00, 0.00, 0.00, 0.00, 1.00, 1.00, 0.00, 1.00, 1.00, 0.00, 0.00, 0.00, 0.00, 0.00, 1.00, 1.00, 0.00, 0.00
410,  0,  13.736,  0.98,  1, 0.05, 0.00, 1.57, 0.01, 1.81, 3.12, 0.00, 2.13, 1.73, 1.32, 0.02, 0.00, 0.39, 0.00, 1.82, 0.85, 0.00, 0.00, 0.00, 0.00, 0.00, 1.00, 1.00, 0.00, 1.00, 1.00, 0.00, 0.00, 0.00, 0.00, 0.00, 1.00, 1.00, 0.00, 0.00
411,  0,  13.770,  0.98,  1, 0.02, 0.00, 1.61, 0.01, 1.80, 3.18, 0.00, 2.22, 1.70, 1.27, 0.00, 0.00, 0.40, 0.00, 1.78, 0.87, 0.00, 0.00, 0.00, 0.00, 0.00, 1.00, 1.00, 0.00, 1.00, 1.00, 0.00, 0.00, 0.00, 0.00, 0.00, 1.00, 1.00, 0.00, 0.00
412,  0,  13.803,  0.98,  1, 0.00, 0.00, 1.52, 0.00, 1.80, 3.09, 0.00, 2.28, 1.76, 1.30, 0.00, 0.00, 0.35, 0.00, 1.78, 0.97, 0.00, 0.00, 0.00, 0.00, 0.00, 1.00, 1.00, 0.00, 1.00, 1.00, 0.00, 0.00, 0.00, 0.00, 0.00, 1.00, 1.00, 0.00, 0.00
413,  0,  13.837,  0.98,  1, 0.00, 0.00, 1.39, 0.03, 1.75, 2.96, 0.00, 2.17, 1.72, 1.32, 0.00, 0.00, 0.25, 0.00, 1.84, 0.82, 0.00, 0.00, 0.00, 0.00, 0.00, 1.00, 1.00, 0.00, 1.00, 1.00, 0.00, 0.00, 0.00, 0.00, 0.00, 1.00, 1.00, 0.00, 0.00
414,  0,  13.871,  0.98,  1, 0.00, 0.00, 1.42, 0.03, 1.72, 2.87, 0.00, 2.21, 1.74, 1.51, 0.00, 0.00, 0.19, 0.00, 1.79, 0.99, 0.00, 0.00, 0.00, 0.00, 0.00, 1.00, 1.00, 0.00, 1.00, 1.00, 0.00, 0.00, 0.00, 0.00, 0.00, 1.00, 1.00, 0.00, 0.00
415,  0,  13.904,  0.98,  1, 0.00, 0.00, 1.42, 0.03, 1.75, 3.08, 0.00, 2.09, 1.77, 1.48, 0.00, 0.00, 0.21, 0.00, 1.95, 1.11, 0.00, 0.00, 0.00, 0.00, 0.00, 1.00, 1.00, 0.00, 1.00, 1.00, 0.00, 0.00, 0.00, 0.00, 0.00, 1.00, 1.00, 0.00, 0.00
416,  0,  13.938,  0.98,  1, 0.00, 0.00, 1.36, 0.00, 1.78, 3.17, 0.00, 2.17, 1.87, 1.48, 0.00, 0.00, 0.32, 0.00, 2.04, 1.29, 0.00, 0.00, 0.00, 0.00, 0.00, 1.00, 1.00, 0.00, 1.00, 1.00, 0.00, 0.00, 0.00, 0.00, 0.00, 1.00, 1.00, 0.00, 0.00
417,  0,  13.971,  0.98,  1, 0.00, 0.00, 1.27, 0.00, 1.79, 3.33, 0.00, 2.06, 1.89, 1.35, 0.00, 0.00, 0.45, 0.00, 2.17, 1.12, 0.00, 0.00, 0.00, 0.00, 0.00, 1.00, 1.00, 0.00, 1.00, 1.00, 0.00, 0.00, 0.00, 0.00, 0.00, 1.00, 1.00, 0.00, 0.00
418,  0,  14.005,  0.98,  1, 0.00, 0.00, 1.25, 0.00, 1.68, 3.26, 0.00, 2.02, 1.85, 1.37, 0.00, 0.00, 0.49, 0.00, 1.97, 1.12, 0.00, 0.00, 0.00, 0.00, 0.00, 1.00, 1.00, 0.00, 1.00, 1.00, 0.00, 0.00, 0.00, 0.00, 0.00, 1.00, 1.00, 0.00, 0.00
419,  0,  14.039,  0.98,  1, 0.00, 0.00, 1.47, 0.00, 1.56, 3.07, 0.00, 1.88, 1.68, 1.53, 0.03, 0.00, 0.40, 0.00, 1.48, 1.11, 0.00, 0.00, 0.00, 0.00, 0.00, 1.00, 1.00, 0.00, 1.00, 1.00, 0.00, 0.00, 0.00, 0.00, 0.00, 1.00, 1.00, 0.00, 0.00
420,  0,  14.072,  0.98,  1, 0.01, 0.03, 1.52, 0.00, 1.35, 2.67, 0.00, 1.73, 1.42, 1.43, 0.21, 0.24, 0.25, 0.00, 0.79, 1.01, 0.00, 0.00, 0.00, 0.00, 0.00, 1.00, 1.00, 0.00, 1.00, 1.00, 0.00, 0.00, 0.00, 0.00, 0.00, 1.00, 1.00, 0.00, 0.00
421,  0,  14.106,  0.98,  1, 0.01, 0.03, 1.58, 0.00, 1.25, 2.58, 0.00, 1.69, 1.21, 1.39, 0.44, 0.35, 0.13, 0.00, 0.26, 0.69, 0.00, 0.00, 0.00, 0.00, 0.00, 1.00, 1.00, 0.00, 1.00, 1.00, 0.00, 0.00, 0.00, 0.00, 0.00, 1.00, 1.00, 0.00, 0.00
422,  0,  14.139,  0.98,  1, 0.01, 0.03, 1.53, 0.00, 1.28, 2.65, 0.00, 1.64, 1.23, 1.21, 0.46, 0.46, 0.10, 0.00, 0.00, 0.71, 0.00, 0.00, 0.00, 0.00, 0.00, 1.00, 1.00, 0.00, 1.00, 1.00, 0.00, 0.00, 0.00, 0.00, 0.00, 1.00, 1.00, 0.00, 0.00
423,  0,  14.173,  0.98,  1, 0.11, 0.02, 1.62, 0.00, 1.35, 2.74, 0.00, 1.62, 1.41, 1.30, 0.28, 0.23, 0.03, 0.00, 0.44, 0.93, 0.00, 0.00, 0.00, 0.00, 0.00, 1.00, 1.00, 0.00, 1.00, 1.00, 0.00, 0.00, 0.00, 0.00, 0.00, 1.00, 1.00, 0.00, 0.00
424,  0,  14.207,  0.98,  1, 0.12, 0.02, 1.61, 0.00, 1.49, 2.71, 0.00, 1.53, 1.65, 1.34, 0.05, 0.11, 0.03, 0.00, 1.09, 1.17, 0.00, 0.00, 0.00, 0.00, 0.00, 1.00, 1.00, 0.00, 1.00, 1.00, 0.00, 0.00, 0.00, 0.00, 0.00, 1.00, 1.00, 0.00, 0.00
425,  0,  14.240,  0.98,  1, 0.17, 0.02, 1.54, 0.00, 1.54, 2.65, 0.00, 1.58, 1.75, 1.19, 0.06, 0.00, 0.00, 0.00, 1.71, 1.17, 0.00, 0.00, 0.00, 0.00, 0.00, 1.00, 1.00, 0.00, 1.00, 1.00, 0.00, 0.00, 0.00, 0.00, 0.00, 1.00, 1.00, 0.00, 0.00
426,  0,  14.274,  0.98,  1, 0.07, 0.00, 1.44, 0.00, 1.55, 2.49, 0.00, 1.75, 1.74, 1.13, 0.13, 0.00, 0.00, 0.00, 1.80, 1.17, 0.00, 0.00, 0.00, 0.00, 0.00, 1.00, 1.00, 0.00, 1.00, 1.00, 0.00, 0.00, 0.00, 0.00, 0.00, 1.00, 1.00, 0.00, 0.00
427,  0,  14.307,  0.98,  1, 0.08, 0.00, 1.46, 0.00, 1.56, 2.48, 0.00, 1.83, 1.74, 1.09, 0.13, 0.00, 0.03, 0.00, 1.86, 1.07, 0.00, 0.00, 0.00, 0.00, 0.00, 1.00, 1.00, 0.00, 1.00, 1.00, 0.00, 0.00, 0.00, 0.00, 0.00, 1.00, 1.00, 0.00, 0.00
428,  0,  14.341,  0.98,  1, 0.05, 0.00, 1.47, 0.00, 1.54, 2.29, 0.00, 1.90, 1.73, 1.23, 0.08, 0.01, 0.13, 0.00, 1.73, 1.07, 0.00, 0.00, 0.00, 0.00, 0.00, 1.00, 1.00, 0.00, 1.00, 1.00, 0.00, 0.00, 0.00, 0.00, 0.00, 1.00, 1.00, 0.00, 0.00
429,  0,  14.374,  0.98,  1, 0.05, 0.00, 1.54, 0.00, 1.66, 2.54, 0.00, 1.93, 1.74, 1.39, 0.02, 0.01, 0.43, 0.00, 1.82, 0.97, 0.00, 0.00, 0.00, 0.00, 0.00, 1.00, 1.00, 0.00, 1.00, 1.00, 0.00, 0.00, 0.00, 0.00, 0.00, 1.00, 1.00, 0.00, 0.00
430,  0,  14.408,  0.98,  1, 0.02, 0.00, 1.54, 0.00, 1.69, 2.58, 0.02, 2.01, 1.70, 1.37, 0.02, 0.01, 0.46, 0.00, 1.62, 1.01, 0.00, 0.00, 0.00, 0.00, 0.00, 1.00, 1.00, 0.00, 1.00, 1.00, 0.00, 0.00, 0.00, 0.00, 0.00, 1.00, 1.00, 0.00, 0.00
431,  0,  14.442,  0.98,  1, 0.00, 0.00, 1.56, 0.00, 1.75, 2.75, 0.02, 1.97, 1.71, 1.38, 0.00, 0.00, 0.49, 0.00, 1.74, 0.89, 0.00, 0.00, 0.00, 0.00, 0.00, 1.00, 1.00, 0.00, 1.00, 1.00, 0.00, 0.00, 0.00, 0.00, 0.00, 1.00, 1.00, 0.00, 0.00
432,  0,  14.475,  0.98,  1, 0.00, 0.00, 1.54, 0.00, 1.79, 2.75, 0.05, 1.87, 1.74, 1.41, 0.00, 0.00, 0.29, 0.00, 1.86, 0.78, 0.00, 0.00, 0.00, 0.00, 0.00, 1.00, 1.00, 0.00, 1.00, 1.00, 0.00, 0.00, 0.00, 0.00, 0.00, 1.00, 1.00, 0.00, 0.00
433,  0,  14.509,  0.98,  1, 0.00, 0.00, 1.66, 0.00, 1.80, 2.59, 0.06, 1.96, 1.74, 1.45, 0.00, 0.00, 0.48, 0.00, 1.93, 0.88, 0.00, 0.00, 0.00, 0.00, 0.00, 1.00, 1.00, 0.00, 1.00, 1.00, 0.00, 0.00, 0.00, 1.00, 0.00, 1.00, 1.00, 0.00, 0.00
434,  0,  14.542,  0.98,  1, 0.01, 0.00, 1.69, 0.00, 1.77, 2.66, 0.06, 2.02, 1.72, 1.43, 0.07, 0.00, 0.57, 0.00, 1.92, 0.78, 0.00, 0.00, 0.00, 0.00, 0.00, 1.00, 1.00, 0.00, 1.00, 1.00, 0.00, 0.00, 0.00, 1.00, 0.00, 1.00, 1.00, 0.00, 0.00
435,  0,  14.576,  0.98,  1, 0.02, 0.00, 1.57, 0.11, 1.75, 2.61, 0.02, 2.13, 1.74, 1.37, 0.19, 0.00, 0.61, 0.00, 1.65, 0.83, 0.00, 0.00, 0.00, 0.00, 0.00, 1.00, 1.00, 0.00, 1.00, 1.00, 0.00, 0.00, 0.00, 1.00, 0.00, 1.00, 1.00, 0.00, 0.00
436,  0,  14.610,  0.98,  1, 0.02, 0.00, 1.43, 0.18, 1.76, 2.57, 0.00, 2.08, 1.67, 1.37, 0.31, 0.00, 0.62, 0.01, 1.39, 0.73, 0.00, 0.00, 0.00, 0.00, 0.00, 1.00, 1.00, 0.00, 1.00, 1.00, 1.00, 0.00, 0.00, 1.00, 0.00, 1.00, 1.00, 0.00, 0.00
437,  0,  14.643,  0.98,  1, 0.16, 0.00, 1.40, 0.18, 1.77, 2.43, 0.00, 2.00, 1.64, 1.56, 0.40, 0.00, 0.61, 0.09, 1.02, 0.68, 0.00, 0.00, 0.00, 0.00, 0.00, 1.00, 1.00, 0.00, 1.00, 1.00, 1.00, 0.00, 0.00, 1.00, 0.00, 1.00, 1.00, 0.00, 0.00
438,  0,  14.677,  0.98,  1, 0.29, 0.00, 1.60, 0.07, 1.77, 2.33, 0.00, 1.94, 1.60, 1.66, 0.39, 0.00, 0.93, 0.27, 0.66, 0.52, 0.00, 0.00, 0.00, 0.00, 0.00, 1.00, 1.00, 0.00, 1.00, 1.00, 1.00, 0.00, 0.00, 1.00, 0.00, 0.00, 0.00, 0.00, 0.00
439,  0,  14.710,  0.98,  1, 0.42, 0.00, 1.70, 0.00, 1.84, 2.38, 0.00, 1.94, 1.61, 1.84, 0.34, 0.10, 0.98, 0.54, 0.37, 0.40, 0.00, 1.00, 0.00, 0.00, 0.00, 1.00, 1.00, 0.00, 1.00, 1.00, 1.00, 0.00, 0.00, 1.00, 0.00, 0.00, 0.00, 0.00, 0.00
440,  0,  14.744,  0.98,  1, 0.27, 0.00, 1.73, 0.00, 1.94, 2.47, 0.00, 2.00, 1.62, 1.96, 0.49, 0.16, 1.04, 0.67, 0.14, 0.38, 0.00, 1.00, 0.00, 0.00, 0.00, 1.00, 1.00, 0.00, 1.00, 1.00, 1.00, 0.00, 0.00, 1.00, 0.00, 0.00, 0.00, 0.00, 0.00
441,  0,  14.777,  0.98,  1, 0.19, 0.00, 1.46, 0.00, 2.05, 2.50, 0.00, 2.06, 1.64, 2.09, 0.57, 0.20, 0.89, 0.62, 0.03, 0.26, 0.00, 1.00, 0.00, 0.00, 0.00, 1.00, 1.00, 0.00, 1.00, 1.00, 1.00, 0.00, 0.00, 1.00, 0.00, 0.00, 0.00, 0.00, 0.00
442,  0,  14.811,  0.98,  1, 0.06, 0.00, 1.41, 0.00, 2.08, 2.65, 0.00, 2.08, 1.67, 2.01, 0.70, 0.12, 0.85, 0.45, 0.00, 0.21, 0.03, 0.00, 0.00, 1.00, 0.00, 1.00, 1.00, 0.00, 1.00, 1.00, 1.00, 0.00, 0.00, 1.00, 0.00, 0.00, 0.00, 0.00, 0.00
443,  0,  14.845,  0.98,  1, 0.07, 0.00, 1.35, 0.00, 2.07, 2.63, 0.00, 2.19, 1.71, 1.97, 0.46, 0.07, 0.89, 0.41, 0.00, 0.09, 0.03, 0.00, 0.00, 0.00, 0.00, 1.00, 1.00, 0.00, 1.00, 1.00, 1.00, 0.00, 0.00, 1.00, 0.00, 0.00, 0.00, 0.00, 0.00
444,  0,  14.878,  0.98,  1, 0.03, 0.00, 1.49, 0.00, 2.01, 2.63, 0.00, 2.20, 1.69, 1.98, 0.36, 0.02, 0.93, 0.41, 0.00, 0.09, 0.09, 0.00, 0.00, 0.00, 0.00, 1.00, 1.00, 0.00, 1.00, 1.00, 1.00, 0.00, 0.00, 1.00, 0.00, 0.00, 0.00, 0.00, 0.00
445,  0,  14.912,  0.98,  1, 0.04, 0.00, 1.47, 0.00, 1.97, 2.62, 0.00, 2.15, 1.68, 2.17, 0.35, 0.00, 0.96, 0.44, 0.00, 0.07, 0.06, 0.00, 0.00, 0.00, 0.00, 1.00, 1.00, 0.00, 1.00, 1.00, 1.00, 0.00, 0.00, 1.00, 0.00, 0.00, 0.00, 0.00, 0.00
446,  0,  14.945,  0.98,  1, 0.03, 0.00, 1.30, 0.00, 1.91, 2.51, 0.00, 1.99, 1.67, 2.28, 0.35, 0.00, 1.06, 0.49, 0.00, 0.22, 0.06, 0.00, 0.00, 0.00, 0.00, 1.00, 1.00, 0.00, 1.00, 1.00, 1.00, 0.00, 0.00, 1.00, 0.00, 0.00, 0.00, 0.00, 0.00
447,  0,  14.979,  0.98,  1, 0.01, 0.00, 1.24, 0.00, 1.91, 2.58, 0.00, 1.94, 1.65, 2.02, 0.26, 0.00, 1.03, 0.54, 0.00, 0.37, 0.00, 0.00, 0.00, 0.00, 0.00, 1.00, 1.00, 0.00, 1.00, 1.00, 1.00, 0.00, 0.00, 1.00, 0.00, 0.00, 0.00, 0.00, 0.00
448,  0,  15.013,  0.98,  1, 0.00, 0.00, 1.15, 0.00, 1.95, 2.39, 0.00, 2.01, 1.71, 2.03, 0.09, 0.01, 1.15, 0.57, 0.00, 0.35, 0.00, 0.00, 0.00, 0.00, 0.00, 1.00, 1.00, 0.00, 1.00, 1.00, 1.00, 0.00, 0.00, 1.00, 0.00, 0.00, 0.00, 0.00, 0.00
449,  0,  15.046,  0.98,  1, 0.00, 0.00, 1.41, 0.00, 2.02, 2.47, 0.00, 2.11, 1.68, 1.89, 0.03, 0.01, 1.00, 0.58, 0.00, 0.23, 0.00, 0.00, 0.00, 0.00, 0.00, 1.00, 1.00, 0.00, 1.00, 1.00, 1.00, 0.00, 0.00, 1.00, 0.00, 0.00, 0.00, 0.00, 0.00
450,  0,  15.080,  0.98,  1, 0.00, 0.00, 1.37, 0.00, 2.00, 2.48, 0.00, 2.11, 1.69, 1.91, 0.03, 0.01, 0.86, 0.67, 0.00, 0.08, 0.00, 0.00, 0.00, 0.00, 0.00, 1.00, 1.00, 0.00, 1.00, 1.00, 1.00, 0.00, 0.00, 1.00, 0.00, 0.00, 0.00, 0.00, 0.00
451,  0,  15.113,  0.98,  1, 0.00, 0.00, 1.39, 0.00, 1.98, 2.67, 0.00, 2.05, 1.69, 1.74, 0.03, 0.00, 0.62, 0.78, 0.00, 0.02, 0.00, 0.00, 0.00, 0.00, 0.00, 1.00, 1.00, 0.00, 1.00, 1.00, 1.00, 0.00, 0.00, 1.00, 0.00, 0.00, 0.00, 0.00, 0.00
452,  0,  15.147,  0.98,  1, 0.00, 0.00, 1.28, 0.04, 1.97, 2.63, 0.00, 2.05, 1.74, 1.64, 0.03, 0.00, 0.41, 0.78, 0.00, 0.02, 0.00, 0.00, 0.00, 0.00, 0.00, 1.00, 1.00, 0.00, 1.00, 1.00, 1.00, 0.00, 0.00, 1.00, 0.00, 0.00, 0.00, 0.00, 0.00
453,  0,  15.180,  0.98,  1, 0.00, 0.00, 1.32, 0.04, 2.02, 2.60, 0.00, 2.20, 1.80, 1.73, 0.05, 0.00, 0.35, 0.80, 0.00, 0.05, 0.00, 0.00, 0.00, 0.00, 0.00, 1.00, 1.00, 0.00, 1.00, 1.00, 1.00, 0.00, 0.00, 1.00, 0.00, 0.00, 0.00, 0.00, 0.00
454,  0,  15.214,  0.98,  1, 0.00, 0.00, 1.30, 0.04, 2.06, 2.47, 0.00, 2.28, 1.80, 1.73, 0.04, 0.00, 0.31, 0.83, 0.00, 0.07, 0.00, 0.00, 0.00, 0.00, 0.00, 1.00, 1.00, 0.00, 1.00, 1.00, 1.00, 0.00, 0.00, 1.00, 0.00, 0.00, 0.00, 0.00, 0.00
455,  0,  15.248,  0.98,  1, 0.00, 0.00, 1.34, 0.00, 2.07, 2.49, 0.00, 2.29, 1.84, 1.80, 0.09, 0.00, 0.29, 0.95, 0.00, 0.08, 0.00, 0.00, 0.00, 0.00, 0.00, 1.00, 1.00, 0.00, 1.00, 1.00, 1.00, 0.00, 0.00, 1.00, 0.00, 0.00, 0.00, 0.00, 0.00
456,  0,  15.281,  0.98,  1, 0.00, 0.00, 1.27, 0.10, 2.04, 2.33, 0.00, 2.04, 1.81, 1.76, 0.08, 0.00, 0.40, 0.98, 0.00, 0.05, 0.00, 0.00, 0.00, 0.00, 0.00, 1.00, 1.00, 0.00, 1.00, 1.00, 1.00, 0.00, 0.00, 1.00, 0.00, 0.00, 0.00, 0.00, 0.00
457,  0,  15.315,  0.98,  1, 0.00, 0.00, 1.26, 0.10, 2.00, 2.26, 0.00, 1.97, 1.86, 1.72, 0.06, 0.00, 0.45, 1.06, 0.00, 0.04, 0.00, 0.00, 0.00, 0.00, 0.00, 1.00, 1.00, 0.00, 1.00, 1.00, 1.00, 0.00, 0.00, 1.00, 0.00, 0.00, 0.00, 0.00, 0.00
458,  0,  15.348,  0.98,  1, 0.00, 0.00, 1.20, 0.10, 2.05, 2.20, 0.00, 1.95, 1.87, 1.72, 0.01, 0.00, 0.53, 1.01, 0.00, 0.07, 0.00, 0.00, 0.00, 0.00, 0.00, 1.00, 1.00, 0.00, 1.00, 1.00, 1.00, 0.00, 0.00, 1.00, 0.00, 0.00, 0.00, 0.00, 0.00
459,  0,  15.382,  0.98,  1, 0.00, 0.00, 1.30, 0.00, 2.10, 2.23, 0.02, 2.12, 1.90, 1.80, 0.00, 0.00, 0.47, 0.95, 0.01, 0.20, 0.00, 0.00, 0.00, 0.00, 0.00, 1.00, 1.00, 0.00, 1.00, 1.00, 1.00, 0.00, 0.00, 1.00, 0.00, 0.00, 0.00, 0.00, 0.00
460,  0,  15.416,  0.98,  1, 0.00, 0.00, 1.31, 0.00, 2.14, 2.16, 0.02, 2.10, 1.87, 1.79, 0.00, 0.00, 0.47, 0.75, 0.01, 0.33, 0.00, 0.00, 0.00, 0.00, 0.00, 1.00, 1.00, 0.00, 1.00, 1.00, 1.00, 0.00, 0.00, 1.00, 0.00, 0.00, 0.00, 0.00, 0.00
461,  0,  15.449,  0.98,  1, 0.00, 0.00, 1.25, 0.00, 2.12, 2.25, 0.02, 2.04, 1.86, 1.75, 0.00, 0.00, 0.47, 0.80, 0.01, 0.31, 0.00, 0.00, 0.00, 0.00, 0.00, 1.00, 1.00, 0.00, 1.00, 1.00, 1.00, 0.00, 0.00, 1.00, 0.00, 0.00, 0.00, 0.00, 0.00
462,  0,  15.483,  0.98,  1, 0.00, 0.00, 1.16, 0.00, 2.11, 2.38, 0.00, 1.99, 1.86, 1.69, 0.00, 0.00, 0.48, 0.77, 0.00, 0.18, 0.00, 0.00, 0.00, 0.00, 0.00, 1.00, 1.00, 0.00, 1.00, 1.00, 1.00, 0.00, 0.00, 1.00, 0.00, 0.00, 0.00, 0.00, 0.00
463,  0,  15.516,  0.98,  1, 0.00, 0.00, 1.26, 0.00, 2.07, 2.47, 0.00, 2.02, 1.89, 1.66, 0.00, 0.01, 0.51, 0.84, 0.05, 0.05, 0.00, 0.00, 0.00, 0.00, 0.00, 1.00, 1.00, 0.00, 1.00, 1.00, 1.00, 0.00, 0.00, 1.00, 0.00, 0.00, 0.00, 0.00, 0.00
464,  0,  15.550,  0.98,  1, 0.00, 0.00, 1.28, 0.00, 2.06, 2.53, 0.00, 2.06, 1.86, 1.69, 0.00, 0.01, 0.58, 0.70, 0.05, 0.13, 0.00, 0.00, 0.00, 0.00, 0.00, 1.00, 1.00, 0.00, 1.00, 1.00, 1.00, 0.00, 0.00, 1.00, 0.00, 0.00, 0.00, 0.00, 0.00
465,  0,  15.583,  0.98,  1, 0.00, 0.00, 1.36, 0.00, 2.03, 2.28, 0.00, 2.09, 1.82, 1.76, 0.00, 0.09, 0.70, 0.65, 0.05, 0.39, 0.00, 0.00, 0.00, 0.00, 0.00, 1.00, 1.00, 0.00, 1.00, 1.00, 1.00, 0.00, 0.00, 1.00, 0.00, 0.00, 0.00, 0.00, 0.00
466,  0,  15.617,  0.98,  1, 0.00, 0.00, 1.33, 0.00, 1.95, 2.29, 0.09, 2.15, 1.74, 1.81, 0.08, 0.10, 0.73, 0.65, 0.00, 0.55, 0.00, 0.00, 0.00, 0.00, 0.00, 1.00, 1.00, 0.00, 1.00, 1.00, 1.00, 0.00, 0.00, 1.00, 0.00, 0.00, 0.00, 0.00, 0.00
467,  0,  15.651,  0.98,  1, 0.00, 0.00, 1.36, 0.00, 1.82, 2.22, 0.14, 2.25, 1.72, 1.86, 0.16, 0.20, 0.58, 0.69, 0.00, 0.61, 0.00, 0.00, 0.00, 0.00, 0.00, 1.00, 1.00, 0.00, 1.00, 1.00, 1.00, 0.00, 0.00, 1.00, 0.00, 0.00, 0.00, 0.00, 0.00
468,  0,  15.684,  0.98,  1, 0.00, 0.00, 1.35, 0.00, 1.73, 2.17, 0.20, 2.31, 1.70, 1.68, 0.20, 0.12, 0.42, 0.69, 0.00, 0.53, 0.00, 0.00, 0.00, 0.00, 0.00, 1.00, 1.00, 0.00, 1.00, 1.00, 1.00, 0.00, 0.00, 0.00, 0.00, 0.00, 0.00, 0.00, 0.00
469,  0,  15.718,  0.98,  1, 0.00, 0.00, 1.32, 0.00, 1.73, 2.23, 0.10, 2.28, 1.72, 1.59, 0.12, 0.10, 0.42, 0.63, 0.00, 0.44, 0.00, 0.00, 0.00, 0.00, 0.00, 1.00, 1.00, 0.00, 1.00, 1.00, 1.00, 0.00, 0.00, 0.00, 0.00, 0.00, 0.00, 0.00, 0.00
470,  0,  15.751,  0.98,  1, 0.00, 0.00, 1.38, 0.00, 1.79, 2.14, 0.06, 2.23, 1.73, 1.47, 0.07, 0.00, 0.52, 0.47, 0.12, 0.34, 0.00, 0.00, 0.00, 0.00, 0.00, 1.00, 1.00, 0.00, 1.00, 1.00, 1.00, 0.00, 0.00, 0.00, 0.00, 0.00, 0.00, 0.00, 0.00
471,  0,  15.785,  0.98,  1, 0.00, 0.00, 1.50, 0.00, 1.88, 2.44, 0.05, 2.19, 1.69, 1.47, 0.05, 0.00, 0.60, 0.37, 0.12, 0.15, 0.00, 0.00, 0.00, 0.00, 0.00, 1.00, 1.00, 0.00, 1.00, 1.00, 1.00, 0.00, 0.00, 0.00, 0.00, 0.00, 0.00, 0.00, 0.00
472,  0,  15.819,  0.98,  1, 0.00, 0.00, 1.54, 0.00, 1.93, 2.46, 0.10, 2.21, 1.62, 1.49, 0.06, 0.00, 0.41, 0.26, 0.12, 0.14, 0.00, 0.00, 0.00, 0.00, 0.00, 1.00, 1.00, 0.00, 1.00, 1.00, 1.00, 0.00, 0.00, 0.00, 0.00, 0.00, 0.00, 0.00, 0.00
473,  0,  15.852,  0.98,  1, 0.00, 0.00, 1.50, 0.00, 1.96, 2.51, 0.14, 2.20, 1.56, 1.49, 0.03, 0.00, 0.54, 0.24, 0.03, 0.19, 0.00, 0.00, 0.00, 0.00, 0.00, 1.00, 1.00, 0.00, 1.00, 1.00, 1.00, 0.00, 0.00, 0.00, 0.00, 0.00, 0.00, 0.00, 0.00
474,  0,  15.886,  0.98,  1, 0.00, 0.00, 1.36, 0.00, 1.99, 2.50, 0.14, 2.26, 1.62, 1.47, 0.01, 0.01, 0.42, 0.19, 0.03, 0.32, 0.00, 0.00, 0.00, 0.00, 0.00, 1.00, 1.00, 0.00, 1.00, 1.00, 1.00, 0.00, 0.00, 0.00, 0.00, 0.00, 0.00, 0.00, 0.00
475,  0,  15.919,  0.98,  1, 0.00, 0.00, 1.28, 0.00, 1.92, 2.44, 0.16, 2.25, 1.61, 1.39, 0.00, 0.03, 0.42, 0.12, 0.03, 0.39, 0.00, 0.00, 0.00, 0.00, 0.00, 1.00, 1.00, 0.00, 1.00, 1.00, 1.00, 0.00, 0.00, 0.00, 0.00, 0.00, 0.00, 0.00, 0.00
476,  0,  15.953,  0.98,  1, 0.00, 0.00, 1.26, 0.00, 1.86, 2.42, 0.19, 2.22, 1.60, 1.29, 0.02, 0.06, 0.27, 0.05, 0.05, 0.26, 0.00, 0.00, 0.00, 0.00, 0.00, 1.00, 1.00, 0.00, 1.00, 1.00, 1.00, 0.00, 0.00, 0.00, 0.00, 0.00, 0.00, 0.00, 0.00
477,  0,  15.987,  0.98,  1, 0.00, 0.00, 1.21, 0.00, 1.80, 2.38, 0.22, 2.18, 1.58, 1.36, 0.09, 0.15, 0.29, 0.02, 0.05, 0.24, 0.00, 0.00, 0.00, 0.00, 0.00, 1.00, 1.00, 0.00, 1.00, 1.00, 1.00, 0.00, 0.00, 0.00, 0.00, 0.00, 0.00, 0.00, 0.00
478,  0,  16.020,  0.98,  1, 0.00, 0.00, 1.17, 0.00, 1.76, 2.41, 0.16, 2.18, 1.62, 1.36, 0.10, 0.17, 0.29, 0.04, 0.05, 0.14, 0.00, 0.00, 0.00, 0.00, 0.00, 1.00, 1.00, 0.00, 1.00, 1.00, 1.00, 0.00, 0.00, 0.00, 0.00, 0.00, 0.00, 0.00, 0.00
479,  0,  16.054,  0.98,  1, 0.00, 0.00, 1.25, 0.01, 1.72, 2.43, 0.10, 2.23, 1.61, 1.28, 0.13, 0.14, 0.26, 0.17, 0.06, 0.19, 0.00, 0.00, 0.00, 0.00, 0.00, 1.00, 1.00, 0.00, 1.00, 1.00, 1.00, 0.00, 0.00, 0.00, 0.00, 0.00, 0.00, 0.00, 0.00
480,  0,  16.087,  0.98,  1, 0.00, 0.00, 1.39, 0.01, 1.65, 2.33, 0.01, 2.27, 1.50, 1.10, 0.16, 0.12, 0.28, 0.25, 0.06, 0.07, 0.00, 0.00, 0.00, 0.00, 0.00, 1.00, 1.00, 0.00, 1.00, 1.00, 1.00, 0.00, 0.00, 0.00, 0.00, 0.00, 0.00, 0.00, 0.00
481,  0,  16.121,  0.98,  1, 0.00, 0.00, 1.57, 0.01, 1.67, 2.18, 0.00, 2.24, 1.43, 1.10, 0.27, 0.13, 0.40, 0.28, 0.17, 0.17, 0.00, 0.00, 0.00, 0.00, 0.00, 1.00, 1.00, 0.00, 1.00, 1.00, 1.00, 0.00, 0.00, 0.00, 0.00, 0.00, 0.00, 0.00, 0.00
482,  0,  16.154,  0.98,  1, 0.00, 0.00, 1.71, 0.00, 1.72, 2.33, 0.08, 2.20, 1.41, 1.23, 0.35, 0.19, 0.42, 0.28, 0.12, 0.21, 0.00, 0.00, 0.00, 0.00, 0.00, 1.00, 1.00, 0.00, 1.00, 1.00, 0.00, 0.00, 0.00, 0.00, 0.00, 0.00, 0.00, 0.00, 0.00
483,  0,  16.188,  0.98,  1, 0.00, 0.00, 1.80, 0.00, 1.79, 2.56, 0.19, 2.13, 1.41, 1.23, 0.27, 0.23, 0.47, 0.26, 0.12, 0.36, 0.00, 0.00, 0.00, 0.00, 0.00, 1.00, 1.00, 0.00, 1.00, 1.00, 0.00, 0.00, 0.00, 0.00, 0.00, 0.00, 0.00, 0.00, 0.00
484,  0,  16.222,  0.98,  1, 0.00, 0.00, 1.80, 0.00, 1.84, 2.76, 0.25, 2.16, 1.42, 1.17, 0.28, 0.25, 0.55, 0.27, 0.01, 0.38, 0.00, 0.00, 0.00, 0.00, 0.00, 1.00, 1.00, 0.00, 1.00, 1.00, 0.00, 0.00, 0.00, 0.00, 0.00, 0.00, 0.00, 0.00, 0.00
485,  0,  16.255,  0.98,  1, 0.00, 0.00, 1.71, 0.00, 1.79, 2.64, 0.22, 2.18, 1.40, 1.22, 0.19, 0.18, 0.65, 0.20, 0.00, 0.39, 0.00, 0.00, 0.00, 0.00, 0.00, 1.00, 1.00, 0.00, 1.00, 1.00, 0.00, 0.00, 0.00, 0.00, 0.00, 0.00, 0.00, 0.00, 0.00
486,  0,  16.289,  0.98,  1, 0.00, 0.00, 1.63, 0.00, 1.76, 2.69, 0.18, 2.13, 1.43, 1.25, 0.20, 0.07, 0.65, 0.15, 0.00, 0.36, 0.00, 0.00, 0.00, 0.00, 0.00, 1.00, 1.00, 0.00, 1.00, 1.00, 0.00, 0.00, 0.00, 0.00, 0.00, 0.00, 0.00, 0.00, 0.00
487,  0,  16.322,  0.98,  1, 0.00, 0.00, 1.54, 0.00, 1.70, 2.57, 0.23, 2.16, 1.41, 1.23, 0.12, 0.06, 0.57, 0.08, 0.08, 0.37, 0.00, 0.00, 0.00, 0.00, 0.00, 1.00, 1.00, 0.00, 1.00, 1.00, 0.00, 0.00, 0.00, 0.00, 0.00, 0.00, 0.00, 0.00, 0.00
488,  0,  16.356,  0.98,  1, 0.00, 0.00, 1.46, 0.00, 1.69, 2.51, 0.23, 2.18, 1.38, 1.14, 0.15, 0.18, 0.46, 0.05, 0.08, 0.47, 0.00, 0.00, 0.00, 0.00, 0.00, 1.00, 1.00, 0.00, 1.00, 1.00, 0.00, 0.00, 0.00, 0.00, 0.00, 0.00, 0.00, 0.00, 0.00
489,  0,  16.390,  0.98,  1, 0.00, 0.00, 1.39, 0.00, 1.65, 2.42, 0.21, 2.28, 1.39, 1.13, 0.23, 0.30, 0.51, 0.07, 0.08, 0.48, 0.00, 0.00, 0.00, 0.00, 0.00, 1.00, 1.00, 0.00, 1.00, 1.00, 0.00, 0.00, 0.00, 0.00, 0.00, 0.00, 0.00, 0.00, 0.00
490,  0,  16.423,  0.98,  1, 0.00, 0.00, 1.33, 0.00, 1.66, 2.27, 0.21, 2.33, 1.42, 1.28, 0.22, 0.45, 0.38, 0.16, 0.02, 0.58, 0.00, 0.00, 0.00, 0.00, 0.00, 1.00, 1.00, 0.00, 1.00, 1.00, 0.00, 0.00, 0.00, 0.00, 0.00, 0.00, 0.00, 0.00, 0.00
491,  0,  16.457,  0.98,  1, 0.00, 0.00, 1.27, 0.00, 1.67, 2.20, 0.17, 2.37, 1.46, 1.29, 0.30, 0.53, 0.43, 0.21, 0.02, 0.48, 0.00, 0.00, 0.00, 0.00, 0.00, 1.00, 1.00, 0.00, 1.00, 1.00, 1.00, 0.00, 0.00, 0.00, 0.00, 0.00, 0.00, 0.00, 0.00
492,  0,  16.490,  0.98,  1, 0.00, 0.00, 1.32, 0.00, 1.75, 2.10, 0.19, 2.41, 1.46, 1.51, 0.34, 0.60, 0.43, 0.20, 0.02, 0.55, 0.00, 0.00, 0.00, 0.00, 0.00, 1.00, 1.00, 0.00, 1.00, 1.00, 1.00, 0.00, 0.00, 0.00, 0.00, 0.00, 0.00, 0.00, 0.00
493,  0,  16.524,  0.98,  1, 0.00, 0.00, 1.35, 0.00, 1.76, 2.22, 0.16, 2.21, 1.43, 1.58, 0.37, 0.55, 0.63, 0.11, 0.01, 0.44, 0.00, 0.00, 0.00, 0.00, 0.00, 1.00, 1.00, 0.00, 1.00, 1.00, 1.00, 0.00, 0.00, 0.00, 0.00, 0.00, 0.00, 0.00, 0.00
494,  0,  16.557,  0.98,  1, 0.00, 0.00, 1.31, 0.00, 1.77, 2.21, 0.19, 2.13, 1.45, 1.65, 0.25, 0.54, 0.61, 0.09, 0.01, 0.44, 0.00, 0.00, 0.00, 0.00, 0.00, 1.00, 1.00, 0.00, 1.00, 1.00, 1.00, 0.00, 0.00, 0.00, 0.00, 0.00, 0.00, 0.00, 0.00
495,  0,  16.591,  0.98,  1, 0.00, 0.00, 1.22, 0.00, 1.74, 2.10, 0.21, 2.06, 1.45, 1.53, 0.25, 0.45, 0.57, 0.15, 0.00, 0.39, 0.00, 0.00, 0.00, 0.00, 0.00, 1.00, 1.00, 0.00, 1.00, 1.00, 1.00, 0.00, 0.00, 0.00, 0.00, 0.00, 0.00, 0.00, 0.00
496,  0,  16.625,  0.98,  1, 0.00, 0.00, 1.38, 0.00, 1.72, 2.12, 0.25, 2.22, 1.42, 1.46, 0.30, 0.42, 0.37, 0.14, 0.00, 0.26, 0.00, 0.00, 0.00, 0.00, 0.00, 1.00, 1.00, 0.00, 1.00, 1.00, 1.00, 0.00, 0.00, 0.00, 0.00, 0.00, 0.00, 0.00, 0.00
497,  0,  16.658,  0.98,  1, 0.00, 0.00, 1.56, 0.00, 1.71, 2.31, 0.27, 2.31, 1.37, 1.57, 0.47, 0.35, 0.36, 0.18, 0.00, 0.27, 0.00, 0.00, 0.00, 0.00, 0.00, 1.00, 1.00, 0.00, 1.00, 1.00, 1.00, 0.00, 0.00, 0.00, 0.00, 0.00, 0.00, 0.00, 0.00
498,  0,  16.692,  0.98,  1, 0.00, 0.00, 1.73, 0.00, 1.69, 2.35, 0.24, 2.37, 1.38, 1.53, 0.48, 0.30, 0.26, 0.13, 0.00, 0.20, 0.00, 0.00, 0.00, 0.00, 0.00, 1.00, 1.00, 0.00, 1.00, 1.00, 1.00, 0.00, 0.00, 0.00, 0.00, 0.00, 0.00, 0.00, 0.00
499,  0,  16.725,  0.98,  1, 0.00, 0.00, 1.67, 0.00, 1.68, 2.30, 0.24, 2.38, 1.47, 1.48, 0.56, 0.26, 0.46, 0.16, 0.05, 0.32, 0.01, 0.00, 0.00, 0.00, 0.00, 1.00, 1.00, 0.00, 1.00, 1.00, 1.00, 0.00, 0.00, 0.00, 0.00, 0.00, 0.00, 0.00, 0.00
500,  0,  16.759,  0.98,  1, 0.00, 0.00, 1.65, 0.00, 1.70, 2.20, 0.28, 2.52, 1.58, 1.34, 0.51, 0.28, 0.44, 0.06, 0.09, 0.34, 0.01, 0.00, 0.00, 0.00, 0.00, 1.00, 1.00, 0.00, 1.00, 1.00, 1.00, 0.00, 0.00, 0.00, 0.00, 0.00, 0.00, 0.00, 0.00
501,  0,  16.793,  0.98,  1, 0.00, 0.00, 1.56, 0.00, 1.73, 2.21, 0.38, 2.49, 1.60, 1.35, 0.42, 0.31, 0.53, 0.06, 0.12, 0.40, 0.01, 0.00, 0.00, 0.00, 0.00, 1.00, 1.00, 0.00, 1.00, 1.00, 1.00, 0.00, 0.00, 0.00, 0.00, 0.00, 0.00, 0.00, 0.00
502,  0,  16.826,  0.98,  1, 0.00, 0.00, 1.50, 0.00, 1.77, 2.23, 0.37, 2.54, 1.63, 1.48, 0.24, 0.37, 0.37, 0.03, 0.25, 0.43, 0.00, 0.00, 0.00, 0.00, 0.00, 1.00, 1.00, 0.00, 1.00, 1.00, 1.00, 0.00, 0.00, 0.00, 0.00, 0.00, 0.00, 0.00, 0.00
503,  0,  16.860,  0.98,  1, 0.00, 0.00, 1.37, 0.00, 1.79, 2.19, 0.34, 2.43, 1.55, 1.49, 0.12, 0.30, 0.35, 0.03, 0.33, 0.39, 0.00, 0.00, 0.00, 0.00, 0.00, 1.00, 1.00, 0.00, 1.00, 1.00, 1.00, 0.00, 0.00, 0.00, 0.00, 0.00, 0.00, 0.00, 0.00
504,  0,  16.893,  0.98,  1, 0.00, 0.00, 1.24, 0.00, 1.80, 2.04, 0.31, 2.46, 1.57, 1.50, 0.10, 0.22, 0.31, 0.00, 0.40, 0.25, 0.00, 0.00, 0.00, 0.00, 0.00, 1.00, 1.00, 0.00, 1.00, 1.00, 1.00, 0.00, 0.00, 0.00, 0.00, 0.00, 0.00, 0.00, 0.00
505,  0,  16.927,  0.98,  1, 0.00, 0.00, 1.20, 0.00, 1.81, 1.94, 0.32, 2.43, 1.55, 1.38, 0.12, 0.24, 0.36, 0.09, 0.24, 0.18, 0.00, 0.00, 0.00, 0.00, 0.00, 1.00, 1.00, 0.00, 1.00, 1.00, 1.00, 0.00, 0.00, 0.00, 0.00, 0.00, 0.00, 0.00, 0.00
506,  0,  16.960,  0.98,  1, 0.00, 0.00, 1.31, 0.00, 1.82, 1.84, 0.34, 2.42, 1.60, 1.32, 0.08, 0.27, 0.26, 0.12, 0.22, 0.23, 0.00, 0.00, 0.00, 0.00, 0.00, 1.00, 1.00, 0.00, 1.00, 1.00, 1.00, 0.00, 0.00, 0.00, 0.00, 0.00, 0.00, 0.00, 0.00
507,  0,  16.994,  0.98,  1, 0.00, 0.00, 1.34, 0.00, 1.82, 1.78, 0.32, 2.35, 1.61, 1.26, 0.02, 0.42, 0.17, 0.15, 0.18, 0.35, 0.00, 0.00, 0.00, 0.00, 0.00, 1.00, 1.00, 0.00, 1.00, 1.00, 1.00, 0.00, 0.00, 0.00, 0.00, 0.00, 0.00, 0.00, 0.00
508,  0,  17.028,  0.98,  1, 0.00, 0.00, 1.37, 0.00, 1.80, 1.77, 0.35, 2.33, 1.57, 1.18, 0.11, 0.39, 0.04, 0.14, 0.20, 0.46, 0.00, 0.00, 0.00, 0.00, 0.00, 1.00, 1.00, 0.00, 1.00, 1.00, 1.00, 0.00, 0.00, 0.00, 0.00, 0.00, 0.00, 0.00, 0.00
509,  0,  17.061,  0.98,  1, 0.00, 0.00, 1.33, 0.00, 1.76, 1.86, 0.41, 2.36, 1.54, 1.16, 0.15, 0.42, 0.12, 0.13, 0.16, 0.47, 0.00, 0.00, 0.00, 0.00, 0.00, 1.00, 1.00, 0.00, 1.00, 1.00, 1.00, 0.00, 0.00, 0.00, 0.00, 0.00, 0.00, 0.00, 0.00
510,  0,  17.095,  0.98,  1, 0.00, 0.00, 1.44, 0.03, 1.69, 2.04, 0.44, 2.44, 1.47, 1.27, 0.25, 0.42, 0.26, 0.15, 0.10, 0.45, 0.00, 0.00, 0.00, 0.00, 0.00, 1.00, 1.00, 0.00, 1.00, 1.00, 1.00, 0.00, 0.00, 0.00, 0.00, 0.00, 0.00, 0.00, 0.00
511,  0,  17.128,  0.98,  1, 0.00, 0.00, 1.43, 0.04, 1.66, 2.08, 0.44, 2.43, 1.47, 1.30, 0.19, 0.50, 0.29, 0.12, 0.06, 0.35, 0.00, 0.00, 0.00, 0.00, 0.00, 1.00, 1.00, 0.00, 1.00, 1.00, 1.00, 0.00, 0.00, 0.00, 0.00, 0.00, 0.00, 0.00, 0.00
512,  0,  17.162,  0.98,  1, 0.00, 0.00, 1.40, 0.04, 1.60, 2.09, 0.39, 2.40, 1.48, 1.28, 0.32, 0.48, 0.20, 0.16, 0.00, 0.40, 0.00, 0.00, 0.00, 0.00, 0.00, 1.00, 1.00, 0.00, 1.00, 1.00, 1.00, 0.00, 0.00, 0.00, 0.00, 0.00, 0.00, 0.00, 0.00
513,  0,  17.196,  0.98,  1, 0.00, 0.00, 1.43, 0.02, 1.60, 2.10, 0.42, 2.28, 1.47, 1.32, 0.33, 0.45, 0.03, 0.12, 0.03, 0.41, 0.00, 0.00, 0.00, 0.00, 0.00, 1.00, 1.00, 0.00, 1.00, 1.00, 1.00, 0.00, 0.00, 0.00, 0.00, 0.00, 0.00, 0.00, 0.00
514,  0,  17.229,  0.98,  1, 0.00, 0.00, 1.51, 0.00, 1.55, 2.15, 0.44, 2.22, 1.47, 1.39, 0.35, 0.40, 0.00, 0.08, 0.08, 0.45, 0.00, 0.00, 0.00, 0.00, 0.00, 1.00, 1.00, 0.00, 1.00, 1.00, 1.00, 0.00, 0.00, 0.00, 0.00, 0.00, 0.00, 0.00, 0.00
515,  0,  17.263,  0.98,  1, 0.00, 0.00, 1.62, 0.00, 1.57, 2.27, 0.53, 2.16, 1.40, 1.43, 0.28, 0.32, 0.14, 0.01, 0.15, 0.42, 0.00, 0.00, 0.00, 0.00, 0.00, 1.00, 1.00, 0.00, 1.00, 1.00, 1.00, 0.00, 0.00, 0.00, 0.00, 0.00, 0.00, 0.00, 0.00
516,  0,  17.296,  0.98,  1, 0.00, 0.00, 1.64, 0.00, 1.56, 2.45, 0.58, 2.25, 1.40, 1.33, 0.38, 0.39, 0.25, 0.04, 0.11, 0.45, 0.00, 0.00, 0.00, 0.00, 0.00, 1.00, 1.00, 0.00, 1.00, 1.00, 1.00, 0.00, 0.00, 0.00, 0.00, 0.00, 0.00, 0.00, 0.00
517,  0,  17.330,  0.98,  1, 0.04, 0.00, 1.64, 0.02, 1.54, 2.44, 0.61, 2.18, 1.38, 1.27, 0.40, 0.34, 0.36, 0.03, 0.14, 0.46, 0.00, 0.00, 0.00, 0.00, 0.00, 1.00, 1.00, 0.00, 1.00, 1.00, 1.00, 0.00, 0.00, 0.00, 0.00, 0.00, 0.00, 0.00, 0.00
518,  0,  17.364,  0.98,  1, 0.04, 0.00, 1.60, 0.02, 1.47, 2.42, 0.62, 2.01, 1.37, 1.21, 0.50, 0.28, 0.31, 0.03, 0.23, 0.45, 0.00, 0.00, 0.00, 0.00, 0.00, 1.00, 1.00, 0.00, 1.00, 1.00, 1.00, 0.00, 0.00, 0.00, 0.00, 0.00, 0.00, 0.00, 0.00
519,  0,  17.397,  0.98,  1, 0.04, 0.00, 1.57, 0.08, 1.41, 2.22, 0.60, 1.85, 1.35, 1.34, 0.34, 0.14, 0.20, 0.00, 0.37, 0.43, 0.00, 0.00, 0.00, 0.00, 0.00, 1.00, 1.00, 0.00, 1.00, 1.00, 1.00, 0.00, 0.00, 0.00, 0.00, 0.00, 0.00, 0.00, 0.00
520,  0,  17.431,  0.98,  1, 0.00, 0.00, 1.56, 0.07, 1.39, 2.22, 0.53, 1.79, 1.36, 1.47, 0.41, 0.10, 0.09, 0.00, 0.39, 0.44, 0.00, 0.00, 0.00, 0.00, 0.00, 1.00, 1.00, 0.00, 1.00, 1.00, 1.00, 0.00, 0.00, 0.00, 0.00, 0.00, 0.00, 0.00, 0.00
521,  0,  17.464,  0.98,  1, 0.00, 0.00, 1.55, 0.07, 1.38, 1.88, 0.46, 1.94, 1.42, 1.62, 0.28, 0.18, 0.05, 0.03, 0.25, 0.48, 0.00, 0.00, 0.00, 0.00, 0.00, 1.00, 1.00, 0.00, 1.00, 1.00, 1.00, 0.00, 0.00, 0.00, 0.00, 0.00, 0.00, 0.00, 0.00
522,  0,  17.498,  0.98,  1, 0.00, 0.00, 1.53, 0.00, 1.41, 1.92, 0.42, 1.94, 1.48, 1.58, 0.39, 0.16, 0.05, 0.03, 0.16, 0.52, 0.00, 1.00, 0.00, 0.00, 0.00, 1.00, 1.00, 0.00, 1.00, 1.00, 1.00, 0.00, 0.00, 0.00, 0.00, 0.00, 0.00, 0.00, 0.00
523,  0,  17.531,  0.98,  1, 0.00, 0.00, 1.59, 0.03, 1.46, 1.73, 0.45, 2.05, 1.49, 1.51, 0.37, 0.15, 0.05, 0.03, 0.08, 0.61, 0.00, 1.00, 0.00, 0.00, 0.00, 1.00, 1.00, 0.00, 1.00, 1.00, 1.00, 0.00, 0.00, 0.00, 0.00, 0.00, 0.00, 0.00, 0.00
524,  0,  17.565,  0.98,  1, 0.02, 0.00, 1.67, 0.03, 1.53, 1.83, 0.52, 1.94, 1.44, 1.43, 0.35, 0.14, 0.12, 0.00, 0.15, 0.59, 0.00, 0.00, 0.00, 1.00, 0.00, 1.00, 1.00, 0.00, 1.00, 1.00, 1.00, 0.00, 0.00, 0.00, 0.00, 0.00, 0.00, 0.00, 0.00
525,  0,  17.599,  0.98,  1, 0.02, 0.00, 1.69, 0.03, 1.57, 1.84, 0.52, 1.96, 1.39, 1.42, 0.28, 0.18, 0.23, 0.00, 0.12, 0.60, 0.00, 0.00, 0.00, 1.00, 0.00, 1.00, 1.00, 0.00, 1.00, 1.00, 1.00, 0.00, 0.00, 0.00, 0.00, 0.00, 0.00, 0.00, 0.00
526,  0,  17.632,  0.98,  1, 0.02, 0.00, 1.71, 0.15, 1.59, 2.02, 0.59, 1.89, 1.36, 1.50, 0.24, 0.19, 0.23, 0.00, 0.15, 0.56, 0.00, 0.00, 0.00, 1.00, 0.00, 1.00, 1.00, 0.00, 1.00, 1.00, 1.00, 0.00, 0.00, 0.00, 0.00, 0.00, 0.00, 0.00, 0.00
527,  0,  17.666,  0.98,  1, 0.00, 0.00, 1.66, 0.23, 1.57, 2.15, 0.54, 1.92, 1.40, 1.61, 0.24, 0.18, 0.11, 0.00, 0.21, 0.63, 0.00, 0.00, 0.00, 1.00, 0.00, 1.00, 1.00, 0.00, 1.00, 1.00, 1.00, 0.00, 0.00, 0.00, 0.00, 0.00, 0.00, 0.00, 0.00
528,  0,  17.699,  0.98,  1, 0.00, 0.00, 1.67, 0.37, 1.56, 2.10, 0.57, 1.86, 1.39, 1.63, 0.15, 0.19, 0.05, 0.00, 0.21, 0.64, 0.00, 0.00, 0.00, 1.00, 0.00, 1.00, 1.00, 0.00, 1.00, 1.00, 1.00, 0.00, 0.00, 0.00, 0.00, 0.00, 0.00, 0.00, 0.00
529,  0,  17.733,  0.98,  1, 0.01, 0.00, 1.65, 0.29, 1.60, 2.12, 0.58, 1.90, 1.38, 1.64, 0.17, 0.16, 0.07, 0.00, 0.24, 0.63, 0.00, 0.00, 0.00, 1.00, 0.00, 1.00, 1.00, 0.00, 1.00, 1.00, 1.00, 0.00, 0.00, 0.00, 0.00, 0.00, 0.00, 0.00, 0.00
530,  0,  17.767,  0.98,  1, 0.01, 0.00, 1.66, 0.20, 1.58, 2.28, 0.63, 1.92, 1.38, 1.65, 0.26, 0.15, 0.09, 0.00, 0.20, 0.50, 0.00, 0.00, 0.00, 1.00, 0.00, 1.00, 1.00, 1.00, 1.00, 1.00, 1.00, 0.00, 0.00, 0.00, 0.00, 0.00, 0.00, 0.00, 0.00
531,  0,  17.800,  0.98,  1, 0.01, 0.00, 1.63, 0.06, 1.56, 2.28, 0.63, 1.97, 1.41, 1.63, 0.33, 0.10, 0.12, 0.00, 0.32, 0.54, 0.00, 0.00, 0.00, 1.00, 0.00, 1.00, 1.00, 1.00, 1.00, 1.00, 1.00, 0.00, 0.00, 0.00, 0.00, 0.00, 0.00, 0.00, 0.00
532,  0,  17.834,  0.98,  1, 0.00, 0.00, 1.64, 0.00, 1.56, 2.24, 0.68, 1.91, 1.46, 1.76, 0.21, 0.11, 0.11, 0.00, 0.42, 0.69, 0.05, 0.00, 0.00, 1.00, 0.00, 1.00, 1.00, 1.00, 1.00, 1.00, 1.00, 0.00, 0.00, 0.00, 0.00, 0.00, 0.00, 0.00, 0.00
533,  0,  17.867,  0.98,  1, 0.00, 0.00, 1.64, 0.00, 1.61, 2.13, 0.70, 1.95, 1.51, 1.71, 0.11, 0.11, 0.12, 0.00, 0.42, 0.74, 0.05, 0.00, 0.00, 1.00, 0.00, 1.00, 1.00, 1.00, 1.00, 1.00, 1.00, 0.00, 0.00, 0.00, 0.00, 0.00, 0.00, 0.00, 0.00
534,  0,  17.901,  0.98,  1, 0.00, 0.00, 1.64, 0.00, 1.65, 2.20, 0.75, 1.96, 1.57, 1.69, 0.04, 0.15, 0.12, 0.00, 0.36, 0.68, 0.05, 0.00, 0.00, 0.00, 0.00, 1.00, 1.00, 1.00, 1.00, 1.00, 1.00, 0.00, 0.00, 0.00, 0.00, 0.00, 0.00, 0.00, 0.00
535,  0,  17.934,  0.98,  1, 0.00, 0.00, 1.61, 0.08, 1.65, 2.18, 0.77, 2.07, 1.51, 1.57, 0.11, 0.11, 0.19, 0.00, 0.21, 0.56, 0.00, 0.00, 0.00, 0.00, 0.00, 1.00, 1.00, 1.00, 1.00, 1.00, 1.00, 0.00, 0.00, 0.00, 0.00, 0.00, 0.00, 0.00, 0.00
536,  0,  17.968,  0.98,  1, 0.00, 0.00, 1.61, 0.08, 1.64, 2.13, 0.70, 2.09, 1.47, 1.61, 0.13, 0.06, 0.26, 0.00, 0.23, 0.56, 0.00, 0.00, 0.00, 1.00, 0.00, 1.00, 1.00, 1.00, 1.00, 1.00, 1.00, 0.00, 0.00, 0.00, 0.00, 0.00, 0.00, 0.00, 0.00
537,  0,  18.002,  0.98,  1, 0.00, 0.00, 1.56, 0.08, 1.63, 2.08, 0.62, 2.14, 1.42, 1.61, 0.13, 0.06, 0.29, 0.00, 0.20, 0.69, 0.00, 0.00, 0.00, 1.00, 0.00, 1.00, 1.00, 1.00, 1.00, 1.00, 1.00, 0.00, 0.00, 0.00, 0.00, 0.00, 0.00, 0.00, 0.00
538,  0,  18.035,  0.98,  1, 0.00, 0.00, 1.59, 0.00, 1.57, 1.98, 0.52, 2.10, 1.41, 1.57, 0.11, 0.10, 0.26, 0.00, 0.27, 0.70, 0.00, 0.00, 0.00, 1.00, 0.00, 1.00, 1.00, 1.00, 1.00, 1.00, 1.00, 0.00, 0.00, 0.00, 0.00, 0.00, 0.00, 0.00, 0.00
539,  0,  18.069,  0.98,  1, 0.00, 0.00, 1.66, 0.00, 1.58, 1.82, 0.50, 2.00, 1.37, 1.52, 0.05, 0.10, 0.15, 0.00, 0.26, 0.75, 0.00, 0.00, 0.00, 1.00, 0.00, 1.00, 1.00, 1.00, 1.00, 1.00, 1.00, 0.00, 0.00, 0.00, 0.00, 0.00, 0.00, 0.00, 0.00
540,  0,  18.102,  0.98,  1, 0.00, 0.00, 1.70, 0.00, 1.54, 1.89, 0.51, 1.98, 1.29, 1.54, 0.11, 0.11, 0.05, 0.00, 0.24, 0.67, 0.00, 0.00, 0.00, 0.00, 0.00, 1.00, 1.00, 0.00, 1.00, 1.00, 1.00, 0.00, 0.00, 0.00, 0.00, 0.00, 0.00, 0.00, 0.00
541,  0,  18.136,  0.98,  1, 0.00, 0.00, 1.60, 0.00, 1.51, 1.92, 0.48, 1.96, 1.26, 1.56, 0.12, 0.13, 0.01, 0.00, 0.17, 0.67, 0.00, 0.00, 0.00, 0.00, 0.00, 1.00, 1.00, 0.00, 1.00, 1.00, 1.00, 0.00, 0.00, 0.00, 0.00, 0.00, 0.00, 0.00, 0.00
542,  0,  18.170,  0.98,  1, 0.00, 0.00, 1.49, 0.00, 1.48, 1.99, 0.52, 2.06, 1.27, 1.61, 0.30, 0.18, 0.01, 0.00, 0.16, 0.61, 0.00, 0.00, 0.00, 0.00, 0.00, 1.00, 1.00, 0.00, 1.00, 1.00, 1.00, 0.00, 0.00, 0.00, 0.00, 0.00, 0.00, 0.00, 0.00
543,  0,  18.203,  0.98,  1, 0.00, 0.00, 1.50, 0.06, 1.49, 1.82, 0.47, 2.02, 1.31, 1.70, 0.33, 0.18, 0.07, 0.00, 0.18, 0.59, 0.00, 0.00, 0.00, 0.00, 0.00, 1.00, 1.00, 0.00, 1.00, 1.00, 1.00, 0.00, 0.00, 0.00, 0.00, 0.00, 0.00, 0.00, 0.00
544,  0,  18.237,  0.98,  1, 0.00, 0.00, 1.53, 0.07, 1.47, 1.77, 0.48, 2.00, 1.35, 1.74, 0.30, 0.15, 0.06, 0.00, 0.27, 0.58, 0.00, 0.00, 0.00, 0.00, 1.00, 1.00, 1.00, 0.00, 1.00, 1.00, 1.00, 0.00, 0.00, 0.00, 0.00, 0.00, 0.00, 0.00, 0.00
545,  0,  18.270,  0.98,  1, 0.00, 0.00, 1.53, 0.09, 1.44, 1.95, 0.45, 1.95, 1.36, 1.71, 0.12, 0.13, 0.08, 0.00, 0.14, 0.65, 0.00, 0.00, 0.00, 0.00, 1.00, 1.00, 1.00, 0.00, 1.00, 1.00, 1.00, 0.00, 0.00, 0.00, 0.00, 0.00, 0.00, 0.00, 0.00
546,  0,  18.304,  0.98,  1, 0.00, 0.00, 1.37, 0.10, 1.48, 2.16, 0.54, 1.88, 1.31, 1.69, 0.08, 0.10, 0.01, 0.00, 0.19, 0.60, 0.00, 0.00, 0.00, 0.00, 1.00, 1.00, 1.00, 0.00, 1.00, 1.00, 1.00, 0.00, 0.00, 0.00, 0.00, 0.00, 0.00, 0.00, 0.00
547,  0,  18.337,  0.98,  1, 0.00, 0.00, 1.27, 0.09, 1.45, 2.19, 0.49, 1.91, 1.36, 1.73, 0.08, 0.11, 0.05, 0.00, 0.25, 0.59, 0.00, 0.00, 0.00, 0.00, 1.00, 1.00, 1.00, 0.00, 1.00, 1.00, 1.00, 0.00, 0.00, 0.00, 0.00, 0.00, 0.00, 0.00, 0.00
548,  0,  18.371,  0.98,  1, 0.00, 0.00, 1.30, 0.08, 1.38, 1.93, 0.48, 1.83, 1.41, 1.86, 0.17, 0.25, 0.05, 0.00, 0.26, 0.65, 0.00, 0.00, 0.00, 0.00, 1.00, 1.00, 1.00, 0.00, 1.00, 1.00, 1.00, 0.00, 0.00, 0.00, 0.00, 0.00, 0.00, 0.00, 0.00
549,  0,  18.405,  0.98,  1, 0.00, 0.00, 1.49, 0.00, 1.29, 1.89, 0.46, 1.97, 1.47, 1.96, 0.20, 0.24, 0.05, 0.00, 0.26, 0.72, 0.00, 0.00, 0.00, 0.00, 1.00, 1.00, 1.00, 0.00, 1.00, 1.00, 1.00, 0.00, 0.00, 0.00, 0.00, 0.00, 0.00, 0.00, 0.00
550,  0,  18.438,  0.98,  1, 0.00, 0.00, 1.63, 0.05, 1.34, 2.06, 0.51, 1.91, 1.47, 1.92, 0.16, 0.29, 0.08, 0.00, 0.15, 0.72, 0.00, 0.00, 0.00, 0.00, 1.00, 1.00, 1.00, 0.00, 1.00, 1.00, 1.00, 0.00, 0.00, 0.00, 0.00, 0.00, 0.00, 0.00, 0.00
551,  0,  18.472,  0.98,  1, 0.00, 0.00, 1.69, 0.05, 1.40, 2.14, 0.52, 2.02, 1.41, 1.95, 0.13, 0.31, 0.07, 0.00, 0.14, 0.61, 0.00, 0.00, 0.00, 0.00, 1.00, 1.00, 1.00, 0.00, 1.00, 1.00, 1.00, 0.00, 0.00, 0.00, 0.00, 0.00, 0.00, 0.00, 0.00
552,  0,  18.505,  0.98,  1, 0.00, 0.00, 1.65, 0.05, 1.47, 2.01, 0.54, 1.95, 1.42, 1.81, 0.21, 0.34, 0.16, 0.00, 0.10, 0.52, 0.00, 0.00, 0.00, 0.00, 1.00, 1.00, 1.00, 0.00, 1.00, 1.00, 1.00, 0.00, 0.00, 0.00, 0.00, 0.00, 0.00, 0.00, 0.00
553,  0,  18.539,  0.98,  1, 0.00, 0.00, 1.54, 0.10, 1.43, 1.82, 0.55, 1.99, 1.36, 1.80, 0.29, 0.28, 0.10, 0.00, 0.08, 0.45, 0.00, 0.00, 0.00, 0.00, 1.00, 1.00, 1.00, 0.00, 1.00, 1.00, 1.00, 0.00, 0.00, 0.00, 0.00, 0.00, 0.00, 0.00, 0.00
554,  0,  18.573,  0.98,  1, 0.00, 0.00, 1.39, 0.13, 1.41, 1.74, 0.57, 1.93, 1.38, 1.69, 0.28, 0.20, 0.10, 0.00, 0.18, 0.43, 0.00, 0.00, 0.00, 0.00, 1.00, 1.00, 1.00, 0.00, 1.00, 1.00, 1.00, 0.00, 0.00, 0.00, 0.00, 0.00, 0.00, 0.00, 0.00
555,  0,  18.606,  0.98,  1, 0.00, 0.00, 1.33, 0.13, 1.32, 1.65, 0.52, 1.97, 1.36, 1.78, 0.14, 0.25, 0.00, 0.00, 0.18, 0.43, 0.00, 0.00, 0.00, 0.00, 1.00, 1.00, 1.00, 0.00, 1.00, 1.00, 1.00, 0.00, 0.00, 0.00, 0.00, 0.00, 0.00, 0.00, 0.00
556,  0,  18.640,  0.98,  1, 0.00, 0.00, 1.36, 0.17, 1.31, 1.68, 0.47, 1.96, 1.36, 1.79, 0.06, 0.25, 0.00, 0.00, 0.28, 0.44, 0.00, 0.00, 0.00, 0.00, 1.00, 1.00, 1.00, 0.00, 1.00, 1.00, 1.00, 0.00, 0.00, 0.00, 0.00, 0.00, 0.00, 0.00, 0.00
557,  0,  18.673,  0.98,  1, 0.00, 0.00, 1.47, 0.14, 1.35, 1.76, 0.48, 2.04, 1.35, 1.75, 0.02, 0.16, 0.00, 0.00, 0.32, 0.50, 0.00, 0.00, 0.00, 0.00, 1.00, 0.00, 1.00, 0.00, 1.00, 1.00, 1.00, 0.00, 0.00, 0.00, 0.00, 0.00, 0.00, 0.00, 0.00
558,  0,  18.707,  0.98,  1, 0.00, 0.00, 1.48, 0.14, 1.41, 1.91, 0.55, 1.97, 1.33, 1.67, 0.02, 0.08, 0.03, 0.00, 0.39, 0.51, 0.00, 0.00, 0.00, 0.00, 0.00, 0.00, 1.00, 0.00, 1.00, 1.00, 1.00, 0.00, 0.00, 0.00, 0.00, 0.00, 0.00, 0.00, 0.00
559,  0,  18.740,  0.98,  1, 0.00, 0.00, 1.48, 0.04, 1.38, 1.83, 0.57, 1.93, 1.34, 1.68, 0.02, 0.13, 0.03, 0.00, 0.36, 0.55, 0.00, 0.00, 0.00, 0.00, 0.00, 1.00, 1.00, 0.00, 1.00, 1.00, 1.00, 0.00, 0.00, 0.00, 0.00, 0.00, 0.00, 0.00, 0.00
560,  0,  18.774,  0.98,  1, 0.00, 0.00, 1.41, 0.04, 1.44, 1.84, 0.57, 1.78, 1.38, 1.62, 0.05, 0.15, 0.03, 0.00, 0.34, 0.56, 0.00, 0.00, 0.00, 0.00, 0.00, 1.00, 1.00, 0.00, 1.00, 1.00, 1.00, 0.00, 0.00, 0.00, 0.00, 0.00, 0.00, 0.00, 0.00
561,  0,  18.808,  0.98,  1, 0.00, 0.00, 1.35, 0.12, 1.40, 1.60, 0.51, 1.75, 1.39, 1.65, 0.09, 0.22, 0.05, 0.00, 0.39, 0.68, 0.00, 0.00, 0.00, 0.00, 0.00, 1.00, 1.00, 0.00, 1.00, 1.00, 1.00, 0.00, 0.00, 0.00, 0.00, 0.00, 0.00, 0.00, 0.00
562,  0,  18.841,  0.98,  1, 0.00, 0.00, 1.31, 0.22, 1.44, 1.51, 0.55, 1.78, 1.36, 1.60, 0.09, 0.18, 0.05, 0.00, 0.42, 0.69, 0.00, 0.00, 0.00, 0.00, 0.00, 1.00, 1.00, 0.00, 1.00, 1.00, 1.00, 0.00, 0.00, 0.00, 0.00, 0.00, 0.00, 0.00, 0.00
563,  0,  18.875,  0.98,  1, 0.00, 0.00, 1.33, 0.29, 1.34, 1.41, 0.56, 1.91, 1.36, 1.63, 0.14, 0.22, 0.05, 0.00, 0.45, 0.82, 0.00, 0.00, 0.00, 0.00, 0.00, 0.00, 1.00, 0.00, 1.00, 1.00, 1.00, 0.00, 0.00, 0.00, 0.00, 0.00, 0.00, 0.00, 0.00
564,  0,  18.908,  0.98,  1, 0.00, 0.00, 1.39, 0.21, 1.34, 1.47, 0.58, 2.06, 1.33, 1.72, 0.08, 0.20, 0.00, 0.00, 0.43, 0.83, 0.00, 0.00, 0.00, 0.00, 0.00, 1.00, 1.00, 0.00, 1.00, 1.00, 1.00, 0.00, 0.00, 0.00, 0.00, 0.00, 0.00, 0.00, 0.00
565,  0,  18.942,  0.98,  1, 0.00, 0.00, 1.43, 0.08, 1.30, 1.51, 0.55, 2.05, 1.32, 1.75, 0.08, 0.33, 0.00, 0.00, 0.48, 0.97, 0.00, 0.00, 0.00, 0.00, 0.00, 1.00, 1.00, 0.00, 1.00, 1.00, 1.00, 0.00, 0.00, 0.00, 0.00, 0.00, 0.00, 0.00, 0.00
566,  0,  18.976,  0.98,  1, 0.00, 0.00, 1.48, 0.00, 1.34, 1.64, 0.53, 1.98, 1.27, 1.88, 0.01, 0.40, 0.00, 0.00, 0.42, 0.96, 0.00, 0.00, 0.00, 0.00, 0.00, 1.00, 1.00, 0.00, 1.00, 1.00, 1.00, 0.00, 0.00, 0.00, 0.00, 0.00, 0.00, 0.00, 0.00
567,  0,  19.009,  0.98,  1, 0.00, 0.00, 1.51, 0.05, 1.38, 1.62, 0.52, 1.86, 1.26, 1.87, 0.15, 0.52, 0.00, 0.00, 0.41, 0.92, 0.00, 0.00, 0.00, 0.00, 0.00, 1.00, 1.00, 0.00, 1.00, 1.00, 1.00, 0.00, 0.00, 0.00, 0.00, 0.00, 0.00, 0.00, 0.00
568,  0,  19.043,  0.98,  1, 0.01, 0.01, 1.54, 0.11, 1.44, 1.81, 0.58, 1.87, 1.26, 1.87, 0.15, 0.47, 0.00, 0.00, 0.40, 0.79, 0.00, 0.00, 0.00, 1.00, 0.00, 1.00, 1.00, 0.00, 1.00, 1.00, 1.00, 0.00, 0.00, 0.00, 0.00, 0.00, 0.00, 0.00, 0.00
569,  0,  19.076,  0.98,  1, 0.02, 0.01, 1.47, 0.18, 1.39, 1.67, 0.56, 1.73, 1.22, 1.81, 0.22, 0.49, 0.00, 0.00, 0.51, 0.71, 0.00, 0.00, 0.00, 1.00, 0.00, 1.00, 1.00, 0.00, 1.00, 1.00, 1.00, 0.00, 0.00, 0.00, 0.00, 0.00, 0.00, 0.00, 0.00
570,  0,  19.110,  0.98,  1, 0.04, 0.02, 1.45, 0.12, 1.30, 1.65, 0.57, 1.60, 1.18, 1.75, 0.11, 0.42, 0.00, 0.00, 0.55, 0.75, 0.00, 0.00, 0.00, 1.00, 1.00, 1.00, 1.00, 0.00, 1.00, 1.00, 1.00, 0.00, 0.00, 0.00, 0.00, 0.00, 0.00, 0.00, 0.00
571,  0,  19.144,  0.98,  1, 0.08, 0.03, 1.47, 0.07, 1.18, 1.46, 0.55, 1.49, 1.10, 1.84, 0.18, 0.33, 0.00, 0.00, 0.52, 0.67, 0.07, 1.00, 0.00, 1.00, 1.00, 1.00, 1.00, 0.00, 1.00, 1.00, 1.00, 0.00, 0.00, 0.00, 0.00, 0.00, 0.00, 0.00, 0.00
572,  0,  19.177,  0.98,  1, 0.07, 0.06, 1.46, 0.01, 1.11, 1.32, 0.57, 1.52, 1.08, 1.80, 0.10, 0.21, 0.01, 0.00, 0.49, 0.65, 0.10, 1.00, 0.00, 0.00, 1.00, 0.00, 1.00, 0.00, 1.00, 1.00, 1.00, 0.00, 0.00, 0.00, 0.00, 0.00, 0.00, 0.00, 0.00
573,  0,  19.211,  0.98,  1, 0.05, 0.16, 1.48, 0.04, 1.14, 1.34, 0.57, 1.62, 1.08, 1.81, 0.12, 0.16, 0.01, 0.00, 0.54, 0.69, 0.10, 0.00, 0.00, 1.00, 1.00, 0.00, 1.00, 0.00, 1.00, 1.00, 1.00, 0.00, 0.00, 0.00, 0.00, 0.00, 0.00, 0.00, 0.00
574,  0,  19.244,  0.98,  1, 0.01, 0.22, 1.41, 0.07, 1.18, 1.37, 0.53, 1.67, 1.12, 1.73, 0.09, 0.14, 0.01, 0.00, 0.57, 0.84, 0.11, 0.00, 0.00, 0.00, 1.00, 0.00, 1.00, 0.00, 1.00, 1.00, 1.00, 0.00, 0.00, 0.00, 0.00, 0.00, 0.00, 0.00, 0.00
575,  0,  19.278,  0.98,  1, 0.01, 0.39, 1.48, 0.13, 1.24, 1.46, 0.53, 1.73, 1.13, 1.87, 0.11, 0.27, 0.02, 0.00, 0.55, 0.97, 0.12, 0.00, 0.00, 0.00, 1.00, 0.00, 1.00, 0.00, 1.00, 1.00, 1.00, 0.00, 0.00, 0.00, 0.00, 0.00, 0.00, 0.00, 0.00
576,  0,  19.311,  0.98,  1, 0.02, 0.29, 1.53, 0.10, 1.24, 1.64, 0.48, 1.77, 1.17, 1.87, 0.06, 0.34, 0.03, 0.00, 0.45, 0.94, 0.12, 0.00, 0.00, 0.00, 1.00, 0.00, 1.00, 0.00, 1.00, 1.00, 1.00, 0.00, 0.00, 0.00, 0.00, 0.00, 0.00, 0.00, 0.00
577,  0,  19.345,  0.98,  1, 0.04, 0.21, 1.48, 0.16, 1.23, 1.83, 0.49, 1.81, 1.19, 1.92, 0.04, 0.40, 0.05, 0.00, 0.51, 0.99, 0.04, 0.00, 0.00, 0.00, 1.00, 0.00, 1.00, 0.00, 1.00, 1.00, 1.00, 0.00, 0.00, 0.00, 0.00, 0.00, 0.00, 0.00, 0.00
578,  0,  19.379,  0.98,  1, 0.04, 0.00, 1.48, 0.20, 1.19, 1.92, 0.39, 1.86, 1.22, 1.79, 0.02, 0.39, 0.03, 0.00, 0.40, 0.86, 0.00, 0.00, 0.00, 0.00, 1.00, 0.00, 1.00, 0.00, 1.00, 1.00, 1.00, 0.00, 0.00, 0.00, 0.00, 0.00, 0.00, 0.00, 0.00
579,  0,  19.412,  0.98,  1, 0.03, 0.00, 1.37, 0.31, 1.16, 1.77, 0.34, 1.87, 1.20, 1.82, 0.02, 0.45, 0.02, 0.00, 0.36, 0.87, 0.00, 0.00, 0.00, 0.00, 1.00, 0.00, 1.00, 0.00, 1.00, 1.00, 1.00, 0.00, 0.00, 0.00, 0.00, 0.00, 0.00, 0.00, 0.00
580,  0,  19.446,  0.98,  1, 0.00, 0.00, 1.40, 0.34, 1.15, 1.69, 0.23, 1.91, 1.16, 1.80, 0.00, 0.52, 0.00, 0.01, 0.21, 0.72, 0.00, 0.00, 0.00, 0.00, 1.00, 0.00, 1.00, 0.00, 1.00, 1.00, 1.00, 0.00, 0.00, 0.00, 0.00, 0.00, 0.00, 0.00, 0.00
581,  0,  19.479,  0.98,  1, 0.00, 0.01, 1.30, 0.30, 1.18, 1.75, 0.25, 1.90, 1.19, 1.84, 0.04, 0.48, 0.00, 0.02, 0.27, 0.66, 0.00, 0.00, 0.00, 0.00, 1.00, 1.00, 1.00, 0.00, 1.00, 1.00, 1.00, 0.00, 0.00, 0.00, 0.00, 0.00, 0.00, 0.00, 0.00
582,  0,  19.513,  0.98,  1, 0.00, 0.05, 1.27, 0.32, 1.17, 1.87, 0.30, 1.96, 1.19, 1.86, 0.08, 0.41, 0.05, 0.02, 0.30, 0.62, 0.00, 0.00, 0.00, 0.00, 0.00, 0.00, 1.00, 0.00, 1.00, 1.00, 1.00, 0.00, 0.00, 0.00, 0.00, 0.00, 0.00, 0.00, 0.00
583,  0,  19.547,  0.98,  1, 0.00, 0.05, 1.30, 0.31, 1.17, 1.92, 0.34, 1.96, 1.18, 1.88, 0.16, 0.35, 0.12, 0.01, 0.39, 0.55, 0.00, 0.00, 0.00, 0.00, 1.00, 0.00, 1.00, 0.00, 1.00, 1.00, 1.00, 0.00, 0.00, 0.00, 0.00, 0.00, 0.00, 0.00, 0.00
584,  0,  19.580,  0.98,  1, 0.00, 0.04, 1.41, 0.40, 1.14, 1.94, 0.36, 1.94, 1.15, 1.85, 0.12, 0.32, 0.12, 0.00, 0.46, 0.48, 0.00, 0.00, 0.00, 0.00, 1.00, 0.00, 1.00, 0.00, 1.00, 1.00, 1.00, 0.00, 0.00, 0.00, 0.00, 0.00, 0.00, 0.00, 0.00
585,  0,  19.614,  0.98,  1, 0.00, 0.00, 1.41, 0.43, 1.13, 2.09, 0.37, 1.90, 1.17, 1.78, 0.10, 0.41, 0.11, 0.00, 0.52, 0.52, 0.00, 0.00, 0.00, 0.00, 1.00, 0.00, 1.00, 0.00, 1.00, 1.00, 1.00, 0.00, 0.00, 0.00, 0.00, 0.00, 0.00, 0.00, 0.00
586,  0,  19.647,  0.98,  1, 0.00, 0.00, 1.43, 0.37, 1.12, 2.14, 0.43, 1.81, 1.16, 1.73, 0.06, 0.37, 0.05, 0.00, 0.56, 0.63, 0.00, 0.00, 0.00, 0.00, 1.00, 0.00, 1.00, 0.00, 1.00, 1.00, 1.00, 0.00, 0.00, 0.00, 0.00, 0.00, 0.00, 0.00, 0.00
587,  0,  19.681,  0.98,  1, 0.04, 0.00, 1.46, 0.22, 1.13, 2.22, 0.45, 1.79, 1.14, 1.81, 0.07, 0.35, 0.06, 0.00, 0.54, 0.77, 0.00, 0.00, 0.00, 0.00, 1.00, 0.00, 1.00, 0.00, 1.00, 1.00, 1.00, 0.00, 0.00, 0.00, 0.00, 0.00, 0.00, 0.00, 0.00
588,  0,  19.714,  0.98,  1, 0.04, 0.03, 1.49, 0.11, 1.12, 2.06, 0.46, 1.74, 1.14, 1.82, 0.10, 0.30, 0.07, 0.00, 0.51, 0.80, 0.00, 0.00, 0.00, 0.00, 1.00, 0.00, 1.00, 0.00, 1.00, 1.00, 1.00, 0.00, 0.00, 0.00, 0.00, 0.00, 0.00, 0.00, 0.00
589,  0,  19.748,  0.98,  1, 0.04, 0.03, 1.50, 0.09, 1.10, 1.89, 0.43, 1.71, 1.14, 1.79, 0.12, 0.43, 0.13, 0.00, 0.54, 0.80, 0.00, 0.00, 0.00, 0.00, 1.00, 0.00, 1.00, 0.00, 1.00, 1.00, 1.00, 0.00, 0.00, 0.00, 0.00, 0.00, 0.00, 0.00, 0.00
590,  0,  19.782,  0.98,  1, 0.00, 0.03, 1.41, 0.23, 1.09, 1.68, 0.41, 1.59, 1.13, 1.71, 0.21, 0.49, 0.12, 0.00, 0.56, 0.83, 0.00, 0.00, 0.00, 0.00, 1.00, 0.00, 1.00, 0.00, 1.00, 1.00, 1.00, 0.00, 0.00, 0.00, 0.00, 0.00, 0.00, 0.00, 0.00
591,  0,  19.815,  0.98,  1, 0.01, 0.00, 1.42, 0.21, 1.10, 1.60, 0.43, 1.55, 1.10, 1.81, 0.17, 0.51, 0.08, 0.00, 0.59, 0.85, 0.00, 0.00, 0.00, 0.00, 1.00, 0.00, 1.00, 0.00, 1.00, 1.00, 1.00, 0.00, 0.00, 0.00, 0.00, 0.00, 0.00, 0.00, 0.00
592,  0,  19.849,  0.98,  1, 0.05, 0.00, 1.46, 0.16, 1.10, 1.89, 0.45, 1.55, 1.10, 1.90, 0.17, 0.41, 0.02, 0.00, 0.53, 0.89, 0.00, 0.00, 0.00, 0.00, 1.00, 0.00, 1.00, 0.00, 1.00, 1.00, 1.00, 0.00, 0.00, 0.00, 0.00, 0.00, 0.00, 0.00, 0.00
593,  0,  19.882,  0.98,  1, 0.05, 0.00, 1.53, 0.08, 1.13, 1.98, 0.46, 1.66, 1.13, 1.95, 0.15, 0.28, 0.02, 0.00, 0.54, 0.98, 0.00, 0.00, 0.00, 0.00, 1.00, 0.00, 1.00, 0.00, 1.00, 1.00, 1.00, 0.00, 0.00, 0.00, 0.00, 0.00, 0.00, 0.00, 0.00
594,  0,  19.916,  0.98,  1, 0.04, 0.02, 1.57, 0.26, 1.14, 2.00, 0.39, 1.66, 1.18, 1.80, 0.15, 0.17, 0.05, 0.00, 0.48, 0.94, 0.00, 0.00, 0.00, 0.00, 1.00, 0.00, 1.00, 0.00, 1.00, 1.00, 1.00, 0.00, 0.00, 0.00, 0.00, 0.00, 0.00, 0.00, 0.00
595,  0,  19.950,  0.98,  1, 0.00, 0.15, 1.51, 0.41, 1.16, 1.63, 0.27, 1.72, 1.23, 1.77, 0.11, 0.18, 0.13, 0.00, 0.48, 0.96, 0.00, 0.00, 0.00, 0.00, 1.00, 0.00, 1.00, 0.00, 1.00, 1.00, 1.00, 0.00, 0.00, 0.00, 0.00, 0.00, 0.00, 0.00, 0.00
596,  0,  19.983,  0.98,  1, 0.00, 0.20, 1.43, 0.34, 1.09, 1.58, 0.18, 1.68, 1.25, 1.73, 0.14, 0.27, 0.13, 0.01, 0.45, 0.77, 0.00, 0.00, 0.00, 0.00, 1.00, 0.00, 1.00, 0.00, 1.00, 1.00, 1.00, 0.00, 0.00, 0.00, 0.00, 0.00, 0.00, 0.00, 0.00
597,  0,  20.017,  0.98,  1, 0.00, 0.19, 1.41, 0.22, 1.04, 1.48, 0.25, 1.78, 1.24, 1.82, 0.16, 0.32, 0.08, 0.01, 0.41, 0.79, 0.00, 0.00, 0.00, 0.00, 1.00, 0.00, 1.00, 0.00, 1.00, 1.00, 1.00, 0.00, 0.00, 0.00, 0.00, 0.00, 0.00, 0.00, 0.00
598,  0,  20.050,  0.98,  1, 0.03, 0.12, 1.40, 0.22, 1.01, 1.48, 0.34, 1.78, 1.25, 1.74, 0.18, 0.26, 0.00, 0.01, 0.40, 0.75, 0.00, 0.00, 0.00, 0.00, 1.00, 0.00, 1.00, 0.00, 1.00, 1.00, 1.00, 0.00, 0.00, 0.00, 0.00, 0.00, 0.00, 0.00, 0.00
599,  0,  20.084,  0.98,  1, 0.03, 0.17, 1.41, 0.56, 1.05, 1.56, 0.41, 1.88, 1.25, 1.69, 0.06, 0.27, 0.00, 0.04, 0.35, 0.88, 0.00, 1.00, 0.00, 0.00, 1.00, 0.00, 1.00, 0.00, 1.00, 1.00, 1.00, 0.00, 0.00, 0.00, 0.00, 0.00, 0.00, 0.00, 0.00
600,  0,  20.117,  0.98,  1, 0.03, 0.16, 1.28, 0.64, 1.06, 1.79, 0.35, 1.76, 1.21, 1.64, 0.04, 0.22, 0.00, 0.04, 0.37, 0.81, 0.00, 1.00, 0.00, 0.00, 1.00, 0.00, 1.00, 0.00, 1.00, 1.00, 1.00, 0.00, 0.00, 0.00, 0.00, 0.00, 0.00, 0.00, 0.00
601,  0,  20.151,  0.98,  1, 0.02, 0.14, 1.25, 0.60, 1.04, 1.92, 0.33, 1.68, 1.17, 1.58, 0.01, 0.19, 0.00, 0.04, 0.38, 0.74, 0.00, 1.00, 0.00, 0.00, 1.00, 0.00, 1.00, 0.00, 1.00, 1.00, 1.00, 0.00, 0.00, 0.00, 0.00, 0.00, 0.00, 0.00, 0.00
602,  0,  20.185,  0.98,  1, 0.02, 0.09, 1.24, 0.30, 1.06, 1.87, 0.32, 1.65, 1.12, 1.68, 0.00, 0.16, 0.02, 0.00, 0.37, 0.64, 0.00, 1.00, 0.00, 0.00, 1.00, 0.00, 1.00, 0.00, 1.00, 1.00, 1.00, 0.00, 0.00, 0.00, 0.00, 0.00, 0.00, 0.00, 0.00
603,  0,  20.218,  0.98,  1, 0.02, 0.09, 1.32, 0.15, 1.11, 1.91, 0.31, 1.72, 1.19, 1.74, 0.03, 0.18, 0.14, 0.00, 0.32, 0.65, 0.00, 0.00, 0.00, 0.00, 1.00, 0.00, 1.00, 0.00, 1.00, 1.00, 1.00, 0.00, 0.00, 0.00, 0.00, 0.00, 0.00, 0.00, 0.00
604,  0,  20.252,  0.98,  1, 0.00, 0.03, 1.34, 0.04, 1.20, 2.00, 0.32, 1.69, 1.26, 1.84, 0.03, 0.28, 0.19, 0.00, 0.24, 0.83, 0.00, 0.00, 0.00, 0.00, 1.00, 0.00, 1.00, 0.00, 1.00, 1.00, 1.00, 0.00, 0.00, 0.00, 0.00, 0.00, 0.00, 0.00, 0.00
605,  0,  20.285,  0.98,  1, 0.00, 0.00, 1.35, 0.06, 1.21, 1.99, 0.43, 1.73, 1.29, 1.85, 0.03, 0.26, 0.17, 0.00, 0.23, 0.89, 0.00, 0.00, 0.00, 0.00, 1.00, 0.00, 1.00, 0.00, 1.00, 1.00, 1.00, 0.00, 0.00, 0.00, 0.00, 0.00, 0.00, 0.00, 0.00
606,  0,  20.319,  0.98,  1, 0.00, 0.00, 1.36, 0.09, 1.15, 1.82, 0.48, 1.73, 1.24, 1.81, 0.00, 0.23, 0.14, 0.02, 0.29, 0.81, 0.00, 0.00, 0.00, 0.00, 1.00, 0.00, 1.00, 0.00, 1.00, 1.00, 1.00, 0.00, 0.00, 0.00, 0.00, 0.00, 0.00, 0.00, 0.00
607,  0,  20.353,  0.98,  1, 0.00, 0.00, 1.41, 0.21, 1.06, 1.68, 0.40, 1.81, 1.17, 1.78, 0.00, 0.17, 0.08, 0.02, 0.47, 0.68, 0.00, 0.00, 0.00, 0.00, 1.00, 0.00, 1.00, 0.00, 1.00, 1.00, 1.00, 0.00, 0.00, 0.00, 0.00, 0.00, 0.00, 0.00, 0.00
608,  0,  20.386,  0.98,  1, 0.00, 0.00, 1.44, 0.15, 1.06, 1.76, 0.35, 1.75, 1.17, 1.87, 0.09, 0.11, 0.12, 0.02, 0.53, 0.69, 0.00, 0.00, 0.00, 0.00, 1.00, 0.00, 1.00, 0.00, 1.00, 1.00, 1.00, 0.00, 0.00, 0.00, 0.00, 0.00, 0.00, 0.00, 0.00
609,  0,  20.420,  0.98,  1, 0.00, 0.00, 1.44, 0.12, 1.12, 1.84, 0.32, 1.80, 1.23, 1.90, 0.09, 0.17, 0.08, 0.04, 0.56, 0.86, 0.00, 0.00, 0.00, 0.00, 1.00, 0.00, 1.00, 0.00, 1.00, 1.00, 1.00, 0.00, 0.00, 0.00, 0.00, 0.00, 0.00, 0.00, 0.00
610,  0,  20.453,  0.98,  1, 0.00, 0.00, 1.39, 0.00, 1.17, 1.87, 0.47, 1.85, 1.26, 1.97, 0.09, 0.19, 0.15, 0.04, 0.32, 0.86, 0.00, 0.00, 0.00, 0.00, 1.00, 0.00, 1.00, 0.00, 1.00, 1.00, 1.00, 0.00, 0.00, 0.00, 0.00, 0.00, 0.00, 0.00, 0.00
611,  0,  20.487,  0.98,  1, 0.00, 0.00, 1.45, 0.00, 1.18, 1.92, 0.47, 1.78, 1.26, 1.86, 0.00, 0.21, 0.11, 0.03, 0.22, 0.82, 0.00, 0.00, 0.00, 0.00, 1.00, 0.00, 1.00, 0.00, 1.00, 1.00, 1.00, 0.00, 0.00, 0.00, 0.00, 0.00, 0.00, 0.00, 0.00
612,  0,  20.521,  0.98,  1, 0.00, 0.00, 1.45, 0.00, 1.20, 2.03, 0.51, 1.70, 1.20, 1.82, 0.00, 0.18, 0.09, 0.00, 0.03, 0.76, 0.00, 0.00, 0.00, 0.00, 1.00, 0.00, 1.00, 0.00, 1.00, 1.00, 1.00, 0.00, 0.00, 0.00, 0.00, 0.00, 0.00, 0.00, 0.00
613,  0,  20.554,  0.98,  1, 0.00, 0.00, 1.44, 0.01, 1.22, 2.16, 0.43, 1.63, 1.21, 1.77, 0.00, 0.19, 0.06, 0.00, 0.14, 0.76, 0.00, 1.00, 0.00, 0.00, 1.00, 1.00, 1.00, 0.00, 1.00, 1.00, 1.00, 0.00, 0.00, 0.00, 0.00, 0.00, 0.00, 0.00, 0.00
614,  0,  20.588,  0.98,  1, 0.00, 0.00, 1.37, 0.01, 1.22, 2.17, 0.42, 1.65, 1.19, 1.72, 0.00, 0.24, 0.06, 0.00, 0.28, 0.82, 0.00, 1.00, 0.00, 0.00, 1.00, 1.00, 1.00, 0.00, 1.00, 1.00, 1.00, 0.00, 0.00, 0.00, 0.00, 0.00, 0.00, 0.00, 0.00
615,  0,  20.621,  0.98,  1, 0.00, 0.00, 1.44, 0.08, 1.21, 2.09, 0.38, 1.67, 1.20, 1.67, 0.00, 0.27, 0.08, 0.00, 0.41, 0.90, 0.00, 1.00, 0.00, 0.00, 1.00, 1.00, 1.00, 0.00, 1.00, 1.00, 1.00, 0.00, 0.00, 0.00, 0.00, 0.00, 0.00, 0.00, 0.00
616,  0,  20.655,  0.98,  1, 0.00, 0.00, 1.54, 0.07, 1.22, 1.95, 0.41, 1.68, 1.18, 1.56, 0.00, 0.23, 0.03, 0.00, 0.44, 1.04, 0.00, 1.00, 0.00, 0.00, 0.00, 1.00, 1.00, 0.00, 1.00, 1.00, 1.00, 0.00, 0.00, 0.00, 0.00, 0.00, 0.00, 0.00, 0.00
617,  0,  20.688,  0.98,  1, 0.00, 0.00, 1.56, 0.10, 1.16, 1.72, 0.34, 1.62, 1.19, 1.54, 0.02, 0.28, 0.05, 0.00, 0.38, 1.04, 0.00, 1.00, 0.00, 0.00, 0.00, 0.00, 1.00, 0.00, 1.00, 1.00, 1.00, 0.00, 0.00, 0.00, 0.00, 0.00, 0.00, 0.00, 0.00
618,  0,  20.722,  0.98,  1, 0.03, 0.00, 1.59, 0.04, 1.12, 1.78, 0.33, 1.59, 1.14, 1.60, 0.03, 0.25, 0.02, 0.00, 0.32, 1.00, 0.00, 1.00, 0.00, 0.00, 0.00, 0.00, 1.00, 0.00, 1.00, 1.00, 1.00, 0.00, 0.00, 0.00, 0.00, 0.00, 0.00, 0.00, 0.00
619,  0,  20.756,  0.98,  1, 0.03, 0.00, 1.62, 0.04, 1.06, 1.96, 0.33, 1.51, 1.10, 1.69, 0.03, 0.25, 0.09, 0.00, 0.32, 0.91, 0.00, 1.00, 0.00, 0.00, 0.00, 0.00, 1.00, 0.00, 1.00, 1.00, 1.00, 0.00, 0.00, 0.00, 0.00, 0.00, 0.00, 0.00, 0.00
620,  0,  20.789,  0.98,  1, 0.03, 0.00, 1.68, 0.00, 1.09, 2.09, 0.41, 1.54, 1.10, 1.78, 0.01, 0.17, 0.07, 0.00, 0.31, 0.88, 0.00, 1.00, 0.00, 0.00, 0.00, 0.00, 1.00, 0.00, 1.00, 1.00, 1.00, 0.00, 0.00, 0.00, 0.00, 0.00, 0.00, 0.00, 0.00
621,  0,  20.823,  0.98,  1, 0.02, 0.00, 1.66, 0.00, 1.13, 2.07, 0.45, 1.56, 1.12, 1.83, 0.02, 0.16, 0.15, 0.00, 0.36, 0.83, 0.00, 1.00, 0.00, 0.00, 0.00, 0.00, 1.00, 0.00, 1.00, 1.00, 1.00, 0.00, 0.00, 0.00, 0.00, 0.00, 0.00, 0.00, 0.00
622,  0,  20.856,  0.98,  1, 0.02, 0.00, 1.66, 0.00, 1.17, 2.02, 0.47, 1.68, 1.17, 1.82, 0.06, 0.21, 0.13, 0.00, 0.30, 0.77, 0.00, 1.00, 0.00, 0.00, 0.00, 0.00, 1.00, 0.00, 1.00, 1.00, 1.00, 0.00, 0.00, 0.00, 0.00, 0.00, 0.00, 0.00, 0.00
623,  0,  20.890,  0.98,  1, 0.02, 0.00, 1.65, 0.00, 1.19, 2.14, 0.48, 1.75, 1.17, 1.79, 0.15, 0.32, 0.26, 0.00, 0.27, 0.76, 0.00, 0.00, 0.00, 0.00, 1.00, 0.00, 1.00, 0.00, 1.00, 1.00, 1.00, 0.00, 0.00, 0.00, 0.00, 0.00, 0.00, 0.00, 0.00
624,  0,  20.924,  0.98,  1, 0.00, 0.00, 1.54, 0.00, 1.17, 2.08, 0.45, 1.74, 1.16, 1.75, 0.15, 0.30, 0.24, 0.00, 0.20, 0.69, 0.00, 0.00, 0.00, 0.00, 1.00, 0.00, 1.00, 0.00, 1.00, 1.00, 1.00, 0.00, 0.00, 0.00, 0.00, 0.00, 0.00, 0.00, 0.00
625,  0,  20.957,  0.98,  1, 0.00, 0.00, 1.50, 0.00, 1.14, 2.04, 0.45, 1.68, 1.10, 1.75, 0.10, 0.26, 0.30, 0.00, 0.17, 0.68, 0.00, 0.00, 0.00, 0.00, 1.00, 1.00, 1.00, 0.00, 1.00, 1.00, 1.00, 0.00, 0.00, 0.00, 0.00, 0.00, 0.00, 0.00, 0.00
626,  0,  20.991,  0.98,  1, 0.05, 0.00, 1.45, 0.00, 1.16, 1.99, 0.41, 1.71, 1.13, 1.72, 0.03, 0.11, 0.26, 0.00, 0.23, 0.74, 0.00, 0.00, 0.00, 0.00, 1.00, 0.00, 1.00, 0.00, 1.00, 1.00, 1.00, 0.00, 0.00, 0.00, 0.00, 0.00, 0.00, 0.00, 0.00
627,  0,  21.024,  0.98,  1, 0.05, 0.00, 1.51, 0.00, 1.18, 2.15, 0.47, 1.71, 1.15, 1.70, 0.01, 0.06, 0.31, 0.00, 0.27, 0.82, 0.00, 0.00, 0.00, 0.00, 1.00, 0.00, 1.00, 0.00, 1.00, 1.00, 1.00, 0.00, 0.00, 0.00, 0.00, 0.00, 0.00, 0.00, 0.00
628,  0,  21.058,  0.98,  1, 0.05, 0.00, 1.56, 0.03, 1.21, 2.17, 0.46, 1.69, 1.17, 1.69, 0.01, 0.02, 0.24, 0.00, 0.40, 0.80, 0.00, 0.00, 0.00, 0.00, 1.00, 0.00, 1.00, 0.00, 1.00, 1.00, 1.00, 0.00, 0.00, 0.00, 0.00, 0.00, 0.00, 0.00, 0.00
629,  0,  21.091,  0.98,  1, 0.00, 0.00, 1.61, 0.03, 1.14, 2.18, 0.47, 1.60, 1.16, 1.60, 0.00, 0.01, 0.21, 0.00, 0.42, 0.68, 0.00, 1.00, 0.00, 0.00, 1.00, 0.00, 1.00, 0.00, 1.00, 1.00, 1.00, 0.00, 0.00, 0.00, 0.00, 0.00, 0.00, 0.00, 0.00
630,  0,  21.125,  0.98,  1, 0.00, 0.00, 1.60, 0.03, 1.16, 2.04, 0.44, 1.59, 1.16, 1.54, 0.00, 0.00, 0.09, 0.00, 0.44, 0.76, 0.00, 1.00, 0.00, 0.00, 1.00, 0.00, 1.00, 0.00, 1.00, 1.00, 1.00, 0.00, 0.00, 0.00, 0.00, 0.00, 0.00, 0.00, 0.00
631,  0,  21.159,  0.98,  1, 0.00, 0.00, 1.53, 0.00, 1.15, 2.02, 0.41, 1.59, 1.21, 1.53, 0.00, 0.00, 0.12, 0.00, 0.33, 0.80, 0.00, 1.00, 0.00, 0.00, 1.00, 0.00, 1.00, 0.00, 1.00, 1.00, 1.00, 0.00, 0.00, 0.00, 0.00, 0.00, 0.00, 0.00, 0.00
632,  0,  21.192,  0.98,  1, 0.00, 0.00, 1.50, 0.07, 1.18, 2.05, 0.44, 1.71, 1.21, 1.57, 0.00, 0.05, 0.06, 0.00, 0.30, 0.98, 0.00, 1.00, 0.00, 0.00, 1.00, 0.00, 1.00, 0.00, 1.00, 1.00, 1.00, 0.00, 0.00, 0.00, 0.00, 0.00, 0.00, 0.00, 0.00
633,  0,  21.226,  0.98,  1, 0.00, 0.00, 1.57, 0.07, 1.13, 2.07, 0.42, 1.77, 1.21, 1.46, 0.01, 0.06, 0.06, 0.00, 0.26, 0.94, 0.00, 1.00, 0.00, 0.00, 1.00, 0.00, 1.00, 0.00, 1.00, 1.00, 1.00, 0.00, 0.00, 0.00, 0.00, 0.00, 0.00, 0.00, 0.00
634,  0,  21.259,  0.98,  1, 0.00, 0.00, 1.62, 0.07, 1.10, 2.11, 0.43, 1.81, 1.13, 1.38, 0.01, 0.06, 0.01, 0.00, 0.25, 0.89, 0.00, 1.00, 0.00, 0.00, 1.00, 0.00, 1.00, 0.00, 1.00, 1.00, 1.00, 0.00, 0.00, 0.00, 0.00, 0.00, 0.00, 0.00, 0.00
635,  0,  21.293,  0.98,  1, 0.01, 0.00, 1.69, 0.08, 1.06, 2.06, 0.44, 1.76, 1.12, 1.47, 0.01, 0.01, 0.01, 0.00, 0.23, 0.86, 0.00, 0.00, 0.00, 0.00, 1.00, 0.00, 1.00, 0.00, 1.00, 1.00, 1.00, 0.00, 0.00, 0.00, 0.00, 0.00, 0.00, 0.00, 0.00
636,  0,  21.327,  0.98,  1, 0.03, 0.00, 1.68, 0.15, 1.01, 2.06, 0.37, 1.73, 1.09, 1.60, 0.00, 0.00, 0.14, 0.00, 0.25, 0.80, 0.00, 0.00, 1.00, 0.00, 1.00, 0.00, 1.00, 0.00, 1.00, 1.00, 1.00, 0.00, 0.00, 0.00, 0.00, 0.00, 0.00, 0.00, 0.00
637,  0,  21.360,  0.98,  1, 0.04, 0.00, 1.64, 0.28, 1.02, 2.08, 0.31, 1.66, 1.09, 1.70, 0.00, 0.00, 0.22, 0.00, 0.32, 0.84, 0.00, 0.00, 1.00, 0.00, 1.00, 0.00, 1.00, 0.00, 1.00, 1.00, 1.00, 0.00, 0.00, 0.00, 0.00, 0.00, 0.00, 0.00, 0.00
638,  0,  21.394,  0.98,  1, 0.10, 0.00, 1.55, 0.36, 1.08, 1.98, 0.28, 1.62, 1.07, 1.67, 0.00, 0.00, 0.35, 0.00, 0.38, 0.76, 0.01, 0.00, 1.00, 0.00, 1.00, 0.00, 1.00, 0.00, 1.00, 1.00, 1.00, 0.00, 0.00, 0.00, 0.00, 0.00, 0.00, 0.00, 0.00
639,  0,  21.427,  0.98,  1, 0.09, 0.00, 1.53, 0.37, 1.17, 1.94, 0.40, 1.52, 1.03, 1.65, 0.00, 0.02, 0.32, 0.00, 0.37, 0.77, 0.01, 0.00, 1.00, 0.00, 1.00, 1.00, 1.00, 0.00, 1.00, 1.00, 1.00, 0.00, 0.00, 0.00, 0.00, 0.00, 0.00, 0.00, 0.00
640,  0,  21.461,  0.98,  1, 0.10, 0.00, 1.59, 0.38, 1.26, 2.08, 0.53, 1.51, 1.05, 1.58, 0.00, 0.02, 0.35, 0.00, 0.39, 0.80, 0.01, 0.00, 1.00, 0.00, 1.00, 1.00, 1.00, 0.00, 1.00, 1.00, 1.00, 0.00, 0.00, 0.00, 0.00, 0.00, 0.00, 0.00, 0.00
641,  0,  21.494,  0.98,  1, 0.03, 0.00, 1.59, 0.36, 1.23, 2.09, 0.56, 1.52, 1.08, 1.50, 0.00, 0.03, 0.32, 0.00, 0.30, 0.76, 0.00, 0.00, 1.00, 0.00, 1.00, 1.00, 1.00, 0.00, 1.00, 1.00, 1.00, 0.00, 0.00, 0.00, 0.00, 0.00, 0.00, 0.00, 0.00
642,  0,  21.528,  0.98,  1, 0.02, 0.00, 1.58, 0.41, 1.22, 2.13, 0.55, 1.63, 1.18, 1.41, 0.00, 0.01, 0.37, 0.00, 0.28, 0.76, 0.00, 0.00, 1.00, 0.00, 1.00, 1.00, 1.00, 0.00, 1.00, 1.00, 1.00, 0.00, 0.00, 0.00, 0.00, 0.00, 0.00, 0.00, 0.00
643,  0,  21.562,  0.98,  1, 0.00, 0.00, 1.53, 0.39, 1.17, 2.04, 0.48, 1.70, 1.21, 1.36, 0.00, 0.01, 0.37, 0.00, 0.19, 0.74, 0.00, 0.00, 1.00, 0.00, 1.00, 1.00, 1.00, 0.00, 1.00, 1.00, 1.00, 0.00, 0.00, 0.00, 0.00, 0.00, 0.00, 0.00, 0.00
644,  0,  21.595,  0.98,  1, 0.00, 0.00, 1.53, 0.27, 1.21, 1.98, 0.51, 1.75, 1.22, 1.39, 0.00, 0.01, 0.37, 0.00, 0.17, 0.82, 0.00, 0.00, 1.00, 0.00, 1.00, 1.00, 1.00, 0.00, 1.00, 1.00, 1.00, 0.00, 0.00, 0.00, 0.00, 0.00, 0.00, 0.00, 0.00
645,  0,  21.629,  0.98,  1, 0.00, 0.00, 1.55, 0.20, 1.19, 1.96, 0.51, 1.68, 1.16, 1.50, 0.00, 0.01, 0.23, 0.00, 0.28, 0.89, 0.00, 0.00, 1.00, 0.00, 1.00, 1.00, 1.00, 0.00, 1.00, 1.00, 1.00, 0.00, 0.00, 0.00, 0.00, 0.00, 0.00, 0.00, 0.00
646,  0,  21.662,  0.98,  1, 0.00, 0.00, 1.56, 0.08, 1.18, 1.98, 0.47, 1.65, 1.19, 1.57, 0.00, 0.04, 0.13, 0.00, 0.34, 0.90, 0.00, 0.00, 1.00, 0.00, 1.00, 1.00, 1.00, 0.00, 1.00, 1.00, 1.00, 0.00, 0.00, 0.00, 0.00, 0.00, 0.00, 0.00, 0.00
647,  0,  21.696,  0.98,  1, 0.00, 0.00, 1.51, 0.09, 1.15, 2.12, 0.41, 1.59, 1.20, 1.62, 0.00, 0.06, 0.02, 0.00, 0.37, 0.81, 0.00, 0.00, 1.00, 0.00, 1.00, 1.00, 1.00, 0.00, 1.00, 1.00, 1.00, 0.00, 0.00, 0.00, 0.00, 0.00, 0.00, 0.00, 0.00
648,  0,  21.730,  0.98,  1, 0.00, 0.00, 1.50, 0.05, 1.15, 2.18, 0.36, 1.62, 1.20, 1.59, 0.00, 0.05, 0.07, 0.00, 0.33, 0.78, 0.00, 0.00, 1.00, 0.00, 1.00, 1.00, 1.00, 0.00, 1.00, 1.00, 1.00, 0.00, 0.00, 0.00, 0.00, 0.00, 0.00, 0.00, 0.00
649,  0,  21.763,  0.98,  1, 0.01, 0.08, 1.49, 0.06, 1.17, 2.30, 0.37, 1.58, 1.15, 1.49, 0.00, 0.02, 0.06, 0.00, 0.39, 0.80, 0.00, 0.00, 1.00, 0.00, 1.00, 1.00, 1.00, 0.00, 1.00, 1.00, 1.00, 0.00, 0.00, 0.00, 0.00, 0.00, 0.00, 0.00, 0.00
650,  0,  21.797,  0.98,  1, 0.01, 0.13, 1.55, 0.12, 1.20, 2.34, 0.39, 1.59, 1.13, 1.37, 0.00, 0.00, 0.15, 0.00, 0.59, 0.88, 0.00, 0.00, 1.00, 0.00, 1.00, 1.00, 1.00, 0.00, 1.00, 1.00, 1.00, 0.00, 0.00, 0.00, 0.00, 0.00, 0.00, 0.00, 0.00
651,  0,  21.830,  0.98,  1, 0.01, 0.18, 1.53, 0.11, 1.24, 2.39, 0.39, 1.63, 1.13, 1.34, 0.00, 0.00, 0.13, 0.00, 0.64, 0.79, 0.00, 0.00, 1.00, 0.00, 1.00, 1.00, 1.00, 0.00, 1.00, 1.00, 1.00, 0.00, 0.00, 0.00, 0.00, 0.00, 0.00, 0.00, 0.00
652,  0,  21.864,  0.98,  1, 0.00, 0.10, 1.54, 0.12, 1.23, 2.20, 0.43, 1.69, 1.13, 1.31, 0.00, 0.00, 0.14, 0.00, 0.63, 0.75, 0.00, 0.00, 0.00, 0.00, 0.00, 1.00, 1.00, 0.00, 1.00, 1.00, 1.00, 0.00, 0.00, 0.00, 0.00, 0.00, 0.00, 0.00, 0.00
653,  0,  21.897,  0.98,  1, 0.00, 0.09, 1.52, 0.03, 1.15, 2.08, 0.42, 1.69, 1.12, 1.37, 0.01, 0.00, 0.16, 0.00, 0.47, 0.70, 0.00, 0.00, 0.00, 0.00, 0.00, 1.00, 1.00, 0.00, 1.00, 1.00, 1.00, 0.00, 0.00, 0.00, 0.00, 0.00, 0.00, 0.00, 0.00
654,  0,  21.931,  0.98,  1, 0.00, 0.04, 1.54, 0.05, 1.12, 2.05, 0.43, 1.62, 1.16, 1.35, 0.01, 0.00, 0.30, 0.00, 0.43, 0.62, 0.00, 0.00, 0.00, 0.00, 0.00, 1.00, 1.00, 0.00, 1.00, 1.00, 1.00, 0.00, 0.00, 0.00, 0.00, 0.00, 0.00, 0.00, 0.00
655,  0,  21.965,  0.98,  1, 0.00, 0.04, 1.56, 0.05, 1.12, 2.03, 0.41, 1.60, 1.15, 1.41, 0.01, 0.00, 0.41, 0.00, 0.42, 0.58, 0.00, 0.00, 0.00, 0.00, 0.00, 1.00, 1.00, 0.00, 1.00, 1.00, 1.00, 0.00, 0.00, 0.00, 0.00, 0.00, 0.00, 0.00, 0.00
656,  0,  21.998,  0.98,  1, 0.00, 0.00, 1.49, 0.07, 1.15, 1.99, 0.43, 1.56, 1.17, 1.42, 0.00, 0.00, 0.35, 0.00, 0.34, 0.55, 0.00, 0.00, 0.00, 0.00, 0.00, 1.00, 1.00, 0.00, 1.00, 1.00, 1.00, 0.00, 0.00, 0.00, 0.00, 0.00, 0.00, 0.00, 0.00
657,  0,  22.032,  0.98,  1, 0.00, 0.01, 1.53, 0.15, 1.17, 1.84, 0.43, 1.62, 1.15, 1.45, 0.00, 0.00, 0.18, 0.00, 0.30, 0.77, 0.00, 0.00, 0.00, 0.00, 1.00, 1.00, 1.00, 0.00, 1.00, 1.00, 1.00, 0.00, 0.00, 0.00, 0.00, 0.00, 0.00, 0.00, 0.00
658,  0,  22.065,  0.98,  1, 0.00, 0.01, 1.51, 0.15, 1.14, 1.87, 0.49, 1.72, 1.10, 1.48, 0.00, 0.00, 0.08, 0.00, 0.32, 0.94, 0.00, 0.00, 0.00, 0.00, 1.00, 1.00, 1.00, 0.00, 1.00, 1.00, 1.00, 0.00, 0.00, 0.00, 0.00, 0.00, 0.00, 0.00, 0.00
659,  0,  22.099,  0.98,  1, 0.00, 0.01, 1.62, 0.19, 1.13, 2.02, 0.46, 1.83, 1.09, 1.55, 0.00, 0.02, 0.14, 0.00, 0.49, 1.02, 0.00, 1.00, 0.00, 0.00, 1.00, 1.00, 1.00, 0.00, 1.00, 1.00, 1.00, 0.00, 0.00, 0.00, 0.00, 0.00, 0.00, 0.00, 0.00
660,  0,  22.133,  0.98,  1, 0.04, 0.00, 1.61, 0.13, 1.06, 2.07, 0.41, 1.86, 1.04, 1.56, 0.00, 0.02, 0.15, 0.00, 0.57, 0.85, 0.00, 1.00, 0.00, 0.00, 1.00, 0.00, 1.00, 0.00, 1.00, 1.00, 1.00, 0.00, 0.00, 0.00, 0.00, 0.00, 0.00, 0.00, 0.00
661,  0,  22.166,  0.98,  1, 0.04, 0.00, 1.62, 0.12, 1.04, 2.02, 0.34, 1.80, 1.03, 1.56, 0.00, 0.02, 0.11, 0.00, 0.62, 0.85, 0.00, 1.00, 0.00, 0.00, 1.00, 0.00, 1.00, 0.00, 1.00, 1.00, 1.00, 0.00, 0.00, 0.00, 0.00, 0.00, 0.00, 0.00, 0.00
662,  0,  22.200,  0.98,  1, 0.10, 0.00, 1.54, 0.13, 0.96, 1.85, 0.30, 1.77, 1.01, 1.46, 0.01, 0.01, 0.10, 0.00, 0.61, 0.85, 0.00, 1.00, 0.00, 0.00, 1.00, 0.00, 1.00, 0.00, 1.00, 1.00, 1.00, 0.00, 0.00, 0.00, 0.00, 0.00, 0.00, 0.00, 0.00
663,  0,  22.233,  0.98,  1, 0.24, 0.07, 1.53, 0.08, 0.97, 1.96, 0.33, 1.71, 0.95, 1.45, 0.01, 0.04, 0.11, 0.00, 0.57, 1.01, 0.22, 1.00, 1.00, 0.00, 1.00, 0.00, 1.00, 0.00, 1.00, 1.00, 1.00, 0.00, 0.00, 0.00, 0.00, 0.00, 0.00, 0.00, 0.00
664,  0,  22.267,  0.98,  1, 0.42, 0.17, 1.57, 0.08, 0.89, 1.95, 0.24, 1.72, 0.83, 1.42, 0.14, 0.15, 0.11, 0.00, 0.55, 0.81, 0.48, 1.00, 1.00, 0.00, 1.00, 0.00, 1.00, 0.00, 1.00, 0.00, 1.00, 0.00, 0.00, 0.00, 0.00, 0.00, 0.00, 0.00, 0.00
665,  0,  22.301,  0.98,  1, 0.59, 0.23, 1.69, 0.00, 0.84, 2.22, 0.26, 1.74, 0.66, 1.29, 0.18, 0.21, 0.22, 0.00, 0.53, 0.75, 0.77, 1.00, 1.00, 0.00, 1.00, 0.00, 1.00, 0.00, 1.00, 0.00, 1.00, 0.00, 0.00, 0.00, 0.00, 0.00, 0.00, 0.00, 1.00
666,  0,  22.334,  0.98,  1, 0.57, 0.25, 1.76, 0.00, 0.71, 2.16, 0.20, 1.74, 0.59, 1.19, 0.32, 0.28, 0.25, 0.00, 0.68, 0.64, 0.80, 1.00, 1.00, 0.00, 1.00, 0.00, 1.00, 0.00, 1.00, 0.00, 1.00, 0.00, 0.00, 0.00, 0.00, 0.00, 0.00, 0.00, 1.00
667,  0,  22.368,  0.98,  1, 0.58, 0.32, 1.78, 0.00, 0.68, 2.27, 0.27, 1.62, 0.60, 1.03, 0.36, 0.24, 0.34, 0.00, 0.82, 0.77, 0.84, 1.00, 1.00, 0.00, 0.00, 0.00, 1.00, 0.00, 1.00, 0.00, 1.00, 0.00, 0.00, 0.00, 0.00, 0.00, 0.00, 0.00, 1.00
668,  0,  22.401,  0.98,  1, 0.51, 0.35, 1.81, 0.00, 0.71, 2.14, 0.29, 1.55, 0.63, 0.92, 0.49, 0.25, 0.18, 0.00, 0.81, 0.68, 0.80, 1.00, 0.00, 1.00, 0.00, 0.00, 1.00, 0.00, 1.00, 0.00, 1.00, 0.00, 0.00, 0.00, 0.00, 0.00, 0.00, 0.00, 1.00
669,  0,  22.435,  0.98,  1, 0.43, 0.25, 1.71, 0.00, 0.81, 2.19, 0.39, 1.53, 0.63, 0.69, 0.50, 0.13, 0.26, 0.00, 0.78, 0.77, 0.74, 0.00, 1.00, 1.00, 0.00, 0.00, 1.00, 0.00, 1.00, 0.00, 1.00, 0.00, 0.00, 0.00, 0.00, 0.00, 0.00, 0.00, 1.00
670,  0,  22.468,  0.98,  1, 0.30, 0.11, 1.59, 0.00, 0.87, 2.10, 0.44, 1.60, 0.66, 0.70, 0.50, 0.08, 0.24, 0.00, 0.68, 0.83, 0.79, 0.00, 0.00, 1.00, 0.00, 0.00, 1.00, 0.00, 1.00, 0.00, 1.00, 0.00, 0.00, 0.00, 0.00, 0.00, 0.00, 0.00, 1.00
671,  0,  22.502,  0.98,  1, 0.15, 0.03, 1.43, 0.00, 0.87, 2.16, 0.48, 1.66, 0.70, 0.85, 0.45, 0.15, 0.31, 0.00, 0.65, 1.01, 0.53, 0.00, 0.00, 0.00, 0.00, 0.00, 1.00, 0.00, 1.00, 0.00, 1.00, 0.00, 0.00, 0.00, 0.00, 0.00, 0.00, 0.00, 1.00
672,  0,  22.536,  0.98,  1, 0.15, 0.03, 1.42, 0.00, 0.85, 1.99, 0.42, 1.71, 0.74, 1.16, 0.39, 0.33, 0.27, 0.00, 0.43, 1.07, 0.34, 0.00, 0.00, 0.00, 0.00, 0.00, 1.00, 0.00, 1.00, 0.00, 1.00, 0.00, 0.00, 0.00, 0.00, 0.00, 0.00, 0.00, 0.00
673,  0,  22.569,  0.98,  1, 0.08, 0.00, 1.42, 0.05, 0.84, 1.94, 0.32, 1.74, 0.78, 1.23, 0.34, 0.58, 0.20, 0.00, 0.32, 1.05, 0.00, 0.00, 1.00, 0.00, 1.00, 0.00, 1.00, 0.00, 1.00, 0.00, 1.00, 0.00, 0.00, 0.00, 0.00, 0.00, 0.00, 0.00, 0.00
674,  0,  22.603,  0.98,  1, 0.08, 0.00, 1.35, 0.09, 0.87, 1.95, 0.22, 1.81, 0.81, 1.25, 0.35, 0.49, 0.12, 0.00, 0.25, 1.09, 0.00, 0.00, 1.00, 0.00, 1.00, 0.00, 1.00, 0.00, 1.00, 0.00, 1.00, 0.00, 0.00, 0.00, 0.00, 0.00, 0.00, 0.00, 0.00
675,  0,  22.636,  0.98,  1, 0.03, 0.08, 1.39, 0.28, 0.83, 2.05, 0.15, 1.78, 0.81, 1.14, 0.40, 0.39, 0.16, 0.00, 0.25, 1.04, 0.00, 0.00, 1.00, 0.00, 1.00, 0.00, 1.00, 0.00, 1.00, 0.00, 1.00, 0.00, 0.00, 0.00, 0.00, 0.00, 0.00, 0.00, 0.00
676,  0,  22.670,  0.98,  1, 0.03, 0.08, 1.39, 0.36, 0.76, 1.94, 0.16, 1.74, 0.77, 1.21, 0.42, 0.19, 0.27, 0.00, 0.21, 1.03, 0.00, 0.00, 1.00, 0.00, 1.00, 0.00, 1.00, 0.00, 1.00, 1.00, 1.00, 0.00, 0.00, 0.00, 0.00, 0.00, 0.00, 0.00, 0.00
677,  0,  22.704,  0.98,  1, 0.03, 0.09, 1.50, 0.41, 0.80, 1.81, 0.10, 1.68, 0.77, 1.22, 0.33, 0.23, 0.25, 0.00, 0.19, 0.96, 0.00, 0.00, 1.00, 0.00, 1.00, 0.00, 1.00, 0.00, 1.00, 1.00, 1.00, 0.00, 0.00, 0.00, 0.00, 0.00, 0.00, 0.00, 0.00
678,  0,  22.737,  0.98,  1, 0.00, 0.01, 1.43, 0.22, 0.86, 1.65, 0.18, 1.75, 0.82, 1.28, 0.27, 0.24, 0.14, 0.00, 0.26, 0.97, 0.00, 0.00, 1.00, 0.00, 1.00, 0.00, 1.00, 0.00, 1.00, 1.00, 1.00, 0.00, 0.00, 0.00, 0.00, 0.00, 0.00, 0.00, 0.00
679,  0,  22.771,  0.98,  1, 0.00, 0.01, 1.42, 0.17, 0.94, 1.73, 0.15, 1.80, 0.90, 1.25, 0.24, 0.27, 0.03, 0.00, 0.25, 0.98, 0.00, 0.00, 1.00, 0.00, 1.00, 0.00, 1.00, 0.00, 1.00, 1.00, 1.00, 0.00, 0.00, 0.00, 0.00, 0.00, 0.00, 0.00, 0.00
680,  0,  22.804,  0.98,  1, 0.00, 0.00, 1.38, 0.07, 0.88, 1.61, 0.16, 1.82, 0.94, 1.27, 0.26, 0.30, 0.07, 0.00, 0.26, 0.99, 0.00, 0.00, 1.00, 0.00, 1.00, 0.00, 1.00, 0.00, 1.00, 1.00, 1.00, 0.00, 0.00, 0.00, 0.00, 0.00, 0.00, 0.00, 0.00
681,  0,  22.838,  0.98,  1, 0.01, 0.00, 1.42, 0.07, 0.85, 1.63, 0.09, 1.81, 0.98, 1.28, 0.25, 0.33, 0.13, 0.02, 0.29, 1.05, 0.00, 0.00, 1.00, 0.00, 1.00, 0.00, 1.00, 0.00, 1.00, 1.00, 1.00, 0.00, 0.00, 0.00, 0.00, 0.00, 0.00, 0.00, 0.00
682,  0,  22.871,  0.98,  1, 0.05, 0.00, 1.38, 0.04, 0.88, 1.70, 0.14, 1.83, 0.98, 1.29, 0.14, 0.22, 0.26, 0.02, 0.41, 1.05, 0.00, 0.00, 1.00, 0.00, 1.00, 0.00, 1.00, 0.00, 1.00, 1.00, 1.00, 0.00, 0.00, 0.00, 0.00, 0.00, 0.00, 0.00, 0.00
683,  0,  22.905,  0.98,  1, 0.05, 0.00, 1.34, 0.17, 0.91, 1.79, 0.15, 1.90, 1.01, 1.29, 0.18, 0.16, 0.34, 0.02, 0.38, 1.06, 0.00, 0.00, 1.00, 0.00, 1.00, 0.00, 1.00, 0.00, 1.00, 1.00, 1.00, 0.00, 0.00, 0.00, 0.00, 0.00, 0.00, 0.00, 0.00
684,  0,  22.939,  0.98,  1, 0.03, 0.00, 1.29, 0.17, 0.92, 1.96, 0.14, 1.87, 1.04, 1.33, 0.25, 0.18, 0.35, 0.00, 0.35, 0.93, 0.00, 0.00, 1.00, 0.00, 1.00, 0.00, 1.00, 0.00, 1.00, 1.00, 1.00, 0.00, 0.00, 0.00, 0.00, 0.00, 0.00, 0.00, 0.00
685,  0,  22.972,  0.98,  1, 0.10, 0.00, 1.46, 0.20, 0.94, 2.07, 0.11, 1.86, 1.07, 1.29, 0.35, 0.18, 0.28, 0.01, 0.17, 1.02, 0.00, 0.00, 1.00, 0.00, 1.00, 0.00, 1.00, 0.00, 1.00, 1.00, 1.00, 0.00, 0.00, 0.00, 0.00, 0.00, 0.00, 0.00, 0.00
686,  0,  23.006,  0.98,  1, 0.10, 0.00, 1.46, 0.46, 0.95, 2.11, 0.08, 1.78, 1.10, 1.29, 0.31, 0.25, 0.20, 0.01, 0.21, 1.15, 0.00, 0.00, 1.00, 0.00, 1.00, 0.00, 1.00, 0.00, 1.00, 1.00, 1.00, 0.00, 0.00, 0.00, 0.00, 0.00, 0.00, 0.00, 0.00
687,  0,  23.039,  0.98,  1, 0.10, 0.00, 1.52, 0.51, 0.94, 1.92, 0.08, 1.80, 1.10, 1.27, 0.23, 0.20, 0.14, 0.01, 0.10, 1.33, 0.00, 0.00, 1.00, 0.00, 1.00, 0.00, 1.00, 0.00, 1.00, 1.00, 1.00, 0.00, 0.00, 0.00, 0.00, 0.00, 0.00, 0.00, 0.00
688,  0,  23.073,  0.98,  1, 0.00, 0.03, 1.44, 0.44, 0.89, 1.78, 0.12, 1.75, 1.11, 1.29, 0.19, 0.28, 0.14, 0.00, 0.09, 1.33, 0.00, 0.00, 1.00, 0.00, 1.00, 0.00, 1.00, 0.00, 1.00, 1.00, 1.00, 0.00, 0.00, 0.00, 0.00, 0.00, 0.00, 0.00, 0.00
689,  0,  23.107,  0.98,  1, 0.00, 0.03, 1.50, 0.11, 0.87, 1.69, 0.15, 1.69, 1.14, 1.40, 0.25, 0.25, 0.34, 0.01, 0.11, 1.23, 0.00, 0.00, 1.00, 0.00, 1.00, 0.00, 1.00, 0.00, 1.00, 1.00, 1.00, 0.00, 0.00, 0.00, 0.00, 0.00, 0.00, 0.00, 0.00
690,  0,  23.140,  0.98,  1, 0.00, 0.03, 1.46, 0.15, 0.87, 1.87, 0.16, 1.56, 1.13, 1.28, 0.19, 0.25, 0.30, 0.01, 0.10, 1.07, 0.00, 0.00, 1.00, 0.00, 1.00, 0.00, 1.00, 0.00, 1.00, 1.00, 1.00, 0.00, 0.00, 0.00, 0.00, 0.00, 0.00, 0.00, 0.00
691,  0,  23.174,  0.98,  1, 0.00, 0.00, 1.46, 0.22, 0.87, 1.72, 0.09, 1.50, 1.17, 1.32, 0.13, 0.18, 0.24, 0.03, 0.12, 0.90, 0.00, 0.00, 1.00, 0.00, 1.00, 0.00, 1.00, 0.00, 1.00, 1.00, 1.00, 0.00, 0.00, 0.00, 0.00, 0.00, 0.00, 0.00, 0.00
692,  0,  23.207,  0.98,  1, 0.04, 0.01, 1.41, 0.45, 0.88, 1.74, 0.16, 1.56, 1.11, 1.30, 0.01, 0.14, 0.04, 0.02, 0.10, 0.84, 0.00, 1.00, 1.00, 0.00, 1.00, 0.00, 1.00, 0.00, 1.00, 1.00, 1.00, 0.00, 0.00, 0.00, 0.00, 0.00, 0.00, 0.00, 0.00
693,  0,  23.241,  0.98,  1, 0.04, 0.01, 1.41, 0.41, 0.87, 1.72, 0.18, 1.64, 1.15, 1.45, 0.02, 0.07, 0.05, 0.02, 0.20, 0.87, 0.00, 1.00, 1.00, 0.00, 1.00, 0.00, 1.00, 0.00, 1.00, 1.00, 1.00, 0.00, 0.00, 0.00, 0.00, 0.00, 0.00, 0.00, 0.00
694,  0,  23.274,  0.98,  1, 0.04, 0.06, 1.38, 0.52, 0.86, 1.88, 0.17, 1.70, 1.15, 1.38, 0.02, 0.11, 0.06, 0.00, 0.33, 0.93, 0.00, 1.00, 1.00, 0.00, 1.00, 0.00, 1.00, 0.00, 1.00, 1.00, 1.00, 0.00, 0.00, 0.00, 0.00, 0.00, 0.00, 0.00, 0.00
695,  0,  23.308,  0.98,  1, 0.01, 0.05, 1.38, 0.27, 0.84, 1.81, 0.15, 1.66, 1.13, 1.27, 0.02, 0.06, 0.04, 0.00, 0.46, 1.03, 0.00, 1.00, 1.00, 0.00, 1.00, 0.00, 1.00, 0.00, 1.00, 1.00, 1.00, 0.00, 0.00, 0.00, 0.00, 0.00, 0.00, 0.00, 0.00
696,  0,  23.342,  0.98,  1, 0.01, 0.05, 1.37, 0.21, 0.80, 1.65, 0.14, 1.64, 1.12, 1.25, 0.00, 0.10, 0.14, 0.01, 0.42, 1.15, 0.00, 1.00, 1.00, 0.00, 1.00, 0.00, 1.00, 0.00, 1.00, 1.00, 1.00, 0.00, 0.00, 0.00, 0.00, 0.00, 0.00, 0.00, 0.00
697,  0,  23.375,  0.98,  1, 0.01, 0.00, 1.40, 0.07, 0.80, 1.64, 0.12, 1.57, 1.09, 1.29, 0.00, 0.15, 0.17, 0.01, 0.47, 1.23, 0.00, 1.00, 1.00, 0.00, 1.00, 0.00, 1.00, 0.00, 1.00, 1.00, 1.00, 0.00, 0.00, 0.00, 0.00, 0.00, 0.00, 0.00, 0.00
698,  0,  23.409,  0.98,  1, 0.00, 0.06, 1.49, 0.11, 0.79, 1.73, 0.05, 1.50, 1.14, 1.33, 0.00, 0.16, 0.16, 0.02, 0.28, 1.16, 0.00, 1.00, 1.00, 0.00, 1.00, 0.00, 1.00, 0.00, 1.00, 1.00, 1.00, 0.00, 0.00, 0.00, 0.00, 0.00, 0.00, 0.00, 0.00
699,  0,  23.442,  0.98,  1, 0.00, 0.06, 1.58, 0.11, 0.83, 1.91, 0.02, 1.37, 1.12, 1.41, 0.00, 0.21, 0.13, 0.07, 0.23, 1.08, 0.00, 1.00, 1.00, 0.00, 1.00, 0.00, 1.00, 0.00, 1.00, 1.00, 1.00, 0.00, 0.00, 0.00, 0.00, 0.00, 0.00, 0.00, 0.00
700,  0,  23.476,  0.98,  1, 0.00, 0.06, 1.57, 0.12, 0.78, 1.66, 0.06, 1.40, 1.15, 1.47, 0.00, 0.12, 0.09, 0.10, 0.15, 1.10, 0.00, 1.00, 1.00, 0.00, 1.00, 0.00, 1.00, 0.00, 1.00, 1.00, 1.00, 0.00, 0.00, 0.00, 0.00, 0.00, 0.00, 0.00, 0.00
701,  0,  23.510,  0.98,  1, 0.00, 0.00, 1.54, 0.12, 0.71, 1.48, 0.06, 1.43, 1.22, 1.41, 0.07, 0.10, 0.16, 0.09, 0.24, 0.92, 0.00, 1.00, 1.00, 0.00, 1.00, 0.00, 1.00, 0.00, 1.00, 1.00, 1.00, 0.00, 0.00, 0.00, 0.00, 0.00, 0.00, 0.00, 0.00
702,  0,  23.543,  0.98,  1, 0.14, 0.04, 1.56, 0.22, 0.72, 1.42, 0.06, 1.59, 1.25, 1.39, 0.14, 0.06, 0.08, 0.10, 0.33, 0.89, 0.00, 1.00, 1.00, 0.00, 1.00, 0.00, 1.00, 0.00, 1.00, 1.00, 1.00, 0.00, 0.00, 0.00, 0.00, 0.00, 0.00, 0.00, 0.00
703,  0,  23.577,  0.98,  1, 0.14, 0.04, 1.48, 0.28, 0.76, 1.59, 0.04, 1.57, 1.23, 1.35, 0.24, 0.10, 0.08, 0.12, 0.33, 0.79, 0.00, 1.00, 1.00, 0.00, 1.00, 0.00, 1.00, 0.00, 1.00, 1.00, 1.00, 0.00, 0.00, 0.00, 0.00, 0.00, 0.00, 0.00, 0.00
704,  0,  23.610,  0.98,  1, 0.14, 0.04, 1.40, 0.38, 0.84, 1.55, 0.03, 1.54, 1.21, 1.36, 0.18, 0.24, 0.00, 0.17, 0.33, 0.96, 0.00, 1.00, 1.00, 0.00, 1.00, 0.00, 1.00, 0.00, 1.00, 1.00, 1.00, 0.00, 0.00, 0.00, 0.00, 0.00, 0.00, 0.00, 0.00
705,  0,  23.644,  0.98,  1, 0.08, 0.00, 1.32, 0.34, 0.80, 1.55, 0.03, 1.40, 1.26, 1.36, 0.29, 0.25, 0.06, 0.11, 0.48, 0.74, 0.00, 1.00, 1.00, 0.00, 1.00, 0.00, 1.00, 0.00, 1.00, 1.00, 1.00, 0.00, 0.00, 0.00, 0.00, 0.00, 0.00, 0.00, 0.00
706,  0,  23.678,  0.98,  1, 0.18, 0.08, 1.30, 0.39, 0.89, 1.57, 0.00, 1.47, 1.31, 1.46, 0.28, 0.37, 0.23, 0.12, 0.52, 0.72, 0.00, 1.00, 1.00, 0.00, 1.00, 0.00, 1.00, 0.00, 1.00, 1.00, 1.00, 0.00, 0.00, 0.00, 0.00, 0.00, 0.00, 0.00, 0.00
707,  0,  23.711,  0.98,  1, 0.18, 0.14, 1.34, 0.45, 0.93, 1.95, 0.00, 1.46, 1.33, 1.56, 0.27, 0.30, 0.23, 0.12, 0.52, 0.46, 0.00, 1.00, 1.00, 0.00, 1.00, 0.00, 1.00, 0.00, 1.00, 1.00, 1.00, 0.00, 0.00, 0.00, 0.00, 0.00, 0.00, 0.00, 0.00
708,  0,  23.745,  0.98,  1, 0.11, 0.23, 1.27, 0.55, 0.89, 2.05, 0.00, 1.64, 1.35, 1.64, 0.09, 0.39, 0.18, 0.16, 0.30, 0.52, 0.00, 1.00, 1.00, 0.00, 1.00, 0.00, 1.00, 0.00, 1.00, 1.00, 1.00, 0.00, 0.00, 0.00, 0.00, 0.00, 0.00, 0.00, 0.00
709,  0,  23.778,  0.98,  1, 0.01, 0.15, 1.32, 0.43, 0.77, 1.93, 0.00, 1.52, 1.37, 1.68, 0.08, 0.38, 0.02, 0.15, 0.22, 0.42, 0.00, 1.00, 1.00, 0.00, 1.00, 0.00, 1.00, 0.00, 1.00, 1.00, 1.00, 0.00, 0.00, 0.00, 0.00, 0.00, 0.00, 0.00, 0.00
710,  0,  23.812,  0.98,  1, 0.01, 0.08, 1.40, 0.20, 0.73, 1.46, 0.00, 1.52, 1.42, 1.77, 0.07, 0.50, 0.02, 0.23, 0.09, 0.50, 0.00, 1.00, 1.00, 0.00, 1.00, 0.00, 1.00, 0.00, 1.00, 1.00, 1.00, 0.00, 0.00, 0.00, 0.00, 0.00, 0.00, 0.00, 0.00
711,  0,  23.845,  0.98,  1, 0.00, 0.00, 1.48, 0.06, 0.85, 1.29, 0.03, 1.40, 1.38, 1.74, 0.12, 0.44, 0.00, 0.36, 0.15, 0.58, 0.00, 1.00, 1.00, 0.00, 1.00, 0.00, 1.00, 0.00, 1.00, 1.00, 1.00, 0.00, 0.00, 0.00, 0.00, 0.00, 0.00, 0.00, 0.00
712,  0,  23.879,  0.98,  1, 0.00, 0.00, 1.41, 0.02, 0.90, 1.36, 0.03, 1.52, 1.44, 1.83, 0.04, 0.40, 0.00, 0.47, 0.21, 0.68, 0.00, 1.00, 1.00, 0.00, 1.00, 0.00, 1.00, 0.00, 1.00, 1.00, 1.00, 0.00, 0.00, 0.00, 0.00, 0.00, 0.00, 0.00, 0.00
713,  0,  23.913,  0.98,  1, 0.00, 0.00, 1.35, 0.10, 0.97, 1.84, 0.03, 1.65, 1.46, 1.79, 0.04, 0.31, 0.00, 0.48, 0.32, 0.69, 0.00, 1.00, 1.00, 0.00, 1.00, 0.00, 1.00, 0.00, 1.00, 1.00, 1.00, 0.00, 0.00, 0.00, 0.00, 0.00, 0.00, 0.00, 0.00
714,  0,  23.946,  0.98,  1, 0.00, 0.10, 1.46, 0.13, 0.98, 1.83, 0.03, 1.71, 1.52, 1.74, 0.00, 0.20, 0.00, 0.39, 0.32, 0.72, 0.00, 1.00, 1.00, 0.00, 1.00, 0.00, 1.00, 0.00, 1.00, 1.00, 1.00, 0.00, 0.00, 0.00, 0.00, 0.00, 0.00, 0.00, 0.00
715,  0,  23.980,  0.98,  1, 0.00, 0.10, 1.55, 0.14, 1.08, 1.80, 0.03, 1.76, 1.60, 1.76, 0.00, 0.17, 0.00, 0.39, 0.23, 0.65, 0.00, 1.00, 1.00, 0.00, 1.00, 0.00, 1.00, 0.00, 1.00, 1.00, 1.00, 0.00, 0.00, 0.00, 0.00, 0.00, 0.00, 0.00, 0.00
716,  0,  24.013,  0.98,  1, 0.00, 0.19, 1.52, 0.06, 1.10, 1.59, 0.03, 1.73, 1.65, 1.79, 0.00, 0.25, 0.00, 0.52, 0.19, 0.65, 0.00, 1.00, 1.00, 0.00, 1.00, 0.00, 1.00, 0.00, 1.00, 1.00, 1.00, 0.00, 0.00, 0.00, 0.00, 0.00, 0.00, 0.00, 0.00
717,  0,  24.047,  0.98,  1, 0.11, 0.22, 1.36, 0.02, 1.13, 1.63, 0.00, 1.73, 1.74, 1.82, 0.00, 0.40, 0.00, 0.66, 0.16, 0.52, 0.00, 1.00, 1.00, 0.00, 1.00, 0.00, 1.00, 0.00, 1.00, 1.00, 1.00, 0.00, 0.00, 0.00, 0.00, 0.00, 0.00, 0.00, 0.00
718,  0,  24.081,  0.98,  1, 0.27, 0.28, 1.37, 0.01, 1.12, 1.72, 0.01, 1.67, 1.70, 1.65, 0.00, 0.50, 0.02, 0.73, 0.11, 0.44, 0.00, 1.00, 1.00, 0.00, 1.00, 0.00, 1.00, 0.00, 1.00, 1.00, 1.00, 0.00, 0.00, 0.00, 0.00, 0.00, 0.00, 0.00, 0.00
719,  0,  24.114,  0.98,  1, 0.27, 0.20, 1.40, 0.14, 1.11, 1.71, 0.01, 1.63, 1.75, 1.57, 0.00, 0.49, 0.02, 0.71, 0.10, 0.40, 0.00, 1.00, 1.00, 0.00, 1.00, 0.00, 1.00, 0.00, 1.00, 1.00, 1.00, 0.00, 0.00, 0.00, 0.00, 0.00, 0.00, 0.00, 0.00
720,  0,  24.148,  0.98,  1, 0.15, 0.25, 1.41, 0.49, 1.08, 1.66, 0.01, 1.66, 1.83, 1.44, 0.00, 0.48, 0.02, 0.74, 0.16, 0.40, 0.00, 1.00, 1.00, 0.00, 1.00, 0.00, 1.00, 0.00, 1.00, 1.00, 1.00, 0.00, 0.00, 0.00, 0.00, 0.00, 0.00, 0.00, 0.00
721,  0,  24.181,  0.98,  1, 0.00, 0.22, 1.49, 0.49, 1.09, 1.84, 0.00, 1.73, 1.85, 1.28, 0.00, 0.38, 0.00, 0.71, 0.21, 0.44, 0.00, 1.00, 1.00, 0.00, 1.00, 0.00, 1.00, 0.00, 1.00, 1.00, 1.00, 0.00, 0.00, 0.00, 0.00, 0.00, 0.00, 0.00, 0.00
722,  0,  24.215,  0.98,  1, 0.04, 0.21, 1.53, 0.54, 1.09, 1.91, 0.00, 1.77, 1.77, 1.46, 0.00, 0.40, 0.00, 0.69, 0.14, 0.42, 0.00, 1.00, 1.00, 0.00, 1.00, 0.00, 1.00, 0.00, 1.00, 1.00, 1.00, 0.00, 0.00, 0.00, 0.00, 0.00, 0.00, 0.00, 0.00
723,  0,  24.248,  0.98,  1, 0.04, 0.04, 1.64, 0.41, 1.14, 1.97, 0.00, 1.69, 1.66, 1.64, 0.00, 0.35, 0.00, 0.65, 0.21, 0.50, 0.00, 1.00, 1.00, 0.00, 1.00, 0.00, 1.00, 0.00, 1.00, 1.00, 1.00, 0.00, 0.00, 0.00, 0.00, 0.00, 0.00, 0.00, 0.00
724,  0,  24.282,  0.98,  1, 0.04, 0.00, 1.64, 0.44, 1.13, 1.89, 0.00, 1.64, 1.67, 1.82, 0.04, 0.44, 0.00, 0.65, 0.15, 0.55, 0.00, 1.00, 1.00, 0.00, 1.00, 0.00, 1.00, 0.00, 1.00, 1.00, 1.00, 0.00, 0.00, 0.00, 0.00, 0.00, 0.00, 0.00, 0.00
725,  0,  24.316,  0.98,  1, 0.03, 0.03, 1.81, 0.32, 1.15, 2.00, 0.01, 1.62, 1.66, 1.55, 0.04, 0.32, 0.00, 0.55, 0.28, 0.45, 0.00, 1.00, 1.00, 0.00, 1.00, 0.00, 1.00, 0.00, 1.00, 1.00, 1.00, 0.00, 0.00, 0.00, 0.00, 0.00, 0.00, 0.00, 0.00
726,  0,  24.349,  0.98,  1, 0.03, 0.03, 1.65, 0.31, 1.11, 2.02, 0.06, 1.77, 1.65, 1.38, 0.04, 0.33, 0.00, 0.47, 0.17, 0.40, 0.00, 1.00, 1.00, 0.00, 1.00, 0.00, 1.00, 0.00, 1.00, 1.00, 1.00, 0.00, 0.00, 0.00, 0.00, 0.00, 0.00, 0.00, 0.00
727,  0,  24.383,  0.98,  1, 0.03, 0.03, 1.62, 0.31, 1.14, 1.87, 0.15, 1.74, 1.67, 1.47, 0.00, 0.34, 0.00, 0.42, 0.17, 0.44, 0.06, 1.00, 1.00, 0.00, 1.00, 0.00, 1.00, 0.00, 1.00, 1.00, 1.00, 0.00, 0.00, 0.00, 0.00, 0.00, 0.00, 0.00, 0.00
728,  0,  24.416,  0.98,  1, 0.00, 0.00, 1.39, 0.34, 1.09, 1.59, 0.14, 1.62, 1.71, 1.62, 0.00, 0.43, 0.01, 0.39, 0.10, 0.57, 0.06, 1.00, 1.00, 0.00, 1.00, 0.00, 1.00, 0.00, 1.00, 1.00, 1.00, 0.00, 0.00, 0.00, 0.00, 0.00, 0.00, 0.00, 0.00
729,  0,  24.450,  0.98,  1, 0.00, 0.00, 1.43, 0.24, 1.10, 1.58, 0.09, 1.53, 1.77, 1.78, 0.00, 0.57, 0.03, 0.39, 0.16, 0.68, 0.06, 0.00, 0.00, 0.00, 1.00, 0.00, 1.00, 0.00, 1.00, 1.00, 1.00, 0.00, 0.00, 0.00, 0.00, 0.00, 0.00, 0.00, 0.00
730,  0,  24.484,  0.98,  1, 0.09, 0.14, 1.29, 0.20, 1.02, 1.68, 0.00, 1.52, 1.70, 1.70, 0.00, 0.55, 0.03, 0.28, 0.36, 0.56, 0.05, 0.00, 0.00, 0.00, 1.00, 0.00, 0.00, 0.00, 1.00, 1.00, 1.00, 0.00, 0.00, 0.00, 0.00, 0.00, 0.00, 0.00, 0.00
731,  0,  24.517,  0.98,  1, 0.09, 0.14, 1.28, 0.14, 1.06, 2.03, 0.00, 1.58, 1.74, 1.64, 0.00, 0.57, 0.02, 0.33, 0.30, 0.64, 0.12, 0.00, 0.00, 0.00, 0.00, 0.00, 0.00, 0.00, 1.00, 1.00, 1.00, 0.00, 0.00, 0.00, 0.00, 0.00, 0.00, 0.00, 0.00
732,  0,  24.551,  0.98,  1, 0.09, 0.14, 1.37, 0.05, 1.03, 1.77, 0.00, 1.56, 1.73, 1.55, 0.00, 0.33, 0.00, 0.34, 0.36, 0.52, 0.18, 0.00, 0.00, 0.00, 0.00, 0.00, 0.00, 0.00, 1.00, 1.00, 1.00, 0.00, 0.00, 0.00, 0.00, 0.00, 0.00, 0.00, 0.00
733,  0,  24.584,  0.98,  1, 0.10, 0.05, 1.47, 0.05, 1.08, 1.78, 0.00, 1.62, 1.78, 1.43, 0.00, 0.23, 0.00, 0.38, 0.26, 0.60, 0.13, 0.00, 1.00, 0.00, 0.00, 0.00, 1.00, 0.00, 1.00, 1.00, 1.00, 0.00, 0.00, 0.00, 0.00, 0.00, 0.00, 0.00, 0.00
734,  0,  24.618,  0.98,  1, 0.10, 0.05, 1.58, 0.03, 1.09, 1.67, 0.00, 1.67, 1.76, 1.38, 0.00, 0.15, 0.00, 0.31, 0.26, 0.64, 0.12, 0.00, 0.00, 0.00, 0.00, 0.00, 1.00, 0.00, 1.00, 1.00, 1.00, 0.00, 0.00, 0.00, 0.00, 0.00, 0.00, 0.00, 0.00
735,  0,  24.651,  0.98,  1, 0.11, 0.05, 1.61, 0.06, 1.22, 2.14, 0.05, 1.69, 1.75, 1.61, 0.00, 0.32, 0.00, 0.26, 0.16, 0.71, 0.18, 0.00, 0.00, 0.00, 0.00, 0.00, 1.00, 0.00, 1.00, 1.00, 1.00, 0.00, 0.00, 0.00, 0.00, 0.00, 0.00, 0.00, 0.00
736,  0,  24.685,  0.98,  1, 0.01, 0.00, 1.52, 0.06, 1.24, 2.19, 0.05, 1.66, 1.80, 1.64, 0.00, 0.31, 0.00, 0.29, 0.06, 0.66, 0.32, 0.00, 1.00, 1.00, 0.00, 0.00, 1.00, 0.00, 1.00, 1.00, 1.00, 0.00, 0.00, 0.00, 0.00, 0.00, 0.00, 0.00, 0.00
737,  0,  24.719,  0.98,  1, 0.06, 0.06, 1.40, 0.11, 1.19, 2.22, 0.10, 1.71, 1.80, 1.73, 0.00, 0.26, 0.00, 0.24, 0.07, 0.51, 0.31, 1.00, 1.00, 1.00, 0.00, 1.00, 1.00, 0.00, 1.00, 1.00, 1.00, 0.00, 0.00, 0.00, 0.00, 0.00, 0.00, 0.00, 0.00
738,  0,  24.752,  0.98,  1, 0.15, 0.13, 1.35, 0.05, 1.08, 2.11, 0.05, 1.80, 1.79, 1.52, 0.17, 0.29, 0.00, 0.25, 0.09, 0.45, 0.37, 0.00, 1.00, 1.00, 0.00, 1.00, 1.00, 0.00, 1.00, 1.00, 1.00, 0.00, 0.00, 0.00, 0.00, 0.00, 0.00, 0.00, 0.00
739,  0,  24.786,  0.98,  1, 0.20, 0.13, 1.43, 0.05, 1.07, 2.15, 0.05, 1.85, 1.76, 1.61, 0.17, 0.35, 0.00, 0.17, 0.25, 0.56, 0.24, 0.00, 1.00, 1.00, 0.00, 1.00, 1.00, 0.00, 1.00, 1.00, 1.00, 0.00, 0.00, 0.00, 0.00, 0.00, 0.00, 0.00, 0.00
740,  0,  24.819,  0.98,  1, 0.22, 0.10, 1.60, 0.00, 1.17, 2.32, 0.00, 1.81, 1.75, 1.42, 0.22, 0.44, 0.00, 0.15, 0.36, 0.66, 0.20, 1.00, 1.00, 0.00, 0.00, 1.00, 1.00, 0.00, 1.00, 1.00, 1.00, 0.00, 0.00, 0.00, 0.00, 0.00, 0.00, 0.00, 0.00
741,  0,  24.853,  0.98,  1, 0.15, 0.04, 1.55, 0.00, 1.22, 2.46, 0.00, 1.78, 1.67, 1.50, 0.05, 0.41, 0.00, 0.10, 0.31, 0.60, 0.12, 1.00, 1.00, 1.00, 1.00, 1.00, 1.00, 0.00, 1.00, 1.00, 1.00, 0.00, 0.00, 0.00, 0.00, 0.00, 0.00, 0.00, 0.00
742,  0,  24.887,  0.98,  1, 0.16, 0.04, 1.52, 0.03, 1.20, 2.33, 0.00, 1.76, 1.64, 1.29, 0.13, 0.53, 0.00, 0.24, 0.23, 0.53, 0.12, 0.00, 0.00, 1.00, 0.00, 1.00, 1.00, 0.00, 1.00, 1.00, 1.00, 0.00, 0.00, 0.00, 0.00, 0.00, 0.00, 0.00, 0.00
743,  0,  24.920,  0.98,  1, 0.11, 0.00, 1.48, 0.07, 1.17, 2.18, 0.00, 1.75, 1.66, 1.30, 0.08, 0.49, 0.00, 0.40, 0.11, 0.47, 0.30, 0.00, 0.00, 1.00, 0.00, 1.00, 1.00, 0.00, 1.00, 1.00, 1.00, 0.00, 0.00, 0.00, 0.00, 0.00, 0.00, 0.00, 0.00
744,  0,  24.954,  0.98,  1, 0.09, 0.00, 1.55, 0.11, 1.16, 1.99, 0.00, 1.77, 1.71, 1.19, 0.08, 0.44, 0.00, 0.40, 0.15, 0.60, 0.42, 0.00, 0.00, 1.00, 1.00, 1.00, 1.00, 0.00, 1.00, 1.00, 1.00, 0.00, 0.00, 0.00, 0.00, 0.00, 0.00, 0.00, 0.00
745,  0,  24.987,  0.98,  1, 0.13, 0.11, 1.62, 0.08, 1.21, 2.06, 0.00, 1.79, 1.73, 1.28, 0.00, 0.34, 0.00, 0.31, 0.19, 0.52, 0.44, 0.00, 0.00, 0.00, 1.00, 1.00, 1.00, 0.00, 1.00, 1.00, 1.00, 0.00, 0.00, 0.00, 0.00, 0.00, 0.00, 0.00, 0.00
746,  0,  25.021,  0.98,  1, 0.09, 0.11, 1.53, 0.04, 1.22, 1.97, 0.00, 1.75, 1.71, 1.46, 0.00, 0.40, 0.00, 0.22, 0.26, 0.51, 0.47, 0.00, 0.00, 0.00, 1.00, 1.00, 1.00, 0.00, 1.00, 1.00, 1.00, 0.00, 0.00, 0.00, 0.00, 0.00, 0.00, 0.00, 0.00
747,  0,  25.054,  0.98,  1, 0.09, 0.17, 1.49, 0.00, 1.23, 2.07, 0.00, 1.75, 1.75, 1.50, 0.00, 0.52, 0.00, 0.25, 0.27, 0.42, 0.46, 0.00, 0.00, 0.00, 0.00, 1.00, 1.00, 0.00, 1.00, 1.00, 1.00, 0.00, 0.00, 0.00, 0.00, 0.00, 0.00, 0.00, 0.00
748,  0,  25.088,  0.98,  1, 0.00, 0.07, 1.40, 0.00, 1.24, 2.04, 0.00, 1.65, 1.72, 1.55, 0.08, 0.58, 0.00, 0.21, 0.24, 0.41, 0.64, 0.00, 0.00, 0.00, 0.00, 1.00, 1.00, 0.00, 1.00, 1.00, 1.00, 0.00, 0.00, 0.00, 0.00, 0.00, 0.00, 0.00, 0.00
749,  0,  25.122,  0.98,  1, 0.00, 0.07, 1.38, 0.00, 1.24, 2.16, 0.00, 1.67, 1.70, 1.42, 0.08, 0.58, 0.00, 0.21, 0.16, 0.39, 0.43, 0.00, 0.00, 0.00, 0.00, 1.00, 1.00, 0.00, 1.00, 1.00, 1.00, 0.00, 0.00, 0.00, 0.00, 0.00, 0.00, 0.00, 0.00
750,  0,  25.155,  0.98,  1, 0.00, 0.06, 1.38, 0.00, 1.24, 2.34, 0.00, 1.57, 1.65, 1.44, 0.08, 0.57, 0.00, 0.21, 0.09, 0.37, 0.43, 0.00, 0.00, 0.00, 0.00, 1.00, 1.00, 0.00, 1.00, 1.00, 1.00, 0.00, 0.00, 0.00, 0.00, 0.00, 0.00, 0.00, 0.00
751,  0,  25.189,  0.98,  1, 0.03, 0.07, 1.38, 0.00, 1.16, 2.30, 0.00, 1.69, 1.68, 1.46, 0.00, 0.66, 0.00, 0.28, 0.15, 0.39, 0.34, 0.00, 0.00, 0.00, 0.00, 1.00, 1.00, 0.00, 1.00, 1.00, 1.00, 0.00, 0.00, 0.00, 0.00, 0.00, 0.00, 0.00, 0.00
752,  0,  25.222,  0.98,  1, 0.03, 0.07, 1.34, 0.00, 1.16, 2.40, 0.00, 1.78, 1.70, 1.49, 0.00, 0.63, 0.03, 0.32, 0.15, 0.36, 0.34, 0.00, 0.00, 0.00, 0.00, 1.00, 1.00, 0.00, 1.00, 1.00, 1.00, 0.00, 0.00, 0.00, 0.00, 0.00, 0.00, 0.00, 0.00
753,  0,  25.256,  0.98,  1, 0.03, 0.01, 1.33, 0.00, 1.13, 2.23, 0.00, 1.84, 1.72, 1.49, 0.04, 0.60, 0.03, 0.32, 0.24, 0.50, 0.15, 0.00, 0.00, 0.00, 0.00, 1.00, 1.00, 0.00, 1.00, 1.00, 1.00, 0.00, 0.00, 0.00, 0.00, 0.00, 0.00, 0.00, 0.00
754,  0,  25.290,  0.98,  1, 0.01, 0.00, 1.25, 0.00, 1.21, 2.39, 0.00, 1.84, 1.69, 1.57, 0.07, 0.50, 0.03, 0.26, 0.17, 0.64, 0.02, 0.00, 0.00, 0.00, 0.00, 1.00, 1.00, 0.00, 1.00, 1.00, 1.00, 0.00, 0.00, 0.00, 0.00, 0.00, 0.00, 0.00, 0.00
755,  0,  25.323,  0.98,  1, 0.03, 0.00, 1.35, 0.00, 1.15, 2.32, 0.00, 1.78, 1.64, 1.56, 0.18, 0.60, 0.00, 0.22, 0.34, 0.71, 0.02, 0.00, 0.00, 0.00, 0.00, 1.00, 1.00, 0.00, 1.00, 1.00, 1.00, 0.00, 0.00, 0.00, 0.00, 0.00, 0.00, 0.00, 0.00
756,  0,  25.357,  0.98,  1, 0.03, 0.00, 1.37, 0.00, 1.19, 2.28, 0.00, 1.78, 1.60, 1.42, 0.14, 0.71, 0.00, 0.20, 0.36, 0.56, 0.00, 0.00, 0.00, 0.00, 0.00, 1.00, 1.00, 0.00, 1.00, 1.00, 1.00, 0.00, 0.00, 0.00, 0.00, 0.00, 0.00, 0.00, 0.00
757,  0,  25.390,  0.98,  1, 0.02, 0.01, 1.44, 0.00, 1.22, 2.14, 0.00, 1.74, 1.59, 1.39, 0.15, 0.76, 0.00, 0.27, 0.46, 0.43, 0.00, 0.00, 0.00, 0.00, 0.00, 1.00, 1.00, 0.00, 1.00, 1.00, 1.00, 0.00, 0.00, 0.00, 0.00, 0.00, 0.00, 0.00, 0.00
758,  0,  25.424,  0.98,  1, 0.00, 0.01, 1.36, 0.07, 1.25, 2.13, 0.00, 1.69, 1.58, 1.45, 0.09, 0.69, 0.12, 0.28, 0.44, 0.41, 0.00, 0.00, 0.00, 0.00, 0.00, 1.00, 1.00, 0.00, 1.00, 1.00, 1.00, 0.00, 0.00, 0.00, 0.00, 0.00, 0.00, 0.00, 0.00
759,  0,  25.458,  0.98,  1, 0.00, 0.02, 1.32, 0.09, 1.22, 2.08, 0.00, 1.65, 1.57, 1.52, 0.10, 0.63, 0.12, 0.32, 0.45, 0.46, 0.00, 0.00, 0.00, 0.00, 0.00, 1.00, 1.00, 0.00, 1.00, 1.00, 1.00, 0.00, 0.00, 0.00, 0.00, 0.00, 0.00, 0.00, 0.00
760,  0,  25.491,  0.98,  1, 0.00, 0.01, 1.33, 0.11, 1.23, 2.19, 0.00, 1.61, 1.59, 1.39, 0.06, 0.68, 0.12, 0.28, 0.34, 0.52, 0.00, 0.00, 0.00, 0.00, 0.00, 1.00, 1.00, 0.00, 1.00, 1.00, 1.00, 0.00, 0.00, 0.00, 0.00, 0.00, 0.00, 0.00, 0.00
761,  0,  25.525,  0.98,  1, 0.00, 0.01, 1.35, 0.04, 1.26, 2.17, 0.01, 1.62, 1.61, 1.37, 0.01, 0.70, 0.00, 0.24, 0.24, 0.56, 0.00, 0.00, 0.00, 0.00, 1.00, 1.00, 1.00, 0.00, 1.00, 1.00, 1.00, 0.00, 0.00, 0.00, 0.00, 0.00, 0.00, 0.00, 0.00
762,  0,  25.558,  0.98,  1, 0.00, 0.00, 1.28, 0.02, 1.30, 2.11, 0.01, 1.58, 1.65, 1.36, 0.00, 0.60, 0.00, 0.22, 0.16, 0.53, 0.00, 0.00, 0.00, 0.00, 1.00, 1.00, 1.00, 0.00, 1.00, 1.00, 1.00, 0.00, 0.00, 0.00, 0.00, 0.00, 0.00, 0.00, 0.00
763,  0,  25.592,  0.98,  1, 0.00, 0.00, 1.27, 0.00, 1.29, 2.18, 0.01, 1.54, 1.59, 1.38, 0.00, 0.45, 0.00, 0.25, 0.11, 0.46, 0.00, 0.00, 0.00, 0.00, 1.00, 1.00, 1.00, 0.00, 1.00, 1.00, 1.00, 0.00, 0.00, 0.00, 0.00, 0.00, 0.00, 0.00, 0.00
764,  0,  25.625,  0.98,  1, 0.00, 0.00, 1.27, 0.03, 1.35, 2.15, 0.00, 1.58, 1.56, 1.37, 0.00, 0.43, 0.02, 0.35, 0.06, 0.50, 0.00, 0.00, 0.00, 0.00, 1.00, 1.00, 1.00, 0.00, 1.00, 1.00, 1.00, 0.00, 0.00, 0.00, 0.00, 0.00, 0.00, 0.00, 0.00
765,  0,  25.659,  0.98,  1, 0.00, 0.00, 1.32, 0.03, 1.37, 2.33, 0.00, 1.58, 1.50, 1.34, 0.00, 0.57, 0.02, 0.37, 0.10, 0.59, 0.00, 0.00, 0.00, 0.00, 0.00, 1.00, 1.00, 0.00, 1.00, 1.00, 1.00, 0.00, 0.00, 0.00, 0.00, 0.00, 0.00, 0.00, 0.00
766,  0,  25.693,  0.98,  1, 0.00, 0.00, 1.29, 0.03, 1.41, 2.24, 0.00, 1.62, 1.51, 1.34, 0.00, 0.78, 0.02, 0.37, 0.14, 0.71, 0.03, 0.00, 0.00, 0.00, 0.00, 1.00, 1.00, 0.00, 1.00, 1.00, 1.00, 0.00, 0.00, 0.00, 0.00, 0.00, 0.00, 0.00, 0.00
767,  0,  25.726,  0.98,  1, 0.00, 0.00, 1.32, 0.00, 1.38, 2.21, 0.00, 1.71, 1.62, 1.33, 0.00, 0.79, 0.00, 0.31, 0.21, 0.63, 0.03, 0.00, 0.00, 0.00, 1.00, 1.00, 1.00, 0.00, 1.00, 1.00, 1.00, 0.00, 0.00, 0.00, 0.00, 0.00, 0.00, 0.00, 0.00
768,  0,  25.760,  0.98,  1, 0.00, 0.00, 1.28, 0.00, 1.31, 2.16, 0.00, 1.77, 1.69, 1.33, 0.00, 0.70, 0.00, 0.37, 0.17, 0.61, 0.03, 0.00, 0.00, 0.00, 0.00, 1.00, 1.00, 0.00, 1.00, 1.00, 1.00, 0.00, 0.00, 0.00, 0.00, 0.00, 0.00, 0.00, 0.00
769,  0,  25.793,  0.98,  1, 0.06, 0.00, 1.40, 0.00, 1.26, 2.14, 0.00, 1.84, 1.72, 1.27, 0.00, 0.59, 0.00, 0.39, 0.12, 0.56, 0.00, 0.00, 0.00, 0.00, 0.00, 1.00, 1.00, 0.00, 1.00, 1.00, 1.00, 0.00, 0.00, 0.00, 0.00, 0.00, 0.00, 0.00, 0.00
770,  0,  25.827,  0.98,  1, 0.08, 0.00, 1.46, 0.00, 1.17, 2.24, 0.00, 1.79, 1.66, 1.26, 0.00, 0.55, 0.00, 0.40, 0.26, 0.60, 0.01, 0.00, 0.00, 0.00, 0.00, 1.00, 1.00, 0.00, 1.00, 1.00, 1.00, 0.00, 0.00, 0.00, 0.00, 0.00, 0.00, 0.00, 0.00
771,  0,  25.861,  0.98,  1, 0.08, 0.00, 1.50, 0.00, 1.18, 2.16, 0.00, 1.79, 1.62, 1.23, 0.00, 0.58, 0.00, 0.31, 0.31, 0.54, 0.02, 0.00, 0.00, 0.00, 0.00, 1.00, 1.00, 0.00, 1.00, 1.00, 1.00, 0.00, 0.00, 0.00, 0.00, 0.00, 0.00, 0.00, 0.00
772,  0,  25.894,  0.98,  1, 0.04, 0.01, 1.46, 0.00, 1.10, 2.17, 0.00, 1.76, 1.59, 1.34, 0.00, 0.51, 0.00, 0.26, 0.39, 0.58, 0.09, 0.00, 0.00, 0.00, 0.00, 1.00, 1.00, 0.00, 1.00, 1.00, 1.00, 0.00, 0.00, 0.00, 0.00, 0.00, 0.00, 0.00, 0.00
773,  0,  25.928,  0.98,  1, 0.01, 0.01, 1.40, 0.00, 1.16, 2.32, 0.03, 1.74, 1.54, 1.42, 0.00, 0.52, 0.00, 0.21, 0.26, 0.60, 0.08, 0.00, 0.00, 0.00, 0.00, 1.00, 1.00, 0.00, 1.00, 1.00, 1.00, 0.00, 0.00, 0.00, 0.00, 0.00, 0.00, 0.00, 0.00
774,  0,  25.961,  0.98,  1, 0.05, 0.01, 1.46, 0.00, 1.19, 2.40, 0.03, 1.78, 1.55, 1.42, 0.05, 0.45, 0.00, 0.12, 0.24, 0.63, 0.07, 0.00, 0.00, 0.00, 0.00, 1.00, 1.00, 0.00, 1.00, 1.00, 1.00, 0.00, 0.00, 0.00, 0.00, 0.00, 0.00, 0.00, 0.00
775,  0,  25.995,  0.98,  1, 0.04, 0.00, 1.44, 0.00, 1.29, 2.43, 0.06, 1.80, 1.59, 1.39, 0.05, 0.39, 0.00, 0.10, 0.19, 0.64, 0.00, 0.00, 0.00, 0.00, 0.00, 1.00, 1.00, 0.00, 1.00, 1.00, 1.00, 0.00, 0.00, 0.00, 0.00, 0.00, 0.00, 0.00, 0.00
776,  0,  26.028,  0.98,  1, 0.07, 0.00, 1.52, 0.00, 1.28, 2.20, 0.04, 1.88, 1.60, 1.20, 0.05, 0.36, 0.00, 0.10, 0.17, 0.61, 0.11, 0.00, 0.00, 0.00, 0.00, 1.00, 1.00, 0.00, 1.00, 1.00, 1.00, 0.00, 0.00, 0.00, 0.00, 0.00, 0.00, 0.00, 0.00
777,  0,  26.062,  0.98,  1, 0.02, 0.00, 1.46, 0.00, 1.34, 2.12, 0.04, 1.88, 1.68, 1.29, 0.01, 0.45, 0.00, 0.19, 0.15, 0.74, 0.18, 0.00, 0.00, 0.00, 0.00, 1.00, 1.00, 0.00, 1.00, 1.00, 1.00, 0.00, 0.00, 0.00, 0.00, 0.00, 0.00, 0.00, 0.00
778,  0,  26.096,  0.98,  1, 0.02, 0.00, 1.45, 0.00, 1.34, 2.10, 0.00, 1.84, 1.66, 1.31, 0.01, 0.49, 0.00, 0.26, 0.10, 0.72, 0.21, 0.00, 0.00, 1.00, 0.00, 1.00, 1.00, 0.00, 1.00, 1.00, 1.00, 0.00, 0.00, 0.00, 0.00, 0.00, 0.00, 0.00, 0.00
779,  0,  26.129,  0.98,  1, 0.00, 0.00, 1.47, 0.00, 1.40, 2.25, 0.00, 1.71, 1.69, 1.42, 0.06, 0.57, 0.00, 0.32, 0.05, 0.84, 0.11, 0.00, 0.00, 1.00, 0.00, 1.00, 1.00, 0.00, 1.00, 1.00, 1.00, 0.00, 0.00, 0.00, 0.00, 0.00, 0.00, 0.00, 0.00
780,  0,  26.163,  0.98,  1, 0.00, 0.00, 1.46, 0.00, 1.37, 2.51, 0.00, 1.65, 1.64, 1.42, 0.05, 0.40, 0.00, 0.21, 0.18, 0.68, 0.04, 0.00, 0.00, 1.00, 0.00, 1.00, 1.00, 0.00, 1.00, 1.00, 1.00, 0.00, 0.00, 0.00, 0.00, 0.00, 0.00, 0.00, 0.00
781,  0,  26.196,  0.98,  1, 0.04, 0.00, 1.58, 0.00, 1.34, 2.56, 0.00, 1.71, 1.68, 1.40, 0.05, 0.32, 0.00, 0.19, 0.23, 0.56, 0.07, 0.00, 0.00, 1.00, 0.00, 1.00, 1.00, 0.00, 1.00, 1.00, 1.00, 0.00, 0.00, 0.00, 0.00, 0.00, 0.00, 0.00, 0.00
782,  0,  26.230,  0.98,  1, 0.13, 0.00, 1.60, 0.08, 1.28, 2.53, 0.00, 1.68, 1.71, 1.37, 0.00, 0.20, 0.00, 0.18, 0.33, 0.45, 0.23, 0.00, 0.00, 1.00, 0.00, 1.00, 1.00, 0.00, 1.00, 1.00, 1.00, 0.00, 0.00, 0.00, 0.00, 0.00, 0.00, 0.00, 0.00
783,  0,  26.264,  0.98,  1, 0.15, 0.00, 1.61, 0.08, 1.24, 2.32, 0.00, 1.64, 1.72, 1.27, 0.00, 0.31, 0.00, 0.25, 0.24, 0.49, 0.27, 0.00, 0.00, 1.00, 0.00, 1.00, 1.00, 0.00, 1.00, 1.00, 1.00, 0.00, 0.00, 0.00, 0.00, 0.00, 0.00, 0.00, 0.00
784,  0,  26.297,  0.98,  1, 0.11, 0.00, 1.46, 0.08, 1.22, 2.25, 0.00, 1.59, 1.70, 1.30, 0.00, 0.50, 0.00, 0.22, 0.30, 0.54, 0.44, 0.00, 0.00, 0.00, 0.00, 1.00, 1.00, 0.00, 1.00, 1.00, 1.00, 0.00, 0.00, 0.00, 0.00, 0.00, 0.00, 0.00, 0.00
785,  0,  26.331,  0.98,  1, 0.03, 0.01, 1.32, 0.00, 1.24, 2.10, 0.00, 1.68, 1.65, 1.36, 0.00, 0.54, 0.07, 0.23, 0.21, 0.68, 0.32, 0.00, 0.00, 0.00, 0.00, 1.00, 1.00, 0.00, 1.00, 1.00, 1.00, 0.00, 0.00, 0.00, 0.00, 0.00, 0.00, 0.00, 0.00
786,  0,  26.364,  0.98,  1, 0.00, 0.01, 1.29, 0.00, 1.25, 2.14, 0.00, 1.78, 1.65, 1.47, 0.00, 0.52, 0.07, 0.30, 0.27, 0.66, 0.41, 0.00, 0.00, 0.00, 0.00, 1.00, 1.00, 0.00, 1.00, 1.00, 1.00, 0.00, 0.00, 0.00, 0.00, 0.00, 0.00, 0.00, 0.00
787,  0,  26.398,  0.98,  1, 0.04, 0.01, 1.33, 0.00, 1.24, 1.99, 0.00, 1.71, 1.64, 1.57, 0.00, 0.37, 0.07, 0.33, 0.16, 0.67, 0.34, 0.00, 0.00, 0.00, 0.00, 1.00, 1.00, 0.00, 1.00, 1.00, 1.00, 0.00, 0.00, 0.00, 0.00, 0.00, 0.00, 0.00, 0.00
788,  0,  26.431,  0.98,  1, 0.04, 0.00, 1.36, 0.00, 1.22, 2.06, 0.00, 1.68, 1.66, 1.51, 0.00, 0.24, 0.00, 0.24, 0.25, 0.54, 0.30, 0.00, 0.00, 0.00, 0.00, 1.00, 1.00, 0.00, 1.00, 1.00, 1.00, 0.00, 0.00, 0.00, 0.00, 0.00, 0.00, 0.00, 0.00
789,  0,  26.465,  0.98,  1, 0.04, 0.00, 1.28, 0.00, 1.19, 2.15, 0.00, 1.65, 1.61, 1.40, 0.00, 0.22, 0.00, 0.12, 0.21, 0.63, 0.25, 0.00, 0.00, 0.00, 0.00, 1.00, 1.00, 0.00, 1.00, 1.00, 1.00, 0.00, 0.00, 0.00, 0.00, 0.00, 0.00, 0.00, 0.00
790,  0,  26.499,  0.98,  1, 0.00, 0.00, 1.24, 0.12, 1.23, 2.37, 0.00, 1.71, 1.60, 1.21, 0.00, 0.34, 0.02, 0.03, 0.31, 0.65, 0.17, 0.00, 0.00, 0.00, 0.00, 1.00, 1.00, 0.00, 1.00, 1.00, 1.00, 0.00, 0.00, 0.00, 0.00, 0.00, 0.00, 0.00, 0.00
791,  0,  26.532,  0.98,  1, 0.00, 0.00, 1.25, 0.12, 1.22, 2.27, 0.00, 1.71, 1.58, 1.28, 0.00, 0.48, 0.02, 0.03, 0.25, 0.63, 0.36, 0.00, 0.00, 0.00, 0.00, 1.00, 1.00, 0.00, 1.00, 1.00, 1.00, 0.00, 0.00, 0.00, 0.00, 0.00, 0.00, 0.00, 0.00
792,  0,  26.566,  0.98,  1, 0.00, 0.00, 1.39, 0.12, 1.25, 2.11, 0.01, 1.63, 1.62, 1.34, 0.00, 0.51, 0.02, 0.04, 0.15, 0.54, 0.40, 0.00, 0.00, 0.00, 0.00, 1.00, 1.00, 0.00, 1.00, 1.00, 1.00, 0.00, 0.00, 0.00, 0.00, 0.00, 0.00, 0.00, 0.00
793,  0,  26.599,  0.98,  1, 0.00, 0.00, 1.43, 0.00, 1.27, 2.01, 0.05, 1.68, 1.68, 1.48, 0.00, 0.47, 0.00, 0.03, 0.10, 0.48, 0.51, 0.00, 0.00, 0.00, 0.00, 1.00, 1.00, 0.00, 1.00, 1.00, 1.00, 0.00, 0.00, 0.00, 0.00, 0.00, 0.00, 0.00, 0.00
794,  0,  26.633,  0.98,  1, 0.00, 0.00, 1.41, 0.00, 1.33, 2.10, 0.08, 1.74, 1.75, 1.50, 0.00, 0.51, 0.00, 0.08, 0.06, 0.59, 0.46, 0.00, 0.00, 0.00, 0.00, 1.00, 1.00, 0.00, 1.00, 1.00, 1.00, 0.00, 0.00, 0.00, 0.00, 0.00, 0.00, 0.00, 0.00
795,  0,  26.667,  0.98,  1, 0.00, 0.00, 1.38, 0.00, 1.38, 2.14, 0.09, 1.79, 1.75, 1.54, 0.00, 0.47, 0.00, 0.12, 0.07, 0.60, 0.40, 0.00, 0.00, 0.00, 0.00, 1.00, 1.00, 0.00, 1.00, 1.00, 1.00, 0.00, 0.00, 0.00, 0.00, 0.00, 0.00, 0.00, 0.00
796,  0,  26.700,  0.98,  1, 0.00, 0.00, 1.34, 0.00, 1.41, 2.18, 0.08, 1.73, 1.75, 1.54, 0.00, 0.39, 0.00, 0.25, 0.01, 0.65, 0.23, 0.00, 0.00, 0.00, 0.00, 1.00, 1.00, 0.00, 1.00, 1.00, 1.00, 0.00, 0.00, 0.00, 0.00, 0.00, 0.00, 0.00, 0.00
797,  0,  26.734,  0.98,  1, 0.00, 0.00, 1.32, 0.00, 1.45, 2.21, 0.07, 1.70, 1.71, 1.52, 0.00, 0.27, 0.00, 0.29, 0.01, 0.64, 0.18, 0.00, 0.00, 0.00, 0.00, 1.00, 1.00, 0.00, 1.00, 1.00, 1.00, 0.00, 0.00, 0.00, 0.00, 0.00, 0.00, 0.00, 0.00
798,  0,  26.767,  0.98,  1, 0.00, 0.00, 1.19, 0.00, 1.43, 2.15, 0.05, 1.68, 1.70, 1.49, 0.00, 0.20, 0.00, 0.37, 0.03, 0.69, 0.16, 0.00, 0.00, 0.00, 0.00, 1.00, 1.00, 0.00, 1.00, 1.00, 1.00, 0.00, 0.00, 0.00, 0.00, 0.00, 0.00, 0.00, 0.00
799,  0,  26.801,  0.98,  1, 0.00, 0.00, 1.24, 0.00, 1.45, 2.29, 0.04, 1.67, 1.68, 1.45, 0.00, 0.16, 0.00, 0.35, 0.08, 0.73, 0.26, 0.00, 0.00, 0.00, 0.00, 1.00, 1.00, 0.00, 1.00, 1.00, 1.00, 0.00, 0.00, 0.00, 0.00, 0.00, 0.00, 0.00, 0.00
800,  0,  26.835,  0.98,  1, 0.00, 0.00, 1.26, 0.00, 1.43, 2.19, 0.01, 1.54, 1.68, 1.42, 0.00, 0.16, 0.00, 0.36, 0.13, 0.74, 0.17, 0.00, 0.00, 0.00, 0.00, 1.00, 1.00, 0.00, 1.00, 1.00, 1.00, 0.00, 0.00, 0.00, 0.00, 0.00, 0.00, 0.00, 0.00
801,  0,  26.868,  0.98,  1, 0.00, 0.00, 1.46, 0.00, 1.38, 2.29, 0.01, 1.42, 1.70, 1.31, 0.00, 0.23, 0.00, 0.28, 0.18, 0.75, 0.31, 0.00, 0.00, 0.00, 0.00, 1.00, 1.00, 0.00, 1.00, 1.00, 1.00, 0.00, 0.00, 0.00, 0.00, 0.00, 0.00, 0.00, 1.00
802,  0,  26.902,  0.98,  1, 0.00, 0.00, 1.58, 0.00, 1.34, 2.20, 0.00, 1.36, 1.73, 1.28, 0.00, 0.31, 0.00, 0.22, 0.13, 0.76, 0.41, 0.00, 0.00, 0.00, 0.00, 1.00, 1.00, 0.00, 1.00, 1.00, 1.00, 0.00, 0.00, 0.00, 0.00, 0.00, 0.00, 0.00, 1.00
803,  0,  26.935,  0.98,  1, 0.00, 0.00, 1.75, 0.00, 1.29, 2.49, 0.00, 1.47, 1.78, 1.31, 0.00, 0.35, 0.00, 0.17, 0.09, 0.74, 0.57, 0.00, 0.00, 1.00, 0.00, 1.00, 1.00, 0.00, 1.00, 1.00, 1.00, 0.00, 0.00, 0.00, 0.00, 0.00, 0.00, 0.00, 1.00
804,  0,  26.969,  0.98,  1, 0.00, 0.00, 1.74, 0.00, 1.32, 2.50, 0.03, 1.53, 1.77, 1.44, 0.00, 0.37, 0.04, 0.19, 0.03, 0.84, 0.49, 0.00, 0.00, 1.00, 0.00, 1.00, 1.00, 0.00, 1.00, 1.00, 1.00, 0.00, 0.00, 0.00, 0.00, 0.00, 0.00, 0.00, 1.00
805,  0,  27.002,  0.98,  1, 0.00, 0.00, 1.68, 0.00, 1.33, 2.45, 0.03, 1.55, 1.79, 1.50, 0.00, 0.38, 0.04, 0.23, 0.08, 0.99, 0.51, 0.00, 0.00, 1.00, 0.00, 1.00, 1.00, 0.00, 1.00, 1.00, 1.00, 0.00, 0.00, 0.00, 0.00, 0.00, 0.00, 0.00, 1.00
806,  0,  27.036,  0.98,  1, 0.00, 0.00, 1.52, 0.00, 1.34, 2.21, 0.03, 1.49, 1.76, 1.53, 0.00, 0.36, 0.04, 0.24, 0.07, 0.97, 0.51, 0.00, 0.00, 1.00, 0.00, 1.00, 1.00, 0.00, 1.00, 1.00, 1.00, 0.00, 0.00, 0.00, 0.00, 0.00, 0.00, 0.00, 1.00
807,  0,  27.070,  0.98,  1, 0.00, 0.00, 1.48, 0.00, 1.34, 2.23, 0.01, 1.49, 1.73, 1.51, 0.00, 0.33, 0.02, 0.19, 0.05, 0.86, 0.51, 0.00, 0.00, 1.00, 0.00, 1.00, 1.00, 0.00, 1.00, 1.00, 1.00, 0.00, 0.00, 0.00, 0.00, 0.00, 0.00, 0.00, 1.00
808,  0,  27.103,  0.98,  1, 0.00, 0.00, 1.37, 0.00, 1.31, 2.17, 0.01, 1.46, 1.71, 1.46, 0.00, 0.32, 0.02, 0.22, 0.14, 0.68, 0.28, 0.00, 0.00, 0.00, 0.00, 1.00, 1.00, 0.00, 1.00, 1.00, 1.00, 0.00, 0.00, 0.00, 0.00, 0.00, 0.00, 0.00, 0.00
809,  0,  27.137,  0.98,  1, 0.00, 0.00, 1.34, 0.00, 1.28, 2.10, 0.01, 1.44, 1.71, 1.51, 0.00, 0.38, 0.02, 0.26, 0.21, 0.71, 0.12, 0.00, 0.00, 0.00, 0.00, 1.00, 1.00, 0.00, 1.00, 1.00, 1.00, 0.00, 0.00, 0.00, 0.00, 0.00, 0.00, 0.00, 0.00
810,  0,  27.170,  0.98,  1, 0.00, 0.00, 1.23, 0.00, 1.21, 1.99, 0.00, 1.47, 1.68, 1.50, 0.00, 0.33, 0.00, 0.33, 0.25, 0.59, 0.01, 0.00, 0.00, 0.00, 0.00, 1.00, 1.00, 0.00, 1.00, 1.00, 1.00, 0.00, 0.00, 0.00, 0.00, 0.00, 0.00, 0.00, 0.00
811,  0,  27.204,  0.98,  1, 0.00, 0.00, 1.20, 0.00, 1.19, 1.92, 0.00, 1.53, 1.61, 1.61, 0.00, 0.37, 0.00, 0.28, 0.17, 0.56, 0.00, 0.00, 0.00, 0.00, 0.00, 1.00, 1.00, 0.00, 1.00, 1.00, 1.00, 0.00, 0.00, 0.00, 0.00, 0.00, 0.00, 0.00, 0.00
812,  0,  27.238,  0.98,  1, 0.00, 0.00, 1.21, 0.00, 1.22, 1.92, 0.00, 1.63, 1.56, 1.56, 0.00, 0.30, 0.04, 0.27, 0.10, 0.51, 0.00, 0.00, 0.00, 0.00, 0.00, 1.00, 1.00, 0.00, 1.00, 1.00, 1.00, 0.00, 0.00, 0.00, 0.00, 0.00, 0.00, 0.00, 0.00
813,  0,  27.271,  0.98,  1, 0.00, 0.00, 1.19, 0.00, 1.23, 1.87, 0.00, 1.68, 1.55, 1.62, 0.00, 0.41, 0.05, 0.25, 0.09, 0.61, 0.00, 0.00, 0.00, 0.00, 1.00, 1.00, 1.00, 0.00, 1.00, 1.00, 1.00, 0.00, 0.00, 0.00, 0.00, 0.00, 0.00, 0.00, 0.00
814,  0,  27.305,  0.98,  1, 0.00, 0.00, 1.23, 0.00, 1.21, 1.96, 0.00, 1.69, 1.57, 1.49, 0.00, 0.41, 0.08, 0.25, 0.08, 0.65, 0.00, 0.00, 0.00, 0.00, 1.00, 1.00, 1.00, 0.00, 1.00, 1.00, 1.00, 0.00, 0.00, 0.00, 0.00, 0.00, 0.00, 0.00, 0.00
815,  0,  27.338,  0.98,  1, 0.00, 0.00, 1.17, 0.00, 1.16, 2.08, 0.00, 1.61, 1.57, 1.45, 0.00, 0.48, 0.05, 0.25, 0.14, 0.63, 0.00, 0.00, 0.00, 0.00, 1.00, 1.00, 1.00, 0.00, 1.00, 1.00, 1.00, 0.00, 0.00, 0.00, 0.00, 0.00, 0.00, 0.00, 0.00
816,  0,  27.372,  0.98,  1, 0.00, 0.00, 1.20, 0.06, 1.17, 2.25, 0.00, 1.61, 1.55, 1.36, 0.00, 0.41, 0.09, 0.22, 0.14, 0.62, 0.00, 0.00, 0.00, 0.00, 1.00, 1.00, 1.00, 0.00, 1.00, 1.00, 1.00, 0.00, 0.00, 0.00, 0.00, 0.00, 0.00, 0.00, 0.00
817,  0,  27.405,  0.98,  1, 0.00, 0.00, 1.17, 0.06, 1.18, 2.39, 0.00, 1.56, 1.52, 1.44, 0.00, 0.31, 0.09, 0.19, 0.10, 0.62, 0.00, 0.00, 0.00, 0.00, 1.00, 1.00, 1.00, 0.00, 1.00, 1.00, 1.00, 0.00, 0.00, 0.00, 0.00, 0.00, 0.00, 0.00, 0.00
818,  0,  27.439,  0.98,  1, 0.00, 0.00, 1.21, 0.06, 1.20, 2.26, 0.00, 1.63, 1.53, 1.49, 0.00, 0.23, 0.10, 0.17, 0.19, 0.72, 0.00, 0.00, 0.00, 0.00, 1.00, 1.00, 1.00, 0.00, 1.00, 1.00, 1.00, 0.00, 0.00, 0.00, 0.00, 0.00, 0.00, 0.00, 0.00
819,  0,  27.473,  0.98,  1, 0.00, 0.00, 1.21, 0.00, 1.18, 2.21, 0.04, 1.56, 1.57, 1.58, 0.00, 0.27, 0.05, 0.16, 0.24, 0.76, 0.00, 0.00, 0.00, 0.00, 1.00, 1.00, 1.00, 0.00, 1.00, 1.00, 1.00, 0.00, 0.00, 0.00, 0.00, 0.00, 0.00, 0.00, 0.00
820,  0,  27.506,  0.98,  1, 0.00, 0.00, 1.21, 0.00, 1.17, 2.03, 0.05, 1.56, 1.59, 1.52, 0.00, 0.36, 0.02, 0.15, 0.38, 0.80, 0.00, 0.00, 0.00, 0.00, 1.00, 1.00, 1.00, 0.00, 1.00, 1.00, 1.00, 0.00, 0.00, 0.00, 0.00, 0.00, 0.00, 0.00, 0.00
821,  0,  27.540,  0.98,  1, 0.00, 0.00, 1.28, 0.00, 1.18, 1.98, 0.09, 1.62, 1.60, 1.44, 0.00, 0.44, 0.00, 0.14, 0.25, 0.78, 0.00, 0.00, 0.00, 0.00, 1.00, 1.00, 1.00, 0.00, 1.00, 1.00, 1.00, 0.00, 0.00, 0.00, 0.00, 0.00, 0.00, 0.00, 0.00
822,  0,  27.573,  0.98,  1, 0.00, 0.00, 1.30, 0.00, 1.24, 1.84, 0.10, 1.64, 1.59, 1.38, 0.00, 0.48, 0.00, 0.18, 0.21, 0.72, 0.00, 0.00, 0.00, 0.00, 1.00, 1.00, 1.00, 0.00, 1.00, 1.00, 1.00, 0.00, 0.00, 0.00, 0.00, 0.00, 0.00, 0.00, 0.00
823,  0,  27.607,  0.98,  1, 0.00, 0.00, 1.34, 0.00, 1.28, 1.90, 0.16, 1.71, 1.60, 1.51, 0.00, 0.51, 0.00, 0.27, 0.17, 0.78, 0.00, 0.00, 0.00, 0.00, 0.00, 1.00, 1.00, 0.00, 1.00, 1.00, 1.00, 0.00, 0.00, 0.00, 0.00, 0.00, 0.00, 0.00, 0.00
824,  0,  27.641,  0.98,  1, 0.00, 0.00, 1.26, 0.00, 1.30, 1.90, 0.16, 1.69, 1.56, 1.61, 0.00, 0.60, 0.00, 0.30, 0.17, 0.80, 0.00, 0.00, 0.00, 0.00, 1.00, 1.00, 1.00, 0.00, 1.00, 1.00, 1.00, 0.00, 0.00, 0.00, 0.00, 0.00, 0.00, 0.00, 0.00
825,  0,  27.674,  0.98,  1, 0.00, 0.00, 1.30, 0.00, 1.29, 2.02, 0.14, 1.77, 1.56, 1.63, 0.01, 0.61, 0.00, 0.29, 0.18, 0.81, 0.00, 0.00, 0.00, 0.00, 1.00, 1.00, 1.00, 0.00, 1.00, 1.00, 1.00, 0.00, 0.00, 0.00, 0.00, 0.00, 0.00, 0.00, 0.00
826,  0,  27.708,  0.98,  1, 0.00, 0.00, 1.25, 0.00, 1.24, 2.07, 0.10, 1.74, 1.54, 1.55, 0.01, 0.50, 0.00, 0.26, 0.14, 0.76, 0.00, 0.00, 0.00, 0.00, 1.00, 1.00, 1.00, 0.00, 1.00, 1.00, 1.00, 0.00, 0.00, 0.00, 0.00, 0.00, 0.00, 0.00, 0.00
827,  0,  27.741,  0.98,  1, 0.00, 0.00, 1.31, 0.00, 1.20, 2.15, 0.06, 1.67, 1.55, 1.43, 0.01, 0.38, 0.00, 0.23, 0.24, 0.76, 0.00, 0.00, 0.00, 0.00, 1.00, 1.00, 1.00, 0.00, 1.00, 1.00, 1.00, 0.00, 0.00, 0.00, 0.00, 0.00, 0.00, 0.00, 0.00
828,  0,  27.775,  0.98,  1, 0.00, 0.00, 1.28, 0.00, 1.21, 2.10, 0.04, 1.54, 1.55, 1.48, 0.00, 0.34, 0.00, 0.24, 0.25, 0.68, 0.00, 0.00, 0.00, 0.00, 1.00, 1.00, 1.00, 0.00, 1.00, 1.00, 1.00, 0.00, 0.00, 0.00, 0.00, 0.00, 0.00, 0.00, 0.00
829,  0,  27.808,  0.98,  1, 0.00, 0.00, 1.30, 0.00, 1.25, 2.12, 0.02, 1.51, 1.58, 1.44, 0.00, 0.40, 0.08, 0.24, 0.27, 0.58, 0.00, 0.00, 0.00, 0.00, 1.00, 1.00, 1.00, 0.00, 1.00, 1.00, 1.00, 0.00, 0.00, 0.00, 0.00, 0.00, 0.00, 0.00, 0.00
830,  0,  27.842,  0.98,  1, 0.00, 0.00, 1.33, 0.00, 1.28, 2.11, 0.05, 1.49, 1.56, 1.51, 0.00, 0.47, 0.08, 0.28, 0.19, 0.46, 0.00, 0.00, 0.00, 0.00, 1.00, 1.00, 1.00, 0.00, 1.00, 1.00, 1.00, 0.00, 0.00, 0.00, 0.00, 0.00, 0.00, 0.00, 0.00
831,  0,  27.876,  0.98,  1, 0.00, 0.00, 1.34, 0.00, 1.25, 2.09, 0.03, 1.50, 1.53, 1.50, 0.00, 0.52, 0.11, 0.30, 0.17, 0.53, 0.00, 0.00, 0.00, 0.00, 1.00, 1.00, 1.00, 0.00, 1.00, 1.00, 1.00, 0.00, 0.00, 0.00, 0.00, 0.00, 0.00, 0.00, 0.00
832,  0,  27.909,  0.98,  1, 0.00, 0.00, 1.43, 0.00, 1.22, 2.07, 0.03, 1.53, 1.48, 1.50, 0.00, 0.52, 0.10, 0.31, 0.09, 0.52, 0.00, 0.00, 0.00, 0.00, 1.00, 1.00, 1.00, 0.00, 1.00, 1.00, 1.00, 0.00, 0.00, 0.00, 0.00, 0.00, 0.00, 0.00, 0.00
833,  0,  27.943,  0.98,  1, 0.00, 0.00, 1.40, 0.00, 1.22, 2.16, 0.01, 1.54, 1.48, 1.57, 0.00, 0.59, 0.19, 0.35, 0.06, 0.60, 0.00, 0.00, 0.00, 0.00, 0.00, 1.00, 1.00, 0.00, 1.00, 1.00, 1.00, 0.00, 0.00, 0.00, 0.00, 0.00, 0.00, 0.00, 0.00
834,  0,  27.976,  0.98,  1, 0.00, 0.00, 1.35, 0.00, 1.26, 2.27, 0.00, 1.68, 1.54, 1.54, 0.00, 0.59, 0.29, 0.36, 0.08, 0.52, 0.00, 0.00, 0.00, 0.00, 0.00, 1.00, 1.00, 0.00, 1.00, 1.00, 1.00, 0.00, 0.00, 0.00, 0.00, 0.00, 0.00, 0.00, 0.00
835,  0,  28.010,  0.98,  1, 0.00, 0.00, 1.26, 0.00, 1.28, 2.28, 0.00, 1.75, 1.59, 1.52, 0.00, 0.57, 0.35, 0.38, 0.12, 0.55, 0.00, 0.00, 0.00, 0.00, 0.00, 1.00, 1.00, 0.00, 1.00, 1.00, 1.00, 0.00, 0.00, 0.00, 0.00, 0.00, 0.00, 0.00, 0.00
836,  0,  28.044,  0.98,  1, 0.00, 0.00, 1.27, 0.00, 1.30, 2.34, 0.00, 1.72, 1.62, 1.45, 0.00, 0.48, 0.34, 0.35, 0.22, 0.48, 0.00, 0.00, 0.00, 0.00, 0.00, 1.00, 1.00, 0.00, 1.00, 1.00, 1.00, 0.00, 0.00, 0.00, 0.00, 0.00, 0.00, 0.00, 0.00
837,  0,  28.077,  0.98,  1, 0.00, 0.00, 1.38, 0.00, 1.31, 2.36, 0.00, 1.65, 1.61, 1.34, 0.00, 0.41, 0.20, 0.28, 0.24, 0.43, 0.00, 0.00, 0.00, 0.00, 0.00, 1.00, 1.00, 0.00, 1.00, 1.00, 1.00, 0.00, 0.00, 0.00, 0.00, 0.00, 0.00, 0.00, 0.00
838,  0,  28.111,  0.98,  1, 0.00, 0.00, 1.35, 0.00, 1.30, 2.26, 0.03, 1.54, 1.59, 1.38, 0.00, 0.46, 0.08, 0.27, 0.28, 0.38, 0.00, 0.00, 0.00, 0.00, 0.00, 1.00, 1.00, 0.00, 1.00, 1.00, 1.00, 0.00, 0.00, 0.00, 0.00, 0.00, 0.00, 0.00, 0.00
839,  0,  28.144,  0.98,  1, 0.00, 0.00, 1.33, 0.00, 1.27, 2.19, 0.08, 1.49, 1.60, 1.40, 0.04, 0.46, 0.04, 0.28, 0.22, 0.44, 0.00, 0.00, 0.00, 0.00, 0.00, 1.00, 1.00, 0.00, 1.00, 1.00, 1.00, 0.00, 0.00, 0.00, 0.00, 0.00, 0.00, 0.00, 0.00
840,  0,  28.178,  0.98,  1, 0.00, 0.00, 1.26, 0.00, 1.23, 1.99, 0.08, 1.49, 1.61, 1.45, 0.04, 0.58, 0.04, 0.39, 0.20, 0.45, 0.00, 0.00, 0.00, 0.00, 0.00, 1.00, 1.00, 0.00, 1.00, 1.00, 1.00, 0.00, 0.00, 0.00, 0.00, 0.00, 0.00, 0.00, 0.00
841,  0,  28.211,  0.98,  1, 0.00, 0.00, 1.33, 0.01, 1.21, 2.05, 0.04, 1.50, 1.63, 1.46, 0.04, 0.51, 0.15, 0.40, 0.22, 0.46, 0.00, 0.00, 0.00, 0.00, 0.00, 1.00, 1.00, 0.00, 1.00, 1.00, 1.00, 0.00, 0.00, 0.00, 0.00, 0.00, 0.00, 0.00, 0.00
842,  0,  28.245,  0.98,  1, 0.00, 0.00, 1.25, 0.01, 1.24, 2.03, 0.00, 1.54, 1.61, 1.43, 0.00, 0.43, 0.11, 0.42, 0.33, 0.44, 0.05, 0.00, 0.00, 0.00, 0.00, 1.00, 1.00, 0.00, 1.00, 1.00, 1.00, 0.00, 0.00, 0.00, 0.00, 0.00, 0.00, 0.00, 0.00
843,  0,  28.279,  0.98,  1, 0.03, 0.00, 1.24, 0.02, 1.24, 2.10, 0.00, 1.44, 1.62, 1.52, 0.00, 0.28, 0.13, 0.31, 0.39, 0.52, 0.15, 0.00, 0.00, 0.00, 0.00, 1.00, 1.00, 0.00, 1.00, 1.00, 1.00, 0.00, 0.00, 0.00, 0.00, 0.00, 0.00, 0.00, 0.00
844,  0,  28.312,  0.98,  1, 0.03, 0.00, 1.19, 0.01, 1.23, 2.19, 0.00, 1.37, 1.67, 1.53, 0.00, 0.21, 0.01, 0.27, 0.43, 0.59, 0.19, 0.00, 0.00, 0.00, 0.00, 1.00, 1.00, 0.00, 1.00, 1.00, 1.00, 0.00, 0.00, 0.00, 0.00, 0.00, 0.00, 0.00, 0.00
845,  0,  28.346,  0.98,  1, 0.03, 0.00, 1.26, 0.01, 1.19, 2.10, 0.00, 1.33, 1.72, 1.58, 0.00, 0.26, 0.01, 0.23, 0.37, 0.61, 0.19, 0.00, 0.00, 0.00, 0.00, 1.00, 1.00, 0.00, 1.00, 1.00, 1.00, 0.00, 0.00, 0.00, 0.00, 0.00, 0.00, 0.00, 0.00
846,  0,  28.379,  0.98,  1, 0.00, 0.00, 1.30, 0.00, 1.17, 2.01, 0.00, 1.33, 1.73, 1.59, 0.00, 0.34, 0.01, 0.28, 0.33, 0.69, 0.27, 0.00, 0.00, 0.00, 0.00, 1.00, 1.00, 0.00, 1.00, 1.00, 1.00, 0.00, 0.00, 0.00, 0.00, 0.00, 0.00, 0.00, 0.00
847,  0,  28.413,  0.98,  1, 0.00, 0.00, 1.39, 0.00, 1.19, 1.82, 0.03, 1.36, 1.68, 1.54, 0.00, 0.47, 0.01, 0.27, 0.24, 0.74, 0.42, 0.00, 0.00, 0.00, 0.00, 1.00, 1.00, 0.00, 1.00, 1.00, 1.00, 0.00, 0.00, 0.00, 0.00, 0.00, 0.00, 0.00, 0.00
848,  0,  28.447,  0.98,  1, 0.00, 0.00, 1.42, 0.00, 1.20, 1.82, 0.03, 1.38, 1.66, 1.51, 0.00, 0.49, 0.01, 0.22, 0.21, 0.79, 0.46, 0.00, 0.00, 0.00, 0.00, 1.00, 1.00, 0.00, 1.00, 1.00, 1.00, 0.00, 0.00, 0.00, 0.00, 0.00, 0.00, 0.00, 0.00
849,  0,  28.480,  0.98,  1, 0.00, 0.00, 1.41, 0.00, 1.26, 2.00, 0.06, 1.49, 1.63, 1.45, 0.00, 0.42, 0.04, 0.17, 0.15, 0.77, 0.46, 0.00, 0.00, 0.00, 0.00, 1.00, 1.00, 0.00, 1.00, 1.00, 1.00, 0.00, 0.00, 0.00, 0.00, 0.00, 0.00, 0.00, 0.00
850,  0,  28.514,  0.98,  1, 0.00, 0.00, 1.42, 0.00, 1.30, 2.23, 0.03, 1.53, 1.65, 1.53, 0.00, 0.40, 0.06, 0.14, 0.11, 0.73, 0.47, 0.00, 0.00, 0.00, 0.00, 1.00, 1.00, 0.00, 1.00, 1.00, 1.00, 0.00, 0.00, 0.00, 0.00, 0.00, 0.00, 0.00, 0.00
851,  0,  28.547,  0.98,  1, 0.00, 0.00, 1.39, 0.00, 1.38, 2.48, 0.03, 1.61, 1.66, 1.52, 0.00, 0.48, 0.10, 0.13, 0.05, 0.78, 0.56, 0.00, 0.00, 0.00, 0.00, 1.00, 1.00, 0.00, 1.00, 1.00, 1.00, 0.00, 0.00, 0.00, 0.00, 0.00, 0.00, 0.00, 0.00
852,  0,  28.581,  0.98,  1, 0.00, 0.00, 1.39, 0.00, 1.41, 2.47, 0.01, 1.63, 1.69, 1.54, 0.00, 0.62, 0.06, 0.10, 0.00, 0.76, 0.38, 0.00, 0.00, 0.00, 0.00, 1.00, 1.00, 0.00, 1.00, 1.00, 1.00, 0.00, 0.00, 0.00, 0.00, 0.00, 0.00, 0.00, 0.00
853,  0,  28.615,  0.98,  1, 0.00, 0.00, 1.25, 0.00, 1.43, 2.30, 0.01, 1.71, 1.70, 1.48, 0.00, 0.70, 0.05, 0.13, 0.00, 0.82, 0.19, 0.00, 0.00, 0.00, 0.00, 1.00, 1.00, 0.00, 1.00, 1.00, 1.00, 0.00, 0.00, 0.00, 0.00, 0.00, 0.00, 0.00, 0.00
854,  0,  28.648,  0.98,  1, 0.00, 0.00, 1.25, 0.00, 1.43, 2.16, 0.01, 1.76, 1.72, 1.50, 0.00, 0.63, 0.02, 0.20, 0.00, 0.82, 0.04, 0.00, 0.00, 0.00, 0.00, 1.00, 1.00, 0.00, 1.00, 1.00, 1.00, 0.00, 0.00, 0.00, 0.00, 0.00, 0.00, 0.00, 0.00
855,  0,  28.682,  0.98,  1, 0.00, 0.00, 1.24, 0.00, 1.39, 2.15, 0.00, 1.71, 1.69, 1.49, 0.00, 0.60, 0.02, 0.26, 0.00, 0.92, 0.10, 0.00, 0.00, 0.00, 0.00, 1.00, 1.00, 0.00, 1.00, 1.00, 1.00, 0.00, 0.00, 0.00, 0.00, 0.00, 0.00, 0.00, 0.00
856,  0,  28.715,  0.98,  1, 0.00, 0.00, 1.29, 0.00, 1.35, 2.32, 0.04, 1.61, 1.73, 1.59, 0.00, 0.52, 0.00, 0.27, 0.00, 1.00, 0.18, 0.00, 0.00, 0.00, 0.00, 1.00, 1.00, 0.00, 1.00, 1.00, 1.00, 0.00, 0.00, 0.00, 0.00, 0.00, 0.00, 0.00, 0.00
857,  0,  28.749,  0.98,  1, 0.00, 0.00, 1.25, 0.00, 1.31, 2.44, 0.04, 1.46, 1.71, 1.64, 0.00, 0.50, 0.00, 0.22, 0.00, 1.01, 0.33, 0.00, 0.00, 0.00, 0.00, 1.00, 1.00, 0.00, 1.00, 1.00, 1.00, 0.00, 0.00, 0.00, 0.00, 0.00, 0.00, 0.00, 0.00
858,  0,  28.782,  0.98,  1, 0.00, 0.00, 1.21, 0.00, 1.33, 2.41, 0.04, 1.41, 1.74, 1.73, 0.00, 0.49, 0.00, 0.24, 0.09, 0.98, 0.37, 0.00, 0.00, 0.00, 0.00, 1.00, 1.00, 0.00, 1.00, 1.00, 1.00, 0.00, 0.00, 0.00, 0.00, 0.00, 0.00, 0.00, 0.00
859,  0,  28.816,  0.98,  1, 0.00, 0.00, 1.23, 0.00, 1.35, 2.40, 0.00, 1.38, 1.71, 1.80, 0.00, 0.55, 0.00, 0.24, 0.09, 0.95, 0.34, 0.00, 0.00, 0.00, 0.00, 1.00, 1.00, 0.00, 1.00, 1.00, 1.00, 0.00, 0.00, 0.00, 0.00, 0.00, 0.00, 0.00, 0.00
860,  0,  28.850,  0.98,  1, 0.00, 0.00, 1.24, 0.00, 1.35, 2.33, 0.00, 1.42, 1.70, 1.83, 0.00, 0.56, 0.00, 0.24, 0.11, 0.95, 0.18, 0.00, 0.00, 0.00, 0.00, 1.00, 1.00, 0.00, 1.00, 1.00, 1.00, 0.00, 0.00, 0.00, 0.00, 0.00, 0.00, 0.00, 0.00
861,  0,  28.883,  0.98,  1, 0.00, 0.00, 1.30, 0.00, 1.32, 2.33, 0.02, 1.43, 1.68, 1.81, 0.00, 0.58, 0.00, 0.21, 0.02, 0.95, 0.10, 0.00, 0.00, 0.00, 0.00, 1.00, 1.00, 0.00, 1.00, 1.00, 1.00, 0.00, 0.00, 0.00, 0.00, 0.00, 0.00, 0.00, 0.00
862,  0,  28.917,  0.98,  1, 0.00, 0.00, 1.33, 0.00, 1.33, 2.18, 0.05, 1.50, 1.71, 1.72, 0.00, 0.51, 0.00, 0.20, 0.02, 0.93, 0.08, 0.00, 0.00, 0.00, 0.00, 1.00, 1.00, 0.00, 1.00, 1.00, 1.00, 0.00, 0.00, 0.00, 0.00, 0.00, 0.00, 0.00, 0.00
863,  0,  28.950,  0.98,  1, 0.00, 0.00, 1.30, 0.00, 1.29, 2.12, 0.05, 1.46, 1.72, 1.63, 0.00, 0.44, 0.00, 0.15, 0.02, 0.92, 0.15, 0.00, 0.00, 0.00, 0.00, 1.00, 1.00, 0.00, 1.00, 1.00, 1.00, 0.00, 0.00, 0.00, 0.00, 0.00, 0.00, 0.00, 0.00
864,  0,  28.984,  0.98,  1, 0.00, 0.00, 1.26, 0.00, 1.34, 2.14, 0.06, 1.49, 1.73, 1.62, 0.00, 0.35, 0.00, 0.15, 0.02, 0.96, 0.18, 0.00, 0.00, 0.00, 0.00, 1.00, 1.00, 0.00, 1.00, 1.00, 1.00, 0.00, 0.00, 0.00, 0.00, 0.00, 0.00, 0.00, 0.00
865,  0,  29.018,  0.98,  1, 0.00, 0.00, 1.16, 0.00, 1.31, 2.11, 0.04, 1.42, 1.66, 1.61, 0.00, 0.40, 0.00, 0.20, 0.04, 0.98, 0.13, 0.00, 0.00, 0.00, 0.00, 1.00, 1.00, 0.00, 1.00, 1.00, 1.00, 0.00, 0.00, 0.00, 0.00, 0.00, 0.00, 0.00, 0.00
866,  0,  29.051,  0.98,  1, 0.00, 0.00, 1.16, 0.00, 1.36, 2.10, 0.04, 1.49, 1.64, 1.58, 0.00, 0.49, 0.00, 0.30, 0.08, 0.96, 0.05, 0.00, 0.00, 0.00, 0.00, 1.00, 1.00, 0.00, 1.00, 1.00, 1.00, 0.00, 0.00, 0.00, 0.00, 0.00, 0.00, 0.00, 0.00
867,  0,  29.085,  0.98,  1, 0.00, 0.00, 1.17, 0.01, 1.29, 2.02, 0.02, 1.53, 1.62, 1.50, 0.00, 0.59, 0.00, 0.35, 0.12, 0.87, 0.00, 0.00, 0.00, 0.00, 0.00, 1.00, 1.00, 0.00, 1.00, 1.00, 1.00, 0.00, 0.00, 0.00, 0.00, 0.00, 0.00, 0.00, 0.00
868,  0,  29.118,  0.98,  1, 0.00, 0.00, 1.17, 0.01, 1.22, 1.93, 0.00, 1.66, 1.57, 1.39, 0.00, 0.67, 0.00, 0.40, 0.10, 0.87, 0.00, 0.00, 0.00, 0.00, 1.00, 1.00, 1.00, 0.00, 1.00, 1.00, 1.00, 0.00, 0.00, 0.00, 0.00, 0.00, 0.00, 0.00, 0.00
869,  0,  29.152,  0.98,  1, 0.00, 0.00, 1.29, 0.04, 1.13, 1.95, 0.00, 1.74, 1.58, 1.42, 0.06, 0.71, 0.00, 0.45, 0.07, 0.88, 0.00, 0.00, 0.00, 0.00, 1.00, 1.00, 1.00, 0.00, 1.00, 1.00, 1.00, 0.00, 0.00, 0.00, 0.00, 0.00, 0.00, 0.00, 0.00
870,  0,  29.185,  0.98,  1, 0.00, 0.00, 1.22, 0.07, 1.08, 1.94, 0.00, 1.82, 1.65, 1.37, 0.06, 0.71, 0.00, 0.59, 0.03, 0.75, 0.00, 0.00, 0.00, 0.00, 1.00, 1.00, 1.00, 0.00, 1.00, 1.00, 1.00, 0.00, 0.00, 0.00, 0.00, 0.00, 0.00, 0.00, 0.00
871,  0,  29.219,  0.98,  1, 0.00, 0.07, 1.30, 0.13, 1.09, 2.08, 0.00, 1.74, 1.73, 1.55, 0.06, 0.69, 0.00, 0.69, 0.13, 0.55, 0.00, 0.00, 0.00, 0.00, 1.00, 1.00, 1.00, 0.00, 1.00, 1.00, 1.00, 0.00, 0.00, 0.00, 0.00, 0.00, 0.00, 0.00, 0.00
872,  0,  29.253,  0.98,  1, 0.00, 0.07, 1.23, 0.17, 1.05, 1.97, 0.00, 1.56, 1.76, 1.56, 0.01, 0.78, 0.00, 0.74, 0.16, 0.44, 0.00, 1.00, 1.00, 0.00, 1.00, 1.00, 1.00, 0.00, 1.00, 1.00, 1.00, 0.00, 0.00, 0.00, 0.00, 0.00, 0.00, 0.00, 0.00
873,  0,  29.286,  0.98,  1, 0.00, 0.07, 1.30, 0.20, 1.03, 2.02, 0.00, 1.43, 1.72, 1.71, 0.01, 0.85, 0.00, 0.74, 0.25, 0.49, 0.00, 1.00, 1.00, 0.00, 1.00, 1.00, 1.00, 0.00, 1.00, 1.00, 1.00, 0.00, 0.00, 0.00, 0.00, 0.00, 0.00, 0.00, 0.00
874,  0,  29.320,  0.98,  1, 0.00, 0.00, 1.32, 0.14, 1.00, 1.93, 0.00, 1.47, 1.73, 1.62, 0.01, 0.81, 0.00, 0.69, 0.15, 0.59, 0.00, 1.00, 1.00, 0.00, 1.00, 1.00, 1.00, 0.00, 1.00, 1.00, 1.00, 0.00, 0.00, 0.00, 0.00, 0.00, 0.00, 0.00, 0.00
875,  0,  29.353,  0.98,  1, 0.00, 0.00, 1.31, 0.07, 1.05, 2.00, 0.00, 1.60, 1.72, 1.61, 0.00, 0.73, 0.00, 0.67, 0.24, 0.56, 0.00, 0.00, 0.00, 0.00, 1.00, 1.00, 1.00, 0.00, 1.00, 1.00, 1.00, 0.00, 0.00, 0.00, 0.00, 0.00, 0.00, 0.00, 0.00
876,  0,  29.387,  0.98,  1, 0.00, 0.00, 1.34, 0.00, 1.14, 2.05, 0.00, 1.65, 1.71, 1.61, 0.00, 0.67, 0.00, 0.59, 0.17, 0.58, 0.00, 0.00, 0.00, 0.00, 1.00, 1.00, 1.00, 0.00, 1.00, 1.00, 1.00, 0.00, 0.00, 0.00, 0.00, 0.00, 0.00, 0.00, 0.00
877,  0,  29.421,  0.98,  1, 0.00, 0.02, 1.35, 0.00, 1.19, 2.18, 0.05, 1.62, 1.69, 1.67, 0.00, 0.68, 0.00, 0.54, 0.28, 0.62, 0.11, 0.00, 0.00, 0.00, 1.00, 1.00, 1.00, 0.00, 1.00, 1.00, 1.00, 0.00, 0.00, 0.00, 0.00, 0.00, 0.00, 0.00, 0.00
878,  0,  29.454,  0.98,  1, 0.00, 0.02, 1.41, 0.01, 1.25, 2.31, 0.05, 1.64, 1.67, 1.74, 0.00, 0.65, 0.00, 0.51, 0.21, 0.73, 0.17, 0.00, 0.00, 0.00, 1.00, 1.00, 1.00, 0.00, 1.00, 1.00, 1.00, 0.00, 0.00, 0.00, 0.00, 0.00, 0.00, 0.00, 0.00
879,  0,  29.488,  0.98,  1, 0.00, 0.02, 1.39, 0.01, 1.24, 2.25, 0.05, 1.61, 1.69, 1.65, 0.00, 0.63, 0.00, 0.47, 0.18, 0.73, 0.24, 0.00, 0.00, 0.00, 0.00, 1.00, 1.00, 0.00, 1.00, 1.00, 1.00, 0.00, 0.00, 0.00, 0.00, 0.00, 0.00, 0.00, 0.00
880,  0,  29.521,  0.98,  1, 0.00, 0.04, 1.29, 0.01, 1.30, 2.11, 0.05, 1.57, 1.70, 1.59, 0.00, 0.61, 0.00, 0.40, 0.09, 0.71, 0.20, 0.00, 0.00, 0.00, 0.00, 1.00, 1.00, 0.00, 1.00, 1.00, 1.00, 0.00, 0.00, 0.00, 0.00, 0.00, 0.00, 0.00, 0.00
881,  0,  29.555,  0.98,  1, 0.00, 0.04, 1.10, 0.00, 1.24, 1.83, 0.05, 1.53, 1.71, 1.61, 0.00, 0.68, 0.02, 0.38, 0.02, 0.70, 0.18, 0.00, 0.00, 0.00, 0.00, 1.00, 1.00, 0.00, 1.00, 1.00, 1.00, 0.00, 0.00, 0.00, 0.00, 0.00, 0.00, 0.00, 0.00
882,  0,  29.588,  0.98,  1, 0.00, 0.04, 1.05, 0.00, 1.22, 1.88, 0.07, 1.46, 1.64, 1.57, 0.04, 0.79, 0.14, 0.39, 0.05, 0.73, 0.17, 0.00, 0.00, 0.00, 0.00, 1.00, 1.00, 0.00, 1.00, 1.00, 1.00, 0.00, 0.00, 0.00, 0.00, 0.00, 0.00, 0.00, 0.00
883,  0,  29.622,  0.98,  1, 0.02, 0.00, 1.13, 0.00, 1.13, 1.89, 0.02, 1.45, 1.62, 1.63, 0.08, 0.79, 0.19, 0.37, 0.05, 0.70, 0.24, 0.00, 0.00, 0.00, 0.00, 1.00, 1.00, 0.00, 1.00, 1.00, 1.00, 0.00, 0.00, 0.00, 0.00, 0.00, 0.00, 0.00, 0.00
884,  0,  29.656,  0.98,  1, 0.03, 0.00, 1.30, 0.00, 1.16, 1.92, 0.02, 1.47, 1.67, 1.56, 0.14, 0.73, 0.24, 0.30, 0.05, 0.62, 0.26, 0.00, 0.00, 0.00, 0.00, 1.00, 1.00, 0.00, 1.00, 1.00, 1.00, 0.00, 0.00, 0.00, 0.00, 0.00, 0.00, 0.00, 0.00
885,  0,  29.689,  0.98,  1, 0.08, 0.00, 1.35, 0.00, 1.19, 1.79, 0.05, 1.53, 1.68, 1.61, 0.09, 0.67, 0.12, 0.22, 0.02, 0.64, 0.36, 0.00, 0.00, 0.00, 0.00, 1.00, 1.00, 0.00, 1.00, 1.00, 1.00, 0.00, 1.00, 0.00, 0.00, 0.00, 0.00, 0.00, 1.00
886,  0,  29.723,  0.98,  1, 0.05, 0.00, 1.37, 0.00, 1.26, 2.01, 0.09, 1.56, 1.71, 1.49, 0.07, 0.78, 0.06, 0.20, 0.05, 0.52, 0.42, 0.00, 0.00, 0.00, 0.00, 1.00, 1.00, 0.00, 1.00, 1.00, 1.00, 0.00, 1.00, 0.00, 0.00, 0.00, 0.00, 0.00, 1.00
887,  0,  29.756,  0.98,  1, 0.08, 0.00, 1.32, 0.00, 1.28, 2.23, 0.08, 1.53, 1.65, 1.47, 0.01, 0.92, 0.02, 0.18, 0.05, 0.33, 0.68, 0.00, 0.00, 0.00, 0.00, 1.00, 1.00, 0.00, 1.00, 1.00, 1.00, 0.00, 1.00, 0.00, 0.00, 0.00, 0.00, 0.00, 1.00
888,  0,  29.790,  0.98,  1, 0.03, 0.00, 1.23, 0.00, 1.26, 2.56, 0.04, 1.56, 1.68, 1.37, 0.01, 0.94, 0.02, 0.20, 0.07, 0.24, 0.84, 0.00, 0.00, 0.00, 0.00, 1.00, 1.00, 0.00, 1.00, 1.00, 1.00, 0.00, 1.00, 0.00, 0.00, 0.00, 0.00, 0.00, 1.00
889,  0,  29.824,  0.98,  1, 0.13, 0.00, 1.29, 0.00, 1.25, 2.51, 0.00, 1.73, 1.68, 1.40, 0.03, 0.88, 0.19, 0.15, 0.08, 0.15, 0.96, 0.00, 0.00, 0.00, 0.00, 1.00, 1.00, 0.00, 1.00, 1.00, 1.00, 0.00, 1.00, 0.00, 0.00, 0.00, 0.00, 0.00, 1.00
890,  0,  29.857,  0.98,  1, 0.30, 0.01, 1.35, 0.00, 1.26, 2.58, 0.00, 1.73, 1.71, 1.45, 0.03, 0.80, 0.18, 0.09, 0.19, 0.15, 0.86, 0.00, 0.00, 0.00, 0.00, 1.00, 1.00, 0.00, 1.00, 1.00, 1.00, 0.00, 1.00, 0.00, 0.00, 0.00, 0.00, 0.00, 1.00
891,  0,  29.891,  0.98,  1, 0.51, 0.01, 1.45, 0.00, 1.21, 2.47, 0.00, 1.85, 1.69, 1.55, 0.10, 0.96, 0.23, 0.04, 0.17, 0.00, 0.75, 0.00, 0.00, 0.00, 0.00, 1.00, 1.00, 0.00, 1.00, 1.00, 1.00, 0.00, 1.00, 0.00, 0.00, 0.00, 0.00, 0.00, 1.00
892,  0,  29.924,  0.98,  1, 0.55, 0.01, 1.20, 0.00, 1.14, 2.32, 0.00, 1.65, 1.65, 1.63, 0.32, 1.18, 0.10, 0.11, 0.12, 0.00, 0.71, 0.00, 0.00, 0.00, 0.00, 1.00, 1.00, 0.00, 1.00, 1.00, 1.00, 0.00, 1.00, 0.00, 0.00, 0.00, 0.00, 0.00, 1.00
893,  0,  29.958,  0.98,  1, 0.66, 0.00, 1.01, 0.00, 0.99, 2.21, 0.00, 1.67, 1.62, 1.38, 0.49, 1.35, 0.18, 0.19, 0.00, 0.00, 0.75, 0.00, 0.00, 0.00, 0.00, 1.00, 0.00, 0.00, 1.00, 1.00, 1.00, 0.00, 1.00, 0.00, 0.00, 0.00, 0.00, 0.00, 1.00
894,  0,  29.992,  0.98,  1, 0.79, 0.05, 0.81, 0.00, 0.96, 2.02, 0.00, 1.55, 1.60, 1.20, 0.69, 1.43, 0.13, 0.14, 0.00, 0.00, 0.74, 1.00, 0.00, 0.00, 0.00, 1.00, 0.00, 0.00, 1.00, 1.00, 0.00, 0.00, 1.00, 0.00, 0.00, 0.00, 0.00, 0.00, 1.00
895,  0,  30.025,  0.98,  1, 0.98, 0.05, 0.79, 0.00, 0.94, 1.92, 0.00, 1.56, 1.60, 1.05, 0.82, 1.34, 0.09, 0.07, 0.00, 0.00, 0.64, 1.00, 0.00, 0.00, 0.00, 1.00, 0.00, 0.00, 1.00, 1.00, 0.00, 0.00, 1.00, 0.00, 0.00, 0.00, 0.00, 0.00, 1.00
896,  0,  30.059,  0.98,  1, 1.02, 0.05, 0.79, 0.00, 1.02, 1.97, 0.00, 1.48, 1.54, 0.98, 0.75, 1.27, 0.00, 0.02, 0.01, 0.00, 0.85, 1.00, 0.00, 0.00, 0.00, 1.00, 0.00, 0.00, 1.00, 1.00, 0.00, 0.00, 1.00, 0.00, 0.00, 0.00, 0.00, 0.00, 1.00
897,  0,  30.092,  0.98,  1, 1.12, 0.00, 0.83, 0.00, 1.06, 2.17, 0.00, 1.37, 1.55, 0.86, 0.48, 0.88, 0.00, 0.02, 0.01, 0.00, 1.07, 1.00, 0.00, 0.00, 0.00, 1.00, 0.00, 0.00, 1.00, 1.00, 0.00, 0.00, 1.00, 0.00, 0.00, 0.00, 0.00, 0.00, 1.00
898,  0,  30.126,  0.98,  1, 1.26, 0.09, 0.71, 0.00, 1.11, 2.31, 0.00, 1.39, 1.54, 0.75, 0.25, 0.73, 0.00, 0.02, 0.05, 0.00, 1.30, 1.00, 0.00, 0.00, 0.00, 1.00, 0.00, 0.00, 1.00, 1.00, 0.00, 0.00, 1.00, 0.00, 0.00, 0.00, 0.00, 0.00, 1.00
899,  0,  30.159,  0.98,  1, 1.32, 0.09, 0.67, 0.00, 1.11, 2.17, 0.00, 1.27, 1.48, 0.70, 0.26, 0.55, 0.18, 0.00, 0.04, 0.00, 1.30, 1.00, 0.00, 0.00, 0.00, 1.00, 0.00, 0.00, 1.00, 1.00, 0.00, 0.00, 1.00, 0.00, 0.00, 0.00, 0.00, 0.00, 1.00
900,  0,  30.193,  0.98,  1, 1.30, 0.14, 0.63, 0.00, 1.11, 1.94, 0.00, 1.54, 1.48, 0.69, 0.58, 0.69, 0.18, 0.00, 0.16, 0.00, 1.23, 1.00, 0.00, 0.00, 0.00, 1.00, 0.00, 0.00, 1.00, 1.00, 0.00, 0.00, 1.00, 0.00, 0.00, 0.00, 0.00, 0.00, 1.00
901,  0,  30.227,  0.98,  1, 1.16, 0.05, 0.64, 0.00, 1.08, 1.98, 0.00, 1.44, 1.45, 0.65, 0.58, 0.52, 0.18, 0.00, 0.28, 0.00, 1.21, 1.00, 0.00, 0.00, 0.00, 1.00, 1.00, 0.00, 1.00, 1.00, 0.00, 0.00, 1.00, 0.00, 0.00, 0.00, 0.00, 0.00, 1.00
902,  0,  30.260,  0.98,  1, 1.12, 0.12, 0.62, 0.00, 1.07, 2.12, 0.00, 1.39, 1.50, 0.54, 0.52, 0.41, 0.00, 0.00, 0.44, 0.00, 1.24, 1.00, 0.00, 0.00, 0.00, 1.00, 0.00, 0.00, 1.00, 1.00, 0.00, 0.00, 1.00, 0.00, 0.00, 0.00, 0.00, 0.00, 1.00
903,  0,  30.294,  0.98,  1, 1.04, 0.06, 0.53, 0.00, 1.07, 2.28, 0.00, 1.09, 1.36, 0.39, 0.41, 0.28, 0.00, 0.00, 0.32, 0.00, 1.27, 1.00, 0.00, 0.00, 0.00, 1.00, 0.00, 0.00, 1.00, 1.00, 0.00, 0.00, 1.00, 0.00, 0.00, 0.00, 0.00, 0.00, 1.00
904,  0,  30.327,  0.98,  1, 1.11, 0.06, 0.47, 0.00, 1.11, 2.26, 0.00, 1.14, 1.33, 0.31, 0.50, 0.37, 0.00, 0.00, 0.24, 0.00, 1.39, 1.00, 0.00, 0.00, 0.00, 1.00, 0.00, 0.00, 1.00, 1.00, 0.00, 0.00, 1.00, 0.00, 0.00, 0.00, 0.00, 0.00, 1.00
905,  0,  30.361,  0.98,  1, 1.19, 0.00, 0.52, 0.00, 1.11, 2.12, 0.00, 1.19, 1.20, 0.23, 0.73, 0.51, 0.00, 0.00, 0.09, 0.00, 1.49, 1.00, 0.00, 0.00, 0.00, 1.00, 0.00, 0.00, 1.00, 1.00, 0.00, 0.00, 1.00, 0.00, 0.00, 0.00, 0.00, 0.00, 1.00
906,  0,  30.395,  0.98,  1, 1.34, 0.06, 0.62, 0.00, 1.05, 1.93, 0.00, 1.25, 1.16, 0.30, 0.67, 0.57, 0.00, 0.00, 0.27, 0.00, 1.65, 1.00, 0.00, 0.00, 0.00, 1.00, 0.00, 0.00, 1.00, 1.00, 0.00, 0.00, 1.00, 0.00, 0.00, 0.00, 0.00, 0.00, 1.00
907,  0,  30.428,  0.98,  1, 1.32, 0.07, 0.76, 0.00, 0.99, 1.81, 0.00, 1.17, 1.08, 0.12, 0.72, 0.50, 0.00, 0.00, 0.32, 0.00, 1.65, 0.00, 0.00, 0.00, 0.00, 1.00, 0.00, 0.00, 1.00, 1.00, 0.00, 0.00, 1.00, 0.00, 0.00, 0.00, 0.00, 0.00, 1.00
908,  0,  30.462,  0.98,  1, 1.34, 0.12, 0.85, 0.00, 0.91, 1.89, 0.00, 1.23, 1.18, 0.15, 0.46, 0.43, 0.00, 0.00, 0.55, 0.00, 1.66, 0.00, 0.00, 0.00, 0.00, 1.00, 0.00, 0.00, 1.00, 1.00, 0.00, 0.00, 1.00, 0.00, 0.00, 0.00, 0.00, 0.00, 1.00
909,  0,  30.495,  0.98,  1, 1.23, 0.18, 0.85, 0.00, 0.95, 1.93, 0.00, 1.28, 1.26, 0.03, 0.32, 0.44, 0.00, 0.00, 0.51, 0.00, 1.80, 0.00, 0.00, 0.00, 0.00, 1.00, 0.00, 0.00, 1.00, 1.00, 0.00, 0.00, 1.00, 0.00, 0.00, 0.00, 0.00, 0.00, 1.00
910,  0,  30.529,  0.98,  1, 1.19, 0.22, 0.84, 0.00, 0.90, 2.02, 0.00, 1.15, 1.30, 0.10, 0.15, 0.53, 0.00, 0.00, 0.71, 0.00, 1.97, 0.00, 0.00, 0.00, 0.00, 1.00, 0.00, 0.00, 1.00, 1.00, 0.00, 0.00, 1.00, 0.00, 0.00, 0.00, 0.00, 0.00, 1.00
911,  0,  30.562,  0.98,  1, 1.16, 0.34, 0.67, 0.00, 0.93, 1.90, 0.00, 1.10, 1.24, 0.15, 0.13, 0.41, 0.00, 0.00, 0.64, 0.00, 2.18, 0.00, 0.00, 0.00, 0.00, 1.00, 0.00, 0.00, 1.00, 1.00, 0.00, 0.00, 1.00, 0.00, 0.00, 0.00, 0.00, 0.00, 1.00
912,  0,  30.596,  0.98,  1, 1.11, 0.33, 0.67, 0.00, 0.86, 1.77, 0.00, 0.90, 1.14, 0.32, 0.26, 0.34, 0.00, 0.00, 0.54, 0.00, 2.19, 0.00, 0.00, 0.00, 0.00, 0.00, 0.00, 0.00, 1.00, 1.00, 0.00, 0.00, 1.00, 0.00, 0.00, 0.00, 0.00, 0.00, 1.00
913,  0,  30.630,  0.98,  1, 1.19, 0.36, 0.69, 0.00, 0.87, 1.76, 0.00, 1.13, 1.18, 0.34, 0.24, 0.27, 0.00, 0.00, 0.43, 0.00, 2.29, 0.00, 0.00, 0.00, 0.00, 0.00, 0.00, 0.00, 1.00, 1.00, 0.00, 0.00, 1.00, 0.00, 0.00, 0.00, 0.00, 0.00, 1.00
914,  0,  30.663,  0.98,  1, 1.20, 0.33, 0.72, 0.00, 0.82, 1.80, 0.00, 1.21, 1.24, 0.66, 0.40, 0.35, 0.00, 0.00, 0.28, 0.00, 2.17, 0.00, 0.00, 0.00, 0.00, 0.00, 0.00, 0.00, 1.00, 1.00, 0.00, 0.00, 1.00, 0.00, 0.00, 0.00, 0.00, 0.00, 1.00
915,  0,  30.697,  0.98,  1, 1.20, 0.30, 0.72, 0.00, 0.90, 2.06, 0.00, 1.33, 1.40, 0.68, 0.44, 0.31, 0.00, 0.00, 0.25, 0.00, 2.29, 0.00, 0.00, 0.00, 0.00, 1.00, 0.00, 0.00, 1.00, 1.00, 0.00, 0.00, 1.00, 0.00, 0.00, 0.00, 0.00, 0.00, 1.00
916,  0,  30.730,  0.98,  1, 1.10, 0.36, 0.71, 0.00, 0.93, 2.05, 0.00, 1.24, 1.39, 0.90, 0.46, 0.31, 0.00, 0.00, 0.02, 0.00, 2.21, 0.00, 0.00, 0.00, 0.00, 1.00, 0.00, 0.00, 1.00, 1.00, 0.00, 0.00, 1.00, 0.00, 0.00, 0.00, 0.00, 0.00, 1.00
917,  0,  30.764,  0.98,  1, 1.01, 0.22, 0.76, 0.00, 0.95, 2.03, 0.00, 1.31, 1.39, 0.78, 0.49, 0.52, 0.03, 0.00, 0.08, 0.00, 2.40, 0.00, 0.00, 0.00, 0.00, 1.00, 0.00, 0.00, 1.00, 1.00, 0.00, 0.00, 1.00, 0.00, 0.00, 0.00, 0.00, 0.00, 1.00
918,  0,  30.798,  0.98,  1, 0.97, 0.13, 0.65, 0.00, 0.95, 1.91, 0.00, 1.47, 1.39, 0.88, 0.32, 0.56, 0.03, 0.00, 0.08, 0.00, 2.42, 0.00, 0.00, 0.00, 0.00, 1.00, 0.00, 0.00, 1.00, 1.00, 0.00, 0.00, 1.00, 0.00, 0.00, 0.00, 0.00, 0.00, 1.00
919,  0,  30.831,  0.98,  1, 0.96, 0.00, 0.62, 0.00, 0.96, 1.99, 0.00, 1.52, 1.45, 0.94, 0.19, 0.70, 0.06, 0.00, 0.13, 0.00, 2.64, 0.00, 0.00, 0.00, 0.00, 1.00, 0.00, 0.00, 1.00, 1.00, 0.00, 0.00, 1.00, 0.00, 0.00, 0.00, 0.00, 0.00, 1.00
920,  0,  30.865,  0.98,  1, 1.08, 0.32, 0.64, 0.00, 1.00, 2.14, 0.00, 1.51, 1.46, 1.14, 0.16, 0.60, 0.11, 0.00, 0.07, 0.00, 2.68, 0.00, 0.00, 0.00, 0.00, 1.00, 0.00, 0.00, 1.00, 1.00, 0.00, 0.00, 1.00, 0.00, 0.00, 0.00, 0.00, 0.00, 1.00
921,  0,  30.898,  0.98,  1, 1.16, 0.39, 0.91, 0.00, 1.00, 2.23, 0.00, 1.49, 1.48, 1.29, 0.16, 0.70, 0.11, 0.00, 0.09, 0.00, 2.50, 0.00, 0.00, 0.00, 0.00, 1.00, 0.00, 0.00, 1.00, 1.00, 0.00, 0.00, 1.00, 0.00, 0.00, 0.00, 0.00, 0.00, 1.00
922,  0,  30.932,  0.98,  1, 1.22, 0.54, 1.06, 0.00, 1.05, 2.22, 0.00, 1.47, 1.46, 1.25, 0.24, 0.61, 0.08, 0.00, 0.05, 0.00, 2.36, 0.00, 1.00, 0.00, 0.00, 1.00, 0.00, 0.00, 1.00, 1.00, 0.00, 0.00, 1.00, 0.00, 0.00, 0.00, 0.00, 0.00, 1.00
923,  0,  30.965,  0.98,  1, 1.17, 0.32, 1.04, 0.00, 1.09, 2.23, 0.00, 1.45, 1.66, 1.20, 0.08, 0.61, 0.00, 0.00, 0.08, 0.00, 2.13, 0.00, 1.00, 0.00, 0.00, 1.00, 0.00, 0.00, 1.00, 1.00, 1.00, 0.00, 1.00, 0.00, 0.00, 0.00, 0.00, 0.00, 1.00
924,  0,  30.999,  0.98,  1, 1.07, 0.42, 0.87, 0.00, 1.12, 2.17, 0.00, 1.41, 1.76, 1.13, 0.15, 0.58, 0.00, 0.00, 0.16, 0.00, 2.33, 0.00, 1.00, 0.00, 0.00, 1.00, 0.00, 0.00, 1.00, 1.00, 1.00, 0.00, 1.00, 0.00, 0.00, 0.00, 0.00, 0.00, 1.00
925,  0,  31.033,  0.98,  1, 1.02, 0.27, 0.86, 0.00, 1.11, 2.05, 0.00, 1.49, 1.84, 1.18, 0.07, 0.62, 0.00, 0.00, 0.24, 0.00, 2.35, 0.00, 0.00, 0.00, 0.00, 1.00, 0.00, 0.00, 1.00, 1.00, 1.00, 0.00, 1.00, 0.00, 0.00, 0.00, 0.00, 0.00, 1.00
926,  0,  31.066,  0.98,  1, 0.85, 0.16, 0.94, 0.00, 1.03, 1.85, 0.00, 1.50, 1.70, 1.05, 0.15, 0.68, 0.00, 0.00, 0.19, 0.00, 2.53, 0.00, 0.00, 0.00, 0.00, 1.00, 0.00, 0.00, 1.00, 1.00, 1.00, 0.00, 1.00, 0.00, 0.00, 0.00, 0.00, 0.00, 1.00
927,  0,  31.100,  0.98,  1, 0.76, 0.00, 1.04, 0.00, 0.98, 1.61, 0.00, 1.49, 1.65, 1.11, 0.08, 0.65, 0.00, 0.00, 0.11, 0.00, 2.51, 0.00, 0.00, 0.00, 0.00, 1.00, 0.00, 0.00, 1.00, 1.00, 1.00, 0.00, 1.00, 0.00, 0.00, 0.00, 0.00, 0.00, 1.00
928,  0,  31.133,  0.98,  1, 0.64, 0.03, 0.98, 0.00, 0.94, 1.56, 0.00, 1.50, 1.68, 1.19, 0.08, 0.56, 0.00, 0.00, 0.02, 0.00, 2.51, 0.00, 0.00, 0.00, 0.00, 1.00, 0.00, 0.00, 1.00, 1.00, 1.00, 0.00, 1.00, 0.00, 0.00, 0.00, 0.00, 0.00, 1.00
929,  0,  31.167,  0.98,  1, 0.71, 0.09, 1.08, 0.00, 0.99, 1.61, 0.00, 1.56, 1.72, 1.37, 0.00, 0.56, 0.00, 0.00, 0.02, 0.00, 2.48, 0.00, 0.00, 0.00, 0.00, 1.00, 0.00, 0.00, 1.00, 1.00, 1.00, 0.00, 1.00, 0.00, 0.00, 0.00, 0.00, 0.00, 1.00
930,  0,  31.201,  0.98,  1, 0.85, 0.23, 1.10, 0.00, 0.96, 1.97, 0.00, 1.56, 1.73, 1.33, 0.00, 0.47, 0.00, 0.00, 0.06, 0.00, 2.55, 0.00, 0.00, 0.00, 0.00, 1.00, 0.00, 0.00, 1.00, 1.00, 1.00, 0.00, 1.00, 0.00, 0.00, 0.00, 0.00, 0.00, 1.00
931,  0,  31.234,  0.98,  1, 1.00, 0.42, 1.20, 0.00, 0.98, 2.19, 0.00, 1.59, 1.71, 1.35, 0.00, 0.66, 0.00, 0.00, 0.16, 0.00, 2.60, 0.00, 0.00, 0.00, 0.00, 1.00, 0.00, 0.00, 1.00, 1.00, 1.00, 0.00, 0.00, 0.00, 0.00, 0.00, 0.00, 0.00, 1.00
932,  0,  31.268,  0.98,  1, 0.93, 0.49, 1.09, 0.00, 0.96, 2.08, 0.00, 1.55, 1.73, 1.27, 0.10, 0.53, 0.00, 0.00, 0.21, 0.00, 2.29, 0.00, 0.00, 0.00, 0.00, 1.00, 0.00, 0.00, 1.00, 1.00, 1.00, 0.00, 0.00, 0.00, 0.00, 0.00, 0.00, 0.00, 1.00
933,  0,  31.301,  0.98,  1, 0.88, 0.45, 1.13, 0.00, 1.01, 2.04, 0.00, 1.54, 1.72, 1.39, 0.10, 0.51, 0.00, 0.00, 0.18, 0.00, 2.07, 0.00, 0.00, 0.00, 0.00, 1.00, 0.00, 0.00, 1.00, 1.00, 1.00, 0.00, 0.00, 0.00, 0.00, 0.00, 0.00, 0.00, 1.00
934,  0,  31.335,  0.98,  1, 0.80, 0.24, 1.26, 0.00, 1.00, 1.98, 0.00, 1.50, 1.77, 1.43, 0.24, 0.41, 0.00, 0.00, 0.27, 0.00, 1.84, 0.00, 0.00, 0.00, 0.00, 1.00, 0.00, 0.00, 1.00, 1.00, 1.00, 0.00, 0.00, 0.00, 0.00, 0.00, 0.00, 0.00, 1.00
935,  0,  31.369,  0.98,  1, 0.87, 0.23, 1.38, 0.00, 0.97, 2.27, 0.00, 1.56, 1.73, 1.57, 0.21, 0.61, 0.00, 0.00, 0.26, 0.00, 1.89, 0.00, 0.00, 0.00, 0.00, 1.00, 0.00, 0.00, 1.00, 1.00, 1.00, 0.00, 1.00, 0.00, 0.00, 0.00, 0.00, 0.00, 1.00
936,  0,  31.402,  0.98,  1, 0.78, 0.13, 1.44, 0.00, 0.98, 2.36, 0.00, 1.70, 1.78, 1.49, 0.22, 0.75, 0.00, 0.00, 0.30, 0.00, 1.73, 0.00, 0.00, 0.00, 0.00, 1.00, 0.00, 0.00, 1.00, 1.00, 1.00, 0.00, 0.00, 0.00, 0.00, 0.00, 0.00, 0.00, 1.00
937,  0,  31.436,  0.98,  1, 0.69, 0.11, 1.34, 0.00, 1.04, 2.45, 0.00, 1.82, 1.74, 1.33, 0.18, 0.86, 0.00, 0.00, 0.20, 0.00, 1.54, 0.00, 0.00, 0.00, 0.00, 1.00, 0.00, 0.00, 1.00, 1.00, 1.00, 0.00, 1.00, 0.00, 0.00, 0.00, 0.00, 0.00, 1.00
938,  0,  31.469,  0.98,  1, 0.51, 0.00, 1.35, 0.00, 1.13, 2.41, 0.00, 1.88, 1.81, 1.34, 0.12, 0.74, 0.00, 0.00, 0.31, 0.00, 1.44, 0.00, 0.00, 0.00, 0.00, 1.00, 0.00, 0.00, 1.00, 1.00, 1.00, 0.00, 1.00, 0.00, 0.00, 0.00, 0.00, 0.00, 1.00
939,  0,  31.503,  0.98,  1, 0.47, 0.05, 1.28, 0.00, 1.16, 2.38, 0.00, 1.87, 1.84, 1.50, 0.11, 0.70, 0.00, 0.00, 0.36, 0.00, 1.25, 0.00, 0.00, 0.00, 0.00, 1.00, 0.00, 0.00, 1.00, 1.00, 1.00, 0.00, 1.00, 0.00, 0.00, 0.00, 0.00, 0.00, 1.00
940,  0,  31.536,  0.98,  1, 0.38, 0.05, 1.28, 0.00, 1.18, 2.37, 0.00, 1.88, 1.89, 1.64, 0.00, 0.54, 0.00, 0.00, 0.36, 0.00, 1.18, 0.00, 0.00, 0.00, 0.00, 1.00, 0.00, 0.00, 1.00, 1.00, 1.00, 0.00, 0.00, 0.00, 0.00, 0.00, 0.00, 0.00, 1.00
941,  0,  31.570,  0.98,  1, 0.35, 0.07, 1.22, 0.00, 1.19, 2.49, 0.00, 1.89, 1.85, 1.47, 0.00, 0.42, 0.00, 0.00, 0.28, 0.00, 1.02, 0.00, 0.00, 0.00, 0.00, 1.00, 1.00, 0.00, 1.00, 1.00, 1.00, 0.00, 0.00, 0.00, 0.00, 0.00, 0.00, 0.00, 1.00
942,  0,  31.604,  0.98,  1, 0.28, 0.02, 1.13, 0.00, 1.18, 2.59, 0.00, 1.88, 1.79, 1.32, 0.00, 0.39, 0.00, 0.00, 0.30, 0.00, 0.97, 0.00, 0.00, 0.00, 0.00, 1.00, 1.00, 0.00, 1.00, 1.00, 1.00, 0.00, 0.00, 0.00, 0.00, 0.00, 0.00, 0.00, 1.00
943,  0,  31.637,  0.98,  1, 0.42, 0.04, 1.06, 0.00, 1.12, 2.56, 0.00, 1.92, 1.71, 1.36, 0.00, 0.39, 0.00, 0.00, 0.41, 0.00, 0.78, 0.00, 0.00, 0.00, 0.00, 1.00, 1.00, 0.00, 1.00, 1.00, 1.00, 0.00, 0.00, 0.00, 0.00, 0.00, 0.00, 0.00, 1.00
944,  0,  31.671,  0.98,  1, 0.57, 0.11, 1.00, 0.00, 1.08, 2.67, 0.00, 2.00, 1.69, 1.35, 0.00, 0.40, 0.00, 0.00, 0.46, 0.00, 0.66, 0.00, 0.00, 0.00, 0.00, 1.00, 1.00, 0.00, 1.00, 1.00, 1.00, 0.00, 0.00, 0.00, 0.00, 0.00, 0.00, 0.00, 1.00
945,  0,  31.704,  0.98,  1, 0.84, 0.13, 0.93, 0.00, 1.05, 2.64, 0.00, 2.04, 1.63, 1.35, 0.01, 0.32, 0.09, 0.00, 0.48, 0.00, 0.65, 0.00, 0.00, 0.00, 0.00, 1.00, 1.00, 0.00, 1.00, 1.00, 1.00, 0.00, 0.00, 0.00, 0.00, 0.00, 0.00, 0.00, 1.00
946,  0,  31.738,  0.98,  1, 1.26, 0.42, 0.91, 0.00, 1.04, 2.71, 0.00, 1.99, 1.65, 1.20, 0.01, 0.38, 0.09, 0.00, 0.43, 0.00, 1.21, 1.00, 0.00, 0.00, 0.00, 1.00, 1.00, 0.00, 1.00, 1.00, 1.00, 0.00, 0.00, 0.00, 0.00, 0.00, 0.00, 0.00, 1.00
947,  0,  31.772,  0.98,  1, 1.64, 0.71, 0.99, 0.00, 1.04, 2.45, 0.00, 1.95, 1.63, 1.20, 0.13, 0.52, 0.09, 0.00, 0.36, 0.00, 1.92, 1.00, 1.00, 0.00, 0.00, 1.00, 1.00, 0.00, 1.00, 1.00, 1.00, 0.00, 0.00, 0.00, 0.00, 0.00, 0.00, 0.00, 1.00
948,  0,  31.805,  0.98,  1, 1.80, 0.99, 1.03, 0.00, 1.02, 2.55, 0.00, 1.92, 1.70, 1.35, 0.12, 0.73, 0.00, 0.00, 0.30, 0.00, 2.50, 1.00, 1.00, 0.00, 0.00, 1.00, 1.00, 0.00, 1.00, 1.00, 1.00, 0.00, 0.00, 0.00, 0.00, 0.00, 0.00, 0.00, 1.00
949,  0,  31.839,  0.98,  1, 1.71, 1.02, 0.91, 0.00, 1.10, 2.56, 0.00, 1.98, 1.76, 1.61, 0.12, 0.77, 0.00, 0.00, 0.23, 0.00, 2.31, 1.00, 1.00, 0.00, 0.00, 1.00, 1.00, 0.00, 1.00, 1.00, 1.00, 0.00, 0.00, 0.00, 0.00, 0.00, 0.00, 0.00, 1.00
950,  0,  31.872,  0.98,  1, 1.56, 0.91, 0.70, 0.00, 1.09, 2.58, 0.00, 1.87, 1.77, 1.71, 0.00, 0.59, 0.00, 0.00, 0.25, 0.00, 1.96, 1.00, 1.00, 0.00, 0.00, 1.00, 1.00, 0.00, 1.00, 1.00, 1.00, 0.00, 0.00, 0.00, 0.00, 0.00, 0.00, 0.00, 1.00
951,  0,  31.906,  0.98,  1, 1.57, 0.91, 0.68, 0.00, 1.10, 2.53, 0.00, 1.78, 1.81, 1.41, 0.00, 0.49, 0.00, 0.00, 0.17, 0.00, 1.65, 1.00, 1.00, 0.00, 0.00, 1.00, 1.00, 0.00, 1.00, 1.00, 1.00, 0.00, 1.00, 0.00, 0.00, 0.00, 0.00, 0.00, 1.00
952,  0,  31.939,  0.98,  1, 1.55, 0.84, 0.65, 0.00, 1.04, 2.39, 0.00, 1.71, 1.79, 1.35, 0.00, 0.46, 0.00, 0.00, 0.13, 0.00, 1.56, 1.00, 1.00, 0.00, 0.00, 1.00, 1.00, 0.00, 1.00, 1.00, 1.00, 0.00, 0.00, 0.00, 0.00, 0.00, 0.00, 0.00, 1.00
953,  0,  31.973,  0.98,  1, 1.53, 0.92, 0.69, 0.00, 1.05, 2.47, 0.00, 1.78, 1.85, 1.40, 0.00, 0.53, 0.00, 0.00, 0.15, 0.00, 1.43, 1.00, 1.00, 0.00, 0.00, 1.00, 1.00, 0.00, 1.00, 1.00, 1.00, 0.00, 0.00, 0.00, 0.00, 0.00, 0.00, 0.00, 1.00
954,  0,  32.007,  0.98,  1, 1.49, 1.05, 0.63, 0.00, 1.03, 2.38, 0.00, 1.88, 1.81, 1.64, 0.04, 0.57, 0.06, 0.00, 0.30, 0.00, 1.25, 1.00, 1.00, 0.00, 0.00, 1.00, 1.00, 0.00, 1.00, 1.00, 1.00, 0.00, 0.00, 0.00, 0.00, 0.00, 0.00, 0.00, 1.00
955,  0,  32.040,  0.98,  1, 1.42, 1.04, 0.73, 0.00, 1.01, 2.37, 0.00, 1.85, 1.78, 1.62, 0.04, 0.67, 0.06, 0.00, 0.28, 0.00, 1.09, 1.00, 1.00, 0.00, 0.00, 1.00, 1.00, 0.00, 1.00, 1.00, 1.00, 0.00, 1.00, 0.00, 0.00, 0.00, 0.00, 0.00, 1.00
956,  0,  32.074,  0.98,  1, 1.38, 1.00, 0.80, 0.00, 0.97, 2.44, 0.00, 1.86, 1.75, 1.59, 0.04, 0.65, 0.06, 0.00, 0.23, 0.00, 1.08, 1.00, 1.00, 0.00, 0.00, 1.00, 1.00, 0.00, 1.00, 1.00, 1.00, 0.00, 1.00, 0.00, 0.00, 0.00, 0.00, 0.00, 1.00
957,  0,  32.107,  0.98,  1, 1.29, 0.93, 0.86, 0.00, 0.98, 2.49, 0.00, 1.81, 1.71, 1.55, 0.00, 0.67, 0.00, 0.00, 0.12, 0.00, 1.08, 1.00, 1.00, 0.00, 0.00, 1.00, 1.00, 0.00, 1.00, 1.00, 1.00, 0.00, 1.00, 0.00, 0.00, 0.00, 0.00, 0.00, 1.00
958,  0,  32.141,  0.98,  1, 1.24, 0.91, 1.03, 0.00, 1.05, 2.72, 0.00, 1.85, 1.69, 1.29, 0.00, 0.68, 0.05, 0.00, 0.20, 0.00, 1.10, 1.00, 1.00, 0.00, 0.00, 1.00, 1.00, 0.00, 1.00, 1.00, 1.00, 0.00, 1.00, 0.00, 0.00, 0.00, 0.00, 0.00, 1.00
959,  0,  32.175,  0.98,  1, 1.18, 0.84, 1.10, 0.00, 1.08, 2.57, 0.00, 1.78, 1.66, 1.26, 0.00, 0.85, 0.05, 0.00, 0.23, 0.00, 1.00, 1.00, 1.00, 0.00, 0.00, 1.00, 1.00, 0.00, 1.00, 1.00, 1.00, 0.00, 1.00, 0.00, 0.00, 0.00, 0.00, 0.00, 1.00
960,  0,  32.208,  0.98,  1, 1.04, 0.67, 1.08, 0.00, 1.07, 2.69, 0.00, 1.68, 1.71, 1.21, 0.00, 0.82, 0.05, 0.00, 0.39, 0.00, 1.09, 1.00, 1.00, 0.00, 0.00, 1.00, 1.00, 0.00, 1.00, 1.00, 1.00, 0.00, 1.00, 0.00, 0.00, 0.00, 0.00, 0.00, 1.00
961,  0,  32.242,  0.98,  1, 0.82, 0.71, 0.95, 0.00, 1.09, 2.73, 0.00, 1.46, 1.76, 1.42, 0.00, 0.87, 0.09, 0.02, 0.39, 0.00, 1.13, 1.00, 1.00, 0.00, 0.00, 1.00, 1.00, 0.00, 1.00, 1.00, 1.00, 0.00, 1.00, 0.00, 0.00, 0.00, 0.00, 0.00, 1.00
962,  0,  32.275,  0.98,  1, 0.71, 0.69, 1.01, 0.00, 1.12, 2.74, 0.00, 1.36, 1.83, 1.43, 0.00, 0.96, 0.09, 0.04, 0.49, 0.00, 1.02, 1.00, 1.00, 0.00, 0.00, 1.00, 1.00, 0.00, 1.00, 1.00, 1.00, 0.00, 1.00, 0.00, 0.00, 0.00, 0.00, 0.00, 1.00
963,  0,  32.309,  0.98,  1, 0.60, 0.77, 1.15, 0.00, 1.17, 2.62, 0.07, 1.32, 1.98, 1.77, 0.00, 1.12, 0.09, 0.14, 0.53, 0.20, 0.76, 1.00, 1.00, 0.00, 0.00, 1.00, 1.00, 0.00, 1.00, 1.00, 1.00, 0.00, 1.00, 0.00, 0.00, 0.00, 0.00, 0.00, 1.00
964,  0,  32.342,  0.98,  1, 0.66, 0.69, 1.26, 0.00, 1.25, 2.49, 0.21, 1.37, 2.06, 2.20, 0.00, 1.12, 0.00, 0.46, 0.57, 0.23, 0.67, 1.00, 1.00, 0.00, 0.00, 1.00, 1.00, 0.00, 1.00, 1.00, 1.00, 0.00, 1.00, 0.00, 0.00, 0.00, 0.00, 0.00, 1.00
965,  0,  32.376,  0.98,  1, 0.47, 0.61, 0.99, 0.00, 1.38, 2.41, 0.22, 1.41, 2.14, 2.42, 0.00, 0.81, 0.00, 0.76, 0.80, 0.23, 0.70, 1.00, 1.00, 0.00, 0.00, 1.00, 1.00, 0.00, 1.00, 1.00, 1.00, 0.00, 1.00, 0.00, 0.00, 0.00, 0.00, 0.00, 1.00
966,  0,  32.410,  0.98,  1, 0.30, 0.44, 0.65, 0.07, 1.49, 2.25, 0.15, 1.37, 2.17, 2.39, 0.00, 0.44, 0.00, 1.12, 0.81, 0.04, 0.79, 0.00, 0.00, 0.00, 0.00, 1.00, 1.00, 0.00, 1.00, 1.00, 1.00, 0.00, 0.00, 0.00, 0.00, 0.00, 0.00, 0.00, 1.00
967,  0,  32.443,  0.98,  1, 0.08, 0.31, 0.28, 0.19, 1.59, 1.91, 0.01, 1.44, 2.39, 2.17, 0.00, 0.09, 0.00, 1.33, 0.82, 0.00, 0.64, 0.00, 0.00, 0.00, 0.00, 1.00, 1.00, 0.00, 1.00, 1.00, 1.00, 0.00, 0.00, 0.00, 0.00, 0.00, 0.00, 0.00, 1.00
968,  0,  32.477,  0.98,  1, 0.00, 0.16, 0.24, 0.42, 1.71, 1.88, 0.00, 1.41, 2.57, 2.09, 0.00, 0.00, 0.00, 1.70, 0.52, 0.00, 0.59, 0.00, 0.00, 0.00, 0.00, 1.00, 1.00, 0.00, 1.00, 1.00, 1.00, 0.00, 0.00, 0.00, 0.00, 0.00, 0.00, 0.00, 1.00
969,  0,  32.510,  0.98,  1, 0.00, 0.06, 0.19, 0.64, 1.92, 1.85, 0.00, 1.56, 2.69, 1.94, 0.00, 0.00, 0.00, 2.03, 0.41, 0.00, 0.29, 0.00, 0.00, 0.00, 0.00, 1.00, 1.00, 0.00, 1.00, 1.00, 1.00, 0.00, 0.00, 0.00, 0.00, 0.00, 0.00, 0.00, 0.00
970,  0,  32.544,  0.98,  1, 0.00, 0.00, 0.29, 0.59, 2.07, 1.96, 0.00, 1.59, 2.71, 1.99, 0.00, 0.00, 0.00, 2.35, 0.27, 0.00, 0.18, 0.00, 0.00, 0.00, 0.00, 1.00, 1.00, 0.00, 1.00, 1.00, 1.00, 0.00, 0.00, 0.00, 0.00, 0.00, 0.00, 0.00, 0.00
971,  0,  32.578,  0.98,  1, 0.00, 0.00, 0.25, 0.60, 2.17, 1.88, 0.00, 1.76, 2.79, 2.28, 0.00, 0.00, 0.00, 2.52, 0.22, 0.08, 0.00, 0.00, 0.00, 0.00, 0.00, 1.00, 1.00, 0.00, 1.00, 1.00, 1.00, 0.00, 0.00, 0.00, 0.00, 0.00, 0.00, 0.00, 0.00
972,  0,  32.611,  0.98,  1, 0.00, 0.00, 0.28, 0.66, 2.14, 1.85, 0.00, 1.75, 2.83, 2.41, 0.02, 0.00, 0.00, 2.48, 0.11, 0.17, 0.00, 0.00, 0.00, 0.00, 0.00, 1.00, 1.00, 0.00, 1.00, 1.00, 1.00, 0.00, 0.00, 0.00, 0.00, 0.00, 0.00, 0.00, 0.00
973,  0,  32.645,  0.98,  1, 0.00, 0.06, 0.13, 0.83, 2.12, 1.94, 0.00, 1.81, 2.86, 2.42, 0.09, 0.00, 0.00, 2.53, 0.11, 0.34, 0.00, 0.00, 0.00, 0.00, 0.00, 1.00, 1.00, 0.00, 1.00, 1.00, 1.00, 0.00, 0.00, 0.00, 0.00, 0.00, 0.00, 0.00, 0.00
974,  0,  32.678,  0.98,  1, 0.00, 0.06, 0.05, 0.83, 2.20, 2.18, 0.00, 1.89, 2.88, 2.26, 0.29, 0.04, 0.00, 2.55, 0.05, 0.26, 0.00, 0.00, 0.00, 0.00, 0.00, 1.00, 1.00, 0.00, 1.00, 1.00, 1.00, 0.00, 0.00, 0.00, 0.00, 0.00, 0.00, 0.00, 0.00
975,  0,  32.712,  0.98,  1, 0.00, 0.06, 0.02, 0.68, 2.28, 2.26, 0.00, 2.02, 2.93, 2.14, 0.55, 0.15, 0.00, 2.68, 0.01, 0.16, 0.00, 0.00, 0.00, 0.00, 0.00, 1.00, 1.00, 0.00, 1.00, 1.00, 1.00, 0.00, 0.00, 0.00, 0.00, 0.00, 0.00, 0.00, 0.00
976,  0,  32.745,  0.98,  1, 0.00, 0.00, 0.00, 0.79, 2.36, 2.34, 0.00, 2.10, 2.93, 2.01, 0.54, 0.15, 0.00, 2.75, 0.01, 0.00, 0.00, 0.00, 0.00, 0.00, 0.00, 1.00, 1.00, 0.00, 1.00, 1.00, 1.00, 0.00, 0.00, 0.00, 0.00, 0.00, 0.00, 0.00, 0.00
977,  0,  32.779,  0.93,  1, 0.00, 0.00, 0.00, 0.76, 2.34, 2.04, 0.00, 2.10, 2.93, 1.93, 0.55, 0.28, 0.00, 2.86, 0.00, 0.09, 0.00, 0.00, 0.00, 0.00, 0.00, 1.00, 1.00, 0.00, 1.00, 1.00, 1.00, 0.00, 0.00, 0.00, 0.00, 0.00, 0.00, 0.00, 0.00
978,  0,  32.813,  0.93,  1, 0.00, 0.00, 0.00, 0.83, 2.45, 2.06, 0.00, 1.99, 2.94, 1.97, 0.37, 0.24, 0.00, 3.00, 0.00, 0.09, 0.00, 0.00, 0.00, 0.00, 0.00, 1.00, 1.00, 0.00, 1.00, 1.00, 1.00, 0.00, 0.00, 0.00, 0.00, 0.00, 0.00, 0.00, 0.00
979,  0,  32.846,  0.93,  1, 0.00, 0.00, 0.00, 0.55, 2.60, 2.17, 0.00, 2.08, 3.05, 1.95, 0.59, 0.30, 0.00, 3.04, 0.00, 0.09, 0.00, 0.00, 0.00, 0.00, 0.00, 1.00, 1.00, 0.00, 1.00, 1.00, 1.00, 0.00, 0.00, 0.00, 0.00, 0.00, 0.00, 0.00, 1.00
980,  0,  32.880,  0.93,  1, 0.00, 0.05, 0.00, 0.58, 2.74, 2.38, 0.00, 2.00, 3.16, 2.04, 0.44, 0.13, 0.00, 3.09, 0.00, 0.13, 0.00, 0.00, 0.00, 0.00, 0.00, 1.00, 1.00, 0.00, 1.00, 1.00, 1.00, 0.00, 0.00, 0.00, 0.00, 0.00, 0.00, 0.00, 1.00
981,  0,  32.913,  0.93,  1, 0.00, 0.05, 0.00, 0.54, 2.78, 2.33, 0.00, 2.12, 3.29, 2.14, 0.35, 0.11, 0.00, 3.04, 0.00, 0.40, 0.00, 0.00, 0.00, 0.00, 0.00, 1.00, 1.00, 0.00, 1.00, 1.00, 1.00, 0.00, 0.00, 0.00, 0.00, 0.00, 0.00, 0.00, 1.00
982,  0,  32.947,  0.93,  1, 0.00, 0.05, 0.00, 0.57, 2.83, 2.29, 0.00, 1.97, 3.31, 2.16, 0.16, 0.20, 0.00, 2.98, 0.00, 0.57, 0.00, 0.00, 0.00, 0.00, 0.00, 1.00, 1.00, 0.00, 1.00, 1.00, 1.00, 0.00, 0.00, 0.00, 0.00, 0.00, 0.00, 0.00, 1.00
983,  0,  32.981,  0.93,  1, 0.00, 0.00, 0.00, 0.53, 2.89, 2.35, 0.00, 1.94, 3.32, 2.08, 0.18, 0.31, 0.00, 2.99, 0.00, 0.44, 0.00, 0.00, 0.00, 0.00, 0.00, 1.00, 1.00, 0.00, 1.00, 1.00, 1.00, 0.00, 0.00, 0.00, 0.00, 0.00, 0.00, 0.00, 1.00
984,  0,  33.014,  0.93,  1, 0.00, 0.00, 0.00, 0.49, 2.93, 2.40, 0.00, 1.87, 3.35, 2.09, 0.18, 0.32, 0.00, 3.01, 0.00, 0.28, 0.00, 0.00, 0.00, 0.00, 0.00, 1.00, 1.00, 0.00, 1.00, 1.00, 1.00, 0.00, 0.00, 0.00, 0.00, 0.00, 0.00, 0.00, 1.00
985,  0,  33.048,  0.93,  1, 0.00, 0.03, 0.00, 0.49, 2.89, 2.29, 0.00, 1.88, 3.36, 2.24, 0.11, 0.18, 0.00, 2.99, 0.00, 0.24, 0.00, 0.00, 0.00, 0.00, 0.00, 1.00, 1.00, 0.00, 1.00, 1.00, 1.00, 0.00, 0.00, 0.00, 0.00, 0.00, 0.00, 0.00, 1.00
986,  0,  33.081,  0.93,  1, 0.00, 0.03, 0.00, 0.48, 2.84, 2.34, 0.00, 1.93, 3.37, 2.34, 0.03, 0.14, 0.00, 3.06, 0.00, 0.36, 0.00, 0.00, 0.00, 0.00, 0.00, 1.00, 1.00, 0.00, 1.00, 1.00, 1.00, 0.00, 0.00, 0.00, 0.00, 0.00, 0.00, 0.00, 1.00
987,  0,  33.115,  0.93,  1, 0.00, 0.06, 0.00, 0.41, 2.80, 2.51, 0.00, 2.01, 3.37, 2.29, 0.09, 0.09, 0.00, 3.05, 0.00, 0.37, 0.00, 0.00, 0.00, 0.00, 0.00, 1.00, 1.00, 0.00, 1.00, 1.00, 1.00, 0.00, 0.00, 0.00, 0.00, 0.00, 0.00, 0.00, 1.00
988,  0,  33.149,  0.93,  1, 0.00, 0.03, 0.00, 0.45, 2.85, 2.69, 0.00, 2.13, 3.43, 2.15, 0.06, 0.15, 0.00, 3.21, 0.00, 0.25, 0.00, 0.00, 0.00, 0.00, 0.00, 1.00, 1.00, 0.00, 1.00, 1.00, 1.00, 0.00, 0.00, 0.00, 0.00, 0.00, 0.00, 0.00, 1.00
989,  0,  33.182,  0.93,  1, 0.00, 0.09, 0.00, 0.66, 2.83, 2.63, 0.00, 2.13, 3.44, 2.05, 0.14, 0.15, 0.00, 3.08, 0.00, 0.21, 0.00, 0.00, 0.00, 0.00, 0.00, 1.00, 1.00, 0.00, 1.00, 1.00, 1.00, 0.00, 0.00, 0.00, 0.00, 0.00, 0.00, 0.00, 1.00
990,  0,  33.216,  0.93,  1, 0.00, 0.19, 0.00, 1.19, 2.72, 2.42, 0.00, 2.08, 3.46, 2.02, 0.26, 0.22, 0.00, 2.93, 0.00, 0.24, 0.00, 0.00, 0.00, 0.00, 0.00, 1.00, 1.00, 0.00, 1.00, 1.00, 1.00, 0.00, 0.00, 0.00, 0.00, 0.00, 0.00, 0.00, 0.00
